filename,path,label,speaker,recording_index,num_samples
0_george_0.wav,data/fsdd/recordings/0_george_0.wav,0,george,0,2384
0_george_1.wav,data/fsdd/recordings/0_george_1.wav,0,george,1,4727
0_george_10.wav,data/fsdd/recordings/0_george_10.wav,0,george,10,5958
0_george_11.wav,data/fsdd/recordings/0_george_11.wav,0,george,11,3661
0_george_12.wav,data/fsdd/recordings/0_george_12.wav,0,george,12,4050
0_george_13.wav,data/fsdd/recordings/0_george_13.wav,0,george,13,4349
0_george_14.wav,data/fsdd/recordings/0_george_14.wav,0,george,14,4304
0_george_15.wav,data/fsdd/recordings/0_george_15.wav,0,george,15,4186
0_george_16.wav,data/fsdd/recordings/0_george_16.wav,0,george,16,5054
0_george_17.wav,data/fsdd/recordings/0_george_17.wav,0,george,17,4674
0_george_18.wav,data/fsdd/recordings/0_george_18.wav,0,george,18,5581
0_george_19.wav,data/fsdd/recordings/0_george_19.wav,0,george,19,4465
0_george_2.wav,data/fsdd/recordings/0_george_2.wav,0,george,2,5332
0_george_20.wav,data/fsdd/recordings/0_george_20.wav,0,george,20,4347
0_george_21.wav,data/fsdd/recordings/0_george_21.wav,0,george,21,4260
0_george_22.wav,data/fsdd/recordings/0_george_22.wav,0,george,22,3963
0_george_23.wav,data/fsdd/recordings/0_george_23.wav,0,george,23,3984
0_george_24.wav,data/fsdd/recordings/0_george_24.wav,0,george,24,3907
0_george_25.wav,data/fsdd/recordings/0_george_25.wav,0,george,25,3687
0_george_26.wav,data/fsdd/recordings/0_george_26.wav,0,george,26,4941
0_george_27.wav,data/fsdd/recordings/0_george_27.wav,0,george,27,4449
0_george_28.wav,data/fsdd/recordings/0_george_28.wav,0,george,28,4474
0_george_29.wav,data/fsdd/recordings/0_george_29.wav,0,george,29,4208
0_george_3.wav,data/fsdd/recordings/0_george_3.wav,0,george,3,5007
0_george_30.wav,data/fsdd/recordings/0_george_30.wav,0,george,30,3286
0_george_31.wav,data/fsdd/recordings/0_george_31.wav,0,george,31,2174
0_george_32.wav,data/fsdd/recordings/0_george_32.wav,0,george,32,4483
0_george_33.wav,data/fsdd/recordings/0_george_33.wav,0,george,33,3659
0_george_34.wav,data/fsdd/recordings/0_george_34.wav,0,george,34,3621
0_george_35.wav,data/fsdd/recordings/0_george_35.wav,0,george,35,3418
0_george_36.wav,data/fsdd/recordings/0_george_36.wav,0,george,36,3270
0_george_37.wav,data/fsdd/recordings/0_george_37.wav,0,george,37,2579
0_george_38.wav,data/fsdd/recordings/0_george_38.wav,0,george,38,2684
0_george_39.wav,data/fsdd/recordings/0_george_39.wav,0,george,39,2965
0_george_4.wav,data/fsdd/recordings/0_george_4.wav,0,george,4,4323
0_george_40.wav,data/fsdd/recordings/0_george_40.wav,0,george,40,4124
0_george_41.wav,data/fsdd/recordings/0_george_41.wav,0,george,41,3026
0_george_42.wav,data/fsdd/recordings/0_george_42.wav,0,george,42,3409
0_george_43.wav,data/fsdd/recordings/0_george_43.wav,0,george,43,3300
0_george_44.wav,data/fsdd/recordings/0_george_44.wav,0,george,44,3649
0_george_45.wav,data/fsdd/recordings/0_george_45.wav,0,george,45,3997
0_george_46.wav,data/fsdd/recordings/0_george_46.wav,0,george,46,3733
0_george_47.wav,data/fsdd/recordings/0_george_47.wav,0,george,47,3885
0_george_48.wav,data/fsdd/recordings/0_george_48.wav,0,george,48,4016
0_george_49.wav,data/fsdd/recordings/0_george_49.wav,0,george,49,4082
0_george_5.wav,data/fsdd/recordings/0_george_5.wav,0,george,5,5145
0_george_6.wav,data/fsdd/recordings/0_george_6.wav,0,george,6,5148
0_george_7.wav,data/fsdd/recordings/0_george_7.wav,0,george,7,5381
0_george_8.wav,data/fsdd/recordings/0_george_8.wav,0,george,8,4209
0_george_9.wav,data/fsdd/recordings/0_george_9.wav,0,george,9,4602
0_jackson_0.wav,data/fsdd/recordings/0_jackson_0.wav,0,jackson,0,5148
0_jackson_1.wav,data/fsdd/recordings/0_jackson_1.wav,0,jackson,1,4261
0_jackson_10.wav,data/fsdd/recordings/0_jackson_10.wav,0,jackson,10,5451
0_jackson_11.wav,data/fsdd/recordings/0_jackson_11.wav,0,jackson,11,4914
0_jackson_12.wav,data/fsdd/recordings/0_jackson_12.wav,0,jackson,12,4087
0_jackson_13.wav,data/fsdd/recordings/0_jackson_13.wav,0,jackson,13,4716
0_jackson_14.wav,data/fsdd/recordings/0_jackson_14.wav,0,jackson,14,4982
0_jackson_15.wav,data/fsdd/recordings/0_jackson_15.wav,0,jackson,15,5110
0_jackson_16.wav,data/fsdd/recordings/0_jackson_16.wav,0,jackson,16,4423
0_jackson_17.wav,data/fsdd/recordings/0_jackson_17.wav,0,jackson,17,4237
0_jackson_18.wav,data/fsdd/recordings/0_jackson_18.wav,0,jackson,18,5235
0_jackson_19.wav,data/fsdd/recordings/0_jackson_19.wav,0,jackson,19,5103
0_jackson_2.wav,data/fsdd/recordings/0_jackson_2.wav,0,jackson,2,4257
0_jackson_20.wav,data/fsdd/recordings/0_jackson_20.wav,0,jackson,20,4970
0_jackson_21.wav,data/fsdd/recordings/0_jackson_21.wav,0,jackson,21,4797
0_jackson_22.wav,data/fsdd/recordings/0_jackson_22.wav,0,jackson,22,4826
0_jackson_23.wav,data/fsdd/recordings/0_jackson_23.wav,0,jackson,23,4720
0_jackson_24.wav,data/fsdd/recordings/0_jackson_24.wav,0,jackson,24,5136
0_jackson_25.wav,data/fsdd/recordings/0_jackson_25.wav,0,jackson,25,4942
0_jackson_26.wav,data/fsdd/recordings/0_jackson_26.wav,0,jackson,26,4663
0_jackson_27.wav,data/fsdd/recordings/0_jackson_27.wav,0,jackson,27,5165
0_jackson_28.wav,data/fsdd/recordings/0_jackson_28.wav,0,jackson,28,5144
0_jackson_29.wav,data/fsdd/recordings/0_jackson_29.wav,0,jackson,29,4621
0_jackson_3.wav,data/fsdd/recordings/0_jackson_3.wav,0,jackson,3,4788
0_jackson_30.wav,data/fsdd/recordings/0_jackson_30.wav,0,jackson,30,5120
0_jackson_31.wav,data/fsdd/recordings/0_jackson_31.wav,0,jackson,31,4571
0_jackson_32.wav,data/fsdd/recordings/0_jackson_32.wav,0,jackson,32,4939
0_jackson_33.wav,data/fsdd/recordings/0_jackson_33.wav,0,jackson,33,5318
0_jackson_34.wav,data/fsdd/recordings/0_jackson_34.wav,0,jackson,34,5266
0_jackson_35.wav,data/fsdd/recordings/0_jackson_35.wav,0,jackson,35,5015
0_jackson_36.wav,data/fsdd/recordings/0_jackson_36.wav,0,jackson,36,4782
0_jackson_37.wav,data/fsdd/recordings/0_jackson_37.wav,0,jackson,37,4979
0_jackson_38.wav,data/fsdd/recordings/0_jackson_38.wav,0,jackson,38,5277
0_jackson_39.wav,data/fsdd/recordings/0_jackson_39.wav,0,jackson,39,4648
0_jackson_4.wav,data/fsdd/recordings/0_jackson_4.wav,0,jackson,4,4329
0_jackson_40.wav,data/fsdd/recordings/0_jackson_40.wav,0,jackson,40,5711
0_jackson_41.wav,data/fsdd/recordings/0_jackson_41.wav,0,jackson,41,5510
0_jackson_42.wav,data/fsdd/recordings/0_jackson_42.wav,0,jackson,42,5288
0_jackson_43.wav,data/fsdd/recordings/0_jackson_43.wav,0,jackson,43,4999
0_jackson_44.wav,data/fsdd/recordings/0_jackson_44.wav,0,jackson,44,5320
0_jackson_45.wav,data/fsdd/recordings/0_jackson_45.wav,0,jackson,45,5259
0_jackson_46.wav,data/fsdd/recordings/0_jackson_46.wav,0,jackson,46,5394
0_jackson_47.wav,data/fsdd/recordings/0_jackson_47.wav,0,jackson,47,5328
0_jackson_48.wav,data/fsdd/recordings/0_jackson_48.wav,0,jackson,48,5187
0_jackson_49.wav,data/fsdd/recordings/0_jackson_49.wav,0,jackson,49,6273
0_jackson_5.wav,data/fsdd/recordings/0_jackson_5.wav,0,jackson,5,4591
0_jackson_6.wav,data/fsdd/recordings/0_jackson_6.wav,0,jackson,6,5052
0_jackson_7.wav,data/fsdd/recordings/0_jackson_7.wav,0,jackson,7,4431
0_jackson_8.wav,data/fsdd/recordings/0_jackson_8.wav,0,jackson,8,4629
0_jackson_9.wav,data/fsdd/recordings/0_jackson_9.wav,0,jackson,9,5065
0_lucas_0.wav,data/fsdd/recordings/0_lucas_0.wav,0,lucas,0,5083
0_lucas_1.wav,data/fsdd/recordings/0_lucas_1.wav,0,lucas,1,5475
0_lucas_10.wav,data/fsdd/recordings/0_lucas_10.wav,0,lucas,10,4014
0_lucas_11.wav,data/fsdd/recordings/0_lucas_11.wav,0,lucas,11,4273
0_lucas_12.wav,data/fsdd/recordings/0_lucas_12.wav,0,lucas,12,4344
0_lucas_13.wav,data/fsdd/recordings/0_lucas_13.wav,0,lucas,13,4736
0_lucas_14.wav,data/fsdd/recordings/0_lucas_14.wav,0,lucas,14,4436
0_lucas_15.wav,data/fsdd/recordings/0_lucas_15.wav,0,lucas,15,5019
0_lucas_16.wav,data/fsdd/recordings/0_lucas_16.wav,0,lucas,16,4783
0_lucas_17.wav,data/fsdd/recordings/0_lucas_17.wav,0,lucas,17,5076
0_lucas_18.wav,data/fsdd/recordings/0_lucas_18.wav,0,lucas,18,4896
0_lucas_19.wav,data/fsdd/recordings/0_lucas_19.wav,0,lucas,19,5021
0_lucas_2.wav,data/fsdd/recordings/0_lucas_2.wav,0,lucas,2,5870
0_lucas_20.wav,data/fsdd/recordings/0_lucas_20.wav,0,lucas,20,5157
0_lucas_21.wav,data/fsdd/recordings/0_lucas_21.wav,0,lucas,21,5022
0_lucas_22.wav,data/fsdd/recordings/0_lucas_22.wav,0,lucas,22,4395
0_lucas_23.wav,data/fsdd/recordings/0_lucas_23.wav,0,lucas,23,4237
0_lucas_24.wav,data/fsdd/recordings/0_lucas_24.wav,0,lucas,24,7929
0_lucas_25.wav,data/fsdd/recordings/0_lucas_25.wav,0,lucas,25,4803
0_lucas_26.wav,data/fsdd/recordings/0_lucas_26.wav,0,lucas,26,4281
0_lucas_27.wav,data/fsdd/recordings/0_lucas_27.wav,0,lucas,27,7187
0_lucas_28.wav,data/fsdd/recordings/0_lucas_28.wav,0,lucas,28,4551
0_lucas_29.wav,data/fsdd/recordings/0_lucas_29.wav,0,lucas,29,4254
0_lucas_3.wav,data/fsdd/recordings/0_lucas_3.wav,0,lucas,3,4455
0_lucas_30.wav,data/fsdd/recordings/0_lucas_30.wav,0,lucas,30,4628
0_lucas_31.wav,data/fsdd/recordings/0_lucas_31.wav,0,lucas,31,4175
0_lucas_32.wav,data/fsdd/recordings/0_lucas_32.wav,0,lucas,32,4308
0_lucas_33.wav,data/fsdd/recordings/0_lucas_33.wav,0,lucas,33,4225
0_lucas_34.wav,data/fsdd/recordings/0_lucas_34.wav,0,lucas,34,5207
0_lucas_35.wav,data/fsdd/recordings/0_lucas_35.wav,0,lucas,35,4793
0_lucas_36.wav,data/fsdd/recordings/0_lucas_36.wav,0,lucas,36,6286
0_lucas_37.wav,data/fsdd/recordings/0_lucas_37.wav,0,lucas,37,4761
0_lucas_38.wav,data/fsdd/recordings/0_lucas_38.wav,0,lucas,38,4836
0_lucas_39.wav,data/fsdd/recordings/0_lucas_39.wav,0,lucas,39,7389
0_lucas_4.wav,data/fsdd/recordings/0_lucas_4.wav,0,lucas,4,4072
0_lucas_40.wav,data/fsdd/recordings/0_lucas_40.wav,0,lucas,40,4574
0_lucas_41.wav,data/fsdd/recordings/0_lucas_41.wav,0,lucas,41,4434
0_lucas_42.wav,data/fsdd/recordings/0_lucas_42.wav,0,lucas,42,6381
0_lucas_43.wav,data/fsdd/recordings/0_lucas_43.wav,0,lucas,43,4482
0_lucas_44.wav,data/fsdd/recordings/0_lucas_44.wav,0,lucas,44,5914
0_lucas_45.wav,data/fsdd/recordings/0_lucas_45.wav,0,lucas,45,3762
0_lucas_46.wav,data/fsdd/recordings/0_lucas_46.wav,0,lucas,46,5048
0_lucas_47.wav,data/fsdd/recordings/0_lucas_47.wav,0,lucas,47,4771
0_lucas_48.wav,data/fsdd/recordings/0_lucas_48.wav,0,lucas,48,5967
0_lucas_49.wav,data/fsdd/recordings/0_lucas_49.wav,0,lucas,49,4953
0_lucas_5.wav,data/fsdd/recordings/0_lucas_5.wav,0,lucas,5,4830
0_lucas_6.wav,data/fsdd/recordings/0_lucas_6.wav,0,lucas,6,4288
0_lucas_7.wav,data/fsdd/recordings/0_lucas_7.wav,0,lucas,7,4117
0_lucas_8.wav,data/fsdd/recordings/0_lucas_8.wav,0,lucas,8,5218
0_lucas_9.wav,data/fsdd/recordings/0_lucas_9.wav,0,lucas,9,9341
0_nicolas_0.wav,data/fsdd/recordings/0_nicolas_0.wav,0,nicolas,0,3500
0_nicolas_1.wav,data/fsdd/recordings/0_nicolas_1.wav,0,nicolas,1,3751
0_nicolas_10.wav,data/fsdd/recordings/0_nicolas_10.wav,0,nicolas,10,3755
0_nicolas_11.wav,data/fsdd/recordings/0_nicolas_11.wav,0,nicolas,11,4594
0_nicolas_12.wav,data/fsdd/recordings/0_nicolas_12.wav,0,nicolas,12,4393
0_nicolas_13.wav,data/fsdd/recordings/0_nicolas_13.wav,0,nicolas,13,3822
0_nicolas_14.wav,data/fsdd/recordings/0_nicolas_14.wav,0,nicolas,14,3756
0_nicolas_15.wav,data/fsdd/recordings/0_nicolas_15.wav,0,nicolas,15,4124
0_nicolas_16.wav,data/fsdd/recordings/0_nicolas_16.wav,0,nicolas,16,3957
0_nicolas_17.wav,data/fsdd/recordings/0_nicolas_17.wav,0,nicolas,17,3822
0_nicolas_18.wav,data/fsdd/recordings/0_nicolas_18.wav,0,nicolas,18,4527
0_nicolas_19.wav,data/fsdd/recordings/0_nicolas_19.wav,0,nicolas,19,3688
0_nicolas_2.wav,data/fsdd/recordings/0_nicolas_2.wav,0,nicolas,2,2857
0_nicolas_20.wav,data/fsdd/recordings/0_nicolas_20.wav,0,nicolas,20,3601
0_nicolas_21.wav,data/fsdd/recordings/0_nicolas_21.wav,0,nicolas,21,4076
0_nicolas_22.wav,data/fsdd/recordings/0_nicolas_22.wav,0,nicolas,22,3193
0_nicolas_23.wav,data/fsdd/recordings/0_nicolas_23.wav,0,nicolas,23,3600
0_nicolas_24.wav,data/fsdd/recordings/0_nicolas_24.wav,0,nicolas,24,3465
0_nicolas_25.wav,data/fsdd/recordings/0_nicolas_25.wav,0,nicolas,25,3516
0_nicolas_26.wav,data/fsdd/recordings/0_nicolas_26.wav,0,nicolas,26,3583
0_nicolas_27.wav,data/fsdd/recordings/0_nicolas_27.wav,0,nicolas,27,3635
0_nicolas_28.wav,data/fsdd/recordings/0_nicolas_28.wav,0,nicolas,28,3974
0_nicolas_29.wav,data/fsdd/recordings/0_nicolas_29.wav,0,nicolas,29,3431
0_nicolas_3.wav,data/fsdd/recordings/0_nicolas_3.wav,0,nicolas,3,4429
0_nicolas_30.wav,data/fsdd/recordings/0_nicolas_30.wav,0,nicolas,30,3693
0_nicolas_31.wav,data/fsdd/recordings/0_nicolas_31.wav,0,nicolas,31,2998
0_nicolas_32.wav,data/fsdd/recordings/0_nicolas_32.wav,0,nicolas,32,2872
0_nicolas_33.wav,data/fsdd/recordings/0_nicolas_33.wav,0,nicolas,33,2936
0_nicolas_34.wav,data/fsdd/recordings/0_nicolas_34.wav,0,nicolas,34,2998
0_nicolas_35.wav,data/fsdd/recordings/0_nicolas_35.wav,0,nicolas,35,2904
0_nicolas_36.wav,data/fsdd/recordings/0_nicolas_36.wav,0,nicolas,36,2778
0_nicolas_37.wav,data/fsdd/recordings/0_nicolas_37.wav,0,nicolas,37,2651
0_nicolas_38.wav,data/fsdd/recordings/0_nicolas_38.wav,0,nicolas,38,2746
0_nicolas_39.wav,data/fsdd/recordings/0_nicolas_39.wav,0,nicolas,39,3409
0_nicolas_4.wav,data/fsdd/recordings/0_nicolas_4.wav,0,nicolas,4,3893
0_nicolas_40.wav,data/fsdd/recordings/0_nicolas_40.wav,0,nicolas,40,3811
0_nicolas_41.wav,data/fsdd/recordings/0_nicolas_41.wav,0,nicolas,41,3717
0_nicolas_42.wav,data/fsdd/recordings/0_nicolas_42.wav,0,nicolas,42,3716
0_nicolas_43.wav,data/fsdd/recordings/0_nicolas_43.wav,0,nicolas,43,3686
0_nicolas_44.wav,data/fsdd/recordings/0_nicolas_44.wav,0,nicolas,44,3561
0_nicolas_45.wav,data/fsdd/recordings/0_nicolas_45.wav,0,nicolas,45,3842
0_nicolas_46.wav,data/fsdd/recordings/0_nicolas_46.wav,0,nicolas,46,3685
0_nicolas_47.wav,data/fsdd/recordings/0_nicolas_47.wav,0,nicolas,47,3624
0_nicolas_48.wav,data/fsdd/recordings/0_nicolas_48.wav,0,nicolas,48,3560
0_nicolas_49.wav,data/fsdd/recordings/0_nicolas_49.wav,0,nicolas,49,3343
0_nicolas_5.wav,data/fsdd/recordings/0_nicolas_5.wav,0,nicolas,5,3251
0_nicolas_6.wav,data/fsdd/recordings/0_nicolas_6.wav,0,nicolas,6,4357
0_nicolas_7.wav,data/fsdd/recordings/0_nicolas_7.wav,0,nicolas,7,3143
0_nicolas_8.wav,data/fsdd/recordings/0_nicolas_8.wav,0,nicolas,8,3786
0_nicolas_9.wav,data/fsdd/recordings/0_nicolas_9.wav,0,nicolas,9,3858
1_george_0.wav,data/fsdd/recordings/1_george_0.wav,1,george,0,4548
1_george_1.wav,data/fsdd/recordings/1_george_1.wav,1,george,1,3981
1_george_10.wav,data/fsdd/recordings/1_george_10.wav,1,george,10,3793
1_george_11.wav,data/fsdd/recordings/1_george_11.wav,1,george,11,3356
1_george_12.wav,data/fsdd/recordings/1_george_12.wav,1,george,12,2962
1_george_13.wav,data/fsdd/recordings/1_george_13.wav,1,george,13,4325
1_george_14.wav,data/fsdd/recordings/1_george_14.wav,1,george,14,3184
1_george_15.wav,data/fsdd/recordings/1_george_15.wav,1,george,15,3018
1_george_16.wav,data/fsdd/recordings/1_george_16.wav,1,george,16,4600
1_george_17.wav,data/fsdd/recordings/1_george_17.wav,1,george,17,4488
1_george_18.wav,data/fsdd/recordings/1_george_18.wav,1,george,18,4317
1_george_19.wav,data/fsdd/recordings/1_george_19.wav,1,george,19,3921
1_george_2.wav,data/fsdd/recordings/1_george_2.wav,1,george,2,4572
1_george_20.wav,data/fsdd/recordings/1_george_20.wav,1,george,20,2894
1_george_21.wav,data/fsdd/recordings/1_george_21.wav,1,george,21,3048
1_george_22.wav,data/fsdd/recordings/1_george_22.wav,1,george,22,3093
1_george_23.wav,data/fsdd/recordings/1_george_23.wav,1,george,23,2940
1_george_24.wav,data/fsdd/recordings/1_george_24.wav,1,george,24,4238
1_george_25.wav,data/fsdd/recordings/1_george_25.wav,1,george,25,3063
1_george_26.wav,data/fsdd/recordings/1_george_26.wav,1,george,26,4101
1_george_27.wav,data/fsdd/recordings/1_george_27.wav,1,george,27,4490
1_george_28.wav,data/fsdd/recordings/1_george_28.wav,1,george,28,2947
1_george_29.wav,data/fsdd/recordings/1_george_29.wav,1,george,29,3880
1_george_3.wav,data/fsdd/recordings/1_george_3.wav,1,george,3,4254
1_george_30.wav,data/fsdd/recordings/1_george_30.wav,1,george,30,2476
1_george_31.wav,data/fsdd/recordings/1_george_31.wav,1,george,31,2956
1_george_32.wav,data/fsdd/recordings/1_george_32.wav,1,george,32,1933
1_george_33.wav,data/fsdd/recordings/1_george_33.wav,1,george,33,3423
1_george_34.wav,data/fsdd/recordings/1_george_34.wav,1,george,34,3404
1_george_35.wav,data/fsdd/recordings/1_george_35.wav,1,george,35,2782
1_george_36.wav,data/fsdd/recordings/1_george_36.wav,1,george,36,4147
1_george_37.wav,data/fsdd/recordings/1_george_37.wav,1,george,37,1399
1_george_38.wav,data/fsdd/recordings/1_george_38.wav,1,george,38,2663
1_george_39.wav,data/fsdd/recordings/1_george_39.wav,1,george,39,1876
1_george_4.wav,data/fsdd/recordings/1_george_4.wav,1,george,4,4222
1_george_40.wav,data/fsdd/recordings/1_george_40.wav,1,george,40,2849
1_george_41.wav,data/fsdd/recordings/1_george_41.wav,1,george,41,2890
1_george_42.wav,data/fsdd/recordings/1_george_42.wav,1,george,42,3327
1_george_43.wav,data/fsdd/recordings/1_george_43.wav,1,george,43,3014
1_george_44.wav,data/fsdd/recordings/1_george_44.wav,1,george,44,3479
1_george_45.wav,data/fsdd/recordings/1_george_45.wav,1,george,45,2765
1_george_46.wav,data/fsdd/recordings/1_george_46.wav,1,george,46,2671
1_george_47.wav,data/fsdd/recordings/1_george_47.wav,1,george,47,3280
1_george_48.wav,data/fsdd/recordings/1_george_48.wav,1,george,48,3022
1_george_49.wav,data/fsdd/recordings/1_george_49.wav,1,george,49,3593
1_george_5.wav,data/fsdd/recordings/1_george_5.wav,1,george,5,4944
1_george_6.wav,data/fsdd/recordings/1_george_6.wav,1,george,6,3600
1_george_7.wav,data/fsdd/recordings/1_george_7.wav,1,george,7,5332
1_george_8.wav,data/fsdd/recordings/1_george_8.wav,1,george,8,4294
1_george_9.wav,data/fsdd/recordings/1_george_9.wav,1,george,9,3823
1_jackson_0.wav,data/fsdd/recordings/1_jackson_0.wav,1,jackson,0,4138
1_jackson_1.wav,data/fsdd/recordings/1_jackson_1.wav,1,jackson,1,4242
1_jackson_10.wav,data/fsdd/recordings/1_jackson_10.wav,1,jackson,10,4731
1_jackson_11.wav,data/fsdd/recordings/1_jackson_11.wav,1,jackson,11,4086
1_jackson_12.wav,data/fsdd/recordings/1_jackson_12.wav,1,jackson,12,3628
1_jackson_13.wav,data/fsdd/recordings/1_jackson_13.wav,1,jackson,13,3750
1_jackson_14.wav,data/fsdd/recordings/1_jackson_14.wav,1,jackson,14,5458
1_jackson_15.wav,data/fsdd/recordings/1_jackson_15.wav,1,jackson,15,3598
1_jackson_16.wav,data/fsdd/recordings/1_jackson_16.wav,1,jackson,16,3929
1_jackson_17.wav,data/fsdd/recordings/1_jackson_17.wav,1,jackson,17,3370
1_jackson_18.wav,data/fsdd/recordings/1_jackson_18.wav,1,jackson,18,3622
1_jackson_19.wav,data/fsdd/recordings/1_jackson_19.wav,1,jackson,19,3870
1_jackson_2.wav,data/fsdd/recordings/1_jackson_2.wav,1,jackson,2,3839
1_jackson_20.wav,data/fsdd/recordings/1_jackson_20.wav,1,jackson,20,3664
1_jackson_21.wav,data/fsdd/recordings/1_jackson_21.wav,1,jackson,21,3896
1_jackson_22.wav,data/fsdd/recordings/1_jackson_22.wav,1,jackson,22,3550
1_jackson_23.wav,data/fsdd/recordings/1_jackson_23.wav,1,jackson,23,3743
1_jackson_24.wav,data/fsdd/recordings/1_jackson_24.wav,1,jackson,24,3849
1_jackson_25.wav,data/fsdd/recordings/1_jackson_25.wav,1,jackson,25,4364
1_jackson_26.wav,data/fsdd/recordings/1_jackson_26.wav,1,jackson,26,4260
1_jackson_27.wav,data/fsdd/recordings/1_jackson_27.wav,1,jackson,27,3843
1_jackson_28.wav,data/fsdd/recordings/1_jackson_28.wav,1,jackson,28,3739
1_jackson_29.wav,data/fsdd/recordings/1_jackson_29.wav,1,jackson,29,3745
1_jackson_3.wav,data/fsdd/recordings/1_jackson_3.wav,1,jackson,3,3982
1_jackson_30.wav,data/fsdd/recordings/1_jackson_30.wav,1,jackson,30,3938
1_jackson_31.wav,data/fsdd/recordings/1_jackson_31.wav,1,jackson,31,4243
1_jackson_32.wav,data/fsdd/recordings/1_jackson_32.wav,1,jackson,32,4163
1_jackson_33.wav,data/fsdd/recordings/1_jackson_33.wav,1,jackson,33,4889
1_jackson_34.wav,data/fsdd/recordings/1_jackson_34.wav,1,jackson,34,4066
1_jackson_35.wav,data/fsdd/recordings/1_jackson_35.wav,1,jackson,35,3982
1_jackson_36.wav,data/fsdd/recordings/1_jackson_36.wav,1,jackson,36,3548
1_jackson_37.wav,data/fsdd/recordings/1_jackson_37.wav,1,jackson,37,3512
1_jackson_38.wav,data/fsdd/recordings/1_jackson_38.wav,1,jackson,38,3981
1_jackson_39.wav,data/fsdd/recordings/1_jackson_39.wav,1,jackson,39,4513
1_jackson_4.wav,data/fsdd/recordings/1_jackson_4.wav,1,jackson,4,4213
1_jackson_40.wav,data/fsdd/recordings/1_jackson_40.wav,1,jackson,40,4863
1_jackson_41.wav,data/fsdd/recordings/1_jackson_41.wav,1,jackson,41,4982
1_jackson_42.wav,data/fsdd/recordings/1_jackson_42.wav,1,jackson,42,5002
1_jackson_43.wav,data/fsdd/recordings/1_jackson_43.wav,1,jackson,43,4606
1_jackson_44.wav,data/fsdd/recordings/1_jackson_44.wav,1,jackson,44,4652
1_jackson_45.wav,data/fsdd/recordings/1_jackson_45.wav,1,jackson,45,4809
1_jackson_46.wav,data/fsdd/recordings/1_jackson_46.wav,1,jackson,46,4266
1_jackson_47.wav,data/fsdd/recordings/1_jackson_47.wav,1,jackson,47,4494
1_jackson_48.wav,data/fsdd/recordings/1_jackson_48.wav,1,jackson,48,4689
1_jackson_49.wav,data/fsdd/recordings/1_jackson_49.wav,1,jackson,49,3988
1_jackson_5.wav,data/fsdd/recordings/1_jackson_5.wav,1,jackson,5,4566
1_jackson_6.wav,data/fsdd/recordings/1_jackson_6.wav,1,jackson,6,4057
1_jackson_7.wav,data/fsdd/recordings/1_jackson_7.wav,1,jackson,7,4479
1_jackson_8.wav,data/fsdd/recordings/1_jackson_8.wav,1,jackson,8,4052
1_jackson_9.wav,data/fsdd/recordings/1_jackson_9.wav,1,jackson,9,4639
1_lucas_0.wav,data/fsdd/recordings/1_lucas_0.wav,1,lucas,0,3022
1_lucas_1.wav,data/fsdd/recordings/1_lucas_1.wav,1,lucas,1,3200
1_lucas_10.wav,data/fsdd/recordings/1_lucas_10.wav,1,lucas,10,3051
1_lucas_11.wav,data/fsdd/recordings/1_lucas_11.wav,1,lucas,11,3573
1_lucas_12.wav,data/fsdd/recordings/1_lucas_12.wav,1,lucas,12,3791
1_lucas_13.wav,data/fsdd/recordings/1_lucas_13.wav,1,lucas,13,7532
1_lucas_14.wav,data/fsdd/recordings/1_lucas_14.wav,1,lucas,14,3590
1_lucas_15.wav,data/fsdd/recordings/1_lucas_15.wav,1,lucas,15,3244
1_lucas_16.wav,data/fsdd/recordings/1_lucas_16.wav,1,lucas,16,7140
1_lucas_17.wav,data/fsdd/recordings/1_lucas_17.wav,1,lucas,17,3498
1_lucas_18.wav,data/fsdd/recordings/1_lucas_18.wav,1,lucas,18,6184
1_lucas_19.wav,data/fsdd/recordings/1_lucas_19.wav,1,lucas,19,4005
1_lucas_2.wav,data/fsdd/recordings/1_lucas_2.wav,1,lucas,2,3262
1_lucas_20.wav,data/fsdd/recordings/1_lucas_20.wav,1,lucas,20,2990
1_lucas_21.wav,data/fsdd/recordings/1_lucas_21.wav,1,lucas,21,5457
1_lucas_22.wav,data/fsdd/recordings/1_lucas_22.wav,1,lucas,22,3581
1_lucas_23.wav,data/fsdd/recordings/1_lucas_23.wav,1,lucas,23,3453
1_lucas_24.wav,data/fsdd/recordings/1_lucas_24.wav,1,lucas,24,4921
1_lucas_25.wav,data/fsdd/recordings/1_lucas_25.wav,1,lucas,25,3270
1_lucas_26.wav,data/fsdd/recordings/1_lucas_26.wav,1,lucas,26,3365
1_lucas_27.wav,data/fsdd/recordings/1_lucas_27.wav,1,lucas,27,1983
1_lucas_28.wav,data/fsdd/recordings/1_lucas_28.wav,1,lucas,28,2704
1_lucas_29.wav,data/fsdd/recordings/1_lucas_29.wav,1,lucas,29,3522
1_lucas_3.wav,data/fsdd/recordings/1_lucas_3.wav,1,lucas,3,6406
1_lucas_30.wav,data/fsdd/recordings/1_lucas_30.wav,1,lucas,30,4147
1_lucas_31.wav,data/fsdd/recordings/1_lucas_31.wav,1,lucas,31,3772
1_lucas_32.wav,data/fsdd/recordings/1_lucas_32.wav,1,lucas,32,5419
1_lucas_33.wav,data/fsdd/recordings/1_lucas_33.wav,1,lucas,33,8036
1_lucas_34.wav,data/fsdd/recordings/1_lucas_34.wav,1,lucas,34,3615
1_lucas_35.wav,data/fsdd/recordings/1_lucas_35.wav,1,lucas,35,3498
1_lucas_36.wav,data/fsdd/recordings/1_lucas_36.wav,1,lucas,36,5918
1_lucas_37.wav,data/fsdd/recordings/1_lucas_37.wav,1,lucas,37,3374
1_lucas_38.wav,data/fsdd/recordings/1_lucas_38.wav,1,lucas,38,3687
1_lucas_39.wav,data/fsdd/recordings/1_lucas_39.wav,1,lucas,39,3409
1_lucas_4.wav,data/fsdd/recordings/1_lucas_4.wav,1,lucas,4,3079
1_lucas_40.wav,data/fsdd/recordings/1_lucas_40.wav,1,lucas,40,5246
1_lucas_41.wav,data/fsdd/recordings/1_lucas_41.wav,1,lucas,41,5976
1_lucas_42.wav,data/fsdd/recordings/1_lucas_42.wav,1,lucas,42,4258
1_lucas_43.wav,data/fsdd/recordings/1_lucas_43.wav,1,lucas,43,5693
1_lucas_44.wav,data/fsdd/recordings/1_lucas_44.wav,1,lucas,44,4114
1_lucas_45.wav,data/fsdd/recordings/1_lucas_45.wav,1,lucas,45,3285
1_lucas_46.wav,data/fsdd/recordings/1_lucas_46.wav,1,lucas,46,2976
1_lucas_47.wav,data/fsdd/recordings/1_lucas_47.wav,1,lucas,47,3599
1_lucas_48.wav,data/fsdd/recordings/1_lucas_48.wav,1,lucas,48,2080
1_lucas_49.wav,data/fsdd/recordings/1_lucas_49.wav,1,lucas,49,3233
1_lucas_5.wav,data/fsdd/recordings/1_lucas_5.wav,1,lucas,5,2696
1_lucas_6.wav,data/fsdd/recordings/1_lucas_6.wav,1,lucas,6,3465
1_lucas_7.wav,data/fsdd/recordings/1_lucas_7.wav,1,lucas,7,3749
1_lucas_8.wav,data/fsdd/recordings/1_lucas_8.wav,1,lucas,8,3866
1_lucas_9.wav,data/fsdd/recordings/1_lucas_9.wav,1,lucas,9,3767
1_nicolas_0.wav,data/fsdd/recordings/1_nicolas_0.wav,1,nicolas,0,2929
1_nicolas_1.wav,data/fsdd/recordings/1_nicolas_1.wav,1,nicolas,1,2324
1_nicolas_10.wav,data/fsdd/recordings/1_nicolas_10.wav,1,nicolas,10,2910
1_nicolas_11.wav,data/fsdd/recordings/1_nicolas_11.wav,1,nicolas,11,2980
1_nicolas_12.wav,data/fsdd/recordings/1_nicolas_12.wav,1,nicolas,12,2700
1_nicolas_13.wav,data/fsdd/recordings/1_nicolas_13.wav,1,nicolas,13,2279
1_nicolas_14.wav,data/fsdd/recordings/1_nicolas_14.wav,1,nicolas,14,2560
1_nicolas_15.wav,data/fsdd/recordings/1_nicolas_15.wav,1,nicolas,15,2349
1_nicolas_16.wav,data/fsdd/recordings/1_nicolas_16.wav,1,nicolas,16,2384
1_nicolas_17.wav,data/fsdd/recordings/1_nicolas_17.wav,1,nicolas,17,2033
1_nicolas_18.wav,data/fsdd/recordings/1_nicolas_18.wav,1,nicolas,18,2490
1_nicolas_19.wav,data/fsdd/recordings/1_nicolas_19.wav,1,nicolas,19,1963
1_nicolas_2.wav,data/fsdd/recordings/1_nicolas_2.wav,1,nicolas,2,2087
1_nicolas_20.wav,data/fsdd/recordings/1_nicolas_20.wav,1,nicolas,20,2448
1_nicolas_21.wav,data/fsdd/recordings/1_nicolas_21.wav,1,nicolas,21,2483
1_nicolas_22.wav,data/fsdd/recordings/1_nicolas_22.wav,1,nicolas,22,2788
1_nicolas_23.wav,data/fsdd/recordings/1_nicolas_23.wav,1,nicolas,23,2550
1_nicolas_24.wav,data/fsdd/recordings/1_nicolas_24.wav,1,nicolas,24,2415
1_nicolas_25.wav,data/fsdd/recordings/1_nicolas_25.wav,1,nicolas,25,2652
1_nicolas_26.wav,data/fsdd/recordings/1_nicolas_26.wav,1,nicolas,26,2584
1_nicolas_27.wav,data/fsdd/recordings/1_nicolas_27.wav,1,nicolas,27,2007
1_nicolas_28.wav,data/fsdd/recordings/1_nicolas_28.wav,1,nicolas,28,2584
1_nicolas_29.wav,data/fsdd/recordings/1_nicolas_29.wav,1,nicolas,29,2550
1_nicolas_3.wav,data/fsdd/recordings/1_nicolas_3.wav,1,nicolas,3,2324
1_nicolas_30.wav,data/fsdd/recordings/1_nicolas_30.wav,1,nicolas,30,2454
1_nicolas_31.wav,data/fsdd/recordings/1_nicolas_31.wav,1,nicolas,31,2454
1_nicolas_32.wav,data/fsdd/recordings/1_nicolas_32.wav,1,nicolas,32,2584
1_nicolas_33.wav,data/fsdd/recordings/1_nicolas_33.wav,1,nicolas,33,3164
1_nicolas_34.wav,data/fsdd/recordings/1_nicolas_34.wav,1,nicolas,34,2261
1_nicolas_35.wav,data/fsdd/recordings/1_nicolas_35.wav,1,nicolas,35,2325
1_nicolas_36.wav,data/fsdd/recordings/1_nicolas_36.wav,1,nicolas,36,2744
1_nicolas_37.wav,data/fsdd/recordings/1_nicolas_37.wav,1,nicolas,37,2648
1_nicolas_38.wav,data/fsdd/recordings/1_nicolas_38.wav,1,nicolas,38,2454
1_nicolas_39.wav,data/fsdd/recordings/1_nicolas_39.wav,1,nicolas,39,2745
1_nicolas_4.wav,data/fsdd/recordings/1_nicolas_4.wav,1,nicolas,4,2357
1_nicolas_40.wav,data/fsdd/recordings/1_nicolas_40.wav,1,nicolas,40,2916
1_nicolas_41.wav,data/fsdd/recordings/1_nicolas_41.wav,1,nicolas,41,2495
1_nicolas_42.wav,data/fsdd/recordings/1_nicolas_42.wav,1,nicolas,42,2300
1_nicolas_43.wav,data/fsdd/recordings/1_nicolas_43.wav,1,nicolas,43,2528
1_nicolas_44.wav,data/fsdd/recordings/1_nicolas_44.wav,1,nicolas,44,2624
1_nicolas_45.wav,data/fsdd/recordings/1_nicolas_45.wav,1,nicolas,45,2430
1_nicolas_46.wav,data/fsdd/recordings/1_nicolas_46.wav,1,nicolas,46,2398
1_nicolas_47.wav,data/fsdd/recordings/1_nicolas_47.wav,1,nicolas,47,1976
1_nicolas_48.wav,data/fsdd/recordings/1_nicolas_48.wav,1,nicolas,48,2981
1_nicolas_49.wav,data/fsdd/recordings/1_nicolas_49.wav,1,nicolas,49,2106
1_nicolas_5.wav,data/fsdd/recordings/1_nicolas_5.wav,1,nicolas,5,2626
1_nicolas_6.wav,data/fsdd/recordings/1_nicolas_6.wav,1,nicolas,6,2324
1_nicolas_7.wav,data/fsdd/recordings/1_nicolas_7.wav,1,nicolas,7,2390
1_nicolas_8.wav,data/fsdd/recordings/1_nicolas_8.wav,1,nicolas,8,1987
1_nicolas_9.wav,data/fsdd/recordings/1_nicolas_9.wav,1,nicolas,9,2458
2_george_0.wav,data/fsdd/recordings/2_george_0.wav,2,george,0,2643
2_george_1.wav,data/fsdd/recordings/2_george_1.wav,2,george,1,4543
2_george_10.wav,data/fsdd/recordings/2_george_10.wav,2,george,10,2548
2_george_11.wav,data/fsdd/recordings/2_george_11.wav,2,george,11,2865
2_george_12.wav,data/fsdd/recordings/2_george_12.wav,2,george,12,3078
2_george_13.wav,data/fsdd/recordings/2_george_13.wav,2,george,13,2695
2_george_14.wav,data/fsdd/recordings/2_george_14.wav,2,george,14,2885
2_george_15.wav,data/fsdd/recordings/2_george_15.wav,2,george,15,3094
2_george_16.wav,data/fsdd/recordings/2_george_16.wav,2,george,16,3321
2_george_17.wav,data/fsdd/recordings/2_george_17.wav,2,george,17,3118
2_george_18.wav,data/fsdd/recordings/2_george_18.wav,2,george,18,3197
2_george_19.wav,data/fsdd/recordings/2_george_19.wav,2,george,19,3220
2_george_2.wav,data/fsdd/recordings/2_george_2.wav,2,george,2,3167
2_george_20.wav,data/fsdd/recordings/2_george_20.wav,2,george,20,2306
2_george_21.wav,data/fsdd/recordings/2_george_21.wav,2,george,21,2169
2_george_22.wav,data/fsdd/recordings/2_george_22.wav,2,george,22,2507
2_george_23.wav,data/fsdd/recordings/2_george_23.wav,2,george,23,2952
2_george_24.wav,data/fsdd/recordings/2_george_24.wav,2,george,24,2725
2_george_25.wav,data/fsdd/recordings/2_george_25.wav,2,george,25,2449
2_george_26.wav,data/fsdd/recordings/2_george_26.wav,2,george,26,2400
2_george_27.wav,data/fsdd/recordings/2_george_27.wav,2,george,27,3000
2_george_28.wav,data/fsdd/recordings/2_george_28.wav,2,george,28,2793
2_george_29.wav,data/fsdd/recordings/2_george_29.wav,2,george,29,3050
2_george_3.wav,data/fsdd/recordings/2_george_3.wav,2,george,3,3166
2_george_30.wav,data/fsdd/recordings/2_george_30.wav,2,george,30,2899
2_george_31.wav,data/fsdd/recordings/2_george_31.wav,2,george,31,2513
2_george_32.wav,data/fsdd/recordings/2_george_32.wav,2,george,32,2353
2_george_33.wav,data/fsdd/recordings/2_george_33.wav,2,george,33,1932
2_george_34.wav,data/fsdd/recordings/2_george_34.wav,2,george,34,3241
2_george_35.wav,data/fsdd/recordings/2_george_35.wav,2,george,35,2738
2_george_36.wav,data/fsdd/recordings/2_george_36.wav,2,george,36,3249
2_george_37.wav,data/fsdd/recordings/2_george_37.wav,2,george,37,2972
2_george_38.wav,data/fsdd/recordings/2_george_38.wav,2,george,38,2466
2_george_39.wav,data/fsdd/recordings/2_george_39.wav,2,george,39,2035
2_george_4.wav,data/fsdd/recordings/2_george_4.wav,2,george,4,3078
2_george_40.wav,data/fsdd/recordings/2_george_40.wav,2,george,40,2780
2_george_41.wav,data/fsdd/recordings/2_george_41.wav,2,george,41,2368
2_george_42.wav,data/fsdd/recordings/2_george_42.wav,2,george,42,2932
2_george_43.wav,data/fsdd/recordings/2_george_43.wav,2,george,43,2618
2_george_44.wav,data/fsdd/recordings/2_george_44.wav,2,george,44,2556
2_george_45.wav,data/fsdd/recordings/2_george_45.wav,2,george,45,2471
2_george_46.wav,data/fsdd/recordings/2_george_46.wav,2,george,46,2759
2_george_47.wav,data/fsdd/recordings/2_george_47.wav,2,george,47,2728
2_george_48.wav,data/fsdd/recordings/2_george_48.wav,2,george,48,2741
2_george_49.wav,data/fsdd/recordings/2_george_49.wav,2,george,49,2881
2_george_5.wav,data/fsdd/recordings/2_george_5.wav,2,george,5,3187
2_george_6.wav,data/fsdd/recordings/2_george_6.wav,2,george,6,2739
2_george_7.wav,data/fsdd/recordings/2_george_7.wav,2,george,7,2875
2_george_8.wav,data/fsdd/recordings/2_george_8.wav,2,george,8,3545
2_george_9.wav,data/fsdd/recordings/2_george_9.wav,2,george,9,2849
2_jackson_0.wav,data/fsdd/recordings/2_jackson_0.wav,2,jackson,0,3990
2_jackson_1.wav,data/fsdd/recordings/2_jackson_1.wav,2,jackson,1,4424
2_jackson_10.wav,data/fsdd/recordings/2_jackson_10.wav,2,jackson,10,4143
2_jackson_11.wav,data/fsdd/recordings/2_jackson_11.wav,2,jackson,11,4133
2_jackson_12.wav,data/fsdd/recordings/2_jackson_12.wav,2,jackson,12,3900
2_jackson_13.wav,data/fsdd/recordings/2_jackson_13.wav,2,jackson,13,4132
2_jackson_14.wav,data/fsdd/recordings/2_jackson_14.wav,2,jackson,14,4101
2_jackson_15.wav,data/fsdd/recordings/2_jackson_15.wav,2,jackson,15,4142
2_jackson_16.wav,data/fsdd/recordings/2_jackson_16.wav,2,jackson,16,3805
2_jackson_17.wav,data/fsdd/recordings/2_jackson_17.wav,2,jackson,17,4300
2_jackson_18.wav,data/fsdd/recordings/2_jackson_18.wav,2,jackson,18,4431
2_jackson_19.wav,data/fsdd/recordings/2_jackson_19.wav,2,jackson,19,4130
2_jackson_2.wav,data/fsdd/recordings/2_jackson_2.wav,2,jackson,2,3518
2_jackson_20.wav,data/fsdd/recordings/2_jackson_20.wav,2,jackson,20,3868
2_jackson_21.wav,data/fsdd/recordings/2_jackson_21.wav,2,jackson,21,5909
2_jackson_22.wav,data/fsdd/recordings/2_jackson_22.wav,2,jackson,22,3838
2_jackson_23.wav,data/fsdd/recordings/2_jackson_23.wav,2,jackson,23,4021
2_jackson_24.wav,data/fsdd/recordings/2_jackson_24.wav,2,jackson,24,4180
2_jackson_25.wav,data/fsdd/recordings/2_jackson_25.wav,2,jackson,25,4292
2_jackson_26.wav,data/fsdd/recordings/2_jackson_26.wav,2,jackson,26,3971
2_jackson_27.wav,data/fsdd/recordings/2_jackson_27.wav,2,jackson,27,4205
2_jackson_28.wav,data/fsdd/recordings/2_jackson_28.wav,2,jackson,28,4056
2_jackson_29.wav,data/fsdd/recordings/2_jackson_29.wav,2,jackson,29,4428
2_jackson_3.wav,data/fsdd/recordings/2_jackson_3.wav,2,jackson,3,3967
2_jackson_30.wav,data/fsdd/recordings/2_jackson_30.wav,2,jackson,30,3826
2_jackson_31.wav,data/fsdd/recordings/2_jackson_31.wav,2,jackson,31,3736
2_jackson_32.wav,data/fsdd/recordings/2_jackson_32.wav,2,jackson,32,4074
2_jackson_33.wav,data/fsdd/recordings/2_jackson_33.wav,2,jackson,33,4053
2_jackson_34.wav,data/fsdd/recordings/2_jackson_34.wav,2,jackson,34,3904
2_jackson_35.wav,data/fsdd/recordings/2_jackson_35.wav,2,jackson,35,3770
2_jackson_36.wav,data/fsdd/recordings/2_jackson_36.wav,2,jackson,36,3913
2_jackson_37.wav,data/fsdd/recordings/2_jackson_37.wav,2,jackson,37,3232
2_jackson_38.wav,data/fsdd/recordings/2_jackson_38.wav,2,jackson,38,3766
2_jackson_39.wav,data/fsdd/recordings/2_jackson_39.wav,2,jackson,39,3675
2_jackson_4.wav,data/fsdd/recordings/2_jackson_4.wav,2,jackson,4,3816
2_jackson_40.wav,data/fsdd/recordings/2_jackson_40.wav,2,jackson,40,4413
2_jackson_41.wav,data/fsdd/recordings/2_jackson_41.wav,2,jackson,41,4677
2_jackson_42.wav,data/fsdd/recordings/2_jackson_42.wav,2,jackson,42,4705
2_jackson_43.wav,data/fsdd/recordings/2_jackson_43.wav,2,jackson,43,4171
2_jackson_44.wav,data/fsdd/recordings/2_jackson_44.wav,2,jackson,44,4966
2_jackson_45.wav,data/fsdd/recordings/2_jackson_45.wav,2,jackson,45,5222
2_jackson_46.wav,data/fsdd/recordings/2_jackson_46.wav,2,jackson,46,4149
2_jackson_47.wav,data/fsdd/recordings/2_jackson_47.wav,2,jackson,47,3888
2_jackson_48.wav,data/fsdd/recordings/2_jackson_48.wav,2,jackson,48,4014
2_jackson_49.wav,data/fsdd/recordings/2_jackson_49.wav,2,jackson,49,4351
2_jackson_5.wav,data/fsdd/recordings/2_jackson_5.wav,2,jackson,5,3796
2_jackson_6.wav,data/fsdd/recordings/2_jackson_6.wav,2,jackson,6,3724
2_jackson_7.wav,data/fsdd/recordings/2_jackson_7.wav,2,jackson,7,3872
2_jackson_8.wav,data/fsdd/recordings/2_jackson_8.wav,2,jackson,8,3822
2_jackson_9.wav,data/fsdd/recordings/2_jackson_9.wav,2,jackson,9,4308
2_lucas_0.wav,data/fsdd/recordings/2_lucas_0.wav,2,lucas,0,2997
2_lucas_1.wav,data/fsdd/recordings/2_lucas_1.wav,2,lucas,1,3349
2_lucas_10.wav,data/fsdd/recordings/2_lucas_10.wav,2,lucas,10,3345
2_lucas_11.wav,data/fsdd/recordings/2_lucas_11.wav,2,lucas,11,4233
2_lucas_12.wav,data/fsdd/recordings/2_lucas_12.wav,2,lucas,12,7348
2_lucas_13.wav,data/fsdd/recordings/2_lucas_13.wav,2,lucas,13,2960
2_lucas_14.wav,data/fsdd/recordings/2_lucas_14.wav,2,lucas,14,3629
2_lucas_15.wav,data/fsdd/recordings/2_lucas_15.wav,2,lucas,15,4038
2_lucas_16.wav,data/fsdd/recordings/2_lucas_16.wav,2,lucas,16,7667
2_lucas_17.wav,data/fsdd/recordings/2_lucas_17.wav,2,lucas,17,4187
2_lucas_18.wav,data/fsdd/recordings/2_lucas_18.wav,2,lucas,18,3353
2_lucas_19.wav,data/fsdd/recordings/2_lucas_19.wav,2,lucas,19,2901
2_lucas_2.wav,data/fsdd/recordings/2_lucas_2.wav,2,lucas,2,3479
2_lucas_20.wav,data/fsdd/recordings/2_lucas_20.wav,2,lucas,20,2905
2_lucas_21.wav,data/fsdd/recordings/2_lucas_21.wav,2,lucas,21,4338
2_lucas_22.wav,data/fsdd/recordings/2_lucas_22.wav,2,lucas,22,3594
2_lucas_23.wav,data/fsdd/recordings/2_lucas_23.wav,2,lucas,23,3315
2_lucas_24.wav,data/fsdd/recordings/2_lucas_24.wav,2,lucas,24,3329
2_lucas_25.wav,data/fsdd/recordings/2_lucas_25.wav,2,lucas,25,5829
2_lucas_26.wav,data/fsdd/recordings/2_lucas_26.wav,2,lucas,26,3859
2_lucas_27.wav,data/fsdd/recordings/2_lucas_27.wav,2,lucas,27,3840
2_lucas_28.wav,data/fsdd/recordings/2_lucas_28.wav,2,lucas,28,3467
2_lucas_29.wav,data/fsdd/recordings/2_lucas_29.wav,2,lucas,29,3932
2_lucas_3.wav,data/fsdd/recordings/2_lucas_3.wav,2,lucas,3,3394
2_lucas_30.wav,data/fsdd/recordings/2_lucas_30.wav,2,lucas,30,4543
2_lucas_31.wav,data/fsdd/recordings/2_lucas_31.wav,2,lucas,31,4895
2_lucas_32.wav,data/fsdd/recordings/2_lucas_32.wav,2,lucas,32,3181
2_lucas_33.wav,data/fsdd/recordings/2_lucas_33.wav,2,lucas,33,3137
2_lucas_34.wav,data/fsdd/recordings/2_lucas_34.wav,2,lucas,34,4144
2_lucas_35.wav,data/fsdd/recordings/2_lucas_35.wav,2,lucas,35,3119
2_lucas_36.wav,data/fsdd/recordings/2_lucas_36.wav,2,lucas,36,4289
2_lucas_37.wav,data/fsdd/recordings/2_lucas_37.wav,2,lucas,37,3104
2_lucas_38.wav,data/fsdd/recordings/2_lucas_38.wav,2,lucas,38,4485
2_lucas_39.wav,data/fsdd/recordings/2_lucas_39.wav,2,lucas,39,3005
2_lucas_4.wav,data/fsdd/recordings/2_lucas_4.wav,2,lucas,4,3364
2_lucas_40.wav,data/fsdd/recordings/2_lucas_40.wav,2,lucas,40,3586
2_lucas_41.wav,data/fsdd/recordings/2_lucas_41.wav,2,lucas,41,4139
2_lucas_42.wav,data/fsdd/recordings/2_lucas_42.wav,2,lucas,42,3822
2_lucas_43.wav,data/fsdd/recordings/2_lucas_43.wav,2,lucas,43,3468
2_lucas_44.wav,data/fsdd/recordings/2_lucas_44.wav,2,lucas,44,4305
2_lucas_45.wav,data/fsdd/recordings/2_lucas_45.wav,2,lucas,45,3999
2_lucas_46.wav,data/fsdd/recordings/2_lucas_46.wav,2,lucas,46,7807
2_lucas_47.wav,data/fsdd/recordings/2_lucas_47.wav,2,lucas,47,3424
2_lucas_48.wav,data/fsdd/recordings/2_lucas_48.wav,2,lucas,48,4645
2_lucas_49.wav,data/fsdd/recordings/2_lucas_49.wav,2,lucas,49,9707
2_lucas_5.wav,data/fsdd/recordings/2_lucas_5.wav,2,lucas,5,3244
2_lucas_6.wav,data/fsdd/recordings/2_lucas_6.wav,2,lucas,6,4163
2_lucas_7.wav,data/fsdd/recordings/2_lucas_7.wav,2,lucas,7,3755
2_lucas_8.wav,data/fsdd/recordings/2_lucas_8.wav,2,lucas,8,3412
2_lucas_9.wav,data/fsdd/recordings/2_lucas_9.wav,2,lucas,9,7845
2_nicolas_0.wav,data/fsdd/recordings/2_nicolas_0.wav,2,nicolas,0,2856
2_nicolas_1.wav,data/fsdd/recordings/2_nicolas_1.wav,2,nicolas,1,2385
2_nicolas_10.wav,data/fsdd/recordings/2_nicolas_10.wav,2,nicolas,10,2545
2_nicolas_11.wav,data/fsdd/recordings/2_nicolas_11.wav,2,nicolas,11,2744
2_nicolas_12.wav,data/fsdd/recordings/2_nicolas_12.wav,2,nicolas,12,2149
2_nicolas_13.wav,data/fsdd/recordings/2_nicolas_13.wav,2,nicolas,13,2479
2_nicolas_14.wav,data/fsdd/recordings/2_nicolas_14.wav,2,nicolas,14,2711
2_nicolas_15.wav,data/fsdd/recordings/2_nicolas_15.wav,2,nicolas,15,2677
2_nicolas_16.wav,data/fsdd/recordings/2_nicolas_16.wav,2,nicolas,16,2645
2_nicolas_17.wav,data/fsdd/recordings/2_nicolas_17.wav,2,nicolas,17,2446
2_nicolas_18.wav,data/fsdd/recordings/2_nicolas_18.wav,2,nicolas,18,3174
2_nicolas_19.wav,data/fsdd/recordings/2_nicolas_19.wav,2,nicolas,19,2016
2_nicolas_2.wav,data/fsdd/recordings/2_nicolas_2.wav,2,nicolas,2,2918
2_nicolas_20.wav,data/fsdd/recordings/2_nicolas_20.wav,2,nicolas,20,2240
2_nicolas_21.wav,data/fsdd/recordings/2_nicolas_21.wav,2,nicolas,21,1493
2_nicolas_22.wav,data/fsdd/recordings/2_nicolas_22.wav,2,nicolas,22,2768
2_nicolas_23.wav,data/fsdd/recordings/2_nicolas_23.wav,2,nicolas,23,1525
2_nicolas_24.wav,data/fsdd/recordings/2_nicolas_24.wav,2,nicolas,24,1742
2_nicolas_25.wav,data/fsdd/recordings/2_nicolas_25.wav,2,nicolas,25,2862
2_nicolas_26.wav,data/fsdd/recordings/2_nicolas_26.wav,2,nicolas,26,2302
2_nicolas_27.wav,data/fsdd/recordings/2_nicolas_27.wav,2,nicolas,27,1866
2_nicolas_28.wav,data/fsdd/recordings/2_nicolas_28.wav,2,nicolas,28,2924
2_nicolas_29.wav,data/fsdd/recordings/2_nicolas_29.wav,2,nicolas,29,2427
2_nicolas_3.wav,data/fsdd/recordings/2_nicolas_3.wav,2,nicolas,3,1914
2_nicolas_30.wav,data/fsdd/recordings/2_nicolas_30.wav,2,nicolas,30,2208
2_nicolas_31.wav,data/fsdd/recordings/2_nicolas_31.wav,2,nicolas,31,1568
2_nicolas_32.wav,data/fsdd/recordings/2_nicolas_32.wav,2,nicolas,32,1627
2_nicolas_33.wav,data/fsdd/recordings/2_nicolas_33.wav,2,nicolas,33,1772
2_nicolas_34.wav,data/fsdd/recordings/2_nicolas_34.wav,2,nicolas,34,2498
2_nicolas_35.wav,data/fsdd/recordings/2_nicolas_35.wav,2,nicolas,35,2730
2_nicolas_36.wav,data/fsdd/recordings/2_nicolas_36.wav,2,nicolas,36,2615
2_nicolas_37.wav,data/fsdd/recordings/2_nicolas_37.wav,2,nicolas,37,1597
2_nicolas_38.wav,data/fsdd/recordings/2_nicolas_38.wav,2,nicolas,38,2789
2_nicolas_39.wav,data/fsdd/recordings/2_nicolas_39.wav,2,nicolas,39,1801
2_nicolas_4.wav,data/fsdd/recordings/2_nicolas_4.wav,2,nicolas,4,2667
2_nicolas_40.wav,data/fsdd/recordings/2_nicolas_40.wav,2,nicolas,40,2754
2_nicolas_41.wav,data/fsdd/recordings/2_nicolas_41.wav,2,nicolas,41,2878
2_nicolas_42.wav,data/fsdd/recordings/2_nicolas_42.wav,2,nicolas,42,2382
2_nicolas_43.wav,data/fsdd/recordings/2_nicolas_43.wav,2,nicolas,43,2569
2_nicolas_44.wav,data/fsdd/recordings/2_nicolas_44.wav,2,nicolas,44,2506
2_nicolas_45.wav,data/fsdd/recordings/2_nicolas_45.wav,2,nicolas,45,2259
2_nicolas_46.wav,data/fsdd/recordings/2_nicolas_46.wav,2,nicolas,46,2228
2_nicolas_47.wav,data/fsdd/recordings/2_nicolas_47.wav,2,nicolas,47,3372
2_nicolas_48.wav,data/fsdd/recordings/2_nicolas_48.wav,2,nicolas,48,3342
2_nicolas_49.wav,data/fsdd/recordings/2_nicolas_49.wav,2,nicolas,49,2878
2_nicolas_5.wav,data/fsdd/recordings/2_nicolas_5.wav,2,nicolas,5,1475
2_nicolas_6.wav,data/fsdd/recordings/2_nicolas_6.wav,2,nicolas,6,1852
2_nicolas_7.wav,data/fsdd/recordings/2_nicolas_7.wav,2,nicolas,7,2322
2_nicolas_8.wav,data/fsdd/recordings/2_nicolas_8.wav,2,nicolas,8,1914
2_nicolas_9.wav,data/fsdd/recordings/2_nicolas_9.wav,2,nicolas,9,2824
3_george_0.wav,data/fsdd/recordings/3_george_0.wav,3,george,0,3979
3_george_1.wav,data/fsdd/recordings/3_george_1.wav,3,george,1,3995
3_george_10.wav,data/fsdd/recordings/3_george_10.wav,3,george,10,3774
3_george_11.wav,data/fsdd/recordings/3_george_11.wav,3,george,11,3293
3_george_12.wav,data/fsdd/recordings/3_george_12.wav,3,george,12,3239
3_george_13.wav,data/fsdd/recordings/3_george_13.wav,3,george,13,3350
3_george_14.wav,data/fsdd/recordings/3_george_14.wav,3,george,14,2843
3_george_15.wav,data/fsdd/recordings/3_george_15.wav,3,george,15,3187
3_george_16.wav,data/fsdd/recordings/3_george_16.wav,3,george,16,4148
3_george_17.wav,data/fsdd/recordings/3_george_17.wav,3,george,17,3410
3_george_18.wav,data/fsdd/recordings/3_george_18.wav,3,george,18,2979
3_george_19.wav,data/fsdd/recordings/3_george_19.wav,3,george,19,2577
3_george_2.wav,data/fsdd/recordings/3_george_2.wav,3,george,2,3918
3_george_20.wav,data/fsdd/recordings/3_george_20.wav,3,george,20,1531
3_george_21.wav,data/fsdd/recordings/3_george_21.wav,3,george,21,2710
3_george_22.wav,data/fsdd/recordings/3_george_22.wav,3,george,22,3074
3_george_23.wav,data/fsdd/recordings/3_george_23.wav,3,george,23,2481
3_george_24.wav,data/fsdd/recordings/3_george_24.wav,3,george,24,2792
3_george_25.wav,data/fsdd/recordings/3_george_25.wav,3,george,25,2308
3_george_26.wav,data/fsdd/recordings/3_george_26.wav,3,george,26,3213
3_george_27.wav,data/fsdd/recordings/3_george_27.wav,3,george,27,3111
3_george_28.wav,data/fsdd/recordings/3_george_28.wav,3,george,28,3181
3_george_29.wav,data/fsdd/recordings/3_george_29.wav,3,george,29,2572
3_george_3.wav,data/fsdd/recordings/3_george_3.wav,3,george,3,4252
3_george_30.wav,data/fsdd/recordings/3_george_30.wav,3,george,30,2210
3_george_31.wav,data/fsdd/recordings/3_george_31.wav,3,george,31,2212
3_george_32.wav,data/fsdd/recordings/3_george_32.wav,3,george,32,2503
3_george_33.wav,data/fsdd/recordings/3_george_33.wav,3,george,33,3028
3_george_34.wav,data/fsdd/recordings/3_george_34.wav,3,george,34,3253
3_george_35.wav,data/fsdd/recordings/3_george_35.wav,3,george,35,2872
3_george_36.wav,data/fsdd/recordings/3_george_36.wav,3,george,36,2252
3_george_37.wav,data/fsdd/recordings/3_george_37.wav,3,george,37,2496
3_george_38.wav,data/fsdd/recordings/3_george_38.wav,3,george,38,2377
3_george_39.wav,data/fsdd/recordings/3_george_39.wav,3,george,39,1541
3_george_4.wav,data/fsdd/recordings/3_george_4.wav,3,george,4,3522
3_george_40.wav,data/fsdd/recordings/3_george_40.wav,3,george,40,3277
3_george_41.wav,data/fsdd/recordings/3_george_41.wav,3,george,41,3072
3_george_42.wav,data/fsdd/recordings/3_george_42.wav,3,george,42,2351
3_george_43.wav,data/fsdd/recordings/3_george_43.wav,3,george,43,3322
3_george_44.wav,data/fsdd/recordings/3_george_44.wav,3,george,44,2737
3_george_45.wav,data/fsdd/recordings/3_george_45.wav,3,george,45,3218
3_george_46.wav,data/fsdd/recordings/3_george_46.wav,3,george,46,3314
3_george_47.wav,data/fsdd/recordings/3_george_47.wav,3,george,47,2642
3_george_48.wav,data/fsdd/recordings/3_george_48.wav,3,george,48,3323
3_george_49.wav,data/fsdd/recordings/3_george_49.wav,3,george,49,2273
3_george_5.wav,data/fsdd/recordings/3_george_5.wav,3,george,5,3034
3_george_6.wav,data/fsdd/recordings/3_george_6.wav,3,george,6,3298
3_george_7.wav,data/fsdd/recordings/3_george_7.wav,3,george,7,4064
3_george_8.wav,data/fsdd/recordings/3_george_8.wav,3,george,8,3073
3_george_9.wav,data/fsdd/recordings/3_george_9.wav,3,george,9,3464
3_jackson_0.wav,data/fsdd/recordings/3_jackson_0.wav,3,jackson,0,3886
3_jackson_1.wav,data/fsdd/recordings/3_jackson_1.wav,3,jackson,1,3756
3_jackson_10.wav,data/fsdd/recordings/3_jackson_10.wav,3,jackson,10,3691
3_jackson_11.wav,data/fsdd/recordings/3_jackson_11.wav,3,jackson,11,3577
3_jackson_12.wav,data/fsdd/recordings/3_jackson_12.wav,3,jackson,12,3814
3_jackson_13.wav,data/fsdd/recordings/3_jackson_13.wav,3,jackson,13,3482
3_jackson_14.wav,data/fsdd/recordings/3_jackson_14.wav,3,jackson,14,4014
3_jackson_15.wav,data/fsdd/recordings/3_jackson_15.wav,3,jackson,15,3710
3_jackson_16.wav,data/fsdd/recordings/3_jackson_16.wav,3,jackson,16,3839
3_jackson_17.wav,data/fsdd/recordings/3_jackson_17.wav,3,jackson,17,3601
3_jackson_18.wav,data/fsdd/recordings/3_jackson_18.wav,3,jackson,18,3863
3_jackson_19.wav,data/fsdd/recordings/3_jackson_19.wav,3,jackson,19,3530
3_jackson_2.wav,data/fsdd/recordings/3_jackson_2.wav,3,jackson,2,4077
3_jackson_20.wav,data/fsdd/recordings/3_jackson_20.wav,3,jackson,20,3778
3_jackson_21.wav,data/fsdd/recordings/3_jackson_21.wav,3,jackson,21,3643
3_jackson_22.wav,data/fsdd/recordings/3_jackson_22.wav,3,jackson,22,3430
3_jackson_23.wav,data/fsdd/recordings/3_jackson_23.wav,3,jackson,23,3659
3_jackson_24.wav,data/fsdd/recordings/3_jackson_24.wav,3,jackson,24,3414
3_jackson_25.wav,data/fsdd/recordings/3_jackson_25.wav,3,jackson,25,3832
3_jackson_26.wav,data/fsdd/recordings/3_jackson_26.wav,3,jackson,26,3557
3_jackson_27.wav,data/fsdd/recordings/3_jackson_27.wav,3,jackson,27,3687
3_jackson_28.wav,data/fsdd/recordings/3_jackson_28.wav,3,jackson,28,3541
3_jackson_29.wav,data/fsdd/recordings/3_jackson_29.wav,3,jackson,29,3861
3_jackson_3.wav,data/fsdd/recordings/3_jackson_3.wav,3,jackson,3,4101
3_jackson_30.wav,data/fsdd/recordings/3_jackson_30.wav,3,jackson,30,3877
3_jackson_31.wav,data/fsdd/recordings/3_jackson_31.wav,3,jackson,31,3889
3_jackson_32.wav,data/fsdd/recordings/3_jackson_32.wav,3,jackson,32,3818
3_jackson_33.wav,data/fsdd/recordings/3_jackson_33.wav,3,jackson,33,3870
3_jackson_34.wav,data/fsdd/recordings/3_jackson_34.wav,3,jackson,34,3818
3_jackson_35.wav,data/fsdd/recordings/3_jackson_35.wav,3,jackson,35,4175
3_jackson_36.wav,data/fsdd/recordings/3_jackson_36.wav,3,jackson,36,4100
3_jackson_37.wav,data/fsdd/recordings/3_jackson_37.wav,3,jackson,37,4086
3_jackson_38.wav,data/fsdd/recordings/3_jackson_38.wav,3,jackson,38,4243
3_jackson_39.wav,data/fsdd/recordings/3_jackson_39.wav,3,jackson,39,4044
3_jackson_4.wav,data/fsdd/recordings/3_jackson_4.wav,3,jackson,4,3571
3_jackson_40.wav,data/fsdd/recordings/3_jackson_40.wav,3,jackson,40,4169
3_jackson_41.wav,data/fsdd/recordings/3_jackson_41.wav,3,jackson,41,3998
3_jackson_42.wav,data/fsdd/recordings/3_jackson_42.wav,3,jackson,42,4036
3_jackson_43.wav,data/fsdd/recordings/3_jackson_43.wav,3,jackson,43,4008
3_jackson_44.wav,data/fsdd/recordings/3_jackson_44.wav,3,jackson,44,4426
3_jackson_45.wav,data/fsdd/recordings/3_jackson_45.wav,3,jackson,45,4558
3_jackson_46.wav,data/fsdd/recordings/3_jackson_46.wav,3,jackson,46,4290
3_jackson_47.wav,data/fsdd/recordings/3_jackson_47.wav,3,jackson,47,4546
3_jackson_48.wav,data/fsdd/recordings/3_jackson_48.wav,3,jackson,48,4112
3_jackson_49.wav,data/fsdd/recordings/3_jackson_49.wav,3,jackson,49,4175
3_jackson_5.wav,data/fsdd/recordings/3_jackson_5.wav,3,jackson,5,3607
3_jackson_6.wav,data/fsdd/recordings/3_jackson_6.wav,3,jackson,6,3743
3_jackson_7.wav,data/fsdd/recordings/3_jackson_7.wav,3,jackson,7,3910
3_jackson_8.wav,data/fsdd/recordings/3_jackson_8.wav,3,jackson,8,3626
3_jackson_9.wav,data/fsdd/recordings/3_jackson_9.wav,3,jackson,9,3945
3_lucas_0.wav,data/fsdd/recordings/3_lucas_0.wav,3,lucas,0,4932
3_lucas_1.wav,data/fsdd/recordings/3_lucas_1.wav,3,lucas,1,4863
3_lucas_10.wav,data/fsdd/recordings/3_lucas_10.wav,3,lucas,10,4340
3_lucas_11.wav,data/fsdd/recordings/3_lucas_11.wav,3,lucas,11,4571
3_lucas_12.wav,data/fsdd/recordings/3_lucas_12.wav,3,lucas,12,5158
3_lucas_13.wav,data/fsdd/recordings/3_lucas_13.wav,3,lucas,13,4012
3_lucas_14.wav,data/fsdd/recordings/3_lucas_14.wav,3,lucas,14,5137
3_lucas_15.wav,data/fsdd/recordings/3_lucas_15.wav,3,lucas,15,4928
3_lucas_16.wav,data/fsdd/recordings/3_lucas_16.wav,3,lucas,16,6263
3_lucas_17.wav,data/fsdd/recordings/3_lucas_17.wav,3,lucas,17,4522
3_lucas_18.wav,data/fsdd/recordings/3_lucas_18.wav,3,lucas,18,5012
3_lucas_19.wav,data/fsdd/recordings/3_lucas_19.wav,3,lucas,19,4570
3_lucas_2.wav,data/fsdd/recordings/3_lucas_2.wav,3,lucas,2,4672
3_lucas_20.wav,data/fsdd/recordings/3_lucas_20.wav,3,lucas,20,4229
3_lucas_21.wav,data/fsdd/recordings/3_lucas_21.wav,3,lucas,21,3572
3_lucas_22.wav,data/fsdd/recordings/3_lucas_22.wav,3,lucas,22,5895
3_lucas_23.wav,data/fsdd/recordings/3_lucas_23.wav,3,lucas,23,4282
3_lucas_24.wav,data/fsdd/recordings/3_lucas_24.wav,3,lucas,24,5096
3_lucas_25.wav,data/fsdd/recordings/3_lucas_25.wav,3,lucas,25,5750
3_lucas_26.wav,data/fsdd/recordings/3_lucas_26.wav,3,lucas,26,5733
3_lucas_27.wav,data/fsdd/recordings/3_lucas_27.wav,3,lucas,27,3939
3_lucas_28.wav,data/fsdd/recordings/3_lucas_28.wav,3,lucas,28,4667
3_lucas_29.wav,data/fsdd/recordings/3_lucas_29.wav,3,lucas,29,5252
3_lucas_3.wav,data/fsdd/recordings/3_lucas_3.wav,3,lucas,3,3605
3_lucas_30.wav,data/fsdd/recordings/3_lucas_30.wav,3,lucas,30,4821
3_lucas_31.wav,data/fsdd/recordings/3_lucas_31.wav,3,lucas,31,5482
3_lucas_32.wav,data/fsdd/recordings/3_lucas_32.wav,3,lucas,32,5482
3_lucas_33.wav,data/fsdd/recordings/3_lucas_33.wav,3,lucas,33,4311
3_lucas_34.wav,data/fsdd/recordings/3_lucas_34.wav,3,lucas,34,5295
3_lucas_35.wav,data/fsdd/recordings/3_lucas_35.wav,3,lucas,35,5759
3_lucas_36.wav,data/fsdd/recordings/3_lucas_36.wav,3,lucas,36,7396
3_lucas_37.wav,data/fsdd/recordings/3_lucas_37.wav,3,lucas,37,4037
3_lucas_38.wav,data/fsdd/recordings/3_lucas_38.wav,3,lucas,38,3907
3_lucas_39.wav,data/fsdd/recordings/3_lucas_39.wav,3,lucas,39,3681
3_lucas_4.wav,data/fsdd/recordings/3_lucas_4.wav,3,lucas,4,4287
3_lucas_40.wav,data/fsdd/recordings/3_lucas_40.wav,3,lucas,40,4268
3_lucas_41.wav,data/fsdd/recordings/3_lucas_41.wav,3,lucas,41,5244
3_lucas_42.wav,data/fsdd/recordings/3_lucas_42.wav,3,lucas,42,4061
3_lucas_43.wav,data/fsdd/recordings/3_lucas_43.wav,3,lucas,43,5423
3_lucas_44.wav,data/fsdd/recordings/3_lucas_44.wav,3,lucas,44,4054
3_lucas_45.wav,data/fsdd/recordings/3_lucas_45.wav,3,lucas,45,4540
3_lucas_46.wav,data/fsdd/recordings/3_lucas_46.wav,3,lucas,46,5236
3_lucas_47.wav,data/fsdd/recordings/3_lucas_47.wav,3,lucas,47,3993
3_lucas_48.wav,data/fsdd/recordings/3_lucas_48.wav,3,lucas,48,4549
3_lucas_49.wav,data/fsdd/recordings/3_lucas_49.wav,3,lucas,49,4631
3_lucas_5.wav,data/fsdd/recordings/3_lucas_5.wav,3,lucas,5,4251
3_lucas_6.wav,data/fsdd/recordings/3_lucas_6.wav,3,lucas,6,5695
3_lucas_7.wav,data/fsdd/recordings/3_lucas_7.wav,3,lucas,7,10504
3_lucas_8.wav,data/fsdd/recordings/3_lucas_8.wav,3,lucas,8,4744
3_lucas_9.wav,data/fsdd/recordings/3_lucas_9.wav,3,lucas,9,10095
3_nicolas_0.wav,data/fsdd/recordings/3_nicolas_0.wav,3,nicolas,0,2644
3_nicolas_1.wav,data/fsdd/recordings/3_nicolas_1.wav,3,nicolas,1,2615
3_nicolas_10.wav,data/fsdd/recordings/3_nicolas_10.wav,3,nicolas,10,2754
3_nicolas_11.wav,data/fsdd/recordings/3_nicolas_11.wav,3,nicolas,11,2692
3_nicolas_12.wav,data/fsdd/recordings/3_nicolas_12.wav,3,nicolas,12,1640
3_nicolas_13.wav,data/fsdd/recordings/3_nicolas_13.wav,3,nicolas,13,1547
3_nicolas_14.wav,data/fsdd/recordings/3_nicolas_14.wav,3,nicolas,14,2506
3_nicolas_15.wav,data/fsdd/recordings/3_nicolas_15.wav,3,nicolas,15,2971
3_nicolas_16.wav,data/fsdd/recordings/3_nicolas_16.wav,3,nicolas,16,1516
3_nicolas_17.wav,data/fsdd/recordings/3_nicolas_17.wav,3,nicolas,17,1609
3_nicolas_18.wav,data/fsdd/recordings/3_nicolas_18.wav,3,nicolas,18,1640
3_nicolas_19.wav,data/fsdd/recordings/3_nicolas_19.wav,3,nicolas,19,1455
3_nicolas_2.wav,data/fsdd/recordings/3_nicolas_2.wav,3,nicolas,2,2067
3_nicolas_20.wav,data/fsdd/recordings/3_nicolas_20.wav,3,nicolas,20,2770
3_nicolas_21.wav,data/fsdd/recordings/3_nicolas_21.wav,3,nicolas,21,2179
3_nicolas_22.wav,data/fsdd/recordings/3_nicolas_22.wav,3,nicolas,22,1650
3_nicolas_23.wav,data/fsdd/recordings/3_nicolas_23.wav,3,nicolas,23,1960
3_nicolas_24.wav,data/fsdd/recordings/3_nicolas_24.wav,3,nicolas,24,1837
3_nicolas_25.wav,data/fsdd/recordings/3_nicolas_25.wav,3,nicolas,25,2583
3_nicolas_26.wav,data/fsdd/recordings/3_nicolas_26.wav,3,nicolas,26,2677
3_nicolas_27.wav,data/fsdd/recordings/3_nicolas_27.wav,3,nicolas,27,1712
3_nicolas_28.wav,data/fsdd/recordings/3_nicolas_28.wav,3,nicolas,28,1774
3_nicolas_29.wav,data/fsdd/recordings/3_nicolas_29.wav,3,nicolas,29,2552
3_nicolas_3.wav,data/fsdd/recordings/3_nicolas_3.wav,3,nicolas,3,1884
3_nicolas_30.wav,data/fsdd/recordings/3_nicolas_30.wav,3,nicolas,30,2630
3_nicolas_31.wav,data/fsdd/recordings/3_nicolas_31.wav,3,nicolas,31,2354
3_nicolas_32.wav,data/fsdd/recordings/3_nicolas_32.wav,3,nicolas,32,2385
3_nicolas_33.wav,data/fsdd/recordings/3_nicolas_33.wav,3,nicolas,33,2538
3_nicolas_34.wav,data/fsdd/recordings/3_nicolas_34.wav,3,nicolas,34,1805
3_nicolas_35.wav,data/fsdd/recordings/3_nicolas_35.wav,3,nicolas,35,2293
3_nicolas_36.wav,data/fsdd/recordings/3_nicolas_36.wav,3,nicolas,36,1896
3_nicolas_37.wav,data/fsdd/recordings/3_nicolas_37.wav,3,nicolas,37,2110
3_nicolas_38.wav,data/fsdd/recordings/3_nicolas_38.wav,3,nicolas,38,1987
3_nicolas_39.wav,data/fsdd/recordings/3_nicolas_39.wav,3,nicolas,39,1713
3_nicolas_4.wav,data/fsdd/recordings/3_nicolas_4.wav,3,nicolas,4,2857
3_nicolas_40.wav,data/fsdd/recordings/3_nicolas_40.wav,3,nicolas,40,2397
3_nicolas_41.wav,data/fsdd/recordings/3_nicolas_41.wav,3,nicolas,41,2334
3_nicolas_42.wav,data/fsdd/recordings/3_nicolas_42.wav,3,nicolas,42,2023
3_nicolas_43.wav,data/fsdd/recordings/3_nicolas_43.wav,3,nicolas,43,2023
3_nicolas_44.wav,data/fsdd/recordings/3_nicolas_44.wav,3,nicolas,44,2366
3_nicolas_45.wav,data/fsdd/recordings/3_nicolas_45.wav,3,nicolas,45,2054
3_nicolas_46.wav,data/fsdd/recordings/3_nicolas_46.wav,3,nicolas,46,2584
3_nicolas_47.wav,data/fsdd/recordings/3_nicolas_47.wav,3,nicolas,47,2396
3_nicolas_48.wav,data/fsdd/recordings/3_nicolas_48.wav,3,nicolas,48,2397
3_nicolas_49.wav,data/fsdd/recordings/3_nicolas_49.wav,3,nicolas,49,2739
3_nicolas_5.wav,data/fsdd/recordings/3_nicolas_5.wav,3,nicolas,5,3162
3_nicolas_6.wav,data/fsdd/recordings/3_nicolas_6.wav,3,nicolas,6,2674
3_nicolas_7.wav,data/fsdd/recordings/3_nicolas_7.wav,3,nicolas,7,3435
3_nicolas_8.wav,data/fsdd/recordings/3_nicolas_8.wav,3,nicolas,8,3253
3_nicolas_9.wav,data/fsdd/recordings/3_nicolas_9.wav,3,nicolas,9,1915
4_george_0.wav,data/fsdd/recordings/4_george_0.wav,4,george,0,3491
4_george_1.wav,data/fsdd/recordings/4_george_1.wav,4,george,1,4311
4_george_10.wav,data/fsdd/recordings/4_george_10.wav,4,george,10,3088
4_george_11.wav,data/fsdd/recordings/4_george_11.wav,4,george,11,3997
4_george_12.wav,data/fsdd/recordings/4_george_12.wav,4,george,12,3693
4_george_13.wav,data/fsdd/recordings/4_george_13.wav,4,george,13,3942
4_george_14.wav,data/fsdd/recordings/4_george_14.wav,4,george,14,3805
4_george_15.wav,data/fsdd/recordings/4_george_15.wav,4,george,15,4057
4_george_16.wav,data/fsdd/recordings/4_george_16.wav,4,george,16,3952
4_george_17.wav,data/fsdd/recordings/4_george_17.wav,4,george,17,4150
4_george_18.wav,data/fsdd/recordings/4_george_18.wav,4,george,18,4616
4_george_19.wav,data/fsdd/recordings/4_george_19.wav,4,george,19,4385
4_george_2.wav,data/fsdd/recordings/4_george_2.wav,4,george,2,3892
4_george_20.wav,data/fsdd/recordings/4_george_20.wav,4,george,20,3334
4_george_21.wav,data/fsdd/recordings/4_george_21.wav,4,george,21,3004
4_george_22.wav,data/fsdd/recordings/4_george_22.wav,4,george,22,4104
4_george_23.wav,data/fsdd/recordings/4_george_23.wav,4,george,23,2511
4_george_24.wav,data/fsdd/recordings/4_george_24.wav,4,george,24,3317
4_george_25.wav,data/fsdd/recordings/4_george_25.wav,4,george,25,3390
4_george_26.wav,data/fsdd/recordings/4_george_26.wav,4,george,26,4177
4_george_27.wav,data/fsdd/recordings/4_george_27.wav,4,george,27,4156
4_george_28.wav,data/fsdd/recordings/4_george_28.wav,4,george,28,3530
4_george_29.wav,data/fsdd/recordings/4_george_29.wav,4,george,29,3008
4_george_3.wav,data/fsdd/recordings/4_george_3.wav,4,george,3,3761
4_george_30.wav,data/fsdd/recordings/4_george_30.wav,4,george,30,3512
4_george_31.wav,data/fsdd/recordings/4_george_31.wav,4,george,31,3132
4_george_32.wav,data/fsdd/recordings/4_george_32.wav,4,george,32,3304
4_george_33.wav,data/fsdd/recordings/4_george_33.wav,4,george,33,3523
4_george_34.wav,data/fsdd/recordings/4_george_34.wav,4,george,34,2320
4_george_35.wav,data/fsdd/recordings/4_george_35.wav,4,george,35,3913
4_george_36.wav,data/fsdd/recordings/4_george_36.wav,4,george,36,4076
4_george_37.wav,data/fsdd/recordings/4_george_37.wav,4,george,37,3246
4_george_38.wav,data/fsdd/recordings/4_george_38.wav,4,george,38,2184
4_george_39.wav,data/fsdd/recordings/4_george_39.wav,4,george,39,2580
4_george_4.wav,data/fsdd/recordings/4_george_4.wav,4,george,4,3479
4_george_40.wav,data/fsdd/recordings/4_george_40.wav,4,george,40,3198
4_george_41.wav,data/fsdd/recordings/4_george_41.wav,4,george,41,3176
4_george_42.wav,data/fsdd/recordings/4_george_42.wav,4,george,42,3218
4_george_43.wav,data/fsdd/recordings/4_george_43.wav,4,george,43,2770
4_george_44.wav,data/fsdd/recordings/4_george_44.wav,4,george,44,2787
4_george_45.wav,data/fsdd/recordings/4_george_45.wav,4,george,45,3186
4_george_46.wav,data/fsdd/recordings/4_george_46.wav,4,george,46,3040
4_george_47.wav,data/fsdd/recordings/4_george_47.wav,4,george,47,2733
4_george_48.wav,data/fsdd/recordings/4_george_48.wav,4,george,48,3767
4_george_49.wav,data/fsdd/recordings/4_george_49.wav,4,george,49,3439
4_george_5.wav,data/fsdd/recordings/4_george_5.wav,4,george,5,3841
4_george_6.wav,data/fsdd/recordings/4_george_6.wav,4,george,6,4457
4_george_7.wav,data/fsdd/recordings/4_george_7.wav,4,george,7,4041
4_george_8.wav,data/fsdd/recordings/4_george_8.wav,4,george,8,4734
4_george_9.wav,data/fsdd/recordings/4_george_9.wav,4,george,9,4341
4_jackson_0.wav,data/fsdd/recordings/4_jackson_0.wav,4,jackson,0,3708
4_jackson_1.wav,data/fsdd/recordings/4_jackson_1.wav,4,jackson,1,3349
4_jackson_10.wav,data/fsdd/recordings/4_jackson_10.wav,4,jackson,10,3005
4_jackson_11.wav,data/fsdd/recordings/4_jackson_11.wav,4,jackson,11,3012
4_jackson_12.wav,data/fsdd/recordings/4_jackson_12.wav,4,jackson,12,3292
4_jackson_13.wav,data/fsdd/recordings/4_jackson_13.wav,4,jackson,13,2986
4_jackson_14.wav,data/fsdd/recordings/4_jackson_14.wav,4,jackson,14,2983
4_jackson_15.wav,data/fsdd/recordings/4_jackson_15.wav,4,jackson,15,3608
4_jackson_16.wav,data/fsdd/recordings/4_jackson_16.wav,4,jackson,16,3461
4_jackson_17.wav,data/fsdd/recordings/4_jackson_17.wav,4,jackson,17,3223
4_jackson_18.wav,data/fsdd/recordings/4_jackson_18.wav,4,jackson,18,3224
4_jackson_19.wav,data/fsdd/recordings/4_jackson_19.wav,4,jackson,19,2895
4_jackson_2.wav,data/fsdd/recordings/4_jackson_2.wav,4,jackson,2,3328
4_jackson_20.wav,data/fsdd/recordings/4_jackson_20.wav,4,jackson,20,3126
4_jackson_21.wav,data/fsdd/recordings/4_jackson_21.wav,4,jackson,21,2838
4_jackson_22.wav,data/fsdd/recordings/4_jackson_22.wav,4,jackson,22,3355
4_jackson_23.wav,data/fsdd/recordings/4_jackson_23.wav,4,jackson,23,3260
4_jackson_24.wav,data/fsdd/recordings/4_jackson_24.wav,4,jackson,24,3169
4_jackson_25.wav,data/fsdd/recordings/4_jackson_25.wav,4,jackson,25,3286
4_jackson_26.wav,data/fsdd/recordings/4_jackson_26.wav,4,jackson,26,3434
4_jackson_27.wav,data/fsdd/recordings/4_jackson_27.wav,4,jackson,27,3400
4_jackson_28.wav,data/fsdd/recordings/4_jackson_28.wav,4,jackson,28,3795
4_jackson_29.wav,data/fsdd/recordings/4_jackson_29.wav,4,jackson,29,3491
4_jackson_3.wav,data/fsdd/recordings/4_jackson_3.wav,4,jackson,3,3249
4_jackson_30.wav,data/fsdd/recordings/4_jackson_30.wav,4,jackson,30,3522
4_jackson_31.wav,data/fsdd/recordings/4_jackson_31.wav,4,jackson,31,3479
4_jackson_32.wav,data/fsdd/recordings/4_jackson_32.wav,4,jackson,32,3467
4_jackson_33.wav,data/fsdd/recordings/4_jackson_33.wav,4,jackson,33,3357
4_jackson_34.wav,data/fsdd/recordings/4_jackson_34.wav,4,jackson,34,3188
4_jackson_35.wav,data/fsdd/recordings/4_jackson_35.wav,4,jackson,35,3462
4_jackson_36.wav,data/fsdd/recordings/4_jackson_36.wav,4,jackson,36,3195
4_jackson_37.wav,data/fsdd/recordings/4_jackson_37.wav,4,jackson,37,4023
4_jackson_38.wav,data/fsdd/recordings/4_jackson_38.wav,4,jackson,38,3753
4_jackson_39.wav,data/fsdd/recordings/4_jackson_39.wav,4,jackson,39,3879
4_jackson_4.wav,data/fsdd/recordings/4_jackson_4.wav,4,jackson,4,3458
4_jackson_40.wav,data/fsdd/recordings/4_jackson_40.wav,4,jackson,40,3764
4_jackson_41.wav,data/fsdd/recordings/4_jackson_41.wav,4,jackson,41,3586
4_jackson_42.wav,data/fsdd/recordings/4_jackson_42.wav,4,jackson,42,3410
4_jackson_43.wav,data/fsdd/recordings/4_jackson_43.wav,4,jackson,43,3699
4_jackson_44.wav,data/fsdd/recordings/4_jackson_44.wav,4,jackson,44,3763
4_jackson_45.wav,data/fsdd/recordings/4_jackson_45.wav,4,jackson,45,3512
4_jackson_46.wav,data/fsdd/recordings/4_jackson_46.wav,4,jackson,46,4089
4_jackson_47.wav,data/fsdd/recordings/4_jackson_47.wav,4,jackson,47,3940
4_jackson_48.wav,data/fsdd/recordings/4_jackson_48.wav,4,jackson,48,3754
4_jackson_49.wav,data/fsdd/recordings/4_jackson_49.wav,4,jackson,49,4001
4_jackson_5.wav,data/fsdd/recordings/4_jackson_5.wav,4,jackson,5,3490
4_jackson_6.wav,data/fsdd/recordings/4_jackson_6.wav,4,jackson,6,3636
4_jackson_7.wav,data/fsdd/recordings/4_jackson_7.wav,4,jackson,7,3307
4_jackson_8.wav,data/fsdd/recordings/4_jackson_8.wav,4,jackson,8,3347
4_jackson_9.wav,data/fsdd/recordings/4_jackson_9.wav,4,jackson,9,3374
4_lucas_0.wav,data/fsdd/recordings/4_lucas_0.wav,4,lucas,0,3383
4_lucas_1.wav,data/fsdd/recordings/4_lucas_1.wav,4,lucas,1,3288
4_lucas_10.wav,data/fsdd/recordings/4_lucas_10.wav,4,lucas,10,4594
4_lucas_11.wav,data/fsdd/recordings/4_lucas_11.wav,4,lucas,11,3261
4_lucas_12.wav,data/fsdd/recordings/4_lucas_12.wav,4,lucas,12,3955
4_lucas_13.wav,data/fsdd/recordings/4_lucas_13.wav,4,lucas,13,4129
4_lucas_14.wav,data/fsdd/recordings/4_lucas_14.wav,4,lucas,14,3597
4_lucas_15.wav,data/fsdd/recordings/4_lucas_15.wav,4,lucas,15,4165
4_lucas_16.wav,data/fsdd/recordings/4_lucas_16.wav,4,lucas,16,3622
4_lucas_17.wav,data/fsdd/recordings/4_lucas_17.wav,4,lucas,17,4644
4_lucas_18.wav,data/fsdd/recordings/4_lucas_18.wav,4,lucas,18,4580
4_lucas_19.wav,data/fsdd/recordings/4_lucas_19.wav,4,lucas,19,6186
4_lucas_2.wav,data/fsdd/recordings/4_lucas_2.wav,4,lucas,2,4945
4_lucas_20.wav,data/fsdd/recordings/4_lucas_20.wav,4,lucas,20,2125
4_lucas_21.wav,data/fsdd/recordings/4_lucas_21.wav,4,lucas,21,4274
4_lucas_22.wav,data/fsdd/recordings/4_lucas_22.wav,4,lucas,22,4654
4_lucas_23.wav,data/fsdd/recordings/4_lucas_23.wav,4,lucas,23,4127
4_lucas_24.wav,data/fsdd/recordings/4_lucas_24.wav,4,lucas,24,4793
4_lucas_25.wav,data/fsdd/recordings/4_lucas_25.wav,4,lucas,25,4384
4_lucas_26.wav,data/fsdd/recordings/4_lucas_26.wav,4,lucas,26,4935
4_lucas_27.wav,data/fsdd/recordings/4_lucas_27.wav,4,lucas,27,4363
4_lucas_28.wav,data/fsdd/recordings/4_lucas_28.wav,4,lucas,28,4656
4_lucas_29.wav,data/fsdd/recordings/4_lucas_29.wav,4,lucas,29,5155
4_lucas_3.wav,data/fsdd/recordings/4_lucas_3.wav,4,lucas,3,3529
4_lucas_30.wav,data/fsdd/recordings/4_lucas_30.wav,4,lucas,30,4001
4_lucas_31.wav,data/fsdd/recordings/4_lucas_31.wav,4,lucas,31,4265
4_lucas_32.wav,data/fsdd/recordings/4_lucas_32.wav,4,lucas,32,4267
4_lucas_33.wav,data/fsdd/recordings/4_lucas_33.wav,4,lucas,33,4007
4_lucas_34.wav,data/fsdd/recordings/4_lucas_34.wav,4,lucas,34,3809
4_lucas_35.wav,data/fsdd/recordings/4_lucas_35.wav,4,lucas,35,4749
4_lucas_36.wav,data/fsdd/recordings/4_lucas_36.wav,4,lucas,36,3279
4_lucas_37.wav,data/fsdd/recordings/4_lucas_37.wav,4,lucas,37,4312
4_lucas_38.wav,data/fsdd/recordings/4_lucas_38.wav,4,lucas,38,4143
4_lucas_39.wav,data/fsdd/recordings/4_lucas_39.wav,4,lucas,39,5990
4_lucas_4.wav,data/fsdd/recordings/4_lucas_4.wav,4,lucas,4,4433
4_lucas_40.wav,data/fsdd/recordings/4_lucas_40.wav,4,lucas,40,4500
4_lucas_41.wav,data/fsdd/recordings/4_lucas_41.wav,4,lucas,41,4602
4_lucas_42.wav,data/fsdd/recordings/4_lucas_42.wav,4,lucas,42,5156
4_lucas_43.wav,data/fsdd/recordings/4_lucas_43.wav,4,lucas,43,4536
4_lucas_44.wav,data/fsdd/recordings/4_lucas_44.wav,4,lucas,44,4775
4_lucas_45.wav,data/fsdd/recordings/4_lucas_45.wav,4,lucas,45,4187
4_lucas_46.wav,data/fsdd/recordings/4_lucas_46.wav,4,lucas,46,4651
4_lucas_47.wav,data/fsdd/recordings/4_lucas_47.wav,4,lucas,47,8919
4_lucas_48.wav,data/fsdd/recordings/4_lucas_48.wav,4,lucas,48,4895
4_lucas_49.wav,data/fsdd/recordings/4_lucas_49.wav,4,lucas,49,3653
4_lucas_5.wav,data/fsdd/recordings/4_lucas_5.wav,4,lucas,5,4095
4_lucas_6.wav,data/fsdd/recordings/4_lucas_6.wav,4,lucas,6,3604
4_lucas_7.wav,data/fsdd/recordings/4_lucas_7.wav,4,lucas,7,5131
4_lucas_8.wav,data/fsdd/recordings/4_lucas_8.wav,4,lucas,8,4249
4_lucas_9.wav,data/fsdd/recordings/4_lucas_9.wav,4,lucas,9,4018
4_nicolas_0.wav,data/fsdd/recordings/4_nicolas_0.wav,4,nicolas,0,2493
4_nicolas_1.wav,data/fsdd/recordings/4_nicolas_1.wav,4,nicolas,1,2800
4_nicolas_10.wav,data/fsdd/recordings/4_nicolas_10.wav,4,nicolas,10,2462
4_nicolas_11.wav,data/fsdd/recordings/4_nicolas_11.wav,4,nicolas,11,2333
4_nicolas_12.wav,data/fsdd/recordings/4_nicolas_12.wav,4,nicolas,12,2301
4_nicolas_13.wav,data/fsdd/recordings/4_nicolas_13.wav,4,nicolas,13,2689
4_nicolas_14.wav,data/fsdd/recordings/4_nicolas_14.wav,4,nicolas,14,2463
4_nicolas_15.wav,data/fsdd/recordings/4_nicolas_15.wav,4,nicolas,15,2883
4_nicolas_16.wav,data/fsdd/recordings/4_nicolas_16.wav,4,nicolas,16,3662
4_nicolas_17.wav,data/fsdd/recordings/4_nicolas_17.wav,4,nicolas,17,3142
4_nicolas_18.wav,data/fsdd/recordings/4_nicolas_18.wav,4,nicolas,18,3014
4_nicolas_19.wav,data/fsdd/recordings/4_nicolas_19.wav,4,nicolas,19,2559
4_nicolas_2.wav,data/fsdd/recordings/4_nicolas_2.wav,4,nicolas,2,2493
4_nicolas_20.wav,data/fsdd/recordings/4_nicolas_20.wav,4,nicolas,20,2174
4_nicolas_21.wav,data/fsdd/recordings/4_nicolas_21.wav,4,nicolas,21,2237
4_nicolas_22.wav,data/fsdd/recordings/4_nicolas_22.wav,4,nicolas,22,2333
4_nicolas_23.wav,data/fsdd/recordings/4_nicolas_23.wav,4,nicolas,23,2430
4_nicolas_24.wav,data/fsdd/recordings/4_nicolas_24.wav,4,nicolas,24,2589
4_nicolas_25.wav,data/fsdd/recordings/4_nicolas_25.wav,4,nicolas,25,2653
4_nicolas_26.wav,data/fsdd/recordings/4_nicolas_26.wav,4,nicolas,26,2876
4_nicolas_27.wav,data/fsdd/recordings/4_nicolas_27.wav,4,nicolas,27,2717
4_nicolas_28.wav,data/fsdd/recordings/4_nicolas_28.wav,4,nicolas,28,2813
4_nicolas_29.wav,data/fsdd/recordings/4_nicolas_29.wav,4,nicolas,29,2621
4_nicolas_3.wav,data/fsdd/recordings/4_nicolas_3.wav,4,nicolas,3,2630
4_nicolas_30.wav,data/fsdd/recordings/4_nicolas_30.wav,4,nicolas,30,1832
4_nicolas_31.wav,data/fsdd/recordings/4_nicolas_31.wav,4,nicolas,31,2783
4_nicolas_32.wav,data/fsdd/recordings/4_nicolas_32.wav,4,nicolas,32,3087
4_nicolas_33.wav,data/fsdd/recordings/4_nicolas_33.wav,4,nicolas,33,2851
4_nicolas_34.wav,data/fsdd/recordings/4_nicolas_34.wav,4,nicolas,34,2748
4_nicolas_35.wav,data/fsdd/recordings/4_nicolas_35.wav,4,nicolas,35,2477
4_nicolas_36.wav,data/fsdd/recordings/4_nicolas_36.wav,4,nicolas,36,3020
4_nicolas_37.wav,data/fsdd/recordings/4_nicolas_37.wav,4,nicolas,37,2918
4_nicolas_38.wav,data/fsdd/recordings/4_nicolas_38.wav,4,nicolas,38,2681
4_nicolas_39.wav,data/fsdd/recordings/4_nicolas_39.wav,4,nicolas,39,2036
4_nicolas_4.wav,data/fsdd/recordings/4_nicolas_4.wav,4,nicolas,4,2561
4_nicolas_40.wav,data/fsdd/recordings/4_nicolas_40.wav,4,nicolas,40,2583
4_nicolas_41.wav,data/fsdd/recordings/4_nicolas_41.wav,4,nicolas,41,2746
4_nicolas_42.wav,data/fsdd/recordings/4_nicolas_42.wav,4,nicolas,42,3204
4_nicolas_43.wav,data/fsdd/recordings/4_nicolas_43.wav,4,nicolas,43,2550
4_nicolas_44.wav,data/fsdd/recordings/4_nicolas_44.wav,4,nicolas,44,2550
4_nicolas_45.wav,data/fsdd/recordings/4_nicolas_45.wav,4,nicolas,45,2648
4_nicolas_46.wav,data/fsdd/recordings/4_nicolas_46.wav,4,nicolas,46,2452
4_nicolas_47.wav,data/fsdd/recordings/4_nicolas_47.wav,4,nicolas,47,2877
4_nicolas_48.wav,data/fsdd/recordings/4_nicolas_48.wav,4,nicolas,48,3073
4_nicolas_49.wav,data/fsdd/recordings/4_nicolas_49.wav,4,nicolas,49,2517
4_nicolas_5.wav,data/fsdd/recordings/4_nicolas_5.wav,4,nicolas,5,2732
4_nicolas_6.wav,data/fsdd/recordings/4_nicolas_6.wav,4,nicolas,6,2766
4_nicolas_7.wav,data/fsdd/recordings/4_nicolas_7.wav,4,nicolas,7,2357
4_nicolas_8.wav,data/fsdd/recordings/4_nicolas_8.wav,4,nicolas,8,2288
4_nicolas_9.wav,data/fsdd/recordings/4_nicolas_9.wav,4,nicolas,9,2629
5_george_0.wav,data/fsdd/recordings/5_george_0.wav,5,george,0,4480
5_george_1.wav,data/fsdd/recordings/5_george_1.wav,5,george,1,4611
5_george_10.wav,data/fsdd/recordings/5_george_10.wav,5,george,10,2838
5_george_11.wav,data/fsdd/recordings/5_george_11.wav,5,george,11,3034
5_george_12.wav,data/fsdd/recordings/5_george_12.wav,5,george,12,3402
5_george_13.wav,data/fsdd/recordings/5_george_13.wav,5,george,13,2904
5_george_14.wav,data/fsdd/recordings/5_george_14.wav,5,george,14,3379
5_george_15.wav,data/fsdd/recordings/5_george_15.wav,5,george,15,3266
5_george_16.wav,data/fsdd/recordings/5_george_16.wav,5,george,16,4029
5_george_17.wav,data/fsdd/recordings/5_george_17.wav,5,george,17,3874
5_george_18.wav,data/fsdd/recordings/5_george_18.wav,5,george,18,3531
5_george_19.wav,data/fsdd/recordings/5_george_19.wav,5,george,19,4204
5_george_2.wav,data/fsdd/recordings/5_george_2.wav,5,george,2,3854
5_george_20.wav,data/fsdd/recordings/5_george_20.wav,5,george,20,3385
5_george_21.wav,data/fsdd/recordings/5_george_21.wav,5,george,21,4604
5_george_22.wav,data/fsdd/recordings/5_george_22.wav,5,george,22,3544
5_george_23.wav,data/fsdd/recordings/5_george_23.wav,5,george,23,3152
5_george_24.wav,data/fsdd/recordings/5_george_24.wav,5,george,24,3201
5_george_25.wav,data/fsdd/recordings/5_george_25.wav,5,george,25,3264
5_george_26.wav,data/fsdd/recordings/5_george_26.wav,5,george,26,3497
5_george_27.wav,data/fsdd/recordings/5_george_27.wav,5,george,27,3446
5_george_28.wav,data/fsdd/recordings/5_george_28.wav,5,george,28,3258
5_george_29.wav,data/fsdd/recordings/5_george_29.wav,5,george,29,4348
5_george_3.wav,data/fsdd/recordings/5_george_3.wav,5,george,3,4003
5_george_30.wav,data/fsdd/recordings/5_george_30.wav,5,george,30,3087
5_george_31.wav,data/fsdd/recordings/5_george_31.wav,5,george,31,3425
5_george_32.wav,data/fsdd/recordings/5_george_32.wav,5,george,32,3010
5_george_33.wav,data/fsdd/recordings/5_george_33.wav,5,george,33,2807
5_george_34.wav,data/fsdd/recordings/5_george_34.wav,5,george,34,2962
5_george_35.wav,data/fsdd/recordings/5_george_35.wav,5,george,35,3812
5_george_36.wav,data/fsdd/recordings/5_george_36.wav,5,george,36,3324
5_george_37.wav,data/fsdd/recordings/5_george_37.wav,5,george,37,4067
5_george_38.wav,data/fsdd/recordings/5_george_38.wav,5,george,38,2740
5_george_39.wav,data/fsdd/recordings/5_george_39.wav,5,george,39,2419
5_george_4.wav,data/fsdd/recordings/5_george_4.wav,5,george,4,3803
5_george_40.wav,data/fsdd/recordings/5_george_40.wav,5,george,40,2706
5_george_41.wav,data/fsdd/recordings/5_george_41.wav,5,george,41,4048
5_george_42.wav,data/fsdd/recordings/5_george_42.wav,5,george,42,3029
5_george_43.wav,data/fsdd/recordings/5_george_43.wav,5,george,43,2990
5_george_44.wav,data/fsdd/recordings/5_george_44.wav,5,george,44,2949
5_george_45.wav,data/fsdd/recordings/5_george_45.wav,5,george,45,3402
5_george_46.wav,data/fsdd/recordings/5_george_46.wav,5,george,46,3396
5_george_47.wav,data/fsdd/recordings/5_george_47.wav,5,george,47,3256
5_george_48.wav,data/fsdd/recordings/5_george_48.wav,5,george,48,2945
5_george_49.wav,data/fsdd/recordings/5_george_49.wav,5,george,49,4252
5_george_5.wav,data/fsdd/recordings/5_george_5.wav,5,george,5,3197
5_george_6.wav,data/fsdd/recordings/5_george_6.wav,5,george,6,4397
5_george_7.wav,data/fsdd/recordings/5_george_7.wav,5,george,7,4151
5_george_8.wav,data/fsdd/recordings/5_george_8.wav,5,george,8,3240
5_george_9.wav,data/fsdd/recordings/5_george_9.wav,5,george,9,3695
5_jackson_0.wav,data/fsdd/recordings/5_jackson_0.wav,5,jackson,0,3394
5_jackson_1.wav,data/fsdd/recordings/5_jackson_1.wav,5,jackson,1,3319
5_jackson_10.wav,data/fsdd/recordings/5_jackson_10.wav,5,jackson,10,3148
5_jackson_11.wav,data/fsdd/recordings/5_jackson_11.wav,5,jackson,11,3555
5_jackson_12.wav,data/fsdd/recordings/5_jackson_12.wav,5,jackson,12,2942
5_jackson_13.wav,data/fsdd/recordings/5_jackson_13.wav,5,jackson,13,3373
5_jackson_14.wav,data/fsdd/recordings/5_jackson_14.wav,5,jackson,14,3031
5_jackson_15.wav,data/fsdd/recordings/5_jackson_15.wav,5,jackson,15,3451
5_jackson_16.wav,data/fsdd/recordings/5_jackson_16.wav,5,jackson,16,3163
5_jackson_17.wav,data/fsdd/recordings/5_jackson_17.wav,5,jackson,17,3169
5_jackson_18.wav,data/fsdd/recordings/5_jackson_18.wav,5,jackson,18,2876
5_jackson_19.wav,data/fsdd/recordings/5_jackson_19.wav,5,jackson,19,2955
5_jackson_2.wav,data/fsdd/recordings/5_jackson_2.wav,5,jackson,2,3635
5_jackson_20.wav,data/fsdd/recordings/5_jackson_20.wav,5,jackson,20,2753
5_jackson_21.wav,data/fsdd/recordings/5_jackson_21.wav,5,jackson,21,3045
5_jackson_22.wav,data/fsdd/recordings/5_jackson_22.wav,5,jackson,22,2974
5_jackson_23.wav,data/fsdd/recordings/5_jackson_23.wav,5,jackson,23,3247
5_jackson_24.wav,data/fsdd/recordings/5_jackson_24.wav,5,jackson,24,3168
5_jackson_25.wav,data/fsdd/recordings/5_jackson_25.wav,5,jackson,25,3158
5_jackson_26.wav,data/fsdd/recordings/5_jackson_26.wav,5,jackson,26,3261
5_jackson_27.wav,data/fsdd/recordings/5_jackson_27.wav,5,jackson,27,3235
5_jackson_28.wav,data/fsdd/recordings/5_jackson_28.wav,5,jackson,28,2951
5_jackson_29.wav,data/fsdd/recordings/5_jackson_29.wav,5,jackson,29,3835
5_jackson_3.wav,data/fsdd/recordings/5_jackson_3.wav,5,jackson,3,3161
5_jackson_30.wav,data/fsdd/recordings/5_jackson_30.wav,5,jackson,30,3431
5_jackson_31.wav,data/fsdd/recordings/5_jackson_31.wav,5,jackson,31,3287
5_jackson_32.wav,data/fsdd/recordings/5_jackson_32.wav,5,jackson,32,3294
5_jackson_33.wav,data/fsdd/recordings/5_jackson_33.wav,5,jackson,33,3135
5_jackson_34.wav,data/fsdd/recordings/5_jackson_34.wav,5,jackson,34,2891
5_jackson_35.wav,data/fsdd/recordings/5_jackson_35.wav,5,jackson,35,3459
5_jackson_36.wav,data/fsdd/recordings/5_jackson_36.wav,5,jackson,36,2966
5_jackson_37.wav,data/fsdd/recordings/5_jackson_37.wav,5,jackson,37,3126
5_jackson_38.wav,data/fsdd/recordings/5_jackson_38.wav,5,jackson,38,3426
5_jackson_39.wav,data/fsdd/recordings/5_jackson_39.wav,5,jackson,39,3039
5_jackson_4.wav,data/fsdd/recordings/5_jackson_4.wav,5,jackson,4,4204
5_jackson_40.wav,data/fsdd/recordings/5_jackson_40.wav,5,jackson,40,3274
5_jackson_41.wav,data/fsdd/recordings/5_jackson_41.wav,5,jackson,41,3171
5_jackson_42.wav,data/fsdd/recordings/5_jackson_42.wav,5,jackson,42,3739
5_jackson_43.wav,data/fsdd/recordings/5_jackson_43.wav,5,jackson,43,3483
5_jackson_44.wav,data/fsdd/recordings/5_jackson_44.wav,5,jackson,44,3902
5_jackson_45.wav,data/fsdd/recordings/5_jackson_45.wav,5,jackson,45,3693
5_jackson_46.wav,data/fsdd/recordings/5_jackson_46.wav,5,jackson,46,4016
5_jackson_47.wav,data/fsdd/recordings/5_jackson_47.wav,5,jackson,47,4100
5_jackson_48.wav,data/fsdd/recordings/5_jackson_48.wav,5,jackson,48,4052
5_jackson_49.wav,data/fsdd/recordings/5_jackson_49.wav,5,jackson,49,3839
5_jackson_5.wav,data/fsdd/recordings/5_jackson_5.wav,5,jackson,5,3098
5_jackson_6.wav,data/fsdd/recordings/5_jackson_6.wav,5,jackson,6,3187
5_jackson_7.wav,data/fsdd/recordings/5_jackson_7.wav,5,jackson,7,3070
5_jackson_8.wav,data/fsdd/recordings/5_jackson_8.wav,5,jackson,8,2942
5_jackson_9.wav,data/fsdd/recordings/5_jackson_9.wav,5,jackson,9,4608
5_lucas_0.wav,data/fsdd/recordings/5_lucas_0.wav,5,lucas,0,4802
5_lucas_1.wav,data/fsdd/recordings/5_lucas_1.wav,5,lucas,1,9178
5_lucas_10.wav,data/fsdd/recordings/5_lucas_10.wav,5,lucas,10,4499
5_lucas_11.wav,data/fsdd/recordings/5_lucas_11.wav,5,lucas,11,5208
5_lucas_12.wav,data/fsdd/recordings/5_lucas_12.wav,5,lucas,12,4374
5_lucas_13.wav,data/fsdd/recordings/5_lucas_13.wav,5,lucas,13,4778
5_lucas_14.wav,data/fsdd/recordings/5_lucas_14.wav,5,lucas,14,5053
5_lucas_15.wav,data/fsdd/recordings/5_lucas_15.wav,5,lucas,15,4423
5_lucas_16.wav,data/fsdd/recordings/5_lucas_16.wav,5,lucas,16,4825
5_lucas_17.wav,data/fsdd/recordings/5_lucas_17.wav,5,lucas,17,4094
5_lucas_18.wav,data/fsdd/recordings/5_lucas_18.wav,5,lucas,18,4344
5_lucas_19.wav,data/fsdd/recordings/5_lucas_19.wav,5,lucas,19,5659
5_lucas_2.wav,data/fsdd/recordings/5_lucas_2.wav,5,lucas,2,4637
5_lucas_20.wav,data/fsdd/recordings/5_lucas_20.wav,5,lucas,20,6117
5_lucas_21.wav,data/fsdd/recordings/5_lucas_21.wav,5,lucas,21,6981
5_lucas_22.wav,data/fsdd/recordings/5_lucas_22.wav,5,lucas,22,4623
5_lucas_23.wav,data/fsdd/recordings/5_lucas_23.wav,5,lucas,23,4727
5_lucas_24.wav,data/fsdd/recordings/5_lucas_24.wav,5,lucas,24,5519
5_lucas_25.wav,data/fsdd/recordings/5_lucas_25.wav,5,lucas,25,4895
5_lucas_26.wav,data/fsdd/recordings/5_lucas_26.wav,5,lucas,26,4794
5_lucas_27.wav,data/fsdd/recordings/5_lucas_27.wav,5,lucas,27,4817
5_lucas_28.wav,data/fsdd/recordings/5_lucas_28.wav,5,lucas,28,4355
5_lucas_29.wav,data/fsdd/recordings/5_lucas_29.wav,5,lucas,29,4349
5_lucas_3.wav,data/fsdd/recordings/5_lucas_3.wav,5,lucas,3,4229
5_lucas_30.wav,data/fsdd/recordings/5_lucas_30.wav,5,lucas,30,5960
5_lucas_31.wav,data/fsdd/recordings/5_lucas_31.wav,5,lucas,31,4741
5_lucas_32.wav,data/fsdd/recordings/5_lucas_32.wav,5,lucas,32,4910
5_lucas_33.wav,data/fsdd/recordings/5_lucas_33.wav,5,lucas,33,4868
5_lucas_34.wav,data/fsdd/recordings/5_lucas_34.wav,5,lucas,34,4442
5_lucas_35.wav,data/fsdd/recordings/5_lucas_35.wav,5,lucas,35,4978
5_lucas_36.wav,data/fsdd/recordings/5_lucas_36.wav,5,lucas,36,4876
5_lucas_37.wav,data/fsdd/recordings/5_lucas_37.wav,5,lucas,37,5707
5_lucas_38.wav,data/fsdd/recordings/5_lucas_38.wav,5,lucas,38,4417
5_lucas_39.wav,data/fsdd/recordings/5_lucas_39.wav,5,lucas,39,5619
5_lucas_4.wav,data/fsdd/recordings/5_lucas_4.wav,5,lucas,4,4067
5_lucas_40.wav,data/fsdd/recordings/5_lucas_40.wav,5,lucas,40,4153
5_lucas_41.wav,data/fsdd/recordings/5_lucas_41.wav,5,lucas,41,4187
5_lucas_42.wav,data/fsdd/recordings/5_lucas_42.wav,5,lucas,42,5595
5_lucas_43.wav,data/fsdd/recordings/5_lucas_43.wav,5,lucas,43,4480
5_lucas_44.wav,data/fsdd/recordings/5_lucas_44.wav,5,lucas,44,5376
5_lucas_45.wav,data/fsdd/recordings/5_lucas_45.wav,5,lucas,45,7223
5_lucas_46.wav,data/fsdd/recordings/5_lucas_46.wav,5,lucas,46,5426
5_lucas_47.wav,data/fsdd/recordings/5_lucas_47.wav,5,lucas,47,5425
5_lucas_48.wav,data/fsdd/recordings/5_lucas_48.wav,5,lucas,48,4934
5_lucas_49.wav,data/fsdd/recordings/5_lucas_49.wav,5,lucas,49,4473
5_lucas_5.wav,data/fsdd/recordings/5_lucas_5.wav,5,lucas,5,4656
5_lucas_6.wav,data/fsdd/recordings/5_lucas_6.wav,5,lucas,6,4766
5_lucas_7.wav,data/fsdd/recordings/5_lucas_7.wav,5,lucas,7,4852
5_lucas_8.wav,data/fsdd/recordings/5_lucas_8.wav,5,lucas,8,5295
5_lucas_9.wav,data/fsdd/recordings/5_lucas_9.wav,5,lucas,9,4583
5_nicolas_0.wav,data/fsdd/recordings/5_nicolas_0.wav,5,nicolas,0,2732
5_nicolas_1.wav,data/fsdd/recordings/5_nicolas_1.wav,5,nicolas,1,3064
5_nicolas_10.wav,data/fsdd/recordings/5_nicolas_10.wav,5,nicolas,10,2854
5_nicolas_11.wav,data/fsdd/recordings/5_nicolas_11.wav,5,nicolas,11,3817
5_nicolas_12.wav,data/fsdd/recordings/5_nicolas_12.wav,5,nicolas,12,3336
5_nicolas_13.wav,data/fsdd/recordings/5_nicolas_13.wav,5,nicolas,13,2983
5_nicolas_14.wav,data/fsdd/recordings/5_nicolas_14.wav,5,nicolas,14,3399
5_nicolas_15.wav,data/fsdd/recordings/5_nicolas_15.wav,5,nicolas,15,3464
5_nicolas_16.wav,data/fsdd/recordings/5_nicolas_16.wav,5,nicolas,16,3849
5_nicolas_17.wav,data/fsdd/recordings/5_nicolas_17.wav,5,nicolas,17,3079
5_nicolas_18.wav,data/fsdd/recordings/5_nicolas_18.wav,5,nicolas,18,3079
5_nicolas_19.wav,data/fsdd/recordings/5_nicolas_19.wav,5,nicolas,19,2437
5_nicolas_2.wav,data/fsdd/recordings/5_nicolas_2.wav,5,nicolas,2,2499
5_nicolas_20.wav,data/fsdd/recordings/5_nicolas_20.wav,5,nicolas,20,3062
5_nicolas_21.wav,data/fsdd/recordings/5_nicolas_21.wav,5,nicolas,21,2718
5_nicolas_22.wav,data/fsdd/recordings/5_nicolas_22.wav,5,nicolas,22,3165
5_nicolas_23.wav,data/fsdd/recordings/5_nicolas_23.wav,5,nicolas,23,2890
5_nicolas_24.wav,data/fsdd/recordings/5_nicolas_24.wav,5,nicolas,24,2994
5_nicolas_25.wav,data/fsdd/recordings/5_nicolas_25.wav,5,nicolas,25,2821
5_nicolas_26.wav,data/fsdd/recordings/5_nicolas_26.wav,5,nicolas,26,3062
5_nicolas_27.wav,data/fsdd/recordings/5_nicolas_27.wav,5,nicolas,27,3028
5_nicolas_28.wav,data/fsdd/recordings/5_nicolas_28.wav,5,nicolas,28,3303
5_nicolas_29.wav,data/fsdd/recordings/5_nicolas_29.wav,5,nicolas,29,2580
5_nicolas_3.wav,data/fsdd/recordings/5_nicolas_3.wav,5,nicolas,3,2898
5_nicolas_30.wav,data/fsdd/recordings/5_nicolas_30.wav,5,nicolas,30,2830
5_nicolas_31.wav,data/fsdd/recordings/5_nicolas_31.wav,5,nicolas,31,4148
5_nicolas_32.wav,data/fsdd/recordings/5_nicolas_32.wav,5,nicolas,32,2830
5_nicolas_33.wav,data/fsdd/recordings/5_nicolas_33.wav,5,nicolas,33,3281
5_nicolas_34.wav,data/fsdd/recordings/5_nicolas_34.wav,5,nicolas,34,2605
5_nicolas_35.wav,data/fsdd/recordings/5_nicolas_35.wav,5,nicolas,35,3537
5_nicolas_36.wav,data/fsdd/recordings/5_nicolas_36.wav,5,nicolas,36,3505
5_nicolas_37.wav,data/fsdd/recordings/5_nicolas_37.wav,5,nicolas,37,3345
5_nicolas_38.wav,data/fsdd/recordings/5_nicolas_38.wav,5,nicolas,38,3023
5_nicolas_39.wav,data/fsdd/recordings/5_nicolas_39.wav,5,nicolas,39,2669
5_nicolas_4.wav,data/fsdd/recordings/5_nicolas_4.wav,5,nicolas,4,2798
5_nicolas_40.wav,data/fsdd/recordings/5_nicolas_40.wav,5,nicolas,40,2770
5_nicolas_41.wav,data/fsdd/recordings/5_nicolas_41.wav,5,nicolas,41,3193
5_nicolas_42.wav,data/fsdd/recordings/5_nicolas_42.wav,5,nicolas,42,3160
5_nicolas_43.wav,data/fsdd/recordings/5_nicolas_43.wav,5,nicolas,43,2900
5_nicolas_44.wav,data/fsdd/recordings/5_nicolas_44.wav,5,nicolas,44,2933
5_nicolas_45.wav,data/fsdd/recordings/5_nicolas_45.wav,5,nicolas,45,3160
5_nicolas_46.wav,data/fsdd/recordings/5_nicolas_46.wav,5,nicolas,46,2705
5_nicolas_47.wav,data/fsdd/recordings/5_nicolas_47.wav,5,nicolas,47,3356
5_nicolas_48.wav,data/fsdd/recordings/5_nicolas_48.wav,5,nicolas,48,3323
5_nicolas_49.wav,data/fsdd/recordings/5_nicolas_49.wav,5,nicolas,49,2770
5_nicolas_5.wav,data/fsdd/recordings/5_nicolas_5.wav,5,nicolas,5,3131
5_nicolas_6.wav,data/fsdd/recordings/5_nicolas_6.wav,5,nicolas,6,2865
5_nicolas_7.wav,data/fsdd/recordings/5_nicolas_7.wav,5,nicolas,7,2832
5_nicolas_8.wav,data/fsdd/recordings/5_nicolas_8.wav,5,nicolas,8,2931
5_nicolas_9.wav,data/fsdd/recordings/5_nicolas_9.wav,5,nicolas,9,2699
6_george_0.wav,data/fsdd/recordings/6_george_0.wav,6,george,0,4155
6_george_1.wav,data/fsdd/recordings/6_george_1.wav,6,george,1,3746
6_george_10.wav,data/fsdd/recordings/6_george_10.wav,6,george,10,3355
6_george_11.wav,data/fsdd/recordings/6_george_11.wav,6,george,11,3016
6_george_12.wav,data/fsdd/recordings/6_george_12.wav,6,george,12,5020
6_george_13.wav,data/fsdd/recordings/6_george_13.wav,6,george,13,3343
6_george_14.wav,data/fsdd/recordings/6_george_14.wav,6,george,14,3472
6_george_15.wav,data/fsdd/recordings/6_george_15.wav,6,george,15,3243
6_george_16.wav,data/fsdd/recordings/6_george_16.wav,6,george,16,3708
6_george_17.wav,data/fsdd/recordings/6_george_17.wav,6,george,17,3340
6_george_18.wav,data/fsdd/recordings/6_george_18.wav,6,george,18,3125
6_george_19.wav,data/fsdd/recordings/6_george_19.wav,6,george,19,1761
6_george_2.wav,data/fsdd/recordings/6_george_2.wav,6,george,2,4505
6_george_20.wav,data/fsdd/recordings/6_george_20.wav,6,george,20,3529
6_george_21.wav,data/fsdd/recordings/6_george_21.wav,6,george,21,2551
6_george_22.wav,data/fsdd/recordings/6_george_22.wav,6,george,22,3153
6_george_23.wav,data/fsdd/recordings/6_george_23.wav,6,george,23,3793
6_george_24.wav,data/fsdd/recordings/6_george_24.wav,6,george,24,3188
6_george_25.wav,data/fsdd/recordings/6_george_25.wav,6,george,25,3801
6_george_26.wav,data/fsdd/recordings/6_george_26.wav,6,george,26,3164
6_george_27.wav,data/fsdd/recordings/6_george_27.wav,6,george,27,3606
6_george_28.wav,data/fsdd/recordings/6_george_28.wav,6,george,28,3466
6_george_29.wav,data/fsdd/recordings/6_george_29.wav,6,george,29,3157
6_george_3.wav,data/fsdd/recordings/6_george_3.wav,6,george,3,4680
6_george_30.wav,data/fsdd/recordings/6_george_30.wav,6,george,30,2422
6_george_31.wav,data/fsdd/recordings/6_george_31.wav,6,george,31,2582
6_george_32.wav,data/fsdd/recordings/6_george_32.wav,6,george,32,2932
6_george_33.wav,data/fsdd/recordings/6_george_33.wav,6,george,33,2803
6_george_34.wav,data/fsdd/recordings/6_george_34.wav,6,george,34,2342
6_george_35.wav,data/fsdd/recordings/6_george_35.wav,6,george,35,4175
6_george_36.wav,data/fsdd/recordings/6_george_36.wav,6,george,36,2230
6_george_37.wav,data/fsdd/recordings/6_george_37.wav,6,george,37,2791
6_george_38.wav,data/fsdd/recordings/6_george_38.wav,6,george,38,2983
6_george_39.wav,data/fsdd/recordings/6_george_39.wav,6,george,39,3531
6_george_4.wav,data/fsdd/recordings/6_george_4.wav,6,george,4,4419
6_george_40.wav,data/fsdd/recordings/6_george_40.wav,6,george,40,3307
6_george_41.wav,data/fsdd/recordings/6_george_41.wav,6,george,41,3022
6_george_42.wav,data/fsdd/recordings/6_george_42.wav,6,george,42,3223
6_george_43.wav,data/fsdd/recordings/6_george_43.wav,6,george,43,2883
6_george_44.wav,data/fsdd/recordings/6_george_44.wav,6,george,44,2875
6_george_45.wav,data/fsdd/recordings/6_george_45.wav,6,george,45,3854
6_george_46.wav,data/fsdd/recordings/6_george_46.wav,6,george,46,3398
6_george_47.wav,data/fsdd/recordings/6_george_47.wav,6,george,47,2752
6_george_48.wav,data/fsdd/recordings/6_george_48.wav,6,george,48,2711
6_george_49.wav,data/fsdd/recordings/6_george_49.wav,6,george,49,3424
6_george_5.wav,data/fsdd/recordings/6_george_5.wav,6,george,5,4395
6_george_6.wav,data/fsdd/recordings/6_george_6.wav,6,george,6,4499
6_george_7.wav,data/fsdd/recordings/6_george_7.wav,6,george,7,4450
6_george_8.wav,data/fsdd/recordings/6_george_8.wav,6,george,8,4502
6_george_9.wav,data/fsdd/recordings/6_george_9.wav,6,george,9,4720
6_jackson_0.wav,data/fsdd/recordings/6_jackson_0.wav,6,jackson,0,6623
6_jackson_1.wav,data/fsdd/recordings/6_jackson_1.wav,6,jackson,1,5145
6_jackson_10.wav,data/fsdd/recordings/6_jackson_10.wav,6,jackson,10,6845
6_jackson_11.wav,data/fsdd/recordings/6_jackson_11.wav,6,jackson,11,6923
6_jackson_12.wav,data/fsdd/recordings/6_jackson_12.wav,6,jackson,12,6884
6_jackson_13.wav,data/fsdd/recordings/6_jackson_13.wav,6,jackson,13,5696
6_jackson_14.wav,data/fsdd/recordings/6_jackson_14.wav,6,jackson,14,6122
6_jackson_15.wav,data/fsdd/recordings/6_jackson_15.wav,6,jackson,15,7038
6_jackson_16.wav,data/fsdd/recordings/6_jackson_16.wav,6,jackson,16,5807
6_jackson_17.wav,data/fsdd/recordings/6_jackson_17.wav,6,jackson,17,5888
6_jackson_18.wav,data/fsdd/recordings/6_jackson_18.wav,6,jackson,18,6883
6_jackson_19.wav,data/fsdd/recordings/6_jackson_19.wav,6,jackson,19,5540
6_jackson_2.wav,data/fsdd/recordings/6_jackson_2.wav,6,jackson,2,5064
6_jackson_20.wav,data/fsdd/recordings/6_jackson_20.wav,6,jackson,20,5517
6_jackson_21.wav,data/fsdd/recordings/6_jackson_21.wav,6,jackson,21,6368
6_jackson_22.wav,data/fsdd/recordings/6_jackson_22.wav,6,jackson,22,5718
6_jackson_23.wav,data/fsdd/recordings/6_jackson_23.wav,6,jackson,23,6546
6_jackson_24.wav,data/fsdd/recordings/6_jackson_24.wav,6,jackson,24,5798
6_jackson_25.wav,data/fsdd/recordings/6_jackson_25.wav,6,jackson,25,6325
6_jackson_26.wav,data/fsdd/recordings/6_jackson_26.wav,6,jackson,26,5738
6_jackson_27.wav,data/fsdd/recordings/6_jackson_27.wav,6,jackson,27,6454
6_jackson_28.wav,data/fsdd/recordings/6_jackson_28.wav,6,jackson,28,5173
6_jackson_29.wav,data/fsdd/recordings/6_jackson_29.wav,6,jackson,29,4968
6_jackson_3.wav,data/fsdd/recordings/6_jackson_3.wav,6,jackson,3,6925
6_jackson_30.wav,data/fsdd/recordings/6_jackson_30.wav,6,jackson,30,6370
6_jackson_31.wav,data/fsdd/recordings/6_jackson_31.wav,6,jackson,31,5071
6_jackson_32.wav,data/fsdd/recordings/6_jackson_32.wav,6,jackson,32,6807
6_jackson_33.wav,data/fsdd/recordings/6_jackson_33.wav,6,jackson,33,5092
6_jackson_34.wav,data/fsdd/recordings/6_jackson_34.wav,6,jackson,34,4607
6_jackson_35.wav,data/fsdd/recordings/6_jackson_35.wav,6,jackson,35,5108
6_jackson_36.wav,data/fsdd/recordings/6_jackson_36.wav,6,jackson,36,4650
6_jackson_37.wav,data/fsdd/recordings/6_jackson_37.wav,6,jackson,37,5639
6_jackson_38.wav,data/fsdd/recordings/6_jackson_38.wav,6,jackson,38,6039
6_jackson_39.wav,data/fsdd/recordings/6_jackson_39.wav,6,jackson,39,5308
6_jackson_4.wav,data/fsdd/recordings/6_jackson_4.wav,6,jackson,4,5035
6_jackson_40.wav,data/fsdd/recordings/6_jackson_40.wav,6,jackson,40,4687
6_jackson_41.wav,data/fsdd/recordings/6_jackson_41.wav,6,jackson,41,4503
6_jackson_42.wav,data/fsdd/recordings/6_jackson_42.wav,6,jackson,42,4054
6_jackson_43.wav,data/fsdd/recordings/6_jackson_43.wav,6,jackson,43,5383
6_jackson_44.wav,data/fsdd/recordings/6_jackson_44.wav,6,jackson,44,3936
6_jackson_45.wav,data/fsdd/recordings/6_jackson_45.wav,6,jackson,45,4751
6_jackson_46.wav,data/fsdd/recordings/6_jackson_46.wav,6,jackson,46,6344
6_jackson_47.wav,data/fsdd/recordings/6_jackson_47.wav,6,jackson,47,5563
6_jackson_48.wav,data/fsdd/recordings/6_jackson_48.wav,6,jackson,48,4330
6_jackson_49.wav,data/fsdd/recordings/6_jackson_49.wav,6,jackson,49,5507
6_jackson_5.wav,data/fsdd/recordings/6_jackson_5.wav,6,jackson,5,5428
6_jackson_6.wav,data/fsdd/recordings/6_jackson_6.wav,6,jackson,6,6074
6_jackson_7.wav,data/fsdd/recordings/6_jackson_7.wav,6,jackson,7,5087
6_jackson_8.wav,data/fsdd/recordings/6_jackson_8.wav,6,jackson,8,6625
6_jackson_9.wav,data/fsdd/recordings/6_jackson_9.wav,6,jackson,9,6609
6_lucas_0.wav,data/fsdd/recordings/6_lucas_0.wav,6,lucas,0,3876
6_lucas_1.wav,data/fsdd/recordings/6_lucas_1.wav,6,lucas,1,4978
6_lucas_10.wav,data/fsdd/recordings/6_lucas_10.wav,6,lucas,10,4848
6_lucas_11.wav,data/fsdd/recordings/6_lucas_11.wav,6,lucas,11,4476
6_lucas_12.wav,data/fsdd/recordings/6_lucas_12.wav,6,lucas,12,3513
6_lucas_13.wav,data/fsdd/recordings/6_lucas_13.wav,6,lucas,13,4139
6_lucas_14.wav,data/fsdd/recordings/6_lucas_14.wav,6,lucas,14,4161
6_lucas_15.wav,data/fsdd/recordings/6_lucas_15.wav,6,lucas,15,4574
6_lucas_16.wav,data/fsdd/recordings/6_lucas_16.wav,6,lucas,16,4935
6_lucas_17.wav,data/fsdd/recordings/6_lucas_17.wav,6,lucas,17,4646
6_lucas_18.wav,data/fsdd/recordings/6_lucas_18.wav,6,lucas,18,4812
6_lucas_19.wav,data/fsdd/recordings/6_lucas_19.wav,6,lucas,19,4696
6_lucas_2.wav,data/fsdd/recordings/6_lucas_2.wav,6,lucas,2,3848
6_lucas_20.wav,data/fsdd/recordings/6_lucas_20.wav,6,lucas,20,3764
6_lucas_21.wav,data/fsdd/recordings/6_lucas_21.wav,6,lucas,21,5050
6_lucas_22.wav,data/fsdd/recordings/6_lucas_22.wav,6,lucas,22,7794
6_lucas_23.wav,data/fsdd/recordings/6_lucas_23.wav,6,lucas,23,4370
6_lucas_24.wav,data/fsdd/recordings/6_lucas_24.wav,6,lucas,24,4722
6_lucas_25.wav,data/fsdd/recordings/6_lucas_25.wav,6,lucas,25,4103
6_lucas_26.wav,data/fsdd/recordings/6_lucas_26.wav,6,lucas,26,4838
6_lucas_27.wav,data/fsdd/recordings/6_lucas_27.wav,6,lucas,27,3742
6_lucas_28.wav,data/fsdd/recordings/6_lucas_28.wav,6,lucas,28,4070
6_lucas_29.wav,data/fsdd/recordings/6_lucas_29.wav,6,lucas,29,4596
6_lucas_3.wav,data/fsdd/recordings/6_lucas_3.wav,6,lucas,3,6981
6_lucas_30.wav,data/fsdd/recordings/6_lucas_30.wav,6,lucas,30,4306
6_lucas_31.wav,data/fsdd/recordings/6_lucas_31.wav,6,lucas,31,5201
6_lucas_32.wav,data/fsdd/recordings/6_lucas_32.wav,6,lucas,32,4166
6_lucas_33.wav,data/fsdd/recordings/6_lucas_33.wav,6,lucas,33,7820
6_lucas_34.wav,data/fsdd/recordings/6_lucas_34.wav,6,lucas,34,3986
6_lucas_35.wav,data/fsdd/recordings/6_lucas_35.wav,6,lucas,35,4074
6_lucas_36.wav,data/fsdd/recordings/6_lucas_36.wav,6,lucas,36,4271
6_lucas_37.wav,data/fsdd/recordings/6_lucas_37.wav,6,lucas,37,3783
6_lucas_38.wav,data/fsdd/recordings/6_lucas_38.wav,6,lucas,38,3950
6_lucas_39.wav,data/fsdd/recordings/6_lucas_39.wav,6,lucas,39,4628
6_lucas_4.wav,data/fsdd/recordings/6_lucas_4.wav,6,lucas,4,3897
6_lucas_40.wav,data/fsdd/recordings/6_lucas_40.wav,6,lucas,40,5094
6_lucas_41.wav,data/fsdd/recordings/6_lucas_41.wav,6,lucas,41,4002
6_lucas_42.wav,data/fsdd/recordings/6_lucas_42.wav,6,lucas,42,3939
6_lucas_43.wav,data/fsdd/recordings/6_lucas_43.wav,6,lucas,43,3948
6_lucas_44.wav,data/fsdd/recordings/6_lucas_44.wav,6,lucas,44,4109
6_lucas_45.wav,data/fsdd/recordings/6_lucas_45.wav,6,lucas,45,4926
6_lucas_46.wav,data/fsdd/recordings/6_lucas_46.wav,6,lucas,46,4300
6_lucas_47.wav,data/fsdd/recordings/6_lucas_47.wav,6,lucas,47,4648
6_lucas_48.wav,data/fsdd/recordings/6_lucas_48.wav,6,lucas,48,3528
6_lucas_49.wav,data/fsdd/recordings/6_lucas_49.wav,6,lucas,49,4194
6_lucas_5.wav,data/fsdd/recordings/6_lucas_5.wav,6,lucas,5,4761
6_lucas_6.wav,data/fsdd/recordings/6_lucas_6.wav,6,lucas,6,4188
6_lucas_7.wav,data/fsdd/recordings/6_lucas_7.wav,6,lucas,7,4182
6_lucas_8.wav,data/fsdd/recordings/6_lucas_8.wav,6,lucas,8,4513
6_lucas_9.wav,data/fsdd/recordings/6_lucas_9.wav,6,lucas,9,3867
6_nicolas_0.wav,data/fsdd/recordings/6_nicolas_0.wav,6,nicolas,0,1722
6_nicolas_1.wav,data/fsdd/recordings/6_nicolas_1.wav,6,nicolas,1,1850
6_nicolas_10.wav,data/fsdd/recordings/6_nicolas_10.wav,6,nicolas,10,2716
6_nicolas_11.wav,data/fsdd/recordings/6_nicolas_11.wav,6,nicolas,11,2683
6_nicolas_12.wav,data/fsdd/recordings/6_nicolas_12.wav,6,nicolas,12,2424
6_nicolas_13.wav,data/fsdd/recordings/6_nicolas_13.wav,6,nicolas,13,2619
6_nicolas_14.wav,data/fsdd/recordings/6_nicolas_14.wav,6,nicolas,14,2554
6_nicolas_15.wav,data/fsdd/recordings/6_nicolas_15.wav,6,nicolas,15,2618
6_nicolas_16.wav,data/fsdd/recordings/6_nicolas_16.wav,6,nicolas,16,1843
6_nicolas_17.wav,data/fsdd/recordings/6_nicolas_17.wav,6,nicolas,17,1843
6_nicolas_18.wav,data/fsdd/recordings/6_nicolas_18.wav,6,nicolas,18,1778
6_nicolas_19.wav,data/fsdd/recordings/6_nicolas_19.wav,6,nicolas,19,2134
6_nicolas_2.wav,data/fsdd/recordings/6_nicolas_2.wav,6,nicolas,2,2105
6_nicolas_20.wav,data/fsdd/recordings/6_nicolas_20.wav,6,nicolas,20,2388
6_nicolas_21.wav,data/fsdd/recordings/6_nicolas_21.wav,6,nicolas,21,1433
6_nicolas_22.wav,data/fsdd/recordings/6_nicolas_22.wav,6,nicolas,22,2081
6_nicolas_23.wav,data/fsdd/recordings/6_nicolas_23.wav,6,nicolas,23,1296
6_nicolas_24.wav,data/fsdd/recordings/6_nicolas_24.wav,6,nicolas,24,2422
6_nicolas_25.wav,data/fsdd/recordings/6_nicolas_25.wav,6,nicolas,25,2559
6_nicolas_26.wav,data/fsdd/recordings/6_nicolas_26.wav,6,nicolas,26,2012
6_nicolas_27.wav,data/fsdd/recordings/6_nicolas_27.wav,6,nicolas,27,1911
6_nicolas_28.wav,data/fsdd/recordings/6_nicolas_28.wav,6,nicolas,28,2422
6_nicolas_29.wav,data/fsdd/recordings/6_nicolas_29.wav,6,nicolas,29,1569
6_nicolas_3.wav,data/fsdd/recordings/6_nicolas_3.wav,6,nicolas,3,3125
6_nicolas_30.wav,data/fsdd/recordings/6_nicolas_30.wav,6,nicolas,30,2590
6_nicolas_31.wav,data/fsdd/recordings/6_nicolas_31.wav,6,nicolas,31,1973
6_nicolas_32.wav,data/fsdd/recordings/6_nicolas_32.wav,6,nicolas,32,2837
6_nicolas_33.wav,data/fsdd/recordings/6_nicolas_33.wav,6,nicolas,33,2528
6_nicolas_34.wav,data/fsdd/recordings/6_nicolas_34.wav,6,nicolas,34,1434
6_nicolas_35.wav,data/fsdd/recordings/6_nicolas_35.wav,6,nicolas,35,1295
6_nicolas_36.wav,data/fsdd/recordings/6_nicolas_36.wav,6,nicolas,36,1403
6_nicolas_37.wav,data/fsdd/recordings/6_nicolas_37.wav,6,nicolas,37,1634
6_nicolas_38.wav,data/fsdd/recordings/6_nicolas_38.wav,6,nicolas,38,1357
6_nicolas_39.wav,data/fsdd/recordings/6_nicolas_39.wav,6,nicolas,39,1434
6_nicolas_4.wav,data/fsdd/recordings/6_nicolas_4.wav,6,nicolas,4,3763
6_nicolas_40.wav,data/fsdd/recordings/6_nicolas_40.wav,6,nicolas,40,1968
6_nicolas_41.wav,data/fsdd/recordings/6_nicolas_41.wav,6,nicolas,41,2342
6_nicolas_42.wav,data/fsdd/recordings/6_nicolas_42.wav,6,nicolas,42,1593
6_nicolas_43.wav,data/fsdd/recordings/6_nicolas_43.wav,6,nicolas,43,2780
6_nicolas_44.wav,data/fsdd/recordings/6_nicolas_44.wav,6,nicolas,44,2936
6_nicolas_45.wav,data/fsdd/recordings/6_nicolas_45.wav,6,nicolas,45,2374
6_nicolas_46.wav,data/fsdd/recordings/6_nicolas_46.wav,6,nicolas,46,2842
6_nicolas_47.wav,data/fsdd/recordings/6_nicolas_47.wav,6,nicolas,47,2780
6_nicolas_48.wav,data/fsdd/recordings/6_nicolas_48.wav,6,nicolas,48,2499
6_nicolas_49.wav,data/fsdd/recordings/6_nicolas_49.wav,6,nicolas,49,2187
6_nicolas_5.wav,data/fsdd/recordings/6_nicolas_5.wav,6,nicolas,5,3763
6_nicolas_6.wav,data/fsdd/recordings/6_nicolas_6.wav,6,nicolas,6,1913
6_nicolas_7.wav,data/fsdd/recordings/6_nicolas_7.wav,6,nicolas,7,1149
6_nicolas_8.wav,data/fsdd/recordings/6_nicolas_8.wav,6,nicolas,8,1610
6_nicolas_9.wav,data/fsdd/recordings/6_nicolas_9.wav,6,nicolas,9,1259
7_george_0.wav,data/fsdd/recordings/7_george_0.wav,7,george,0,5131
7_george_1.wav,data/fsdd/recordings/7_george_1.wav,7,george,1,4719
7_george_10.wav,data/fsdd/recordings/7_george_10.wav,7,george,10,4301
7_george_11.wav,data/fsdd/recordings/7_george_11.wav,7,george,11,4244
7_george_12.wav,data/fsdd/recordings/7_george_12.wav,7,george,12,4008
7_george_13.wav,data/fsdd/recordings/7_george_13.wav,7,george,13,3784
7_george_14.wav,data/fsdd/recordings/7_george_14.wav,7,george,14,4381
7_george_15.wav,data/fsdd/recordings/7_george_15.wav,7,george,15,4002
7_george_16.wav,data/fsdd/recordings/7_george_16.wav,7,george,16,5062
7_george_17.wav,data/fsdd/recordings/7_george_17.wav,7,george,17,5063
7_george_18.wav,data/fsdd/recordings/7_george_18.wav,7,george,18,4695
7_george_19.wav,data/fsdd/recordings/7_george_19.wav,7,george,19,4761
7_george_2.wav,data/fsdd/recordings/7_george_2.wav,7,george,2,5278
7_george_20.wav,data/fsdd/recordings/7_george_20.wav,7,george,20,3638
7_george_21.wav,data/fsdd/recordings/7_george_21.wav,7,george,21,3578
7_george_22.wav,data/fsdd/recordings/7_george_22.wav,7,george,22,3471
7_george_23.wav,data/fsdd/recordings/7_george_23.wav,7,george,23,5306
7_george_24.wav,data/fsdd/recordings/7_george_24.wav,7,george,24,5108
7_george_25.wav,data/fsdd/recordings/7_george_25.wav,7,george,25,4544
7_george_26.wav,data/fsdd/recordings/7_george_26.wav,7,george,26,2147
7_george_27.wav,data/fsdd/recordings/7_george_27.wav,7,george,27,4372
7_george_28.wav,data/fsdd/recordings/7_george_28.wav,7,george,28,4105
7_george_29.wav,data/fsdd/recordings/7_george_29.wav,7,george,29,7999
7_george_3.wav,data/fsdd/recordings/7_george_3.wav,7,george,3,4577
7_george_30.wav,data/fsdd/recordings/7_george_30.wav,7,george,30,3135
7_george_31.wav,data/fsdd/recordings/7_george_31.wav,7,george,31,2774
7_george_32.wav,data/fsdd/recordings/7_george_32.wav,7,george,32,2568
7_george_33.wav,data/fsdd/recordings/7_george_33.wav,7,george,33,4338
7_george_34.wav,data/fsdd/recordings/7_george_34.wav,7,george,34,3729
7_george_35.wav,data/fsdd/recordings/7_george_35.wav,7,george,35,3992
7_george_36.wav,data/fsdd/recordings/7_george_36.wav,7,george,36,4054
7_george_37.wav,data/fsdd/recordings/7_george_37.wav,7,george,37,2673
7_george_38.wav,data/fsdd/recordings/7_george_38.wav,7,george,38,4086
7_george_39.wav,data/fsdd/recordings/7_george_39.wav,7,george,39,2720
7_george_4.wav,data/fsdd/recordings/7_george_4.wav,7,george,4,4931
7_george_40.wav,data/fsdd/recordings/7_george_40.wav,7,george,40,4275
7_george_41.wav,data/fsdd/recordings/7_george_41.wav,7,george,41,3853
7_george_42.wav,data/fsdd/recordings/7_george_42.wav,7,george,42,3584
7_george_43.wav,data/fsdd/recordings/7_george_43.wav,7,george,43,3512
7_george_44.wav,data/fsdd/recordings/7_george_44.wav,7,george,44,3656
7_george_45.wav,data/fsdd/recordings/7_george_45.wav,7,george,45,3301
7_george_46.wav,data/fsdd/recordings/7_george_46.wav,7,george,46,3977
7_george_47.wav,data/fsdd/recordings/7_george_47.wav,7,george,47,3348
7_george_48.wav,data/fsdd/recordings/7_george_48.wav,7,george,48,4384
7_george_49.wav,data/fsdd/recordings/7_george_49.wav,7,george,49,3379
7_george_5.wav,data/fsdd/recordings/7_george_5.wav,7,george,5,4960
7_george_6.wav,data/fsdd/recordings/7_george_6.wav,7,george,6,4737
7_george_7.wav,data/fsdd/recordings/7_george_7.wav,7,george,7,4323
7_george_8.wav,data/fsdd/recordings/7_george_8.wav,7,george,8,5159
7_george_9.wav,data/fsdd/recordings/7_george_9.wav,7,george,9,4547
7_jackson_0.wav,data/fsdd/recordings/7_jackson_0.wav,7,jackson,0,3457
7_jackson_1.wav,data/fsdd/recordings/7_jackson_1.wav,7,jackson,1,3789
7_jackson_10.wav,data/fsdd/recordings/7_jackson_10.wav,7,jackson,10,3538
7_jackson_11.wav,data/fsdd/recordings/7_jackson_11.wav,7,jackson,11,3273
7_jackson_12.wav,data/fsdd/recordings/7_jackson_12.wav,7,jackson,12,3547
7_jackson_13.wav,data/fsdd/recordings/7_jackson_13.wav,7,jackson,13,3608
7_jackson_14.wav,data/fsdd/recordings/7_jackson_14.wav,7,jackson,14,3821
7_jackson_15.wav,data/fsdd/recordings/7_jackson_15.wav,7,jackson,15,3202
7_jackson_16.wav,data/fsdd/recordings/7_jackson_16.wav,7,jackson,16,3430
7_jackson_17.wav,data/fsdd/recordings/7_jackson_17.wav,7,jackson,17,3727
7_jackson_18.wav,data/fsdd/recordings/7_jackson_18.wav,7,jackson,18,3278
7_jackson_19.wav,data/fsdd/recordings/7_jackson_19.wav,7,jackson,19,3722
7_jackson_2.wav,data/fsdd/recordings/7_jackson_2.wav,7,jackson,2,3077
7_jackson_20.wav,data/fsdd/recordings/7_jackson_20.wav,7,jackson,20,3692
7_jackson_21.wav,data/fsdd/recordings/7_jackson_21.wav,7,jackson,21,4196
7_jackson_22.wav,data/fsdd/recordings/7_jackson_22.wav,7,jackson,22,3559
7_jackson_23.wav,data/fsdd/recordings/7_jackson_23.wav,7,jackson,23,4496
7_jackson_24.wav,data/fsdd/recordings/7_jackson_24.wav,7,jackson,24,3519
7_jackson_25.wav,data/fsdd/recordings/7_jackson_25.wav,7,jackson,25,3753
7_jackson_26.wav,data/fsdd/recordings/7_jackson_26.wav,7,jackson,26,3880
7_jackson_27.wav,data/fsdd/recordings/7_jackson_27.wav,7,jackson,27,3931
7_jackson_28.wav,data/fsdd/recordings/7_jackson_28.wav,7,jackson,28,3410
7_jackson_29.wav,data/fsdd/recordings/7_jackson_29.wav,7,jackson,29,3576
7_jackson_3.wav,data/fsdd/recordings/7_jackson_3.wav,7,jackson,3,3472
7_jackson_30.wav,data/fsdd/recordings/7_jackson_30.wav,7,jackson,30,3706
7_jackson_31.wav,data/fsdd/recordings/7_jackson_31.wav,7,jackson,31,3367
7_jackson_32.wav,data/fsdd/recordings/7_jackson_32.wav,7,jackson,32,4301
7_jackson_33.wav,data/fsdd/recordings/7_jackson_33.wav,7,jackson,33,4296
7_jackson_34.wav,data/fsdd/recordings/7_jackson_34.wav,7,jackson,34,4063
7_jackson_35.wav,data/fsdd/recordings/7_jackson_35.wav,7,jackson,35,3306
7_jackson_36.wav,data/fsdd/recordings/7_jackson_36.wav,7,jackson,36,3195
7_jackson_37.wav,data/fsdd/recordings/7_jackson_37.wav,7,jackson,37,3241
7_jackson_38.wav,data/fsdd/recordings/7_jackson_38.wav,7,jackson,38,3830
7_jackson_39.wav,data/fsdd/recordings/7_jackson_39.wav,7,jackson,39,4108
7_jackson_4.wav,data/fsdd/recordings/7_jackson_4.wav,7,jackson,4,3338
7_jackson_40.wav,data/fsdd/recordings/7_jackson_40.wav,7,jackson,40,3890
7_jackson_41.wav,data/fsdd/recordings/7_jackson_41.wav,7,jackson,41,3966
7_jackson_42.wav,data/fsdd/recordings/7_jackson_42.wav,7,jackson,42,3878
7_jackson_43.wav,data/fsdd/recordings/7_jackson_43.wav,7,jackson,43,4303
7_jackson_44.wav,data/fsdd/recordings/7_jackson_44.wav,7,jackson,44,4108
7_jackson_45.wav,data/fsdd/recordings/7_jackson_45.wav,7,jackson,45,3700
7_jackson_46.wav,data/fsdd/recordings/7_jackson_46.wav,7,jackson,46,3891
7_jackson_47.wav,data/fsdd/recordings/7_jackson_47.wav,7,jackson,47,3945
7_jackson_48.wav,data/fsdd/recordings/7_jackson_48.wav,7,jackson,48,3671
7_jackson_49.wav,data/fsdd/recordings/7_jackson_49.wav,7,jackson,49,3918
7_jackson_5.wav,data/fsdd/recordings/7_jackson_5.wav,7,jackson,5,3566
7_jackson_6.wav,data/fsdd/recordings/7_jackson_6.wav,7,jackson,6,3567
7_jackson_7.wav,data/fsdd/recordings/7_jackson_7.wav,7,jackson,7,3363
7_jackson_8.wav,data/fsdd/recordings/7_jackson_8.wav,7,jackson,8,3405
7_jackson_9.wav,data/fsdd/recordings/7_jackson_9.wav,7,jackson,9,3531
7_lucas_0.wav,data/fsdd/recordings/7_lucas_0.wav,7,lucas,0,5299
7_lucas_1.wav,data/fsdd/recordings/7_lucas_1.wav,7,lucas,1,3608
7_lucas_10.wav,data/fsdd/recordings/7_lucas_10.wav,7,lucas,10,3576
7_lucas_11.wav,data/fsdd/recordings/7_lucas_11.wav,7,lucas,11,4405
7_lucas_12.wav,data/fsdd/recordings/7_lucas_12.wav,7,lucas,12,3699
7_lucas_13.wav,data/fsdd/recordings/7_lucas_13.wav,7,lucas,13,3648
7_lucas_14.wav,data/fsdd/recordings/7_lucas_14.wav,7,lucas,14,4992
7_lucas_15.wav,data/fsdd/recordings/7_lucas_15.wav,7,lucas,15,6978
7_lucas_16.wav,data/fsdd/recordings/7_lucas_16.wav,7,lucas,16,4059
7_lucas_17.wav,data/fsdd/recordings/7_lucas_17.wav,7,lucas,17,4108
7_lucas_18.wav,data/fsdd/recordings/7_lucas_18.wav,7,lucas,18,5363
7_lucas_19.wav,data/fsdd/recordings/7_lucas_19.wav,7,lucas,19,3870
7_lucas_2.wav,data/fsdd/recordings/7_lucas_2.wav,7,lucas,2,3821
7_lucas_20.wav,data/fsdd/recordings/7_lucas_20.wav,7,lucas,20,3947
7_lucas_21.wav,data/fsdd/recordings/7_lucas_21.wav,7,lucas,21,4758
7_lucas_22.wav,data/fsdd/recordings/7_lucas_22.wav,7,lucas,22,8024
7_lucas_23.wav,data/fsdd/recordings/7_lucas_23.wav,7,lucas,23,3659
7_lucas_24.wav,data/fsdd/recordings/7_lucas_24.wav,7,lucas,24,9692
7_lucas_25.wav,data/fsdd/recordings/7_lucas_25.wav,7,lucas,25,3822
7_lucas_26.wav,data/fsdd/recordings/7_lucas_26.wav,7,lucas,26,3560
7_lucas_27.wav,data/fsdd/recordings/7_lucas_27.wav,7,lucas,27,4089
7_lucas_28.wav,data/fsdd/recordings/7_lucas_28.wav,7,lucas,28,9331
7_lucas_29.wav,data/fsdd/recordings/7_lucas_29.wav,7,lucas,29,10399
7_lucas_3.wav,data/fsdd/recordings/7_lucas_3.wav,7,lucas,3,4470
7_lucas_30.wav,data/fsdd/recordings/7_lucas_30.wav,7,lucas,30,5443
7_lucas_31.wav,data/fsdd/recordings/7_lucas_31.wav,7,lucas,31,4316
7_lucas_32.wav,data/fsdd/recordings/7_lucas_32.wav,7,lucas,32,4242
7_lucas_33.wav,data/fsdd/recordings/7_lucas_33.wav,7,lucas,33,4319
7_lucas_34.wav,data/fsdd/recordings/7_lucas_34.wav,7,lucas,34,4412
7_lucas_35.wav,data/fsdd/recordings/7_lucas_35.wav,7,lucas,35,3562
7_lucas_36.wav,data/fsdd/recordings/7_lucas_36.wav,7,lucas,36,3615
7_lucas_37.wav,data/fsdd/recordings/7_lucas_37.wav,7,lucas,37,2775
7_lucas_38.wav,data/fsdd/recordings/7_lucas_38.wav,7,lucas,38,4262
7_lucas_39.wav,data/fsdd/recordings/7_lucas_39.wav,7,lucas,39,3005
7_lucas_4.wav,data/fsdd/recordings/7_lucas_4.wav,7,lucas,4,4627
7_lucas_40.wav,data/fsdd/recordings/7_lucas_40.wav,7,lucas,40,5163
7_lucas_41.wav,data/fsdd/recordings/7_lucas_41.wav,7,lucas,41,3789
7_lucas_42.wav,data/fsdd/recordings/7_lucas_42.wav,7,lucas,42,4337
7_lucas_43.wav,data/fsdd/recordings/7_lucas_43.wav,7,lucas,43,4117
7_lucas_44.wav,data/fsdd/recordings/7_lucas_44.wav,7,lucas,44,3805
7_lucas_45.wav,data/fsdd/recordings/7_lucas_45.wav,7,lucas,45,3928
7_lucas_46.wav,data/fsdd/recordings/7_lucas_46.wav,7,lucas,46,6913
7_lucas_47.wav,data/fsdd/recordings/7_lucas_47.wav,7,lucas,47,4060
7_lucas_48.wav,data/fsdd/recordings/7_lucas_48.wav,7,lucas,48,5228
7_lucas_49.wav,data/fsdd/recordings/7_lucas_49.wav,7,lucas,49,3368
7_lucas_5.wav,data/fsdd/recordings/7_lucas_5.wav,7,lucas,5,4314
7_lucas_6.wav,data/fsdd/recordings/7_lucas_6.wav,7,lucas,6,4357
7_lucas_7.wav,data/fsdd/recordings/7_lucas_7.wav,7,lucas,7,8309
7_lucas_8.wav,data/fsdd/recordings/7_lucas_8.wav,7,lucas,8,6405
7_lucas_9.wav,data/fsdd/recordings/7_lucas_9.wav,7,lucas,9,3693
7_nicolas_0.wav,data/fsdd/recordings/7_nicolas_0.wav,7,nicolas,0,2979
7_nicolas_1.wav,data/fsdd/recordings/7_nicolas_1.wav,7,nicolas,1,3709
7_nicolas_10.wav,data/fsdd/recordings/7_nicolas_10.wav,7,nicolas,10,3186
7_nicolas_11.wav,data/fsdd/recordings/7_nicolas_11.wav,7,nicolas,11,2936
7_nicolas_12.wav,data/fsdd/recordings/7_nicolas_12.wav,7,nicolas,12,2936
7_nicolas_13.wav,data/fsdd/recordings/7_nicolas_13.wav,7,nicolas,13,2999
7_nicolas_14.wav,data/fsdd/recordings/7_nicolas_14.wav,7,nicolas,14,3310
7_nicolas_15.wav,data/fsdd/recordings/7_nicolas_15.wav,7,nicolas,15,2343
7_nicolas_16.wav,data/fsdd/recordings/7_nicolas_16.wav,7,nicolas,16,2218
7_nicolas_17.wav,data/fsdd/recordings/7_nicolas_17.wav,7,nicolas,17,3029
7_nicolas_18.wav,data/fsdd/recordings/7_nicolas_18.wav,7,nicolas,18,3186
7_nicolas_19.wav,data/fsdd/recordings/7_nicolas_19.wav,7,nicolas,19,2655
7_nicolas_2.wav,data/fsdd/recordings/7_nicolas_2.wav,7,nicolas,2,3569
7_nicolas_20.wav,data/fsdd/recordings/7_nicolas_20.wav,7,nicolas,20,2716
7_nicolas_21.wav,data/fsdd/recordings/7_nicolas_21.wav,7,nicolas,21,2952
7_nicolas_22.wav,data/fsdd/recordings/7_nicolas_22.wav,7,nicolas,22,2746
7_nicolas_23.wav,data/fsdd/recordings/7_nicolas_23.wav,7,nicolas,23,3218
7_nicolas_24.wav,data/fsdd/recordings/7_nicolas_24.wav,7,nicolas,24,2214
7_nicolas_25.wav,data/fsdd/recordings/7_nicolas_25.wav,7,nicolas,25,1978
7_nicolas_26.wav,data/fsdd/recordings/7_nicolas_26.wav,7,nicolas,26,2598
7_nicolas_27.wav,data/fsdd/recordings/7_nicolas_27.wav,7,nicolas,27,2922
7_nicolas_28.wav,data/fsdd/recordings/7_nicolas_28.wav,7,nicolas,28,3041
7_nicolas_29.wav,data/fsdd/recordings/7_nicolas_29.wav,7,nicolas,29,3070
7_nicolas_3.wav,data/fsdd/recordings/7_nicolas_3.wav,7,nicolas,3,2922
7_nicolas_30.wav,data/fsdd/recordings/7_nicolas_30.wav,7,nicolas,30,2774
7_nicolas_31.wav,data/fsdd/recordings/7_nicolas_31.wav,7,nicolas,31,2440
7_nicolas_32.wav,data/fsdd/recordings/7_nicolas_32.wav,7,nicolas,32,2829
7_nicolas_33.wav,data/fsdd/recordings/7_nicolas_33.wav,7,nicolas,33,2608
7_nicolas_34.wav,data/fsdd/recordings/7_nicolas_34.wav,7,nicolas,34,2440
7_nicolas_35.wav,data/fsdd/recordings/7_nicolas_35.wav,7,nicolas,35,2469
7_nicolas_36.wav,data/fsdd/recordings/7_nicolas_36.wav,7,nicolas,36,3134
7_nicolas_37.wav,data/fsdd/recordings/7_nicolas_37.wav,7,nicolas,37,3245
7_nicolas_38.wav,data/fsdd/recordings/7_nicolas_38.wav,7,nicolas,38,2885
7_nicolas_39.wav,data/fsdd/recordings/7_nicolas_39.wav,7,nicolas,39,2107
7_nicolas_4.wav,data/fsdd/recordings/7_nicolas_4.wav,7,nicolas,4,3569
7_nicolas_40.wav,data/fsdd/recordings/7_nicolas_40.wav,7,nicolas,40,2828
7_nicolas_41.wav,data/fsdd/recordings/7_nicolas_41.wav,7,nicolas,41,3425
7_nicolas_42.wav,data/fsdd/recordings/7_nicolas_42.wav,7,nicolas,42,3209
7_nicolas_43.wav,data/fsdd/recordings/7_nicolas_43.wav,7,nicolas,43,2066
7_nicolas_44.wav,data/fsdd/recordings/7_nicolas_44.wav,7,nicolas,44,2882
7_nicolas_45.wav,data/fsdd/recordings/7_nicolas_45.wav,7,nicolas,45,3562
7_nicolas_46.wav,data/fsdd/recordings/7_nicolas_46.wav,7,nicolas,46,3072
7_nicolas_47.wav,data/fsdd/recordings/7_nicolas_47.wav,7,nicolas,47,3453
7_nicolas_48.wav,data/fsdd/recordings/7_nicolas_48.wav,7,nicolas,48,2910
7_nicolas_49.wav,data/fsdd/recordings/7_nicolas_49.wav,7,nicolas,49,2474
7_nicolas_5.wav,data/fsdd/recordings/7_nicolas_5.wav,7,nicolas,5,2444
7_nicolas_6.wav,data/fsdd/recordings/7_nicolas_6.wav,7,nicolas,6,2951
7_nicolas_7.wav,data/fsdd/recordings/7_nicolas_7.wav,7,nicolas,7,2979
7_nicolas_8.wav,data/fsdd/recordings/7_nicolas_8.wav,7,nicolas,8,3484
7_nicolas_9.wav,data/fsdd/recordings/7_nicolas_9.wav,7,nicolas,9,2979
8_george_0.wav,data/fsdd/recordings/8_george_0.wav,8,george,0,4222
8_george_1.wav,data/fsdd/recordings/8_george_1.wav,8,george,1,4111
8_george_10.wav,data/fsdd/recordings/8_george_10.wav,8,george,10,3670
8_george_11.wav,data/fsdd/recordings/8_george_11.wav,8,george,11,3566
8_george_12.wav,data/fsdd/recordings/8_george_12.wav,8,george,12,3513
8_george_13.wav,data/fsdd/recordings/8_george_13.wav,8,george,13,4191
8_george_14.wav,data/fsdd/recordings/8_george_14.wav,8,george,14,4052
8_george_15.wav,data/fsdd/recordings/8_george_15.wav,8,george,15,3112
8_george_16.wav,data/fsdd/recordings/8_george_16.wav,8,george,16,3631
8_george_17.wav,data/fsdd/recordings/8_george_17.wav,8,george,17,4085
8_george_18.wav,data/fsdd/recordings/8_george_18.wav,8,george,18,3747
8_george_19.wav,data/fsdd/recordings/8_george_19.wav,8,george,19,3921
8_george_2.wav,data/fsdd/recordings/8_george_2.wav,8,george,2,4336
8_george_20.wav,data/fsdd/recordings/8_george_20.wav,8,george,20,3397
8_george_21.wav,data/fsdd/recordings/8_george_21.wav,8,george,21,2995
8_george_22.wav,data/fsdd/recordings/8_george_22.wav,8,george,22,4013
8_george_23.wav,data/fsdd/recordings/8_george_23.wav,8,george,23,4187
8_george_24.wav,data/fsdd/recordings/8_george_24.wav,8,george,24,3294
8_george_25.wav,data/fsdd/recordings/8_george_25.wav,8,george,25,3673
8_george_26.wav,data/fsdd/recordings/8_george_26.wav,8,george,26,3570
8_george_27.wav,data/fsdd/recordings/8_george_27.wav,8,george,27,4014
8_george_28.wav,data/fsdd/recordings/8_george_28.wav,8,george,28,4669
8_george_29.wav,data/fsdd/recordings/8_george_29.wav,8,george,29,2610
8_george_3.wav,data/fsdd/recordings/8_george_3.wav,8,george,3,4076
8_george_30.wav,data/fsdd/recordings/8_george_30.wav,8,george,30,2973
8_george_31.wav,data/fsdd/recordings/8_george_31.wav,8,george,31,2550
8_george_32.wav,data/fsdd/recordings/8_george_32.wav,8,george,32,3314
8_george_33.wav,data/fsdd/recordings/8_george_33.wav,8,george,33,3793
8_george_34.wav,data/fsdd/recordings/8_george_34.wav,8,george,34,3149
8_george_35.wav,data/fsdd/recordings/8_george_35.wav,8,george,35,2884
8_george_36.wav,data/fsdd/recordings/8_george_36.wav,8,george,36,3306
8_george_37.wav,data/fsdd/recordings/8_george_37.wav,8,george,37,3342
8_george_38.wav,data/fsdd/recordings/8_george_38.wav,8,george,38,2570
8_george_39.wav,data/fsdd/recordings/8_george_39.wav,8,george,39,2161
8_george_4.wav,data/fsdd/recordings/8_george_4.wav,8,george,4,4051
8_george_40.wav,data/fsdd/recordings/8_george_40.wav,8,george,40,3618
8_george_41.wav,data/fsdd/recordings/8_george_41.wav,8,george,41,2335
8_george_42.wav,data/fsdd/recordings/8_george_42.wav,8,george,42,3158
8_george_43.wav,data/fsdd/recordings/8_george_43.wav,8,george,43,3393
8_george_44.wav,data/fsdd/recordings/8_george_44.wav,8,george,44,3282
8_george_45.wav,data/fsdd/recordings/8_george_45.wav,8,george,45,3462
8_george_46.wav,data/fsdd/recordings/8_george_46.wav,8,george,46,3805
8_george_47.wav,data/fsdd/recordings/8_george_47.wav,8,george,47,3639
8_george_48.wav,data/fsdd/recordings/8_george_48.wav,8,george,48,3546
8_george_49.wav,data/fsdd/recordings/8_george_49.wav,8,george,49,3243
8_george_5.wav,data/fsdd/recordings/8_george_5.wav,8,george,5,3791
8_george_6.wav,data/fsdd/recordings/8_george_6.wav,8,george,6,3971
8_george_7.wav,data/fsdd/recordings/8_george_7.wav,8,george,7,3938
8_george_8.wav,data/fsdd/recordings/8_george_8.wav,8,george,8,4095
8_george_9.wav,data/fsdd/recordings/8_george_9.wav,8,george,9,3829
8_jackson_0.wav,data/fsdd/recordings/8_jackson_0.wav,8,jackson,0,2776
8_jackson_1.wav,data/fsdd/recordings/8_jackson_1.wav,8,jackson,1,3229
8_jackson_10.wav,data/fsdd/recordings/8_jackson_10.wav,8,jackson,10,2914
8_jackson_11.wav,data/fsdd/recordings/8_jackson_11.wav,8,jackson,11,3299
8_jackson_12.wav,data/fsdd/recordings/8_jackson_12.wav,8,jackson,12,2846
8_jackson_13.wav,data/fsdd/recordings/8_jackson_13.wav,8,jackson,13,3039
8_jackson_14.wav,data/fsdd/recordings/8_jackson_14.wav,8,jackson,14,2905
8_jackson_15.wav,data/fsdd/recordings/8_jackson_15.wav,8,jackson,15,3148
8_jackson_16.wav,data/fsdd/recordings/8_jackson_16.wav,8,jackson,16,2786
8_jackson_17.wav,data/fsdd/recordings/8_jackson_17.wav,8,jackson,17,3169
8_jackson_18.wav,data/fsdd/recordings/8_jackson_18.wav,8,jackson,18,3204
8_jackson_19.wav,data/fsdd/recordings/8_jackson_19.wav,8,jackson,19,3037
8_jackson_2.wav,data/fsdd/recordings/8_jackson_2.wav,8,jackson,2,3061
8_jackson_20.wav,data/fsdd/recordings/8_jackson_20.wav,8,jackson,20,3158
8_jackson_21.wav,data/fsdd/recordings/8_jackson_21.wav,8,jackson,21,3100
8_jackson_22.wav,data/fsdd/recordings/8_jackson_22.wav,8,jackson,22,3569
8_jackson_23.wav,data/fsdd/recordings/8_jackson_23.wav,8,jackson,23,3496
8_jackson_24.wav,data/fsdd/recordings/8_jackson_24.wav,8,jackson,24,2986
8_jackson_25.wav,data/fsdd/recordings/8_jackson_25.wav,8,jackson,25,3201
8_jackson_26.wav,data/fsdd/recordings/8_jackson_26.wav,8,jackson,26,3681
8_jackson_27.wav,data/fsdd/recordings/8_jackson_27.wav,8,jackson,27,3249
8_jackson_28.wav,data/fsdd/recordings/8_jackson_28.wav,8,jackson,28,3283
8_jackson_29.wav,data/fsdd/recordings/8_jackson_29.wav,8,jackson,29,3210
8_jackson_3.wav,data/fsdd/recordings/8_jackson_3.wav,8,jackson,3,3117
8_jackson_30.wav,data/fsdd/recordings/8_jackson_30.wav,8,jackson,30,3519
8_jackson_31.wav,data/fsdd/recordings/8_jackson_31.wav,8,jackson,31,3399
8_jackson_32.wav,data/fsdd/recordings/8_jackson_32.wav,8,jackson,32,3655
8_jackson_33.wav,data/fsdd/recordings/8_jackson_33.wav,8,jackson,33,3581
8_jackson_34.wav,data/fsdd/recordings/8_jackson_34.wav,8,jackson,34,3844
8_jackson_35.wav,data/fsdd/recordings/8_jackson_35.wav,8,jackson,35,3824
8_jackson_36.wav,data/fsdd/recordings/8_jackson_36.wav,8,jackson,36,3339
8_jackson_37.wav,data/fsdd/recordings/8_jackson_37.wav,8,jackson,37,3249
8_jackson_38.wav,data/fsdd/recordings/8_jackson_38.wav,8,jackson,38,3599
8_jackson_39.wav,data/fsdd/recordings/8_jackson_39.wav,8,jackson,39,3759
8_jackson_4.wav,data/fsdd/recordings/8_jackson_4.wav,8,jackson,4,3248
8_jackson_40.wav,data/fsdd/recordings/8_jackson_40.wav,8,jackson,40,3532
8_jackson_41.wav,data/fsdd/recordings/8_jackson_41.wav,8,jackson,41,4604
8_jackson_42.wav,data/fsdd/recordings/8_jackson_42.wav,8,jackson,42,3379
8_jackson_43.wav,data/fsdd/recordings/8_jackson_43.wav,8,jackson,43,3355
8_jackson_44.wav,data/fsdd/recordings/8_jackson_44.wav,8,jackson,44,3495
8_jackson_45.wav,data/fsdd/recordings/8_jackson_45.wav,8,jackson,45,3506
8_jackson_46.wav,data/fsdd/recordings/8_jackson_46.wav,8,jackson,46,3356
8_jackson_47.wav,data/fsdd/recordings/8_jackson_47.wav,8,jackson,47,3421
8_jackson_48.wav,data/fsdd/recordings/8_jackson_48.wav,8,jackson,48,3391
8_jackson_49.wav,data/fsdd/recordings/8_jackson_49.wav,8,jackson,49,3764
8_jackson_5.wav,data/fsdd/recordings/8_jackson_5.wav,8,jackson,5,3442
8_jackson_6.wav,data/fsdd/recordings/8_jackson_6.wav,8,jackson,6,3379
8_jackson_7.wav,data/fsdd/recordings/8_jackson_7.wav,8,jackson,7,3464
8_jackson_8.wav,data/fsdd/recordings/8_jackson_8.wav,8,jackson,8,2950
8_jackson_9.wav,data/fsdd/recordings/8_jackson_9.wav,8,jackson,9,3043
8_lucas_0.wav,data/fsdd/recordings/8_lucas_0.wav,8,lucas,0,9143
8_lucas_1.wav,data/fsdd/recordings/8_lucas_1.wav,8,lucas,1,2713
8_lucas_10.wav,data/fsdd/recordings/8_lucas_10.wav,8,lucas,10,3222
8_lucas_11.wav,data/fsdd/recordings/8_lucas_11.wav,8,lucas,11,4014
8_lucas_12.wav,data/fsdd/recordings/8_lucas_12.wav,8,lucas,12,3883
8_lucas_13.wav,data/fsdd/recordings/8_lucas_13.wav,8,lucas,13,3961
8_lucas_14.wav,data/fsdd/recordings/8_lucas_14.wav,8,lucas,14,7011
8_lucas_15.wav,data/fsdd/recordings/8_lucas_15.wav,8,lucas,15,2738
8_lucas_16.wav,data/fsdd/recordings/8_lucas_16.wav,8,lucas,16,1965
8_lucas_17.wav,data/fsdd/recordings/8_lucas_17.wav,8,lucas,17,3860
8_lucas_18.wav,data/fsdd/recordings/8_lucas_18.wav,8,lucas,18,4479
8_lucas_19.wav,data/fsdd/recordings/8_lucas_19.wav,8,lucas,19,4241
8_lucas_2.wav,data/fsdd/recordings/8_lucas_2.wav,8,lucas,2,6572
8_lucas_20.wav,data/fsdd/recordings/8_lucas_20.wav,8,lucas,20,2835
8_lucas_21.wav,data/fsdd/recordings/8_lucas_21.wav,8,lucas,21,5616
8_lucas_22.wav,data/fsdd/recordings/8_lucas_22.wav,8,lucas,22,3346
8_lucas_23.wav,data/fsdd/recordings/8_lucas_23.wav,8,lucas,23,4333
8_lucas_24.wav,data/fsdd/recordings/8_lucas_24.wav,8,lucas,24,3258
8_lucas_25.wav,data/fsdd/recordings/8_lucas_25.wav,8,lucas,25,4460
8_lucas_26.wav,data/fsdd/recordings/8_lucas_26.wav,8,lucas,26,3812
8_lucas_27.wav,data/fsdd/recordings/8_lucas_27.wav,8,lucas,27,4286
8_lucas_28.wav,data/fsdd/recordings/8_lucas_28.wav,8,lucas,28,8023
8_lucas_29.wav,data/fsdd/recordings/8_lucas_29.wav,8,lucas,29,3958
8_lucas_3.wav,data/fsdd/recordings/8_lucas_3.wav,8,lucas,3,5583
8_lucas_30.wav,data/fsdd/recordings/8_lucas_30.wav,8,lucas,30,4134
8_lucas_31.wav,data/fsdd/recordings/8_lucas_31.wav,8,lucas,31,4228
8_lucas_32.wav,data/fsdd/recordings/8_lucas_32.wav,8,lucas,32,4392
8_lucas_33.wav,data/fsdd/recordings/8_lucas_33.wav,8,lucas,33,5008
8_lucas_34.wav,data/fsdd/recordings/8_lucas_34.wav,8,lucas,34,4282
8_lucas_35.wav,data/fsdd/recordings/8_lucas_35.wav,8,lucas,35,4279
8_lucas_36.wav,data/fsdd/recordings/8_lucas_36.wav,8,lucas,36,4206
8_lucas_37.wav,data/fsdd/recordings/8_lucas_37.wav,8,lucas,37,3906
8_lucas_38.wav,data/fsdd/recordings/8_lucas_38.wav,8,lucas,38,3837
8_lucas_39.wav,data/fsdd/recordings/8_lucas_39.wav,8,lucas,39,4468
8_lucas_4.wav,data/fsdd/recordings/8_lucas_4.wav,8,lucas,4,5431
8_lucas_40.wav,data/fsdd/recordings/8_lucas_40.wav,8,lucas,40,3975
8_lucas_41.wav,data/fsdd/recordings/8_lucas_41.wav,8,lucas,41,4350
8_lucas_42.wav,data/fsdd/recordings/8_lucas_42.wav,8,lucas,42,3780
8_lucas_43.wav,data/fsdd/recordings/8_lucas_43.wav,8,lucas,43,4695
8_lucas_44.wav,data/fsdd/recordings/8_lucas_44.wav,8,lucas,44,4040
8_lucas_45.wav,data/fsdd/recordings/8_lucas_45.wav,8,lucas,45,3927
8_lucas_46.wav,data/fsdd/recordings/8_lucas_46.wav,8,lucas,46,3735
8_lucas_47.wav,data/fsdd/recordings/8_lucas_47.wav,8,lucas,47,4670
8_lucas_48.wav,data/fsdd/recordings/8_lucas_48.wav,8,lucas,48,3275
8_lucas_49.wav,data/fsdd/recordings/8_lucas_49.wav,8,lucas,49,3222
8_lucas_5.wav,data/fsdd/recordings/8_lucas_5.wav,8,lucas,5,7361
8_lucas_6.wav,data/fsdd/recordings/8_lucas_6.wav,8,lucas,6,3416
8_lucas_7.wav,data/fsdd/recordings/8_lucas_7.wav,8,lucas,7,6203
8_lucas_8.wav,data/fsdd/recordings/8_lucas_8.wav,8,lucas,8,3646
8_lucas_9.wav,data/fsdd/recordings/8_lucas_9.wav,8,lucas,9,4204
8_nicolas_0.wav,data/fsdd/recordings/8_nicolas_0.wav,8,nicolas,0,1858
8_nicolas_1.wav,data/fsdd/recordings/8_nicolas_1.wav,8,nicolas,1,1805
8_nicolas_10.wav,data/fsdd/recordings/8_nicolas_10.wav,8,nicolas,10,3050
8_nicolas_11.wav,data/fsdd/recordings/8_nicolas_11.wav,8,nicolas,11,3984
8_nicolas_12.wav,data/fsdd/recordings/8_nicolas_12.wav,8,nicolas,12,3591
8_nicolas_13.wav,data/fsdd/recordings/8_nicolas_13.wav,8,nicolas,13,3124
8_nicolas_14.wav,data/fsdd/recordings/8_nicolas_14.wav,8,nicolas,14,3197
8_nicolas_15.wav,data/fsdd/recordings/8_nicolas_15.wav,8,nicolas,15,3689
8_nicolas_16.wav,data/fsdd/recordings/8_nicolas_16.wav,8,nicolas,16,3739
8_nicolas_17.wav,data/fsdd/recordings/8_nicolas_17.wav,8,nicolas,17,2828
8_nicolas_18.wav,data/fsdd/recordings/8_nicolas_18.wav,8,nicolas,18,3197
8_nicolas_19.wav,data/fsdd/recordings/8_nicolas_19.wav,8,nicolas,19,3320
8_nicolas_2.wav,data/fsdd/recordings/8_nicolas_2.wav,8,nicolas,2,1936
8_nicolas_20.wav,data/fsdd/recordings/8_nicolas_20.wav,8,nicolas,20,3361
8_nicolas_21.wav,data/fsdd/recordings/8_nicolas_21.wav,8,nicolas,21,3361
8_nicolas_22.wav,data/fsdd/recordings/8_nicolas_22.wav,8,nicolas,22,3136
8_nicolas_23.wav,data/fsdd/recordings/8_nicolas_23.wav,8,nicolas,23,3236
8_nicolas_24.wav,data/fsdd/recordings/8_nicolas_24.wav,8,nicolas,24,3485
8_nicolas_25.wav,data/fsdd/recordings/8_nicolas_25.wav,8,nicolas,25,3137
8_nicolas_26.wav,data/fsdd/recordings/8_nicolas_26.wav,8,nicolas,26,2639
8_nicolas_27.wav,data/fsdd/recordings/8_nicolas_27.wav,8,nicolas,27,2912
8_nicolas_28.wav,data/fsdd/recordings/8_nicolas_28.wav,8,nicolas,28,3062
8_nicolas_29.wav,data/fsdd/recordings/8_nicolas_29.wav,8,nicolas,29,2863
8_nicolas_3.wav,data/fsdd/recordings/8_nicolas_3.wav,8,nicolas,3,2015
8_nicolas_30.wav,data/fsdd/recordings/8_nicolas_30.wav,8,nicolas,30,3025
8_nicolas_31.wav,data/fsdd/recordings/8_nicolas_31.wav,8,nicolas,31,3143
8_nicolas_32.wav,data/fsdd/recordings/8_nicolas_32.wav,8,nicolas,32,3380
8_nicolas_33.wav,data/fsdd/recordings/8_nicolas_33.wav,8,nicolas,33,2936
8_nicolas_34.wav,data/fsdd/recordings/8_nicolas_34.wav,8,nicolas,34,3262
8_nicolas_35.wav,data/fsdd/recordings/8_nicolas_35.wav,8,nicolas,35,3025
8_nicolas_36.wav,data/fsdd/recordings/8_nicolas_36.wav,8,nicolas,36,3499
8_nicolas_37.wav,data/fsdd/recordings/8_nicolas_37.wav,8,nicolas,37,3262
8_nicolas_38.wav,data/fsdd/recordings/8_nicolas_38.wav,8,nicolas,38,3380
8_nicolas_39.wav,data/fsdd/recordings/8_nicolas_39.wav,8,nicolas,39,3262
8_nicolas_4.wav,data/fsdd/recordings/8_nicolas_4.wav,8,nicolas,4,2067
8_nicolas_40.wav,data/fsdd/recordings/8_nicolas_40.wav,8,nicolas,40,3053
8_nicolas_41.wav,data/fsdd/recordings/8_nicolas_41.wav,8,nicolas,41,3020
8_nicolas_42.wav,data/fsdd/recordings/8_nicolas_42.wav,8,nicolas,42,2790
8_nicolas_43.wav,data/fsdd/recordings/8_nicolas_43.wav,8,nicolas,43,2823
8_nicolas_44.wav,data/fsdd/recordings/8_nicolas_44.wav,8,nicolas,44,2987
8_nicolas_45.wav,data/fsdd/recordings/8_nicolas_45.wav,8,nicolas,45,3119
8_nicolas_46.wav,data/fsdd/recordings/8_nicolas_46.wav,8,nicolas,46,2987
8_nicolas_47.wav,data/fsdd/recordings/8_nicolas_47.wav,8,nicolas,47,3184
8_nicolas_48.wav,data/fsdd/recordings/8_nicolas_48.wav,8,nicolas,48,3151
8_nicolas_49.wav,data/fsdd/recordings/8_nicolas_49.wav,8,nicolas,49,3217
8_nicolas_5.wav,data/fsdd/recordings/8_nicolas_5.wav,8,nicolas,5,2407
8_nicolas_6.wav,data/fsdd/recordings/8_nicolas_6.wav,8,nicolas,6,3244
8_nicolas_7.wav,data/fsdd/recordings/8_nicolas_7.wav,8,nicolas,7,1805
8_nicolas_8.wav,data/fsdd/recordings/8_nicolas_8.wav,8,nicolas,8,1858
8_nicolas_9.wav,data/fsdd/recordings/8_nicolas_9.wav,8,nicolas,9,2146
9_george_0.wav,data/fsdd/recordings/9_george_0.wav,9,george,0,4189
9_george_1.wav,data/fsdd/recordings/9_george_1.wav,9,george,1,4000
9_george_10.wav,data/fsdd/recordings/9_george_10.wav,9,george,10,3856
9_george_11.wav,data/fsdd/recordings/9_george_11.wav,9,george,11,3659
9_george_12.wav,data/fsdd/recordings/9_george_12.wav,9,george,12,3881
9_george_13.wav,data/fsdd/recordings/9_george_13.wav,9,george,13,3440
9_george_14.wav,data/fsdd/recordings/9_george_14.wav,9,george,14,3875
9_george_15.wav,data/fsdd/recordings/9_george_15.wav,9,george,15,4346
9_george_16.wav,data/fsdd/recordings/9_george_16.wav,9,george,16,4299
9_george_17.wav,data/fsdd/recordings/9_george_17.wav,9,george,17,4778
9_george_18.wav,data/fsdd/recordings/9_george_18.wav,9,george,18,3951
9_george_19.wav,data/fsdd/recordings/9_george_19.wav,9,george,19,4898
9_george_2.wav,data/fsdd/recordings/9_george_2.wav,9,george,2,3983
9_george_20.wav,data/fsdd/recordings/9_george_20.wav,9,george,20,3207
9_george_21.wav,data/fsdd/recordings/9_george_21.wav,9,george,21,4038
9_george_22.wav,data/fsdd/recordings/9_george_22.wav,9,george,22,4896
9_george_23.wav,data/fsdd/recordings/9_george_23.wav,9,george,23,4782
9_george_24.wav,data/fsdd/recordings/9_george_24.wav,9,george,24,3231
9_george_25.wav,data/fsdd/recordings/9_george_25.wav,9,george,25,3785
9_george_26.wav,data/fsdd/recordings/9_george_26.wav,9,george,26,3524
9_george_27.wav,data/fsdd/recordings/9_george_27.wav,9,george,27,3690
9_george_28.wav,data/fsdd/recordings/9_george_28.wav,9,george,28,3934
9_george_29.wav,data/fsdd/recordings/9_george_29.wav,9,george,29,3673
9_george_3.wav,data/fsdd/recordings/9_george_3.wav,9,george,3,2683
9_george_30.wav,data/fsdd/recordings/9_george_30.wav,9,george,30,2759
9_george_31.wav,data/fsdd/recordings/9_george_31.wav,9,george,31,2248
9_george_32.wav,data/fsdd/recordings/9_george_32.wav,9,george,32,3914
9_george_33.wav,data/fsdd/recordings/9_george_33.wav,9,george,33,2929
9_george_34.wav,data/fsdd/recordings/9_george_34.wav,9,george,34,3032
9_george_35.wav,data/fsdd/recordings/9_george_35.wav,9,george,35,2863
9_george_36.wav,data/fsdd/recordings/9_george_36.wav,9,george,36,3262
9_george_37.wav,data/fsdd/recordings/9_george_37.wav,9,george,37,3900
9_george_38.wav,data/fsdd/recordings/9_george_38.wav,9,george,38,3310
9_george_39.wav,data/fsdd/recordings/9_george_39.wav,9,george,39,3790
9_george_4.wav,data/fsdd/recordings/9_george_4.wav,9,george,4,3952
9_george_40.wav,data/fsdd/recordings/9_george_40.wav,9,george,40,2788
9_george_41.wav,data/fsdd/recordings/9_george_41.wav,9,george,41,3930
9_george_42.wav,data/fsdd/recordings/9_george_42.wav,9,george,42,2846
9_george_43.wav,data/fsdd/recordings/9_george_43.wav,9,george,43,3278
9_george_44.wav,data/fsdd/recordings/9_george_44.wav,9,george,44,3418
9_george_45.wav,data/fsdd/recordings/9_george_45.wav,9,george,45,3972
9_george_46.wav,data/fsdd/recordings/9_george_46.wav,9,george,46,3450
9_george_47.wav,data/fsdd/recordings/9_george_47.wav,9,george,47,3806
9_george_48.wav,data/fsdd/recordings/9_george_48.wav,9,george,48,3442
9_george_49.wav,data/fsdd/recordings/9_george_49.wav,9,george,49,3588
9_george_5.wav,data/fsdd/recordings/9_george_5.wav,9,george,5,4285
9_george_6.wav,data/fsdd/recordings/9_george_6.wav,9,george,6,4587
9_george_7.wav,data/fsdd/recordings/9_george_7.wav,9,george,7,5043
9_george_8.wav,data/fsdd/recordings/9_george_8.wav,9,george,8,4308
9_george_9.wav,data/fsdd/recordings/9_george_9.wav,9,george,9,4125
9_jackson_0.wav,data/fsdd/recordings/9_jackson_0.wav,9,jackson,0,4827
9_jackson_1.wav,data/fsdd/recordings/9_jackson_1.wav,9,jackson,1,4523
9_jackson_10.wav,data/fsdd/recordings/9_jackson_10.wav,9,jackson,10,4108
9_jackson_11.wav,data/fsdd/recordings/9_jackson_11.wav,9,jackson,11,4960
9_jackson_12.wav,data/fsdd/recordings/9_jackson_12.wav,9,jackson,12,4622
9_jackson_13.wav,data/fsdd/recordings/9_jackson_13.wav,9,jackson,13,4751
9_jackson_14.wav,data/fsdd/recordings/9_jackson_14.wav,9,jackson,14,4972
9_jackson_15.wav,data/fsdd/recordings/9_jackson_15.wav,9,jackson,15,4716
9_jackson_16.wav,data/fsdd/recordings/9_jackson_16.wav,9,jackson,16,3752
9_jackson_17.wav,data/fsdd/recordings/9_jackson_17.wav,9,jackson,17,3827
9_jackson_18.wav,data/fsdd/recordings/9_jackson_18.wav,9,jackson,18,4282
9_jackson_19.wav,data/fsdd/recordings/9_jackson_19.wav,9,jackson,19,4343
9_jackson_2.wav,data/fsdd/recordings/9_jackson_2.wav,9,jackson,2,4632
9_jackson_20.wav,data/fsdd/recordings/9_jackson_20.wav,9,jackson,20,4746
9_jackson_21.wav,data/fsdd/recordings/9_jackson_21.wav,9,jackson,21,4294
9_jackson_22.wav,data/fsdd/recordings/9_jackson_22.wav,9,jackson,22,4142
9_jackson_23.wav,data/fsdd/recordings/9_jackson_23.wav,9,jackson,23,4923
9_jackson_24.wav,data/fsdd/recordings/9_jackson_24.wav,9,jackson,24,4330
9_jackson_25.wav,data/fsdd/recordings/9_jackson_25.wav,9,jackson,25,3942
9_jackson_26.wav,data/fsdd/recordings/9_jackson_26.wav,9,jackson,26,4984
9_jackson_27.wav,data/fsdd/recordings/9_jackson_27.wav,9,jackson,27,4865
9_jackson_28.wav,data/fsdd/recordings/9_jackson_28.wav,9,jackson,28,4881
9_jackson_29.wav,data/fsdd/recordings/9_jackson_29.wav,9,jackson,29,4135
9_jackson_3.wav,data/fsdd/recordings/9_jackson_3.wav,9,jackson,3,4300
9_jackson_30.wav,data/fsdd/recordings/9_jackson_30.wav,9,jackson,30,5093
9_jackson_31.wav,data/fsdd/recordings/9_jackson_31.wav,9,jackson,31,5198
9_jackson_32.wav,data/fsdd/recordings/9_jackson_32.wav,9,jackson,32,5084
9_jackson_33.wav,data/fsdd/recordings/9_jackson_33.wav,9,jackson,33,5405
9_jackson_34.wav,data/fsdd/recordings/9_jackson_34.wav,9,jackson,34,5450
9_jackson_35.wav,data/fsdd/recordings/9_jackson_35.wav,9,jackson,35,5269
9_jackson_36.wav,data/fsdd/recordings/9_jackson_36.wav,9,jackson,36,5267
9_jackson_37.wav,data/fsdd/recordings/9_jackson_37.wav,9,jackson,37,4992
9_jackson_38.wav,data/fsdd/recordings/9_jackson_38.wav,9,jackson,38,5201
9_jackson_39.wav,data/fsdd/recordings/9_jackson_39.wav,9,jackson,39,4830
9_jackson_4.wav,data/fsdd/recordings/9_jackson_4.wav,9,jackson,4,4653
9_jackson_40.wav,data/fsdd/recordings/9_jackson_40.wav,9,jackson,40,4962
9_jackson_41.wav,data/fsdd/recordings/9_jackson_41.wav,9,jackson,41,4443
9_jackson_42.wav,data/fsdd/recordings/9_jackson_42.wav,9,jackson,42,4649
9_jackson_43.wav,data/fsdd/recordings/9_jackson_43.wav,9,jackson,43,4962
9_jackson_44.wav,data/fsdd/recordings/9_jackson_44.wav,9,jackson,44,4835
9_jackson_45.wav,data/fsdd/recordings/9_jackson_45.wav,9,jackson,45,4328
9_jackson_46.wav,data/fsdd/recordings/9_jackson_46.wav,9,jackson,46,5177
9_jackson_47.wav,data/fsdd/recordings/9_jackson_47.wav,9,jackson,47,4896
9_jackson_48.wav,data/fsdd/recordings/9_jackson_48.wav,9,jackson,48,4872
9_jackson_49.wav,data/fsdd/recordings/9_jackson_49.wav,9,jackson,49,5158
9_jackson_5.wav,data/fsdd/recordings/9_jackson_5.wav,9,jackson,5,4605
9_jackson_6.wav,data/fsdd/recordings/9_jackson_6.wav,9,jackson,6,4445
9_jackson_7.wav,data/fsdd/recordings/9_jackson_7.wav,9,jackson,7,4307
9_jackson_8.wav,data/fsdd/recordings/9_jackson_8.wav,9,jackson,8,5090
9_jackson_9.wav,data/fsdd/recordings/9_jackson_9.wav,9,jackson,9,4313
9_lucas_0.wav,data/fsdd/recordings/9_lucas_0.wav,9,lucas,0,4087
9_lucas_1.wav,data/fsdd/recordings/9_lucas_1.wav,9,lucas,1,4484
9_lucas_10.wav,data/fsdd/recordings/9_lucas_10.wav,9,lucas,10,3962
9_lucas_11.wav,data/fsdd/recordings/9_lucas_11.wav,9,lucas,11,3580
9_lucas_12.wav,data/fsdd/recordings/9_lucas_12.wav,9,lucas,12,8943
9_lucas_13.wav,data/fsdd/recordings/9_lucas_13.wav,9,lucas,13,6995
9_lucas_14.wav,data/fsdd/recordings/9_lucas_14.wav,9,lucas,14,3559
9_lucas_15.wav,data/fsdd/recordings/9_lucas_15.wav,9,lucas,15,4120
9_lucas_16.wav,data/fsdd/recordings/9_lucas_16.wav,9,lucas,16,3423
9_lucas_17.wav,data/fsdd/recordings/9_lucas_17.wav,9,lucas,17,3560
9_lucas_18.wav,data/fsdd/recordings/9_lucas_18.wav,9,lucas,18,5379
9_lucas_19.wav,data/fsdd/recordings/9_lucas_19.wav,9,lucas,19,2733
9_lucas_2.wav,data/fsdd/recordings/9_lucas_2.wav,9,lucas,2,3828
9_lucas_20.wav,data/fsdd/recordings/9_lucas_20.wav,9,lucas,20,3830
9_lucas_21.wav,data/fsdd/recordings/9_lucas_21.wav,9,lucas,21,4539
9_lucas_22.wav,data/fsdd/recordings/9_lucas_22.wav,9,lucas,22,3612
9_lucas_23.wav,data/fsdd/recordings/9_lucas_23.wav,9,lucas,23,4221
9_lucas_24.wav,data/fsdd/recordings/9_lucas_24.wav,9,lucas,24,6733
9_lucas_25.wav,data/fsdd/recordings/9_lucas_25.wav,9,lucas,25,6548
9_lucas_26.wav,data/fsdd/recordings/9_lucas_26.wav,9,lucas,26,2970
9_lucas_27.wav,data/fsdd/recordings/9_lucas_27.wav,9,lucas,27,2784
9_lucas_28.wav,data/fsdd/recordings/9_lucas_28.wav,9,lucas,28,3918
9_lucas_29.wav,data/fsdd/recordings/9_lucas_29.wav,9,lucas,29,5045
9_lucas_3.wav,data/fsdd/recordings/9_lucas_3.wav,9,lucas,3,3626
9_lucas_30.wav,data/fsdd/recordings/9_lucas_30.wav,9,lucas,30,4362
9_lucas_31.wav,data/fsdd/recordings/9_lucas_31.wav,9,lucas,31,4585
9_lucas_32.wav,data/fsdd/recordings/9_lucas_32.wav,9,lucas,32,4934
9_lucas_33.wav,data/fsdd/recordings/9_lucas_33.wav,9,lucas,33,5040
9_lucas_34.wav,data/fsdd/recordings/9_lucas_34.wav,9,lucas,34,4160
9_lucas_35.wav,data/fsdd/recordings/9_lucas_35.wav,9,lucas,35,4359
9_lucas_36.wav,data/fsdd/recordings/9_lucas_36.wav,9,lucas,36,4408
9_lucas_37.wav,data/fsdd/recordings/9_lucas_37.wav,9,lucas,37,4923
9_lucas_38.wav,data/fsdd/recordings/9_lucas_38.wav,9,lucas,38,5153
9_lucas_39.wav,data/fsdd/recordings/9_lucas_39.wav,9,lucas,39,4657
9_lucas_4.wav,data/fsdd/recordings/9_lucas_4.wav,9,lucas,4,3813
9_lucas_40.wav,data/fsdd/recordings/9_lucas_40.wav,9,lucas,40,4202
9_lucas_41.wav,data/fsdd/recordings/9_lucas_41.wav,9,lucas,41,4502
9_lucas_42.wav,data/fsdd/recordings/9_lucas_42.wav,9,lucas,42,4074
9_lucas_43.wav,data/fsdd/recordings/9_lucas_43.wav,9,lucas,43,4941
9_lucas_44.wav,data/fsdd/recordings/9_lucas_44.wav,9,lucas,44,3153
9_lucas_45.wav,data/fsdd/recordings/9_lucas_45.wav,9,lucas,45,5616
9_lucas_46.wav,data/fsdd/recordings/9_lucas_46.wav,9,lucas,46,4186
9_lucas_47.wav,data/fsdd/recordings/9_lucas_47.wav,9,lucas,47,4715
9_lucas_48.wav,data/fsdd/recordings/9_lucas_48.wav,9,lucas,48,9681
9_lucas_49.wav,data/fsdd/recordings/9_lucas_49.wav,9,lucas,49,3418
9_lucas_5.wav,data/fsdd/recordings/9_lucas_5.wav,9,lucas,5,4340
9_lucas_6.wav,data/fsdd/recordings/9_lucas_6.wav,9,lucas,6,3877
9_lucas_7.wav,data/fsdd/recordings/9_lucas_7.wav,9,lucas,7,4561
9_lucas_8.wav,data/fsdd/recordings/9_lucas_8.wav,9,lucas,8,4012
9_lucas_9.wav,data/fsdd/recordings/9_lucas_9.wav,9,lucas,9,5119
9_nicolas_0.wav,data/fsdd/recordings/9_nicolas_0.wav,9,nicolas,0,3335
9_nicolas_1.wav,data/fsdd/recordings/9_nicolas_1.wav,9,nicolas,1,3941
9_nicolas_10.wav,data/fsdd/recordings/9_nicolas_10.wav,9,nicolas,10,4083
9_nicolas_11.wav,data/fsdd/recordings/9_nicolas_11.wav,9,nicolas,11,4265
9_nicolas_12.wav,data/fsdd/recordings/9_nicolas_12.wav,9,nicolas,12,3902
9_nicolas_13.wav,data/fsdd/recordings/9_nicolas_13.wav,9,nicolas,13,3448
9_nicolas_14.wav,data/fsdd/recordings/9_nicolas_14.wav,9,nicolas,14,3388
9_nicolas_15.wav,data/fsdd/recordings/9_nicolas_15.wav,9,nicolas,15,3448
9_nicolas_16.wav,data/fsdd/recordings/9_nicolas_16.wav,9,nicolas,16,3479
9_nicolas_17.wav,data/fsdd/recordings/9_nicolas_17.wav,9,nicolas,17,3539
9_nicolas_18.wav,data/fsdd/recordings/9_nicolas_18.wav,9,nicolas,18,3720
9_nicolas_19.wav,data/fsdd/recordings/9_nicolas_19.wav,9,nicolas,19,3357
9_nicolas_2.wav,data/fsdd/recordings/9_nicolas_2.wav,9,nicolas,2,3547
9_nicolas_20.wav,data/fsdd/recordings/9_nicolas_20.wav,9,nicolas,20,2968
9_nicolas_21.wav,data/fsdd/recordings/9_nicolas_21.wav,9,nicolas,21,3119
9_nicolas_22.wav,data/fsdd/recordings/9_nicolas_22.wav,9,nicolas,22,3119
9_nicolas_23.wav,data/fsdd/recordings/9_nicolas_23.wav,9,nicolas,23,3180
9_nicolas_24.wav,data/fsdd/recordings/9_nicolas_24.wav,9,nicolas,24,3392
9_nicolas_25.wav,data/fsdd/recordings/9_nicolas_25.wav,9,nicolas,25,3331
9_nicolas_26.wav,data/fsdd/recordings/9_nicolas_26.wav,9,nicolas,26,3240
9_nicolas_27.wav,data/fsdd/recordings/9_nicolas_27.wav,9,nicolas,27,3603
9_nicolas_28.wav,data/fsdd/recordings/9_nicolas_28.wav,9,nicolas,28,3785
9_nicolas_29.wav,data/fsdd/recordings/9_nicolas_29.wav,9,nicolas,29,3422
9_nicolas_3.wav,data/fsdd/recordings/9_nicolas_3.wav,9,nicolas,3,3486
9_nicolas_30.wav,data/fsdd/recordings/9_nicolas_30.wav,9,nicolas,30,3616
9_nicolas_31.wav,data/fsdd/recordings/9_nicolas_31.wav,9,nicolas,31,2868
9_nicolas_32.wav,data/fsdd/recordings/9_nicolas_32.wav,9,nicolas,32,3429
9_nicolas_33.wav,data/fsdd/recordings/9_nicolas_33.wav,9,nicolas,33,3460
9_nicolas_34.wav,data/fsdd/recordings/9_nicolas_34.wav,9,nicolas,34,3304
9_nicolas_35.wav,data/fsdd/recordings/9_nicolas_35.wav,9,nicolas,35,3117
9_nicolas_36.wav,data/fsdd/recordings/9_nicolas_36.wav,9,nicolas,36,3741
9_nicolas_37.wav,data/fsdd/recordings/9_nicolas_37.wav,9,nicolas,37,3429
9_nicolas_38.wav,data/fsdd/recordings/9_nicolas_38.wav,9,nicolas,38,3647
9_nicolas_39.wav,data/fsdd/recordings/9_nicolas_39.wav,9,nicolas,39,3429
9_nicolas_4.wav,data/fsdd/recordings/9_nicolas_4.wav,9,nicolas,4,2850
9_nicolas_40.wav,data/fsdd/recordings/9_nicolas_40.wav,9,nicolas,40,3632
9_nicolas_41.wav,data/fsdd/recordings/9_nicolas_41.wav,9,nicolas,41,3539
9_nicolas_42.wav,data/fsdd/recordings/9_nicolas_42.wav,9,nicolas,42,3383
9_nicolas_43.wav,data/fsdd/recordings/9_nicolas_43.wav,9,nicolas,43,3787
9_nicolas_44.wav,data/fsdd/recordings/9_nicolas_44.wav,9,nicolas,44,3414
9_nicolas_45.wav,data/fsdd/recordings/9_nicolas_45.wav,9,nicolas,45,3073
9_nicolas_46.wav,data/fsdd/recordings/9_nicolas_46.wav,9,nicolas,46,3539
9_nicolas_47.wav,data/fsdd/recordings/9_nicolas_47.wav,9,nicolas,47,3446
9_nicolas_48.wav,data/fsdd/recordings/9_nicolas_48.wav,9,nicolas,48,3104
9_nicolas_49.wav,data/fsdd/recordings/9_nicolas_49.wav,9,nicolas,49,3508
9_nicolas_5.wav,data/fsdd/recordings/9_nicolas_5.wav,9,nicolas,5,3759
9_nicolas_6.wav,data/fsdd/recordings/9_nicolas_6.wav,9,nicolas,6,4062
9_nicolas_7.wav,data/fsdd/recordings/9_nicolas_7.wav,9,nicolas,7,3304
9_nicolas_8.wav,data/fsdd/recordings/9_nicolas_8.wav,9,nicolas,8,3668
9_nicolas_9.wav,data/fsdd/recordings/9_nicolas_9.wav,9,nicolas,9,3486
