filename,path,label,speaker,recording_index,num_samples
0_george_0.wav,data/fsdd/recordings/0_george_0.wav,0,george,0,2384
0_george_1.wav,data/fsdd/recordings/0_george_1.wav,0,george,1,4727
0_george_10.wav,data/fsdd/recordings/0_george_10.wav,0,george,10,5958
0_george_11.wav,data/fsdd/recordings/0_george_11.wav,0,george,11,3661
0_george_12.wav,data/fsdd/recordings/0_george_12.wav,0,george,12,4050
0_george_13.wav,data/fsdd/recordings/0_george_13.wav,0,george,13,4349
0_george_14.wav,data/fsdd/recordings/0_george_14.wav,0,george,14,4304
0_george_15.wav,data/fsdd/recordings/0_george_15.wav,0,george,15,4186
0_george_16.wav,data/fsdd/recordings/0_george_16.wav,0,george,16,5054
0_george_17.wav,data/fsdd/recordings/0_george_17.wav,0,george,17,4674
0_george_18.wav,data/fsdd/recordings/0_george_18.wav,0,george,18,5581
0_george_19.wav,data/fsdd/recordings/0_george_19.wav,0,george,19,4465
0_george_2.wav,data/fsdd/recordings/0_george_2.wav,0,george,2,5332
0_george_20.wav,data/fsdd/recordings/0_george_20.wav,0,george,20,4347
0_george_21.wav,data/fsdd/recordings/0_george_21.wav,0,george,21,4260
0_george_22.wav,data/fsdd/recordings/0_george_22.wav,0,george,22,3963
0_george_23.wav,data/fsdd/recordings/0_george_23.wav,0,george,23,3984
0_george_24.wav,data/fsdd/recordings/0_george_24.wav,0,george,24,3907
0_george_25.wav,data/fsdd/recordings/0_george_25.wav,0,george,25,3687
0_george_26.wav,data/fsdd/recordings/0_george_26.wav,0,george,26,4941
0_george_27.wav,data/fsdd/recordings/0_george_27.wav,0,george,27,4449
0_george_28.wav,data/fsdd/recordings/0_george_28.wav,0,george,28,4474
0_george_29.wav,data/fsdd/recordings/0_george_29.wav,0,george,29,4208
0_george_3.wav,data/fsdd/recordings/0_george_3.wav,0,george,3,5007
0_george_30.wav,data/fsdd/recordings/0_george_30.wav,0,george,30,3286
0_george_31.wav,data/fsdd/recordings/0_george_31.wav,0,george,31,2174
0_george_32.wav,data/fsdd/recordings/0_george_32.wav,0,george,32,4483
0_george_33.wav,data/fsdd/recordings/0_george_33.wav,0,george,33,3659
0_george_34.wav,data/fsdd/recordings/0_george_34.wav,0,george,34,3621
0_george_35.wav,data/fsdd/recordings/0_george_35.wav,0,george,35,3418
0_george_36.wav,data/fsdd/recordings/0_george_36.wav,0,george,36,3270
0_george_37.wav,data/fsdd/recordings/0_george_37.wav,0,george,37,2579
0_george_38.wav,data/fsdd/recordings/0_george_38.wav,0,george,38,2684
0_george_39.wav,data/fsdd/recordings/0_george_39.wav,0,george,39,2965
0_george_4.wav,data/fsdd/recordings/0_george_4.wav,0,george,4,4323
0_george_40.wav,data/fsdd/recordings/0_george_40.wav,0,george,40,4124
0_george_41.wav,data/fsdd/recordings/0_george_41.wav,0,george,41,3026
0_george_42.wav,data/fsdd/recordings/0_george_42.wav,0,george,42,3409
0_george_43.wav,data/fsdd/recordings/0_george_43.wav,0,george,43,3300
0_george_44.wav,data/fsdd/recordings/0_george_44.wav,0,george,44,3649
0_george_45.wav,data/fsdd/recordings/0_george_45.wav,0,george,45,3997
0_george_46.wav,data/fsdd/recordings/0_george_46.wav,0,george,46,3733
0_george_47.wav,data/fsdd/recordings/0_george_47.wav,0,george,47,3885
0_george_48.wav,data/fsdd/recordings/0_george_48.wav,0,george,48,4016
0_george_49.wav,data/fsdd/recordings/0_george_49.wav,0,george,49,4082
0_george_5.wav,data/fsdd/recordings/0_george_5.wav,0,george,5,5145
0_george_6.wav,data/fsdd/recordings/0_george_6.wav,0,george,6,5148
0_george_7.wav,data/fsdd/recordings/0_george_7.wav,0,george,7,5381
0_george_8.wav,data/fsdd/recordings/0_george_8.wav,0,george,8,4209
0_george_9.wav,data/fsdd/recordings/0_george_9.wav,0,george,9,4602
0_jackson_0.wav,data/fsdd/recordings/0_jackson_0.wav,0,jackson,0,5148
0_jackson_1.wav,data/fsdd/recordings/0_jackson_1.wav,0,jackson,1,4261
0_jackson_10.wav,data/fsdd/recordings/0_jackson_10.wav,0,jackson,10,5451
0_jackson_11.wav,data/fsdd/recordings/0_jackson_11.wav,0,jackson,11,4914
0_jackson_12.wav,data/fsdd/recordings/0_jackson_12.wav,0,jackson,12,4087
0_jackson_13.wav,data/fsdd/recordings/0_jackson_13.wav,0,jackson,13,4716
0_jackson_14.wav,data/fsdd/recordings/0_jackson_14.wav,0,jackson,14,4982
0_jackson_15.wav,data/fsdd/recordings/0_jackson_15.wav,0,jackson,15,5110
0_jackson_16.wav,data/fsdd/recordings/0_jackson_16.wav,0,jackson,16,4423
0_jackson_17.wav,data/fsdd/recordings/0_jackson_17.wav,0,jackson,17,4237
0_jackson_18.wav,data/fsdd/recordings/0_jackson_18.wav,0,jackson,18,5235
0_jackson_19.wav,data/fsdd/recordings/0_jackson_19.wav,0,jackson,19,5103
0_jackson_2.wav,data/fsdd/recordings/0_jackson_2.wav,0,jackson,2,4257
0_jackson_20.wav,data/fsdd/recordings/0_jackson_20.wav,0,jackson,20,4970
0_jackson_21.wav,data/fsdd/recordings/0_jackson_21.wav,0,jackson,21,4797
0_jackson_22.wav,data/fsdd/recordings/0_jackson_22.wav,0,jackson,22,4826
0_jackson_23.wav,data/fsdd/recordings/0_jackson_23.wav,0,jackson,23,4720
0_jackson_24.wav,data/fsdd/recordings/0_jackson_24.wav,0,jackson,24,5136
0_jackson_25.wav,data/fsdd/recordings/0_jackson_25.wav,0,jackson,25,4942
0_jackson_26.wav,data/fsdd/recordings/0_jackson_26.wav,0,jackson,26,4663
0_jackson_27.wav,data/fsdd/recordings/0_jackson_27.wav,0,jackson,27,5165
0_jackson_28.wav,data/fsdd/recordings/0_jackson_28.wav,0,jackson,28,5144
0_jackson_29.wav,data/fsdd/recordings/0_jackson_29.wav,0,jackson,29,4621
0_jackson_3.wav,data/fsdd/recordings/0_jackson_3.wav,0,jackson,3,4788
0_jackson_30.wav,data/fsdd/recordings/0_jackson_30.wav,0,jackson,30,5120
0_jackson_31.wav,data/fsdd/recordings/0_jackson_31.wav,0,jackson,31,4571
0_jackson_32.wav,data/fsdd/recordings/0_jackson_32.wav,0,jackson,32,4939
0_jackson_33.wav,data/fsdd/recordings/0_jackson_33.wav,0,jackson,33,5318
0_jackson_34.wav,data/fsdd/recordings/0_jackson_34.wav,0,jackson,34,5266
0_jackson_35.wav,data/fsdd/recordings/0_jackson_35.wav,0,jackson,35,5015
0_jackson_36.wav,data/fsdd/recordings/0_jackson_36.wav,0,jackson,36,4782
0_jackson_37.wav,data/fsdd/recordings/0_jackson_37.wav,0,jackson,37,4979
0_jackson_38.wav,data/fsdd/recordings/0_jackson_38.wav,0,jackson,38,5277
0_jackson_39.wav,data/fsdd/recordings/0_jackson_39.wav,0,jackson,39,4648
0_jackson_4.wav,data/fsdd/recordings/0_jackson_4.wav,0,jackson,4,4329
0_jackson_40.wav,data/fsdd/recordings/0_jackson_40.wav,0,jackson,40,5711
0_jackson_41.wav,data/fsdd/recordings/0_jackson_41.wav,0,jackson,41,5510
0_jackson_42.wav,data/fsdd/recordings/0_jackson_42.wav,0,jackson,42,5288
0_jackson_43.wav,data/fsdd/recordings/0_jackson_43.wav,0,jackson,43,4999
0_jackson_44.wav,data/fsdd/recordings/0_jackson_44.wav,0,jackson,44,5320
0_jackson_45.wav,data/fsdd/recordings/0_jackson_45.wav,0,jackson,45,5259
0_jackson_46.wav,data/fsdd/recordings/0_jackson_46.wav,0,jackson,46,5394
0_jackson_47.wav,data/fsdd/recordings/0_jackson_47.wav,0,jackson,47,5328
0_jackson_48.wav,data/fsdd/recordings/0_jackson_48.wav,0,jackson,48,5187
0_jackson_49.wav,data/fsdd/recordings/0_jackson_49.wav,0,jackson,49,6273
0_jackson_5.wav,data/fsdd/recordings/0_jackson_5.wav,0,jackson,5,4591
0_jackson_6.wav,data/fsdd/recordings/0_jackson_6.wav,0,jackson,6,5052
0_jackson_7.wav,data/fsdd/recordings/0_jackson_7.wav,0,jackson,7,4431
0_jackson_8.wav,data/fsdd/recordings/0_jackson_8.wav,0,jackson,8,4629
0_jackson_9.wav,data/fsdd/recordings/0_jackson_9.wav,0,jackson,9,5065
0_theo_0.wav,data/fsdd/recordings/0_theo_0.wav,0,theo,0,3142
0_theo_1.wav,data/fsdd/recordings/0_theo_1.wav,0,theo,1,2808
0_theo_10.wav,data/fsdd/recordings/0_theo_10.wav,0,theo,10,3044
0_theo_11.wav,data/fsdd/recordings/0_theo_11.wav,0,theo,11,2819
0_theo_12.wav,data/fsdd/recordings/0_theo_12.wav,0,theo,12,3617
0_theo_13.wav,data/fsdd/recordings/0_theo_13.wav,0,theo,13,3382
0_theo_14.wav,data/fsdd/recordings/0_theo_14.wav,0,theo,14,2802
0_theo_15.wav,data/fsdd/recordings/0_theo_15.wav,0,theo,15,3338
0_theo_16.wav,data/fsdd/recordings/0_theo_16.wav,0,theo,16,3388
0_theo_17.wav,data/fsdd/recordings/0_theo_17.wav,0,theo,17,3009
0_theo_18.wav,data/fsdd/recordings/0_theo_18.wav,0,theo,18,3232
0_theo_19.wav,data/fsdd/recordings/0_theo_19.wav,0,theo,19,3745
0_theo_2.wav,data/fsdd/recordings/0_theo_2.wav,0,theo,2,2732
0_theo_20.wav,data/fsdd/recordings/0_theo_20.wav,0,theo,20,3489
0_theo_21.wav,data/fsdd/recordings/0_theo_21.wav,0,theo,21,2950
0_theo_22.wav,data/fsdd/recordings/0_theo_22.wav,0,theo,22,4543
0_theo_23.wav,data/fsdd/recordings/0_theo_23.wav,0,theo,23,3428
0_theo_24.wav,data/fsdd/recordings/0_theo_24.wav,0,theo,24,3441
0_theo_25.wav,data/fsdd/recordings/0_theo_25.wav,0,theo,25,3733
0_theo_26.wav,data/fsdd/recordings/0_theo_26.wav,0,theo,26,3829
0_theo_27.wav,data/fsdd/recordings/0_theo_27.wav,0,theo,27,4192
0_theo_28.wav,data/fsdd/recordings/0_theo_28.wav,0,theo,28,4808
0_theo_29.wav,data/fsdd/recordings/0_theo_29.wav,0,theo,29,3779
0_theo_3.wav,data/fsdd/recordings/0_theo_3.wav,0,theo,3,2710
0_theo_30.wav,data/fsdd/recordings/0_theo_30.wav,0,theo,30,4275
0_theo_31.wav,data/fsdd/recordings/0_theo_31.wav,0,theo,31,4087
0_theo_32.wav,data/fsdd/recordings/0_theo_32.wav,0,theo,32,2261
0_theo_33.wav,data/fsdd/recordings/0_theo_33.wav,0,theo,33,5525
0_theo_34.wav,data/fsdd/recordings/0_theo_34.wav,0,theo,34,4231
0_theo_35.wav,data/fsdd/recordings/0_theo_35.wav,0,theo,35,4495
0_theo_36.wav,data/fsdd/recordings/0_theo_36.wav,0,theo,36,3611
0_theo_37.wav,data/fsdd/recordings/0_theo_37.wav,0,theo,37,3255
0_theo_38.wav,data/fsdd/recordings/0_theo_38.wav,0,theo,38,4314
0_theo_39.wav,data/fsdd/recordings/0_theo_39.wav,0,theo,39,3375
0_theo_4.wav,data/fsdd/recordings/0_theo_4.wav,0,theo,4,3245
0_theo_40.wav,data/fsdd/recordings/0_theo_40.wav,0,theo,40,3331
0_theo_41.wav,data/fsdd/recordings/0_theo_41.wav,0,theo,41,3737
0_theo_42.wav,data/fsdd/recordings/0_theo_42.wav,0,theo,42,3887
0_theo_43.wav,data/fsdd/recordings/0_theo_43.wav,0,theo,43,3082
0_theo_44.wav,data/fsdd/recordings/0_theo_44.wav,0,theo,44,3964
0_theo_45.wav,data/fsdd/recordings/0_theo_45.wav,0,theo,45,3201
0_theo_46.wav,data/fsdd/recordings/0_theo_46.wav,0,theo,46,3199
0_theo_47.wav,data/fsdd/recordings/0_theo_47.wav,0,theo,47,3217
0_theo_48.wav,data/fsdd/recordings/0_theo_48.wav,0,theo,48,2865
0_theo_49.wav,data/fsdd/recordings/0_theo_49.wav,0,theo,49,2589
0_theo_5.wav,data/fsdd/recordings/0_theo_5.wav,0,theo,5,3311
0_theo_6.wav,data/fsdd/recordings/0_theo_6.wav,0,theo,6,3536
0_theo_7.wav,data/fsdd/recordings/0_theo_7.wav,0,theo,7,3203
0_theo_8.wav,data/fsdd/recordings/0_theo_8.wav,0,theo,8,2782
0_theo_9.wav,data/fsdd/recordings/0_theo_9.wav,0,theo,9,3096
0_yweweler_0.wav,data/fsdd/recordings/0_yweweler_0.wav,0,yweweler,0,3103
0_yweweler_1.wav,data/fsdd/recordings/0_yweweler_1.wav,0,yweweler,1,2644
0_yweweler_10.wav,data/fsdd/recordings/0_yweweler_10.wav,0,yweweler,10,3042
0_yweweler_11.wav,data/fsdd/recordings/0_yweweler_11.wav,0,yweweler,11,2967
0_yweweler_12.wav,data/fsdd/recordings/0_yweweler_12.wav,0,yweweler,12,3150
0_yweweler_13.wav,data/fsdd/recordings/0_yweweler_13.wav,0,yweweler,13,3443
0_yweweler_14.wav,data/fsdd/recordings/0_yweweler_14.wav,0,yweweler,14,3411
0_yweweler_15.wav,data/fsdd/recordings/0_yweweler_15.wav,0,yweweler,15,3410
0_yweweler_16.wav,data/fsdd/recordings/0_yweweler_16.wav,0,yweweler,16,2867
0_yweweler_17.wav,data/fsdd/recordings/0_yweweler_17.wav,0,yweweler,17,3181
0_yweweler_18.wav,data/fsdd/recordings/0_yweweler_18.wav,0,yweweler,18,3355
0_yweweler_19.wav,data/fsdd/recordings/0_yweweler_19.wav,0,yweweler,19,3748
0_yweweler_2.wav,data/fsdd/recordings/0_yweweler_2.wav,0,yweweler,2,2825
0_yweweler_20.wav,data/fsdd/recordings/0_yweweler_20.wav,0,yweweler,20,2707
0_yweweler_21.wav,data/fsdd/recordings/0_yweweler_21.wav,0,yweweler,21,2781
0_yweweler_22.wav,data/fsdd/recordings/0_yweweler_22.wav,0,yweweler,22,2695
0_yweweler_23.wav,data/fsdd/recordings/0_yweweler_23.wav,0,yweweler,23,2620
0_yweweler_24.wav,data/fsdd/recordings/0_yweweler_24.wav,0,yweweler,24,3053
0_yweweler_25.wav,data/fsdd/recordings/0_yweweler_25.wav,0,yweweler,25,3086
0_yweweler_26.wav,data/fsdd/recordings/0_yweweler_26.wav,0,yweweler,26,2888
0_yweweler_27.wav,data/fsdd/recordings/0_yweweler_27.wav,0,yweweler,27,2860
0_yweweler_28.wav,data/fsdd/recordings/0_yweweler_28.wav,0,yweweler,28,3361
0_yweweler_29.wav,data/fsdd/recordings/0_yweweler_29.wav,0,yweweler,29,3009
0_yweweler_3.wav,data/fsdd/recordings/0_yweweler_3.wav,0,yweweler,3,2866
0_yweweler_30.wav,data/fsdd/recordings/0_yweweler_30.wav,0,yweweler,30,3224
0_yweweler_31.wav,data/fsdd/recordings/0_yweweler_31.wav,0,yweweler,31,2612
0_yweweler_32.wav,data/fsdd/recordings/0_yweweler_32.wav,0,yweweler,32,2843
0_yweweler_33.wav,data/fsdd/recordings/0_yweweler_33.wav,0,yweweler,33,3957
0_yweweler_34.wav,data/fsdd/recordings/0_yweweler_34.wav,0,yweweler,34,2942
0_yweweler_35.wav,data/fsdd/recordings/0_yweweler_35.wav,0,yweweler,35,3096
0_yweweler_36.wav,data/fsdd/recordings/0_yweweler_36.wav,0,yweweler,36,3633
0_yweweler_37.wav,data/fsdd/recordings/0_yweweler_37.wav,0,yweweler,37,3030
0_yweweler_38.wav,data/fsdd/recordings/0_yweweler_38.wav,0,yweweler,38,3290
0_yweweler_39.wav,data/fsdd/recordings/0_yweweler_39.wav,0,yweweler,39,3540
0_yweweler_4.wav,data/fsdd/recordings/0_yweweler_4.wav,0,yweweler,4,2531
0_yweweler_40.wav,data/fsdd/recordings/0_yweweler_40.wav,0,yweweler,40,3604
0_yweweler_41.wav,data/fsdd/recordings/0_yweweler_41.wav,0,yweweler,41,2657
0_yweweler_42.wav,data/fsdd/recordings/0_yweweler_42.wav,0,yweweler,42,3410
0_yweweler_43.wav,data/fsdd/recordings/0_yweweler_43.wav,0,yweweler,43,2752
0_yweweler_44.wav,data/fsdd/recordings/0_yweweler_44.wav,0,yweweler,44,2529
0_yweweler_45.wav,data/fsdd/recordings/0_yweweler_45.wav,0,yweweler,45,2814
0_yweweler_46.wav,data/fsdd/recordings/0_yweweler_46.wav,0,yweweler,46,2347
0_yweweler_47.wav,data/fsdd/recordings/0_yweweler_47.wav,0,yweweler,47,2760
0_yweweler_48.wav,data/fsdd/recordings/0_yweweler_48.wav,0,yweweler,48,3138
0_yweweler_49.wav,data/fsdd/recordings/0_yweweler_49.wav,0,yweweler,49,3137
0_yweweler_5.wav,data/fsdd/recordings/0_yweweler_5.wav,0,yweweler,5,3227
0_yweweler_6.wav,data/fsdd/recordings/0_yweweler_6.wav,0,yweweler,6,3175
0_yweweler_7.wav,data/fsdd/recordings/0_yweweler_7.wav,0,yweweler,7,3135
0_yweweler_8.wav,data/fsdd/recordings/0_yweweler_8.wav,0,yweweler,8,2686
0_yweweler_9.wav,data/fsdd/recordings/0_yweweler_9.wav,0,yweweler,9,2854
1_george_0.wav,data/fsdd/recordings/1_george_0.wav,1,george,0,4548
1_george_1.wav,data/fsdd/recordings/1_george_1.wav,1,george,1,3981
1_george_10.wav,data/fsdd/recordings/1_george_10.wav,1,george,10,3793
1_george_11.wav,data/fsdd/recordings/1_george_11.wav,1,george,11,3356
1_george_12.wav,data/fsdd/recordings/1_george_12.wav,1,george,12,2962
1_george_13.wav,data/fsdd/recordings/1_george_13.wav,1,george,13,4325
1_george_14.wav,data/fsdd/recordings/1_george_14.wav,1,george,14,3184
1_george_15.wav,data/fsdd/recordings/1_george_15.wav,1,george,15,3018
1_george_16.wav,data/fsdd/recordings/1_george_16.wav,1,george,16,4600
1_george_17.wav,data/fsdd/recordings/1_george_17.wav,1,george,17,4488
1_george_18.wav,data/fsdd/recordings/1_george_18.wav,1,george,18,4317
1_george_19.wav,data/fsdd/recordings/1_george_19.wav,1,george,19,3921
1_george_2.wav,data/fsdd/recordings/1_george_2.wav,1,george,2,4572
1_george_20.wav,data/fsdd/recordings/1_george_20.wav,1,george,20,2894
1_george_21.wav,data/fsdd/recordings/1_george_21.wav,1,george,21,3048
1_george_22.wav,data/fsdd/recordings/1_george_22.wav,1,george,22,3093
1_george_23.wav,data/fsdd/recordings/1_george_23.wav,1,george,23,2940
1_george_24.wav,data/fsdd/recordings/1_george_24.wav,1,george,24,4238
1_george_25.wav,data/fsdd/recordings/1_george_25.wav,1,george,25,3063
1_george_26.wav,data/fsdd/recordings/1_george_26.wav,1,george,26,4101
1_george_27.wav,data/fsdd/recordings/1_george_27.wav,1,george,27,4490
1_george_28.wav,data/fsdd/recordings/1_george_28.wav,1,george,28,2947
1_george_29.wav,data/fsdd/recordings/1_george_29.wav,1,george,29,3880
1_george_3.wav,data/fsdd/recordings/1_george_3.wav,1,george,3,4254
1_george_30.wav,data/fsdd/recordings/1_george_30.wav,1,george,30,2476
1_george_31.wav,data/fsdd/recordings/1_george_31.wav,1,george,31,2956
1_george_32.wav,data/fsdd/recordings/1_george_32.wav,1,george,32,1933
1_george_33.wav,data/fsdd/recordings/1_george_33.wav,1,george,33,3423
1_george_34.wav,data/fsdd/recordings/1_george_34.wav,1,george,34,3404
1_george_35.wav,data/fsdd/recordings/1_george_35.wav,1,george,35,2782
1_george_36.wav,data/fsdd/recordings/1_george_36.wav,1,george,36,4147
1_george_37.wav,data/fsdd/recordings/1_george_37.wav,1,george,37,1399
1_george_38.wav,data/fsdd/recordings/1_george_38.wav,1,george,38,2663
1_george_39.wav,data/fsdd/recordings/1_george_39.wav,1,george,39,1876
1_george_4.wav,data/fsdd/recordings/1_george_4.wav,1,george,4,4222
1_george_40.wav,data/fsdd/recordings/1_george_40.wav,1,george,40,2849
1_george_41.wav,data/fsdd/recordings/1_george_41.wav,1,george,41,2890
1_george_42.wav,data/fsdd/recordings/1_george_42.wav,1,george,42,3327
1_george_43.wav,data/fsdd/recordings/1_george_43.wav,1,george,43,3014
1_george_44.wav,data/fsdd/recordings/1_george_44.wav,1,george,44,3479
1_george_45.wav,data/fsdd/recordings/1_george_45.wav,1,george,45,2765
1_george_46.wav,data/fsdd/recordings/1_george_46.wav,1,george,46,2671
1_george_47.wav,data/fsdd/recordings/1_george_47.wav,1,george,47,3280
1_george_48.wav,data/fsdd/recordings/1_george_48.wav,1,george,48,3022
1_george_49.wav,data/fsdd/recordings/1_george_49.wav,1,george,49,3593
1_george_5.wav,data/fsdd/recordings/1_george_5.wav,1,george,5,4944
1_george_6.wav,data/fsdd/recordings/1_george_6.wav,1,george,6,3600
1_george_7.wav,data/fsdd/recordings/1_george_7.wav,1,george,7,5332
1_george_8.wav,data/fsdd/recordings/1_george_8.wav,1,george,8,4294
1_george_9.wav,data/fsdd/recordings/1_george_9.wav,1,george,9,3823
1_jackson_0.wav,data/fsdd/recordings/1_jackson_0.wav,1,jackson,0,4138
1_jackson_1.wav,data/fsdd/recordings/1_jackson_1.wav,1,jackson,1,4242
1_jackson_10.wav,data/fsdd/recordings/1_jackson_10.wav,1,jackson,10,4731
1_jackson_11.wav,data/fsdd/recordings/1_jackson_11.wav,1,jackson,11,4086
1_jackson_12.wav,data/fsdd/recordings/1_jackson_12.wav,1,jackson,12,3628
1_jackson_13.wav,data/fsdd/recordings/1_jackson_13.wav,1,jackson,13,3750
1_jackson_14.wav,data/fsdd/recordings/1_jackson_14.wav,1,jackson,14,5458
1_jackson_15.wav,data/fsdd/recordings/1_jackson_15.wav,1,jackson,15,3598
1_jackson_16.wav,data/fsdd/recordings/1_jackson_16.wav,1,jackson,16,3929
1_jackson_17.wav,data/fsdd/recordings/1_jackson_17.wav,1,jackson,17,3370
1_jackson_18.wav,data/fsdd/recordings/1_jackson_18.wav,1,jackson,18,3622
1_jackson_19.wav,data/fsdd/recordings/1_jackson_19.wav,1,jackson,19,3870
1_jackson_2.wav,data/fsdd/recordings/1_jackson_2.wav,1,jackson,2,3839
1_jackson_20.wav,data/fsdd/recordings/1_jackson_20.wav,1,jackson,20,3664
1_jackson_21.wav,data/fsdd/recordings/1_jackson_21.wav,1,jackson,21,3896
1_jackson_22.wav,data/fsdd/recordings/1_jackson_22.wav,1,jackson,22,3550
1_jackson_23.wav,data/fsdd/recordings/1_jackson_23.wav,1,jackson,23,3743
1_jackson_24.wav,data/fsdd/recordings/1_jackson_24.wav,1,jackson,24,3849
1_jackson_25.wav,data/fsdd/recordings/1_jackson_25.wav,1,jackson,25,4364
1_jackson_26.wav,data/fsdd/recordings/1_jackson_26.wav,1,jackson,26,4260
1_jackson_27.wav,data/fsdd/recordings/1_jackson_27.wav,1,jackson,27,3843
1_jackson_28.wav,data/fsdd/recordings/1_jackson_28.wav,1,jackson,28,3739
1_jackson_29.wav,data/fsdd/recordings/1_jackson_29.wav,1,jackson,29,3745
1_jackson_3.wav,data/fsdd/recordings/1_jackson_3.wav,1,jackson,3,3982
1_jackson_30.wav,data/fsdd/recordings/1_jackson_30.wav,1,jackson,30,3938
1_jackson_31.wav,data/fsdd/recordings/1_jackson_31.wav,1,jackson,31,4243
1_jackson_32.wav,data/fsdd/recordings/1_jackson_32.wav,1,jackson,32,4163
1_jackson_33.wav,data/fsdd/recordings/1_jackson_33.wav,1,jackson,33,4889
1_jackson_34.wav,data/fsdd/recordings/1_jackson_34.wav,1,jackson,34,4066
1_jackson_35.wav,data/fsdd/recordings/1_jackson_35.wav,1,jackson,35,3982
1_jackson_36.wav,data/fsdd/recordings/1_jackson_36.wav,1,jackson,36,3548
1_jackson_37.wav,data/fsdd/recordings/1_jackson_37.wav,1,jackson,37,3512
1_jackson_38.wav,data/fsdd/recordings/1_jackson_38.wav,1,jackson,38,3981
1_jackson_39.wav,data/fsdd/recordings/1_jackson_39.wav,1,jackson,39,4513
1_jackson_4.wav,data/fsdd/recordings/1_jackson_4.wav,1,jackson,4,4213
1_jackson_40.wav,data/fsdd/recordings/1_jackson_40.wav,1,jackson,40,4863
1_jackson_41.wav,data/fsdd/recordings/1_jackson_41.wav,1,jackson,41,4982
1_jackson_42.wav,data/fsdd/recordings/1_jackson_42.wav,1,jackson,42,5002
1_jackson_43.wav,data/fsdd/recordings/1_jackson_43.wav,1,jackson,43,4606
1_jackson_44.wav,data/fsdd/recordings/1_jackson_44.wav,1,jackson,44,4652
1_jackson_45.wav,data/fsdd/recordings/1_jackson_45.wav,1,jackson,45,4809
1_jackson_46.wav,data/fsdd/recordings/1_jackson_46.wav,1,jackson,46,4266
1_jackson_47.wav,data/fsdd/recordings/1_jackson_47.wav,1,jackson,47,4494
1_jackson_48.wav,data/fsdd/recordings/1_jackson_48.wav,1,jackson,48,4689
1_jackson_49.wav,data/fsdd/recordings/1_jackson_49.wav,1,jackson,49,3988
1_jackson_5.wav,data/fsdd/recordings/1_jackson_5.wav,1,jackson,5,4566
1_jackson_6.wav,data/fsdd/recordings/1_jackson_6.wav,1,jackson,6,4057
1_jackson_7.wav,data/fsdd/recordings/1_jackson_7.wav,1,jackson,7,4479
1_jackson_8.wav,data/fsdd/recordings/1_jackson_8.wav,1,jackson,8,4052
1_jackson_9.wav,data/fsdd/recordings/1_jackson_9.wav,1,jackson,9,4639
1_theo_0.wav,data/fsdd/recordings/1_theo_0.wav,1,theo,0,1886
1_theo_1.wav,data/fsdd/recordings/1_theo_1.wav,1,theo,1,1842
1_theo_10.wav,data/fsdd/recordings/1_theo_10.wav,1,theo,10,2155
1_theo_11.wav,data/fsdd/recordings/1_theo_11.wav,1,theo,11,1753
1_theo_12.wav,data/fsdd/recordings/1_theo_12.wav,1,theo,12,1870
1_theo_13.wav,data/fsdd/recordings/1_theo_13.wav,1,theo,13,2906
1_theo_14.wav,data/fsdd/recordings/1_theo_14.wav,1,theo,14,1976
1_theo_15.wav,data/fsdd/recordings/1_theo_15.wav,1,theo,15,1813
1_theo_16.wav,data/fsdd/recordings/1_theo_16.wav,1,theo,16,1891
1_theo_17.wav,data/fsdd/recordings/1_theo_17.wav,1,theo,17,2102
1_theo_18.wav,data/fsdd/recordings/1_theo_18.wav,1,theo,18,1788
1_theo_19.wav,data/fsdd/recordings/1_theo_19.wav,1,theo,19,2784
1_theo_2.wav,data/fsdd/recordings/1_theo_2.wav,1,theo,2,1556
1_theo_20.wav,data/fsdd/recordings/1_theo_20.wav,1,theo,20,2985
1_theo_21.wav,data/fsdd/recordings/1_theo_21.wav,1,theo,21,3981
1_theo_22.wav,data/fsdd/recordings/1_theo_22.wav,1,theo,22,4607
1_theo_23.wav,data/fsdd/recordings/1_theo_23.wav,1,theo,23,3634
1_theo_24.wav,data/fsdd/recordings/1_theo_24.wav,1,theo,24,2153
1_theo_25.wav,data/fsdd/recordings/1_theo_25.wav,1,theo,25,2086
1_theo_26.wav,data/fsdd/recordings/1_theo_26.wav,1,theo,26,2149
1_theo_27.wav,data/fsdd/recordings/1_theo_27.wav,1,theo,27,3829
1_theo_28.wav,data/fsdd/recordings/1_theo_28.wav,1,theo,28,4563
1_theo_29.wav,data/fsdd/recordings/1_theo_29.wav,1,theo,29,3585
1_theo_3.wav,data/fsdd/recordings/1_theo_3.wav,1,theo,3,1997
1_theo_30.wav,data/fsdd/recordings/1_theo_30.wav,1,theo,30,3506
1_theo_31.wav,data/fsdd/recordings/1_theo_31.wav,1,theo,31,6112
1_theo_32.wav,data/fsdd/recordings/1_theo_32.wav,1,theo,32,3906
1_theo_33.wav,data/fsdd/recordings/1_theo_33.wav,1,theo,33,3585
1_theo_34.wav,data/fsdd/recordings/1_theo_34.wav,1,theo,34,2204
1_theo_35.wav,data/fsdd/recordings/1_theo_35.wav,1,theo,35,3066
1_theo_36.wav,data/fsdd/recordings/1_theo_36.wav,1,theo,36,2244
1_theo_37.wav,data/fsdd/recordings/1_theo_37.wav,1,theo,37,2461
1_theo_38.wav,data/fsdd/recordings/1_theo_38.wav,1,theo,38,2153
1_theo_39.wav,data/fsdd/recordings/1_theo_39.wav,1,theo,39,2422
1_theo_4.wav,data/fsdd/recordings/1_theo_4.wav,1,theo,4,1720
1_theo_40.wav,data/fsdd/recordings/1_theo_40.wav,1,theo,40,2054
1_theo_41.wav,data/fsdd/recordings/1_theo_41.wav,1,theo,41,1692
1_theo_42.wav,data/fsdd/recordings/1_theo_42.wav,1,theo,42,3416
1_theo_43.wav,data/fsdd/recordings/1_theo_43.wav,1,theo,43,3236
1_theo_44.wav,data/fsdd/recordings/1_theo_44.wav,1,theo,44,2246
1_theo_45.wav,data/fsdd/recordings/1_theo_45.wav,1,theo,45,1565
1_theo_46.wav,data/fsdd/recordings/1_theo_46.wav,1,theo,46,2238
1_theo_47.wav,data/fsdd/recordings/1_theo_47.wav,1,theo,47,2226
1_theo_48.wav,data/fsdd/recordings/1_theo_48.wav,1,theo,48,3007
1_theo_49.wav,data/fsdd/recordings/1_theo_49.wav,1,theo,49,2456
1_theo_5.wav,data/fsdd/recordings/1_theo_5.wav,1,theo,5,1737
1_theo_6.wav,data/fsdd/recordings/1_theo_6.wav,1,theo,6,1760
1_theo_7.wav,data/fsdd/recordings/1_theo_7.wav,1,theo,7,2458
1_theo_8.wav,data/fsdd/recordings/1_theo_8.wav,1,theo,8,2057
1_theo_9.wav,data/fsdd/recordings/1_theo_9.wav,1,theo,9,1890
1_yweweler_0.wav,data/fsdd/recordings/1_yweweler_0.wav,1,yweweler,0,3355
1_yweweler_1.wav,data/fsdd/recordings/1_yweweler_1.wav,1,yweweler,1,1785
1_yweweler_10.wav,data/fsdd/recordings/1_yweweler_10.wav,1,yweweler,10,2245
1_yweweler_11.wav,data/fsdd/recordings/1_yweweler_11.wav,1,yweweler,11,2716
1_yweweler_12.wav,data/fsdd/recordings/1_yweweler_12.wav,1,yweweler,12,2937
1_yweweler_13.wav,data/fsdd/recordings/1_yweweler_13.wav,1,yweweler,13,2744
1_yweweler_14.wav,data/fsdd/recordings/1_yweweler_14.wav,1,yweweler,14,2330
1_yweweler_15.wav,data/fsdd/recordings/1_yweweler_15.wav,1,yweweler,15,4113
1_yweweler_16.wav,data/fsdd/recordings/1_yweweler_16.wav,1,yweweler,16,2760
1_yweweler_17.wav,data/fsdd/recordings/1_yweweler_17.wav,1,yweweler,17,2373
1_yweweler_18.wav,data/fsdd/recordings/1_yweweler_18.wav,1,yweweler,18,2777
1_yweweler_19.wav,data/fsdd/recordings/1_yweweler_19.wav,1,yweweler,19,2775
1_yweweler_2.wav,data/fsdd/recordings/1_yweweler_2.wav,1,yweweler,2,2681
1_yweweler_20.wav,data/fsdd/recordings/1_yweweler_20.wav,1,yweweler,20,2928
1_yweweler_21.wav,data/fsdd/recordings/1_yweweler_21.wav,1,yweweler,21,2623
1_yweweler_22.wav,data/fsdd/recordings/1_yweweler_22.wav,1,yweweler,22,2497
1_yweweler_23.wav,data/fsdd/recordings/1_yweweler_23.wav,1,yweweler,23,2613
1_yweweler_24.wav,data/fsdd/recordings/1_yweweler_24.wav,1,yweweler,24,2441
1_yweweler_25.wav,data/fsdd/recordings/1_yweweler_25.wav,1,yweweler,25,2119
1_yweweler_26.wav,data/fsdd/recordings/1_yweweler_26.wav,1,yweweler,26,3052
1_yweweler_27.wav,data/fsdd/recordings/1_yweweler_27.wav,1,yweweler,27,2234
1_yweweler_28.wav,data/fsdd/recordings/1_yweweler_28.wav,1,yweweler,28,2220
1_yweweler_29.wav,data/fsdd/recordings/1_yweweler_29.wav,1,yweweler,29,2758
1_yweweler_3.wav,data/fsdd/recordings/1_yweweler_3.wav,1,yweweler,3,2481
1_yweweler_30.wav,data/fsdd/recordings/1_yweweler_30.wav,1,yweweler,30,2704
1_yweweler_31.wav,data/fsdd/recordings/1_yweweler_31.wav,1,yweweler,31,3117
1_yweweler_32.wav,data/fsdd/recordings/1_yweweler_32.wav,1,yweweler,32,2161
1_yweweler_33.wav,data/fsdd/recordings/1_yweweler_33.wav,1,yweweler,33,3450
1_yweweler_34.wav,data/fsdd/recordings/1_yweweler_34.wav,1,yweweler,34,2634
1_yweweler_35.wav,data/fsdd/recordings/1_yweweler_35.wav,1,yweweler,35,2016
1_yweweler_36.wav,data/fsdd/recordings/1_yweweler_36.wav,1,yweweler,36,2797
1_yweweler_37.wav,data/fsdd/recordings/1_yweweler_37.wav,1,yweweler,37,3723
1_yweweler_38.wav,data/fsdd/recordings/1_yweweler_38.wav,1,yweweler,38,2941
1_yweweler_39.wav,data/fsdd/recordings/1_yweweler_39.wav,1,yweweler,39,2619
1_yweweler_4.wav,data/fsdd/recordings/1_yweweler_4.wav,1,yweweler,4,2407
1_yweweler_40.wav,data/fsdd/recordings/1_yweweler_40.wav,1,yweweler,40,2869
1_yweweler_41.wav,data/fsdd/recordings/1_yweweler_41.wav,1,yweweler,41,3275
1_yweweler_42.wav,data/fsdd/recordings/1_yweweler_42.wav,1,yweweler,42,2764
1_yweweler_43.wav,data/fsdd/recordings/1_yweweler_43.wav,1,yweweler,43,2835
1_yweweler_44.wav,data/fsdd/recordings/1_yweweler_44.wav,1,yweweler,44,2468
1_yweweler_45.wav,data/fsdd/recordings/1_yweweler_45.wav,1,yweweler,45,2935
1_yweweler_46.wav,data/fsdd/recordings/1_yweweler_46.wav,1,yweweler,46,3092
1_yweweler_47.wav,data/fsdd/recordings/1_yweweler_47.wav,1,yweweler,47,2821
1_yweweler_48.wav,data/fsdd/recordings/1_yweweler_48.wav,1,yweweler,48,3275
1_yweweler_49.wav,data/fsdd/recordings/1_yweweler_49.wav,1,yweweler,49,3293
1_yweweler_5.wav,data/fsdd/recordings/1_yweweler_5.wav,1,yweweler,5,2623
1_yweweler_6.wav,data/fsdd/recordings/1_yweweler_6.wav,1,yweweler,6,2097
1_yweweler_7.wav,data/fsdd/recordings/1_yweweler_7.wav,1,yweweler,7,2158
1_yweweler_8.wav,data/fsdd/recordings/1_yweweler_8.wav,1,yweweler,8,2049
1_yweweler_9.wav,data/fsdd/recordings/1_yweweler_9.wav,1,yweweler,9,2165
2_george_0.wav,data/fsdd/recordings/2_george_0.wav,2,george,0,2643
2_george_1.wav,data/fsdd/recordings/2_george_1.wav,2,george,1,4543
2_george_10.wav,data/fsdd/recordings/2_george_10.wav,2,george,10,2548
2_george_11.wav,data/fsdd/recordings/2_george_11.wav,2,george,11,2865
2_george_12.wav,data/fsdd/recordings/2_george_12.wav,2,george,12,3078
2_george_13.wav,data/fsdd/recordings/2_george_13.wav,2,george,13,2695
2_george_14.wav,data/fsdd/recordings/2_george_14.wav,2,george,14,2885
2_george_15.wav,data/fsdd/recordings/2_george_15.wav,2,george,15,3094
2_george_16.wav,data/fsdd/recordings/2_george_16.wav,2,george,16,3321
2_george_17.wav,data/fsdd/recordings/2_george_17.wav,2,george,17,3118
2_george_18.wav,data/fsdd/recordings/2_george_18.wav,2,george,18,3197
2_george_19.wav,data/fsdd/recordings/2_george_19.wav,2,george,19,3220
2_george_2.wav,data/fsdd/recordings/2_george_2.wav,2,george,2,3167
2_george_20.wav,data/fsdd/recordings/2_george_20.wav,2,george,20,2306
2_george_21.wav,data/fsdd/recordings/2_george_21.wav,2,george,21,2169
2_george_22.wav,data/fsdd/recordings/2_george_22.wav,2,george,22,2507
2_george_23.wav,data/fsdd/recordings/2_george_23.wav,2,george,23,2952
2_george_24.wav,data/fsdd/recordings/2_george_24.wav,2,george,24,2725
2_george_25.wav,data/fsdd/recordings/2_george_25.wav,2,george,25,2449
2_george_26.wav,data/fsdd/recordings/2_george_26.wav,2,george,26,2400
2_george_27.wav,data/fsdd/recordings/2_george_27.wav,2,george,27,3000
2_george_28.wav,data/fsdd/recordings/2_george_28.wav,2,george,28,2793
2_george_29.wav,data/fsdd/recordings/2_george_29.wav,2,george,29,3050
2_george_3.wav,data/fsdd/recordings/2_george_3.wav,2,george,3,3166
2_george_30.wav,data/fsdd/recordings/2_george_30.wav,2,george,30,2899
2_george_31.wav,data/fsdd/recordings/2_george_31.wav,2,george,31,2513
2_george_32.wav,data/fsdd/recordings/2_george_32.wav,2,george,32,2353
2_george_33.wav,data/fsdd/recordings/2_george_33.wav,2,george,33,1932
2_george_34.wav,data/fsdd/recordings/2_george_34.wav,2,george,34,3241
2_george_35.wav,data/fsdd/recordings/2_george_35.wav,2,george,35,2738
2_george_36.wav,data/fsdd/recordings/2_george_36.wav,2,george,36,3249
2_george_37.wav,data/fsdd/recordings/2_george_37.wav,2,george,37,2972
2_george_38.wav,data/fsdd/recordings/2_george_38.wav,2,george,38,2466
2_george_39.wav,data/fsdd/recordings/2_george_39.wav,2,george,39,2035
2_george_4.wav,data/fsdd/recordings/2_george_4.wav,2,george,4,3078
2_george_40.wav,data/fsdd/recordings/2_george_40.wav,2,george,40,2780
2_george_41.wav,data/fsdd/recordings/2_george_41.wav,2,george,41,2368
2_george_42.wav,data/fsdd/recordings/2_george_42.wav,2,george,42,2932
2_george_43.wav,data/fsdd/recordings/2_george_43.wav,2,george,43,2618
2_george_44.wav,data/fsdd/recordings/2_george_44.wav,2,george,44,2556
2_george_45.wav,data/fsdd/recordings/2_george_45.wav,2,george,45,2471
2_george_46.wav,data/fsdd/recordings/2_george_46.wav,2,george,46,2759
2_george_47.wav,data/fsdd/recordings/2_george_47.wav,2,george,47,2728
2_george_48.wav,data/fsdd/recordings/2_george_48.wav,2,george,48,2741
2_george_49.wav,data/fsdd/recordings/2_george_49.wav,2,george,49,2881
2_george_5.wav,data/fsdd/recordings/2_george_5.wav,2,george,5,3187
2_george_6.wav,data/fsdd/recordings/2_george_6.wav,2,george,6,2739
2_george_7.wav,data/fsdd/recordings/2_george_7.wav,2,george,7,2875
2_george_8.wav,data/fsdd/recordings/2_george_8.wav,2,george,8,3545
2_george_9.wav,data/fsdd/recordings/2_george_9.wav,2,george,9,2849
2_jackson_0.wav,data/fsdd/recordings/2_jackson_0.wav,2,jackson,0,3990
2_jackson_1.wav,data/fsdd/recordings/2_jackson_1.wav,2,jackson,1,4424
2_jackson_10.wav,data/fsdd/recordings/2_jackson_10.wav,2,jackson,10,4143
2_jackson_11.wav,data/fsdd/recordings/2_jackson_11.wav,2,jackson,11,4133
2_jackson_12.wav,data/fsdd/recordings/2_jackson_12.wav,2,jackson,12,3900
2_jackson_13.wav,data/fsdd/recordings/2_jackson_13.wav,2,jackson,13,4132
2_jackson_14.wav,data/fsdd/recordings/2_jackson_14.wav,2,jackson,14,4101
2_jackson_15.wav,data/fsdd/recordings/2_jackson_15.wav,2,jackson,15,4142
2_jackson_16.wav,data/fsdd/recordings/2_jackson_16.wav,2,jackson,16,3805
2_jackson_17.wav,data/fsdd/recordings/2_jackson_17.wav,2,jackson,17,4300
2_jackson_18.wav,data/fsdd/recordings/2_jackson_18.wav,2,jackson,18,4431
2_jackson_19.wav,data/fsdd/recordings/2_jackson_19.wav,2,jackson,19,4130
2_jackson_2.wav,data/fsdd/recordings/2_jackson_2.wav,2,jackson,2,3518
2_jackson_20.wav,data/fsdd/recordings/2_jackson_20.wav,2,jackson,20,3868
2_jackson_21.wav,data/fsdd/recordings/2_jackson_21.wav,2,jackson,21,5909
2_jackson_22.wav,data/fsdd/recordings/2_jackson_22.wav,2,jackson,22,3838
2_jackson_23.wav,data/fsdd/recordings/2_jackson_23.wav,2,jackson,23,4021
2_jackson_24.wav,data/fsdd/recordings/2_jackson_24.wav,2,jackson,24,4180
2_jackson_25.wav,data/fsdd/recordings/2_jackson_25.wav,2,jackson,25,4292
2_jackson_26.wav,data/fsdd/recordings/2_jackson_26.wav,2,jackson,26,3971
2_jackson_27.wav,data/fsdd/recordings/2_jackson_27.wav,2,jackson,27,4205
2_jackson_28.wav,data/fsdd/recordings/2_jackson_28.wav,2,jackson,28,4056
2_jackson_29.wav,data/fsdd/recordings/2_jackson_29.wav,2,jackson,29,4428
2_jackson_3.wav,data/fsdd/recordings/2_jackson_3.wav,2,jackson,3,3967
2_jackson_30.wav,data/fsdd/recordings/2_jackson_30.wav,2,jackson,30,3826
2_jackson_31.wav,data/fsdd/recordings/2_jackson_31.wav,2,jackson,31,3736
2_jackson_32.wav,data/fsdd/recordings/2_jackson_32.wav,2,jackson,32,4074
2_jackson_33.wav,data/fsdd/recordings/2_jackson_33.wav,2,jackson,33,4053
2_jackson_34.wav,data/fsdd/recordings/2_jackson_34.wav,2,jackson,34,3904
2_jackson_35.wav,data/fsdd/recordings/2_jackson_35.wav,2,jackson,35,3770
2_jackson_36.wav,data/fsdd/recordings/2_jackson_36.wav,2,jackson,36,3913
2_jackson_37.wav,data/fsdd/recordings/2_jackson_37.wav,2,jackson,37,3232
2_jackson_38.wav,data/fsdd/recordings/2_jackson_38.wav,2,jackson,38,3766
2_jackson_39.wav,data/fsdd/recordings/2_jackson_39.wav,2,jackson,39,3675
2_jackson_4.wav,data/fsdd/recordings/2_jackson_4.wav,2,jackson,4,3816
2_jackson_40.wav,data/fsdd/recordings/2_jackson_40.wav,2,jackson,40,4413
2_jackson_41.wav,data/fsdd/recordings/2_jackson_41.wav,2,jackson,41,4677
2_jackson_42.wav,data/fsdd/recordings/2_jackson_42.wav,2,jackson,42,4705
2_jackson_43.wav,data/fsdd/recordings/2_jackson_43.wav,2,jackson,43,4171
2_jackson_44.wav,data/fsdd/recordings/2_jackson_44.wav,2,jackson,44,4966
2_jackson_45.wav,data/fsdd/recordings/2_jackson_45.wav,2,jackson,45,5222
2_jackson_46.wav,data/fsdd/recordings/2_jackson_46.wav,2,jackson,46,4149
2_jackson_47.wav,data/fsdd/recordings/2_jackson_47.wav,2,jackson,47,3888
2_jackson_48.wav,data/fsdd/recordings/2_jackson_48.wav,2,jackson,48,4014
2_jackson_49.wav,data/fsdd/recordings/2_jackson_49.wav,2,jackson,49,4351
2_jackson_5.wav,data/fsdd/recordings/2_jackson_5.wav,2,jackson,5,3796
2_jackson_6.wav,data/fsdd/recordings/2_jackson_6.wav,2,jackson,6,3724
2_jackson_7.wav,data/fsdd/recordings/2_jackson_7.wav,2,jackson,7,3872
2_jackson_8.wav,data/fsdd/recordings/2_jackson_8.wav,2,jackson,8,3822
2_jackson_9.wav,data/fsdd/recordings/2_jackson_9.wav,2,jackson,9,4308
2_theo_0.wav,data/fsdd/recordings/2_theo_0.wav,2,theo,0,1953
2_theo_1.wav,data/fsdd/recordings/2_theo_1.wav,2,theo,1,1819
2_theo_10.wav,data/fsdd/recordings/2_theo_10.wav,2,theo,10,1664
2_theo_11.wav,data/fsdd/recordings/2_theo_11.wav,2,theo,11,1962
2_theo_12.wav,data/fsdd/recordings/2_theo_12.wav,2,theo,12,2273
2_theo_13.wav,data/fsdd/recordings/2_theo_13.wav,2,theo,13,2064
2_theo_14.wav,data/fsdd/recordings/2_theo_14.wav,2,theo,14,2098
2_theo_15.wav,data/fsdd/recordings/2_theo_15.wav,2,theo,15,2104
2_theo_16.wav,data/fsdd/recordings/2_theo_16.wav,2,theo,16,3850
2_theo_17.wav,data/fsdd/recordings/2_theo_17.wav,2,theo,17,2663
2_theo_18.wav,data/fsdd/recordings/2_theo_18.wav,2,theo,18,1639
2_theo_19.wav,data/fsdd/recordings/2_theo_19.wav,2,theo,19,3865
2_theo_2.wav,data/fsdd/recordings/2_theo_2.wav,2,theo,2,4216
2_theo_20.wav,data/fsdd/recordings/2_theo_20.wav,2,theo,20,2958
2_theo_21.wav,data/fsdd/recordings/2_theo_21.wav,2,theo,21,3307
2_theo_22.wav,data/fsdd/recordings/2_theo_22.wav,2,theo,22,2907
2_theo_23.wav,data/fsdd/recordings/2_theo_23.wav,2,theo,23,3682
2_theo_24.wav,data/fsdd/recordings/2_theo_24.wav,2,theo,24,5167
2_theo_25.wav,data/fsdd/recordings/2_theo_25.wav,2,theo,25,5324
2_theo_26.wav,data/fsdd/recordings/2_theo_26.wav,2,theo,26,4984
2_theo_27.wav,data/fsdd/recordings/2_theo_27.wav,2,theo,27,3548
2_theo_28.wav,data/fsdd/recordings/2_theo_28.wav,2,theo,28,3089
2_theo_29.wav,data/fsdd/recordings/2_theo_29.wav,2,theo,29,3403
2_theo_3.wav,data/fsdd/recordings/2_theo_3.wav,2,theo,3,1601
2_theo_30.wav,data/fsdd/recordings/2_theo_30.wav,2,theo,30,2068
2_theo_31.wav,data/fsdd/recordings/2_theo_31.wav,2,theo,31,2673
2_theo_32.wav,data/fsdd/recordings/2_theo_32.wav,2,theo,32,2185
2_theo_33.wav,data/fsdd/recordings/2_theo_33.wav,2,theo,33,2247
2_theo_34.wav,data/fsdd/recordings/2_theo_34.wav,2,theo,34,1288
2_theo_35.wav,data/fsdd/recordings/2_theo_35.wav,2,theo,35,2153
2_theo_36.wav,data/fsdd/recordings/2_theo_36.wav,2,theo,36,2190
2_theo_37.wav,data/fsdd/recordings/2_theo_37.wav,2,theo,37,2139
2_theo_38.wav,data/fsdd/recordings/2_theo_38.wav,2,theo,38,2869
2_theo_39.wav,data/fsdd/recordings/2_theo_39.wav,2,theo,39,2226
2_theo_4.wav,data/fsdd/recordings/2_theo_4.wav,2,theo,4,2129
2_theo_40.wav,data/fsdd/recordings/2_theo_40.wav,2,theo,40,1910
2_theo_41.wav,data/fsdd/recordings/2_theo_41.wav,2,theo,41,2264
2_theo_42.wav,data/fsdd/recordings/2_theo_42.wav,2,theo,42,2112
2_theo_43.wav,data/fsdd/recordings/2_theo_43.wav,2,theo,43,1854
2_theo_44.wav,data/fsdd/recordings/2_theo_44.wav,2,theo,44,1807
2_theo_45.wav,data/fsdd/recordings/2_theo_45.wav,2,theo,45,2121
2_theo_46.wav,data/fsdd/recordings/2_theo_46.wav,2,theo,46,2078
2_theo_47.wav,data/fsdd/recordings/2_theo_47.wav,2,theo,47,1704
2_theo_48.wav,data/fsdd/recordings/2_theo_48.wav,2,theo,48,1896
2_theo_49.wav,data/fsdd/recordings/2_theo_49.wav,2,theo,49,2042
2_theo_5.wav,data/fsdd/recordings/2_theo_5.wav,2,theo,5,2192
2_theo_6.wav,data/fsdd/recordings/2_theo_6.wav,2,theo,6,1854
2_theo_7.wav,data/fsdd/recordings/2_theo_7.wav,2,theo,7,2037
2_theo_8.wav,data/fsdd/recordings/2_theo_8.wav,2,theo,8,2146
2_theo_9.wav,data/fsdd/recordings/2_theo_9.wav,2,theo,9,1943
2_yweweler_0.wav,data/fsdd/recordings/2_yweweler_0.wav,2,yweweler,0,2199
2_yweweler_1.wav,data/fsdd/recordings/2_yweweler_1.wav,2,yweweler,1,2430
2_yweweler_10.wav,data/fsdd/recordings/2_yweweler_10.wav,2,yweweler,10,2123
2_yweweler_11.wav,data/fsdd/recordings/2_yweweler_11.wav,2,yweweler,11,2257
2_yweweler_12.wav,data/fsdd/recordings/2_yweweler_12.wav,2,yweweler,12,2194
2_yweweler_13.wav,data/fsdd/recordings/2_yweweler_13.wav,2,yweweler,13,2139
2_yweweler_14.wav,data/fsdd/recordings/2_yweweler_14.wav,2,yweweler,14,2485
2_yweweler_15.wav,data/fsdd/recordings/2_yweweler_15.wav,2,yweweler,15,2331
2_yweweler_16.wav,data/fsdd/recordings/2_yweweler_16.wav,2,yweweler,16,2566
2_yweweler_17.wav,data/fsdd/recordings/2_yweweler_17.wav,2,yweweler,17,2411
2_yweweler_18.wav,data/fsdd/recordings/2_yweweler_18.wav,2,yweweler,18,2402
2_yweweler_19.wav,data/fsdd/recordings/2_yweweler_19.wav,2,yweweler,19,2027
2_yweweler_2.wav,data/fsdd/recordings/2_yweweler_2.wav,2,yweweler,2,1906
2_yweweler_20.wav,data/fsdd/recordings/2_yweweler_20.wav,2,yweweler,20,2339
2_yweweler_21.wav,data/fsdd/recordings/2_yweweler_21.wav,2,yweweler,21,2455
2_yweweler_22.wav,data/fsdd/recordings/2_yweweler_22.wav,2,yweweler,22,2426
2_yweweler_23.wav,data/fsdd/recordings/2_yweweler_23.wav,2,yweweler,23,2403
2_yweweler_24.wav,data/fsdd/recordings/2_yweweler_24.wav,2,yweweler,24,2306
2_yweweler_25.wav,data/fsdd/recordings/2_yweweler_25.wav,2,yweweler,25,1900
2_yweweler_26.wav,data/fsdd/recordings/2_yweweler_26.wav,2,yweweler,26,2595
2_yweweler_27.wav,data/fsdd/recordings/2_yweweler_27.wav,2,yweweler,27,2648
2_yweweler_28.wav,data/fsdd/recordings/2_yweweler_28.wav,2,yweweler,28,2783
2_yweweler_29.wav,data/fsdd/recordings/2_yweweler_29.wav,2,yweweler,29,2794
2_yweweler_3.wav,data/fsdd/recordings/2_yweweler_3.wav,2,yweweler,3,2241
2_yweweler_30.wav,data/fsdd/recordings/2_yweweler_30.wav,2,yweweler,30,2310
2_yweweler_31.wav,data/fsdd/recordings/2_yweweler_31.wav,2,yweweler,31,2239
2_yweweler_32.wav,data/fsdd/recordings/2_yweweler_32.wav,2,yweweler,32,2441
2_yweweler_33.wav,data/fsdd/recordings/2_yweweler_33.wav,2,yweweler,33,2377
2_yweweler_34.wav,data/fsdd/recordings/2_yweweler_34.wav,2,yweweler,34,2610
2_yweweler_35.wav,data/fsdd/recordings/2_yweweler_35.wav,2,yweweler,35,2222
2_yweweler_36.wav,data/fsdd/recordings/2_yweweler_36.wav,2,yweweler,36,3325
2_yweweler_37.wav,data/fsdd/recordings/2_yweweler_37.wav,2,yweweler,37,3067
2_yweweler_38.wav,data/fsdd/recordings/2_yweweler_38.wav,2,yweweler,38,3158
2_yweweler_39.wav,data/fsdd/recordings/2_yweweler_39.wav,2,yweweler,39,2792
2_yweweler_4.wav,data/fsdd/recordings/2_yweweler_4.wav,2,yweweler,4,2328
2_yweweler_40.wav,data/fsdd/recordings/2_yweweler_40.wav,2,yweweler,40,2737
2_yweweler_41.wav,data/fsdd/recordings/2_yweweler_41.wav,2,yweweler,41,2479
2_yweweler_42.wav,data/fsdd/recordings/2_yweweler_42.wav,2,yweweler,42,2070
2_yweweler_43.wav,data/fsdd/recordings/2_yweweler_43.wav,2,yweweler,43,2278
2_yweweler_44.wav,data/fsdd/recordings/2_yweweler_44.wav,2,yweweler,44,2354
2_yweweler_45.wav,data/fsdd/recordings/2_yweweler_45.wav,2,yweweler,45,2034
2_yweweler_46.wav,data/fsdd/recordings/2_yweweler_46.wav,2,yweweler,46,2635
2_yweweler_47.wav,data/fsdd/recordings/2_yweweler_47.wav,2,yweweler,47,1973
2_yweweler_48.wav,data/fsdd/recordings/2_yweweler_48.wav,2,yweweler,48,2524
2_yweweler_49.wav,data/fsdd/recordings/2_yweweler_49.wav,2,yweweler,49,2416
2_yweweler_5.wav,data/fsdd/recordings/2_yweweler_5.wav,2,yweweler,5,2594
2_yweweler_6.wav,data/fsdd/recordings/2_yweweler_6.wav,2,yweweler,6,2517
2_yweweler_7.wav,data/fsdd/recordings/2_yweweler_7.wav,2,yweweler,7,2660
2_yweweler_8.wav,data/fsdd/recordings/2_yweweler_8.wav,2,yweweler,8,2199
2_yweweler_9.wav,data/fsdd/recordings/2_yweweler_9.wav,2,yweweler,9,2197
3_george_0.wav,data/fsdd/recordings/3_george_0.wav,3,george,0,3979
3_george_1.wav,data/fsdd/recordings/3_george_1.wav,3,george,1,3995
3_george_10.wav,data/fsdd/recordings/3_george_10.wav,3,george,10,3774
3_george_11.wav,data/fsdd/recordings/3_george_11.wav,3,george,11,3293
3_george_12.wav,data/fsdd/recordings/3_george_12.wav,3,george,12,3239
3_george_13.wav,data/fsdd/recordings/3_george_13.wav,3,george,13,3350
3_george_14.wav,data/fsdd/recordings/3_george_14.wav,3,george,14,2843
3_george_15.wav,data/fsdd/recordings/3_george_15.wav,3,george,15,3187
3_george_16.wav,data/fsdd/recordings/3_george_16.wav,3,george,16,4148
3_george_17.wav,data/fsdd/recordings/3_george_17.wav,3,george,17,3410
3_george_18.wav,data/fsdd/recordings/3_george_18.wav,3,george,18,2979
3_george_19.wav,data/fsdd/recordings/3_george_19.wav,3,george,19,2577
3_george_2.wav,data/fsdd/recordings/3_george_2.wav,3,george,2,3918
3_george_20.wav,data/fsdd/recordings/3_george_20.wav,3,george,20,1531
3_george_21.wav,data/fsdd/recordings/3_george_21.wav,3,george,21,2710
3_george_22.wav,data/fsdd/recordings/3_george_22.wav,3,george,22,3074
3_george_23.wav,data/fsdd/recordings/3_george_23.wav,3,george,23,2481
3_george_24.wav,data/fsdd/recordings/3_george_24.wav,3,george,24,2792
3_george_25.wav,data/fsdd/recordings/3_george_25.wav,3,george,25,2308
3_george_26.wav,data/fsdd/recordings/3_george_26.wav,3,george,26,3213
3_george_27.wav,data/fsdd/recordings/3_george_27.wav,3,george,27,3111
3_george_28.wav,data/fsdd/recordings/3_george_28.wav,3,george,28,3181
3_george_29.wav,data/fsdd/recordings/3_george_29.wav,3,george,29,2572
3_george_3.wav,data/fsdd/recordings/3_george_3.wav,3,george,3,4252
3_george_30.wav,data/fsdd/recordings/3_george_30.wav,3,george,30,2210
3_george_31.wav,data/fsdd/recordings/3_george_31.wav,3,george,31,2212
3_george_32.wav,data/fsdd/recordings/3_george_32.wav,3,george,32,2503
3_george_33.wav,data/fsdd/recordings/3_george_33.wav,3,george,33,3028
3_george_34.wav,data/fsdd/recordings/3_george_34.wav,3,george,34,3253
3_george_35.wav,data/fsdd/recordings/3_george_35.wav,3,george,35,2872
3_george_36.wav,data/fsdd/recordings/3_george_36.wav,3,george,36,2252
3_george_37.wav,data/fsdd/recordings/3_george_37.wav,3,george,37,2496
3_george_38.wav,data/fsdd/recordings/3_george_38.wav,3,george,38,2377
3_george_39.wav,data/fsdd/recordings/3_george_39.wav,3,george,39,1541
3_george_4.wav,data/fsdd/recordings/3_george_4.wav,3,george,4,3522
3_george_40.wav,data/fsdd/recordings/3_george_40.wav,3,george,40,3277
3_george_41.wav,data/fsdd/recordings/3_george_41.wav,3,george,41,3072
3_george_42.wav,data/fsdd/recordings/3_george_42.wav,3,george,42,2351
3_george_43.wav,data/fsdd/recordings/3_george_43.wav,3,george,43,3322
3_george_44.wav,data/fsdd/recordings/3_george_44.wav,3,george,44,2737
3_george_45.wav,data/fsdd/recordings/3_george_45.wav,3,george,45,3218
3_george_46.wav,data/fsdd/recordings/3_george_46.wav,3,george,46,3314
3_george_47.wav,data/fsdd/recordings/3_george_47.wav,3,george,47,2642
3_george_48.wav,data/fsdd/recordings/3_george_48.wav,3,george,48,3323
3_george_49.wav,data/fsdd/recordings/3_george_49.wav,3,george,49,2273
3_george_5.wav,data/fsdd/recordings/3_george_5.wav,3,george,5,3034
3_george_6.wav,data/fsdd/recordings/3_george_6.wav,3,george,6,3298
3_george_7.wav,data/fsdd/recordings/3_george_7.wav,3,george,7,4064
3_george_8.wav,data/fsdd/recordings/3_george_8.wav,3,george,8,3073
3_george_9.wav,data/fsdd/recordings/3_george_9.wav,3,george,9,3464
3_jackson_0.wav,data/fsdd/recordings/3_jackson_0.wav,3,jackson,0,3886
3_jackson_1.wav,data/fsdd/recordings/3_jackson_1.wav,3,jackson,1,3756
3_jackson_10.wav,data/fsdd/recordings/3_jackson_10.wav,3,jackson,10,3691
3_jackson_11.wav,data/fsdd/recordings/3_jackson_11.wav,3,jackson,11,3577
3_jackson_12.wav,data/fsdd/recordings/3_jackson_12.wav,3,jackson,12,3814
3_jackson_13.wav,data/fsdd/recordings/3_jackson_13.wav,3,jackson,13,3482
3_jackson_14.wav,data/fsdd/recordings/3_jackson_14.wav,3,jackson,14,4014
3_jackson_15.wav,data/fsdd/recordings/3_jackson_15.wav,3,jackson,15,3710
3_jackson_16.wav,data/fsdd/recordings/3_jackson_16.wav,3,jackson,16,3839
3_jackson_17.wav,data/fsdd/recordings/3_jackson_17.wav,3,jackson,17,3601
3_jackson_18.wav,data/fsdd/recordings/3_jackson_18.wav,3,jackson,18,3863
3_jackson_19.wav,data/fsdd/recordings/3_jackson_19.wav,3,jackson,19,3530
3_jackson_2.wav,data/fsdd/recordings/3_jackson_2.wav,3,jackson,2,4077
3_jackson_20.wav,data/fsdd/recordings/3_jackson_20.wav,3,jackson,20,3778
3_jackson_21.wav,data/fsdd/recordings/3_jackson_21.wav,3,jackson,21,3643
3_jackson_22.wav,data/fsdd/recordings/3_jackson_22.wav,3,jackson,22,3430
3_jackson_23.wav,data/fsdd/recordings/3_jackson_23.wav,3,jackson,23,3659
3_jackson_24.wav,data/fsdd/recordings/3_jackson_24.wav,3,jackson,24,3414
3_jackson_25.wav,data/fsdd/recordings/3_jackson_25.wav,3,jackson,25,3832
3_jackson_26.wav,data/fsdd/recordings/3_jackson_26.wav,3,jackson,26,3557
3_jackson_27.wav,data/fsdd/recordings/3_jackson_27.wav,3,jackson,27,3687
3_jackson_28.wav,data/fsdd/recordings/3_jackson_28.wav,3,jackson,28,3541
3_jackson_29.wav,data/fsdd/recordings/3_jackson_29.wav,3,jackson,29,3861
3_jackson_3.wav,data/fsdd/recordings/3_jackson_3.wav,3,jackson,3,4101
3_jackson_30.wav,data/fsdd/recordings/3_jackson_30.wav,3,jackson,30,3877
3_jackson_31.wav,data/fsdd/recordings/3_jackson_31.wav,3,jackson,31,3889
3_jackson_32.wav,data/fsdd/recordings/3_jackson_32.wav,3,jackson,32,3818
3_jackson_33.wav,data/fsdd/recordings/3_jackson_33.wav,3,jackson,33,3870
3_jackson_34.wav,data/fsdd/recordings/3_jackson_34.wav,3,jackson,34,3818
3_jackson_35.wav,data/fsdd/recordings/3_jackson_35.wav,3,jackson,35,4175
3_jackson_36.wav,data/fsdd/recordings/3_jackson_36.wav,3,jackson,36,4100
3_jackson_37.wav,data/fsdd/recordings/3_jackson_37.wav,3,jackson,37,4086
3_jackson_38.wav,data/fsdd/recordings/3_jackson_38.wav,3,jackson,38,4243
3_jackson_39.wav,data/fsdd/recordings/3_jackson_39.wav,3,jackson,39,4044
3_jackson_4.wav,data/fsdd/recordings/3_jackson_4.wav,3,jackson,4,3571
3_jackson_40.wav,data/fsdd/recordings/3_jackson_40.wav,3,jackson,40,4169
3_jackson_41.wav,data/fsdd/recordings/3_jackson_41.wav,3,jackson,41,3998
3_jackson_42.wav,data/fsdd/recordings/3_jackson_42.wav,3,jackson,42,4036
3_jackson_43.wav,data/fsdd/recordings/3_jackson_43.wav,3,jackson,43,4008
3_jackson_44.wav,data/fsdd/recordings/3_jackson_44.wav,3,jackson,44,4426
3_jackson_45.wav,data/fsdd/recordings/3_jackson_45.wav,3,jackson,45,4558
3_jackson_46.wav,data/fsdd/recordings/3_jackson_46.wav,3,jackson,46,4290
3_jackson_47.wav,data/fsdd/recordings/3_jackson_47.wav,3,jackson,47,4546
3_jackson_48.wav,data/fsdd/recordings/3_jackson_48.wav,3,jackson,48,4112
3_jackson_49.wav,data/fsdd/recordings/3_jackson_49.wav,3,jackson,49,4175
3_jackson_5.wav,data/fsdd/recordings/3_jackson_5.wav,3,jackson,5,3607
3_jackson_6.wav,data/fsdd/recordings/3_jackson_6.wav,3,jackson,6,3743
3_jackson_7.wav,data/fsdd/recordings/3_jackson_7.wav,3,jackson,7,3910
3_jackson_8.wav,data/fsdd/recordings/3_jackson_8.wav,3,jackson,8,3626
3_jackson_9.wav,data/fsdd/recordings/3_jackson_9.wav,3,jackson,9,3945
3_theo_0.wav,data/fsdd/recordings/3_theo_0.wav,3,theo,0,1931
3_theo_1.wav,data/fsdd/recordings/3_theo_1.wav,3,theo,1,2223
3_theo_10.wav,data/fsdd/recordings/3_theo_10.wav,3,theo,10,1793
3_theo_11.wav,data/fsdd/recordings/3_theo_11.wav,3,theo,11,1824
3_theo_12.wav,data/fsdd/recordings/3_theo_12.wav,3,theo,12,2061
3_theo_13.wav,data/fsdd/recordings/3_theo_13.wav,3,theo,13,2210
3_theo_14.wav,data/fsdd/recordings/3_theo_14.wav,3,theo,14,2114
3_theo_15.wav,data/fsdd/recordings/3_theo_15.wav,3,theo,15,2073
3_theo_16.wav,data/fsdd/recordings/3_theo_16.wav,3,theo,16,2146
3_theo_17.wav,data/fsdd/recordings/3_theo_17.wav,3,theo,17,1579
3_theo_18.wav,data/fsdd/recordings/3_theo_18.wav,3,theo,18,2380
3_theo_19.wav,data/fsdd/recordings/3_theo_19.wav,3,theo,19,1817
3_theo_2.wav,data/fsdd/recordings/3_theo_2.wav,3,theo,2,2168
3_theo_20.wav,data/fsdd/recordings/3_theo_20.wav,3,theo,20,2290
3_theo_21.wav,data/fsdd/recordings/3_theo_21.wav,3,theo,21,4294
3_theo_22.wav,data/fsdd/recordings/3_theo_22.wav,3,theo,22,2749
3_theo_23.wav,data/fsdd/recordings/3_theo_23.wav,3,theo,23,4066
3_theo_24.wav,data/fsdd/recordings/3_theo_24.wav,3,theo,24,3135
3_theo_25.wav,data/fsdd/recordings/3_theo_25.wav,3,theo,25,4506
3_theo_26.wav,data/fsdd/recordings/3_theo_26.wav,3,theo,26,3302
3_theo_27.wav,data/fsdd/recordings/3_theo_27.wav,3,theo,27,3284
3_theo_28.wav,data/fsdd/recordings/3_theo_28.wav,3,theo,28,3084
3_theo_29.wav,data/fsdd/recordings/3_theo_29.wav,3,theo,29,2130
3_theo_3.wav,data/fsdd/recordings/3_theo_3.wav,3,theo,3,1876
3_theo_30.wav,data/fsdd/recordings/3_theo_30.wav,3,theo,30,2823
3_theo_31.wav,data/fsdd/recordings/3_theo_31.wav,3,theo,31,1958
3_theo_32.wav,data/fsdd/recordings/3_theo_32.wav,3,theo,32,2059
3_theo_33.wav,data/fsdd/recordings/3_theo_33.wav,3,theo,33,2197
3_theo_34.wav,data/fsdd/recordings/3_theo_34.wav,3,theo,34,1560
3_theo_35.wav,data/fsdd/recordings/3_theo_35.wav,3,theo,35,2610
3_theo_36.wav,data/fsdd/recordings/3_theo_36.wav,3,theo,36,2519
3_theo_37.wav,data/fsdd/recordings/3_theo_37.wav,3,theo,37,2212
3_theo_38.wav,data/fsdd/recordings/3_theo_38.wav,3,theo,38,2897
3_theo_39.wav,data/fsdd/recordings/3_theo_39.wav,3,theo,39,2377
3_theo_4.wav,data/fsdd/recordings/3_theo_4.wav,3,theo,4,1795
3_theo_40.wav,data/fsdd/recordings/3_theo_40.wav,3,theo,40,3223
3_theo_41.wav,data/fsdd/recordings/3_theo_41.wav,3,theo,41,2238
3_theo_42.wav,data/fsdd/recordings/3_theo_42.wav,3,theo,42,2036
3_theo_43.wav,data/fsdd/recordings/3_theo_43.wav,3,theo,43,2201
3_theo_44.wav,data/fsdd/recordings/3_theo_44.wav,3,theo,44,1846
3_theo_45.wav,data/fsdd/recordings/3_theo_45.wav,3,theo,45,2657
3_theo_46.wav,data/fsdd/recordings/3_theo_46.wav,3,theo,46,3960
3_theo_47.wav,data/fsdd/recordings/3_theo_47.wav,3,theo,47,2672
3_theo_48.wav,data/fsdd/recordings/3_theo_48.wav,3,theo,48,2150
3_theo_49.wav,data/fsdd/recordings/3_theo_49.wav,3,theo,49,1713
3_theo_5.wav,data/fsdd/recordings/3_theo_5.wav,3,theo,5,1803
3_theo_6.wav,data/fsdd/recordings/3_theo_6.wav,3,theo,6,2166
3_theo_7.wav,data/fsdd/recordings/3_theo_7.wav,3,theo,7,1945
3_theo_8.wav,data/fsdd/recordings/3_theo_8.wav,3,theo,8,2177
3_theo_9.wav,data/fsdd/recordings/3_theo_9.wav,3,theo,9,2001
3_yweweler_0.wav,data/fsdd/recordings/3_yweweler_0.wav,3,yweweler,0,3135
3_yweweler_1.wav,data/fsdd/recordings/3_yweweler_1.wav,3,yweweler,1,2511
3_yweweler_10.wav,data/fsdd/recordings/3_yweweler_10.wav,3,yweweler,10,2668
3_yweweler_11.wav,data/fsdd/recordings/3_yweweler_11.wav,3,yweweler,11,3207
3_yweweler_12.wav,data/fsdd/recordings/3_yweweler_12.wav,3,yweweler,12,3144
3_yweweler_13.wav,data/fsdd/recordings/3_yweweler_13.wav,3,yweweler,13,3072
3_yweweler_14.wav,data/fsdd/recordings/3_yweweler_14.wav,3,yweweler,14,2446
3_yweweler_15.wav,data/fsdd/recordings/3_yweweler_15.wav,3,yweweler,15,1892
3_yweweler_16.wav,data/fsdd/recordings/3_yweweler_16.wav,3,yweweler,16,2788
3_yweweler_17.wav,data/fsdd/recordings/3_yweweler_17.wav,3,yweweler,17,3145
3_yweweler_18.wav,data/fsdd/recordings/3_yweweler_18.wav,3,yweweler,18,2854
3_yweweler_19.wav,data/fsdd/recordings/3_yweweler_19.wav,3,yweweler,19,3165
3_yweweler_2.wav,data/fsdd/recordings/3_yweweler_2.wav,3,yweweler,2,2005
3_yweweler_20.wav,data/fsdd/recordings/3_yweweler_20.wav,3,yweweler,20,2218
3_yweweler_21.wav,data/fsdd/recordings/3_yweweler_21.wav,3,yweweler,21,3320
3_yweweler_22.wav,data/fsdd/recordings/3_yweweler_22.wav,3,yweweler,22,2257
3_yweweler_23.wav,data/fsdd/recordings/3_yweweler_23.wav,3,yweweler,23,2726
3_yweweler_24.wav,data/fsdd/recordings/3_yweweler_24.wav,3,yweweler,24,2203
3_yweweler_25.wav,data/fsdd/recordings/3_yweweler_25.wav,3,yweweler,25,2478
3_yweweler_26.wav,data/fsdd/recordings/3_yweweler_26.wav,3,yweweler,26,2630
3_yweweler_27.wav,data/fsdd/recordings/3_yweweler_27.wav,3,yweweler,27,2330
3_yweweler_28.wav,data/fsdd/recordings/3_yweweler_28.wav,3,yweweler,28,2272
3_yweweler_29.wav,data/fsdd/recordings/3_yweweler_29.wav,3,yweweler,29,2274
3_yweweler_3.wav,data/fsdd/recordings/3_yweweler_3.wav,3,yweweler,3,3172
3_yweweler_30.wav,data/fsdd/recordings/3_yweweler_30.wav,3,yweweler,30,3288
3_yweweler_31.wav,data/fsdd/recordings/3_yweweler_31.wav,3,yweweler,31,1697
3_yweweler_32.wav,data/fsdd/recordings/3_yweweler_32.wav,3,yweweler,32,2254
3_yweweler_33.wav,data/fsdd/recordings/3_yweweler_33.wav,3,yweweler,33,2695
3_yweweler_34.wav,data/fsdd/recordings/3_yweweler_34.wav,3,yweweler,34,3154
3_yweweler_35.wav,data/fsdd/recordings/3_yweweler_35.wav,3,yweweler,35,2829
3_yweweler_36.wav,data/fsdd/recordings/3_yweweler_36.wav,3,yweweler,36,2276
3_yweweler_37.wav,data/fsdd/recordings/3_yweweler_37.wav,3,yweweler,37,3277
3_yweweler_38.wav,data/fsdd/recordings/3_yweweler_38.wav,3,yweweler,38,2230
3_yweweler_39.wav,data/fsdd/recordings/3_yweweler_39.wav,3,yweweler,39,2345
3_yweweler_4.wav,data/fsdd/recordings/3_yweweler_4.wav,3,yweweler,4,3186
3_yweweler_40.wav,data/fsdd/recordings/3_yweweler_40.wav,3,yweweler,40,4920
3_yweweler_41.wav,data/fsdd/recordings/3_yweweler_41.wav,3,yweweler,41,1903
3_yweweler_42.wav,data/fsdd/recordings/3_yweweler_42.wav,3,yweweler,42,2409
3_yweweler_43.wav,data/fsdd/recordings/3_yweweler_43.wav,3,yweweler,43,2702
3_yweweler_44.wav,data/fsdd/recordings/3_yweweler_44.wav,3,yweweler,44,2104
3_yweweler_45.wav,data/fsdd/recordings/3_yweweler_45.wav,3,yweweler,45,2688
3_yweweler_46.wav,data/fsdd/recordings/3_yweweler_46.wav,3,yweweler,46,2105
3_yweweler_47.wav,data/fsdd/recordings/3_yweweler_47.wav,3,yweweler,47,2643
3_yweweler_48.wav,data/fsdd/recordings/3_yweweler_48.wav,3,yweweler,48,2474
3_yweweler_49.wav,data/fsdd/recordings/3_yweweler_49.wav,3,yweweler,49,2077
3_yweweler_5.wav,data/fsdd/recordings/3_yweweler_5.wav,3,yweweler,5,2478
3_yweweler_6.wav,data/fsdd/recordings/3_yweweler_6.wav,3,yweweler,6,2974
3_yweweler_7.wav,data/fsdd/recordings/3_yweweler_7.wav,3,yweweler,7,1919
3_yweweler_8.wav,data/fsdd/recordings/3_yweweler_8.wav,3,yweweler,8,2079
3_yweweler_9.wav,data/fsdd/recordings/3_yweweler_9.wav,3,yweweler,9,2418
4_george_0.wav,data/fsdd/recordings/4_george_0.wav,4,george,0,3491
4_george_1.wav,data/fsdd/recordings/4_george_1.wav,4,george,1,4311
4_george_10.wav,data/fsdd/recordings/4_george_10.wav,4,george,10,3088
4_george_11.wav,data/fsdd/recordings/4_george_11.wav,4,george,11,3997
4_george_12.wav,data/fsdd/recordings/4_george_12.wav,4,george,12,3693
4_george_13.wav,data/fsdd/recordings/4_george_13.wav,4,george,13,3942
4_george_14.wav,data/fsdd/recordings/4_george_14.wav,4,george,14,3805
4_george_15.wav,data/fsdd/recordings/4_george_15.wav,4,george,15,4057
4_george_16.wav,data/fsdd/recordings/4_george_16.wav,4,george,16,3952
4_george_17.wav,data/fsdd/recordings/4_george_17.wav,4,george,17,4150
4_george_18.wav,data/fsdd/recordings/4_george_18.wav,4,george,18,4616
4_george_19.wav,data/fsdd/recordings/4_george_19.wav,4,george,19,4385
4_george_2.wav,data/fsdd/recordings/4_george_2.wav,4,george,2,3892
4_george_20.wav,data/fsdd/recordings/4_george_20.wav,4,george,20,3334
4_george_21.wav,data/fsdd/recordings/4_george_21.wav,4,george,21,3004
4_george_22.wav,data/fsdd/recordings/4_george_22.wav,4,george,22,4104
4_george_23.wav,data/fsdd/recordings/4_george_23.wav,4,george,23,2511
4_george_24.wav,data/fsdd/recordings/4_george_24.wav,4,george,24,3317
4_george_25.wav,data/fsdd/recordings/4_george_25.wav,4,george,25,3390
4_george_26.wav,data/fsdd/recordings/4_george_26.wav,4,george,26,4177
4_george_27.wav,data/fsdd/recordings/4_george_27.wav,4,george,27,4156
4_george_28.wav,data/fsdd/recordings/4_george_28.wav,4,george,28,3530
4_george_29.wav,data/fsdd/recordings/4_george_29.wav,4,george,29,3008
4_george_3.wav,data/fsdd/recordings/4_george_3.wav,4,george,3,3761
4_george_30.wav,data/fsdd/recordings/4_george_30.wav,4,george,30,3512
4_george_31.wav,data/fsdd/recordings/4_george_31.wav,4,george,31,3132
4_george_32.wav,data/fsdd/recordings/4_george_32.wav,4,george,32,3304
4_george_33.wav,data/fsdd/recordings/4_george_33.wav,4,george,33,3523
4_george_34.wav,data/fsdd/recordings/4_george_34.wav,4,george,34,2320
4_george_35.wav,data/fsdd/recordings/4_george_35.wav,4,george,35,3913
4_george_36.wav,data/fsdd/recordings/4_george_36.wav,4,george,36,4076
4_george_37.wav,data/fsdd/recordings/4_george_37.wav,4,george,37,3246
4_george_38.wav,data/fsdd/recordings/4_george_38.wav,4,george,38,2184
4_george_39.wav,data/fsdd/recordings/4_george_39.wav,4,george,39,2580
4_george_4.wav,data/fsdd/recordings/4_george_4.wav,4,george,4,3479
4_george_40.wav,data/fsdd/recordings/4_george_40.wav,4,george,40,3198
4_george_41.wav,data/fsdd/recordings/4_george_41.wav,4,george,41,3176
4_george_42.wav,data/fsdd/recordings/4_george_42.wav,4,george,42,3218
4_george_43.wav,data/fsdd/recordings/4_george_43.wav,4,george,43,2770
4_george_44.wav,data/fsdd/recordings/4_george_44.wav,4,george,44,2787
4_george_45.wav,data/fsdd/recordings/4_george_45.wav,4,george,45,3186
4_george_46.wav,data/fsdd/recordings/4_george_46.wav,4,george,46,3040
4_george_47.wav,data/fsdd/recordings/4_george_47.wav,4,george,47,2733
4_george_48.wav,data/fsdd/recordings/4_george_48.wav,4,george,48,3767
4_george_49.wav,data/fsdd/recordings/4_george_49.wav,4,george,49,3439
4_george_5.wav,data/fsdd/recordings/4_george_5.wav,4,george,5,3841
4_george_6.wav,data/fsdd/recordings/4_george_6.wav,4,george,6,4457
4_george_7.wav,data/fsdd/recordings/4_george_7.wav,4,george,7,4041
4_george_8.wav,data/fsdd/recordings/4_george_8.wav,4,george,8,4734
4_george_9.wav,data/fsdd/recordings/4_george_9.wav,4,george,9,4341
4_jackson_0.wav,data/fsdd/recordings/4_jackson_0.wav,4,jackson,0,3708
4_jackson_1.wav,data/fsdd/recordings/4_jackson_1.wav,4,jackson,1,3349
4_jackson_10.wav,data/fsdd/recordings/4_jackson_10.wav,4,jackson,10,3005
4_jackson_11.wav,data/fsdd/recordings/4_jackson_11.wav,4,jackson,11,3012
4_jackson_12.wav,data/fsdd/recordings/4_jackson_12.wav,4,jackson,12,3292
4_jackson_13.wav,data/fsdd/recordings/4_jackson_13.wav,4,jackson,13,2986
4_jackson_14.wav,data/fsdd/recordings/4_jackson_14.wav,4,jackson,14,2983
4_jackson_15.wav,data/fsdd/recordings/4_jackson_15.wav,4,jackson,15,3608
4_jackson_16.wav,data/fsdd/recordings/4_jackson_16.wav,4,jackson,16,3461
4_jackson_17.wav,data/fsdd/recordings/4_jackson_17.wav,4,jackson,17,3223
4_jackson_18.wav,data/fsdd/recordings/4_jackson_18.wav,4,jackson,18,3224
4_jackson_19.wav,data/fsdd/recordings/4_jackson_19.wav,4,jackson,19,2895
4_jackson_2.wav,data/fsdd/recordings/4_jackson_2.wav,4,jackson,2,3328
4_jackson_20.wav,data/fsdd/recordings/4_jackson_20.wav,4,jackson,20,3126
4_jackson_21.wav,data/fsdd/recordings/4_jackson_21.wav,4,jackson,21,2838
4_jackson_22.wav,data/fsdd/recordings/4_jackson_22.wav,4,jackson,22,3355
4_jackson_23.wav,data/fsdd/recordings/4_jackson_23.wav,4,jackson,23,3260
4_jackson_24.wav,data/fsdd/recordings/4_jackson_24.wav,4,jackson,24,3169
4_jackson_25.wav,data/fsdd/recordings/4_jackson_25.wav,4,jackson,25,3286
4_jackson_26.wav,data/fsdd/recordings/4_jackson_26.wav,4,jackson,26,3434
4_jackson_27.wav,data/fsdd/recordings/4_jackson_27.wav,4,jackson,27,3400
4_jackson_28.wav,data/fsdd/recordings/4_jackson_28.wav,4,jackson,28,3795
4_jackson_29.wav,data/fsdd/recordings/4_jackson_29.wav,4,jackson,29,3491
4_jackson_3.wav,data/fsdd/recordings/4_jackson_3.wav,4,jackson,3,3249
4_jackson_30.wav,data/fsdd/recordings/4_jackson_30.wav,4,jackson,30,3522
4_jackson_31.wav,data/fsdd/recordings/4_jackson_31.wav,4,jackson,31,3479
4_jackson_32.wav,data/fsdd/recordings/4_jackson_32.wav,4,jackson,32,3467
4_jackson_33.wav,data/fsdd/recordings/4_jackson_33.wav,4,jackson,33,3357
4_jackson_34.wav,data/fsdd/recordings/4_jackson_34.wav,4,jackson,34,3188
4_jackson_35.wav,data/fsdd/recordings/4_jackson_35.wav,4,jackson,35,3462
4_jackson_36.wav,data/fsdd/recordings/4_jackson_36.wav,4,jackson,36,3195
4_jackson_37.wav,data/fsdd/recordings/4_jackson_37.wav,4,jackson,37,4023
4_jackson_38.wav,data/fsdd/recordings/4_jackson_38.wav,4,jackson,38,3753
4_jackson_39.wav,data/fsdd/recordings/4_jackson_39.wav,4,jackson,39,3879
4_jackson_4.wav,data/fsdd/recordings/4_jackson_4.wav,4,jackson,4,3458
4_jackson_40.wav,data/fsdd/recordings/4_jackson_40.wav,4,jackson,40,3764
4_jackson_41.wav,data/fsdd/recordings/4_jackson_41.wav,4,jackson,41,3586
4_jackson_42.wav,data/fsdd/recordings/4_jackson_42.wav,4,jackson,42,3410
4_jackson_43.wav,data/fsdd/recordings/4_jackson_43.wav,4,jackson,43,3699
4_jackson_44.wav,data/fsdd/recordings/4_jackson_44.wav,4,jackson,44,3763
4_jackson_45.wav,data/fsdd/recordings/4_jackson_45.wav,4,jackson,45,3512
4_jackson_46.wav,data/fsdd/recordings/4_jackson_46.wav,4,jackson,46,4089
4_jackson_47.wav,data/fsdd/recordings/4_jackson_47.wav,4,jackson,47,3940
4_jackson_48.wav,data/fsdd/recordings/4_jackson_48.wav,4,jackson,48,3754
4_jackson_49.wav,data/fsdd/recordings/4_jackson_49.wav,4,jackson,49,4001
4_jackson_5.wav,data/fsdd/recordings/4_jackson_5.wav,4,jackson,5,3490
4_jackson_6.wav,data/fsdd/recordings/4_jackson_6.wav,4,jackson,6,3636
4_jackson_7.wav,data/fsdd/recordings/4_jackson_7.wav,4,jackson,7,3307
4_jackson_8.wav,data/fsdd/recordings/4_jackson_8.wav,4,jackson,8,3347
4_jackson_9.wav,data/fsdd/recordings/4_jackson_9.wav,4,jackson,9,3374
4_theo_0.wav,data/fsdd/recordings/4_theo_0.wav,4,theo,0,2190
4_theo_1.wav,data/fsdd/recordings/4_theo_1.wav,4,theo,1,2039
4_theo_10.wav,data/fsdd/recordings/4_theo_10.wav,4,theo,10,1873
4_theo_11.wav,data/fsdd/recordings/4_theo_11.wav,4,theo,11,2694
4_theo_12.wav,data/fsdd/recordings/4_theo_12.wav,4,theo,12,2696
4_theo_13.wav,data/fsdd/recordings/4_theo_13.wav,4,theo,13,2544
4_theo_14.wav,data/fsdd/recordings/4_theo_14.wav,4,theo,14,3602
4_theo_15.wav,data/fsdd/recordings/4_theo_15.wav,4,theo,15,3461
4_theo_16.wav,data/fsdd/recordings/4_theo_16.wav,4,theo,16,4254
4_theo_17.wav,data/fsdd/recordings/4_theo_17.wav,4,theo,17,1632
4_theo_18.wav,data/fsdd/recordings/4_theo_18.wav,4,theo,18,3326
4_theo_19.wav,data/fsdd/recordings/4_theo_19.wav,4,theo,19,3122
4_theo_2.wav,data/fsdd/recordings/4_theo_2.wav,4,theo,2,1806
4_theo_20.wav,data/fsdd/recordings/4_theo_20.wav,4,theo,20,2823
4_theo_21.wav,data/fsdd/recordings/4_theo_21.wav,4,theo,21,3311
4_theo_22.wav,data/fsdd/recordings/4_theo_22.wav,4,theo,22,3582
4_theo_23.wav,data/fsdd/recordings/4_theo_23.wav,4,theo,23,3939
4_theo_24.wav,data/fsdd/recordings/4_theo_24.wav,4,theo,24,3803
4_theo_25.wav,data/fsdd/recordings/4_theo_25.wav,4,theo,25,3124
4_theo_26.wav,data/fsdd/recordings/4_theo_26.wav,4,theo,26,2022
4_theo_27.wav,data/fsdd/recordings/4_theo_27.wav,4,theo,27,4809
4_theo_28.wav,data/fsdd/recordings/4_theo_28.wav,4,theo,28,5467
4_theo_29.wav,data/fsdd/recordings/4_theo_29.wav,4,theo,29,2329
4_theo_3.wav,data/fsdd/recordings/4_theo_3.wav,4,theo,3,2014
4_theo_30.wav,data/fsdd/recordings/4_theo_30.wav,4,theo,30,2045
4_theo_31.wav,data/fsdd/recordings/4_theo_31.wav,4,theo,31,3220
4_theo_32.wav,data/fsdd/recordings/4_theo_32.wav,4,theo,32,2608
4_theo_33.wav,data/fsdd/recordings/4_theo_33.wav,4,theo,33,2599
4_theo_34.wav,data/fsdd/recordings/4_theo_34.wav,4,theo,34,3083
4_theo_35.wav,data/fsdd/recordings/4_theo_35.wav,4,theo,35,2826
4_theo_36.wav,data/fsdd/recordings/4_theo_36.wav,4,theo,36,2698
4_theo_37.wav,data/fsdd/recordings/4_theo_37.wav,4,theo,37,2382
4_theo_38.wav,data/fsdd/recordings/4_theo_38.wav,4,theo,38,2530
4_theo_39.wav,data/fsdd/recordings/4_theo_39.wav,4,theo,39,2904
4_theo_4.wav,data/fsdd/recordings/4_theo_4.wav,4,theo,4,2326
4_theo_40.wav,data/fsdd/recordings/4_theo_40.wav,4,theo,40,3631
4_theo_41.wav,data/fsdd/recordings/4_theo_41.wav,4,theo,41,2455
4_theo_42.wav,data/fsdd/recordings/4_theo_42.wav,4,theo,42,2362
4_theo_43.wav,data/fsdd/recordings/4_theo_43.wav,4,theo,43,3143
4_theo_44.wav,data/fsdd/recordings/4_theo_44.wav,4,theo,44,2113
4_theo_45.wav,data/fsdd/recordings/4_theo_45.wav,4,theo,45,2922
4_theo_46.wav,data/fsdd/recordings/4_theo_46.wav,4,theo,46,2703
4_theo_47.wav,data/fsdd/recordings/4_theo_47.wav,4,theo,47,2110
4_theo_48.wav,data/fsdd/recordings/4_theo_48.wav,4,theo,48,2807
4_theo_49.wav,data/fsdd/recordings/4_theo_49.wav,4,theo,49,2699
4_theo_5.wav,data/fsdd/recordings/4_theo_5.wav,4,theo,5,1790
4_theo_6.wav,data/fsdd/recordings/4_theo_6.wav,4,theo,6,1705
4_theo_7.wav,data/fsdd/recordings/4_theo_7.wav,4,theo,7,2640
4_theo_8.wav,data/fsdd/recordings/4_theo_8.wav,4,theo,8,2189
4_theo_9.wav,data/fsdd/recordings/4_theo_9.wav,4,theo,9,2109
4_yweweler_0.wav,data/fsdd/recordings/4_yweweler_0.wav,4,yweweler,0,3279
4_yweweler_1.wav,data/fsdd/recordings/4_yweweler_1.wav,4,yweweler,1,3138
4_yweweler_10.wav,data/fsdd/recordings/4_yweweler_10.wav,4,yweweler,10,2898
4_yweweler_11.wav,data/fsdd/recordings/4_yweweler_11.wav,4,yweweler,11,2733
4_yweweler_12.wav,data/fsdd/recordings/4_yweweler_12.wav,4,yweweler,12,3347
4_yweweler_13.wav,data/fsdd/recordings/4_yweweler_13.wav,4,yweweler,13,2628
4_yweweler_14.wav,data/fsdd/recordings/4_yweweler_14.wav,4,yweweler,14,2124
4_yweweler_15.wav,data/fsdd/recordings/4_yweweler_15.wav,4,yweweler,15,2823
4_yweweler_16.wav,data/fsdd/recordings/4_yweweler_16.wav,4,yweweler,16,2147
4_yweweler_17.wav,data/fsdd/recordings/4_yweweler_17.wav,4,yweweler,17,2723
4_yweweler_18.wav,data/fsdd/recordings/4_yweweler_18.wav,4,yweweler,18,2469
4_yweweler_19.wav,data/fsdd/recordings/4_yweweler_19.wav,4,yweweler,19,2479
4_yweweler_2.wav,data/fsdd/recordings/4_yweweler_2.wav,4,yweweler,2,2678
4_yweweler_20.wav,data/fsdd/recordings/4_yweweler_20.wav,4,yweweler,20,2565
4_yweweler_21.wav,data/fsdd/recordings/4_yweweler_21.wav,4,yweweler,21,2740
4_yweweler_22.wav,data/fsdd/recordings/4_yweweler_22.wav,4,yweweler,22,2181
4_yweweler_23.wav,data/fsdd/recordings/4_yweweler_23.wav,4,yweweler,23,3426
4_yweweler_24.wav,data/fsdd/recordings/4_yweweler_24.wav,4,yweweler,24,2756
4_yweweler_25.wav,data/fsdd/recordings/4_yweweler_25.wav,4,yweweler,25,2743
4_yweweler_26.wav,data/fsdd/recordings/4_yweweler_26.wav,4,yweweler,26,2628
4_yweweler_27.wav,data/fsdd/recordings/4_yweweler_27.wav,4,yweweler,27,3308
4_yweweler_28.wav,data/fsdd/recordings/4_yweweler_28.wav,4,yweweler,28,2180
4_yweweler_29.wav,data/fsdd/recordings/4_yweweler_29.wav,4,yweweler,29,2873
4_yweweler_3.wav,data/fsdd/recordings/4_yweweler_3.wav,4,yweweler,3,2170
4_yweweler_30.wav,data/fsdd/recordings/4_yweweler_30.wav,4,yweweler,30,3118
4_yweweler_31.wav,data/fsdd/recordings/4_yweweler_31.wav,4,yweweler,31,3109
4_yweweler_32.wav,data/fsdd/recordings/4_yweweler_32.wav,4,yweweler,32,3402
4_yweweler_33.wav,data/fsdd/recordings/4_yweweler_33.wav,4,yweweler,33,2267
4_yweweler_34.wav,data/fsdd/recordings/4_yweweler_34.wav,4,yweweler,34,3049
4_yweweler_35.wav,data/fsdd/recordings/4_yweweler_35.wav,4,yweweler,35,3857
4_yweweler_36.wav,data/fsdd/recordings/4_yweweler_36.wav,4,yweweler,36,2753
4_yweweler_37.wav,data/fsdd/recordings/4_yweweler_37.wav,4,yweweler,37,4864
4_yweweler_38.wav,data/fsdd/recordings/4_yweweler_38.wav,4,yweweler,38,3065
4_yweweler_39.wav,data/fsdd/recordings/4_yweweler_39.wav,4,yweweler,39,4195
4_yweweler_4.wav,data/fsdd/recordings/4_yweweler_4.wav,4,yweweler,4,2797
4_yweweler_40.wav,data/fsdd/recordings/4_yweweler_40.wav,4,yweweler,40,3297
4_yweweler_41.wav,data/fsdd/recordings/4_yweweler_41.wav,4,yweweler,41,2762
4_yweweler_42.wav,data/fsdd/recordings/4_yweweler_42.wav,4,yweweler,42,2401
4_yweweler_43.wav,data/fsdd/recordings/4_yweweler_43.wav,4,yweweler,43,2397
4_yweweler_44.wav,data/fsdd/recordings/4_yweweler_44.wav,4,yweweler,44,2911
4_yweweler_45.wav,data/fsdd/recordings/4_yweweler_45.wav,4,yweweler,45,2382
4_yweweler_46.wav,data/fsdd/recordings/4_yweweler_46.wav,4,yweweler,46,2282
4_yweweler_47.wav,data/fsdd/recordings/4_yweweler_47.wav,4,yweweler,47,2863
4_yweweler_48.wav,data/fsdd/recordings/4_yweweler_48.wav,4,yweweler,48,2192
4_yweweler_49.wav,data/fsdd/recordings/4_yweweler_49.wav,4,yweweler,49,2820
4_yweweler_5.wav,data/fsdd/recordings/4_yweweler_5.wav,4,yweweler,5,2671
4_yweweler_6.wav,data/fsdd/recordings/4_yweweler_6.wav,4,yweweler,6,2494
4_yweweler_7.wav,data/fsdd/recordings/4_yweweler_7.wav,4,yweweler,7,2198
4_yweweler_8.wav,data/fsdd/recordings/4_yweweler_8.wav,4,yweweler,8,1359
4_yweweler_9.wav,data/fsdd/recordings/4_yweweler_9.wav,4,yweweler,9,2726
5_george_0.wav,data/fsdd/recordings/5_george_0.wav,5,george,0,4480
5_george_1.wav,data/fsdd/recordings/5_george_1.wav,5,george,1,4611
5_george_10.wav,data/fsdd/recordings/5_george_10.wav,5,george,10,2838
5_george_11.wav,data/fsdd/recordings/5_george_11.wav,5,george,11,3034
5_george_12.wav,data/fsdd/recordings/5_george_12.wav,5,george,12,3402
5_george_13.wav,data/fsdd/recordings/5_george_13.wav,5,george,13,2904
5_george_14.wav,data/fsdd/recordings/5_george_14.wav,5,george,14,3379
5_george_15.wav,data/fsdd/recordings/5_george_15.wav,5,george,15,3266
5_george_16.wav,data/fsdd/recordings/5_george_16.wav,5,george,16,4029
5_george_17.wav,data/fsdd/recordings/5_george_17.wav,5,george,17,3874
5_george_18.wav,data/fsdd/recordings/5_george_18.wav,5,george,18,3531
5_george_19.wav,data/fsdd/recordings/5_george_19.wav,5,george,19,4204
5_george_2.wav,data/fsdd/recordings/5_george_2.wav,5,george,2,3854
5_george_20.wav,data/fsdd/recordings/5_george_20.wav,5,george,20,3385
5_george_21.wav,data/fsdd/recordings/5_george_21.wav,5,george,21,4604
5_george_22.wav,data/fsdd/recordings/5_george_22.wav,5,george,22,3544
5_george_23.wav,data/fsdd/recordings/5_george_23.wav,5,george,23,3152
5_george_24.wav,data/fsdd/recordings/5_george_24.wav,5,george,24,3201
5_george_25.wav,data/fsdd/recordings/5_george_25.wav,5,george,25,3264
5_george_26.wav,data/fsdd/recordings/5_george_26.wav,5,george,26,3497
5_george_27.wav,data/fsdd/recordings/5_george_27.wav,5,george,27,3446
5_george_28.wav,data/fsdd/recordings/5_george_28.wav,5,george,28,3258
5_george_29.wav,data/fsdd/recordings/5_george_29.wav,5,george,29,4348
5_george_3.wav,data/fsdd/recordings/5_george_3.wav,5,george,3,4003
5_george_30.wav,data/fsdd/recordings/5_george_30.wav,5,george,30,3087
5_george_31.wav,data/fsdd/recordings/5_george_31.wav,5,george,31,3425
5_george_32.wav,data/fsdd/recordings/5_george_32.wav,5,george,32,3010
5_george_33.wav,data/fsdd/recordings/5_george_33.wav,5,george,33,2807
5_george_34.wav,data/fsdd/recordings/5_george_34.wav,5,george,34,2962
5_george_35.wav,data/fsdd/recordings/5_george_35.wav,5,george,35,3812
5_george_36.wav,data/fsdd/recordings/5_george_36.wav,5,george,36,3324
5_george_37.wav,data/fsdd/recordings/5_george_37.wav,5,george,37,4067
5_george_38.wav,data/fsdd/recordings/5_george_38.wav,5,george,38,2740
5_george_39.wav,data/fsdd/recordings/5_george_39.wav,5,george,39,2419
5_george_4.wav,data/fsdd/recordings/5_george_4.wav,5,george,4,3803
5_george_40.wav,data/fsdd/recordings/5_george_40.wav,5,george,40,2706
5_george_41.wav,data/fsdd/recordings/5_george_41.wav,5,george,41,4048
5_george_42.wav,data/fsdd/recordings/5_george_42.wav,5,george,42,3029
5_george_43.wav,data/fsdd/recordings/5_george_43.wav,5,george,43,2990
5_george_44.wav,data/fsdd/recordings/5_george_44.wav,5,george,44,2949
5_george_45.wav,data/fsdd/recordings/5_george_45.wav,5,george,45,3402
5_george_46.wav,data/fsdd/recordings/5_george_46.wav,5,george,46,3396
5_george_47.wav,data/fsdd/recordings/5_george_47.wav,5,george,47,3256
5_george_48.wav,data/fsdd/recordings/5_george_48.wav,5,george,48,2945
5_george_49.wav,data/fsdd/recordings/5_george_49.wav,5,george,49,4252
5_george_5.wav,data/fsdd/recordings/5_george_5.wav,5,george,5,3197
5_george_6.wav,data/fsdd/recordings/5_george_6.wav,5,george,6,4397
5_george_7.wav,data/fsdd/recordings/5_george_7.wav,5,george,7,4151
5_george_8.wav,data/fsdd/recordings/5_george_8.wav,5,george,8,3240
5_george_9.wav,data/fsdd/recordings/5_george_9.wav,5,george,9,3695
5_jackson_0.wav,data/fsdd/recordings/5_jackson_0.wav,5,jackson,0,3394
5_jackson_1.wav,data/fsdd/recordings/5_jackson_1.wav,5,jackson,1,3319
5_jackson_10.wav,data/fsdd/recordings/5_jackson_10.wav,5,jackson,10,3148
5_jackson_11.wav,data/fsdd/recordings/5_jackson_11.wav,5,jackson,11,3555
5_jackson_12.wav,data/fsdd/recordings/5_jackson_12.wav,5,jackson,12,2942
5_jackson_13.wav,data/fsdd/recordings/5_jackson_13.wav,5,jackson,13,3373
5_jackson_14.wav,data/fsdd/recordings/5_jackson_14.wav,5,jackson,14,3031
5_jackson_15.wav,data/fsdd/recordings/5_jackson_15.wav,5,jackson,15,3451
5_jackson_16.wav,data/fsdd/recordings/5_jackson_16.wav,5,jackson,16,3163
5_jackson_17.wav,data/fsdd/recordings/5_jackson_17.wav,5,jackson,17,3169
5_jackson_18.wav,data/fsdd/recordings/5_jackson_18.wav,5,jackson,18,2876
5_jackson_19.wav,data/fsdd/recordings/5_jackson_19.wav,5,jackson,19,2955
5_jackson_2.wav,data/fsdd/recordings/5_jackson_2.wav,5,jackson,2,3635
5_jackson_20.wav,data/fsdd/recordings/5_jackson_20.wav,5,jackson,20,2753
5_jackson_21.wav,data/fsdd/recordings/5_jackson_21.wav,5,jackson,21,3045
5_jackson_22.wav,data/fsdd/recordings/5_jackson_22.wav,5,jackson,22,2974
5_jackson_23.wav,data/fsdd/recordings/5_jackson_23.wav,5,jackson,23,3247
5_jackson_24.wav,data/fsdd/recordings/5_jackson_24.wav,5,jackson,24,3168
5_jackson_25.wav,data/fsdd/recordings/5_jackson_25.wav,5,jackson,25,3158
5_jackson_26.wav,data/fsdd/recordings/5_jackson_26.wav,5,jackson,26,3261
5_jackson_27.wav,data/fsdd/recordings/5_jackson_27.wav,5,jackson,27,3235
5_jackson_28.wav,data/fsdd/recordings/5_jackson_28.wav,5,jackson,28,2951
5_jackson_29.wav,data/fsdd/recordings/5_jackson_29.wav,5,jackson,29,3835
5_jackson_3.wav,data/fsdd/recordings/5_jackson_3.wav,5,jackson,3,3161
5_jackson_30.wav,data/fsdd/recordings/5_jackson_30.wav,5,jackson,30,3431
5_jackson_31.wav,data/fsdd/recordings/5_jackson_31.wav,5,jackson,31,3287
5_jackson_32.wav,data/fsdd/recordings/5_jackson_32.wav,5,jackson,32,3294
5_jackson_33.wav,data/fsdd/recordings/5_jackson_33.wav,5,jackson,33,3135
5_jackson_34.wav,data/fsdd/recordings/5_jackson_34.wav,5,jackson,34,2891
5_jackson_35.wav,data/fsdd/recordings/5_jackson_35.wav,5,jackson,35,3459
5_jackson_36.wav,data/fsdd/recordings/5_jackson_36.wav,5,jackson,36,2966
5_jackson_37.wav,data/fsdd/recordings/5_jackson_37.wav,5,jackson,37,3126
5_jackson_38.wav,data/fsdd/recordings/5_jackson_38.wav,5,jackson,38,3426
5_jackson_39.wav,data/fsdd/recordings/5_jackson_39.wav,5,jackson,39,3039
5_jackson_4.wav,data/fsdd/recordings/5_jackson_4.wav,5,jackson,4,4204
5_jackson_40.wav,data/fsdd/recordings/5_jackson_40.wav,5,jackson,40,3274
5_jackson_41.wav,data/fsdd/recordings/5_jackson_41.wav,5,jackson,41,3171
5_jackson_42.wav,data/fsdd/recordings/5_jackson_42.wav,5,jackson,42,3739
5_jackson_43.wav,data/fsdd/recordings/5_jackson_43.wav,5,jackson,43,3483
5_jackson_44.wav,data/fsdd/recordings/5_jackson_44.wav,5,jackson,44,3902
5_jackson_45.wav,data/fsdd/recordings/5_jackson_45.wav,5,jackson,45,3693
5_jackson_46.wav,data/fsdd/recordings/5_jackson_46.wav,5,jackson,46,4016
5_jackson_47.wav,data/fsdd/recordings/5_jackson_47.wav,5,jackson,47,4100
5_jackson_48.wav,data/fsdd/recordings/5_jackson_48.wav,5,jackson,48,4052
5_jackson_49.wav,data/fsdd/recordings/5_jackson_49.wav,5,jackson,49,3839
5_jackson_5.wav,data/fsdd/recordings/5_jackson_5.wav,5,jackson,5,3098
5_jackson_6.wav,data/fsdd/recordings/5_jackson_6.wav,5,jackson,6,3187
5_jackson_7.wav,data/fsdd/recordings/5_jackson_7.wav,5,jackson,7,3070
5_jackson_8.wav,data/fsdd/recordings/5_jackson_8.wav,5,jackson,8,2942
5_jackson_9.wav,data/fsdd/recordings/5_jackson_9.wav,5,jackson,9,4608
5_theo_0.wav,data/fsdd/recordings/5_theo_0.wav,5,theo,0,2427
5_theo_1.wav,data/fsdd/recordings/5_theo_1.wav,5,theo,1,2355
5_theo_10.wav,data/fsdd/recordings/5_theo_10.wav,5,theo,10,2201
5_theo_11.wav,data/fsdd/recordings/5_theo_11.wav,5,theo,11,2065
5_theo_12.wav,data/fsdd/recordings/5_theo_12.wav,5,theo,12,2433
5_theo_13.wav,data/fsdd/recordings/5_theo_13.wav,5,theo,13,2653
5_theo_14.wav,data/fsdd/recordings/5_theo_14.wav,5,theo,14,2170
5_theo_15.wav,data/fsdd/recordings/5_theo_15.wav,5,theo,15,2624
5_theo_16.wav,data/fsdd/recordings/5_theo_16.wav,5,theo,16,3150
5_theo_17.wav,data/fsdd/recordings/5_theo_17.wav,5,theo,17,3817
5_theo_18.wav,data/fsdd/recordings/5_theo_18.wav,5,theo,18,2916
5_theo_19.wav,data/fsdd/recordings/5_theo_19.wav,5,theo,19,4495
5_theo_2.wav,data/fsdd/recordings/5_theo_2.wav,5,theo,2,2139
5_theo_20.wav,data/fsdd/recordings/5_theo_20.wav,5,theo,20,2425
5_theo_21.wav,data/fsdd/recordings/5_theo_21.wav,5,theo,21,3631
5_theo_22.wav,data/fsdd/recordings/5_theo_22.wav,5,theo,22,4101
5_theo_23.wav,data/fsdd/recordings/5_theo_23.wav,5,theo,23,4277
5_theo_24.wav,data/fsdd/recordings/5_theo_24.wav,5,theo,24,1673
5_theo_25.wav,data/fsdd/recordings/5_theo_25.wav,5,theo,25,3130
5_theo_26.wav,data/fsdd/recordings/5_theo_26.wav,5,theo,26,4123
5_theo_27.wav,data/fsdd/recordings/5_theo_27.wav,5,theo,27,4341
5_theo_28.wav,data/fsdd/recordings/5_theo_28.wav,5,theo,28,3044
5_theo_29.wav,data/fsdd/recordings/5_theo_29.wav,5,theo,29,4666
5_theo_3.wav,data/fsdd/recordings/5_theo_3.wav,5,theo,3,2219
5_theo_30.wav,data/fsdd/recordings/5_theo_30.wav,5,theo,30,5239
5_theo_31.wav,data/fsdd/recordings/5_theo_31.wav,5,theo,31,1970
5_theo_32.wav,data/fsdd/recordings/5_theo_32.wav,5,theo,32,3495
5_theo_33.wav,data/fsdd/recordings/5_theo_33.wav,5,theo,33,3682
5_theo_34.wav,data/fsdd/recordings/5_theo_34.wav,5,theo,34,3853
5_theo_35.wav,data/fsdd/recordings/5_theo_35.wav,5,theo,35,3861
5_theo_36.wav,data/fsdd/recordings/5_theo_36.wav,5,theo,36,8201
5_theo_37.wav,data/fsdd/recordings/5_theo_37.wav,5,theo,37,2917
5_theo_38.wav,data/fsdd/recordings/5_theo_38.wav,5,theo,38,2045
5_theo_39.wav,data/fsdd/recordings/5_theo_39.wav,5,theo,39,2817
5_theo_4.wav,data/fsdd/recordings/5_theo_4.wav,5,theo,4,2267
5_theo_40.wav,data/fsdd/recordings/5_theo_40.wav,5,theo,40,2728
5_theo_41.wav,data/fsdd/recordings/5_theo_41.wav,5,theo,41,2277
5_theo_42.wav,data/fsdd/recordings/5_theo_42.wav,5,theo,42,3087
5_theo_43.wav,data/fsdd/recordings/5_theo_43.wav,5,theo,43,3100
5_theo_44.wav,data/fsdd/recordings/5_theo_44.wav,5,theo,44,3306
5_theo_45.wav,data/fsdd/recordings/5_theo_45.wav,5,theo,45,3389
5_theo_46.wav,data/fsdd/recordings/5_theo_46.wav,5,theo,46,3273
5_theo_47.wav,data/fsdd/recordings/5_theo_47.wav,5,theo,47,3165
5_theo_48.wav,data/fsdd/recordings/5_theo_48.wav,5,theo,48,3248
5_theo_49.wav,data/fsdd/recordings/5_theo_49.wav,5,theo,49,3611
5_theo_5.wav,data/fsdd/recordings/5_theo_5.wav,5,theo,5,2587
5_theo_6.wav,data/fsdd/recordings/5_theo_6.wav,5,theo,6,2207
5_theo_7.wav,data/fsdd/recordings/5_theo_7.wav,5,theo,7,3031
5_theo_8.wav,data/fsdd/recordings/5_theo_8.wav,5,theo,8,2720
5_theo_9.wav,data/fsdd/recordings/5_theo_9.wav,5,theo,9,2553
5_yweweler_0.wav,data/fsdd/recordings/5_yweweler_0.wav,5,yweweler,0,2425
5_yweweler_1.wav,data/fsdd/recordings/5_yweweler_1.wav,5,yweweler,1,3347
5_yweweler_10.wav,data/fsdd/recordings/5_yweweler_10.wav,5,yweweler,10,4048
5_yweweler_11.wav,data/fsdd/recordings/5_yweweler_11.wav,5,yweweler,11,4072
5_yweweler_12.wav,data/fsdd/recordings/5_yweweler_12.wav,5,yweweler,12,3537
5_yweweler_13.wav,data/fsdd/recordings/5_yweweler_13.wav,5,yweweler,13,3080
5_yweweler_14.wav,data/fsdd/recordings/5_yweweler_14.wav,5,yweweler,14,3951
5_yweweler_15.wav,data/fsdd/recordings/5_yweweler_15.wav,5,yweweler,15,4003
5_yweweler_16.wav,data/fsdd/recordings/5_yweweler_16.wav,5,yweweler,16,3990
5_yweweler_17.wav,data/fsdd/recordings/5_yweweler_17.wav,5,yweweler,17,2257
5_yweweler_18.wav,data/fsdd/recordings/5_yweweler_18.wav,5,yweweler,18,2348
5_yweweler_19.wav,data/fsdd/recordings/5_yweweler_19.wav,5,yweweler,19,3179
5_yweweler_2.wav,data/fsdd/recordings/5_yweweler_2.wav,5,yweweler,2,3114
5_yweweler_20.wav,data/fsdd/recordings/5_yweweler_20.wav,5,yweweler,20,3634
5_yweweler_21.wav,data/fsdd/recordings/5_yweweler_21.wav,5,yweweler,21,4186
5_yweweler_22.wav,data/fsdd/recordings/5_yweweler_22.wav,5,yweweler,22,4174
5_yweweler_23.wav,data/fsdd/recordings/5_yweweler_23.wav,5,yweweler,23,3658
5_yweweler_24.wav,data/fsdd/recordings/5_yweweler_24.wav,5,yweweler,24,3274
5_yweweler_25.wav,data/fsdd/recordings/5_yweweler_25.wav,5,yweweler,25,4252
5_yweweler_26.wav,data/fsdd/recordings/5_yweweler_26.wav,5,yweweler,26,3249
5_yweweler_27.wav,data/fsdd/recordings/5_yweweler_27.wav,5,yweweler,27,3615
5_yweweler_28.wav,data/fsdd/recordings/5_yweweler_28.wav,5,yweweler,28,4005
5_yweweler_29.wav,data/fsdd/recordings/5_yweweler_29.wav,5,yweweler,29,3877
5_yweweler_3.wav,data/fsdd/recordings/5_yweweler_3.wav,5,yweweler,3,3327
5_yweweler_30.wav,data/fsdd/recordings/5_yweweler_30.wav,5,yweweler,30,3331
5_yweweler_31.wav,data/fsdd/recordings/5_yweweler_31.wav,5,yweweler,31,3997
5_yweweler_32.wav,data/fsdd/recordings/5_yweweler_32.wav,5,yweweler,32,4635
5_yweweler_33.wav,data/fsdd/recordings/5_yweweler_33.wav,5,yweweler,33,3399
5_yweweler_34.wav,data/fsdd/recordings/5_yweweler_34.wav,5,yweweler,34,5139
5_yweweler_35.wav,data/fsdd/recordings/5_yweweler_35.wav,5,yweweler,35,3663
5_yweweler_36.wav,data/fsdd/recordings/5_yweweler_36.wav,5,yweweler,36,3768
5_yweweler_37.wav,data/fsdd/recordings/5_yweweler_37.wav,5,yweweler,37,3961
5_yweweler_38.wav,data/fsdd/recordings/5_yweweler_38.wav,5,yweweler,38,4468
5_yweweler_39.wav,data/fsdd/recordings/5_yweweler_39.wav,5,yweweler,39,3447
5_yweweler_4.wav,data/fsdd/recordings/5_yweweler_4.wav,5,yweweler,4,4008
5_yweweler_40.wav,data/fsdd/recordings/5_yweweler_40.wav,5,yweweler,40,5470
5_yweweler_41.wav,data/fsdd/recordings/5_yweweler_41.wav,5,yweweler,41,3980
5_yweweler_42.wav,data/fsdd/recordings/5_yweweler_42.wav,5,yweweler,42,3776
5_yweweler_43.wav,data/fsdd/recordings/5_yweweler_43.wav,5,yweweler,43,3763
5_yweweler_44.wav,data/fsdd/recordings/5_yweweler_44.wav,5,yweweler,44,3642
5_yweweler_45.wav,data/fsdd/recordings/5_yweweler_45.wav,5,yweweler,45,2974
5_yweweler_46.wav,data/fsdd/recordings/5_yweweler_46.wav,5,yweweler,46,4111
5_yweweler_47.wav,data/fsdd/recordings/5_yweweler_47.wav,5,yweweler,47,3813
5_yweweler_48.wav,data/fsdd/recordings/5_yweweler_48.wav,5,yweweler,48,3986
5_yweweler_49.wav,data/fsdd/recordings/5_yweweler_49.wav,5,yweweler,49,3783
5_yweweler_5.wav,data/fsdd/recordings/5_yweweler_5.wav,5,yweweler,5,3018
5_yweweler_6.wav,data/fsdd/recordings/5_yweweler_6.wav,5,yweweler,6,2657
5_yweweler_7.wav,data/fsdd/recordings/5_yweweler_7.wav,5,yweweler,7,3670
5_yweweler_8.wav,data/fsdd/recordings/5_yweweler_8.wav,5,yweweler,8,3519
5_yweweler_9.wav,data/fsdd/recordings/5_yweweler_9.wav,5,yweweler,9,4213
6_george_0.wav,data/fsdd/recordings/6_george_0.wav,6,george,0,4155
6_george_1.wav,data/fsdd/recordings/6_george_1.wav,6,george,1,3746
6_george_10.wav,data/fsdd/recordings/6_george_10.wav,6,george,10,3355
6_george_11.wav,data/fsdd/recordings/6_george_11.wav,6,george,11,3016
6_george_12.wav,data/fsdd/recordings/6_george_12.wav,6,george,12,5020
6_george_13.wav,data/fsdd/recordings/6_george_13.wav,6,george,13,3343
6_george_14.wav,data/fsdd/recordings/6_george_14.wav,6,george,14,3472
6_george_15.wav,data/fsdd/recordings/6_george_15.wav,6,george,15,3243
6_george_16.wav,data/fsdd/recordings/6_george_16.wav,6,george,16,3708
6_george_17.wav,data/fsdd/recordings/6_george_17.wav,6,george,17,3340
6_george_18.wav,data/fsdd/recordings/6_george_18.wav,6,george,18,3125
6_george_19.wav,data/fsdd/recordings/6_george_19.wav,6,george,19,1761
6_george_2.wav,data/fsdd/recordings/6_george_2.wav,6,george,2,4505
6_george_20.wav,data/fsdd/recordings/6_george_20.wav,6,george,20,3529
6_george_21.wav,data/fsdd/recordings/6_george_21.wav,6,george,21,2551
6_george_22.wav,data/fsdd/recordings/6_george_22.wav,6,george,22,3153
6_george_23.wav,data/fsdd/recordings/6_george_23.wav,6,george,23,3793
6_george_24.wav,data/fsdd/recordings/6_george_24.wav,6,george,24,3188
6_george_25.wav,data/fsdd/recordings/6_george_25.wav,6,george,25,3801
6_george_26.wav,data/fsdd/recordings/6_george_26.wav,6,george,26,3164
6_george_27.wav,data/fsdd/recordings/6_george_27.wav,6,george,27,3606
6_george_28.wav,data/fsdd/recordings/6_george_28.wav,6,george,28,3466
6_george_29.wav,data/fsdd/recordings/6_george_29.wav,6,george,29,3157
6_george_3.wav,data/fsdd/recordings/6_george_3.wav,6,george,3,4680
6_george_30.wav,data/fsdd/recordings/6_george_30.wav,6,george,30,2422
6_george_31.wav,data/fsdd/recordings/6_george_31.wav,6,george,31,2582
6_george_32.wav,data/fsdd/recordings/6_george_32.wav,6,george,32,2932
6_george_33.wav,data/fsdd/recordings/6_george_33.wav,6,george,33,2803
6_george_34.wav,data/fsdd/recordings/6_george_34.wav,6,george,34,2342
6_george_35.wav,data/fsdd/recordings/6_george_35.wav,6,george,35,4175
6_george_36.wav,data/fsdd/recordings/6_george_36.wav,6,george,36,2230
6_george_37.wav,data/fsdd/recordings/6_george_37.wav,6,george,37,2791
6_george_38.wav,data/fsdd/recordings/6_george_38.wav,6,george,38,2983
6_george_39.wav,data/fsdd/recordings/6_george_39.wav,6,george,39,3531
6_george_4.wav,data/fsdd/recordings/6_george_4.wav,6,george,4,4419
6_george_40.wav,data/fsdd/recordings/6_george_40.wav,6,george,40,3307
6_george_41.wav,data/fsdd/recordings/6_george_41.wav,6,george,41,3022
6_george_42.wav,data/fsdd/recordings/6_george_42.wav,6,george,42,3223
6_george_43.wav,data/fsdd/recordings/6_george_43.wav,6,george,43,2883
6_george_44.wav,data/fsdd/recordings/6_george_44.wav,6,george,44,2875
6_george_45.wav,data/fsdd/recordings/6_george_45.wav,6,george,45,3854
6_george_46.wav,data/fsdd/recordings/6_george_46.wav,6,george,46,3398
6_george_47.wav,data/fsdd/recordings/6_george_47.wav,6,george,47,2752
6_george_48.wav,data/fsdd/recordings/6_george_48.wav,6,george,48,2711
6_george_49.wav,data/fsdd/recordings/6_george_49.wav,6,george,49,3424
6_george_5.wav,data/fsdd/recordings/6_george_5.wav,6,george,5,4395
6_george_6.wav,data/fsdd/recordings/6_george_6.wav,6,george,6,4499
6_george_7.wav,data/fsdd/recordings/6_george_7.wav,6,george,7,4450
6_george_8.wav,data/fsdd/recordings/6_george_8.wav,6,george,8,4502
6_george_9.wav,data/fsdd/recordings/6_george_9.wav,6,george,9,4720
6_jackson_0.wav,data/fsdd/recordings/6_jackson_0.wav,6,jackson,0,6623
6_jackson_1.wav,data/fsdd/recordings/6_jackson_1.wav,6,jackson,1,5145
6_jackson_10.wav,data/fsdd/recordings/6_jackson_10.wav,6,jackson,10,6845
6_jackson_11.wav,data/fsdd/recordings/6_jackson_11.wav,6,jackson,11,6923
6_jackson_12.wav,data/fsdd/recordings/6_jackson_12.wav,6,jackson,12,6884
6_jackson_13.wav,data/fsdd/recordings/6_jackson_13.wav,6,jackson,13,5696
6_jackson_14.wav,data/fsdd/recordings/6_jackson_14.wav,6,jackson,14,6122
6_jackson_15.wav,data/fsdd/recordings/6_jackson_15.wav,6,jackson,15,7038
6_jackson_16.wav,data/fsdd/recordings/6_jackson_16.wav,6,jackson,16,5807
6_jackson_17.wav,data/fsdd/recordings/6_jackson_17.wav,6,jackson,17,5888
6_jackson_18.wav,data/fsdd/recordings/6_jackson_18.wav,6,jackson,18,6883
6_jackson_19.wav,data/fsdd/recordings/6_jackson_19.wav,6,jackson,19,5540
6_jackson_2.wav,data/fsdd/recordings/6_jackson_2.wav,6,jackson,2,5064
6_jackson_20.wav,data/fsdd/recordings/6_jackson_20.wav,6,jackson,20,5517
6_jackson_21.wav,data/fsdd/recordings/6_jackson_21.wav,6,jackson,21,6368
6_jackson_22.wav,data/fsdd/recordings/6_jackson_22.wav,6,jackson,22,5718
6_jackson_23.wav,data/fsdd/recordings/6_jackson_23.wav,6,jackson,23,6546
6_jackson_24.wav,data/fsdd/recordings/6_jackson_24.wav,6,jackson,24,5798
6_jackson_25.wav,data/fsdd/recordings/6_jackson_25.wav,6,jackson,25,6325
6_jackson_26.wav,data/fsdd/recordings/6_jackson_26.wav,6,jackson,26,5738
6_jackson_27.wav,data/fsdd/recordings/6_jackson_27.wav,6,jackson,27,6454
6_jackson_28.wav,data/fsdd/recordings/6_jackson_28.wav,6,jackson,28,5173
6_jackson_29.wav,data/fsdd/recordings/6_jackson_29.wav,6,jackson,29,4968
6_jackson_3.wav,data/fsdd/recordings/6_jackson_3.wav,6,jackson,3,6925
6_jackson_30.wav,data/fsdd/recordings/6_jackson_30.wav,6,jackson,30,6370
6_jackson_31.wav,data/fsdd/recordings/6_jackson_31.wav,6,jackson,31,5071
6_jackson_32.wav,data/fsdd/recordings/6_jackson_32.wav,6,jackson,32,6807
6_jackson_33.wav,data/fsdd/recordings/6_jackson_33.wav,6,jackson,33,5092
6_jackson_34.wav,data/fsdd/recordings/6_jackson_34.wav,6,jackson,34,4607
6_jackson_35.wav,data/fsdd/recordings/6_jackson_35.wav,6,jackson,35,5108
6_jackson_36.wav,data/fsdd/recordings/6_jackson_36.wav,6,jackson,36,4650
6_jackson_37.wav,data/fsdd/recordings/6_jackson_37.wav,6,jackson,37,5639
6_jackson_38.wav,data/fsdd/recordings/6_jackson_38.wav,6,jackson,38,6039
6_jackson_39.wav,data/fsdd/recordings/6_jackson_39.wav,6,jackson,39,5308
6_jackson_4.wav,data/fsdd/recordings/6_jackson_4.wav,6,jackson,4,5035
6_jackson_40.wav,data/fsdd/recordings/6_jackson_40.wav,6,jackson,40,4687
6_jackson_41.wav,data/fsdd/recordings/6_jackson_41.wav,6,jackson,41,4503
6_jackson_42.wav,data/fsdd/recordings/6_jackson_42.wav,6,jackson,42,4054
6_jackson_43.wav,data/fsdd/recordings/6_jackson_43.wav,6,jackson,43,5383
6_jackson_44.wav,data/fsdd/recordings/6_jackson_44.wav,6,jackson,44,3936
6_jackson_45.wav,data/fsdd/recordings/6_jackson_45.wav,6,jackson,45,4751
6_jackson_46.wav,data/fsdd/recordings/6_jackson_46.wav,6,jackson,46,6344
6_jackson_47.wav,data/fsdd/recordings/6_jackson_47.wav,6,jackson,47,5563
6_jackson_48.wav,data/fsdd/recordings/6_jackson_48.wav,6,jackson,48,4330
6_jackson_49.wav,data/fsdd/recordings/6_jackson_49.wav,6,jackson,49,5507
6_jackson_5.wav,data/fsdd/recordings/6_jackson_5.wav,6,jackson,5,5428
6_jackson_6.wav,data/fsdd/recordings/6_jackson_6.wav,6,jackson,6,6074
6_jackson_7.wav,data/fsdd/recordings/6_jackson_7.wav,6,jackson,7,5087
6_jackson_8.wav,data/fsdd/recordings/6_jackson_8.wav,6,jackson,8,6625
6_jackson_9.wav,data/fsdd/recordings/6_jackson_9.wav,6,jackson,9,6609
6_theo_0.wav,data/fsdd/recordings/6_theo_0.wav,6,theo,0,3928
6_theo_1.wav,data/fsdd/recordings/6_theo_1.wav,6,theo,1,3849
6_theo_10.wav,data/fsdd/recordings/6_theo_10.wav,6,theo,10,3553
6_theo_11.wav,data/fsdd/recordings/6_theo_11.wav,6,theo,11,3754
6_theo_12.wav,data/fsdd/recordings/6_theo_12.wav,6,theo,12,3628
6_theo_13.wav,data/fsdd/recordings/6_theo_13.wav,6,theo,13,2721
6_theo_14.wav,data/fsdd/recordings/6_theo_14.wav,6,theo,14,3277
6_theo_15.wav,data/fsdd/recordings/6_theo_15.wav,6,theo,15,3027
6_theo_16.wav,data/fsdd/recordings/6_theo_16.wav,6,theo,16,2889
6_theo_17.wav,data/fsdd/recordings/6_theo_17.wav,6,theo,17,4779
6_theo_18.wav,data/fsdd/recordings/6_theo_18.wav,6,theo,18,4439
6_theo_19.wav,data/fsdd/recordings/6_theo_19.wav,6,theo,19,3287
6_theo_2.wav,data/fsdd/recordings/6_theo_2.wav,6,theo,2,3979
6_theo_20.wav,data/fsdd/recordings/6_theo_20.wav,6,theo,20,3279
6_theo_21.wav,data/fsdd/recordings/6_theo_21.wav,6,theo,21,3599
6_theo_22.wav,data/fsdd/recordings/6_theo_22.wav,6,theo,22,3599
6_theo_23.wav,data/fsdd/recordings/6_theo_23.wav,6,theo,23,3431
6_theo_24.wav,data/fsdd/recordings/6_theo_24.wav,6,theo,24,3992
6_theo_25.wav,data/fsdd/recordings/6_theo_25.wav,6,theo,25,4681
6_theo_26.wav,data/fsdd/recordings/6_theo_26.wav,6,theo,26,3348
6_theo_27.wav,data/fsdd/recordings/6_theo_27.wav,6,theo,27,4917
6_theo_28.wav,data/fsdd/recordings/6_theo_28.wav,6,theo,28,4820
6_theo_29.wav,data/fsdd/recordings/6_theo_29.wav,6,theo,29,3723
6_theo_3.wav,data/fsdd/recordings/6_theo_3.wav,6,theo,3,3842
6_theo_30.wav,data/fsdd/recordings/6_theo_30.wav,6,theo,30,2731
6_theo_31.wav,data/fsdd/recordings/6_theo_31.wav,6,theo,31,4089
6_theo_32.wav,data/fsdd/recordings/6_theo_32.wav,6,theo,32,3410
6_theo_33.wav,data/fsdd/recordings/6_theo_33.wav,6,theo,33,2922
6_theo_34.wav,data/fsdd/recordings/6_theo_34.wav,6,theo,34,3383
6_theo_35.wav,data/fsdd/recordings/6_theo_35.wav,6,theo,35,3591
6_theo_36.wav,data/fsdd/recordings/6_theo_36.wav,6,theo,36,4347
6_theo_37.wav,data/fsdd/recordings/6_theo_37.wav,6,theo,37,2622
6_theo_38.wav,data/fsdd/recordings/6_theo_38.wav,6,theo,38,3673
6_theo_39.wav,data/fsdd/recordings/6_theo_39.wav,6,theo,39,3421
6_theo_4.wav,data/fsdd/recordings/6_theo_4.wav,6,theo,4,3802
6_theo_40.wav,data/fsdd/recordings/6_theo_40.wav,6,theo,40,3326
6_theo_41.wav,data/fsdd/recordings/6_theo_41.wav,6,theo,41,3866
6_theo_42.wav,data/fsdd/recordings/6_theo_42.wav,6,theo,42,3668
6_theo_43.wav,data/fsdd/recordings/6_theo_43.wav,6,theo,43,3029
6_theo_44.wav,data/fsdd/recordings/6_theo_44.wav,6,theo,44,3680
6_theo_45.wav,data/fsdd/recordings/6_theo_45.wav,6,theo,45,3474
6_theo_46.wav,data/fsdd/recordings/6_theo_46.wav,6,theo,46,3554
6_theo_47.wav,data/fsdd/recordings/6_theo_47.wav,6,theo,47,3787
6_theo_48.wav,data/fsdd/recordings/6_theo_48.wav,6,theo,48,2342
6_theo_49.wav,data/fsdd/recordings/6_theo_49.wav,6,theo,49,2782
6_theo_5.wav,data/fsdd/recordings/6_theo_5.wav,6,theo,5,3930
6_theo_6.wav,data/fsdd/recordings/6_theo_6.wav,6,theo,6,3173
6_theo_7.wav,data/fsdd/recordings/6_theo_7.wav,6,theo,7,3582
6_theo_8.wav,data/fsdd/recordings/6_theo_8.wav,6,theo,8,3853
6_theo_9.wav,data/fsdd/recordings/6_theo_9.wav,6,theo,9,4017
6_yweweler_0.wav,data/fsdd/recordings/6_yweweler_0.wav,6,yweweler,0,2653
6_yweweler_1.wav,data/fsdd/recordings/6_yweweler_1.wav,6,yweweler,1,1251
6_yweweler_10.wav,data/fsdd/recordings/6_yweweler_10.wav,6,yweweler,10,1302
6_yweweler_11.wav,data/fsdd/recordings/6_yweweler_11.wav,6,yweweler,11,2368
6_yweweler_12.wav,data/fsdd/recordings/6_yweweler_12.wav,6,yweweler,12,3637
6_yweweler_13.wav,data/fsdd/recordings/6_yweweler_13.wav,6,yweweler,13,3022
6_yweweler_14.wav,data/fsdd/recordings/6_yweweler_14.wav,6,yweweler,14,2175
6_yweweler_15.wav,data/fsdd/recordings/6_yweweler_15.wav,6,yweweler,15,1988
6_yweweler_16.wav,data/fsdd/recordings/6_yweweler_16.wav,6,yweweler,16,3416
6_yweweler_17.wav,data/fsdd/recordings/6_yweweler_17.wav,6,yweweler,17,1294
6_yweweler_18.wav,data/fsdd/recordings/6_yweweler_18.wav,6,yweweler,18,2237
6_yweweler_19.wav,data/fsdd/recordings/6_yweweler_19.wav,6,yweweler,19,1446
6_yweweler_2.wav,data/fsdd/recordings/6_yweweler_2.wav,6,yweweler,2,1830
6_yweweler_20.wav,data/fsdd/recordings/6_yweweler_20.wav,6,yweweler,20,1440
6_yweweler_21.wav,data/fsdd/recordings/6_yweweler_21.wav,6,yweweler,21,1710
6_yweweler_22.wav,data/fsdd/recordings/6_yweweler_22.wav,6,yweweler,22,1714
6_yweweler_23.wav,data/fsdd/recordings/6_yweweler_23.wav,6,yweweler,23,1381
6_yweweler_24.wav,data/fsdd/recordings/6_yweweler_24.wav,6,yweweler,24,1868
6_yweweler_25.wav,data/fsdd/recordings/6_yweweler_25.wav,6,yweweler,25,1410
6_yweweler_26.wav,data/fsdd/recordings/6_yweweler_26.wav,6,yweweler,26,1542
6_yweweler_27.wav,data/fsdd/recordings/6_yweweler_27.wav,6,yweweler,27,1682
6_yweweler_28.wav,data/fsdd/recordings/6_yweweler_28.wav,6,yweweler,28,1873
6_yweweler_29.wav,data/fsdd/recordings/6_yweweler_29.wav,6,yweweler,29,2736
6_yweweler_3.wav,data/fsdd/recordings/6_yweweler_3.wav,6,yweweler,3,1148
6_yweweler_30.wav,data/fsdd/recordings/6_yweweler_30.wav,6,yweweler,30,2453
6_yweweler_31.wav,data/fsdd/recordings/6_yweweler_31.wav,6,yweweler,31,1838
6_yweweler_32.wav,data/fsdd/recordings/6_yweweler_32.wav,6,yweweler,32,1502
6_yweweler_33.wav,data/fsdd/recordings/6_yweweler_33.wav,6,yweweler,33,1763
6_yweweler_34.wav,data/fsdd/recordings/6_yweweler_34.wav,6,yweweler,34,3462
6_yweweler_35.wav,data/fsdd/recordings/6_yweweler_35.wav,6,yweweler,35,2016
6_yweweler_36.wav,data/fsdd/recordings/6_yweweler_36.wav,6,yweweler,36,2244
6_yweweler_37.wav,data/fsdd/recordings/6_yweweler_37.wav,6,yweweler,37,3256
6_yweweler_38.wav,data/fsdd/recordings/6_yweweler_38.wav,6,yweweler,38,3484
6_yweweler_39.wav,data/fsdd/recordings/6_yweweler_39.wav,6,yweweler,39,2726
6_yweweler_4.wav,data/fsdd/recordings/6_yweweler_4.wav,6,yweweler,4,1450
6_yweweler_40.wav,data/fsdd/recordings/6_yweweler_40.wav,6,yweweler,40,3163
6_yweweler_41.wav,data/fsdd/recordings/6_yweweler_41.wav,6,yweweler,41,2825
6_yweweler_42.wav,data/fsdd/recordings/6_yweweler_42.wav,6,yweweler,42,1538
6_yweweler_43.wav,data/fsdd/recordings/6_yweweler_43.wav,6,yweweler,43,1833
6_yweweler_44.wav,data/fsdd/recordings/6_yweweler_44.wav,6,yweweler,44,1443
6_yweweler_45.wav,data/fsdd/recordings/6_yweweler_45.wav,6,yweweler,45,2043
6_yweweler_46.wav,data/fsdd/recordings/6_yweweler_46.wav,6,yweweler,46,1567
6_yweweler_47.wav,data/fsdd/recordings/6_yweweler_47.wav,6,yweweler,47,1781
6_yweweler_48.wav,data/fsdd/recordings/6_yweweler_48.wav,6,yweweler,48,2701
6_yweweler_49.wav,data/fsdd/recordings/6_yweweler_49.wav,6,yweweler,49,2214
6_yweweler_5.wav,data/fsdd/recordings/6_yweweler_5.wav,6,yweweler,5,1932
6_yweweler_6.wav,data/fsdd/recordings/6_yweweler_6.wav,6,yweweler,6,2172
6_yweweler_7.wav,data/fsdd/recordings/6_yweweler_7.wav,6,yweweler,7,2165
6_yweweler_8.wav,data/fsdd/recordings/6_yweweler_8.wav,6,yweweler,8,2294
6_yweweler_9.wav,data/fsdd/recordings/6_yweweler_9.wav,6,yweweler,9,3224
7_george_0.wav,data/fsdd/recordings/7_george_0.wav,7,george,0,5131
7_george_1.wav,data/fsdd/recordings/7_george_1.wav,7,george,1,4719
7_george_10.wav,data/fsdd/recordings/7_george_10.wav,7,george,10,4301
7_george_11.wav,data/fsdd/recordings/7_george_11.wav,7,george,11,4244
7_george_12.wav,data/fsdd/recordings/7_george_12.wav,7,george,12,4008
7_george_13.wav,data/fsdd/recordings/7_george_13.wav,7,george,13,3784
7_george_14.wav,data/fsdd/recordings/7_george_14.wav,7,george,14,4381
7_george_15.wav,data/fsdd/recordings/7_george_15.wav,7,george,15,4002
7_george_16.wav,data/fsdd/recordings/7_george_16.wav,7,george,16,5062
7_george_17.wav,data/fsdd/recordings/7_george_17.wav,7,george,17,5063
7_george_18.wav,data/fsdd/recordings/7_george_18.wav,7,george,18,4695
7_george_19.wav,data/fsdd/recordings/7_george_19.wav,7,george,19,4761
7_george_2.wav,data/fsdd/recordings/7_george_2.wav,7,george,2,5278
7_george_20.wav,data/fsdd/recordings/7_george_20.wav,7,george,20,3638
7_george_21.wav,data/fsdd/recordings/7_george_21.wav,7,george,21,3578
7_george_22.wav,data/fsdd/recordings/7_george_22.wav,7,george,22,3471
7_george_23.wav,data/fsdd/recordings/7_george_23.wav,7,george,23,5306
7_george_24.wav,data/fsdd/recordings/7_george_24.wav,7,george,24,5108
7_george_25.wav,data/fsdd/recordings/7_george_25.wav,7,george,25,4544
7_george_26.wav,data/fsdd/recordings/7_george_26.wav,7,george,26,2147
7_george_27.wav,data/fsdd/recordings/7_george_27.wav,7,george,27,4372
7_george_28.wav,data/fsdd/recordings/7_george_28.wav,7,george,28,4105
7_george_29.wav,data/fsdd/recordings/7_george_29.wav,7,george,29,7999
7_george_3.wav,data/fsdd/recordings/7_george_3.wav,7,george,3,4577
7_george_30.wav,data/fsdd/recordings/7_george_30.wav,7,george,30,3135
7_george_31.wav,data/fsdd/recordings/7_george_31.wav,7,george,31,2774
7_george_32.wav,data/fsdd/recordings/7_george_32.wav,7,george,32,2568
7_george_33.wav,data/fsdd/recordings/7_george_33.wav,7,george,33,4338
7_george_34.wav,data/fsdd/recordings/7_george_34.wav,7,george,34,3729
7_george_35.wav,data/fsdd/recordings/7_george_35.wav,7,george,35,3992
7_george_36.wav,data/fsdd/recordings/7_george_36.wav,7,george,36,4054
7_george_37.wav,data/fsdd/recordings/7_george_37.wav,7,george,37,2673
7_george_38.wav,data/fsdd/recordings/7_george_38.wav,7,george,38,4086
7_george_39.wav,data/fsdd/recordings/7_george_39.wav,7,george,39,2720
7_george_4.wav,data/fsdd/recordings/7_george_4.wav,7,george,4,4931
7_george_40.wav,data/fsdd/recordings/7_george_40.wav,7,george,40,4275
7_george_41.wav,data/fsdd/recordings/7_george_41.wav,7,george,41,3853
7_george_42.wav,data/fsdd/recordings/7_george_42.wav,7,george,42,3584
7_george_43.wav,data/fsdd/recordings/7_george_43.wav,7,george,43,3512
7_george_44.wav,data/fsdd/recordings/7_george_44.wav,7,george,44,3656
7_george_45.wav,data/fsdd/recordings/7_george_45.wav,7,george,45,3301
7_george_46.wav,data/fsdd/recordings/7_george_46.wav,7,george,46,3977
7_george_47.wav,data/fsdd/recordings/7_george_47.wav,7,george,47,3348
7_george_48.wav,data/fsdd/recordings/7_george_48.wav,7,george,48,4384
7_george_49.wav,data/fsdd/recordings/7_george_49.wav,7,george,49,3379
7_george_5.wav,data/fsdd/recordings/7_george_5.wav,7,george,5,4960
7_george_6.wav,data/fsdd/recordings/7_george_6.wav,7,george,6,4737
7_george_7.wav,data/fsdd/recordings/7_george_7.wav,7,george,7,4323
7_george_8.wav,data/fsdd/recordings/7_george_8.wav,7,george,8,5159
7_george_9.wav,data/fsdd/recordings/7_george_9.wav,7,george,9,4547
7_jackson_0.wav,data/fsdd/recordings/7_jackson_0.wav,7,jackson,0,3457
7_jackson_1.wav,data/fsdd/recordings/7_jackson_1.wav,7,jackson,1,3789
7_jackson_10.wav,data/fsdd/recordings/7_jackson_10.wav,7,jackson,10,3538
7_jackson_11.wav,data/fsdd/recordings/7_jackson_11.wav,7,jackson,11,3273
7_jackson_12.wav,data/fsdd/recordings/7_jackson_12.wav,7,jackson,12,3547
7_jackson_13.wav,data/fsdd/recordings/7_jackson_13.wav,7,jackson,13,3608
7_jackson_14.wav,data/fsdd/recordings/7_jackson_14.wav,7,jackson,14,3821
7_jackson_15.wav,data/fsdd/recordings/7_jackson_15.wav,7,jackson,15,3202
7_jackson_16.wav,data/fsdd/recordings/7_jackson_16.wav,7,jackson,16,3430
7_jackson_17.wav,data/fsdd/recordings/7_jackson_17.wav,7,jackson,17,3727
7_jackson_18.wav,data/fsdd/recordings/7_jackson_18.wav,7,jackson,18,3278
7_jackson_19.wav,data/fsdd/recordings/7_jackson_19.wav,7,jackson,19,3722
7_jackson_2.wav,data/fsdd/recordings/7_jackson_2.wav,7,jackson,2,3077
7_jackson_20.wav,data/fsdd/recordings/7_jackson_20.wav,7,jackson,20,3692
7_jackson_21.wav,data/fsdd/recordings/7_jackson_21.wav,7,jackson,21,4196
7_jackson_22.wav,data/fsdd/recordings/7_jackson_22.wav,7,jackson,22,3559
7_jackson_23.wav,data/fsdd/recordings/7_jackson_23.wav,7,jackson,23,4496
7_jackson_24.wav,data/fsdd/recordings/7_jackson_24.wav,7,jackson,24,3519
7_jackson_25.wav,data/fsdd/recordings/7_jackson_25.wav,7,jackson,25,3753
7_jackson_26.wav,data/fsdd/recordings/7_jackson_26.wav,7,jackson,26,3880
7_jackson_27.wav,data/fsdd/recordings/7_jackson_27.wav,7,jackson,27,3931
7_jackson_28.wav,data/fsdd/recordings/7_jackson_28.wav,7,jackson,28,3410
7_jackson_29.wav,data/fsdd/recordings/7_jackson_29.wav,7,jackson,29,3576
7_jackson_3.wav,data/fsdd/recordings/7_jackson_3.wav,7,jackson,3,3472
7_jackson_30.wav,data/fsdd/recordings/7_jackson_30.wav,7,jackson,30,3706
7_jackson_31.wav,data/fsdd/recordings/7_jackson_31.wav,7,jackson,31,3367
7_jackson_32.wav,data/fsdd/recordings/7_jackson_32.wav,7,jackson,32,4301
7_jackson_33.wav,data/fsdd/recordings/7_jackson_33.wav,7,jackson,33,4296
7_jackson_34.wav,data/fsdd/recordings/7_jackson_34.wav,7,jackson,34,4063
7_jackson_35.wav,data/fsdd/recordings/7_jackson_35.wav,7,jackson,35,3306
7_jackson_36.wav,data/fsdd/recordings/7_jackson_36.wav,7,jackson,36,3195
7_jackson_37.wav,data/fsdd/recordings/7_jackson_37.wav,7,jackson,37,3241
7_jackson_38.wav,data/fsdd/recordings/7_jackson_38.wav,7,jackson,38,3830
7_jackson_39.wav,data/fsdd/recordings/7_jackson_39.wav,7,jackson,39,4108
7_jackson_4.wav,data/fsdd/recordings/7_jackson_4.wav,7,jackson,4,3338
7_jackson_40.wav,data/fsdd/recordings/7_jackson_40.wav,7,jackson,40,3890
7_jackson_41.wav,data/fsdd/recordings/7_jackson_41.wav,7,jackson,41,3966
7_jackson_42.wav,data/fsdd/recordings/7_jackson_42.wav,7,jackson,42,3878
7_jackson_43.wav,data/fsdd/recordings/7_jackson_43.wav,7,jackson,43,4303
7_jackson_44.wav,data/fsdd/recordings/7_jackson_44.wav,7,jackson,44,4108
7_jackson_45.wav,data/fsdd/recordings/7_jackson_45.wav,7,jackson,45,3700
7_jackson_46.wav,data/fsdd/recordings/7_jackson_46.wav,7,jackson,46,3891
7_jackson_47.wav,data/fsdd/recordings/7_jackson_47.wav,7,jackson,47,3945
7_jackson_48.wav,data/fsdd/recordings/7_jackson_48.wav,7,jackson,48,3671
7_jackson_49.wav,data/fsdd/recordings/7_jackson_49.wav,7,jackson,49,3918
7_jackson_5.wav,data/fsdd/recordings/7_jackson_5.wav,7,jackson,5,3566
7_jackson_6.wav,data/fsdd/recordings/7_jackson_6.wav,7,jackson,6,3567
7_jackson_7.wav,data/fsdd/recordings/7_jackson_7.wav,7,jackson,7,3363
7_jackson_8.wav,data/fsdd/recordings/7_jackson_8.wav,7,jackson,8,3405
7_jackson_9.wav,data/fsdd/recordings/7_jackson_9.wav,7,jackson,9,3531
7_theo_0.wav,data/fsdd/recordings/7_theo_0.wav,7,theo,0,3428
7_theo_1.wav,data/fsdd/recordings/7_theo_1.wav,7,theo,1,2892
7_theo_10.wav,data/fsdd/recordings/7_theo_10.wav,7,theo,10,3705
7_theo_11.wav,data/fsdd/recordings/7_theo_11.wav,7,theo,11,3508
7_theo_12.wav,data/fsdd/recordings/7_theo_12.wav,7,theo,12,1965
7_theo_13.wav,data/fsdd/recordings/7_theo_13.wav,7,theo,13,2826
7_theo_14.wav,data/fsdd/recordings/7_theo_14.wav,7,theo,14,3876
7_theo_15.wav,data/fsdd/recordings/7_theo_15.wav,7,theo,15,5322
7_theo_16.wav,data/fsdd/recordings/7_theo_16.wav,7,theo,16,3135
7_theo_17.wav,data/fsdd/recordings/7_theo_17.wav,7,theo,17,4881
7_theo_18.wav,data/fsdd/recordings/7_theo_18.wav,7,theo,18,3019
7_theo_19.wav,data/fsdd/recordings/7_theo_19.wav,7,theo,19,2342
7_theo_2.wav,data/fsdd/recordings/7_theo_2.wav,7,theo,2,2020
7_theo_20.wav,data/fsdd/recordings/7_theo_20.wav,7,theo,20,3624
7_theo_21.wav,data/fsdd/recordings/7_theo_21.wav,7,theo,21,3128
7_theo_22.wav,data/fsdd/recordings/7_theo_22.wav,7,theo,22,2956
7_theo_23.wav,data/fsdd/recordings/7_theo_23.wav,7,theo,23,4033
7_theo_24.wav,data/fsdd/recordings/7_theo_24.wav,7,theo,24,4442
7_theo_25.wav,data/fsdd/recordings/7_theo_25.wav,7,theo,25,4132
7_theo_26.wav,data/fsdd/recordings/7_theo_26.wav,7,theo,26,2327
7_theo_27.wav,data/fsdd/recordings/7_theo_27.wav,7,theo,27,3349
7_theo_28.wav,data/fsdd/recordings/7_theo_28.wav,7,theo,28,3681
7_theo_29.wav,data/fsdd/recordings/7_theo_29.wav,7,theo,29,2080
7_theo_3.wav,data/fsdd/recordings/7_theo_3.wav,7,theo,3,2292
7_theo_30.wav,data/fsdd/recordings/7_theo_30.wav,7,theo,30,3008
7_theo_31.wav,data/fsdd/recordings/7_theo_31.wav,7,theo,31,3301
7_theo_32.wav,data/fsdd/recordings/7_theo_32.wav,7,theo,32,2230
7_theo_33.wav,data/fsdd/recordings/7_theo_33.wav,7,theo,33,2785
7_theo_34.wav,data/fsdd/recordings/7_theo_34.wav,7,theo,34,2328
7_theo_35.wav,data/fsdd/recordings/7_theo_35.wav,7,theo,35,4883
7_theo_36.wav,data/fsdd/recordings/7_theo_36.wav,7,theo,36,17567
7_theo_37.wav,data/fsdd/recordings/7_theo_37.wav,7,theo,37,6265
7_theo_38.wav,data/fsdd/recordings/7_theo_38.wav,7,theo,38,3001
7_theo_39.wav,data/fsdd/recordings/7_theo_39.wav,7,theo,39,1998
7_theo_4.wav,data/fsdd/recordings/7_theo_4.wav,7,theo,4,3424
7_theo_40.wav,data/fsdd/recordings/7_theo_40.wav,7,theo,40,3813
7_theo_41.wav,data/fsdd/recordings/7_theo_41.wav,7,theo,41,3393
7_theo_42.wav,data/fsdd/recordings/7_theo_42.wav,7,theo,42,3536
7_theo_43.wav,data/fsdd/recordings/7_theo_43.wav,7,theo,43,4198
7_theo_44.wav,data/fsdd/recordings/7_theo_44.wav,7,theo,44,3673
7_theo_45.wav,data/fsdd/recordings/7_theo_45.wav,7,theo,45,2554
7_theo_46.wav,data/fsdd/recordings/7_theo_46.wav,7,theo,46,3050
7_theo_47.wav,data/fsdd/recordings/7_theo_47.wav,7,theo,47,3122
7_theo_48.wav,data/fsdd/recordings/7_theo_48.wav,7,theo,48,2630
7_theo_49.wav,data/fsdd/recordings/7_theo_49.wav,7,theo,49,2849
7_theo_5.wav,data/fsdd/recordings/7_theo_5.wav,7,theo,5,2922
7_theo_6.wav,data/fsdd/recordings/7_theo_6.wav,7,theo,6,2245
7_theo_7.wav,data/fsdd/recordings/7_theo_7.wav,7,theo,7,4568
7_theo_8.wav,data/fsdd/recordings/7_theo_8.wav,7,theo,8,2585
7_theo_9.wav,data/fsdd/recordings/7_theo_9.wav,7,theo,9,3192
7_yweweler_0.wav,data/fsdd/recordings/7_yweweler_0.wav,7,yweweler,0,3491
7_yweweler_1.wav,data/fsdd/recordings/7_yweweler_1.wav,7,yweweler,1,3131
7_yweweler_10.wav,data/fsdd/recordings/7_yweweler_10.wav,7,yweweler,10,2900
7_yweweler_11.wav,data/fsdd/recordings/7_yweweler_11.wav,7,yweweler,11,2503
7_yweweler_12.wav,data/fsdd/recordings/7_yweweler_12.wav,7,yweweler,12,2707
7_yweweler_13.wav,data/fsdd/recordings/7_yweweler_13.wav,7,yweweler,13,2859
7_yweweler_14.wav,data/fsdd/recordings/7_yweweler_14.wav,7,yweweler,14,2590
7_yweweler_15.wav,data/fsdd/recordings/7_yweweler_15.wav,7,yweweler,15,2518
7_yweweler_16.wav,data/fsdd/recordings/7_yweweler_16.wav,7,yweweler,16,2469
7_yweweler_17.wav,data/fsdd/recordings/7_yweweler_17.wav,7,yweweler,17,2365
7_yweweler_18.wav,data/fsdd/recordings/7_yweweler_18.wav,7,yweweler,18,2835
7_yweweler_19.wav,data/fsdd/recordings/7_yweweler_19.wav,7,yweweler,19,2464
7_yweweler_2.wav,data/fsdd/recordings/7_yweweler_2.wav,7,yweweler,2,3373
7_yweweler_20.wav,data/fsdd/recordings/7_yweweler_20.wav,7,yweweler,20,3050
7_yweweler_21.wav,data/fsdd/recordings/7_yweweler_21.wav,7,yweweler,21,3366
7_yweweler_22.wav,data/fsdd/recordings/7_yweweler_22.wav,7,yweweler,22,2886
7_yweweler_23.wav,data/fsdd/recordings/7_yweweler_23.wav,7,yweweler,23,2023
7_yweweler_24.wav,data/fsdd/recordings/7_yweweler_24.wav,7,yweweler,24,2762
7_yweweler_25.wav,data/fsdd/recordings/7_yweweler_25.wav,7,yweweler,25,2518
7_yweweler_26.wav,data/fsdd/recordings/7_yweweler_26.wav,7,yweweler,26,3887
7_yweweler_27.wav,data/fsdd/recordings/7_yweweler_27.wav,7,yweweler,27,3303
7_yweweler_28.wav,data/fsdd/recordings/7_yweweler_28.wav,7,yweweler,28,3357
7_yweweler_29.wav,data/fsdd/recordings/7_yweweler_29.wav,7,yweweler,29,2650
7_yweweler_3.wav,data/fsdd/recordings/7_yweweler_3.wav,7,yweweler,3,3397
7_yweweler_30.wav,data/fsdd/recordings/7_yweweler_30.wav,7,yweweler,30,2622
7_yweweler_31.wav,data/fsdd/recordings/7_yweweler_31.wav,7,yweweler,31,2116
7_yweweler_32.wav,data/fsdd/recordings/7_yweweler_32.wav,7,yweweler,32,3001
7_yweweler_33.wav,data/fsdd/recordings/7_yweweler_33.wav,7,yweweler,33,3808
7_yweweler_34.wav,data/fsdd/recordings/7_yweweler_34.wav,7,yweweler,34,3625
7_yweweler_35.wav,data/fsdd/recordings/7_yweweler_35.wav,7,yweweler,35,4096
7_yweweler_36.wav,data/fsdd/recordings/7_yweweler_36.wav,7,yweweler,36,3252
7_yweweler_37.wav,data/fsdd/recordings/7_yweweler_37.wav,7,yweweler,37,2470
7_yweweler_38.wav,data/fsdd/recordings/7_yweweler_38.wav,7,yweweler,38,3892
7_yweweler_39.wav,data/fsdd/recordings/7_yweweler_39.wav,7,yweweler,39,3891
7_yweweler_4.wav,data/fsdd/recordings/7_yweweler_4.wav,7,yweweler,4,2884
7_yweweler_40.wav,data/fsdd/recordings/7_yweweler_40.wav,7,yweweler,40,4852
7_yweweler_41.wav,data/fsdd/recordings/7_yweweler_41.wav,7,yweweler,41,4312
7_yweweler_42.wav,data/fsdd/recordings/7_yweweler_42.wav,7,yweweler,42,3114
7_yweweler_43.wav,data/fsdd/recordings/7_yweweler_43.wav,7,yweweler,43,3218
7_yweweler_44.wav,data/fsdd/recordings/7_yweweler_44.wav,7,yweweler,44,3668
7_yweweler_45.wav,data/fsdd/recordings/7_yweweler_45.wav,7,yweweler,45,3611
7_yweweler_46.wav,data/fsdd/recordings/7_yweweler_46.wav,7,yweweler,46,3247
7_yweweler_47.wav,data/fsdd/recordings/7_yweweler_47.wav,7,yweweler,47,2836
7_yweweler_48.wav,data/fsdd/recordings/7_yweweler_48.wav,7,yweweler,48,2381
7_yweweler_49.wav,data/fsdd/recordings/7_yweweler_49.wav,7,yweweler,49,2658
7_yweweler_5.wav,data/fsdd/recordings/7_yweweler_5.wav,7,yweweler,5,3778
7_yweweler_6.wav,data/fsdd/recordings/7_yweweler_6.wav,7,yweweler,6,2044
7_yweweler_7.wav,data/fsdd/recordings/7_yweweler_7.wav,7,yweweler,7,2795
7_yweweler_8.wav,data/fsdd/recordings/7_yweweler_8.wav,7,yweweler,8,2715
7_yweweler_9.wav,data/fsdd/recordings/7_yweweler_9.wav,7,yweweler,9,2947
8_george_0.wav,data/fsdd/recordings/8_george_0.wav,8,george,0,4222
8_george_1.wav,data/fsdd/recordings/8_george_1.wav,8,george,1,4111
8_george_10.wav,data/fsdd/recordings/8_george_10.wav,8,george,10,3670
8_george_11.wav,data/fsdd/recordings/8_george_11.wav,8,george,11,3566
8_george_12.wav,data/fsdd/recordings/8_george_12.wav,8,george,12,3513
8_george_13.wav,data/fsdd/recordings/8_george_13.wav,8,george,13,4191
8_george_14.wav,data/fsdd/recordings/8_george_14.wav,8,george,14,4052
8_george_15.wav,data/fsdd/recordings/8_george_15.wav,8,george,15,3112
8_george_16.wav,data/fsdd/recordings/8_george_16.wav,8,george,16,3631
8_george_17.wav,data/fsdd/recordings/8_george_17.wav,8,george,17,4085
8_george_18.wav,data/fsdd/recordings/8_george_18.wav,8,george,18,3747
8_george_19.wav,data/fsdd/recordings/8_george_19.wav,8,george,19,3921
8_george_2.wav,data/fsdd/recordings/8_george_2.wav,8,george,2,4336
8_george_20.wav,data/fsdd/recordings/8_george_20.wav,8,george,20,3397
8_george_21.wav,data/fsdd/recordings/8_george_21.wav,8,george,21,2995
8_george_22.wav,data/fsdd/recordings/8_george_22.wav,8,george,22,4013
8_george_23.wav,data/fsdd/recordings/8_george_23.wav,8,george,23,4187
8_george_24.wav,data/fsdd/recordings/8_george_24.wav,8,george,24,3294
8_george_25.wav,data/fsdd/recordings/8_george_25.wav,8,george,25,3673
8_george_26.wav,data/fsdd/recordings/8_george_26.wav,8,george,26,3570
8_george_27.wav,data/fsdd/recordings/8_george_27.wav,8,george,27,4014
8_george_28.wav,data/fsdd/recordings/8_george_28.wav,8,george,28,4669
8_george_29.wav,data/fsdd/recordings/8_george_29.wav,8,george,29,2610
8_george_3.wav,data/fsdd/recordings/8_george_3.wav,8,george,3,4076
8_george_30.wav,data/fsdd/recordings/8_george_30.wav,8,george,30,2973
8_george_31.wav,data/fsdd/recordings/8_george_31.wav,8,george,31,2550
8_george_32.wav,data/fsdd/recordings/8_george_32.wav,8,george,32,3314
8_george_33.wav,data/fsdd/recordings/8_george_33.wav,8,george,33,3793
8_george_34.wav,data/fsdd/recordings/8_george_34.wav,8,george,34,3149
8_george_35.wav,data/fsdd/recordings/8_george_35.wav,8,george,35,2884
8_george_36.wav,data/fsdd/recordings/8_george_36.wav,8,george,36,3306
8_george_37.wav,data/fsdd/recordings/8_george_37.wav,8,george,37,3342
8_george_38.wav,data/fsdd/recordings/8_george_38.wav,8,george,38,2570
8_george_39.wav,data/fsdd/recordings/8_george_39.wav,8,george,39,2161
8_george_4.wav,data/fsdd/recordings/8_george_4.wav,8,george,4,4051
8_george_40.wav,data/fsdd/recordings/8_george_40.wav,8,george,40,3618
8_george_41.wav,data/fsdd/recordings/8_george_41.wav,8,george,41,2335
8_george_42.wav,data/fsdd/recordings/8_george_42.wav,8,george,42,3158
8_george_43.wav,data/fsdd/recordings/8_george_43.wav,8,george,43,3393
8_george_44.wav,data/fsdd/recordings/8_george_44.wav,8,george,44,3282
8_george_45.wav,data/fsdd/recordings/8_george_45.wav,8,george,45,3462
8_george_46.wav,data/fsdd/recordings/8_george_46.wav,8,george,46,3805
8_george_47.wav,data/fsdd/recordings/8_george_47.wav,8,george,47,3639
8_george_48.wav,data/fsdd/recordings/8_george_48.wav,8,george,48,3546
8_george_49.wav,data/fsdd/recordings/8_george_49.wav,8,george,49,3243
8_george_5.wav,data/fsdd/recordings/8_george_5.wav,8,george,5,3791
8_george_6.wav,data/fsdd/recordings/8_george_6.wav,8,george,6,3971
8_george_7.wav,data/fsdd/recordings/8_george_7.wav,8,george,7,3938
8_george_8.wav,data/fsdd/recordings/8_george_8.wav,8,george,8,4095
8_george_9.wav,data/fsdd/recordings/8_george_9.wav,8,george,9,3829
8_jackson_0.wav,data/fsdd/recordings/8_jackson_0.wav,8,jackson,0,2776
8_jackson_1.wav,data/fsdd/recordings/8_jackson_1.wav,8,jackson,1,3229
8_jackson_10.wav,data/fsdd/recordings/8_jackson_10.wav,8,jackson,10,2914
8_jackson_11.wav,data/fsdd/recordings/8_jackson_11.wav,8,jackson,11,3299
8_jackson_12.wav,data/fsdd/recordings/8_jackson_12.wav,8,jackson,12,2846
8_jackson_13.wav,data/fsdd/recordings/8_jackson_13.wav,8,jackson,13,3039
8_jackson_14.wav,data/fsdd/recordings/8_jackson_14.wav,8,jackson,14,2905
8_jackson_15.wav,data/fsdd/recordings/8_jackson_15.wav,8,jackson,15,3148
8_jackson_16.wav,data/fsdd/recordings/8_jackson_16.wav,8,jackson,16,2786
8_jackson_17.wav,data/fsdd/recordings/8_jackson_17.wav,8,jackson,17,3169
8_jackson_18.wav,data/fsdd/recordings/8_jackson_18.wav,8,jackson,18,3204
8_jackson_19.wav,data/fsdd/recordings/8_jackson_19.wav,8,jackson,19,3037
8_jackson_2.wav,data/fsdd/recordings/8_jackson_2.wav,8,jackson,2,3061
8_jackson_20.wav,data/fsdd/recordings/8_jackson_20.wav,8,jackson,20,3158
8_jackson_21.wav,data/fsdd/recordings/8_jackson_21.wav,8,jackson,21,3100
8_jackson_22.wav,data/fsdd/recordings/8_jackson_22.wav,8,jackson,22,3569
8_jackson_23.wav,data/fsdd/recordings/8_jackson_23.wav,8,jackson,23,3496
8_jackson_24.wav,data/fsdd/recordings/8_jackson_24.wav,8,jackson,24,2986
8_jackson_25.wav,data/fsdd/recordings/8_jackson_25.wav,8,jackson,25,3201
8_jackson_26.wav,data/fsdd/recordings/8_jackson_26.wav,8,jackson,26,3681
8_jackson_27.wav,data/fsdd/recordings/8_jackson_27.wav,8,jackson,27,3249
8_jackson_28.wav,data/fsdd/recordings/8_jackson_28.wav,8,jackson,28,3283
8_jackson_29.wav,data/fsdd/recordings/8_jackson_29.wav,8,jackson,29,3210
8_jackson_3.wav,data/fsdd/recordings/8_jackson_3.wav,8,jackson,3,3117
8_jackson_30.wav,data/fsdd/recordings/8_jackson_30.wav,8,jackson,30,3519
8_jackson_31.wav,data/fsdd/recordings/8_jackson_31.wav,8,jackson,31,3399
8_jackson_32.wav,data/fsdd/recordings/8_jackson_32.wav,8,jackson,32,3655
8_jackson_33.wav,data/fsdd/recordings/8_jackson_33.wav,8,jackson,33,3581
8_jackson_34.wav,data/fsdd/recordings/8_jackson_34.wav,8,jackson,34,3844
8_jackson_35.wav,data/fsdd/recordings/8_jackson_35.wav,8,jackson,35,3824
8_jackson_36.wav,data/fsdd/recordings/8_jackson_36.wav,8,jackson,36,3339
8_jackson_37.wav,data/fsdd/recordings/8_jackson_37.wav,8,jackson,37,3249
8_jackson_38.wav,data/fsdd/recordings/8_jackson_38.wav,8,jackson,38,3599
8_jackson_39.wav,data/fsdd/recordings/8_jackson_39.wav,8,jackson,39,3759
8_jackson_4.wav,data/fsdd/recordings/8_jackson_4.wav,8,jackson,4,3248
8_jackson_40.wav,data/fsdd/recordings/8_jackson_40.wav,8,jackson,40,3532
8_jackson_41.wav,data/fsdd/recordings/8_jackson_41.wav,8,jackson,41,4604
8_jackson_42.wav,data/fsdd/recordings/8_jackson_42.wav,8,jackson,42,3379
8_jackson_43.wav,data/fsdd/recordings/8_jackson_43.wav,8,jackson,43,3355
8_jackson_44.wav,data/fsdd/recordings/8_jackson_44.wav,8,jackson,44,3495
8_jackson_45.wav,data/fsdd/recordings/8_jackson_45.wav,8,jackson,45,3506
8_jackson_46.wav,data/fsdd/recordings/8_jackson_46.wav,8,jackson,46,3356
8_jackson_47.wav,data/fsdd/recordings/8_jackson_47.wav,8,jackson,47,3421
8_jackson_48.wav,data/fsdd/recordings/8_jackson_48.wav,8,jackson,48,3391
8_jackson_49.wav,data/fsdd/recordings/8_jackson_49.wav,8,jackson,49,3764
8_jackson_5.wav,data/fsdd/recordings/8_jackson_5.wav,8,jackson,5,3442
8_jackson_6.wav,data/fsdd/recordings/8_jackson_6.wav,8,jackson,6,3379
8_jackson_7.wav,data/fsdd/recordings/8_jackson_7.wav,8,jackson,7,3464
8_jackson_8.wav,data/fsdd/recordings/8_jackson_8.wav,8,jackson,8,2950
8_jackson_9.wav,data/fsdd/recordings/8_jackson_9.wav,8,jackson,9,3043
8_theo_0.wav,data/fsdd/recordings/8_theo_0.wav,8,theo,0,2898
8_theo_1.wav,data/fsdd/recordings/8_theo_1.wav,8,theo,1,2535
8_theo_10.wav,data/fsdd/recordings/8_theo_10.wav,8,theo,10,2590
8_theo_11.wav,data/fsdd/recordings/8_theo_11.wav,8,theo,11,2975
8_theo_12.wav,data/fsdd/recordings/8_theo_12.wav,8,theo,12,2982
8_theo_13.wav,data/fsdd/recordings/8_theo_13.wav,8,theo,13,2888
8_theo_14.wav,data/fsdd/recordings/8_theo_14.wav,8,theo,14,2606
8_theo_15.wav,data/fsdd/recordings/8_theo_15.wav,8,theo,15,3159
8_theo_16.wav,data/fsdd/recordings/8_theo_16.wav,8,theo,16,3236
8_theo_17.wav,data/fsdd/recordings/8_theo_17.wav,8,theo,17,2757
8_theo_18.wav,data/fsdd/recordings/8_theo_18.wav,8,theo,18,3153
8_theo_19.wav,data/fsdd/recordings/8_theo_19.wav,8,theo,19,2631
8_theo_2.wav,data/fsdd/recordings/8_theo_2.wav,8,theo,2,2892
8_theo_20.wav,data/fsdd/recordings/8_theo_20.wav,8,theo,20,3123
8_theo_21.wav,data/fsdd/recordings/8_theo_21.wav,8,theo,21,4016
8_theo_22.wav,data/fsdd/recordings/8_theo_22.wav,8,theo,22,4535
8_theo_23.wav,data/fsdd/recordings/8_theo_23.wav,8,theo,23,2546
8_theo_24.wav,data/fsdd/recordings/8_theo_24.wav,8,theo,24,2732
8_theo_25.wav,data/fsdd/recordings/8_theo_25.wav,8,theo,25,2313
8_theo_26.wav,data/fsdd/recordings/8_theo_26.wav,8,theo,26,2779
8_theo_27.wav,data/fsdd/recordings/8_theo_27.wav,8,theo,27,5026
8_theo_28.wav,data/fsdd/recordings/8_theo_28.wav,8,theo,28,3454
8_theo_29.wav,data/fsdd/recordings/8_theo_29.wav,8,theo,29,2347
8_theo_3.wav,data/fsdd/recordings/8_theo_3.wav,8,theo,3,2320
8_theo_30.wav,data/fsdd/recordings/8_theo_30.wav,8,theo,30,3252
8_theo_31.wav,data/fsdd/recordings/8_theo_31.wav,8,theo,31,2509
8_theo_32.wav,data/fsdd/recordings/8_theo_32.wav,8,theo,32,3513
8_theo_33.wav,data/fsdd/recordings/8_theo_33.wav,8,theo,33,4092
8_theo_34.wav,data/fsdd/recordings/8_theo_34.wav,8,theo,34,2049
8_theo_35.wav,data/fsdd/recordings/8_theo_35.wav,8,theo,35,2671
8_theo_36.wav,data/fsdd/recordings/8_theo_36.wav,8,theo,36,2972
8_theo_37.wav,data/fsdd/recordings/8_theo_37.wav,8,theo,37,2818
8_theo_38.wav,data/fsdd/recordings/8_theo_38.wav,8,theo,38,2311
8_theo_39.wav,data/fsdd/recordings/8_theo_39.wav,8,theo,39,4244
8_theo_4.wav,data/fsdd/recordings/8_theo_4.wav,8,theo,4,2818
8_theo_40.wav,data/fsdd/recordings/8_theo_40.wav,8,theo,40,2855
8_theo_41.wav,data/fsdd/recordings/8_theo_41.wav,8,theo,41,2872
8_theo_42.wav,data/fsdd/recordings/8_theo_42.wav,8,theo,42,2636
8_theo_43.wav,data/fsdd/recordings/8_theo_43.wav,8,theo,43,2540
8_theo_44.wav,data/fsdd/recordings/8_theo_44.wav,8,theo,44,2279
8_theo_45.wav,data/fsdd/recordings/8_theo_45.wav,8,theo,45,2318
8_theo_46.wav,data/fsdd/recordings/8_theo_46.wav,8,theo,46,3123
8_theo_47.wav,data/fsdd/recordings/8_theo_47.wav,8,theo,47,2683
8_theo_48.wav,data/fsdd/recordings/8_theo_48.wav,8,theo,48,5077
8_theo_49.wav,data/fsdd/recordings/8_theo_49.wav,8,theo,49,2499
8_theo_5.wav,data/fsdd/recordings/8_theo_5.wav,8,theo,5,2507
8_theo_6.wav,data/fsdd/recordings/8_theo_6.wav,8,theo,6,3142
8_theo_7.wav,data/fsdd/recordings/8_theo_7.wav,8,theo,7,2565
8_theo_8.wav,data/fsdd/recordings/8_theo_8.wav,8,theo,8,2520
8_theo_9.wav,data/fsdd/recordings/8_theo_9.wav,8,theo,9,2813
8_yweweler_0.wav,data/fsdd/recordings/8_yweweler_0.wav,8,yweweler,0,2532
8_yweweler_1.wav,data/fsdd/recordings/8_yweweler_1.wav,8,yweweler,1,2834
8_yweweler_10.wav,data/fsdd/recordings/8_yweweler_10.wav,8,yweweler,10,2527
8_yweweler_11.wav,data/fsdd/recordings/8_yweweler_11.wav,8,yweweler,11,2800
8_yweweler_12.wav,data/fsdd/recordings/8_yweweler_12.wav,8,yweweler,12,2431
8_yweweler_13.wav,data/fsdd/recordings/8_yweweler_13.wav,8,yweweler,13,3112
8_yweweler_14.wav,data/fsdd/recordings/8_yweweler_14.wav,8,yweweler,14,2657
8_yweweler_15.wav,data/fsdd/recordings/8_yweweler_15.wav,8,yweweler,15,1880
8_yweweler_16.wav,data/fsdd/recordings/8_yweweler_16.wav,8,yweweler,16,2062
8_yweweler_17.wav,data/fsdd/recordings/8_yweweler_17.wav,8,yweweler,17,2561
8_yweweler_18.wav,data/fsdd/recordings/8_yweweler_18.wav,8,yweweler,18,1963
8_yweweler_19.wav,data/fsdd/recordings/8_yweweler_19.wav,8,yweweler,19,2020
8_yweweler_2.wav,data/fsdd/recordings/8_yweweler_2.wav,8,yweweler,2,2169
8_yweweler_20.wav,data/fsdd/recordings/8_yweweler_20.wav,8,yweweler,20,2518
8_yweweler_21.wav,data/fsdd/recordings/8_yweweler_21.wav,8,yweweler,21,2465
8_yweweler_22.wav,data/fsdd/recordings/8_yweweler_22.wav,8,yweweler,22,3118
8_yweweler_23.wav,data/fsdd/recordings/8_yweweler_23.wav,8,yweweler,23,2375
8_yweweler_24.wav,data/fsdd/recordings/8_yweweler_24.wav,8,yweweler,24,2982
8_yweweler_25.wav,data/fsdd/recordings/8_yweweler_25.wav,8,yweweler,25,2235
8_yweweler_26.wav,data/fsdd/recordings/8_yweweler_26.wav,8,yweweler,26,2628
8_yweweler_27.wav,data/fsdd/recordings/8_yweweler_27.wav,8,yweweler,27,2596
8_yweweler_28.wav,data/fsdd/recordings/8_yweweler_28.wav,8,yweweler,28,4296
8_yweweler_29.wav,data/fsdd/recordings/8_yweweler_29.wav,8,yweweler,29,2658
8_yweweler_3.wav,data/fsdd/recordings/8_yweweler_3.wav,8,yweweler,3,2597
8_yweweler_30.wav,data/fsdd/recordings/8_yweweler_30.wav,8,yweweler,30,2845
8_yweweler_31.wav,data/fsdd/recordings/8_yweweler_31.wav,8,yweweler,31,3172
8_yweweler_32.wav,data/fsdd/recordings/8_yweweler_32.wav,8,yweweler,32,3276
8_yweweler_33.wav,data/fsdd/recordings/8_yweweler_33.wav,8,yweweler,33,3243
8_yweweler_34.wav,data/fsdd/recordings/8_yweweler_34.wav,8,yweweler,34,3874
8_yweweler_35.wav,data/fsdd/recordings/8_yweweler_35.wav,8,yweweler,35,2489
8_yweweler_36.wav,data/fsdd/recordings/8_yweweler_36.wav,8,yweweler,36,2353
8_yweweler_37.wav,data/fsdd/recordings/8_yweweler_37.wav,8,yweweler,37,2459
8_yweweler_38.wav,data/fsdd/recordings/8_yweweler_38.wav,8,yweweler,38,2857
8_yweweler_39.wav,data/fsdd/recordings/8_yweweler_39.wav,8,yweweler,39,2798
8_yweweler_4.wav,data/fsdd/recordings/8_yweweler_4.wav,8,yweweler,4,2608
8_yweweler_40.wav,data/fsdd/recordings/8_yweweler_40.wav,8,yweweler,40,2847
8_yweweler_41.wav,data/fsdd/recordings/8_yweweler_41.wav,8,yweweler,41,2716
8_yweweler_42.wav,data/fsdd/recordings/8_yweweler_42.wav,8,yweweler,42,2697
8_yweweler_43.wav,data/fsdd/recordings/8_yweweler_43.wav,8,yweweler,43,1749
8_yweweler_44.wav,data/fsdd/recordings/8_yweweler_44.wav,8,yweweler,44,1995
8_yweweler_45.wav,data/fsdd/recordings/8_yweweler_45.wav,8,yweweler,45,2540
8_yweweler_46.wav,data/fsdd/recordings/8_yweweler_46.wav,8,yweweler,46,2629
8_yweweler_47.wav,data/fsdd/recordings/8_yweweler_47.wav,8,yweweler,47,2727
8_yweweler_48.wav,data/fsdd/recordings/8_yweweler_48.wav,8,yweweler,48,2414
8_yweweler_49.wav,data/fsdd/recordings/8_yweweler_49.wav,8,yweweler,49,1962
8_yweweler_5.wav,data/fsdd/recordings/8_yweweler_5.wav,8,yweweler,5,2149
8_yweweler_6.wav,data/fsdd/recordings/8_yweweler_6.wav,8,yweweler,6,2178
8_yweweler_7.wav,data/fsdd/recordings/8_yweweler_7.wav,8,yweweler,7,2171
8_yweweler_8.wav,data/fsdd/recordings/8_yweweler_8.wav,8,yweweler,8,2483
8_yweweler_9.wav,data/fsdd/recordings/8_yweweler_9.wav,8,yweweler,9,2499
9_george_0.wav,data/fsdd/recordings/9_george_0.wav,9,george,0,4189
9_george_1.wav,data/fsdd/recordings/9_george_1.wav,9,george,1,4000
9_george_10.wav,data/fsdd/recordings/9_george_10.wav,9,george,10,3856
9_george_11.wav,data/fsdd/recordings/9_george_11.wav,9,george,11,3659
9_george_12.wav,data/fsdd/recordings/9_george_12.wav,9,george,12,3881
9_george_13.wav,data/fsdd/recordings/9_george_13.wav,9,george,13,3440
9_george_14.wav,data/fsdd/recordings/9_george_14.wav,9,george,14,3875
9_george_15.wav,data/fsdd/recordings/9_george_15.wav,9,george,15,4346
9_george_16.wav,data/fsdd/recordings/9_george_16.wav,9,george,16,4299
9_george_17.wav,data/fsdd/recordings/9_george_17.wav,9,george,17,4778
9_george_18.wav,data/fsdd/recordings/9_george_18.wav,9,george,18,3951
9_george_19.wav,data/fsdd/recordings/9_george_19.wav,9,george,19,4898
9_george_2.wav,data/fsdd/recordings/9_george_2.wav,9,george,2,3983
9_george_20.wav,data/fsdd/recordings/9_george_20.wav,9,george,20,3207
9_george_21.wav,data/fsdd/recordings/9_george_21.wav,9,george,21,4038
9_george_22.wav,data/fsdd/recordings/9_george_22.wav,9,george,22,4896
9_george_23.wav,data/fsdd/recordings/9_george_23.wav,9,george,23,4782
9_george_24.wav,data/fsdd/recordings/9_george_24.wav,9,george,24,3231
9_george_25.wav,data/fsdd/recordings/9_george_25.wav,9,george,25,3785
9_george_26.wav,data/fsdd/recordings/9_george_26.wav,9,george,26,3524
9_george_27.wav,data/fsdd/recordings/9_george_27.wav,9,george,27,3690
9_george_28.wav,data/fsdd/recordings/9_george_28.wav,9,george,28,3934
9_george_29.wav,data/fsdd/recordings/9_george_29.wav,9,george,29,3673
9_george_3.wav,data/fsdd/recordings/9_george_3.wav,9,george,3,2683
9_george_30.wav,data/fsdd/recordings/9_george_30.wav,9,george,30,2759
9_george_31.wav,data/fsdd/recordings/9_george_31.wav,9,george,31,2248
9_george_32.wav,data/fsdd/recordings/9_george_32.wav,9,george,32,3914
9_george_33.wav,data/fsdd/recordings/9_george_33.wav,9,george,33,2929
9_george_34.wav,data/fsdd/recordings/9_george_34.wav,9,george,34,3032
9_george_35.wav,data/fsdd/recordings/9_george_35.wav,9,george,35,2863
9_george_36.wav,data/fsdd/recordings/9_george_36.wav,9,george,36,3262
9_george_37.wav,data/fsdd/recordings/9_george_37.wav,9,george,37,3900
9_george_38.wav,data/fsdd/recordings/9_george_38.wav,9,george,38,3310
9_george_39.wav,data/fsdd/recordings/9_george_39.wav,9,george,39,3790
9_george_4.wav,data/fsdd/recordings/9_george_4.wav,9,george,4,3952
9_george_40.wav,data/fsdd/recordings/9_george_40.wav,9,george,40,2788
9_george_41.wav,data/fsdd/recordings/9_george_41.wav,9,george,41,3930
9_george_42.wav,data/fsdd/recordings/9_george_42.wav,9,george,42,2846
9_george_43.wav,data/fsdd/recordings/9_george_43.wav,9,george,43,3278
9_george_44.wav,data/fsdd/recordings/9_george_44.wav,9,george,44,3418
9_george_45.wav,data/fsdd/recordings/9_george_45.wav,9,george,45,3972
9_george_46.wav,data/fsdd/recordings/9_george_46.wav,9,george,46,3450
9_george_47.wav,data/fsdd/recordings/9_george_47.wav,9,george,47,3806
9_george_48.wav,data/fsdd/recordings/9_george_48.wav,9,george,48,3442
9_george_49.wav,data/fsdd/recordings/9_george_49.wav,9,george,49,3588
9_george_5.wav,data/fsdd/recordings/9_george_5.wav,9,george,5,4285
9_george_6.wav,data/fsdd/recordings/9_george_6.wav,9,george,6,4587
9_george_7.wav,data/fsdd/recordings/9_george_7.wav,9,george,7,5043
9_george_8.wav,data/fsdd/recordings/9_george_8.wav,9,george,8,4308
9_george_9.wav,data/fsdd/recordings/9_george_9.wav,9,george,9,4125
9_jackson_0.wav,data/fsdd/recordings/9_jackson_0.wav,9,jackson,0,4827
9_jackson_1.wav,data/fsdd/recordings/9_jackson_1.wav,9,jackson,1,4523
9_jackson_10.wav,data/fsdd/recordings/9_jackson_10.wav,9,jackson,10,4108
9_jackson_11.wav,data/fsdd/recordings/9_jackson_11.wav,9,jackson,11,4960
9_jackson_12.wav,data/fsdd/recordings/9_jackson_12.wav,9,jackson,12,4622
9_jackson_13.wav,data/fsdd/recordings/9_jackson_13.wav,9,jackson,13,4751
9_jackson_14.wav,data/fsdd/recordings/9_jackson_14.wav,9,jackson,14,4972
9_jackson_15.wav,data/fsdd/recordings/9_jackson_15.wav,9,jackson,15,4716
9_jackson_16.wav,data/fsdd/recordings/9_jackson_16.wav,9,jackson,16,3752
9_jackson_17.wav,data/fsdd/recordings/9_jackson_17.wav,9,jackson,17,3827
9_jackson_18.wav,data/fsdd/recordings/9_jackson_18.wav,9,jackson,18,4282
9_jackson_19.wav,data/fsdd/recordings/9_jackson_19.wav,9,jackson,19,4343
9_jackson_2.wav,data/fsdd/recordings/9_jackson_2.wav,9,jackson,2,4632
9_jackson_20.wav,data/fsdd/recordings/9_jackson_20.wav,9,jackson,20,4746
9_jackson_21.wav,data/fsdd/recordings/9_jackson_21.wav,9,jackson,21,4294
9_jackson_22.wav,data/fsdd/recordings/9_jackson_22.wav,9,jackson,22,4142
9_jackson_23.wav,data/fsdd/recordings/9_jackson_23.wav,9,jackson,23,4923
9_jackson_24.wav,data/fsdd/recordings/9_jackson_24.wav,9,jackson,24,4330
9_jackson_25.wav,data/fsdd/recordings/9_jackson_25.wav,9,jackson,25,3942
9_jackson_26.wav,data/fsdd/recordings/9_jackson_26.wav,9,jackson,26,4984
9_jackson_27.wav,data/fsdd/recordings/9_jackson_27.wav,9,jackson,27,4865
9_jackson_28.wav,data/fsdd/recordings/9_jackson_28.wav,9,jackson,28,4881
9_jackson_29.wav,data/fsdd/recordings/9_jackson_29.wav,9,jackson,29,4135
9_jackson_3.wav,data/fsdd/recordings/9_jackson_3.wav,9,jackson,3,4300
9_jackson_30.wav,data/fsdd/recordings/9_jackson_30.wav,9,jackson,30,5093
9_jackson_31.wav,data/fsdd/recordings/9_jackson_31.wav,9,jackson,31,5198
9_jackson_32.wav,data/fsdd/recordings/9_jackson_32.wav,9,jackson,32,5084
9_jackson_33.wav,data/fsdd/recordings/9_jackson_33.wav,9,jackson,33,5405
9_jackson_34.wav,data/fsdd/recordings/9_jackson_34.wav,9,jackson,34,5450
9_jackson_35.wav,data/fsdd/recordings/9_jackson_35.wav,9,jackson,35,5269
9_jackson_36.wav,data/fsdd/recordings/9_jackson_36.wav,9,jackson,36,5267
9_jackson_37.wav,data/fsdd/recordings/9_jackson_37.wav,9,jackson,37,4992
9_jackson_38.wav,data/fsdd/recordings/9_jackson_38.wav,9,jackson,38,5201
9_jackson_39.wav,data/fsdd/recordings/9_jackson_39.wav,9,jackson,39,4830
9_jackson_4.wav,data/fsdd/recordings/9_jackson_4.wav,9,jackson,4,4653
9_jackson_40.wav,data/fsdd/recordings/9_jackson_40.wav,9,jackson,40,4962
9_jackson_41.wav,data/fsdd/recordings/9_jackson_41.wav,9,jackson,41,4443
9_jackson_42.wav,data/fsdd/recordings/9_jackson_42.wav,9,jackson,42,4649
9_jackson_43.wav,data/fsdd/recordings/9_jackson_43.wav,9,jackson,43,4962
9_jackson_44.wav,data/fsdd/recordings/9_jackson_44.wav,9,jackson,44,4835
9_jackson_45.wav,data/fsdd/recordings/9_jackson_45.wav,9,jackson,45,4328
9_jackson_46.wav,data/fsdd/recordings/9_jackson_46.wav,9,jackson,46,5177
9_jackson_47.wav,data/fsdd/recordings/9_jackson_47.wav,9,jackson,47,4896
9_jackson_48.wav,data/fsdd/recordings/9_jackson_48.wav,9,jackson,48,4872
9_jackson_49.wav,data/fsdd/recordings/9_jackson_49.wav,9,jackson,49,5158
9_jackson_5.wav,data/fsdd/recordings/9_jackson_5.wav,9,jackson,5,4605
9_jackson_6.wav,data/fsdd/recordings/9_jackson_6.wav,9,jackson,6,4445
9_jackson_7.wav,data/fsdd/recordings/9_jackson_7.wav,9,jackson,7,4307
9_jackson_8.wav,data/fsdd/recordings/9_jackson_8.wav,9,jackson,8,5090
9_jackson_9.wav,data/fsdd/recordings/9_jackson_9.wav,9,jackson,9,4313
9_theo_0.wav,data/fsdd/recordings/9_theo_0.wav,9,theo,0,3079
9_theo_1.wav,data/fsdd/recordings/9_theo_1.wav,9,theo,1,2326
9_theo_10.wav,data/fsdd/recordings/9_theo_10.wav,9,theo,10,2885
9_theo_11.wav,data/fsdd/recordings/9_theo_11.wav,9,theo,11,3086
9_theo_12.wav,data/fsdd/recordings/9_theo_12.wav,9,theo,12,3437
9_theo_13.wav,data/fsdd/recordings/9_theo_13.wav,9,theo,13,3816
9_theo_14.wav,data/fsdd/recordings/9_theo_14.wav,9,theo,14,3448
9_theo_15.wav,data/fsdd/recordings/9_theo_15.wav,9,theo,15,3599
9_theo_16.wav,data/fsdd/recordings/9_theo_16.wav,9,theo,16,18262
9_theo_17.wav,data/fsdd/recordings/9_theo_17.wav,9,theo,17,3545
9_theo_18.wav,data/fsdd/recordings/9_theo_18.wav,9,theo,18,3363
9_theo_19.wav,data/fsdd/recordings/9_theo_19.wav,9,theo,19,3686
9_theo_2.wav,data/fsdd/recordings/9_theo_2.wav,9,theo,2,2218
9_theo_20.wav,data/fsdd/recordings/9_theo_20.wav,9,theo,20,4465
9_theo_21.wav,data/fsdd/recordings/9_theo_21.wav,9,theo,21,2938
9_theo_22.wav,data/fsdd/recordings/9_theo_22.wav,9,theo,22,2899
9_theo_23.wav,data/fsdd/recordings/9_theo_23.wav,9,theo,23,4108
9_theo_24.wav,data/fsdd/recordings/9_theo_24.wav,9,theo,24,5455
9_theo_25.wav,data/fsdd/recordings/9_theo_25.wav,9,theo,25,3519
9_theo_26.wav,data/fsdd/recordings/9_theo_26.wav,9,theo,26,4450
9_theo_27.wav,data/fsdd/recordings/9_theo_27.wav,9,theo,27,6953
9_theo_28.wav,data/fsdd/recordings/9_theo_28.wav,9,theo,28,8281
9_theo_29.wav,data/fsdd/recordings/9_theo_29.wav,9,theo,29,6567
9_theo_3.wav,data/fsdd/recordings/9_theo_3.wav,9,theo,3,3593
9_theo_30.wav,data/fsdd/recordings/9_theo_30.wav,9,theo,30,6457
9_theo_31.wav,data/fsdd/recordings/9_theo_31.wav,9,theo,31,4796
9_theo_32.wav,data/fsdd/recordings/9_theo_32.wav,9,theo,32,4906
9_theo_33.wav,data/fsdd/recordings/9_theo_33.wav,9,theo,33,3965
9_theo_34.wav,data/fsdd/recordings/9_theo_34.wav,9,theo,34,2531
9_theo_35.wav,data/fsdd/recordings/9_theo_35.wav,9,theo,35,3295
9_theo_36.wav,data/fsdd/recordings/9_theo_36.wav,9,theo,36,4120
9_theo_37.wav,data/fsdd/recordings/9_theo_37.wav,9,theo,37,3226
9_theo_38.wav,data/fsdd/recordings/9_theo_38.wav,9,theo,38,4105
9_theo_39.wav,data/fsdd/recordings/9_theo_39.wav,9,theo,39,2815
9_theo_4.wav,data/fsdd/recordings/9_theo_4.wav,9,theo,4,3535
9_theo_40.wav,data/fsdd/recordings/9_theo_40.wav,9,theo,40,3423
9_theo_41.wav,data/fsdd/recordings/9_theo_41.wav,9,theo,41,3149
9_theo_42.wav,data/fsdd/recordings/9_theo_42.wav,9,theo,42,3698
9_theo_43.wav,data/fsdd/recordings/9_theo_43.wav,9,theo,43,2773
9_theo_44.wav,data/fsdd/recordings/9_theo_44.wav,9,theo,44,3699
9_theo_45.wav,data/fsdd/recordings/9_theo_45.wav,9,theo,45,1778
9_theo_46.wav,data/fsdd/recordings/9_theo_46.wav,9,theo,46,3084
9_theo_47.wav,data/fsdd/recordings/9_theo_47.wav,9,theo,47,3612
9_theo_48.wav,data/fsdd/recordings/9_theo_48.wav,9,theo,48,3431
9_theo_49.wav,data/fsdd/recordings/9_theo_49.wav,9,theo,49,3204
9_theo_5.wav,data/fsdd/recordings/9_theo_5.wav,9,theo,5,3678
9_theo_6.wav,data/fsdd/recordings/9_theo_6.wav,9,theo,6,2553
9_theo_7.wav,data/fsdd/recordings/9_theo_7.wav,9,theo,7,3488
9_theo_8.wav,data/fsdd/recordings/9_theo_8.wav,9,theo,8,3349
9_theo_9.wav,data/fsdd/recordings/9_theo_9.wav,9,theo,9,3348
9_yweweler_0.wav,data/fsdd/recordings/9_yweweler_0.wav,9,yweweler,0,2877
9_yweweler_1.wav,data/fsdd/recordings/9_yweweler_1.wav,9,yweweler,1,3101
9_yweweler_10.wav,data/fsdd/recordings/9_yweweler_10.wav,9,yweweler,10,3497
9_yweweler_11.wav,data/fsdd/recordings/9_yweweler_11.wav,9,yweweler,11,3480
9_yweweler_12.wav,data/fsdd/recordings/9_yweweler_12.wav,9,yweweler,12,3005
9_yweweler_13.wav,data/fsdd/recordings/9_yweweler_13.wav,9,yweweler,13,3192
9_yweweler_14.wav,data/fsdd/recordings/9_yweweler_14.wav,9,yweweler,14,3571
9_yweweler_15.wav,data/fsdd/recordings/9_yweweler_15.wav,9,yweweler,15,3303
9_yweweler_16.wav,data/fsdd/recordings/9_yweweler_16.wav,9,yweweler,16,3425
9_yweweler_17.wav,data/fsdd/recordings/9_yweweler_17.wav,9,yweweler,17,2882
9_yweweler_18.wav,data/fsdd/recordings/9_yweweler_18.wav,9,yweweler,18,2818
9_yweweler_19.wav,data/fsdd/recordings/9_yweweler_19.wav,9,yweweler,19,2848
9_yweweler_2.wav,data/fsdd/recordings/9_yweweler_2.wav,9,yweweler,2,3182
9_yweweler_20.wav,data/fsdd/recordings/9_yweweler_20.wav,9,yweweler,20,3331
9_yweweler_21.wav,data/fsdd/recordings/9_yweweler_21.wav,9,yweweler,21,3332
9_yweweler_22.wav,data/fsdd/recordings/9_yweweler_22.wav,9,yweweler,22,3401
9_yweweler_23.wav,data/fsdd/recordings/9_yweweler_23.wav,9,yweweler,23,3786
9_yweweler_24.wav,data/fsdd/recordings/9_yweweler_24.wav,9,yweweler,24,3772
9_yweweler_25.wav,data/fsdd/recordings/9_yweweler_25.wav,9,yweweler,25,3558
9_yweweler_26.wav,data/fsdd/recordings/9_yweweler_26.wav,9,yweweler,26,4074
9_yweweler_27.wav,data/fsdd/recordings/9_yweweler_27.wav,9,yweweler,27,3263
9_yweweler_28.wav,data/fsdd/recordings/9_yweweler_28.wav,9,yweweler,28,2983
9_yweweler_29.wav,data/fsdd/recordings/9_yweweler_29.wav,9,yweweler,29,2780
9_yweweler_3.wav,data/fsdd/recordings/9_yweweler_3.wav,9,yweweler,3,4425
9_yweweler_30.wav,data/fsdd/recordings/9_yweweler_30.wav,9,yweweler,30,3537
9_yweweler_31.wav,data/fsdd/recordings/9_yweweler_31.wav,9,yweweler,31,4150
9_yweweler_32.wav,data/fsdd/recordings/9_yweweler_32.wav,9,yweweler,32,3836
9_yweweler_33.wav,data/fsdd/recordings/9_yweweler_33.wav,9,yweweler,33,3543
9_yweweler_34.wav,data/fsdd/recordings/9_yweweler_34.wav,9,yweweler,34,3446
9_yweweler_35.wav,data/fsdd/recordings/9_yweweler_35.wav,9,yweweler,35,3599
9_yweweler_36.wav,data/fsdd/recordings/9_yweweler_36.wav,9,yweweler,36,3640
9_yweweler_37.wav,data/fsdd/recordings/9_yweweler_37.wav,9,yweweler,37,2764
9_yweweler_38.wav,data/fsdd/recordings/9_yweweler_38.wav,9,yweweler,38,2916
9_yweweler_39.wav,data/fsdd/recordings/9_yweweler_39.wav,9,yweweler,39,3091
9_yweweler_4.wav,data/fsdd/recordings/9_yweweler_4.wav,9,yweweler,4,3360
9_yweweler_40.wav,data/fsdd/recordings/9_yweweler_40.wav,9,yweweler,40,2950
9_yweweler_41.wav,data/fsdd/recordings/9_yweweler_41.wav,9,yweweler,41,3405
9_yweweler_42.wav,data/fsdd/recordings/9_yweweler_42.wav,9,yweweler,42,3559
9_yweweler_43.wav,data/fsdd/recordings/9_yweweler_43.wav,9,yweweler,43,3236
9_yweweler_44.wav,data/fsdd/recordings/9_yweweler_44.wav,9,yweweler,44,2617
9_yweweler_45.wav,data/fsdd/recordings/9_yweweler_45.wav,9,yweweler,45,3389
9_yweweler_46.wav,data/fsdd/recordings/9_yweweler_46.wav,9,yweweler,46,3038
9_yweweler_47.wav,data/fsdd/recordings/9_yweweler_47.wav,9,yweweler,47,3451
9_yweweler_48.wav,data/fsdd/recordings/9_yweweler_48.wav,9,yweweler,48,3039
9_yweweler_49.wav,data/fsdd/recordings/9_yweweler_49.wav,9,yweweler,49,3050
9_yweweler_5.wav,data/fsdd/recordings/9_yweweler_5.wav,9,yweweler,5,2877
9_yweweler_6.wav,data/fsdd/recordings/9_yweweler_6.wav,9,yweweler,6,2778
9_yweweler_7.wav,data/fsdd/recordings/9_yweweler_7.wav,9,yweweler,7,2815
9_yweweler_8.wav,data/fsdd/recordings/9_yweweler_8.wav,9,yweweler,8,3164
9_yweweler_9.wav,data/fsdd/recordings/9_yweweler_9.wav,9,yweweler,9,3507
