filename,path,label,speaker,recording_index,num_samples
0_lucas_0.wav,data/fsdd/recordings/0_lucas_0.wav,0,lucas,0,5083
0_lucas_1.wav,data/fsdd/recordings/0_lucas_1.wav,0,lucas,1,5475
0_lucas_10.wav,data/fsdd/recordings/0_lucas_10.wav,0,lucas,10,4014
0_lucas_11.wav,data/fsdd/recordings/0_lucas_11.wav,0,lucas,11,4273
0_lucas_12.wav,data/fsdd/recordings/0_lucas_12.wav,0,lucas,12,4344
0_lucas_13.wav,data/fsdd/recordings/0_lucas_13.wav,0,lucas,13,4736
0_lucas_14.wav,data/fsdd/recordings/0_lucas_14.wav,0,lucas,14,4436
0_lucas_15.wav,data/fsdd/recordings/0_lucas_15.wav,0,lucas,15,5019
0_lucas_16.wav,data/fsdd/recordings/0_lucas_16.wav,0,lucas,16,4783
0_lucas_17.wav,data/fsdd/recordings/0_lucas_17.wav,0,lucas,17,5076
0_lucas_18.wav,data/fsdd/recordings/0_lucas_18.wav,0,lucas,18,4896
0_lucas_19.wav,data/fsdd/recordings/0_lucas_19.wav,0,lucas,19,5021
0_lucas_2.wav,data/fsdd/recordings/0_lucas_2.wav,0,lucas,2,5870
0_lucas_20.wav,data/fsdd/recordings/0_lucas_20.wav,0,lucas,20,5157
0_lucas_21.wav,data/fsdd/recordings/0_lucas_21.wav,0,lucas,21,5022
0_lucas_22.wav,data/fsdd/recordings/0_lucas_22.wav,0,lucas,22,4395
0_lucas_23.wav,data/fsdd/recordings/0_lucas_23.wav,0,lucas,23,4237
0_lucas_24.wav,data/fsdd/recordings/0_lucas_24.wav,0,lucas,24,7929
0_lucas_25.wav,data/fsdd/recordings/0_lucas_25.wav,0,lucas,25,4803
0_lucas_26.wav,data/fsdd/recordings/0_lucas_26.wav,0,lucas,26,4281
0_lucas_27.wav,data/fsdd/recordings/0_lucas_27.wav,0,lucas,27,7187
0_lucas_28.wav,data/fsdd/recordings/0_lucas_28.wav,0,lucas,28,4551
0_lucas_29.wav,data/fsdd/recordings/0_lucas_29.wav,0,lucas,29,4254
0_lucas_3.wav,data/fsdd/recordings/0_lucas_3.wav,0,lucas,3,4455
0_lucas_30.wav,data/fsdd/recordings/0_lucas_30.wav,0,lucas,30,4628
0_lucas_31.wav,data/fsdd/recordings/0_lucas_31.wav,0,lucas,31,4175
0_lucas_32.wav,data/fsdd/recordings/0_lucas_32.wav,0,lucas,32,4308
0_lucas_33.wav,data/fsdd/recordings/0_lucas_33.wav,0,lucas,33,4225
0_lucas_34.wav,data/fsdd/recordings/0_lucas_34.wav,0,lucas,34,5207
0_lucas_35.wav,data/fsdd/recordings/0_lucas_35.wav,0,lucas,35,4793
0_lucas_36.wav,data/fsdd/recordings/0_lucas_36.wav,0,lucas,36,6286
0_lucas_37.wav,data/fsdd/recordings/0_lucas_37.wav,0,lucas,37,4761
0_lucas_38.wav,data/fsdd/recordings/0_lucas_38.wav,0,lucas,38,4836
0_lucas_39.wav,data/fsdd/recordings/0_lucas_39.wav,0,lucas,39,7389
0_lucas_4.wav,data/fsdd/recordings/0_lucas_4.wav,0,lucas,4,4072
0_lucas_40.wav,data/fsdd/recordings/0_lucas_40.wav,0,lucas,40,4574
0_lucas_41.wav,data/fsdd/recordings/0_lucas_41.wav,0,lucas,41,4434
0_lucas_42.wav,data/fsdd/recordings/0_lucas_42.wav,0,lucas,42,6381
0_lucas_43.wav,data/fsdd/recordings/0_lucas_43.wav,0,lucas,43,4482
0_lucas_44.wav,data/fsdd/recordings/0_lucas_44.wav,0,lucas,44,5914
0_lucas_45.wav,data/fsdd/recordings/0_lucas_45.wav,0,lucas,45,3762
0_lucas_46.wav,data/fsdd/recordings/0_lucas_46.wav,0,lucas,46,5048
0_lucas_47.wav,data/fsdd/recordings/0_lucas_47.wav,0,lucas,47,4771
0_lucas_48.wav,data/fsdd/recordings/0_lucas_48.wav,0,lucas,48,5967
0_lucas_49.wav,data/fsdd/recordings/0_lucas_49.wav,0,lucas,49,4953
0_lucas_5.wav,data/fsdd/recordings/0_lucas_5.wav,0,lucas,5,4830
0_lucas_6.wav,data/fsdd/recordings/0_lucas_6.wav,0,lucas,6,4288
0_lucas_7.wav,data/fsdd/recordings/0_lucas_7.wav,0,lucas,7,4117
0_lucas_8.wav,data/fsdd/recordings/0_lucas_8.wav,0,lucas,8,5218
0_lucas_9.wav,data/fsdd/recordings/0_lucas_9.wav,0,lucas,9,9341
0_nicolas_0.wav,data/fsdd/recordings/0_nicolas_0.wav,0,nicolas,0,3500
0_nicolas_1.wav,data/fsdd/recordings/0_nicolas_1.wav,0,nicolas,1,3751
0_nicolas_10.wav,data/fsdd/recordings/0_nicolas_10.wav,0,nicolas,10,3755
0_nicolas_11.wav,data/fsdd/recordings/0_nicolas_11.wav,0,nicolas,11,4594
0_nicolas_12.wav,data/fsdd/recordings/0_nicolas_12.wav,0,nicolas,12,4393
0_nicolas_13.wav,data/fsdd/recordings/0_nicolas_13.wav,0,nicolas,13,3822
0_nicolas_14.wav,data/fsdd/recordings/0_nicolas_14.wav,0,nicolas,14,3756
0_nicolas_15.wav,data/fsdd/recordings/0_nicolas_15.wav,0,nicolas,15,4124
0_nicolas_16.wav,data/fsdd/recordings/0_nicolas_16.wav,0,nicolas,16,3957
0_nicolas_17.wav,data/fsdd/recordings/0_nicolas_17.wav,0,nicolas,17,3822
0_nicolas_18.wav,data/fsdd/recordings/0_nicolas_18.wav,0,nicolas,18,4527
0_nicolas_19.wav,data/fsdd/recordings/0_nicolas_19.wav,0,nicolas,19,3688
0_nicolas_2.wav,data/fsdd/recordings/0_nicolas_2.wav,0,nicolas,2,2857
0_nicolas_20.wav,data/fsdd/recordings/0_nicolas_20.wav,0,nicolas,20,3601
0_nicolas_21.wav,data/fsdd/recordings/0_nicolas_21.wav,0,nicolas,21,4076
0_nicolas_22.wav,data/fsdd/recordings/0_nicolas_22.wav,0,nicolas,22,3193
0_nicolas_23.wav,data/fsdd/recordings/0_nicolas_23.wav,0,nicolas,23,3600
0_nicolas_24.wav,data/fsdd/recordings/0_nicolas_24.wav,0,nicolas,24,3465
0_nicolas_25.wav,data/fsdd/recordings/0_nicolas_25.wav,0,nicolas,25,3516
0_nicolas_26.wav,data/fsdd/recordings/0_nicolas_26.wav,0,nicolas,26,3583
0_nicolas_27.wav,data/fsdd/recordings/0_nicolas_27.wav,0,nicolas,27,3635
0_nicolas_28.wav,data/fsdd/recordings/0_nicolas_28.wav,0,nicolas,28,3974
0_nicolas_29.wav,data/fsdd/recordings/0_nicolas_29.wav,0,nicolas,29,3431
0_nicolas_3.wav,data/fsdd/recordings/0_nicolas_3.wav,0,nicolas,3,4429
0_nicolas_30.wav,data/fsdd/recordings/0_nicolas_30.wav,0,nicolas,30,3693
0_nicolas_31.wav,data/fsdd/recordings/0_nicolas_31.wav,0,nicolas,31,2998
0_nicolas_32.wav,data/fsdd/recordings/0_nicolas_32.wav,0,nicolas,32,2872
0_nicolas_33.wav,data/fsdd/recordings/0_nicolas_33.wav,0,nicolas,33,2936
0_nicolas_34.wav,data/fsdd/recordings/0_nicolas_34.wav,0,nicolas,34,2998
0_nicolas_35.wav,data/fsdd/recordings/0_nicolas_35.wav,0,nicolas,35,2904
0_nicolas_36.wav,data/fsdd/recordings/0_nicolas_36.wav,0,nicolas,36,2778
0_nicolas_37.wav,data/fsdd/recordings/0_nicolas_37.wav,0,nicolas,37,2651
0_nicolas_38.wav,data/fsdd/recordings/0_nicolas_38.wav,0,nicolas,38,2746
0_nicolas_39.wav,data/fsdd/recordings/0_nicolas_39.wav,0,nicolas,39,3409
0_nicolas_4.wav,data/fsdd/recordings/0_nicolas_4.wav,0,nicolas,4,3893
0_nicolas_40.wav,data/fsdd/recordings/0_nicolas_40.wav,0,nicolas,40,3811
0_nicolas_41.wav,data/fsdd/recordings/0_nicolas_41.wav,0,nicolas,41,3717
0_nicolas_42.wav,data/fsdd/recordings/0_nicolas_42.wav,0,nicolas,42,3716
0_nicolas_43.wav,data/fsdd/recordings/0_nicolas_43.wav,0,nicolas,43,3686
0_nicolas_44.wav,data/fsdd/recordings/0_nicolas_44.wav,0,nicolas,44,3561
0_nicolas_45.wav,data/fsdd/recordings/0_nicolas_45.wav,0,nicolas,45,3842
0_nicolas_46.wav,data/fsdd/recordings/0_nicolas_46.wav,0,nicolas,46,3685
0_nicolas_47.wav,data/fsdd/recordings/0_nicolas_47.wav,0,nicolas,47,3624
0_nicolas_48.wav,data/fsdd/recordings/0_nicolas_48.wav,0,nicolas,48,3560
0_nicolas_49.wav,data/fsdd/recordings/0_nicolas_49.wav,0,nicolas,49,3343
0_nicolas_5.wav,data/fsdd/recordings/0_nicolas_5.wav,0,nicolas,5,3251
0_nicolas_6.wav,data/fsdd/recordings/0_nicolas_6.wav,0,nicolas,6,4357
0_nicolas_7.wav,data/fsdd/recordings/0_nicolas_7.wav,0,nicolas,7,3143
0_nicolas_8.wav,data/fsdd/recordings/0_nicolas_8.wav,0,nicolas,8,3786
0_nicolas_9.wav,data/fsdd/recordings/0_nicolas_9.wav,0,nicolas,9,3858
0_theo_0.wav,data/fsdd/recordings/0_theo_0.wav,0,theo,0,3142
0_theo_1.wav,data/fsdd/recordings/0_theo_1.wav,0,theo,1,2808
0_theo_10.wav,data/fsdd/recordings/0_theo_10.wav,0,theo,10,3044
0_theo_11.wav,data/fsdd/recordings/0_theo_11.wav,0,theo,11,2819
0_theo_12.wav,data/fsdd/recordings/0_theo_12.wav,0,theo,12,3617
0_theo_13.wav,data/fsdd/recordings/0_theo_13.wav,0,theo,13,3382
0_theo_14.wav,data/fsdd/recordings/0_theo_14.wav,0,theo,14,2802
0_theo_15.wav,data/fsdd/recordings/0_theo_15.wav,0,theo,15,3338
0_theo_16.wav,data/fsdd/recordings/0_theo_16.wav,0,theo,16,3388
0_theo_17.wav,data/fsdd/recordings/0_theo_17.wav,0,theo,17,3009
0_theo_18.wav,data/fsdd/recordings/0_theo_18.wav,0,theo,18,3232
0_theo_19.wav,data/fsdd/recordings/0_theo_19.wav,0,theo,19,3745
0_theo_2.wav,data/fsdd/recordings/0_theo_2.wav,0,theo,2,2732
0_theo_20.wav,data/fsdd/recordings/0_theo_20.wav,0,theo,20,3489
0_theo_21.wav,data/fsdd/recordings/0_theo_21.wav,0,theo,21,2950
0_theo_22.wav,data/fsdd/recordings/0_theo_22.wav,0,theo,22,4543
0_theo_23.wav,data/fsdd/recordings/0_theo_23.wav,0,theo,23,3428
0_theo_24.wav,data/fsdd/recordings/0_theo_24.wav,0,theo,24,3441
0_theo_25.wav,data/fsdd/recordings/0_theo_25.wav,0,theo,25,3733
0_theo_26.wav,data/fsdd/recordings/0_theo_26.wav,0,theo,26,3829
0_theo_27.wav,data/fsdd/recordings/0_theo_27.wav,0,theo,27,4192
0_theo_28.wav,data/fsdd/recordings/0_theo_28.wav,0,theo,28,4808
0_theo_29.wav,data/fsdd/recordings/0_theo_29.wav,0,theo,29,3779
0_theo_3.wav,data/fsdd/recordings/0_theo_3.wav,0,theo,3,2710
0_theo_30.wav,data/fsdd/recordings/0_theo_30.wav,0,theo,30,4275
0_theo_31.wav,data/fsdd/recordings/0_theo_31.wav,0,theo,31,4087
0_theo_32.wav,data/fsdd/recordings/0_theo_32.wav,0,theo,32,2261
0_theo_33.wav,data/fsdd/recordings/0_theo_33.wav,0,theo,33,5525
0_theo_34.wav,data/fsdd/recordings/0_theo_34.wav,0,theo,34,4231
0_theo_35.wav,data/fsdd/recordings/0_theo_35.wav,0,theo,35,4495
0_theo_36.wav,data/fsdd/recordings/0_theo_36.wav,0,theo,36,3611
0_theo_37.wav,data/fsdd/recordings/0_theo_37.wav,0,theo,37,3255
0_theo_38.wav,data/fsdd/recordings/0_theo_38.wav,0,theo,38,4314
0_theo_39.wav,data/fsdd/recordings/0_theo_39.wav,0,theo,39,3375
0_theo_4.wav,data/fsdd/recordings/0_theo_4.wav,0,theo,4,3245
0_theo_40.wav,data/fsdd/recordings/0_theo_40.wav,0,theo,40,3331
0_theo_41.wav,data/fsdd/recordings/0_theo_41.wav,0,theo,41,3737
0_theo_42.wav,data/fsdd/recordings/0_theo_42.wav,0,theo,42,3887
0_theo_43.wav,data/fsdd/recordings/0_theo_43.wav,0,theo,43,3082
0_theo_44.wav,data/fsdd/recordings/0_theo_44.wav,0,theo,44,3964
0_theo_45.wav,data/fsdd/recordings/0_theo_45.wav,0,theo,45,3201
0_theo_46.wav,data/fsdd/recordings/0_theo_46.wav,0,theo,46,3199
0_theo_47.wav,data/fsdd/recordings/0_theo_47.wav,0,theo,47,3217
0_theo_48.wav,data/fsdd/recordings/0_theo_48.wav,0,theo,48,2865
0_theo_49.wav,data/fsdd/recordings/0_theo_49.wav,0,theo,49,2589
0_theo_5.wav,data/fsdd/recordings/0_theo_5.wav,0,theo,5,3311
0_theo_6.wav,data/fsdd/recordings/0_theo_6.wav,0,theo,6,3536
0_theo_7.wav,data/fsdd/recordings/0_theo_7.wav,0,theo,7,3203
0_theo_8.wav,data/fsdd/recordings/0_theo_8.wav,0,theo,8,2782
0_theo_9.wav,data/fsdd/recordings/0_theo_9.wav,0,theo,9,3096
0_yweweler_0.wav,data/fsdd/recordings/0_yweweler_0.wav,0,yweweler,0,3103
0_yweweler_1.wav,data/fsdd/recordings/0_yweweler_1.wav,0,yweweler,1,2644
0_yweweler_10.wav,data/fsdd/recordings/0_yweweler_10.wav,0,yweweler,10,3042
0_yweweler_11.wav,data/fsdd/recordings/0_yweweler_11.wav,0,yweweler,11,2967
0_yweweler_12.wav,data/fsdd/recordings/0_yweweler_12.wav,0,yweweler,12,3150
0_yweweler_13.wav,data/fsdd/recordings/0_yweweler_13.wav,0,yweweler,13,3443
0_yweweler_14.wav,data/fsdd/recordings/0_yweweler_14.wav,0,yweweler,14,3411
0_yweweler_15.wav,data/fsdd/recordings/0_yweweler_15.wav,0,yweweler,15,3410
0_yweweler_16.wav,data/fsdd/recordings/0_yweweler_16.wav,0,yweweler,16,2867
0_yweweler_17.wav,data/fsdd/recordings/0_yweweler_17.wav,0,yweweler,17,3181
0_yweweler_18.wav,data/fsdd/recordings/0_yweweler_18.wav,0,yweweler,18,3355
0_yweweler_19.wav,data/fsdd/recordings/0_yweweler_19.wav,0,yweweler,19,3748
0_yweweler_2.wav,data/fsdd/recordings/0_yweweler_2.wav,0,yweweler,2,2825
0_yweweler_20.wav,data/fsdd/recordings/0_yweweler_20.wav,0,yweweler,20,2707
0_yweweler_21.wav,data/fsdd/recordings/0_yweweler_21.wav,0,yweweler,21,2781
0_yweweler_22.wav,data/fsdd/recordings/0_yweweler_22.wav,0,yweweler,22,2695
0_yweweler_23.wav,data/fsdd/recordings/0_yweweler_23.wav,0,yweweler,23,2620
0_yweweler_24.wav,data/fsdd/recordings/0_yweweler_24.wav,0,yweweler,24,3053
0_yweweler_25.wav,data/fsdd/recordings/0_yweweler_25.wav,0,yweweler,25,3086
0_yweweler_26.wav,data/fsdd/recordings/0_yweweler_26.wav,0,yweweler,26,2888
0_yweweler_27.wav,data/fsdd/recordings/0_yweweler_27.wav,0,yweweler,27,2860
0_yweweler_28.wav,data/fsdd/recordings/0_yweweler_28.wav,0,yweweler,28,3361
0_yweweler_29.wav,data/fsdd/recordings/0_yweweler_29.wav,0,yweweler,29,3009
0_yweweler_3.wav,data/fsdd/recordings/0_yweweler_3.wav,0,yweweler,3,2866
0_yweweler_30.wav,data/fsdd/recordings/0_yweweler_30.wav,0,yweweler,30,3224
0_yweweler_31.wav,data/fsdd/recordings/0_yweweler_31.wav,0,yweweler,31,2612
0_yweweler_32.wav,data/fsdd/recordings/0_yweweler_32.wav,0,yweweler,32,2843
0_yweweler_33.wav,data/fsdd/recordings/0_yweweler_33.wav,0,yweweler,33,3957
0_yweweler_34.wav,data/fsdd/recordings/0_yweweler_34.wav,0,yweweler,34,2942
0_yweweler_35.wav,data/fsdd/recordings/0_yweweler_35.wav,0,yweweler,35,3096
0_yweweler_36.wav,data/fsdd/recordings/0_yweweler_36.wav,0,yweweler,36,3633
0_yweweler_37.wav,data/fsdd/recordings/0_yweweler_37.wav,0,yweweler,37,3030
0_yweweler_38.wav,data/fsdd/recordings/0_yweweler_38.wav,0,yweweler,38,3290
0_yweweler_39.wav,data/fsdd/recordings/0_yweweler_39.wav,0,yweweler,39,3540
0_yweweler_4.wav,data/fsdd/recordings/0_yweweler_4.wav,0,yweweler,4,2531
0_yweweler_40.wav,data/fsdd/recordings/0_yweweler_40.wav,0,yweweler,40,3604
0_yweweler_41.wav,data/fsdd/recordings/0_yweweler_41.wav,0,yweweler,41,2657
0_yweweler_42.wav,data/fsdd/recordings/0_yweweler_42.wav,0,yweweler,42,3410
0_yweweler_43.wav,data/fsdd/recordings/0_yweweler_43.wav,0,yweweler,43,2752
0_yweweler_44.wav,data/fsdd/recordings/0_yweweler_44.wav,0,yweweler,44,2529
0_yweweler_45.wav,data/fsdd/recordings/0_yweweler_45.wav,0,yweweler,45,2814
0_yweweler_46.wav,data/fsdd/recordings/0_yweweler_46.wav,0,yweweler,46,2347
0_yweweler_47.wav,data/fsdd/recordings/0_yweweler_47.wav,0,yweweler,47,2760
0_yweweler_48.wav,data/fsdd/recordings/0_yweweler_48.wav,0,yweweler,48,3138
0_yweweler_49.wav,data/fsdd/recordings/0_yweweler_49.wav,0,yweweler,49,3137
0_yweweler_5.wav,data/fsdd/recordings/0_yweweler_5.wav,0,yweweler,5,3227
0_yweweler_6.wav,data/fsdd/recordings/0_yweweler_6.wav,0,yweweler,6,3175
0_yweweler_7.wav,data/fsdd/recordings/0_yweweler_7.wav,0,yweweler,7,3135
0_yweweler_8.wav,data/fsdd/recordings/0_yweweler_8.wav,0,yweweler,8,2686
0_yweweler_9.wav,data/fsdd/recordings/0_yweweler_9.wav,0,yweweler,9,2854
1_lucas_0.wav,data/fsdd/recordings/1_lucas_0.wav,1,lucas,0,3022
1_lucas_1.wav,data/fsdd/recordings/1_lucas_1.wav,1,lucas,1,3200
1_lucas_10.wav,data/fsdd/recordings/1_lucas_10.wav,1,lucas,10,3051
1_lucas_11.wav,data/fsdd/recordings/1_lucas_11.wav,1,lucas,11,3573
1_lucas_12.wav,data/fsdd/recordings/1_lucas_12.wav,1,lucas,12,3791
1_lucas_13.wav,data/fsdd/recordings/1_lucas_13.wav,1,lucas,13,7532
1_lucas_14.wav,data/fsdd/recordings/1_lucas_14.wav,1,lucas,14,3590
1_lucas_15.wav,data/fsdd/recordings/1_lucas_15.wav,1,lucas,15,3244
1_lucas_16.wav,data/fsdd/recordings/1_lucas_16.wav,1,lucas,16,7140
1_lucas_17.wav,data/fsdd/recordings/1_lucas_17.wav,1,lucas,17,3498
1_lucas_18.wav,data/fsdd/recordings/1_lucas_18.wav,1,lucas,18,6184
1_lucas_19.wav,data/fsdd/recordings/1_lucas_19.wav,1,lucas,19,4005
1_lucas_2.wav,data/fsdd/recordings/1_lucas_2.wav,1,lucas,2,3262
1_lucas_20.wav,data/fsdd/recordings/1_lucas_20.wav,1,lucas,20,2990
1_lucas_21.wav,data/fsdd/recordings/1_lucas_21.wav,1,lucas,21,5457
1_lucas_22.wav,data/fsdd/recordings/1_lucas_22.wav,1,lucas,22,3581
1_lucas_23.wav,data/fsdd/recordings/1_lucas_23.wav,1,lucas,23,3453
1_lucas_24.wav,data/fsdd/recordings/1_lucas_24.wav,1,lucas,24,4921
1_lucas_25.wav,data/fsdd/recordings/1_lucas_25.wav,1,lucas,25,3270
1_lucas_26.wav,data/fsdd/recordings/1_lucas_26.wav,1,lucas,26,3365
1_lucas_27.wav,data/fsdd/recordings/1_lucas_27.wav,1,lucas,27,1983
1_lucas_28.wav,data/fsdd/recordings/1_lucas_28.wav,1,lucas,28,2704
1_lucas_29.wav,data/fsdd/recordings/1_lucas_29.wav,1,lucas,29,3522
1_lucas_3.wav,data/fsdd/recordings/1_lucas_3.wav,1,lucas,3,6406
1_lucas_30.wav,data/fsdd/recordings/1_lucas_30.wav,1,lucas,30,4147
1_lucas_31.wav,data/fsdd/recordings/1_lucas_31.wav,1,lucas,31,3772
1_lucas_32.wav,data/fsdd/recordings/1_lucas_32.wav,1,lucas,32,5419
1_lucas_33.wav,data/fsdd/recordings/1_lucas_33.wav,1,lucas,33,8036
1_lucas_34.wav,data/fsdd/recordings/1_lucas_34.wav,1,lucas,34,3615
1_lucas_35.wav,data/fsdd/recordings/1_lucas_35.wav,1,lucas,35,3498
1_lucas_36.wav,data/fsdd/recordings/1_lucas_36.wav,1,lucas,36,5918
1_lucas_37.wav,data/fsdd/recordings/1_lucas_37.wav,1,lucas,37,3374
1_lucas_38.wav,data/fsdd/recordings/1_lucas_38.wav,1,lucas,38,3687
1_lucas_39.wav,data/fsdd/recordings/1_lucas_39.wav,1,lucas,39,3409
1_lucas_4.wav,data/fsdd/recordings/1_lucas_4.wav,1,lucas,4,3079
1_lucas_40.wav,data/fsdd/recordings/1_lucas_40.wav,1,lucas,40,5246
1_lucas_41.wav,data/fsdd/recordings/1_lucas_41.wav,1,lucas,41,5976
1_lucas_42.wav,data/fsdd/recordings/1_lucas_42.wav,1,lucas,42,4258
1_lucas_43.wav,data/fsdd/recordings/1_lucas_43.wav,1,lucas,43,5693
1_lucas_44.wav,data/fsdd/recordings/1_lucas_44.wav,1,lucas,44,4114
1_lucas_45.wav,data/fsdd/recordings/1_lucas_45.wav,1,lucas,45,3285
1_lucas_46.wav,data/fsdd/recordings/1_lucas_46.wav,1,lucas,46,2976
1_lucas_47.wav,data/fsdd/recordings/1_lucas_47.wav,1,lucas,47,3599
1_lucas_48.wav,data/fsdd/recordings/1_lucas_48.wav,1,lucas,48,2080
1_lucas_49.wav,data/fsdd/recordings/1_lucas_49.wav,1,lucas,49,3233
1_lucas_5.wav,data/fsdd/recordings/1_lucas_5.wav,1,lucas,5,2696
1_lucas_6.wav,data/fsdd/recordings/1_lucas_6.wav,1,lucas,6,3465
1_lucas_7.wav,data/fsdd/recordings/1_lucas_7.wav,1,lucas,7,3749
1_lucas_8.wav,data/fsdd/recordings/1_lucas_8.wav,1,lucas,8,3866
1_lucas_9.wav,data/fsdd/recordings/1_lucas_9.wav,1,lucas,9,3767
1_nicolas_0.wav,data/fsdd/recordings/1_nicolas_0.wav,1,nicolas,0,2929
1_nicolas_1.wav,data/fsdd/recordings/1_nicolas_1.wav,1,nicolas,1,2324
1_nicolas_10.wav,data/fsdd/recordings/1_nicolas_10.wav,1,nicolas,10,2910
1_nicolas_11.wav,data/fsdd/recordings/1_nicolas_11.wav,1,nicolas,11,2980
1_nicolas_12.wav,data/fsdd/recordings/1_nicolas_12.wav,1,nicolas,12,2700
1_nicolas_13.wav,data/fsdd/recordings/1_nicolas_13.wav,1,nicolas,13,2279
1_nicolas_14.wav,data/fsdd/recordings/1_nicolas_14.wav,1,nicolas,14,2560
1_nicolas_15.wav,data/fsdd/recordings/1_nicolas_15.wav,1,nicolas,15,2349
1_nicolas_16.wav,data/fsdd/recordings/1_nicolas_16.wav,1,nicolas,16,2384
1_nicolas_17.wav,data/fsdd/recordings/1_nicolas_17.wav,1,nicolas,17,2033
1_nicolas_18.wav,data/fsdd/recordings/1_nicolas_18.wav,1,nicolas,18,2490
1_nicolas_19.wav,data/fsdd/recordings/1_nicolas_19.wav,1,nicolas,19,1963
1_nicolas_2.wav,data/fsdd/recordings/1_nicolas_2.wav,1,nicolas,2,2087
1_nicolas_20.wav,data/fsdd/recordings/1_nicolas_20.wav,1,nicolas,20,2448
1_nicolas_21.wav,data/fsdd/recordings/1_nicolas_21.wav,1,nicolas,21,2483
1_nicolas_22.wav,data/fsdd/recordings/1_nicolas_22.wav,1,nicolas,22,2788
1_nicolas_23.wav,data/fsdd/recordings/1_nicolas_23.wav,1,nicolas,23,2550
1_nicolas_24.wav,data/fsdd/recordings/1_nicolas_24.wav,1,nicolas,24,2415
1_nicolas_25.wav,data/fsdd/recordings/1_nicolas_25.wav,1,nicolas,25,2652
1_nicolas_26.wav,data/fsdd/recordings/1_nicolas_26.wav,1,nicolas,26,2584
1_nicolas_27.wav,data/fsdd/recordings/1_nicolas_27.wav,1,nicolas,27,2007
1_nicolas_28.wav,data/fsdd/recordings/1_nicolas_28.wav,1,nicolas,28,2584
1_nicolas_29.wav,data/fsdd/recordings/1_nicolas_29.wav,1,nicolas,29,2550
1_nicolas_3.wav,data/fsdd/recordings/1_nicolas_3.wav,1,nicolas,3,2324
1_nicolas_30.wav,data/fsdd/recordings/1_nicolas_30.wav,1,nicolas,30,2454
1_nicolas_31.wav,data/fsdd/recordings/1_nicolas_31.wav,1,nicolas,31,2454
1_nicolas_32.wav,data/fsdd/recordings/1_nicolas_32.wav,1,nicolas,32,2584
1_nicolas_33.wav,data/fsdd/recordings/1_nicolas_33.wav,1,nicolas,33,3164
1_nicolas_34.wav,data/fsdd/recordings/1_nicolas_34.wav,1,nicolas,34,2261
1_nicolas_35.wav,data/fsdd/recordings/1_nicolas_35.wav,1,nicolas,35,2325
1_nicolas_36.wav,data/fsdd/recordings/1_nicolas_36.wav,1,nicolas,36,2744
1_nicolas_37.wav,data/fsdd/recordings/1_nicolas_37.wav,1,nicolas,37,2648
1_nicolas_38.wav,data/fsdd/recordings/1_nicolas_38.wav,1,nicolas,38,2454
1_nicolas_39.wav,data/fsdd/recordings/1_nicolas_39.wav,1,nicolas,39,2745
1_nicolas_4.wav,data/fsdd/recordings/1_nicolas_4.wav,1,nicolas,4,2357
1_nicolas_40.wav,data/fsdd/recordings/1_nicolas_40.wav,1,nicolas,40,2916
1_nicolas_41.wav,data/fsdd/recordings/1_nicolas_41.wav,1,nicolas,41,2495
1_nicolas_42.wav,data/fsdd/recordings/1_nicolas_42.wav,1,nicolas,42,2300
1_nicolas_43.wav,data/fsdd/recordings/1_nicolas_43.wav,1,nicolas,43,2528
1_nicolas_44.wav,data/fsdd/recordings/1_nicolas_44.wav,1,nicolas,44,2624
1_nicolas_45.wav,data/fsdd/recordings/1_nicolas_45.wav,1,nicolas,45,2430
1_nicolas_46.wav,data/fsdd/recordings/1_nicolas_46.wav,1,nicolas,46,2398
1_nicolas_47.wav,data/fsdd/recordings/1_nicolas_47.wav,1,nicolas,47,1976
1_nicolas_48.wav,data/fsdd/recordings/1_nicolas_48.wav,1,nicolas,48,2981
1_nicolas_49.wav,data/fsdd/recordings/1_nicolas_49.wav,1,nicolas,49,2106
1_nicolas_5.wav,data/fsdd/recordings/1_nicolas_5.wav,1,nicolas,5,2626
1_nicolas_6.wav,data/fsdd/recordings/1_nicolas_6.wav,1,nicolas,6,2324
1_nicolas_7.wav,data/fsdd/recordings/1_nicolas_7.wav,1,nicolas,7,2390
1_nicolas_8.wav,data/fsdd/recordings/1_nicolas_8.wav,1,nicolas,8,1987
1_nicolas_9.wav,data/fsdd/recordings/1_nicolas_9.wav,1,nicolas,9,2458
1_theo_0.wav,data/fsdd/recordings/1_theo_0.wav,1,theo,0,1886
1_theo_1.wav,data/fsdd/recordings/1_theo_1.wav,1,theo,1,1842
1_theo_10.wav,data/fsdd/recordings/1_theo_10.wav,1,theo,10,2155
1_theo_11.wav,data/fsdd/recordings/1_theo_11.wav,1,theo,11,1753
1_theo_12.wav,data/fsdd/recordings/1_theo_12.wav,1,theo,12,1870
1_theo_13.wav,data/fsdd/recordings/1_theo_13.wav,1,theo,13,2906
1_theo_14.wav,data/fsdd/recordings/1_theo_14.wav,1,theo,14,1976
1_theo_15.wav,data/fsdd/recordings/1_theo_15.wav,1,theo,15,1813
1_theo_16.wav,data/fsdd/recordings/1_theo_16.wav,1,theo,16,1891
1_theo_17.wav,data/fsdd/recordings/1_theo_17.wav,1,theo,17,2102
1_theo_18.wav,data/fsdd/recordings/1_theo_18.wav,1,theo,18,1788
1_theo_19.wav,data/fsdd/recordings/1_theo_19.wav,1,theo,19,2784
1_theo_2.wav,data/fsdd/recordings/1_theo_2.wav,1,theo,2,1556
1_theo_20.wav,data/fsdd/recordings/1_theo_20.wav,1,theo,20,2985
1_theo_21.wav,data/fsdd/recordings/1_theo_21.wav,1,theo,21,3981
1_theo_22.wav,data/fsdd/recordings/1_theo_22.wav,1,theo,22,4607
1_theo_23.wav,data/fsdd/recordings/1_theo_23.wav,1,theo,23,3634
1_theo_24.wav,data/fsdd/recordings/1_theo_24.wav,1,theo,24,2153
1_theo_25.wav,data/fsdd/recordings/1_theo_25.wav,1,theo,25,2086
1_theo_26.wav,data/fsdd/recordings/1_theo_26.wav,1,theo,26,2149
1_theo_27.wav,data/fsdd/recordings/1_theo_27.wav,1,theo,27,3829
1_theo_28.wav,data/fsdd/recordings/1_theo_28.wav,1,theo,28,4563
1_theo_29.wav,data/fsdd/recordings/1_theo_29.wav,1,theo,29,3585
1_theo_3.wav,data/fsdd/recordings/1_theo_3.wav,1,theo,3,1997
1_theo_30.wav,data/fsdd/recordings/1_theo_30.wav,1,theo,30,3506
1_theo_31.wav,data/fsdd/recordings/1_theo_31.wav,1,theo,31,6112
1_theo_32.wav,data/fsdd/recordings/1_theo_32.wav,1,theo,32,3906
1_theo_33.wav,data/fsdd/recordings/1_theo_33.wav,1,theo,33,3585
1_theo_34.wav,data/fsdd/recordings/1_theo_34.wav,1,theo,34,2204
1_theo_35.wav,data/fsdd/recordings/1_theo_35.wav,1,theo,35,3066
1_theo_36.wav,data/fsdd/recordings/1_theo_36.wav,1,theo,36,2244
1_theo_37.wav,data/fsdd/recordings/1_theo_37.wav,1,theo,37,2461
1_theo_38.wav,data/fsdd/recordings/1_theo_38.wav,1,theo,38,2153
1_theo_39.wav,data/fsdd/recordings/1_theo_39.wav,1,theo,39,2422
1_theo_4.wav,data/fsdd/recordings/1_theo_4.wav,1,theo,4,1720
1_theo_40.wav,data/fsdd/recordings/1_theo_40.wav,1,theo,40,2054
1_theo_41.wav,data/fsdd/recordings/1_theo_41.wav,1,theo,41,1692
1_theo_42.wav,data/fsdd/recordings/1_theo_42.wav,1,theo,42,3416
1_theo_43.wav,data/fsdd/recordings/1_theo_43.wav,1,theo,43,3236
1_theo_44.wav,data/fsdd/recordings/1_theo_44.wav,1,theo,44,2246
1_theo_45.wav,data/fsdd/recordings/1_theo_45.wav,1,theo,45,1565
1_theo_46.wav,data/fsdd/recordings/1_theo_46.wav,1,theo,46,2238
1_theo_47.wav,data/fsdd/recordings/1_theo_47.wav,1,theo,47,2226
1_theo_48.wav,data/fsdd/recordings/1_theo_48.wav,1,theo,48,3007
1_theo_49.wav,data/fsdd/recordings/1_theo_49.wav,1,theo,49,2456
1_theo_5.wav,data/fsdd/recordings/1_theo_5.wav,1,theo,5,1737
1_theo_6.wav,data/fsdd/recordings/1_theo_6.wav,1,theo,6,1760
1_theo_7.wav,data/fsdd/recordings/1_theo_7.wav,1,theo,7,2458
1_theo_8.wav,data/fsdd/recordings/1_theo_8.wav,1,theo,8,2057
1_theo_9.wav,data/fsdd/recordings/1_theo_9.wav,1,theo,9,1890
1_yweweler_0.wav,data/fsdd/recordings/1_yweweler_0.wav,1,yweweler,0,3355
1_yweweler_1.wav,data/fsdd/recordings/1_yweweler_1.wav,1,yweweler,1,1785
1_yweweler_10.wav,data/fsdd/recordings/1_yweweler_10.wav,1,yweweler,10,2245
1_yweweler_11.wav,data/fsdd/recordings/1_yweweler_11.wav,1,yweweler,11,2716
1_yweweler_12.wav,data/fsdd/recordings/1_yweweler_12.wav,1,yweweler,12,2937
1_yweweler_13.wav,data/fsdd/recordings/1_yweweler_13.wav,1,yweweler,13,2744
1_yweweler_14.wav,data/fsdd/recordings/1_yweweler_14.wav,1,yweweler,14,2330
1_yweweler_15.wav,data/fsdd/recordings/1_yweweler_15.wav,1,yweweler,15,4113
1_yweweler_16.wav,data/fsdd/recordings/1_yweweler_16.wav,1,yweweler,16,2760
1_yweweler_17.wav,data/fsdd/recordings/1_yweweler_17.wav,1,yweweler,17,2373
1_yweweler_18.wav,data/fsdd/recordings/1_yweweler_18.wav,1,yweweler,18,2777
1_yweweler_19.wav,data/fsdd/recordings/1_yweweler_19.wav,1,yweweler,19,2775
1_yweweler_2.wav,data/fsdd/recordings/1_yweweler_2.wav,1,yweweler,2,2681
1_yweweler_20.wav,data/fsdd/recordings/1_yweweler_20.wav,1,yweweler,20,2928
1_yweweler_21.wav,data/fsdd/recordings/1_yweweler_21.wav,1,yweweler,21,2623
1_yweweler_22.wav,data/fsdd/recordings/1_yweweler_22.wav,1,yweweler,22,2497
1_yweweler_23.wav,data/fsdd/recordings/1_yweweler_23.wav,1,yweweler,23,2613
1_yweweler_24.wav,data/fsdd/recordings/1_yweweler_24.wav,1,yweweler,24,2441
1_yweweler_25.wav,data/fsdd/recordings/1_yweweler_25.wav,1,yweweler,25,2119
1_yweweler_26.wav,data/fsdd/recordings/1_yweweler_26.wav,1,yweweler,26,3052
1_yweweler_27.wav,data/fsdd/recordings/1_yweweler_27.wav,1,yweweler,27,2234
1_yweweler_28.wav,data/fsdd/recordings/1_yweweler_28.wav,1,yweweler,28,2220
1_yweweler_29.wav,data/fsdd/recordings/1_yweweler_29.wav,1,yweweler,29,2758
1_yweweler_3.wav,data/fsdd/recordings/1_yweweler_3.wav,1,yweweler,3,2481
1_yweweler_30.wav,data/fsdd/recordings/1_yweweler_30.wav,1,yweweler,30,2704
1_yweweler_31.wav,data/fsdd/recordings/1_yweweler_31.wav,1,yweweler,31,3117
1_yweweler_32.wav,data/fsdd/recordings/1_yweweler_32.wav,1,yweweler,32,2161
1_yweweler_33.wav,data/fsdd/recordings/1_yweweler_33.wav,1,yweweler,33,3450
1_yweweler_34.wav,data/fsdd/recordings/1_yweweler_34.wav,1,yweweler,34,2634
1_yweweler_35.wav,data/fsdd/recordings/1_yweweler_35.wav,1,yweweler,35,2016
1_yweweler_36.wav,data/fsdd/recordings/1_yweweler_36.wav,1,yweweler,36,2797
1_yweweler_37.wav,data/fsdd/recordings/1_yweweler_37.wav,1,yweweler,37,3723
1_yweweler_38.wav,data/fsdd/recordings/1_yweweler_38.wav,1,yweweler,38,2941
1_yweweler_39.wav,data/fsdd/recordings/1_yweweler_39.wav,1,yweweler,39,2619
1_yweweler_4.wav,data/fsdd/recordings/1_yweweler_4.wav,1,yweweler,4,2407
1_yweweler_40.wav,data/fsdd/recordings/1_yweweler_40.wav,1,yweweler,40,2869
1_yweweler_41.wav,data/fsdd/recordings/1_yweweler_41.wav,1,yweweler,41,3275
1_yweweler_42.wav,data/fsdd/recordings/1_yweweler_42.wav,1,yweweler,42,2764
1_yweweler_43.wav,data/fsdd/recordings/1_yweweler_43.wav,1,yweweler,43,2835
1_yweweler_44.wav,data/fsdd/recordings/1_yweweler_44.wav,1,yweweler,44,2468
1_yweweler_45.wav,data/fsdd/recordings/1_yweweler_45.wav,1,yweweler,45,2935
1_yweweler_46.wav,data/fsdd/recordings/1_yweweler_46.wav,1,yweweler,46,3092
1_yweweler_47.wav,data/fsdd/recordings/1_yweweler_47.wav,1,yweweler,47,2821
1_yweweler_48.wav,data/fsdd/recordings/1_yweweler_48.wav,1,yweweler,48,3275
1_yweweler_49.wav,data/fsdd/recordings/1_yweweler_49.wav,1,yweweler,49,3293
1_yweweler_5.wav,data/fsdd/recordings/1_yweweler_5.wav,1,yweweler,5,2623
1_yweweler_6.wav,data/fsdd/recordings/1_yweweler_6.wav,1,yweweler,6,2097
1_yweweler_7.wav,data/fsdd/recordings/1_yweweler_7.wav,1,yweweler,7,2158
1_yweweler_8.wav,data/fsdd/recordings/1_yweweler_8.wav,1,yweweler,8,2049
1_yweweler_9.wav,data/fsdd/recordings/1_yweweler_9.wav,1,yweweler,9,2165
2_lucas_0.wav,data/fsdd/recordings/2_lucas_0.wav,2,lucas,0,2997
2_lucas_1.wav,data/fsdd/recordings/2_lucas_1.wav,2,lucas,1,3349
2_lucas_10.wav,data/fsdd/recordings/2_lucas_10.wav,2,lucas,10,3345
2_lucas_11.wav,data/fsdd/recordings/2_lucas_11.wav,2,lucas,11,4233
2_lucas_12.wav,data/fsdd/recordings/2_lucas_12.wav,2,lucas,12,7348
2_lucas_13.wav,data/fsdd/recordings/2_lucas_13.wav,2,lucas,13,2960
2_lucas_14.wav,data/fsdd/recordings/2_lucas_14.wav,2,lucas,14,3629
2_lucas_15.wav,data/fsdd/recordings/2_lucas_15.wav,2,lucas,15,4038
2_lucas_16.wav,data/fsdd/recordings/2_lucas_16.wav,2,lucas,16,7667
2_lucas_17.wav,data/fsdd/recordings/2_lucas_17.wav,2,lucas,17,4187
2_lucas_18.wav,data/fsdd/recordings/2_lucas_18.wav,2,lucas,18,3353
2_lucas_19.wav,data/fsdd/recordings/2_lucas_19.wav,2,lucas,19,2901
2_lucas_2.wav,data/fsdd/recordings/2_lucas_2.wav,2,lucas,2,3479
2_lucas_20.wav,data/fsdd/recordings/2_lucas_20.wav,2,lucas,20,2905
2_lucas_21.wav,data/fsdd/recordings/2_lucas_21.wav,2,lucas,21,4338
2_lucas_22.wav,data/fsdd/recordings/2_lucas_22.wav,2,lucas,22,3594
2_lucas_23.wav,data/fsdd/recordings/2_lucas_23.wav,2,lucas,23,3315
2_lucas_24.wav,data/fsdd/recordings/2_lucas_24.wav,2,lucas,24,3329
2_lucas_25.wav,data/fsdd/recordings/2_lucas_25.wav,2,lucas,25,5829
2_lucas_26.wav,data/fsdd/recordings/2_lucas_26.wav,2,lucas,26,3859
2_lucas_27.wav,data/fsdd/recordings/2_lucas_27.wav,2,lucas,27,3840
2_lucas_28.wav,data/fsdd/recordings/2_lucas_28.wav,2,lucas,28,3467
2_lucas_29.wav,data/fsdd/recordings/2_lucas_29.wav,2,lucas,29,3932
2_lucas_3.wav,data/fsdd/recordings/2_lucas_3.wav,2,lucas,3,3394
2_lucas_30.wav,data/fsdd/recordings/2_lucas_30.wav,2,lucas,30,4543
2_lucas_31.wav,data/fsdd/recordings/2_lucas_31.wav,2,lucas,31,4895
2_lucas_32.wav,data/fsdd/recordings/2_lucas_32.wav,2,lucas,32,3181
2_lucas_33.wav,data/fsdd/recordings/2_lucas_33.wav,2,lucas,33,3137
2_lucas_34.wav,data/fsdd/recordings/2_lucas_34.wav,2,lucas,34,4144
2_lucas_35.wav,data/fsdd/recordings/2_lucas_35.wav,2,lucas,35,3119
2_lucas_36.wav,data/fsdd/recordings/2_lucas_36.wav,2,lucas,36,4289
2_lucas_37.wav,data/fsdd/recordings/2_lucas_37.wav,2,lucas,37,3104
2_lucas_38.wav,data/fsdd/recordings/2_lucas_38.wav,2,lucas,38,4485
2_lucas_39.wav,data/fsdd/recordings/2_lucas_39.wav,2,lucas,39,3005
2_lucas_4.wav,data/fsdd/recordings/2_lucas_4.wav,2,lucas,4,3364
2_lucas_40.wav,data/fsdd/recordings/2_lucas_40.wav,2,lucas,40,3586
2_lucas_41.wav,data/fsdd/recordings/2_lucas_41.wav,2,lucas,41,4139
2_lucas_42.wav,data/fsdd/recordings/2_lucas_42.wav,2,lucas,42,3822
2_lucas_43.wav,data/fsdd/recordings/2_lucas_43.wav,2,lucas,43,3468
2_lucas_44.wav,data/fsdd/recordings/2_lucas_44.wav,2,lucas,44,4305
2_lucas_45.wav,data/fsdd/recordings/2_lucas_45.wav,2,lucas,45,3999
2_lucas_46.wav,data/fsdd/recordings/2_lucas_46.wav,2,lucas,46,7807
2_lucas_47.wav,data/fsdd/recordings/2_lucas_47.wav,2,lucas,47,3424
2_lucas_48.wav,data/fsdd/recordings/2_lucas_48.wav,2,lucas,48,4645
2_lucas_49.wav,data/fsdd/recordings/2_lucas_49.wav,2,lucas,49,9707
2_lucas_5.wav,data/fsdd/recordings/2_lucas_5.wav,2,lucas,5,3244
2_lucas_6.wav,data/fsdd/recordings/2_lucas_6.wav,2,lucas,6,4163
2_lucas_7.wav,data/fsdd/recordings/2_lucas_7.wav,2,lucas,7,3755
2_lucas_8.wav,data/fsdd/recordings/2_lucas_8.wav,2,lucas,8,3412
2_lucas_9.wav,data/fsdd/recordings/2_lucas_9.wav,2,lucas,9,7845
2_nicolas_0.wav,data/fsdd/recordings/2_nicolas_0.wav,2,nicolas,0,2856
2_nicolas_1.wav,data/fsdd/recordings/2_nicolas_1.wav,2,nicolas,1,2385
2_nicolas_10.wav,data/fsdd/recordings/2_nicolas_10.wav,2,nicolas,10,2545
2_nicolas_11.wav,data/fsdd/recordings/2_nicolas_11.wav,2,nicolas,11,2744
2_nicolas_12.wav,data/fsdd/recordings/2_nicolas_12.wav,2,nicolas,12,2149
2_nicolas_13.wav,data/fsdd/recordings/2_nicolas_13.wav,2,nicolas,13,2479
2_nicolas_14.wav,data/fsdd/recordings/2_nicolas_14.wav,2,nicolas,14,2711
2_nicolas_15.wav,data/fsdd/recordings/2_nicolas_15.wav,2,nicolas,15,2677
2_nicolas_16.wav,data/fsdd/recordings/2_nicolas_16.wav,2,nicolas,16,2645
2_nicolas_17.wav,data/fsdd/recordings/2_nicolas_17.wav,2,nicolas,17,2446
2_nicolas_18.wav,data/fsdd/recordings/2_nicolas_18.wav,2,nicolas,18,3174
2_nicolas_19.wav,data/fsdd/recordings/2_nicolas_19.wav,2,nicolas,19,2016
2_nicolas_2.wav,data/fsdd/recordings/2_nicolas_2.wav,2,nicolas,2,2918
2_nicolas_20.wav,data/fsdd/recordings/2_nicolas_20.wav,2,nicolas,20,2240
2_nicolas_21.wav,data/fsdd/recordings/2_nicolas_21.wav,2,nicolas,21,1493
2_nicolas_22.wav,data/fsdd/recordings/2_nicolas_22.wav,2,nicolas,22,2768
2_nicolas_23.wav,data/fsdd/recordings/2_nicolas_23.wav,2,nicolas,23,1525
2_nicolas_24.wav,data/fsdd/recordings/2_nicolas_24.wav,2,nicolas,24,1742
2_nicolas_25.wav,data/fsdd/recordings/2_nicolas_25.wav,2,nicolas,25,2862
2_nicolas_26.wav,data/fsdd/recordings/2_nicolas_26.wav,2,nicolas,26,2302
2_nicolas_27.wav,data/fsdd/recordings/2_nicolas_27.wav,2,nicolas,27,1866
2_nicolas_28.wav,data/fsdd/recordings/2_nicolas_28.wav,2,nicolas,28,2924
2_nicolas_29.wav,data/fsdd/recordings/2_nicolas_29.wav,2,nicolas,29,2427
2_nicolas_3.wav,data/fsdd/recordings/2_nicolas_3.wav,2,nicolas,3,1914
2_nicolas_30.wav,data/fsdd/recordings/2_nicolas_30.wav,2,nicolas,30,2208
2_nicolas_31.wav,data/fsdd/recordings/2_nicolas_31.wav,2,nicolas,31,1568
2_nicolas_32.wav,data/fsdd/recordings/2_nicolas_32.wav,2,nicolas,32,1627
2_nicolas_33.wav,data/fsdd/recordings/2_nicolas_33.wav,2,nicolas,33,1772
2_nicolas_34.wav,data/fsdd/recordings/2_nicolas_34.wav,2,nicolas,34,2498
2_nicolas_35.wav,data/fsdd/recordings/2_nicolas_35.wav,2,nicolas,35,2730
2_nicolas_36.wav,data/fsdd/recordings/2_nicolas_36.wav,2,nicolas,36,2615
2_nicolas_37.wav,data/fsdd/recordings/2_nicolas_37.wav,2,nicolas,37,1597
2_nicolas_38.wav,data/fsdd/recordings/2_nicolas_38.wav,2,nicolas,38,2789
2_nicolas_39.wav,data/fsdd/recordings/2_nicolas_39.wav,2,nicolas,39,1801
2_nicolas_4.wav,data/fsdd/recordings/2_nicolas_4.wav,2,nicolas,4,2667
2_nicolas_40.wav,data/fsdd/recordings/2_nicolas_40.wav,2,nicolas,40,2754
2_nicolas_41.wav,data/fsdd/recordings/2_nicolas_41.wav,2,nicolas,41,2878
2_nicolas_42.wav,data/fsdd/recordings/2_nicolas_42.wav,2,nicolas,42,2382
2_nicolas_43.wav,data/fsdd/recordings/2_nicolas_43.wav,2,nicolas,43,2569
2_nicolas_44.wav,data/fsdd/recordings/2_nicolas_44.wav,2,nicolas,44,2506
2_nicolas_45.wav,data/fsdd/recordings/2_nicolas_45.wav,2,nicolas,45,2259
2_nicolas_46.wav,data/fsdd/recordings/2_nicolas_46.wav,2,nicolas,46,2228
2_nicolas_47.wav,data/fsdd/recordings/2_nicolas_47.wav,2,nicolas,47,3372
2_nicolas_48.wav,data/fsdd/recordings/2_nicolas_48.wav,2,nicolas,48,3342
2_nicolas_49.wav,data/fsdd/recordings/2_nicolas_49.wav,2,nicolas,49,2878
2_nicolas_5.wav,data/fsdd/recordings/2_nicolas_5.wav,2,nicolas,5,1475
2_nicolas_6.wav,data/fsdd/recordings/2_nicolas_6.wav,2,nicolas,6,1852
2_nicolas_7.wav,data/fsdd/recordings/2_nicolas_7.wav,2,nicolas,7,2322
2_nicolas_8.wav,data/fsdd/recordings/2_nicolas_8.wav,2,nicolas,8,1914
2_nicolas_9.wav,data/fsdd/recordings/2_nicolas_9.wav,2,nicolas,9,2824
2_theo_0.wav,data/fsdd/recordings/2_theo_0.wav,2,theo,0,1953
2_theo_1.wav,data/fsdd/recordings/2_theo_1.wav,2,theo,1,1819
2_theo_10.wav,data/fsdd/recordings/2_theo_10.wav,2,theo,10,1664
2_theo_11.wav,data/fsdd/recordings/2_theo_11.wav,2,theo,11,1962
2_theo_12.wav,data/fsdd/recordings/2_theo_12.wav,2,theo,12,2273
2_theo_13.wav,data/fsdd/recordings/2_theo_13.wav,2,theo,13,2064
2_theo_14.wav,data/fsdd/recordings/2_theo_14.wav,2,theo,14,2098
2_theo_15.wav,data/fsdd/recordings/2_theo_15.wav,2,theo,15,2104
2_theo_16.wav,data/fsdd/recordings/2_theo_16.wav,2,theo,16,3850
2_theo_17.wav,data/fsdd/recordings/2_theo_17.wav,2,theo,17,2663
2_theo_18.wav,data/fsdd/recordings/2_theo_18.wav,2,theo,18,1639
2_theo_19.wav,data/fsdd/recordings/2_theo_19.wav,2,theo,19,3865
2_theo_2.wav,data/fsdd/recordings/2_theo_2.wav,2,theo,2,4216
2_theo_20.wav,data/fsdd/recordings/2_theo_20.wav,2,theo,20,2958
2_theo_21.wav,data/fsdd/recordings/2_theo_21.wav,2,theo,21,3307
2_theo_22.wav,data/fsdd/recordings/2_theo_22.wav,2,theo,22,2907
2_theo_23.wav,data/fsdd/recordings/2_theo_23.wav,2,theo,23,3682
2_theo_24.wav,data/fsdd/recordings/2_theo_24.wav,2,theo,24,5167
2_theo_25.wav,data/fsdd/recordings/2_theo_25.wav,2,theo,25,5324
2_theo_26.wav,data/fsdd/recordings/2_theo_26.wav,2,theo,26,4984
2_theo_27.wav,data/fsdd/recordings/2_theo_27.wav,2,theo,27,3548
2_theo_28.wav,data/fsdd/recordings/2_theo_28.wav,2,theo,28,3089
2_theo_29.wav,data/fsdd/recordings/2_theo_29.wav,2,theo,29,3403
2_theo_3.wav,data/fsdd/recordings/2_theo_3.wav,2,theo,3,1601
2_theo_30.wav,data/fsdd/recordings/2_theo_30.wav,2,theo,30,2068
2_theo_31.wav,data/fsdd/recordings/2_theo_31.wav,2,theo,31,2673
2_theo_32.wav,data/fsdd/recordings/2_theo_32.wav,2,theo,32,2185
2_theo_33.wav,data/fsdd/recordings/2_theo_33.wav,2,theo,33,2247
2_theo_34.wav,data/fsdd/recordings/2_theo_34.wav,2,theo,34,1288
2_theo_35.wav,data/fsdd/recordings/2_theo_35.wav,2,theo,35,2153
2_theo_36.wav,data/fsdd/recordings/2_theo_36.wav,2,theo,36,2190
2_theo_37.wav,data/fsdd/recordings/2_theo_37.wav,2,theo,37,2139
2_theo_38.wav,data/fsdd/recordings/2_theo_38.wav,2,theo,38,2869
2_theo_39.wav,data/fsdd/recordings/2_theo_39.wav,2,theo,39,2226
2_theo_4.wav,data/fsdd/recordings/2_theo_4.wav,2,theo,4,2129
2_theo_40.wav,data/fsdd/recordings/2_theo_40.wav,2,theo,40,1910
2_theo_41.wav,data/fsdd/recordings/2_theo_41.wav,2,theo,41,2264
2_theo_42.wav,data/fsdd/recordings/2_theo_42.wav,2,theo,42,2112
2_theo_43.wav,data/fsdd/recordings/2_theo_43.wav,2,theo,43,1854
2_theo_44.wav,data/fsdd/recordings/2_theo_44.wav,2,theo,44,1807
2_theo_45.wav,data/fsdd/recordings/2_theo_45.wav,2,theo,45,2121
2_theo_46.wav,data/fsdd/recordings/2_theo_46.wav,2,theo,46,2078
2_theo_47.wav,data/fsdd/recordings/2_theo_47.wav,2,theo,47,1704
2_theo_48.wav,data/fsdd/recordings/2_theo_48.wav,2,theo,48,1896
2_theo_49.wav,data/fsdd/recordings/2_theo_49.wav,2,theo,49,2042
2_theo_5.wav,data/fsdd/recordings/2_theo_5.wav,2,theo,5,2192
2_theo_6.wav,data/fsdd/recordings/2_theo_6.wav,2,theo,6,1854
2_theo_7.wav,data/fsdd/recordings/2_theo_7.wav,2,theo,7,2037
2_theo_8.wav,data/fsdd/recordings/2_theo_8.wav,2,theo,8,2146
2_theo_9.wav,data/fsdd/recordings/2_theo_9.wav,2,theo,9,1943
2_yweweler_0.wav,data/fsdd/recordings/2_yweweler_0.wav,2,yweweler,0,2199
2_yweweler_1.wav,data/fsdd/recordings/2_yweweler_1.wav,2,yweweler,1,2430
2_yweweler_10.wav,data/fsdd/recordings/2_yweweler_10.wav,2,yweweler,10,2123
2_yweweler_11.wav,data/fsdd/recordings/2_yweweler_11.wav,2,yweweler,11,2257
2_yweweler_12.wav,data/fsdd/recordings/2_yweweler_12.wav,2,yweweler,12,2194
2_yweweler_13.wav,data/fsdd/recordings/2_yweweler_13.wav,2,yweweler,13,2139
2_yweweler_14.wav,data/fsdd/recordings/2_yweweler_14.wav,2,yweweler,14,2485
2_yweweler_15.wav,data/fsdd/recordings/2_yweweler_15.wav,2,yweweler,15,2331
2_yweweler_16.wav,data/fsdd/recordings/2_yweweler_16.wav,2,yweweler,16,2566
2_yweweler_17.wav,data/fsdd/recordings/2_yweweler_17.wav,2,yweweler,17,2411
2_yweweler_18.wav,data/fsdd/recordings/2_yweweler_18.wav,2,yweweler,18,2402
2_yweweler_19.wav,data/fsdd/recordings/2_yweweler_19.wav,2,yweweler,19,2027
2_yweweler_2.wav,data/fsdd/recordings/2_yweweler_2.wav,2,yweweler,2,1906
2_yweweler_20.wav,data/fsdd/recordings/2_yweweler_20.wav,2,yweweler,20,2339
2_yweweler_21.wav,data/fsdd/recordings/2_yweweler_21.wav,2,yweweler,21,2455
2_yweweler_22.wav,data/fsdd/recordings/2_yweweler_22.wav,2,yweweler,22,2426
2_yweweler_23.wav,data/fsdd/recordings/2_yweweler_23.wav,2,yweweler,23,2403
2_yweweler_24.wav,data/fsdd/recordings/2_yweweler_24.wav,2,yweweler,24,2306
2_yweweler_25.wav,data/fsdd/recordings/2_yweweler_25.wav,2,yweweler,25,1900
2_yweweler_26.wav,data/fsdd/recordings/2_yweweler_26.wav,2,yweweler,26,2595
2_yweweler_27.wav,data/fsdd/recordings/2_yweweler_27.wav,2,yweweler,27,2648
2_yweweler_28.wav,data/fsdd/recordings/2_yweweler_28.wav,2,yweweler,28,2783
2_yweweler_29.wav,data/fsdd/recordings/2_yweweler_29.wav,2,yweweler,29,2794
2_yweweler_3.wav,data/fsdd/recordings/2_yweweler_3.wav,2,yweweler,3,2241
2_yweweler_30.wav,data/fsdd/recordings/2_yweweler_30.wav,2,yweweler,30,2310
2_yweweler_31.wav,data/fsdd/recordings/2_yweweler_31.wav,2,yweweler,31,2239
2_yweweler_32.wav,data/fsdd/recordings/2_yweweler_32.wav,2,yweweler,32,2441
2_yweweler_33.wav,data/fsdd/recordings/2_yweweler_33.wav,2,yweweler,33,2377
2_yweweler_34.wav,data/fsdd/recordings/2_yweweler_34.wav,2,yweweler,34,2610
2_yweweler_35.wav,data/fsdd/recordings/2_yweweler_35.wav,2,yweweler,35,2222
2_yweweler_36.wav,data/fsdd/recordings/2_yweweler_36.wav,2,yweweler,36,3325
2_yweweler_37.wav,data/fsdd/recordings/2_yweweler_37.wav,2,yweweler,37,3067
2_yweweler_38.wav,data/fsdd/recordings/2_yweweler_38.wav,2,yweweler,38,3158
2_yweweler_39.wav,data/fsdd/recordings/2_yweweler_39.wav,2,yweweler,39,2792
2_yweweler_4.wav,data/fsdd/recordings/2_yweweler_4.wav,2,yweweler,4,2328
2_yweweler_40.wav,data/fsdd/recordings/2_yweweler_40.wav,2,yweweler,40,2737
2_yweweler_41.wav,data/fsdd/recordings/2_yweweler_41.wav,2,yweweler,41,2479
2_yweweler_42.wav,data/fsdd/recordings/2_yweweler_42.wav,2,yweweler,42,2070
2_yweweler_43.wav,data/fsdd/recordings/2_yweweler_43.wav,2,yweweler,43,2278
2_yweweler_44.wav,data/fsdd/recordings/2_yweweler_44.wav,2,yweweler,44,2354
2_yweweler_45.wav,data/fsdd/recordings/2_yweweler_45.wav,2,yweweler,45,2034
2_yweweler_46.wav,data/fsdd/recordings/2_yweweler_46.wav,2,yweweler,46,2635
2_yweweler_47.wav,data/fsdd/recordings/2_yweweler_47.wav,2,yweweler,47,1973
2_yweweler_48.wav,data/fsdd/recordings/2_yweweler_48.wav,2,yweweler,48,2524
2_yweweler_49.wav,data/fsdd/recordings/2_yweweler_49.wav,2,yweweler,49,2416
2_yweweler_5.wav,data/fsdd/recordings/2_yweweler_5.wav,2,yweweler,5,2594
2_yweweler_6.wav,data/fsdd/recordings/2_yweweler_6.wav,2,yweweler,6,2517
2_yweweler_7.wav,data/fsdd/recordings/2_yweweler_7.wav,2,yweweler,7,2660
2_yweweler_8.wav,data/fsdd/recordings/2_yweweler_8.wav,2,yweweler,8,2199
2_yweweler_9.wav,data/fsdd/recordings/2_yweweler_9.wav,2,yweweler,9,2197
3_lucas_0.wav,data/fsdd/recordings/3_lucas_0.wav,3,lucas,0,4932
3_lucas_1.wav,data/fsdd/recordings/3_lucas_1.wav,3,lucas,1,4863
3_lucas_10.wav,data/fsdd/recordings/3_lucas_10.wav,3,lucas,10,4340
3_lucas_11.wav,data/fsdd/recordings/3_lucas_11.wav,3,lucas,11,4571
3_lucas_12.wav,data/fsdd/recordings/3_lucas_12.wav,3,lucas,12,5158
3_lucas_13.wav,data/fsdd/recordings/3_lucas_13.wav,3,lucas,13,4012
3_lucas_14.wav,data/fsdd/recordings/3_lucas_14.wav,3,lucas,14,5137
3_lucas_15.wav,data/fsdd/recordings/3_lucas_15.wav,3,lucas,15,4928
3_lucas_16.wav,data/fsdd/recordings/3_lucas_16.wav,3,lucas,16,6263
3_lucas_17.wav,data/fsdd/recordings/3_lucas_17.wav,3,lucas,17,4522
3_lucas_18.wav,data/fsdd/recordings/3_lucas_18.wav,3,lucas,18,5012
3_lucas_19.wav,data/fsdd/recordings/3_lucas_19.wav,3,lucas,19,4570
3_lucas_2.wav,data/fsdd/recordings/3_lucas_2.wav,3,lucas,2,4672
3_lucas_20.wav,data/fsdd/recordings/3_lucas_20.wav,3,lucas,20,4229
3_lucas_21.wav,data/fsdd/recordings/3_lucas_21.wav,3,lucas,21,3572
3_lucas_22.wav,data/fsdd/recordings/3_lucas_22.wav,3,lucas,22,5895
3_lucas_23.wav,data/fsdd/recordings/3_lucas_23.wav,3,lucas,23,4282
3_lucas_24.wav,data/fsdd/recordings/3_lucas_24.wav,3,lucas,24,5096
3_lucas_25.wav,data/fsdd/recordings/3_lucas_25.wav,3,lucas,25,5750
3_lucas_26.wav,data/fsdd/recordings/3_lucas_26.wav,3,lucas,26,5733
3_lucas_27.wav,data/fsdd/recordings/3_lucas_27.wav,3,lucas,27,3939
3_lucas_28.wav,data/fsdd/recordings/3_lucas_28.wav,3,lucas,28,4667
3_lucas_29.wav,data/fsdd/recordings/3_lucas_29.wav,3,lucas,29,5252
3_lucas_3.wav,data/fsdd/recordings/3_lucas_3.wav,3,lucas,3,3605
3_lucas_30.wav,data/fsdd/recordings/3_lucas_30.wav,3,lucas,30,4821
3_lucas_31.wav,data/fsdd/recordings/3_lucas_31.wav,3,lucas,31,5482
3_lucas_32.wav,data/fsdd/recordings/3_lucas_32.wav,3,lucas,32,5482
3_lucas_33.wav,data/fsdd/recordings/3_lucas_33.wav,3,lucas,33,4311
3_lucas_34.wav,data/fsdd/recordings/3_lucas_34.wav,3,lucas,34,5295
3_lucas_35.wav,data/fsdd/recordings/3_lucas_35.wav,3,lucas,35,5759
3_lucas_36.wav,data/fsdd/recordings/3_lucas_36.wav,3,lucas,36,7396
3_lucas_37.wav,data/fsdd/recordings/3_lucas_37.wav,3,lucas,37,4037
3_lucas_38.wav,data/fsdd/recordings/3_lucas_38.wav,3,lucas,38,3907
3_lucas_39.wav,data/fsdd/recordings/3_lucas_39.wav,3,lucas,39,3681
3_lucas_4.wav,data/fsdd/recordings/3_lucas_4.wav,3,lucas,4,4287
3_lucas_40.wav,data/fsdd/recordings/3_lucas_40.wav,3,lucas,40,4268
3_lucas_41.wav,data/fsdd/recordings/3_lucas_41.wav,3,lucas,41,5244
3_lucas_42.wav,data/fsdd/recordings/3_lucas_42.wav,3,lucas,42,4061
3_lucas_43.wav,data/fsdd/recordings/3_lucas_43.wav,3,lucas,43,5423
3_lucas_44.wav,data/fsdd/recordings/3_lucas_44.wav,3,lucas,44,4054
3_lucas_45.wav,data/fsdd/recordings/3_lucas_45.wav,3,lucas,45,4540
3_lucas_46.wav,data/fsdd/recordings/3_lucas_46.wav,3,lucas,46,5236
3_lucas_47.wav,data/fsdd/recordings/3_lucas_47.wav,3,lucas,47,3993
3_lucas_48.wav,data/fsdd/recordings/3_lucas_48.wav,3,lucas,48,4549
3_lucas_49.wav,data/fsdd/recordings/3_lucas_49.wav,3,lucas,49,4631
3_lucas_5.wav,data/fsdd/recordings/3_lucas_5.wav,3,lucas,5,4251
3_lucas_6.wav,data/fsdd/recordings/3_lucas_6.wav,3,lucas,6,5695
3_lucas_7.wav,data/fsdd/recordings/3_lucas_7.wav,3,lucas,7,10504
3_lucas_8.wav,data/fsdd/recordings/3_lucas_8.wav,3,lucas,8,4744
3_lucas_9.wav,data/fsdd/recordings/3_lucas_9.wav,3,lucas,9,10095
3_nicolas_0.wav,data/fsdd/recordings/3_nicolas_0.wav,3,nicolas,0,2644
3_nicolas_1.wav,data/fsdd/recordings/3_nicolas_1.wav,3,nicolas,1,2615
3_nicolas_10.wav,data/fsdd/recordings/3_nicolas_10.wav,3,nicolas,10,2754
3_nicolas_11.wav,data/fsdd/recordings/3_nicolas_11.wav,3,nicolas,11,2692
3_nicolas_12.wav,data/fsdd/recordings/3_nicolas_12.wav,3,nicolas,12,1640
3_nicolas_13.wav,data/fsdd/recordings/3_nicolas_13.wav,3,nicolas,13,1547
3_nicolas_14.wav,data/fsdd/recordings/3_nicolas_14.wav,3,nicolas,14,2506
3_nicolas_15.wav,data/fsdd/recordings/3_nicolas_15.wav,3,nicolas,15,2971
3_nicolas_16.wav,data/fsdd/recordings/3_nicolas_16.wav,3,nicolas,16,1516
3_nicolas_17.wav,data/fsdd/recordings/3_nicolas_17.wav,3,nicolas,17,1609
3_nicolas_18.wav,data/fsdd/recordings/3_nicolas_18.wav,3,nicolas,18,1640
3_nicolas_19.wav,data/fsdd/recordings/3_nicolas_19.wav,3,nicolas,19,1455
3_nicolas_2.wav,data/fsdd/recordings/3_nicolas_2.wav,3,nicolas,2,2067
3_nicolas_20.wav,data/fsdd/recordings/3_nicolas_20.wav,3,nicolas,20,2770
3_nicolas_21.wav,data/fsdd/recordings/3_nicolas_21.wav,3,nicolas,21,2179
3_nicolas_22.wav,data/fsdd/recordings/3_nicolas_22.wav,3,nicolas,22,1650
3_nicolas_23.wav,data/fsdd/recordings/3_nicolas_23.wav,3,nicolas,23,1960
3_nicolas_24.wav,data/fsdd/recordings/3_nicolas_24.wav,3,nicolas,24,1837
3_nicolas_25.wav,data/fsdd/recordings/3_nicolas_25.wav,3,nicolas,25,2583
3_nicolas_26.wav,data/fsdd/recordings/3_nicolas_26.wav,3,nicolas,26,2677
3_nicolas_27.wav,data/fsdd/recordings/3_nicolas_27.wav,3,nicolas,27,1712
3_nicolas_28.wav,data/fsdd/recordings/3_nicolas_28.wav,3,nicolas,28,1774
3_nicolas_29.wav,data/fsdd/recordings/3_nicolas_29.wav,3,nicolas,29,2552
3_nicolas_3.wav,data/fsdd/recordings/3_nicolas_3.wav,3,nicolas,3,1884
3_nicolas_30.wav,data/fsdd/recordings/3_nicolas_30.wav,3,nicolas,30,2630
3_nicolas_31.wav,data/fsdd/recordings/3_nicolas_31.wav,3,nicolas,31,2354
3_nicolas_32.wav,data/fsdd/recordings/3_nicolas_32.wav,3,nicolas,32,2385
3_nicolas_33.wav,data/fsdd/recordings/3_nicolas_33.wav,3,nicolas,33,2538
3_nicolas_34.wav,data/fsdd/recordings/3_nicolas_34.wav,3,nicolas,34,1805
3_nicolas_35.wav,data/fsdd/recordings/3_nicolas_35.wav,3,nicolas,35,2293
3_nicolas_36.wav,data/fsdd/recordings/3_nicolas_36.wav,3,nicolas,36,1896
3_nicolas_37.wav,data/fsdd/recordings/3_nicolas_37.wav,3,nicolas,37,2110
3_nicolas_38.wav,data/fsdd/recordings/3_nicolas_38.wav,3,nicolas,38,1987
3_nicolas_39.wav,data/fsdd/recordings/3_nicolas_39.wav,3,nicolas,39,1713
3_nicolas_4.wav,data/fsdd/recordings/3_nicolas_4.wav,3,nicolas,4,2857
3_nicolas_40.wav,data/fsdd/recordings/3_nicolas_40.wav,3,nicolas,40,2397
3_nicolas_41.wav,data/fsdd/recordings/3_nicolas_41.wav,3,nicolas,41,2334
3_nicolas_42.wav,data/fsdd/recordings/3_nicolas_42.wav,3,nicolas,42,2023
3_nicolas_43.wav,data/fsdd/recordings/3_nicolas_43.wav,3,nicolas,43,2023
3_nicolas_44.wav,data/fsdd/recordings/3_nicolas_44.wav,3,nicolas,44,2366
3_nicolas_45.wav,data/fsdd/recordings/3_nicolas_45.wav,3,nicolas,45,2054
3_nicolas_46.wav,data/fsdd/recordings/3_nicolas_46.wav,3,nicolas,46,2584
3_nicolas_47.wav,data/fsdd/recordings/3_nicolas_47.wav,3,nicolas,47,2396
3_nicolas_48.wav,data/fsdd/recordings/3_nicolas_48.wav,3,nicolas,48,2397
3_nicolas_49.wav,data/fsdd/recordings/3_nicolas_49.wav,3,nicolas,49,2739
3_nicolas_5.wav,data/fsdd/recordings/3_nicolas_5.wav,3,nicolas,5,3162
3_nicolas_6.wav,data/fsdd/recordings/3_nicolas_6.wav,3,nicolas,6,2674
3_nicolas_7.wav,data/fsdd/recordings/3_nicolas_7.wav,3,nicolas,7,3435
3_nicolas_8.wav,data/fsdd/recordings/3_nicolas_8.wav,3,nicolas,8,3253
3_nicolas_9.wav,data/fsdd/recordings/3_nicolas_9.wav,3,nicolas,9,1915
3_theo_0.wav,data/fsdd/recordings/3_theo_0.wav,3,theo,0,1931
3_theo_1.wav,data/fsdd/recordings/3_theo_1.wav,3,theo,1,2223
3_theo_10.wav,data/fsdd/recordings/3_theo_10.wav,3,theo,10,1793
3_theo_11.wav,data/fsdd/recordings/3_theo_11.wav,3,theo,11,1824
3_theo_12.wav,data/fsdd/recordings/3_theo_12.wav,3,theo,12,2061
3_theo_13.wav,data/fsdd/recordings/3_theo_13.wav,3,theo,13,2210
3_theo_14.wav,data/fsdd/recordings/3_theo_14.wav,3,theo,14,2114
3_theo_15.wav,data/fsdd/recordings/3_theo_15.wav,3,theo,15,2073
3_theo_16.wav,data/fsdd/recordings/3_theo_16.wav,3,theo,16,2146
3_theo_17.wav,data/fsdd/recordings/3_theo_17.wav,3,theo,17,1579
3_theo_18.wav,data/fsdd/recordings/3_theo_18.wav,3,theo,18,2380
3_theo_19.wav,data/fsdd/recordings/3_theo_19.wav,3,theo,19,1817
3_theo_2.wav,data/fsdd/recordings/3_theo_2.wav,3,theo,2,2168
3_theo_20.wav,data/fsdd/recordings/3_theo_20.wav,3,theo,20,2290
3_theo_21.wav,data/fsdd/recordings/3_theo_21.wav,3,theo,21,4294
3_theo_22.wav,data/fsdd/recordings/3_theo_22.wav,3,theo,22,2749
3_theo_23.wav,data/fsdd/recordings/3_theo_23.wav,3,theo,23,4066
3_theo_24.wav,data/fsdd/recordings/3_theo_24.wav,3,theo,24,3135
3_theo_25.wav,data/fsdd/recordings/3_theo_25.wav,3,theo,25,4506
3_theo_26.wav,data/fsdd/recordings/3_theo_26.wav,3,theo,26,3302
3_theo_27.wav,data/fsdd/recordings/3_theo_27.wav,3,theo,27,3284
3_theo_28.wav,data/fsdd/recordings/3_theo_28.wav,3,theo,28,3084
3_theo_29.wav,data/fsdd/recordings/3_theo_29.wav,3,theo,29,2130
3_theo_3.wav,data/fsdd/recordings/3_theo_3.wav,3,theo,3,1876
3_theo_30.wav,data/fsdd/recordings/3_theo_30.wav,3,theo,30,2823
3_theo_31.wav,data/fsdd/recordings/3_theo_31.wav,3,theo,31,1958
3_theo_32.wav,data/fsdd/recordings/3_theo_32.wav,3,theo,32,2059
3_theo_33.wav,data/fsdd/recordings/3_theo_33.wav,3,theo,33,2197
3_theo_34.wav,data/fsdd/recordings/3_theo_34.wav,3,theo,34,1560
3_theo_35.wav,data/fsdd/recordings/3_theo_35.wav,3,theo,35,2610
3_theo_36.wav,data/fsdd/recordings/3_theo_36.wav,3,theo,36,2519
3_theo_37.wav,data/fsdd/recordings/3_theo_37.wav,3,theo,37,2212
3_theo_38.wav,data/fsdd/recordings/3_theo_38.wav,3,theo,38,2897
3_theo_39.wav,data/fsdd/recordings/3_theo_39.wav,3,theo,39,2377
3_theo_4.wav,data/fsdd/recordings/3_theo_4.wav,3,theo,4,1795
3_theo_40.wav,data/fsdd/recordings/3_theo_40.wav,3,theo,40,3223
3_theo_41.wav,data/fsdd/recordings/3_theo_41.wav,3,theo,41,2238
3_theo_42.wav,data/fsdd/recordings/3_theo_42.wav,3,theo,42,2036
3_theo_43.wav,data/fsdd/recordings/3_theo_43.wav,3,theo,43,2201
3_theo_44.wav,data/fsdd/recordings/3_theo_44.wav,3,theo,44,1846
3_theo_45.wav,data/fsdd/recordings/3_theo_45.wav,3,theo,45,2657
3_theo_46.wav,data/fsdd/recordings/3_theo_46.wav,3,theo,46,3960
3_theo_47.wav,data/fsdd/recordings/3_theo_47.wav,3,theo,47,2672
3_theo_48.wav,data/fsdd/recordings/3_theo_48.wav,3,theo,48,2150
3_theo_49.wav,data/fsdd/recordings/3_theo_49.wav,3,theo,49,1713
3_theo_5.wav,data/fsdd/recordings/3_theo_5.wav,3,theo,5,1803
3_theo_6.wav,data/fsdd/recordings/3_theo_6.wav,3,theo,6,2166
3_theo_7.wav,data/fsdd/recordings/3_theo_7.wav,3,theo,7,1945
3_theo_8.wav,data/fsdd/recordings/3_theo_8.wav,3,theo,8,2177
3_theo_9.wav,data/fsdd/recordings/3_theo_9.wav,3,theo,9,2001
3_yweweler_0.wav,data/fsdd/recordings/3_yweweler_0.wav,3,yweweler,0,3135
3_yweweler_1.wav,data/fsdd/recordings/3_yweweler_1.wav,3,yweweler,1,2511
3_yweweler_10.wav,data/fsdd/recordings/3_yweweler_10.wav,3,yweweler,10,2668
3_yweweler_11.wav,data/fsdd/recordings/3_yweweler_11.wav,3,yweweler,11,3207
3_yweweler_12.wav,data/fsdd/recordings/3_yweweler_12.wav,3,yweweler,12,3144
3_yweweler_13.wav,data/fsdd/recordings/3_yweweler_13.wav,3,yweweler,13,3072
3_yweweler_14.wav,data/fsdd/recordings/3_yweweler_14.wav,3,yweweler,14,2446
3_yweweler_15.wav,data/fsdd/recordings/3_yweweler_15.wav,3,yweweler,15,1892
3_yweweler_16.wav,data/fsdd/recordings/3_yweweler_16.wav,3,yweweler,16,2788
3_yweweler_17.wav,data/fsdd/recordings/3_yweweler_17.wav,3,yweweler,17,3145
3_yweweler_18.wav,data/fsdd/recordings/3_yweweler_18.wav,3,yweweler,18,2854
3_yweweler_19.wav,data/fsdd/recordings/3_yweweler_19.wav,3,yweweler,19,3165
3_yweweler_2.wav,data/fsdd/recordings/3_yweweler_2.wav,3,yweweler,2,2005
3_yweweler_20.wav,data/fsdd/recordings/3_yweweler_20.wav,3,yweweler,20,2218
3_yweweler_21.wav,data/fsdd/recordings/3_yweweler_21.wav,3,yweweler,21,3320
3_yweweler_22.wav,data/fsdd/recordings/3_yweweler_22.wav,3,yweweler,22,2257
3_yweweler_23.wav,data/fsdd/recordings/3_yweweler_23.wav,3,yweweler,23,2726
3_yweweler_24.wav,data/fsdd/recordings/3_yweweler_24.wav,3,yweweler,24,2203
3_yweweler_25.wav,data/fsdd/recordings/3_yweweler_25.wav,3,yweweler,25,2478
3_yweweler_26.wav,data/fsdd/recordings/3_yweweler_26.wav,3,yweweler,26,2630
3_yweweler_27.wav,data/fsdd/recordings/3_yweweler_27.wav,3,yweweler,27,2330
3_yweweler_28.wav,data/fsdd/recordings/3_yweweler_28.wav,3,yweweler,28,2272
3_yweweler_29.wav,data/fsdd/recordings/3_yweweler_29.wav,3,yweweler,29,2274
3_yweweler_3.wav,data/fsdd/recordings/3_yweweler_3.wav,3,yweweler,3,3172
3_yweweler_30.wav,data/fsdd/recordings/3_yweweler_30.wav,3,yweweler,30,3288
3_yweweler_31.wav,data/fsdd/recordings/3_yweweler_31.wav,3,yweweler,31,1697
3_yweweler_32.wav,data/fsdd/recordings/3_yweweler_32.wav,3,yweweler,32,2254
3_yweweler_33.wav,data/fsdd/recordings/3_yweweler_33.wav,3,yweweler,33,2695
3_yweweler_34.wav,data/fsdd/recordings/3_yweweler_34.wav,3,yweweler,34,3154
3_yweweler_35.wav,data/fsdd/recordings/3_yweweler_35.wav,3,yweweler,35,2829
3_yweweler_36.wav,data/fsdd/recordings/3_yweweler_36.wav,3,yweweler,36,2276
3_yweweler_37.wav,data/fsdd/recordings/3_yweweler_37.wav,3,yweweler,37,3277
3_yweweler_38.wav,data/fsdd/recordings/3_yweweler_38.wav,3,yweweler,38,2230
3_yweweler_39.wav,data/fsdd/recordings/3_yweweler_39.wav,3,yweweler,39,2345
3_yweweler_4.wav,data/fsdd/recordings/3_yweweler_4.wav,3,yweweler,4,3186
3_yweweler_40.wav,data/fsdd/recordings/3_yweweler_40.wav,3,yweweler,40,4920
3_yweweler_41.wav,data/fsdd/recordings/3_yweweler_41.wav,3,yweweler,41,1903
3_yweweler_42.wav,data/fsdd/recordings/3_yweweler_42.wav,3,yweweler,42,2409
3_yweweler_43.wav,data/fsdd/recordings/3_yweweler_43.wav,3,yweweler,43,2702
3_yweweler_44.wav,data/fsdd/recordings/3_yweweler_44.wav,3,yweweler,44,2104
3_yweweler_45.wav,data/fsdd/recordings/3_yweweler_45.wav,3,yweweler,45,2688
3_yweweler_46.wav,data/fsdd/recordings/3_yweweler_46.wav,3,yweweler,46,2105
3_yweweler_47.wav,data/fsdd/recordings/3_yweweler_47.wav,3,yweweler,47,2643
3_yweweler_48.wav,data/fsdd/recordings/3_yweweler_48.wav,3,yweweler,48,2474
3_yweweler_49.wav,data/fsdd/recordings/3_yweweler_49.wav,3,yweweler,49,2077
3_yweweler_5.wav,data/fsdd/recordings/3_yweweler_5.wav,3,yweweler,5,2478
3_yweweler_6.wav,data/fsdd/recordings/3_yweweler_6.wav,3,yweweler,6,2974
3_yweweler_7.wav,data/fsdd/recordings/3_yweweler_7.wav,3,yweweler,7,1919
3_yweweler_8.wav,data/fsdd/recordings/3_yweweler_8.wav,3,yweweler,8,2079
3_yweweler_9.wav,data/fsdd/recordings/3_yweweler_9.wav,3,yweweler,9,2418
4_lucas_0.wav,data/fsdd/recordings/4_lucas_0.wav,4,lucas,0,3383
4_lucas_1.wav,data/fsdd/recordings/4_lucas_1.wav,4,lucas,1,3288
4_lucas_10.wav,data/fsdd/recordings/4_lucas_10.wav,4,lucas,10,4594
4_lucas_11.wav,data/fsdd/recordings/4_lucas_11.wav,4,lucas,11,3261
4_lucas_12.wav,data/fsdd/recordings/4_lucas_12.wav,4,lucas,12,3955
4_lucas_13.wav,data/fsdd/recordings/4_lucas_13.wav,4,lucas,13,4129
4_lucas_14.wav,data/fsdd/recordings/4_lucas_14.wav,4,lucas,14,3597
4_lucas_15.wav,data/fsdd/recordings/4_lucas_15.wav,4,lucas,15,4165
4_lucas_16.wav,data/fsdd/recordings/4_lucas_16.wav,4,lucas,16,3622
4_lucas_17.wav,data/fsdd/recordings/4_lucas_17.wav,4,lucas,17,4644
4_lucas_18.wav,data/fsdd/recordings/4_lucas_18.wav,4,lucas,18,4580
4_lucas_19.wav,data/fsdd/recordings/4_lucas_19.wav,4,lucas,19,6186
4_lucas_2.wav,data/fsdd/recordings/4_lucas_2.wav,4,lucas,2,4945
4_lucas_20.wav,data/fsdd/recordings/4_lucas_20.wav,4,lucas,20,2125
4_lucas_21.wav,data/fsdd/recordings/4_lucas_21.wav,4,lucas,21,4274
4_lucas_22.wav,data/fsdd/recordings/4_lucas_22.wav,4,lucas,22,4654
4_lucas_23.wav,data/fsdd/recordings/4_lucas_23.wav,4,lucas,23,4127
4_lucas_24.wav,data/fsdd/recordings/4_lucas_24.wav,4,lucas,24,4793
4_lucas_25.wav,data/fsdd/recordings/4_lucas_25.wav,4,lucas,25,4384
4_lucas_26.wav,data/fsdd/recordings/4_lucas_26.wav,4,lucas,26,4935
4_lucas_27.wav,data/fsdd/recordings/4_lucas_27.wav,4,lucas,27,4363
4_lucas_28.wav,data/fsdd/recordings/4_lucas_28.wav,4,lucas,28,4656
4_lucas_29.wav,data/fsdd/recordings/4_lucas_29.wav,4,lucas,29,5155
4_lucas_3.wav,data/fsdd/recordings/4_lucas_3.wav,4,lucas,3,3529
4_lucas_30.wav,data/fsdd/recordings/4_lucas_30.wav,4,lucas,30,4001
4_lucas_31.wav,data/fsdd/recordings/4_lucas_31.wav,4,lucas,31,4265
4_lucas_32.wav,data/fsdd/recordings/4_lucas_32.wav,4,lucas,32,4267
4_lucas_33.wav,data/fsdd/recordings/4_lucas_33.wav,4,lucas,33,4007
4_lucas_34.wav,data/fsdd/recordings/4_lucas_34.wav,4,lucas,34,3809
4_lucas_35.wav,data/fsdd/recordings/4_lucas_35.wav,4,lucas,35,4749
4_lucas_36.wav,data/fsdd/recordings/4_lucas_36.wav,4,lucas,36,3279
4_lucas_37.wav,data/fsdd/recordings/4_lucas_37.wav,4,lucas,37,4312
4_lucas_38.wav,data/fsdd/recordings/4_lucas_38.wav,4,lucas,38,4143
4_lucas_39.wav,data/fsdd/recordings/4_lucas_39.wav,4,lucas,39,5990
4_lucas_4.wav,data/fsdd/recordings/4_lucas_4.wav,4,lucas,4,4433
4_lucas_40.wav,data/fsdd/recordings/4_lucas_40.wav,4,lucas,40,4500
4_lucas_41.wav,data/fsdd/recordings/4_lucas_41.wav,4,lucas,41,4602
4_lucas_42.wav,data/fsdd/recordings/4_lucas_42.wav,4,lucas,42,5156
4_lucas_43.wav,data/fsdd/recordings/4_lucas_43.wav,4,lucas,43,4536
4_lucas_44.wav,data/fsdd/recordings/4_lucas_44.wav,4,lucas,44,4775
4_lucas_45.wav,data/fsdd/recordings/4_lucas_45.wav,4,lucas,45,4187
4_lucas_46.wav,data/fsdd/recordings/4_lucas_46.wav,4,lucas,46,4651
4_lucas_47.wav,data/fsdd/recordings/4_lucas_47.wav,4,lucas,47,8919
4_lucas_48.wav,data/fsdd/recordings/4_lucas_48.wav,4,lucas,48,4895
4_lucas_49.wav,data/fsdd/recordings/4_lucas_49.wav,4,lucas,49,3653
4_lucas_5.wav,data/fsdd/recordings/4_lucas_5.wav,4,lucas,5,4095
4_lucas_6.wav,data/fsdd/recordings/4_lucas_6.wav,4,lucas,6,3604
4_lucas_7.wav,data/fsdd/recordings/4_lucas_7.wav,4,lucas,7,5131
4_lucas_8.wav,data/fsdd/recordings/4_lucas_8.wav,4,lucas,8,4249
4_lucas_9.wav,data/fsdd/recordings/4_lucas_9.wav,4,lucas,9,4018
4_nicolas_0.wav,data/fsdd/recordings/4_nicolas_0.wav,4,nicolas,0,2493
4_nicolas_1.wav,data/fsdd/recordings/4_nicolas_1.wav,4,nicolas,1,2800
4_nicolas_10.wav,data/fsdd/recordings/4_nicolas_10.wav,4,nicolas,10,2462
4_nicolas_11.wav,data/fsdd/recordings/4_nicolas_11.wav,4,nicolas,11,2333
4_nicolas_12.wav,data/fsdd/recordings/4_nicolas_12.wav,4,nicolas,12,2301
4_nicolas_13.wav,data/fsdd/recordings/4_nicolas_13.wav,4,nicolas,13,2689
4_nicolas_14.wav,data/fsdd/recordings/4_nicolas_14.wav,4,nicolas,14,2463
4_nicolas_15.wav,data/fsdd/recordings/4_nicolas_15.wav,4,nicolas,15,2883
4_nicolas_16.wav,data/fsdd/recordings/4_nicolas_16.wav,4,nicolas,16,3662
4_nicolas_17.wav,data/fsdd/recordings/4_nicolas_17.wav,4,nicolas,17,3142
4_nicolas_18.wav,data/fsdd/recordings/4_nicolas_18.wav,4,nicolas,18,3014
4_nicolas_19.wav,data/fsdd/recordings/4_nicolas_19.wav,4,nicolas,19,2559
4_nicolas_2.wav,data/fsdd/recordings/4_nicolas_2.wav,4,nicolas,2,2493
4_nicolas_20.wav,data/fsdd/recordings/4_nicolas_20.wav,4,nicolas,20,2174
4_nicolas_21.wav,data/fsdd/recordings/4_nicolas_21.wav,4,nicolas,21,2237
4_nicolas_22.wav,data/fsdd/recordings/4_nicolas_22.wav,4,nicolas,22,2333
4_nicolas_23.wav,data/fsdd/recordings/4_nicolas_23.wav,4,nicolas,23,2430
4_nicolas_24.wav,data/fsdd/recordings/4_nicolas_24.wav,4,nicolas,24,2589
4_nicolas_25.wav,data/fsdd/recordings/4_nicolas_25.wav,4,nicolas,25,2653
4_nicolas_26.wav,data/fsdd/recordings/4_nicolas_26.wav,4,nicolas,26,2876
4_nicolas_27.wav,data/fsdd/recordings/4_nicolas_27.wav,4,nicolas,27,2717
4_nicolas_28.wav,data/fsdd/recordings/4_nicolas_28.wav,4,nicolas,28,2813
4_nicolas_29.wav,data/fsdd/recordings/4_nicolas_29.wav,4,nicolas,29,2621
4_nicolas_3.wav,data/fsdd/recordings/4_nicolas_3.wav,4,nicolas,3,2630
4_nicolas_30.wav,data/fsdd/recordings/4_nicolas_30.wav,4,nicolas,30,1832
4_nicolas_31.wav,data/fsdd/recordings/4_nicolas_31.wav,4,nicolas,31,2783
4_nicolas_32.wav,data/fsdd/recordings/4_nicolas_32.wav,4,nicolas,32,3087
4_nicolas_33.wav,data/fsdd/recordings/4_nicolas_33.wav,4,nicolas,33,2851
4_nicolas_34.wav,data/fsdd/recordings/4_nicolas_34.wav,4,nicolas,34,2748
4_nicolas_35.wav,data/fsdd/recordings/4_nicolas_35.wav,4,nicolas,35,2477
4_nicolas_36.wav,data/fsdd/recordings/4_nicolas_36.wav,4,nicolas,36,3020
4_nicolas_37.wav,data/fsdd/recordings/4_nicolas_37.wav,4,nicolas,37,2918
4_nicolas_38.wav,data/fsdd/recordings/4_nicolas_38.wav,4,nicolas,38,2681
4_nicolas_39.wav,data/fsdd/recordings/4_nicolas_39.wav,4,nicolas,39,2036
4_nicolas_4.wav,data/fsdd/recordings/4_nicolas_4.wav,4,nicolas,4,2561
4_nicolas_40.wav,data/fsdd/recordings/4_nicolas_40.wav,4,nicolas,40,2583
4_nicolas_41.wav,data/fsdd/recordings/4_nicolas_41.wav,4,nicolas,41,2746
4_nicolas_42.wav,data/fsdd/recordings/4_nicolas_42.wav,4,nicolas,42,3204
4_nicolas_43.wav,data/fsdd/recordings/4_nicolas_43.wav,4,nicolas,43,2550
4_nicolas_44.wav,data/fsdd/recordings/4_nicolas_44.wav,4,nicolas,44,2550
4_nicolas_45.wav,data/fsdd/recordings/4_nicolas_45.wav,4,nicolas,45,2648
4_nicolas_46.wav,data/fsdd/recordings/4_nicolas_46.wav,4,nicolas,46,2452
4_nicolas_47.wav,data/fsdd/recordings/4_nicolas_47.wav,4,nicolas,47,2877
4_nicolas_48.wav,data/fsdd/recordings/4_nicolas_48.wav,4,nicolas,48,3073
4_nicolas_49.wav,data/fsdd/recordings/4_nicolas_49.wav,4,nicolas,49,2517
4_nicolas_5.wav,data/fsdd/recordings/4_nicolas_5.wav,4,nicolas,5,2732
4_nicolas_6.wav,data/fsdd/recordings/4_nicolas_6.wav,4,nicolas,6,2766
4_nicolas_7.wav,data/fsdd/recordings/4_nicolas_7.wav,4,nicolas,7,2357
4_nicolas_8.wav,data/fsdd/recordings/4_nicolas_8.wav,4,nicolas,8,2288
4_nicolas_9.wav,data/fsdd/recordings/4_nicolas_9.wav,4,nicolas,9,2629
4_theo_0.wav,data/fsdd/recordings/4_theo_0.wav,4,theo,0,2190
4_theo_1.wav,data/fsdd/recordings/4_theo_1.wav,4,theo,1,2039
4_theo_10.wav,data/fsdd/recordings/4_theo_10.wav,4,theo,10,1873
4_theo_11.wav,data/fsdd/recordings/4_theo_11.wav,4,theo,11,2694
4_theo_12.wav,data/fsdd/recordings/4_theo_12.wav,4,theo,12,2696
4_theo_13.wav,data/fsdd/recordings/4_theo_13.wav,4,theo,13,2544
4_theo_14.wav,data/fsdd/recordings/4_theo_14.wav,4,theo,14,3602
4_theo_15.wav,data/fsdd/recordings/4_theo_15.wav,4,theo,15,3461
4_theo_16.wav,data/fsdd/recordings/4_theo_16.wav,4,theo,16,4254
4_theo_17.wav,data/fsdd/recordings/4_theo_17.wav,4,theo,17,1632
4_theo_18.wav,data/fsdd/recordings/4_theo_18.wav,4,theo,18,3326
4_theo_19.wav,data/fsdd/recordings/4_theo_19.wav,4,theo,19,3122
4_theo_2.wav,data/fsdd/recordings/4_theo_2.wav,4,theo,2,1806
4_theo_20.wav,data/fsdd/recordings/4_theo_20.wav,4,theo,20,2823
4_theo_21.wav,data/fsdd/recordings/4_theo_21.wav,4,theo,21,3311
4_theo_22.wav,data/fsdd/recordings/4_theo_22.wav,4,theo,22,3582
4_theo_23.wav,data/fsdd/recordings/4_theo_23.wav,4,theo,23,3939
4_theo_24.wav,data/fsdd/recordings/4_theo_24.wav,4,theo,24,3803
4_theo_25.wav,data/fsdd/recordings/4_theo_25.wav,4,theo,25,3124
4_theo_26.wav,data/fsdd/recordings/4_theo_26.wav,4,theo,26,2022
4_theo_27.wav,data/fsdd/recordings/4_theo_27.wav,4,theo,27,4809
4_theo_28.wav,data/fsdd/recordings/4_theo_28.wav,4,theo,28,5467
4_theo_29.wav,data/fsdd/recordings/4_theo_29.wav,4,theo,29,2329
4_theo_3.wav,data/fsdd/recordings/4_theo_3.wav,4,theo,3,2014
4_theo_30.wav,data/fsdd/recordings/4_theo_30.wav,4,theo,30,2045
4_theo_31.wav,data/fsdd/recordings/4_theo_31.wav,4,theo,31,3220
4_theo_32.wav,data/fsdd/recordings/4_theo_32.wav,4,theo,32,2608
4_theo_33.wav,data/fsdd/recordings/4_theo_33.wav,4,theo,33,2599
4_theo_34.wav,data/fsdd/recordings/4_theo_34.wav,4,theo,34,3083
4_theo_35.wav,data/fsdd/recordings/4_theo_35.wav,4,theo,35,2826
4_theo_36.wav,data/fsdd/recordings/4_theo_36.wav,4,theo,36,2698
4_theo_37.wav,data/fsdd/recordings/4_theo_37.wav,4,theo,37,2382
4_theo_38.wav,data/fsdd/recordings/4_theo_38.wav,4,theo,38,2530
4_theo_39.wav,data/fsdd/recordings/4_theo_39.wav,4,theo,39,2904
4_theo_4.wav,data/fsdd/recordings/4_theo_4.wav,4,theo,4,2326
4_theo_40.wav,data/fsdd/recordings/4_theo_40.wav,4,theo,40,3631
4_theo_41.wav,data/fsdd/recordings/4_theo_41.wav,4,theo,41,2455
4_theo_42.wav,data/fsdd/recordings/4_theo_42.wav,4,theo,42,2362
4_theo_43.wav,data/fsdd/recordings/4_theo_43.wav,4,theo,43,3143
4_theo_44.wav,data/fsdd/recordings/4_theo_44.wav,4,theo,44,2113
4_theo_45.wav,data/fsdd/recordings/4_theo_45.wav,4,theo,45,2922
4_theo_46.wav,data/fsdd/recordings/4_theo_46.wav,4,theo,46,2703
4_theo_47.wav,data/fsdd/recordings/4_theo_47.wav,4,theo,47,2110
4_theo_48.wav,data/fsdd/recordings/4_theo_48.wav,4,theo,48,2807
4_theo_49.wav,data/fsdd/recordings/4_theo_49.wav,4,theo,49,2699
4_theo_5.wav,data/fsdd/recordings/4_theo_5.wav,4,theo,5,1790
4_theo_6.wav,data/fsdd/recordings/4_theo_6.wav,4,theo,6,1705
4_theo_7.wav,data/fsdd/recordings/4_theo_7.wav,4,theo,7,2640
4_theo_8.wav,data/fsdd/recordings/4_theo_8.wav,4,theo,8,2189
4_theo_9.wav,data/fsdd/recordings/4_theo_9.wav,4,theo,9,2109
4_yweweler_0.wav,data/fsdd/recordings/4_yweweler_0.wav,4,yweweler,0,3279
4_yweweler_1.wav,data/fsdd/recordings/4_yweweler_1.wav,4,yweweler,1,3138
4_yweweler_10.wav,data/fsdd/recordings/4_yweweler_10.wav,4,yweweler,10,2898
4_yweweler_11.wav,data/fsdd/recordings/4_yweweler_11.wav,4,yweweler,11,2733
4_yweweler_12.wav,data/fsdd/recordings/4_yweweler_12.wav,4,yweweler,12,3347
4_yweweler_13.wav,data/fsdd/recordings/4_yweweler_13.wav,4,yweweler,13,2628
4_yweweler_14.wav,data/fsdd/recordings/4_yweweler_14.wav,4,yweweler,14,2124
4_yweweler_15.wav,data/fsdd/recordings/4_yweweler_15.wav,4,yweweler,15,2823
4_yweweler_16.wav,data/fsdd/recordings/4_yweweler_16.wav,4,yweweler,16,2147
4_yweweler_17.wav,data/fsdd/recordings/4_yweweler_17.wav,4,yweweler,17,2723
4_yweweler_18.wav,data/fsdd/recordings/4_yweweler_18.wav,4,yweweler,18,2469
4_yweweler_19.wav,data/fsdd/recordings/4_yweweler_19.wav,4,yweweler,19,2479
4_yweweler_2.wav,data/fsdd/recordings/4_yweweler_2.wav,4,yweweler,2,2678
4_yweweler_20.wav,data/fsdd/recordings/4_yweweler_20.wav,4,yweweler,20,2565
4_yweweler_21.wav,data/fsdd/recordings/4_yweweler_21.wav,4,yweweler,21,2740
4_yweweler_22.wav,data/fsdd/recordings/4_yweweler_22.wav,4,yweweler,22,2181
4_yweweler_23.wav,data/fsdd/recordings/4_yweweler_23.wav,4,yweweler,23,3426
4_yweweler_24.wav,data/fsdd/recordings/4_yweweler_24.wav,4,yweweler,24,2756
4_yweweler_25.wav,data/fsdd/recordings/4_yweweler_25.wav,4,yweweler,25,2743
4_yweweler_26.wav,data/fsdd/recordings/4_yweweler_26.wav,4,yweweler,26,2628
4_yweweler_27.wav,data/fsdd/recordings/4_yweweler_27.wav,4,yweweler,27,3308
4_yweweler_28.wav,data/fsdd/recordings/4_yweweler_28.wav,4,yweweler,28,2180
4_yweweler_29.wav,data/fsdd/recordings/4_yweweler_29.wav,4,yweweler,29,2873
4_yweweler_3.wav,data/fsdd/recordings/4_yweweler_3.wav,4,yweweler,3,2170
4_yweweler_30.wav,data/fsdd/recordings/4_yweweler_30.wav,4,yweweler,30,3118
4_yweweler_31.wav,data/fsdd/recordings/4_yweweler_31.wav,4,yweweler,31,3109
4_yweweler_32.wav,data/fsdd/recordings/4_yweweler_32.wav,4,yweweler,32,3402
4_yweweler_33.wav,data/fsdd/recordings/4_yweweler_33.wav,4,yweweler,33,2267
4_yweweler_34.wav,data/fsdd/recordings/4_yweweler_34.wav,4,yweweler,34,3049
4_yweweler_35.wav,data/fsdd/recordings/4_yweweler_35.wav,4,yweweler,35,3857
4_yweweler_36.wav,data/fsdd/recordings/4_yweweler_36.wav,4,yweweler,36,2753
4_yweweler_37.wav,data/fsdd/recordings/4_yweweler_37.wav,4,yweweler,37,4864
4_yweweler_38.wav,data/fsdd/recordings/4_yweweler_38.wav,4,yweweler,38,3065
4_yweweler_39.wav,data/fsdd/recordings/4_yweweler_39.wav,4,yweweler,39,4195
4_yweweler_4.wav,data/fsdd/recordings/4_yweweler_4.wav,4,yweweler,4,2797
4_yweweler_40.wav,data/fsdd/recordings/4_yweweler_40.wav,4,yweweler,40,3297
4_yweweler_41.wav,data/fsdd/recordings/4_yweweler_41.wav,4,yweweler,41,2762
4_yweweler_42.wav,data/fsdd/recordings/4_yweweler_42.wav,4,yweweler,42,2401
4_yweweler_43.wav,data/fsdd/recordings/4_yweweler_43.wav,4,yweweler,43,2397
4_yweweler_44.wav,data/fsdd/recordings/4_yweweler_44.wav,4,yweweler,44,2911
4_yweweler_45.wav,data/fsdd/recordings/4_yweweler_45.wav,4,yweweler,45,2382
4_yweweler_46.wav,data/fsdd/recordings/4_yweweler_46.wav,4,yweweler,46,2282
4_yweweler_47.wav,data/fsdd/recordings/4_yweweler_47.wav,4,yweweler,47,2863
4_yweweler_48.wav,data/fsdd/recordings/4_yweweler_48.wav,4,yweweler,48,2192
4_yweweler_49.wav,data/fsdd/recordings/4_yweweler_49.wav,4,yweweler,49,2820
4_yweweler_5.wav,data/fsdd/recordings/4_yweweler_5.wav,4,yweweler,5,2671
4_yweweler_6.wav,data/fsdd/recordings/4_yweweler_6.wav,4,yweweler,6,2494
4_yweweler_7.wav,data/fsdd/recordings/4_yweweler_7.wav,4,yweweler,7,2198
4_yweweler_8.wav,data/fsdd/recordings/4_yweweler_8.wav,4,yweweler,8,1359
4_yweweler_9.wav,data/fsdd/recordings/4_yweweler_9.wav,4,yweweler,9,2726
5_lucas_0.wav,data/fsdd/recordings/5_lucas_0.wav,5,lucas,0,4802
5_lucas_1.wav,data/fsdd/recordings/5_lucas_1.wav,5,lucas,1,9178
5_lucas_10.wav,data/fsdd/recordings/5_lucas_10.wav,5,lucas,10,4499
5_lucas_11.wav,data/fsdd/recordings/5_lucas_11.wav,5,lucas,11,5208
5_lucas_12.wav,data/fsdd/recordings/5_lucas_12.wav,5,lucas,12,4374
5_lucas_13.wav,data/fsdd/recordings/5_lucas_13.wav,5,lucas,13,4778
5_lucas_14.wav,data/fsdd/recordings/5_lucas_14.wav,5,lucas,14,5053
5_lucas_15.wav,data/fsdd/recordings/5_lucas_15.wav,5,lucas,15,4423
5_lucas_16.wav,data/fsdd/recordings/5_lucas_16.wav,5,lucas,16,4825
5_lucas_17.wav,data/fsdd/recordings/5_lucas_17.wav,5,lucas,17,4094
5_lucas_18.wav,data/fsdd/recordings/5_lucas_18.wav,5,lucas,18,4344
5_lucas_19.wav,data/fsdd/recordings/5_lucas_19.wav,5,lucas,19,5659
5_lucas_2.wav,data/fsdd/recordings/5_lucas_2.wav,5,lucas,2,4637
5_lucas_20.wav,data/fsdd/recordings/5_lucas_20.wav,5,lucas,20,6117
5_lucas_21.wav,data/fsdd/recordings/5_lucas_21.wav,5,lucas,21,6981
5_lucas_22.wav,data/fsdd/recordings/5_lucas_22.wav,5,lucas,22,4623
5_lucas_23.wav,data/fsdd/recordings/5_lucas_23.wav,5,lucas,23,4727
5_lucas_24.wav,data/fsdd/recordings/5_lucas_24.wav,5,lucas,24,5519
5_lucas_25.wav,data/fsdd/recordings/5_lucas_25.wav,5,lucas,25,4895
5_lucas_26.wav,data/fsdd/recordings/5_lucas_26.wav,5,lucas,26,4794
5_lucas_27.wav,data/fsdd/recordings/5_lucas_27.wav,5,lucas,27,4817
5_lucas_28.wav,data/fsdd/recordings/5_lucas_28.wav,5,lucas,28,4355
5_lucas_29.wav,data/fsdd/recordings/5_lucas_29.wav,5,lucas,29,4349
5_lucas_3.wav,data/fsdd/recordings/5_lucas_3.wav,5,lucas,3,4229
5_lucas_30.wav,data/fsdd/recordings/5_lucas_30.wav,5,lucas,30,5960
5_lucas_31.wav,data/fsdd/recordings/5_lucas_31.wav,5,lucas,31,4741
5_lucas_32.wav,data/fsdd/recordings/5_lucas_32.wav,5,lucas,32,4910
5_lucas_33.wav,data/fsdd/recordings/5_lucas_33.wav,5,lucas,33,4868
5_lucas_34.wav,data/fsdd/recordings/5_lucas_34.wav,5,lucas,34,4442
5_lucas_35.wav,data/fsdd/recordings/5_lucas_35.wav,5,lucas,35,4978
5_lucas_36.wav,data/fsdd/recordings/5_lucas_36.wav,5,lucas,36,4876
5_lucas_37.wav,data/fsdd/recordings/5_lucas_37.wav,5,lucas,37,5707
5_lucas_38.wav,data/fsdd/recordings/5_lucas_38.wav,5,lucas,38,4417
5_lucas_39.wav,data/fsdd/recordings/5_lucas_39.wav,5,lucas,39,5619
5_lucas_4.wav,data/fsdd/recordings/5_lucas_4.wav,5,lucas,4,4067
5_lucas_40.wav,data/fsdd/recordings/5_lucas_40.wav,5,lucas,40,4153
5_lucas_41.wav,data/fsdd/recordings/5_lucas_41.wav,5,lucas,41,4187
5_lucas_42.wav,data/fsdd/recordings/5_lucas_42.wav,5,lucas,42,5595
5_lucas_43.wav,data/fsdd/recordings/5_lucas_43.wav,5,lucas,43,4480
5_lucas_44.wav,data/fsdd/recordings/5_lucas_44.wav,5,lucas,44,5376
5_lucas_45.wav,data/fsdd/recordings/5_lucas_45.wav,5,lucas,45,7223
5_lucas_46.wav,data/fsdd/recordings/5_lucas_46.wav,5,lucas,46,5426
5_lucas_47.wav,data/fsdd/recordings/5_lucas_47.wav,5,lucas,47,5425
5_lucas_48.wav,data/fsdd/recordings/5_lucas_48.wav,5,lucas,48,4934
5_lucas_49.wav,data/fsdd/recordings/5_lucas_49.wav,5,lucas,49,4473
5_lucas_5.wav,data/fsdd/recordings/5_lucas_5.wav,5,lucas,5,4656
5_lucas_6.wav,data/fsdd/recordings/5_lucas_6.wav,5,lucas,6,4766
5_lucas_7.wav,data/fsdd/recordings/5_lucas_7.wav,5,lucas,7,4852
5_lucas_8.wav,data/fsdd/recordings/5_lucas_8.wav,5,lucas,8,5295
5_lucas_9.wav,data/fsdd/recordings/5_lucas_9.wav,5,lucas,9,4583
5_nicolas_0.wav,data/fsdd/recordings/5_nicolas_0.wav,5,nicolas,0,2732
5_nicolas_1.wav,data/fsdd/recordings/5_nicolas_1.wav,5,nicolas,1,3064
5_nicolas_10.wav,data/fsdd/recordings/5_nicolas_10.wav,5,nicolas,10,2854
5_nicolas_11.wav,data/fsdd/recordings/5_nicolas_11.wav,5,nicolas,11,3817
5_nicolas_12.wav,data/fsdd/recordings/5_nicolas_12.wav,5,nicolas,12,3336
5_nicolas_13.wav,data/fsdd/recordings/5_nicolas_13.wav,5,nicolas,13,2983
5_nicolas_14.wav,data/fsdd/recordings/5_nicolas_14.wav,5,nicolas,14,3399
5_nicolas_15.wav,data/fsdd/recordings/5_nicolas_15.wav,5,nicolas,15,3464
5_nicolas_16.wav,data/fsdd/recordings/5_nicolas_16.wav,5,nicolas,16,3849
5_nicolas_17.wav,data/fsdd/recordings/5_nicolas_17.wav,5,nicolas,17,3079
5_nicolas_18.wav,data/fsdd/recordings/5_nicolas_18.wav,5,nicolas,18,3079
5_nicolas_19.wav,data/fsdd/recordings/5_nicolas_19.wav,5,nicolas,19,2437
5_nicolas_2.wav,data/fsdd/recordings/5_nicolas_2.wav,5,nicolas,2,2499
5_nicolas_20.wav,data/fsdd/recordings/5_nicolas_20.wav,5,nicolas,20,3062
5_nicolas_21.wav,data/fsdd/recordings/5_nicolas_21.wav,5,nicolas,21,2718
5_nicolas_22.wav,data/fsdd/recordings/5_nicolas_22.wav,5,nicolas,22,3165
5_nicolas_23.wav,data/fsdd/recordings/5_nicolas_23.wav,5,nicolas,23,2890
5_nicolas_24.wav,data/fsdd/recordings/5_nicolas_24.wav,5,nicolas,24,2994
5_nicolas_25.wav,data/fsdd/recordings/5_nicolas_25.wav,5,nicolas,25,2821
5_nicolas_26.wav,data/fsdd/recordings/5_nicolas_26.wav,5,nicolas,26,3062
5_nicolas_27.wav,data/fsdd/recordings/5_nicolas_27.wav,5,nicolas,27,3028
5_nicolas_28.wav,data/fsdd/recordings/5_nicolas_28.wav,5,nicolas,28,3303
5_nicolas_29.wav,data/fsdd/recordings/5_nicolas_29.wav,5,nicolas,29,2580
5_nicolas_3.wav,data/fsdd/recordings/5_nicolas_3.wav,5,nicolas,3,2898
5_nicolas_30.wav,data/fsdd/recordings/5_nicolas_30.wav,5,nicolas,30,2830
5_nicolas_31.wav,data/fsdd/recordings/5_nicolas_31.wav,5,nicolas,31,4148
5_nicolas_32.wav,data/fsdd/recordings/5_nicolas_32.wav,5,nicolas,32,2830
5_nicolas_33.wav,data/fsdd/recordings/5_nicolas_33.wav,5,nicolas,33,3281
5_nicolas_34.wav,data/fsdd/recordings/5_nicolas_34.wav,5,nicolas,34,2605
5_nicolas_35.wav,data/fsdd/recordings/5_nicolas_35.wav,5,nicolas,35,3537
5_nicolas_36.wav,data/fsdd/recordings/5_nicolas_36.wav,5,nicolas,36,3505
5_nicolas_37.wav,data/fsdd/recordings/5_nicolas_37.wav,5,nicolas,37,3345
5_nicolas_38.wav,data/fsdd/recordings/5_nicolas_38.wav,5,nicolas,38,3023
5_nicolas_39.wav,data/fsdd/recordings/5_nicolas_39.wav,5,nicolas,39,2669
5_nicolas_4.wav,data/fsdd/recordings/5_nicolas_4.wav,5,nicolas,4,2798
5_nicolas_40.wav,data/fsdd/recordings/5_nicolas_40.wav,5,nicolas,40,2770
5_nicolas_41.wav,data/fsdd/recordings/5_nicolas_41.wav,5,nicolas,41,3193
5_nicolas_42.wav,data/fsdd/recordings/5_nicolas_42.wav,5,nicolas,42,3160
5_nicolas_43.wav,data/fsdd/recordings/5_nicolas_43.wav,5,nicolas,43,2900
5_nicolas_44.wav,data/fsdd/recordings/5_nicolas_44.wav,5,nicolas,44,2933
5_nicolas_45.wav,data/fsdd/recordings/5_nicolas_45.wav,5,nicolas,45,3160
5_nicolas_46.wav,data/fsdd/recordings/5_nicolas_46.wav,5,nicolas,46,2705
5_nicolas_47.wav,data/fsdd/recordings/5_nicolas_47.wav,5,nicolas,47,3356
5_nicolas_48.wav,data/fsdd/recordings/5_nicolas_48.wav,5,nicolas,48,3323
5_nicolas_49.wav,data/fsdd/recordings/5_nicolas_49.wav,5,nicolas,49,2770
5_nicolas_5.wav,data/fsdd/recordings/5_nicolas_5.wav,5,nicolas,5,3131
5_nicolas_6.wav,data/fsdd/recordings/5_nicolas_6.wav,5,nicolas,6,2865
5_nicolas_7.wav,data/fsdd/recordings/5_nicolas_7.wav,5,nicolas,7,2832
5_nicolas_8.wav,data/fsdd/recordings/5_nicolas_8.wav,5,nicolas,8,2931
5_nicolas_9.wav,data/fsdd/recordings/5_nicolas_9.wav,5,nicolas,9,2699
5_theo_0.wav,data/fsdd/recordings/5_theo_0.wav,5,theo,0,2427
5_theo_1.wav,data/fsdd/recordings/5_theo_1.wav,5,theo,1,2355
5_theo_10.wav,data/fsdd/recordings/5_theo_10.wav,5,theo,10,2201
5_theo_11.wav,data/fsdd/recordings/5_theo_11.wav,5,theo,11,2065
5_theo_12.wav,data/fsdd/recordings/5_theo_12.wav,5,theo,12,2433
5_theo_13.wav,data/fsdd/recordings/5_theo_13.wav,5,theo,13,2653
5_theo_14.wav,data/fsdd/recordings/5_theo_14.wav,5,theo,14,2170
5_theo_15.wav,data/fsdd/recordings/5_theo_15.wav,5,theo,15,2624
5_theo_16.wav,data/fsdd/recordings/5_theo_16.wav,5,theo,16,3150
5_theo_17.wav,data/fsdd/recordings/5_theo_17.wav,5,theo,17,3817
5_theo_18.wav,data/fsdd/recordings/5_theo_18.wav,5,theo,18,2916
5_theo_19.wav,data/fsdd/recordings/5_theo_19.wav,5,theo,19,4495
5_theo_2.wav,data/fsdd/recordings/5_theo_2.wav,5,theo,2,2139
5_theo_20.wav,data/fsdd/recordings/5_theo_20.wav,5,theo,20,2425
5_theo_21.wav,data/fsdd/recordings/5_theo_21.wav,5,theo,21,3631
5_theo_22.wav,data/fsdd/recordings/5_theo_22.wav,5,theo,22,4101
5_theo_23.wav,data/fsdd/recordings/5_theo_23.wav,5,theo,23,4277
5_theo_24.wav,data/fsdd/recordings/5_theo_24.wav,5,theo,24,1673
5_theo_25.wav,data/fsdd/recordings/5_theo_25.wav,5,theo,25,3130
5_theo_26.wav,data/fsdd/recordings/5_theo_26.wav,5,theo,26,4123
5_theo_27.wav,data/fsdd/recordings/5_theo_27.wav,5,theo,27,4341
5_theo_28.wav,data/fsdd/recordings/5_theo_28.wav,5,theo,28,3044
5_theo_29.wav,data/fsdd/recordings/5_theo_29.wav,5,theo,29,4666
5_theo_3.wav,data/fsdd/recordings/5_theo_3.wav,5,theo,3,2219
5_theo_30.wav,data/fsdd/recordings/5_theo_30.wav,5,theo,30,5239
5_theo_31.wav,data/fsdd/recordings/5_theo_31.wav,5,theo,31,1970
5_theo_32.wav,data/fsdd/recordings/5_theo_32.wav,5,theo,32,3495
5_theo_33.wav,data/fsdd/recordings/5_theo_33.wav,5,theo,33,3682
5_theo_34.wav,data/fsdd/recordings/5_theo_34.wav,5,theo,34,3853
5_theo_35.wav,data/fsdd/recordings/5_theo_35.wav,5,theo,35,3861
5_theo_36.wav,data/fsdd/recordings/5_theo_36.wav,5,theo,36,8201
5_theo_37.wav,data/fsdd/recordings/5_theo_37.wav,5,theo,37,2917
5_theo_38.wav,data/fsdd/recordings/5_theo_38.wav,5,theo,38,2045
5_theo_39.wav,data/fsdd/recordings/5_theo_39.wav,5,theo,39,2817
5_theo_4.wav,data/fsdd/recordings/5_theo_4.wav,5,theo,4,2267
5_theo_40.wav,data/fsdd/recordings/5_theo_40.wav,5,theo,40,2728
5_theo_41.wav,data/fsdd/recordings/5_theo_41.wav,5,theo,41,2277
5_theo_42.wav,data/fsdd/recordings/5_theo_42.wav,5,theo,42,3087
5_theo_43.wav,data/fsdd/recordings/5_theo_43.wav,5,theo,43,3100
5_theo_44.wav,data/fsdd/recordings/5_theo_44.wav,5,theo,44,3306
5_theo_45.wav,data/fsdd/recordings/5_theo_45.wav,5,theo,45,3389
5_theo_46.wav,data/fsdd/recordings/5_theo_46.wav,5,theo,46,3273
5_theo_47.wav,data/fsdd/recordings/5_theo_47.wav,5,theo,47,3165
5_theo_48.wav,data/fsdd/recordings/5_theo_48.wav,5,theo,48,3248
5_theo_49.wav,data/fsdd/recordings/5_theo_49.wav,5,theo,49,3611
5_theo_5.wav,data/fsdd/recordings/5_theo_5.wav,5,theo,5,2587
5_theo_6.wav,data/fsdd/recordings/5_theo_6.wav,5,theo,6,2207
5_theo_7.wav,data/fsdd/recordings/5_theo_7.wav,5,theo,7,3031
5_theo_8.wav,data/fsdd/recordings/5_theo_8.wav,5,theo,8,2720
5_theo_9.wav,data/fsdd/recordings/5_theo_9.wav,5,theo,9,2553
5_yweweler_0.wav,data/fsdd/recordings/5_yweweler_0.wav,5,yweweler,0,2425
5_yweweler_1.wav,data/fsdd/recordings/5_yweweler_1.wav,5,yweweler,1,3347
5_yweweler_10.wav,data/fsdd/recordings/5_yweweler_10.wav,5,yweweler,10,4048
5_yweweler_11.wav,data/fsdd/recordings/5_yweweler_11.wav,5,yweweler,11,4072
5_yweweler_12.wav,data/fsdd/recordings/5_yweweler_12.wav,5,yweweler,12,3537
5_yweweler_13.wav,data/fsdd/recordings/5_yweweler_13.wav,5,yweweler,13,3080
5_yweweler_14.wav,data/fsdd/recordings/5_yweweler_14.wav,5,yweweler,14,3951
5_yweweler_15.wav,data/fsdd/recordings/5_yweweler_15.wav,5,yweweler,15,4003
5_yweweler_16.wav,data/fsdd/recordings/5_yweweler_16.wav,5,yweweler,16,3990
5_yweweler_17.wav,data/fsdd/recordings/5_yweweler_17.wav,5,yweweler,17,2257
5_yweweler_18.wav,data/fsdd/recordings/5_yweweler_18.wav,5,yweweler,18,2348
5_yweweler_19.wav,data/fsdd/recordings/5_yweweler_19.wav,5,yweweler,19,3179
5_yweweler_2.wav,data/fsdd/recordings/5_yweweler_2.wav,5,yweweler,2,3114
5_yweweler_20.wav,data/fsdd/recordings/5_yweweler_20.wav,5,yweweler,20,3634
5_yweweler_21.wav,data/fsdd/recordings/5_yweweler_21.wav,5,yweweler,21,4186
5_yweweler_22.wav,data/fsdd/recordings/5_yweweler_22.wav,5,yweweler,22,4174
5_yweweler_23.wav,data/fsdd/recordings/5_yweweler_23.wav,5,yweweler,23,3658
5_yweweler_24.wav,data/fsdd/recordings/5_yweweler_24.wav,5,yweweler,24,3274
5_yweweler_25.wav,data/fsdd/recordings/5_yweweler_25.wav,5,yweweler,25,4252
5_yweweler_26.wav,data/fsdd/recordings/5_yweweler_26.wav,5,yweweler,26,3249
5_yweweler_27.wav,data/fsdd/recordings/5_yweweler_27.wav,5,yweweler,27,3615
5_yweweler_28.wav,data/fsdd/recordings/5_yweweler_28.wav,5,yweweler,28,4005
5_yweweler_29.wav,data/fsdd/recordings/5_yweweler_29.wav,5,yweweler,29,3877
5_yweweler_3.wav,data/fsdd/recordings/5_yweweler_3.wav,5,yweweler,3,3327
5_yweweler_30.wav,data/fsdd/recordings/5_yweweler_30.wav,5,yweweler,30,3331
5_yweweler_31.wav,data/fsdd/recordings/5_yweweler_31.wav,5,yweweler,31,3997
5_yweweler_32.wav,data/fsdd/recordings/5_yweweler_32.wav,5,yweweler,32,4635
5_yweweler_33.wav,data/fsdd/recordings/5_yweweler_33.wav,5,yweweler,33,3399
5_yweweler_34.wav,data/fsdd/recordings/5_yweweler_34.wav,5,yweweler,34,5139
5_yweweler_35.wav,data/fsdd/recordings/5_yweweler_35.wav,5,yweweler,35,3663
5_yweweler_36.wav,data/fsdd/recordings/5_yweweler_36.wav,5,yweweler,36,3768
5_yweweler_37.wav,data/fsdd/recordings/5_yweweler_37.wav,5,yweweler,37,3961
5_yweweler_38.wav,data/fsdd/recordings/5_yweweler_38.wav,5,yweweler,38,4468
5_yweweler_39.wav,data/fsdd/recordings/5_yweweler_39.wav,5,yweweler,39,3447
5_yweweler_4.wav,data/fsdd/recordings/5_yweweler_4.wav,5,yweweler,4,4008
5_yweweler_40.wav,data/fsdd/recordings/5_yweweler_40.wav,5,yweweler,40,5470
5_yweweler_41.wav,data/fsdd/recordings/5_yweweler_41.wav,5,yweweler,41,3980
5_yweweler_42.wav,data/fsdd/recordings/5_yweweler_42.wav,5,yweweler,42,3776
5_yweweler_43.wav,data/fsdd/recordings/5_yweweler_43.wav,5,yweweler,43,3763
5_yweweler_44.wav,data/fsdd/recordings/5_yweweler_44.wav,5,yweweler,44,3642
5_yweweler_45.wav,data/fsdd/recordings/5_yweweler_45.wav,5,yweweler,45,2974
5_yweweler_46.wav,data/fsdd/recordings/5_yweweler_46.wav,5,yweweler,46,4111
5_yweweler_47.wav,data/fsdd/recordings/5_yweweler_47.wav,5,yweweler,47,3813
5_yweweler_48.wav,data/fsdd/recordings/5_yweweler_48.wav,5,yweweler,48,3986
5_yweweler_49.wav,data/fsdd/recordings/5_yweweler_49.wav,5,yweweler,49,3783
5_yweweler_5.wav,data/fsdd/recordings/5_yweweler_5.wav,5,yweweler,5,3018
5_yweweler_6.wav,data/fsdd/recordings/5_yweweler_6.wav,5,yweweler,6,2657
5_yweweler_7.wav,data/fsdd/recordings/5_yweweler_7.wav,5,yweweler,7,3670
5_yweweler_8.wav,data/fsdd/recordings/5_yweweler_8.wav,5,yweweler,8,3519
5_yweweler_9.wav,data/fsdd/recordings/5_yweweler_9.wav,5,yweweler,9,4213
6_lucas_0.wav,data/fsdd/recordings/6_lucas_0.wav,6,lucas,0,3876
6_lucas_1.wav,data/fsdd/recordings/6_lucas_1.wav,6,lucas,1,4978
6_lucas_10.wav,data/fsdd/recordings/6_lucas_10.wav,6,lucas,10,4848
6_lucas_11.wav,data/fsdd/recordings/6_lucas_11.wav,6,lucas,11,4476
6_lucas_12.wav,data/fsdd/recordings/6_lucas_12.wav,6,lucas,12,3513
6_lucas_13.wav,data/fsdd/recordings/6_lucas_13.wav,6,lucas,13,4139
6_lucas_14.wav,data/fsdd/recordings/6_lucas_14.wav,6,lucas,14,4161
6_lucas_15.wav,data/fsdd/recordings/6_lucas_15.wav,6,lucas,15,4574
6_lucas_16.wav,data/fsdd/recordings/6_lucas_16.wav,6,lucas,16,4935
6_lucas_17.wav,data/fsdd/recordings/6_lucas_17.wav,6,lucas,17,4646
6_lucas_18.wav,data/fsdd/recordings/6_lucas_18.wav,6,lucas,18,4812
6_lucas_19.wav,data/fsdd/recordings/6_lucas_19.wav,6,lucas,19,4696
6_lucas_2.wav,data/fsdd/recordings/6_lucas_2.wav,6,lucas,2,3848
6_lucas_20.wav,data/fsdd/recordings/6_lucas_20.wav,6,lucas,20,3764
6_lucas_21.wav,data/fsdd/recordings/6_lucas_21.wav,6,lucas,21,5050
6_lucas_22.wav,data/fsdd/recordings/6_lucas_22.wav,6,lucas,22,7794
6_lucas_23.wav,data/fsdd/recordings/6_lucas_23.wav,6,lucas,23,4370
6_lucas_24.wav,data/fsdd/recordings/6_lucas_24.wav,6,lucas,24,4722
6_lucas_25.wav,data/fsdd/recordings/6_lucas_25.wav,6,lucas,25,4103
6_lucas_26.wav,data/fsdd/recordings/6_lucas_26.wav,6,lucas,26,4838
6_lucas_27.wav,data/fsdd/recordings/6_lucas_27.wav,6,lucas,27,3742
6_lucas_28.wav,data/fsdd/recordings/6_lucas_28.wav,6,lucas,28,4070
6_lucas_29.wav,data/fsdd/recordings/6_lucas_29.wav,6,lucas,29,4596
6_lucas_3.wav,data/fsdd/recordings/6_lucas_3.wav,6,lucas,3,6981
6_lucas_30.wav,data/fsdd/recordings/6_lucas_30.wav,6,lucas,30,4306
6_lucas_31.wav,data/fsdd/recordings/6_lucas_31.wav,6,lucas,31,5201
6_lucas_32.wav,data/fsdd/recordings/6_lucas_32.wav,6,lucas,32,4166
6_lucas_33.wav,data/fsdd/recordings/6_lucas_33.wav,6,lucas,33,7820
6_lucas_34.wav,data/fsdd/recordings/6_lucas_34.wav,6,lucas,34,3986
6_lucas_35.wav,data/fsdd/recordings/6_lucas_35.wav,6,lucas,35,4074
6_lucas_36.wav,data/fsdd/recordings/6_lucas_36.wav,6,lucas,36,4271
6_lucas_37.wav,data/fsdd/recordings/6_lucas_37.wav,6,lucas,37,3783
6_lucas_38.wav,data/fsdd/recordings/6_lucas_38.wav,6,lucas,38,3950
6_lucas_39.wav,data/fsdd/recordings/6_lucas_39.wav,6,lucas,39,4628
6_lucas_4.wav,data/fsdd/recordings/6_lucas_4.wav,6,lucas,4,3897
6_lucas_40.wav,data/fsdd/recordings/6_lucas_40.wav,6,lucas,40,5094
6_lucas_41.wav,data/fsdd/recordings/6_lucas_41.wav,6,lucas,41,4002
6_lucas_42.wav,data/fsdd/recordings/6_lucas_42.wav,6,lucas,42,3939
6_lucas_43.wav,data/fsdd/recordings/6_lucas_43.wav,6,lucas,43,3948
6_lucas_44.wav,data/fsdd/recordings/6_lucas_44.wav,6,lucas,44,4109
6_lucas_45.wav,data/fsdd/recordings/6_lucas_45.wav,6,lucas,45,4926
6_lucas_46.wav,data/fsdd/recordings/6_lucas_46.wav,6,lucas,46,4300
6_lucas_47.wav,data/fsdd/recordings/6_lucas_47.wav,6,lucas,47,4648
6_lucas_48.wav,data/fsdd/recordings/6_lucas_48.wav,6,lucas,48,3528
6_lucas_49.wav,data/fsdd/recordings/6_lucas_49.wav,6,lucas,49,4194
6_lucas_5.wav,data/fsdd/recordings/6_lucas_5.wav,6,lucas,5,4761
6_lucas_6.wav,data/fsdd/recordings/6_lucas_6.wav,6,lucas,6,4188
6_lucas_7.wav,data/fsdd/recordings/6_lucas_7.wav,6,lucas,7,4182
6_lucas_8.wav,data/fsdd/recordings/6_lucas_8.wav,6,lucas,8,4513
6_lucas_9.wav,data/fsdd/recordings/6_lucas_9.wav,6,lucas,9,3867
6_nicolas_0.wav,data/fsdd/recordings/6_nicolas_0.wav,6,nicolas,0,1722
6_nicolas_1.wav,data/fsdd/recordings/6_nicolas_1.wav,6,nicolas,1,1850
6_nicolas_10.wav,data/fsdd/recordings/6_nicolas_10.wav,6,nicolas,10,2716
6_nicolas_11.wav,data/fsdd/recordings/6_nicolas_11.wav,6,nicolas,11,2683
6_nicolas_12.wav,data/fsdd/recordings/6_nicolas_12.wav,6,nicolas,12,2424
6_nicolas_13.wav,data/fsdd/recordings/6_nicolas_13.wav,6,nicolas,13,2619
6_nicolas_14.wav,data/fsdd/recordings/6_nicolas_14.wav,6,nicolas,14,2554
6_nicolas_15.wav,data/fsdd/recordings/6_nicolas_15.wav,6,nicolas,15,2618
6_nicolas_16.wav,data/fsdd/recordings/6_nicolas_16.wav,6,nicolas,16,1843
6_nicolas_17.wav,data/fsdd/recordings/6_nicolas_17.wav,6,nicolas,17,1843
6_nicolas_18.wav,data/fsdd/recordings/6_nicolas_18.wav,6,nicolas,18,1778
6_nicolas_19.wav,data/fsdd/recordings/6_nicolas_19.wav,6,nicolas,19,2134
6_nicolas_2.wav,data/fsdd/recordings/6_nicolas_2.wav,6,nicolas,2,2105
6_nicolas_20.wav,data/fsdd/recordings/6_nicolas_20.wav,6,nicolas,20,2388
6_nicolas_21.wav,data/fsdd/recordings/6_nicolas_21.wav,6,nicolas,21,1433
6_nicolas_22.wav,data/fsdd/recordings/6_nicolas_22.wav,6,nicolas,22,2081
6_nicolas_23.wav,data/fsdd/recordings/6_nicolas_23.wav,6,nicolas,23,1296
6_nicolas_24.wav,data/fsdd/recordings/6_nicolas_24.wav,6,nicolas,24,2422
6_nicolas_25.wav,data/fsdd/recordings/6_nicolas_25.wav,6,nicolas,25,2559
6_nicolas_26.wav,data/fsdd/recordings/6_nicolas_26.wav,6,nicolas,26,2012
6_nicolas_27.wav,data/fsdd/recordings/6_nicolas_27.wav,6,nicolas,27,1911
6_nicolas_28.wav,data/fsdd/recordings/6_nicolas_28.wav,6,nicolas,28,2422
6_nicolas_29.wav,data/fsdd/recordings/6_nicolas_29.wav,6,nicolas,29,1569
6_nicolas_3.wav,data/fsdd/recordings/6_nicolas_3.wav,6,nicolas,3,3125
6_nicolas_30.wav,data/fsdd/recordings/6_nicolas_30.wav,6,nicolas,30,2590
6_nicolas_31.wav,data/fsdd/recordings/6_nicolas_31.wav,6,nicolas,31,1973
6_nicolas_32.wav,data/fsdd/recordings/6_nicolas_32.wav,6,nicolas,32,2837
6_nicolas_33.wav,data/fsdd/recordings/6_nicolas_33.wav,6,nicolas,33,2528
6_nicolas_34.wav,data/fsdd/recordings/6_nicolas_34.wav,6,nicolas,34,1434
6_nicolas_35.wav,data/fsdd/recordings/6_nicolas_35.wav,6,nicolas,35,1295
6_nicolas_36.wav,data/fsdd/recordings/6_nicolas_36.wav,6,nicolas,36,1403
6_nicolas_37.wav,data/fsdd/recordings/6_nicolas_37.wav,6,nicolas,37,1634
6_nicolas_38.wav,data/fsdd/recordings/6_nicolas_38.wav,6,nicolas,38,1357
6_nicolas_39.wav,data/fsdd/recordings/6_nicolas_39.wav,6,nicolas,39,1434
6_nicolas_4.wav,data/fsdd/recordings/6_nicolas_4.wav,6,nicolas,4,3763
6_nicolas_40.wav,data/fsdd/recordings/6_nicolas_40.wav,6,nicolas,40,1968
6_nicolas_41.wav,data/fsdd/recordings/6_nicolas_41.wav,6,nicolas,41,2342
6_nicolas_42.wav,data/fsdd/recordings/6_nicolas_42.wav,6,nicolas,42,1593
6_nicolas_43.wav,data/fsdd/recordings/6_nicolas_43.wav,6,nicolas,43,2780
6_nicolas_44.wav,data/fsdd/recordings/6_nicolas_44.wav,6,nicolas,44,2936
6_nicolas_45.wav,data/fsdd/recordings/6_nicolas_45.wav,6,nicolas,45,2374
6_nicolas_46.wav,data/fsdd/recordings/6_nicolas_46.wav,6,nicolas,46,2842
6_nicolas_47.wav,data/fsdd/recordings/6_nicolas_47.wav,6,nicolas,47,2780
6_nicolas_48.wav,data/fsdd/recordings/6_nicolas_48.wav,6,nicolas,48,2499
6_nicolas_49.wav,data/fsdd/recordings/6_nicolas_49.wav,6,nicolas,49,2187
6_nicolas_5.wav,data/fsdd/recordings/6_nicolas_5.wav,6,nicolas,5,3763
6_nicolas_6.wav,data/fsdd/recordings/6_nicolas_6.wav,6,nicolas,6,1913
6_nicolas_7.wav,data/fsdd/recordings/6_nicolas_7.wav,6,nicolas,7,1149
6_nicolas_8.wav,data/fsdd/recordings/6_nicolas_8.wav,6,nicolas,8,1610
6_nicolas_9.wav,data/fsdd/recordings/6_nicolas_9.wav,6,nicolas,9,1259
6_theo_0.wav,data/fsdd/recordings/6_theo_0.wav,6,theo,0,3928
6_theo_1.wav,data/fsdd/recordings/6_theo_1.wav,6,theo,1,3849
6_theo_10.wav,data/fsdd/recordings/6_theo_10.wav,6,theo,10,3553
6_theo_11.wav,data/fsdd/recordings/6_theo_11.wav,6,theo,11,3754
6_theo_12.wav,data/fsdd/recordings/6_theo_12.wav,6,theo,12,3628
6_theo_13.wav,data/fsdd/recordings/6_theo_13.wav,6,theo,13,2721
6_theo_14.wav,data/fsdd/recordings/6_theo_14.wav,6,theo,14,3277
6_theo_15.wav,data/fsdd/recordings/6_theo_15.wav,6,theo,15,3027
6_theo_16.wav,data/fsdd/recordings/6_theo_16.wav,6,theo,16,2889
6_theo_17.wav,data/fsdd/recordings/6_theo_17.wav,6,theo,17,4779
6_theo_18.wav,data/fsdd/recordings/6_theo_18.wav,6,theo,18,4439
6_theo_19.wav,data/fsdd/recordings/6_theo_19.wav,6,theo,19,3287
6_theo_2.wav,data/fsdd/recordings/6_theo_2.wav,6,theo,2,3979
6_theo_20.wav,data/fsdd/recordings/6_theo_20.wav,6,theo,20,3279
6_theo_21.wav,data/fsdd/recordings/6_theo_21.wav,6,theo,21,3599
6_theo_22.wav,data/fsdd/recordings/6_theo_22.wav,6,theo,22,3599
6_theo_23.wav,data/fsdd/recordings/6_theo_23.wav,6,theo,23,3431
6_theo_24.wav,data/fsdd/recordings/6_theo_24.wav,6,theo,24,3992
6_theo_25.wav,data/fsdd/recordings/6_theo_25.wav,6,theo,25,4681
6_theo_26.wav,data/fsdd/recordings/6_theo_26.wav,6,theo,26,3348
6_theo_27.wav,data/fsdd/recordings/6_theo_27.wav,6,theo,27,4917
6_theo_28.wav,data/fsdd/recordings/6_theo_28.wav,6,theo,28,4820
6_theo_29.wav,data/fsdd/recordings/6_theo_29.wav,6,theo,29,3723
6_theo_3.wav,data/fsdd/recordings/6_theo_3.wav,6,theo,3,3842
6_theo_30.wav,data/fsdd/recordings/6_theo_30.wav,6,theo,30,2731
6_theo_31.wav,data/fsdd/recordings/6_theo_31.wav,6,theo,31,4089
6_theo_32.wav,data/fsdd/recordings/6_theo_32.wav,6,theo,32,3410
6_theo_33.wav,data/fsdd/recordings/6_theo_33.wav,6,theo,33,2922
6_theo_34.wav,data/fsdd/recordings/6_theo_34.wav,6,theo,34,3383
6_theo_35.wav,data/fsdd/recordings/6_theo_35.wav,6,theo,35,3591
6_theo_36.wav,data/fsdd/recordings/6_theo_36.wav,6,theo,36,4347
6_theo_37.wav,data/fsdd/recordings/6_theo_37.wav,6,theo,37,2622
6_theo_38.wav,data/fsdd/recordings/6_theo_38.wav,6,theo,38,3673
6_theo_39.wav,data/fsdd/recordings/6_theo_39.wav,6,theo,39,3421
6_theo_4.wav,data/fsdd/recordings/6_theo_4.wav,6,theo,4,3802
6_theo_40.wav,data/fsdd/recordings/6_theo_40.wav,6,theo,40,3326
6_theo_41.wav,data/fsdd/recordings/6_theo_41.wav,6,theo,41,3866
6_theo_42.wav,data/fsdd/recordings/6_theo_42.wav,6,theo,42,3668
6_theo_43.wav,data/fsdd/recordings/6_theo_43.wav,6,theo,43,3029
6_theo_44.wav,data/fsdd/recordings/6_theo_44.wav,6,theo,44,3680
6_theo_45.wav,data/fsdd/recordings/6_theo_45.wav,6,theo,45,3474
6_theo_46.wav,data/fsdd/recordings/6_theo_46.wav,6,theo,46,3554
6_theo_47.wav,data/fsdd/recordings/6_theo_47.wav,6,theo,47,3787
6_theo_48.wav,data/fsdd/recordings/6_theo_48.wav,6,theo,48,2342
6_theo_49.wav,data/fsdd/recordings/6_theo_49.wav,6,theo,49,2782
6_theo_5.wav,data/fsdd/recordings/6_theo_5.wav,6,theo,5,3930
6_theo_6.wav,data/fsdd/recordings/6_theo_6.wav,6,theo,6,3173
6_theo_7.wav,data/fsdd/recordings/6_theo_7.wav,6,theo,7,3582
6_theo_8.wav,data/fsdd/recordings/6_theo_8.wav,6,theo,8,3853
6_theo_9.wav,data/fsdd/recordings/6_theo_9.wav,6,theo,9,4017
6_yweweler_0.wav,data/fsdd/recordings/6_yweweler_0.wav,6,yweweler,0,2653
6_yweweler_1.wav,data/fsdd/recordings/6_yweweler_1.wav,6,yweweler,1,1251
6_yweweler_10.wav,data/fsdd/recordings/6_yweweler_10.wav,6,yweweler,10,1302
6_yweweler_11.wav,data/fsdd/recordings/6_yweweler_11.wav,6,yweweler,11,2368
6_yweweler_12.wav,data/fsdd/recordings/6_yweweler_12.wav,6,yweweler,12,3637
6_yweweler_13.wav,data/fsdd/recordings/6_yweweler_13.wav,6,yweweler,13,3022
6_yweweler_14.wav,data/fsdd/recordings/6_yweweler_14.wav,6,yweweler,14,2175
6_yweweler_15.wav,data/fsdd/recordings/6_yweweler_15.wav,6,yweweler,15,1988
6_yweweler_16.wav,data/fsdd/recordings/6_yweweler_16.wav,6,yweweler,16,3416
6_yweweler_17.wav,data/fsdd/recordings/6_yweweler_17.wav,6,yweweler,17,1294
6_yweweler_18.wav,data/fsdd/recordings/6_yweweler_18.wav,6,yweweler,18,2237
6_yweweler_19.wav,data/fsdd/recordings/6_yweweler_19.wav,6,yweweler,19,1446
6_yweweler_2.wav,data/fsdd/recordings/6_yweweler_2.wav,6,yweweler,2,1830
6_yweweler_20.wav,data/fsdd/recordings/6_yweweler_20.wav,6,yweweler,20,1440
6_yweweler_21.wav,data/fsdd/recordings/6_yweweler_21.wav,6,yweweler,21,1710
6_yweweler_22.wav,data/fsdd/recordings/6_yweweler_22.wav,6,yweweler,22,1714
6_yweweler_23.wav,data/fsdd/recordings/6_yweweler_23.wav,6,yweweler,23,1381
6_yweweler_24.wav,data/fsdd/recordings/6_yweweler_24.wav,6,yweweler,24,1868
6_yweweler_25.wav,data/fsdd/recordings/6_yweweler_25.wav,6,yweweler,25,1410
6_yweweler_26.wav,data/fsdd/recordings/6_yweweler_26.wav,6,yweweler,26,1542
6_yweweler_27.wav,data/fsdd/recordings/6_yweweler_27.wav,6,yweweler,27,1682
6_yweweler_28.wav,data/fsdd/recordings/6_yweweler_28.wav,6,yweweler,28,1873
6_yweweler_29.wav,data/fsdd/recordings/6_yweweler_29.wav,6,yweweler,29,2736
6_yweweler_3.wav,data/fsdd/recordings/6_yweweler_3.wav,6,yweweler,3,1148
6_yweweler_30.wav,data/fsdd/recordings/6_yweweler_30.wav,6,yweweler,30,2453
6_yweweler_31.wav,data/fsdd/recordings/6_yweweler_31.wav,6,yweweler,31,1838
6_yweweler_32.wav,data/fsdd/recordings/6_yweweler_32.wav,6,yweweler,32,1502
6_yweweler_33.wav,data/fsdd/recordings/6_yweweler_33.wav,6,yweweler,33,1763
6_yweweler_34.wav,data/fsdd/recordings/6_yweweler_34.wav,6,yweweler,34,3462
6_yweweler_35.wav,data/fsdd/recordings/6_yweweler_35.wav,6,yweweler,35,2016
6_yweweler_36.wav,data/fsdd/recordings/6_yweweler_36.wav,6,yweweler,36,2244
6_yweweler_37.wav,data/fsdd/recordings/6_yweweler_37.wav,6,yweweler,37,3256
6_yweweler_38.wav,data/fsdd/recordings/6_yweweler_38.wav,6,yweweler,38,3484
6_yweweler_39.wav,data/fsdd/recordings/6_yweweler_39.wav,6,yweweler,39,2726
6_yweweler_4.wav,data/fsdd/recordings/6_yweweler_4.wav,6,yweweler,4,1450
6_yweweler_40.wav,data/fsdd/recordings/6_yweweler_40.wav,6,yweweler,40,3163
6_yweweler_41.wav,data/fsdd/recordings/6_yweweler_41.wav,6,yweweler,41,2825
6_yweweler_42.wav,data/fsdd/recordings/6_yweweler_42.wav,6,yweweler,42,1538
6_yweweler_43.wav,data/fsdd/recordings/6_yweweler_43.wav,6,yweweler,43,1833
6_yweweler_44.wav,data/fsdd/recordings/6_yweweler_44.wav,6,yweweler,44,1443
6_yweweler_45.wav,data/fsdd/recordings/6_yweweler_45.wav,6,yweweler,45,2043
6_yweweler_46.wav,data/fsdd/recordings/6_yweweler_46.wav,6,yweweler,46,1567
6_yweweler_47.wav,data/fsdd/recordings/6_yweweler_47.wav,6,yweweler,47,1781
6_yweweler_48.wav,data/fsdd/recordings/6_yweweler_48.wav,6,yweweler,48,2701
6_yweweler_49.wav,data/fsdd/recordings/6_yweweler_49.wav,6,yweweler,49,2214
6_yweweler_5.wav,data/fsdd/recordings/6_yweweler_5.wav,6,yweweler,5,1932
6_yweweler_6.wav,data/fsdd/recordings/6_yweweler_6.wav,6,yweweler,6,2172
6_yweweler_7.wav,data/fsdd/recordings/6_yweweler_7.wav,6,yweweler,7,2165
6_yweweler_8.wav,data/fsdd/recordings/6_yweweler_8.wav,6,yweweler,8,2294
6_yweweler_9.wav,data/fsdd/recordings/6_yweweler_9.wav,6,yweweler,9,3224
7_lucas_0.wav,data/fsdd/recordings/7_lucas_0.wav,7,lucas,0,5299
7_lucas_1.wav,data/fsdd/recordings/7_lucas_1.wav,7,lucas,1,3608
7_lucas_10.wav,data/fsdd/recordings/7_lucas_10.wav,7,lucas,10,3576
7_lucas_11.wav,data/fsdd/recordings/7_lucas_11.wav,7,lucas,11,4405
7_lucas_12.wav,data/fsdd/recordings/7_lucas_12.wav,7,lucas,12,3699
7_lucas_13.wav,data/fsdd/recordings/7_lucas_13.wav,7,lucas,13,3648
7_lucas_14.wav,data/fsdd/recordings/7_lucas_14.wav,7,lucas,14,4992
7_lucas_15.wav,data/fsdd/recordings/7_lucas_15.wav,7,lucas,15,6978
7_lucas_16.wav,data/fsdd/recordings/7_lucas_16.wav,7,lucas,16,4059
7_lucas_17.wav,data/fsdd/recordings/7_lucas_17.wav,7,lucas,17,4108
7_lucas_18.wav,data/fsdd/recordings/7_lucas_18.wav,7,lucas,18,5363
7_lucas_19.wav,data/fsdd/recordings/7_lucas_19.wav,7,lucas,19,3870
7_lucas_2.wav,data/fsdd/recordings/7_lucas_2.wav,7,lucas,2,3821
7_lucas_20.wav,data/fsdd/recordings/7_lucas_20.wav,7,lucas,20,3947
7_lucas_21.wav,data/fsdd/recordings/7_lucas_21.wav,7,lucas,21,4758
7_lucas_22.wav,data/fsdd/recordings/7_lucas_22.wav,7,lucas,22,8024
7_lucas_23.wav,data/fsdd/recordings/7_lucas_23.wav,7,lucas,23,3659
7_lucas_24.wav,data/fsdd/recordings/7_lucas_24.wav,7,lucas,24,9692
7_lucas_25.wav,data/fsdd/recordings/7_lucas_25.wav,7,lucas,25,3822
7_lucas_26.wav,data/fsdd/recordings/7_lucas_26.wav,7,lucas,26,3560
7_lucas_27.wav,data/fsdd/recordings/7_lucas_27.wav,7,lucas,27,4089
7_lucas_28.wav,data/fsdd/recordings/7_lucas_28.wav,7,lucas,28,9331
7_lucas_29.wav,data/fsdd/recordings/7_lucas_29.wav,7,lucas,29,10399
7_lucas_3.wav,data/fsdd/recordings/7_lucas_3.wav,7,lucas,3,4470
7_lucas_30.wav,data/fsdd/recordings/7_lucas_30.wav,7,lucas,30,5443
7_lucas_31.wav,data/fsdd/recordings/7_lucas_31.wav,7,lucas,31,4316
7_lucas_32.wav,data/fsdd/recordings/7_lucas_32.wav,7,lucas,32,4242
7_lucas_33.wav,data/fsdd/recordings/7_lucas_33.wav,7,lucas,33,4319
7_lucas_34.wav,data/fsdd/recordings/7_lucas_34.wav,7,lucas,34,4412
7_lucas_35.wav,data/fsdd/recordings/7_lucas_35.wav,7,lucas,35,3562
7_lucas_36.wav,data/fsdd/recordings/7_lucas_36.wav,7,lucas,36,3615
7_lucas_37.wav,data/fsdd/recordings/7_lucas_37.wav,7,lucas,37,2775
7_lucas_38.wav,data/fsdd/recordings/7_lucas_38.wav,7,lucas,38,4262
7_lucas_39.wav,data/fsdd/recordings/7_lucas_39.wav,7,lucas,39,3005
7_lucas_4.wav,data/fsdd/recordings/7_lucas_4.wav,7,lucas,4,4627
7_lucas_40.wav,data/fsdd/recordings/7_lucas_40.wav,7,lucas,40,5163
7_lucas_41.wav,data/fsdd/recordings/7_lucas_41.wav,7,lucas,41,3789
7_lucas_42.wav,data/fsdd/recordings/7_lucas_42.wav,7,lucas,42,4337
7_lucas_43.wav,data/fsdd/recordings/7_lucas_43.wav,7,lucas,43,4117
7_lucas_44.wav,data/fsdd/recordings/7_lucas_44.wav,7,lucas,44,3805
7_lucas_45.wav,data/fsdd/recordings/7_lucas_45.wav,7,lucas,45,3928
7_lucas_46.wav,data/fsdd/recordings/7_lucas_46.wav,7,lucas,46,6913
7_lucas_47.wav,data/fsdd/recordings/7_lucas_47.wav,7,lucas,47,4060
7_lucas_48.wav,data/fsdd/recordings/7_lucas_48.wav,7,lucas,48,5228
7_lucas_49.wav,data/fsdd/recordings/7_lucas_49.wav,7,lucas,49,3368
7_lucas_5.wav,data/fsdd/recordings/7_lucas_5.wav,7,lucas,5,4314
7_lucas_6.wav,data/fsdd/recordings/7_lucas_6.wav,7,lucas,6,4357
7_lucas_7.wav,data/fsdd/recordings/7_lucas_7.wav,7,lucas,7,8309
7_lucas_8.wav,data/fsdd/recordings/7_lucas_8.wav,7,lucas,8,6405
7_lucas_9.wav,data/fsdd/recordings/7_lucas_9.wav,7,lucas,9,3693
7_nicolas_0.wav,data/fsdd/recordings/7_nicolas_0.wav,7,nicolas,0,2979
7_nicolas_1.wav,data/fsdd/recordings/7_nicolas_1.wav,7,nicolas,1,3709
7_nicolas_10.wav,data/fsdd/recordings/7_nicolas_10.wav,7,nicolas,10,3186
7_nicolas_11.wav,data/fsdd/recordings/7_nicolas_11.wav,7,nicolas,11,2936
7_nicolas_12.wav,data/fsdd/recordings/7_nicolas_12.wav,7,nicolas,12,2936
7_nicolas_13.wav,data/fsdd/recordings/7_nicolas_13.wav,7,nicolas,13,2999
7_nicolas_14.wav,data/fsdd/recordings/7_nicolas_14.wav,7,nicolas,14,3310
7_nicolas_15.wav,data/fsdd/recordings/7_nicolas_15.wav,7,nicolas,15,2343
7_nicolas_16.wav,data/fsdd/recordings/7_nicolas_16.wav,7,nicolas,16,2218
7_nicolas_17.wav,data/fsdd/recordings/7_nicolas_17.wav,7,nicolas,17,3029
7_nicolas_18.wav,data/fsdd/recordings/7_nicolas_18.wav,7,nicolas,18,3186
7_nicolas_19.wav,data/fsdd/recordings/7_nicolas_19.wav,7,nicolas,19,2655
7_nicolas_2.wav,data/fsdd/recordings/7_nicolas_2.wav,7,nicolas,2,3569
7_nicolas_20.wav,data/fsdd/recordings/7_nicolas_20.wav,7,nicolas,20,2716
7_nicolas_21.wav,data/fsdd/recordings/7_nicolas_21.wav,7,nicolas,21,2952
7_nicolas_22.wav,data/fsdd/recordings/7_nicolas_22.wav,7,nicolas,22,2746
7_nicolas_23.wav,data/fsdd/recordings/7_nicolas_23.wav,7,nicolas,23,3218
7_nicolas_24.wav,data/fsdd/recordings/7_nicolas_24.wav,7,nicolas,24,2214
7_nicolas_25.wav,data/fsdd/recordings/7_nicolas_25.wav,7,nicolas,25,1978
7_nicolas_26.wav,data/fsdd/recordings/7_nicolas_26.wav,7,nicolas,26,2598
7_nicolas_27.wav,data/fsdd/recordings/7_nicolas_27.wav,7,nicolas,27,2922
7_nicolas_28.wav,data/fsdd/recordings/7_nicolas_28.wav,7,nicolas,28,3041
7_nicolas_29.wav,data/fsdd/recordings/7_nicolas_29.wav,7,nicolas,29,3070
7_nicolas_3.wav,data/fsdd/recordings/7_nicolas_3.wav,7,nicolas,3,2922
7_nicolas_30.wav,data/fsdd/recordings/7_nicolas_30.wav,7,nicolas,30,2774
7_nicolas_31.wav,data/fsdd/recordings/7_nicolas_31.wav,7,nicolas,31,2440
7_nicolas_32.wav,data/fsdd/recordings/7_nicolas_32.wav,7,nicolas,32,2829
7_nicolas_33.wav,data/fsdd/recordings/7_nicolas_33.wav,7,nicolas,33,2608
7_nicolas_34.wav,data/fsdd/recordings/7_nicolas_34.wav,7,nicolas,34,2440
7_nicolas_35.wav,data/fsdd/recordings/7_nicolas_35.wav,7,nicolas,35,2469
7_nicolas_36.wav,data/fsdd/recordings/7_nicolas_36.wav,7,nicolas,36,3134
7_nicolas_37.wav,data/fsdd/recordings/7_nicolas_37.wav,7,nicolas,37,3245
7_nicolas_38.wav,data/fsdd/recordings/7_nicolas_38.wav,7,nicolas,38,2885
7_nicolas_39.wav,data/fsdd/recordings/7_nicolas_39.wav,7,nicolas,39,2107
7_nicolas_4.wav,data/fsdd/recordings/7_nicolas_4.wav,7,nicolas,4,3569
7_nicolas_40.wav,data/fsdd/recordings/7_nicolas_40.wav,7,nicolas,40,2828
7_nicolas_41.wav,data/fsdd/recordings/7_nicolas_41.wav,7,nicolas,41,3425
7_nicolas_42.wav,data/fsdd/recordings/7_nicolas_42.wav,7,nicolas,42,3209
7_nicolas_43.wav,data/fsdd/recordings/7_nicolas_43.wav,7,nicolas,43,2066
7_nicolas_44.wav,data/fsdd/recordings/7_nicolas_44.wav,7,nicolas,44,2882
7_nicolas_45.wav,data/fsdd/recordings/7_nicolas_45.wav,7,nicolas,45,3562
7_nicolas_46.wav,data/fsdd/recordings/7_nicolas_46.wav,7,nicolas,46,3072
7_nicolas_47.wav,data/fsdd/recordings/7_nicolas_47.wav,7,nicolas,47,3453
7_nicolas_48.wav,data/fsdd/recordings/7_nicolas_48.wav,7,nicolas,48,2910
7_nicolas_49.wav,data/fsdd/recordings/7_nicolas_49.wav,7,nicolas,49,2474
7_nicolas_5.wav,data/fsdd/recordings/7_nicolas_5.wav,7,nicolas,5,2444
7_nicolas_6.wav,data/fsdd/recordings/7_nicolas_6.wav,7,nicolas,6,2951
7_nicolas_7.wav,data/fsdd/recordings/7_nicolas_7.wav,7,nicolas,7,2979
7_nicolas_8.wav,data/fsdd/recordings/7_nicolas_8.wav,7,nicolas,8,3484
7_nicolas_9.wav,data/fsdd/recordings/7_nicolas_9.wav,7,nicolas,9,2979
7_theo_0.wav,data/fsdd/recordings/7_theo_0.wav,7,theo,0,3428
7_theo_1.wav,data/fsdd/recordings/7_theo_1.wav,7,theo,1,2892
7_theo_10.wav,data/fsdd/recordings/7_theo_10.wav,7,theo,10,3705
7_theo_11.wav,data/fsdd/recordings/7_theo_11.wav,7,theo,11,3508
7_theo_12.wav,data/fsdd/recordings/7_theo_12.wav,7,theo,12,1965
7_theo_13.wav,data/fsdd/recordings/7_theo_13.wav,7,theo,13,2826
7_theo_14.wav,data/fsdd/recordings/7_theo_14.wav,7,theo,14,3876
7_theo_15.wav,data/fsdd/recordings/7_theo_15.wav,7,theo,15,5322
7_theo_16.wav,data/fsdd/recordings/7_theo_16.wav,7,theo,16,3135
7_theo_17.wav,data/fsdd/recordings/7_theo_17.wav,7,theo,17,4881
7_theo_18.wav,data/fsdd/recordings/7_theo_18.wav,7,theo,18,3019
7_theo_19.wav,data/fsdd/recordings/7_theo_19.wav,7,theo,19,2342
7_theo_2.wav,data/fsdd/recordings/7_theo_2.wav,7,theo,2,2020
7_theo_20.wav,data/fsdd/recordings/7_theo_20.wav,7,theo,20,3624
7_theo_21.wav,data/fsdd/recordings/7_theo_21.wav,7,theo,21,3128
7_theo_22.wav,data/fsdd/recordings/7_theo_22.wav,7,theo,22,2956
7_theo_23.wav,data/fsdd/recordings/7_theo_23.wav,7,theo,23,4033
7_theo_24.wav,data/fsdd/recordings/7_theo_24.wav,7,theo,24,4442
7_theo_25.wav,data/fsdd/recordings/7_theo_25.wav,7,theo,25,4132
7_theo_26.wav,data/fsdd/recordings/7_theo_26.wav,7,theo,26,2327
7_theo_27.wav,data/fsdd/recordings/7_theo_27.wav,7,theo,27,3349
7_theo_28.wav,data/fsdd/recordings/7_theo_28.wav,7,theo,28,3681
7_theo_29.wav,data/fsdd/recordings/7_theo_29.wav,7,theo,29,2080
7_theo_3.wav,data/fsdd/recordings/7_theo_3.wav,7,theo,3,2292
7_theo_30.wav,data/fsdd/recordings/7_theo_30.wav,7,theo,30,3008
7_theo_31.wav,data/fsdd/recordings/7_theo_31.wav,7,theo,31,3301
7_theo_32.wav,data/fsdd/recordings/7_theo_32.wav,7,theo,32,2230
7_theo_33.wav,data/fsdd/recordings/7_theo_33.wav,7,theo,33,2785
7_theo_34.wav,data/fsdd/recordings/7_theo_34.wav,7,theo,34,2328
7_theo_35.wav,data/fsdd/recordings/7_theo_35.wav,7,theo,35,4883
7_theo_36.wav,data/fsdd/recordings/7_theo_36.wav,7,theo,36,17567
7_theo_37.wav,data/fsdd/recordings/7_theo_37.wav,7,theo,37,6265
7_theo_38.wav,data/fsdd/recordings/7_theo_38.wav,7,theo,38,3001
7_theo_39.wav,data/fsdd/recordings/7_theo_39.wav,7,theo,39,1998
7_theo_4.wav,data/fsdd/recordings/7_theo_4.wav,7,theo,4,3424
7_theo_40.wav,data/fsdd/recordings/7_theo_40.wav,7,theo,40,3813
7_theo_41.wav,data/fsdd/recordings/7_theo_41.wav,7,theo,41,3393
7_theo_42.wav,data/fsdd/recordings/7_theo_42.wav,7,theo,42,3536
7_theo_43.wav,data/fsdd/recordings/7_theo_43.wav,7,theo,43,4198
7_theo_44.wav,data/fsdd/recordings/7_theo_44.wav,7,theo,44,3673
7_theo_45.wav,data/fsdd/recordings/7_theo_45.wav,7,theo,45,2554
7_theo_46.wav,data/fsdd/recordings/7_theo_46.wav,7,theo,46,3050
7_theo_47.wav,data/fsdd/recordings/7_theo_47.wav,7,theo,47,3122
7_theo_48.wav,data/fsdd/recordings/7_theo_48.wav,7,theo,48,2630
7_theo_49.wav,data/fsdd/recordings/7_theo_49.wav,7,theo,49,2849
7_theo_5.wav,data/fsdd/recordings/7_theo_5.wav,7,theo,5,2922
7_theo_6.wav,data/fsdd/recordings/7_theo_6.wav,7,theo,6,2245
7_theo_7.wav,data/fsdd/recordings/7_theo_7.wav,7,theo,7,4568
7_theo_8.wav,data/fsdd/recordings/7_theo_8.wav,7,theo,8,2585
7_theo_9.wav,data/fsdd/recordings/7_theo_9.wav,7,theo,9,3192
7_yweweler_0.wav,data/fsdd/recordings/7_yweweler_0.wav,7,yweweler,0,3491
7_yweweler_1.wav,data/fsdd/recordings/7_yweweler_1.wav,7,yweweler,1,3131
7_yweweler_10.wav,data/fsdd/recordings/7_yweweler_10.wav,7,yweweler,10,2900
7_yweweler_11.wav,data/fsdd/recordings/7_yweweler_11.wav,7,yweweler,11,2503
7_yweweler_12.wav,data/fsdd/recordings/7_yweweler_12.wav,7,yweweler,12,2707
7_yweweler_13.wav,data/fsdd/recordings/7_yweweler_13.wav,7,yweweler,13,2859
7_yweweler_14.wav,data/fsdd/recordings/7_yweweler_14.wav,7,yweweler,14,2590
7_yweweler_15.wav,data/fsdd/recordings/7_yweweler_15.wav,7,yweweler,15,2518
7_yweweler_16.wav,data/fsdd/recordings/7_yweweler_16.wav,7,yweweler,16,2469
7_yweweler_17.wav,data/fsdd/recordings/7_yweweler_17.wav,7,yweweler,17,2365
7_yweweler_18.wav,data/fsdd/recordings/7_yweweler_18.wav,7,yweweler,18,2835
7_yweweler_19.wav,data/fsdd/recordings/7_yweweler_19.wav,7,yweweler,19,2464
7_yweweler_2.wav,data/fsdd/recordings/7_yweweler_2.wav,7,yweweler,2,3373
7_yweweler_20.wav,data/fsdd/recordings/7_yweweler_20.wav,7,yweweler,20,3050
7_yweweler_21.wav,data/fsdd/recordings/7_yweweler_21.wav,7,yweweler,21,3366
7_yweweler_22.wav,data/fsdd/recordings/7_yweweler_22.wav,7,yweweler,22,2886
7_yweweler_23.wav,data/fsdd/recordings/7_yweweler_23.wav,7,yweweler,23,2023
7_yweweler_24.wav,data/fsdd/recordings/7_yweweler_24.wav,7,yweweler,24,2762
7_yweweler_25.wav,data/fsdd/recordings/7_yweweler_25.wav,7,yweweler,25,2518
7_yweweler_26.wav,data/fsdd/recordings/7_yweweler_26.wav,7,yweweler,26,3887
7_yweweler_27.wav,data/fsdd/recordings/7_yweweler_27.wav,7,yweweler,27,3303
7_yweweler_28.wav,data/fsdd/recordings/7_yweweler_28.wav,7,yweweler,28,3357
7_yweweler_29.wav,data/fsdd/recordings/7_yweweler_29.wav,7,yweweler,29,2650
7_yweweler_3.wav,data/fsdd/recordings/7_yweweler_3.wav,7,yweweler,3,3397
7_yweweler_30.wav,data/fsdd/recordings/7_yweweler_30.wav,7,yweweler,30,2622
7_yweweler_31.wav,data/fsdd/recordings/7_yweweler_31.wav,7,yweweler,31,2116
7_yweweler_32.wav,data/fsdd/recordings/7_yweweler_32.wav,7,yweweler,32,3001
7_yweweler_33.wav,data/fsdd/recordings/7_yweweler_33.wav,7,yweweler,33,3808
7_yweweler_34.wav,data/fsdd/recordings/7_yweweler_34.wav,7,yweweler,34,3625
7_yweweler_35.wav,data/fsdd/recordings/7_yweweler_35.wav,7,yweweler,35,4096
7_yweweler_36.wav,data/fsdd/recordings/7_yweweler_36.wav,7,yweweler,36,3252
7_yweweler_37.wav,data/fsdd/recordings/7_yweweler_37.wav,7,yweweler,37,2470
7_yweweler_38.wav,data/fsdd/recordings/7_yweweler_38.wav,7,yweweler,38,3892
7_yweweler_39.wav,data/fsdd/recordings/7_yweweler_39.wav,7,yweweler,39,3891
7_yweweler_4.wav,data/fsdd/recordings/7_yweweler_4.wav,7,yweweler,4,2884
7_yweweler_40.wav,data/fsdd/recordings/7_yweweler_40.wav,7,yweweler,40,4852
7_yweweler_41.wav,data/fsdd/recordings/7_yweweler_41.wav,7,yweweler,41,4312
7_yweweler_42.wav,data/fsdd/recordings/7_yweweler_42.wav,7,yweweler,42,3114
7_yweweler_43.wav,data/fsdd/recordings/7_yweweler_43.wav,7,yweweler,43,3218
7_yweweler_44.wav,data/fsdd/recordings/7_yweweler_44.wav,7,yweweler,44,3668
7_yweweler_45.wav,data/fsdd/recordings/7_yweweler_45.wav,7,yweweler,45,3611
7_yweweler_46.wav,data/fsdd/recordings/7_yweweler_46.wav,7,yweweler,46,3247
7_yweweler_47.wav,data/fsdd/recordings/7_yweweler_47.wav,7,yweweler,47,2836
7_yweweler_48.wav,data/fsdd/recordings/7_yweweler_48.wav,7,yweweler,48,2381
7_yweweler_49.wav,data/fsdd/recordings/7_yweweler_49.wav,7,yweweler,49,2658
7_yweweler_5.wav,data/fsdd/recordings/7_yweweler_5.wav,7,yweweler,5,3778
7_yweweler_6.wav,data/fsdd/recordings/7_yweweler_6.wav,7,yweweler,6,2044
7_yweweler_7.wav,data/fsdd/recordings/7_yweweler_7.wav,7,yweweler,7,2795
7_yweweler_8.wav,data/fsdd/recordings/7_yweweler_8.wav,7,yweweler,8,2715
7_yweweler_9.wav,data/fsdd/recordings/7_yweweler_9.wav,7,yweweler,9,2947
8_lucas_0.wav,data/fsdd/recordings/8_lucas_0.wav,8,lucas,0,9143
8_lucas_1.wav,data/fsdd/recordings/8_lucas_1.wav,8,lucas,1,2713
8_lucas_10.wav,data/fsdd/recordings/8_lucas_10.wav,8,lucas,10,3222
8_lucas_11.wav,data/fsdd/recordings/8_lucas_11.wav,8,lucas,11,4014
8_lucas_12.wav,data/fsdd/recordings/8_lucas_12.wav,8,lucas,12,3883
8_lucas_13.wav,data/fsdd/recordings/8_lucas_13.wav,8,lucas,13,3961
8_lucas_14.wav,data/fsdd/recordings/8_lucas_14.wav,8,lucas,14,7011
8_lucas_15.wav,data/fsdd/recordings/8_lucas_15.wav,8,lucas,15,2738
8_lucas_16.wav,data/fsdd/recordings/8_lucas_16.wav,8,lucas,16,1965
8_lucas_17.wav,data/fsdd/recordings/8_lucas_17.wav,8,lucas,17,3860
8_lucas_18.wav,data/fsdd/recordings/8_lucas_18.wav,8,lucas,18,4479
8_lucas_19.wav,data/fsdd/recordings/8_lucas_19.wav,8,lucas,19,4241
8_lucas_2.wav,data/fsdd/recordings/8_lucas_2.wav,8,lucas,2,6572
8_lucas_20.wav,data/fsdd/recordings/8_lucas_20.wav,8,lucas,20,2835
8_lucas_21.wav,data/fsdd/recordings/8_lucas_21.wav,8,lucas,21,5616
8_lucas_22.wav,data/fsdd/recordings/8_lucas_22.wav,8,lucas,22,3346
8_lucas_23.wav,data/fsdd/recordings/8_lucas_23.wav,8,lucas,23,4333
8_lucas_24.wav,data/fsdd/recordings/8_lucas_24.wav,8,lucas,24,3258
8_lucas_25.wav,data/fsdd/recordings/8_lucas_25.wav,8,lucas,25,4460
8_lucas_26.wav,data/fsdd/recordings/8_lucas_26.wav,8,lucas,26,3812
8_lucas_27.wav,data/fsdd/recordings/8_lucas_27.wav,8,lucas,27,4286
8_lucas_28.wav,data/fsdd/recordings/8_lucas_28.wav,8,lucas,28,8023
8_lucas_29.wav,data/fsdd/recordings/8_lucas_29.wav,8,lucas,29,3958
8_lucas_3.wav,data/fsdd/recordings/8_lucas_3.wav,8,lucas,3,5583
8_lucas_30.wav,data/fsdd/recordings/8_lucas_30.wav,8,lucas,30,4134
8_lucas_31.wav,data/fsdd/recordings/8_lucas_31.wav,8,lucas,31,4228
8_lucas_32.wav,data/fsdd/recordings/8_lucas_32.wav,8,lucas,32,4392
8_lucas_33.wav,data/fsdd/recordings/8_lucas_33.wav,8,lucas,33,5008
8_lucas_34.wav,data/fsdd/recordings/8_lucas_34.wav,8,lucas,34,4282
8_lucas_35.wav,data/fsdd/recordings/8_lucas_35.wav,8,lucas,35,4279
8_lucas_36.wav,data/fsdd/recordings/8_lucas_36.wav,8,lucas,36,4206
8_lucas_37.wav,data/fsdd/recordings/8_lucas_37.wav,8,lucas,37,3906
8_lucas_38.wav,data/fsdd/recordings/8_lucas_38.wav,8,lucas,38,3837
8_lucas_39.wav,data/fsdd/recordings/8_lucas_39.wav,8,lucas,39,4468
8_lucas_4.wav,data/fsdd/recordings/8_lucas_4.wav,8,lucas,4,5431
8_lucas_40.wav,data/fsdd/recordings/8_lucas_40.wav,8,lucas,40,3975
8_lucas_41.wav,data/fsdd/recordings/8_lucas_41.wav,8,lucas,41,4350
8_lucas_42.wav,data/fsdd/recordings/8_lucas_42.wav,8,lucas,42,3780
8_lucas_43.wav,data/fsdd/recordings/8_lucas_43.wav,8,lucas,43,4695
8_lucas_44.wav,data/fsdd/recordings/8_lucas_44.wav,8,lucas,44,4040
8_lucas_45.wav,data/fsdd/recordings/8_lucas_45.wav,8,lucas,45,3927
8_lucas_46.wav,data/fsdd/recordings/8_lucas_46.wav,8,lucas,46,3735
8_lucas_47.wav,data/fsdd/recordings/8_lucas_47.wav,8,lucas,47,4670
8_lucas_48.wav,data/fsdd/recordings/8_lucas_48.wav,8,lucas,48,3275
8_lucas_49.wav,data/fsdd/recordings/8_lucas_49.wav,8,lucas,49,3222
8_lucas_5.wav,data/fsdd/recordings/8_lucas_5.wav,8,lucas,5,7361
8_lucas_6.wav,data/fsdd/recordings/8_lucas_6.wav,8,lucas,6,3416
8_lucas_7.wav,data/fsdd/recordings/8_lucas_7.wav,8,lucas,7,6203
8_lucas_8.wav,data/fsdd/recordings/8_lucas_8.wav,8,lucas,8,3646
8_lucas_9.wav,data/fsdd/recordings/8_lucas_9.wav,8,lucas,9,4204
8_nicolas_0.wav,data/fsdd/recordings/8_nicolas_0.wav,8,nicolas,0,1858
8_nicolas_1.wav,data/fsdd/recordings/8_nicolas_1.wav,8,nicolas,1,1805
8_nicolas_10.wav,data/fsdd/recordings/8_nicolas_10.wav,8,nicolas,10,3050
8_nicolas_11.wav,data/fsdd/recordings/8_nicolas_11.wav,8,nicolas,11,3984
8_nicolas_12.wav,data/fsdd/recordings/8_nicolas_12.wav,8,nicolas,12,3591
8_nicolas_13.wav,data/fsdd/recordings/8_nicolas_13.wav,8,nicolas,13,3124
8_nicolas_14.wav,data/fsdd/recordings/8_nicolas_14.wav,8,nicolas,14,3197
8_nicolas_15.wav,data/fsdd/recordings/8_nicolas_15.wav,8,nicolas,15,3689
8_nicolas_16.wav,data/fsdd/recordings/8_nicolas_16.wav,8,nicolas,16,3739
8_nicolas_17.wav,data/fsdd/recordings/8_nicolas_17.wav,8,nicolas,17,2828
8_nicolas_18.wav,data/fsdd/recordings/8_nicolas_18.wav,8,nicolas,18,3197
8_nicolas_19.wav,data/fsdd/recordings/8_nicolas_19.wav,8,nicolas,19,3320
8_nicolas_2.wav,data/fsdd/recordings/8_nicolas_2.wav,8,nicolas,2,1936
8_nicolas_20.wav,data/fsdd/recordings/8_nicolas_20.wav,8,nicolas,20,3361
8_nicolas_21.wav,data/fsdd/recordings/8_nicolas_21.wav,8,nicolas,21,3361
8_nicolas_22.wav,data/fsdd/recordings/8_nicolas_22.wav,8,nicolas,22,3136
8_nicolas_23.wav,data/fsdd/recordings/8_nicolas_23.wav,8,nicolas,23,3236
8_nicolas_24.wav,data/fsdd/recordings/8_nicolas_24.wav,8,nicolas,24,3485
8_nicolas_25.wav,data/fsdd/recordings/8_nicolas_25.wav,8,nicolas,25,3137
8_nicolas_26.wav,data/fsdd/recordings/8_nicolas_26.wav,8,nicolas,26,2639
8_nicolas_27.wav,data/fsdd/recordings/8_nicolas_27.wav,8,nicolas,27,2912
8_nicolas_28.wav,data/fsdd/recordings/8_nicolas_28.wav,8,nicolas,28,3062
8_nicolas_29.wav,data/fsdd/recordings/8_nicolas_29.wav,8,nicolas,29,2863
8_nicolas_3.wav,data/fsdd/recordings/8_nicolas_3.wav,8,nicolas,3,2015
8_nicolas_30.wav,data/fsdd/recordings/8_nicolas_30.wav,8,nicolas,30,3025
8_nicolas_31.wav,data/fsdd/recordings/8_nicolas_31.wav,8,nicolas,31,3143
8_nicolas_32.wav,data/fsdd/recordings/8_nicolas_32.wav,8,nicolas,32,3380
8_nicolas_33.wav,data/fsdd/recordings/8_nicolas_33.wav,8,nicolas,33,2936
8_nicolas_34.wav,data/fsdd/recordings/8_nicolas_34.wav,8,nicolas,34,3262
8_nicolas_35.wav,data/fsdd/recordings/8_nicolas_35.wav,8,nicolas,35,3025
8_nicolas_36.wav,data/fsdd/recordings/8_nicolas_36.wav,8,nicolas,36,3499
8_nicolas_37.wav,data/fsdd/recordings/8_nicolas_37.wav,8,nicolas,37,3262
8_nicolas_38.wav,data/fsdd/recordings/8_nicolas_38.wav,8,nicolas,38,3380
8_nicolas_39.wav,data/fsdd/recordings/8_nicolas_39.wav,8,nicolas,39,3262
8_nicolas_4.wav,data/fsdd/recordings/8_nicolas_4.wav,8,nicolas,4,2067
8_nicolas_40.wav,data/fsdd/recordings/8_nicolas_40.wav,8,nicolas,40,3053
8_nicolas_41.wav,data/fsdd/recordings/8_nicolas_41.wav,8,nicolas,41,3020
8_nicolas_42.wav,data/fsdd/recordings/8_nicolas_42.wav,8,nicolas,42,2790
8_nicolas_43.wav,data/fsdd/recordings/8_nicolas_43.wav,8,nicolas,43,2823
8_nicolas_44.wav,data/fsdd/recordings/8_nicolas_44.wav,8,nicolas,44,2987
8_nicolas_45.wav,data/fsdd/recordings/8_nicolas_45.wav,8,nicolas,45,3119
8_nicolas_46.wav,data/fsdd/recordings/8_nicolas_46.wav,8,nicolas,46,2987
8_nicolas_47.wav,data/fsdd/recordings/8_nicolas_47.wav,8,nicolas,47,3184
8_nicolas_48.wav,data/fsdd/recordings/8_nicolas_48.wav,8,nicolas,48,3151
8_nicolas_49.wav,data/fsdd/recordings/8_nicolas_49.wav,8,nicolas,49,3217
8_nicolas_5.wav,data/fsdd/recordings/8_nicolas_5.wav,8,nicolas,5,2407
8_nicolas_6.wav,data/fsdd/recordings/8_nicolas_6.wav,8,nicolas,6,3244
8_nicolas_7.wav,data/fsdd/recordings/8_nicolas_7.wav,8,nicolas,7,1805
8_nicolas_8.wav,data/fsdd/recordings/8_nicolas_8.wav,8,nicolas,8,1858
8_nicolas_9.wav,data/fsdd/recordings/8_nicolas_9.wav,8,nicolas,9,2146
8_theo_0.wav,data/fsdd/recordings/8_theo_0.wav,8,theo,0,2898
8_theo_1.wav,data/fsdd/recordings/8_theo_1.wav,8,theo,1,2535
8_theo_10.wav,data/fsdd/recordings/8_theo_10.wav,8,theo,10,2590
8_theo_11.wav,data/fsdd/recordings/8_theo_11.wav,8,theo,11,2975
8_theo_12.wav,data/fsdd/recordings/8_theo_12.wav,8,theo,12,2982
8_theo_13.wav,data/fsdd/recordings/8_theo_13.wav,8,theo,13,2888
8_theo_14.wav,data/fsdd/recordings/8_theo_14.wav,8,theo,14,2606
8_theo_15.wav,data/fsdd/recordings/8_theo_15.wav,8,theo,15,3159
8_theo_16.wav,data/fsdd/recordings/8_theo_16.wav,8,theo,16,3236
8_theo_17.wav,data/fsdd/recordings/8_theo_17.wav,8,theo,17,2757
8_theo_18.wav,data/fsdd/recordings/8_theo_18.wav,8,theo,18,3153
8_theo_19.wav,data/fsdd/recordings/8_theo_19.wav,8,theo,19,2631
8_theo_2.wav,data/fsdd/recordings/8_theo_2.wav,8,theo,2,2892
8_theo_20.wav,data/fsdd/recordings/8_theo_20.wav,8,theo,20,3123
8_theo_21.wav,data/fsdd/recordings/8_theo_21.wav,8,theo,21,4016
8_theo_22.wav,data/fsdd/recordings/8_theo_22.wav,8,theo,22,4535
8_theo_23.wav,data/fsdd/recordings/8_theo_23.wav,8,theo,23,2546
8_theo_24.wav,data/fsdd/recordings/8_theo_24.wav,8,theo,24,2732
8_theo_25.wav,data/fsdd/recordings/8_theo_25.wav,8,theo,25,2313
8_theo_26.wav,data/fsdd/recordings/8_theo_26.wav,8,theo,26,2779
8_theo_27.wav,data/fsdd/recordings/8_theo_27.wav,8,theo,27,5026
8_theo_28.wav,data/fsdd/recordings/8_theo_28.wav,8,theo,28,3454
8_theo_29.wav,data/fsdd/recordings/8_theo_29.wav,8,theo,29,2347
8_theo_3.wav,data/fsdd/recordings/8_theo_3.wav,8,theo,3,2320
8_theo_30.wav,data/fsdd/recordings/8_theo_30.wav,8,theo,30,3252
8_theo_31.wav,data/fsdd/recordings/8_theo_31.wav,8,theo,31,2509
8_theo_32.wav,data/fsdd/recordings/8_theo_32.wav,8,theo,32,3513
8_theo_33.wav,data/fsdd/recordings/8_theo_33.wav,8,theo,33,4092
8_theo_34.wav,data/fsdd/recordings/8_theo_34.wav,8,theo,34,2049
8_theo_35.wav,data/fsdd/recordings/8_theo_35.wav,8,theo,35,2671
8_theo_36.wav,data/fsdd/recordings/8_theo_36.wav,8,theo,36,2972
8_theo_37.wav,data/fsdd/recordings/8_theo_37.wav,8,theo,37,2818
8_theo_38.wav,data/fsdd/recordings/8_theo_38.wav,8,theo,38,2311
8_theo_39.wav,data/fsdd/recordings/8_theo_39.wav,8,theo,39,4244
8_theo_4.wav,data/fsdd/recordings/8_theo_4.wav,8,theo,4,2818
8_theo_40.wav,data/fsdd/recordings/8_theo_40.wav,8,theo,40,2855
8_theo_41.wav,data/fsdd/recordings/8_theo_41.wav,8,theo,41,2872
8_theo_42.wav,data/fsdd/recordings/8_theo_42.wav,8,theo,42,2636
8_theo_43.wav,data/fsdd/recordings/8_theo_43.wav,8,theo,43,2540
8_theo_44.wav,data/fsdd/recordings/8_theo_44.wav,8,theo,44,2279
8_theo_45.wav,data/fsdd/recordings/8_theo_45.wav,8,theo,45,2318
8_theo_46.wav,data/fsdd/recordings/8_theo_46.wav,8,theo,46,3123
8_theo_47.wav,data/fsdd/recordings/8_theo_47.wav,8,theo,47,2683
8_theo_48.wav,data/fsdd/recordings/8_theo_48.wav,8,theo,48,5077
8_theo_49.wav,data/fsdd/recordings/8_theo_49.wav,8,theo,49,2499
8_theo_5.wav,data/fsdd/recordings/8_theo_5.wav,8,theo,5,2507
8_theo_6.wav,data/fsdd/recordings/8_theo_6.wav,8,theo,6,3142
8_theo_7.wav,data/fsdd/recordings/8_theo_7.wav,8,theo,7,2565
8_theo_8.wav,data/fsdd/recordings/8_theo_8.wav,8,theo,8,2520
8_theo_9.wav,data/fsdd/recordings/8_theo_9.wav,8,theo,9,2813
8_yweweler_0.wav,data/fsdd/recordings/8_yweweler_0.wav,8,yweweler,0,2532
8_yweweler_1.wav,data/fsdd/recordings/8_yweweler_1.wav,8,yweweler,1,2834
8_yweweler_10.wav,data/fsdd/recordings/8_yweweler_10.wav,8,yweweler,10,2527
8_yweweler_11.wav,data/fsdd/recordings/8_yweweler_11.wav,8,yweweler,11,2800
8_yweweler_12.wav,data/fsdd/recordings/8_yweweler_12.wav,8,yweweler,12,2431
8_yweweler_13.wav,data/fsdd/recordings/8_yweweler_13.wav,8,yweweler,13,3112
8_yweweler_14.wav,data/fsdd/recordings/8_yweweler_14.wav,8,yweweler,14,2657
8_yweweler_15.wav,data/fsdd/recordings/8_yweweler_15.wav,8,yweweler,15,1880
8_yweweler_16.wav,data/fsdd/recordings/8_yweweler_16.wav,8,yweweler,16,2062
8_yweweler_17.wav,data/fsdd/recordings/8_yweweler_17.wav,8,yweweler,17,2561
8_yweweler_18.wav,data/fsdd/recordings/8_yweweler_18.wav,8,yweweler,18,1963
8_yweweler_19.wav,data/fsdd/recordings/8_yweweler_19.wav,8,yweweler,19,2020
8_yweweler_2.wav,data/fsdd/recordings/8_yweweler_2.wav,8,yweweler,2,2169
8_yweweler_20.wav,data/fsdd/recordings/8_yweweler_20.wav,8,yweweler,20,2518
8_yweweler_21.wav,data/fsdd/recordings/8_yweweler_21.wav,8,yweweler,21,2465
8_yweweler_22.wav,data/fsdd/recordings/8_yweweler_22.wav,8,yweweler,22,3118
8_yweweler_23.wav,data/fsdd/recordings/8_yweweler_23.wav,8,yweweler,23,2375
8_yweweler_24.wav,data/fsdd/recordings/8_yweweler_24.wav,8,yweweler,24,2982
8_yweweler_25.wav,data/fsdd/recordings/8_yweweler_25.wav,8,yweweler,25,2235
8_yweweler_26.wav,data/fsdd/recordings/8_yweweler_26.wav,8,yweweler,26,2628
8_yweweler_27.wav,data/fsdd/recordings/8_yweweler_27.wav,8,yweweler,27,2596
8_yweweler_28.wav,data/fsdd/recordings/8_yweweler_28.wav,8,yweweler,28,4296
8_yweweler_29.wav,data/fsdd/recordings/8_yweweler_29.wav,8,yweweler,29,2658
8_yweweler_3.wav,data/fsdd/recordings/8_yweweler_3.wav,8,yweweler,3,2597
8_yweweler_30.wav,data/fsdd/recordings/8_yweweler_30.wav,8,yweweler,30,2845
8_yweweler_31.wav,data/fsdd/recordings/8_yweweler_31.wav,8,yweweler,31,3172
8_yweweler_32.wav,data/fsdd/recordings/8_yweweler_32.wav,8,yweweler,32,3276
8_yweweler_33.wav,data/fsdd/recordings/8_yweweler_33.wav,8,yweweler,33,3243
8_yweweler_34.wav,data/fsdd/recordings/8_yweweler_34.wav,8,yweweler,34,3874
8_yweweler_35.wav,data/fsdd/recordings/8_yweweler_35.wav,8,yweweler,35,2489
8_yweweler_36.wav,data/fsdd/recordings/8_yweweler_36.wav,8,yweweler,36,2353
8_yweweler_37.wav,data/fsdd/recordings/8_yweweler_37.wav,8,yweweler,37,2459
8_yweweler_38.wav,data/fsdd/recordings/8_yweweler_38.wav,8,yweweler,38,2857
8_yweweler_39.wav,data/fsdd/recordings/8_yweweler_39.wav,8,yweweler,39,2798
8_yweweler_4.wav,data/fsdd/recordings/8_yweweler_4.wav,8,yweweler,4,2608
8_yweweler_40.wav,data/fsdd/recordings/8_yweweler_40.wav,8,yweweler,40,2847
8_yweweler_41.wav,data/fsdd/recordings/8_yweweler_41.wav,8,yweweler,41,2716
8_yweweler_42.wav,data/fsdd/recordings/8_yweweler_42.wav,8,yweweler,42,2697
8_yweweler_43.wav,data/fsdd/recordings/8_yweweler_43.wav,8,yweweler,43,1749
8_yweweler_44.wav,data/fsdd/recordings/8_yweweler_44.wav,8,yweweler,44,1995
8_yweweler_45.wav,data/fsdd/recordings/8_yweweler_45.wav,8,yweweler,45,2540
8_yweweler_46.wav,data/fsdd/recordings/8_yweweler_46.wav,8,yweweler,46,2629
8_yweweler_47.wav,data/fsdd/recordings/8_yweweler_47.wav,8,yweweler,47,2727
8_yweweler_48.wav,data/fsdd/recordings/8_yweweler_48.wav,8,yweweler,48,2414
8_yweweler_49.wav,data/fsdd/recordings/8_yweweler_49.wav,8,yweweler,49,1962
8_yweweler_5.wav,data/fsdd/recordings/8_yweweler_5.wav,8,yweweler,5,2149
8_yweweler_6.wav,data/fsdd/recordings/8_yweweler_6.wav,8,yweweler,6,2178
8_yweweler_7.wav,data/fsdd/recordings/8_yweweler_7.wav,8,yweweler,7,2171
8_yweweler_8.wav,data/fsdd/recordings/8_yweweler_8.wav,8,yweweler,8,2483
8_yweweler_9.wav,data/fsdd/recordings/8_yweweler_9.wav,8,yweweler,9,2499
9_lucas_0.wav,data/fsdd/recordings/9_lucas_0.wav,9,lucas,0,4087
9_lucas_1.wav,data/fsdd/recordings/9_lucas_1.wav,9,lucas,1,4484
9_lucas_10.wav,data/fsdd/recordings/9_lucas_10.wav,9,lucas,10,3962
9_lucas_11.wav,data/fsdd/recordings/9_lucas_11.wav,9,lucas,11,3580
9_lucas_12.wav,data/fsdd/recordings/9_lucas_12.wav,9,lucas,12,8943
9_lucas_13.wav,data/fsdd/recordings/9_lucas_13.wav,9,lucas,13,6995
9_lucas_14.wav,data/fsdd/recordings/9_lucas_14.wav,9,lucas,14,3559
9_lucas_15.wav,data/fsdd/recordings/9_lucas_15.wav,9,lucas,15,4120
9_lucas_16.wav,data/fsdd/recordings/9_lucas_16.wav,9,lucas,16,3423
9_lucas_17.wav,data/fsdd/recordings/9_lucas_17.wav,9,lucas,17,3560
9_lucas_18.wav,data/fsdd/recordings/9_lucas_18.wav,9,lucas,18,5379
9_lucas_19.wav,data/fsdd/recordings/9_lucas_19.wav,9,lucas,19,2733
9_lucas_2.wav,data/fsdd/recordings/9_lucas_2.wav,9,lucas,2,3828
9_lucas_20.wav,data/fsdd/recordings/9_lucas_20.wav,9,lucas,20,3830
9_lucas_21.wav,data/fsdd/recordings/9_lucas_21.wav,9,lucas,21,4539
9_lucas_22.wav,data/fsdd/recordings/9_lucas_22.wav,9,lucas,22,3612
9_lucas_23.wav,data/fsdd/recordings/9_lucas_23.wav,9,lucas,23,4221
9_lucas_24.wav,data/fsdd/recordings/9_lucas_24.wav,9,lucas,24,6733
9_lucas_25.wav,data/fsdd/recordings/9_lucas_25.wav,9,lucas,25,6548
9_lucas_26.wav,data/fsdd/recordings/9_lucas_26.wav,9,lucas,26,2970
9_lucas_27.wav,data/fsdd/recordings/9_lucas_27.wav,9,lucas,27,2784
9_lucas_28.wav,data/fsdd/recordings/9_lucas_28.wav,9,lucas,28,3918
9_lucas_29.wav,data/fsdd/recordings/9_lucas_29.wav,9,lucas,29,5045
9_lucas_3.wav,data/fsdd/recordings/9_lucas_3.wav,9,lucas,3,3626
9_lucas_30.wav,data/fsdd/recordings/9_lucas_30.wav,9,lucas,30,4362
9_lucas_31.wav,data/fsdd/recordings/9_lucas_31.wav,9,lucas,31,4585
9_lucas_32.wav,data/fsdd/recordings/9_lucas_32.wav,9,lucas,32,4934
9_lucas_33.wav,data/fsdd/recordings/9_lucas_33.wav,9,lucas,33,5040
9_lucas_34.wav,data/fsdd/recordings/9_lucas_34.wav,9,lucas,34,4160
9_lucas_35.wav,data/fsdd/recordings/9_lucas_35.wav,9,lucas,35,4359
9_lucas_36.wav,data/fsdd/recordings/9_lucas_36.wav,9,lucas,36,4408
9_lucas_37.wav,data/fsdd/recordings/9_lucas_37.wav,9,lucas,37,4923
9_lucas_38.wav,data/fsdd/recordings/9_lucas_38.wav,9,lucas,38,5153
9_lucas_39.wav,data/fsdd/recordings/9_lucas_39.wav,9,lucas,39,4657
9_lucas_4.wav,data/fsdd/recordings/9_lucas_4.wav,9,lucas,4,3813
9_lucas_40.wav,data/fsdd/recordings/9_lucas_40.wav,9,lucas,40,4202
9_lucas_41.wav,data/fsdd/recordings/9_lucas_41.wav,9,lucas,41,4502
9_lucas_42.wav,data/fsdd/recordings/9_lucas_42.wav,9,lucas,42,4074
9_lucas_43.wav,data/fsdd/recordings/9_lucas_43.wav,9,lucas,43,4941
9_lucas_44.wav,data/fsdd/recordings/9_lucas_44.wav,9,lucas,44,3153
9_lucas_45.wav,data/fsdd/recordings/9_lucas_45.wav,9,lucas,45,5616
9_lucas_46.wav,data/fsdd/recordings/9_lucas_46.wav,9,lucas,46,4186
9_lucas_47.wav,data/fsdd/recordings/9_lucas_47.wav,9,lucas,47,4715
9_lucas_48.wav,data/fsdd/recordings/9_lucas_48.wav,9,lucas,48,9681
9_lucas_49.wav,data/fsdd/recordings/9_lucas_49.wav,9,lucas,49,3418
9_lucas_5.wav,data/fsdd/recordings/9_lucas_5.wav,9,lucas,5,4340
9_lucas_6.wav,data/fsdd/recordings/9_lucas_6.wav,9,lucas,6,3877
9_lucas_7.wav,data/fsdd/recordings/9_lucas_7.wav,9,lucas,7,4561
9_lucas_8.wav,data/fsdd/recordings/9_lucas_8.wav,9,lucas,8,4012
9_lucas_9.wav,data/fsdd/recordings/9_lucas_9.wav,9,lucas,9,5119
9_nicolas_0.wav,data/fsdd/recordings/9_nicolas_0.wav,9,nicolas,0,3335
9_nicolas_1.wav,data/fsdd/recordings/9_nicolas_1.wav,9,nicolas,1,3941
9_nicolas_10.wav,data/fsdd/recordings/9_nicolas_10.wav,9,nicolas,10,4083
9_nicolas_11.wav,data/fsdd/recordings/9_nicolas_11.wav,9,nicolas,11,4265
9_nicolas_12.wav,data/fsdd/recordings/9_nicolas_12.wav,9,nicolas,12,3902
9_nicolas_13.wav,data/fsdd/recordings/9_nicolas_13.wav,9,nicolas,13,3448
9_nicolas_14.wav,data/fsdd/recordings/9_nicolas_14.wav,9,nicolas,14,3388
9_nicolas_15.wav,data/fsdd/recordings/9_nicolas_15.wav,9,nicolas,15,3448
9_nicolas_16.wav,data/fsdd/recordings/9_nicolas_16.wav,9,nicolas,16,3479
9_nicolas_17.wav,data/fsdd/recordings/9_nicolas_17.wav,9,nicolas,17,3539
9_nicolas_18.wav,data/fsdd/recordings/9_nicolas_18.wav,9,nicolas,18,3720
9_nicolas_19.wav,data/fsdd/recordings/9_nicolas_19.wav,9,nicolas,19,3357
9_nicolas_2.wav,data/fsdd/recordings/9_nicolas_2.wav,9,nicolas,2,3547
9_nicolas_20.wav,data/fsdd/recordings/9_nicolas_20.wav,9,nicolas,20,2968
9_nicolas_21.wav,data/fsdd/recordings/9_nicolas_21.wav,9,nicolas,21,3119
9_nicolas_22.wav,data/fsdd/recordings/9_nicolas_22.wav,9,nicolas,22,3119
9_nicolas_23.wav,data/fsdd/recordings/9_nicolas_23.wav,9,nicolas,23,3180
9_nicolas_24.wav,data/fsdd/recordings/9_nicolas_24.wav,9,nicolas,24,3392
9_nicolas_25.wav,data/fsdd/recordings/9_nicolas_25.wav,9,nicolas,25,3331
9_nicolas_26.wav,data/fsdd/recordings/9_nicolas_26.wav,9,nicolas,26,3240
9_nicolas_27.wav,data/fsdd/recordings/9_nicolas_27.wav,9,nicolas,27,3603
9_nicolas_28.wav,data/fsdd/recordings/9_nicolas_28.wav,9,nicolas,28,3785
9_nicolas_29.wav,data/fsdd/recordings/9_nicolas_29.wav,9,nicolas,29,3422
9_nicolas_3.wav,data/fsdd/recordings/9_nicolas_3.wav,9,nicolas,3,3486
9_nicolas_30.wav,data/fsdd/recordings/9_nicolas_30.wav,9,nicolas,30,3616
9_nicolas_31.wav,data/fsdd/recordings/9_nicolas_31.wav,9,nicolas,31,2868
9_nicolas_32.wav,data/fsdd/recordings/9_nicolas_32.wav,9,nicolas,32,3429
9_nicolas_33.wav,data/fsdd/recordings/9_nicolas_33.wav,9,nicolas,33,3460
9_nicolas_34.wav,data/fsdd/recordings/9_nicolas_34.wav,9,nicolas,34,3304
9_nicolas_35.wav,data/fsdd/recordings/9_nicolas_35.wav,9,nicolas,35,3117
9_nicolas_36.wav,data/fsdd/recordings/9_nicolas_36.wav,9,nicolas,36,3741
9_nicolas_37.wav,data/fsdd/recordings/9_nicolas_37.wav,9,nicolas,37,3429
9_nicolas_38.wav,data/fsdd/recordings/9_nicolas_38.wav,9,nicolas,38,3647
9_nicolas_39.wav,data/fsdd/recordings/9_nicolas_39.wav,9,nicolas,39,3429
9_nicolas_4.wav,data/fsdd/recordings/9_nicolas_4.wav,9,nicolas,4,2850
9_nicolas_40.wav,data/fsdd/recordings/9_nicolas_40.wav,9,nicolas,40,3632
9_nicolas_41.wav,data/fsdd/recordings/9_nicolas_41.wav,9,nicolas,41,3539
9_nicolas_42.wav,data/fsdd/recordings/9_nicolas_42.wav,9,nicolas,42,3383
9_nicolas_43.wav,data/fsdd/recordings/9_nicolas_43.wav,9,nicolas,43,3787
9_nicolas_44.wav,data/fsdd/recordings/9_nicolas_44.wav,9,nicolas,44,3414
9_nicolas_45.wav,data/fsdd/recordings/9_nicolas_45.wav,9,nicolas,45,3073
9_nicolas_46.wav,data/fsdd/recordings/9_nicolas_46.wav,9,nicolas,46,3539
9_nicolas_47.wav,data/fsdd/recordings/9_nicolas_47.wav,9,nicolas,47,3446
9_nicolas_48.wav,data/fsdd/recordings/9_nicolas_48.wav,9,nicolas,48,3104
9_nicolas_49.wav,data/fsdd/recordings/9_nicolas_49.wav,9,nicolas,49,3508
9_nicolas_5.wav,data/fsdd/recordings/9_nicolas_5.wav,9,nicolas,5,3759
9_nicolas_6.wav,data/fsdd/recordings/9_nicolas_6.wav,9,nicolas,6,4062
9_nicolas_7.wav,data/fsdd/recordings/9_nicolas_7.wav,9,nicolas,7,3304
9_nicolas_8.wav,data/fsdd/recordings/9_nicolas_8.wav,9,nicolas,8,3668
9_nicolas_9.wav,data/fsdd/recordings/9_nicolas_9.wav,9,nicolas,9,3486
9_theo_0.wav,data/fsdd/recordings/9_theo_0.wav,9,theo,0,3079
9_theo_1.wav,data/fsdd/recordings/9_theo_1.wav,9,theo,1,2326
9_theo_10.wav,data/fsdd/recordings/9_theo_10.wav,9,theo,10,2885
9_theo_11.wav,data/fsdd/recordings/9_theo_11.wav,9,theo,11,3086
9_theo_12.wav,data/fsdd/recordings/9_theo_12.wav,9,theo,12,3437
9_theo_13.wav,data/fsdd/recordings/9_theo_13.wav,9,theo,13,3816
9_theo_14.wav,data/fsdd/recordings/9_theo_14.wav,9,theo,14,3448
9_theo_15.wav,data/fsdd/recordings/9_theo_15.wav,9,theo,15,3599
9_theo_16.wav,data/fsdd/recordings/9_theo_16.wav,9,theo,16,18262
9_theo_17.wav,data/fsdd/recordings/9_theo_17.wav,9,theo,17,3545
9_theo_18.wav,data/fsdd/recordings/9_theo_18.wav,9,theo,18,3363
9_theo_19.wav,data/fsdd/recordings/9_theo_19.wav,9,theo,19,3686
9_theo_2.wav,data/fsdd/recordings/9_theo_2.wav,9,theo,2,2218
9_theo_20.wav,data/fsdd/recordings/9_theo_20.wav,9,theo,20,4465
9_theo_21.wav,data/fsdd/recordings/9_theo_21.wav,9,theo,21,2938
9_theo_22.wav,data/fsdd/recordings/9_theo_22.wav,9,theo,22,2899
9_theo_23.wav,data/fsdd/recordings/9_theo_23.wav,9,theo,23,4108
9_theo_24.wav,data/fsdd/recordings/9_theo_24.wav,9,theo,24,5455
9_theo_25.wav,data/fsdd/recordings/9_theo_25.wav,9,theo,25,3519
9_theo_26.wav,data/fsdd/recordings/9_theo_26.wav,9,theo,26,4450
9_theo_27.wav,data/fsdd/recordings/9_theo_27.wav,9,theo,27,6953
9_theo_28.wav,data/fsdd/recordings/9_theo_28.wav,9,theo,28,8281
9_theo_29.wav,data/fsdd/recordings/9_theo_29.wav,9,theo,29,6567
9_theo_3.wav,data/fsdd/recordings/9_theo_3.wav,9,theo,3,3593
9_theo_30.wav,data/fsdd/recordings/9_theo_30.wav,9,theo,30,6457
9_theo_31.wav,data/fsdd/recordings/9_theo_31.wav,9,theo,31,4796
9_theo_32.wav,data/fsdd/recordings/9_theo_32.wav,9,theo,32,4906
9_theo_33.wav,data/fsdd/recordings/9_theo_33.wav,9,theo,33,3965
9_theo_34.wav,data/fsdd/recordings/9_theo_34.wav,9,theo,34,2531
9_theo_35.wav,data/fsdd/recordings/9_theo_35.wav,9,theo,35,3295
9_theo_36.wav,data/fsdd/recordings/9_theo_36.wav,9,theo,36,4120
9_theo_37.wav,data/fsdd/recordings/9_theo_37.wav,9,theo,37,3226
9_theo_38.wav,data/fsdd/recordings/9_theo_38.wav,9,theo,38,4105
9_theo_39.wav,data/fsdd/recordings/9_theo_39.wav,9,theo,39,2815
9_theo_4.wav,data/fsdd/recordings/9_theo_4.wav,9,theo,4,3535
9_theo_40.wav,data/fsdd/recordings/9_theo_40.wav,9,theo,40,3423
9_theo_41.wav,data/fsdd/recordings/9_theo_41.wav,9,theo,41,3149
9_theo_42.wav,data/fsdd/recordings/9_theo_42.wav,9,theo,42,3698
9_theo_43.wav,data/fsdd/recordings/9_theo_43.wav,9,theo,43,2773
9_theo_44.wav,data/fsdd/recordings/9_theo_44.wav,9,theo,44,3699
9_theo_45.wav,data/fsdd/recordings/9_theo_45.wav,9,theo,45,1778
9_theo_46.wav,data/fsdd/recordings/9_theo_46.wav,9,theo,46,3084
9_theo_47.wav,data/fsdd/recordings/9_theo_47.wav,9,theo,47,3612
9_theo_48.wav,data/fsdd/recordings/9_theo_48.wav,9,theo,48,3431
9_theo_49.wav,data/fsdd/recordings/9_theo_49.wav,9,theo,49,3204
9_theo_5.wav,data/fsdd/recordings/9_theo_5.wav,9,theo,5,3678
9_theo_6.wav,data/fsdd/recordings/9_theo_6.wav,9,theo,6,2553
9_theo_7.wav,data/fsdd/recordings/9_theo_7.wav,9,theo,7,3488
9_theo_8.wav,data/fsdd/recordings/9_theo_8.wav,9,theo,8,3349
9_theo_9.wav,data/fsdd/recordings/9_theo_9.wav,9,theo,9,3348
9_yweweler_0.wav,data/fsdd/recordings/9_yweweler_0.wav,9,yweweler,0,2877
9_yweweler_1.wav,data/fsdd/recordings/9_yweweler_1.wav,9,yweweler,1,3101
9_yweweler_10.wav,data/fsdd/recordings/9_yweweler_10.wav,9,yweweler,10,3497
9_yweweler_11.wav,data/fsdd/recordings/9_yweweler_11.wav,9,yweweler,11,3480
9_yweweler_12.wav,data/fsdd/recordings/9_yweweler_12.wav,9,yweweler,12,3005
9_yweweler_13.wav,data/fsdd/recordings/9_yweweler_13.wav,9,yweweler,13,3192
9_yweweler_14.wav,data/fsdd/recordings/9_yweweler_14.wav,9,yweweler,14,3571
9_yweweler_15.wav,data/fsdd/recordings/9_yweweler_15.wav,9,yweweler,15,3303
9_yweweler_16.wav,data/fsdd/recordings/9_yweweler_16.wav,9,yweweler,16,3425
9_yweweler_17.wav,data/fsdd/recordings/9_yweweler_17.wav,9,yweweler,17,2882
9_yweweler_18.wav,data/fsdd/recordings/9_yweweler_18.wav,9,yweweler,18,2818
9_yweweler_19.wav,data/fsdd/recordings/9_yweweler_19.wav,9,yweweler,19,2848
9_yweweler_2.wav,data/fsdd/recordings/9_yweweler_2.wav,9,yweweler,2,3182
9_yweweler_20.wav,data/fsdd/recordings/9_yweweler_20.wav,9,yweweler,20,3331
9_yweweler_21.wav,data/fsdd/recordings/9_yweweler_21.wav,9,yweweler,21,3332
9_yweweler_22.wav,data/fsdd/recordings/9_yweweler_22.wav,9,yweweler,22,3401
9_yweweler_23.wav,data/fsdd/recordings/9_yweweler_23.wav,9,yweweler,23,3786
9_yweweler_24.wav,data/fsdd/recordings/9_yweweler_24.wav,9,yweweler,24,3772
9_yweweler_25.wav,data/fsdd/recordings/9_yweweler_25.wav,9,yweweler,25,3558
9_yweweler_26.wav,data/fsdd/recordings/9_yweweler_26.wav,9,yweweler,26,4074
9_yweweler_27.wav,data/fsdd/recordings/9_yweweler_27.wav,9,yweweler,27,3263
9_yweweler_28.wav,data/fsdd/recordings/9_yweweler_28.wav,9,yweweler,28,2983
9_yweweler_29.wav,data/fsdd/recordings/9_yweweler_29.wav,9,yweweler,29,2780
9_yweweler_3.wav,data/fsdd/recordings/9_yweweler_3.wav,9,yweweler,3,4425
9_yweweler_30.wav,data/fsdd/recordings/9_yweweler_30.wav,9,yweweler,30,3537
9_yweweler_31.wav,data/fsdd/recordings/9_yweweler_31.wav,9,yweweler,31,4150
9_yweweler_32.wav,data/fsdd/recordings/9_yweweler_32.wav,9,yweweler,32,3836
9_yweweler_33.wav,data/fsdd/recordings/9_yweweler_33.wav,9,yweweler,33,3543
9_yweweler_34.wav,data/fsdd/recordings/9_yweweler_34.wav,9,yweweler,34,3446
9_yweweler_35.wav,data/fsdd/recordings/9_yweweler_35.wav,9,yweweler,35,3599
9_yweweler_36.wav,data/fsdd/recordings/9_yweweler_36.wav,9,yweweler,36,3640
9_yweweler_37.wav,data/fsdd/recordings/9_yweweler_37.wav,9,yweweler,37,2764
9_yweweler_38.wav,data/fsdd/recordings/9_yweweler_38.wav,9,yweweler,38,2916
9_yweweler_39.wav,data/fsdd/recordings/9_yweweler_39.wav,9,yweweler,39,3091
9_yweweler_4.wav,data/fsdd/recordings/9_yweweler_4.wav,9,yweweler,4,3360
9_yweweler_40.wav,data/fsdd/recordings/9_yweweler_40.wav,9,yweweler,40,2950
9_yweweler_41.wav,data/fsdd/recordings/9_yweweler_41.wav,9,yweweler,41,3405
9_yweweler_42.wav,data/fsdd/recordings/9_yweweler_42.wav,9,yweweler,42,3559
9_yweweler_43.wav,data/fsdd/recordings/9_yweweler_43.wav,9,yweweler,43,3236
9_yweweler_44.wav,data/fsdd/recordings/9_yweweler_44.wav,9,yweweler,44,2617
9_yweweler_45.wav,data/fsdd/recordings/9_yweweler_45.wav,9,yweweler,45,3389
9_yweweler_46.wav,data/fsdd/recordings/9_yweweler_46.wav,9,yweweler,46,3038
9_yweweler_47.wav,data/fsdd/recordings/9_yweweler_47.wav,9,yweweler,47,3451
9_yweweler_48.wav,data/fsdd/recordings/9_yweweler_48.wav,9,yweweler,48,3039
9_yweweler_49.wav,data/fsdd/recordings/9_yweweler_49.wav,9,yweweler,49,3050
9_yweweler_5.wav,data/fsdd/recordings/9_yweweler_5.wav,9,yweweler,5,2877
9_yweweler_6.wav,data/fsdd/recordings/9_yweweler_6.wav,9,yweweler,6,2778
9_yweweler_7.wav,data/fsdd/recordings/9_yweweler_7.wav,9,yweweler,7,2815
9_yweweler_8.wav,data/fsdd/recordings/9_yweweler_8.wav,9,yweweler,8,3164
9_yweweler_9.wav,data/fsdd/recordings/9_yweweler_9.wav,9,yweweler,9,3507
