S
[CHECK] sample=007 label=3 L1_exact=128/128 L1_max_q_diff=0 L2_logmel_max_abs_err=0.000004 L2_exact=128/128 L2_max_q_diff=0 status=PASS
ESP-ROM:esp32s3-20210327
Build:Mar 27 2021
rst:0x15 (USB_UART_CHIP_RESET),boot:0x8 (SPI_FAST_FLASH_BOOT)
Saved PC:0x42008b5d
SPIWP:0xee
mode:DIO, clock div:1
load:0x3fce2820,len:0x1530
load:0x403c8700,len:0xcec
load:0x403cb700,len:0x2ef8
entry 0x403c8920
I (24) boot: ESP-IDF v5.5.5 2nd stage bootloader
I (24) boot: compile time Oct  5 2026 19:22:35
I (25) boot: Multicore bootloader
I (25) boot: chip revision: v0.2
I (25) boot: efuse block revision: v1.4
I (25) boot.esp32s3: Boot SPI Speed : 80MHz
I (25) boot.esp32s3: SPI Mode       : DIO
I (26) boot.esp32s3: SPI Flash Size : 4MB
I (26) boot: Enabling RNG early entropy source...
I (26) boot: Partition Table:
I (26) boot: ## Label            Usage          Type ST Offset   Length
I (26) boot:  0 nvs              WiFi data        01 02 00009000 00006000
I (27) boot:  1 phy_init         RF data          01 01 0000f000 00001000
I (27) boot:  2 factory          factory app      00 00 00010000 00177000
I (28) boot: End of partition table
I (28) esp_image: segment 0: paddr=00010020 vaddr=3c020020 size=d1430h (857136) map
I (185) esp_image: segment 1: paddr=000e1458 vaddr=3fc92b00 size=02fd8h ( 12248) load
I (188) esp_image: segment 2: paddr=000e4438 vaddr=40374000 size=0bbe0h ( 48096) load
I (199) esp_image: segment 3: paddr=000f0020 vaddr=42000020 size=13d10h ( 81168) map
I (214) esp_image: segment 4: paddr=00103d38 vaddr=4037fbe0 size=02eech ( 12012) load
I (217) esp_image: segment 5: paddr=00106c2c vaddr=50000000 size=00020h (    32) load
I (224) boot: Loaded app from partition at offset 0x10000
I (224) boot: Disabling RNG early entropy source...
I (225) octal_psram: vendor id    : 0x0d (AP)
I (225) octal_psram: dev id       : 0x02 (generation 3)
I (225) octal_psram: density      : 0x03 (64 Mbit)
I (225) octal_psram: good-die     : 0x01 (Pass)
I (226) octal_psram: Latency      : 0x01 (Fixed)
I (226) octal_psram: VCC          : 0x01 (3V)
I (226) octal_psram: SRF          : 0x01 (Fast Refresh)
I (226) octal_psram: BurstType    : 0x01 (Hybrid Wrap)
I (226) octal_psram: BurstLen     : 0x01 (32 Byte)
I (227) octal_psram: Readlatency  : 0x02 (10 cycles@Fixed)
I (227) octal_psram: DriveStrength: 0x00 (1/1)
I (227) esp_psram: Found 8MB PSRAM device
I (227) esp_psram: Speed: 40MHz
I (228) cpu_start: Multicore app
I (959) esp_psram: SPI SRAM memory test OK
I (967) cpu_start: Pro cpu start user code
I (967) cpu_start: cpu freq: 240000000 Hz
I (968) app_init: Application information:
I (968) app_init: Project name:     c3_node
I (968) app_init: App version:      1
I (968) app_init: Compile time:     Oct  5 2026 19:22:24
I (968) app_init: ELF file SHA256:  db965a103...
I (968) app_init: ESP-IDF:          v5.5.5
I (968) efuse_init: Min chip rev:     v0.0
I (969) efuse_init: Max chip rev:     v0.99 
I (969) efuse_init: Chip rev:         v0.2
I (969) heap_init: Initializing. RAM available for dynamic allocation:
I (969) heap_init: At 3FC9AC58 len 0004EAB8 (314 KiB): RAM
I (969) heap_init: At 3FCE9710 len 00005724 (21 KiB): RAM
I (969) heap_init: At 3FCF0000 len 00008000 (32 KiB): DRAM
I (970) heap_init: At 600FE000 len 00001FE8 (7 KiB): RTCRAM
I (970) esp_psram: Adding pool of 8192K of PSRAM memory to heap allocator
I (971) spi_flash: detected chip: gd
I (971) spi_flash: flash io: dio
W (971) spi_flash: Detected size(16384k) larger than the size in the binary image header(4096k). Using the size in the binary image header.
I (971) sleep_gpio: Configure to isolate all GPIO pins in sleep state
I (972) sleep_gpio: Enable automatic switching of GPIO sleep configuration
I (973) main_task: Started on CPU0
I (973) esp_psram: Reserving pool of 32K of internal memory for DMA/internal allocations
I (973) main_task: Calling app_main()

[MODEL]
name=Task-AE_d128_fold1_seed0
d=128
r=4
input=1x64x32
latent=128
dtype=INT8 latent, float32 weights/activations
encoder_params=93188
model_size_bytes=372752
preproc_fold=1
[BOARD]
chip=ESP32-S3 rev=2 cores=2
console=usb_serial_jtag
cpu_mhz=240
flash_bytes=4194304
idf=v5.5.5
compiler=14.2.0
opt=-O2 (perf)
[MEM] stage=boot free_heap=8749219 min_free_heap=8717188 internal_free=363027 largest_internal_block=262144 psram_total=8388608 psram_free=8386192
[MEM] activation_buffers_bytes=141060
[MEM] stage=after_model_init free_heap=8607819 min_free_heap=8575788 internal_free=221627 largest_internal_block=135168 psram_total=8388608 psram_free=8386192
[CHECK] sample=000 label=0 L1_exact=128/128 L1_max_q_diff=0 L2_logmel_max_abs_err=0.000007 L2_exact=128/128 L2_max_q_diff=0 status=PASS
[CHECK] sample=001 label=0 L1_exact=128/128 L1_max_q_diff=0 L2_logmel_max_abs_err=0.000010 L2_exact=128/128 L2_max_q_diff=0 status=PASS
[CHECK] sample=002 label=1 L1_exact=128/128 L1_max_q_diff=0 L2_logmel_max_abs_err=0.000006 L2_exact=128/128 L2_max_q_diff=0 status=PASS
[CHECK] sample=003 label=1 L1_exact=128/128 L1_max_q_diff=0 L2_logmel_max_abs_err=0.000002 L2_exact=128/128 L2_max_q_diff=0 status=PASS
[CHECK] sample=004 label=2 L1_exact=128/128 L1_max_q_diff=0 L2_logmel_max_abs_err=0.000003 L2_exact=128/128 L2_max_q_diff=0 status=PASS
[CHECK] sample=005 label=2 L1_exact=128/128 L1_max_q_diff=0 L2_logmel_max_abs_err=0.000003 L2_exact=128/128 L2_max_q_diff=0 status=PASS
[CHECK] sample=006 label=3 L1_exact=128/128 L1_max_q_diff=0 L2_logmel_max_abs_err=0.000003 L2_exact=128/128 L2_max_q_diff=0 status=PASS
[CHECK] sample=007 label=3 L1_exact=128/128 L1_max_q_diff=0 L2_logmel_max_abs_err=0.000004 L2_exact=128/128 L2_max_q_diff=0 status=PASS
[CHECK] sample=008 label=4 L1_exact=128/128 L1_max_q_diff=0 L2_logmel_max_abs_err=0.000016 L2_exact=128/128 L2_max_q_diff=0 status=PASS
[CHECK] sample=009 label=4 L1_exact=128/128 L1_max_q_diff=0 L2_logmel_max_abs_err=0.000003 L2_exact=128/128 L2_max_q_diff=0 status=PASS
[CHECK] summary pass=10/10
[BENCH] warmup=50 runs=1000 batch=1 input=embedded_vector_0 mode=audio->preproc->encoder->int8->packet
[RUN] 0 95652 490754 58 2
[RUN] 1 95652 490753 56 1
[RUN] 2 95652 490752 58 1
[RUN] 3 95652 490751 56 1
[RUN] 4 95652 490751 56 1
[RUN] 5 95652 490752 58 1
[RUN] 6 95652 490751 56 1
[RUN] 7 95652 490751 56 1
[RUN] 8 95652 490752 58 1
[RUN] 9 95652 490751 56 1
[RUN] 10 95652 490751 56 1
[RUN] 11 95652 490752 58 1
[RUN] 12 95652 490751 56 1
[RUN] 13 95652 490751 56 1
[RUN] 14 95652 490752 58 1
[RUN] 15 95652 490751 56 1
[RUN] 16 95652 490751 56 1
[RUN] 17 95652 490752 58 1
[RUN] 18 95652 490751 56 1
[RUN] 19 95652 490751 56 1
[RUN] 20 95652 490752 58 1
[RUN] 21 95652 490751 56 1
[RUN] 22 95652 490751 56 1
[RUN] 23 95652 490752 58 1
[RUN] 24 95652 490751 56 1
[RUN] 25 95652 490751 56 1
[RUN] 26 95652 490752 58 1
[RUN] 27 95652 490751 56 1
[RUN] 28 95652 490751 56 1
[RUN] 29 95652 490752 58 1
[RUN] 30 95652 490751 56 1
[RUN] 31 95652 490751 56 1
[RUN] 32 95652 490752 58 1
[RUN] 33 95652 490751 56 1
[RUN] 34 95652 490751 56 1
[RUN] 35 95652 490752 58 1
[RUN] 36 95652 490751 56 1
[RUN] 37 95652 490751 56 1
[RUN] 38 95652 490752 58 1
[RUN] 39 95652 490751 56 1
[RUN] 40 95652 490751 56 1
[RUN] 41 95652 490752 58 1
[RUN] 42 95652 490751 56 1
[RUN] 43 95652 490751 56 1
[RUN] 44 95652 490752 58 1
[RUN] 45 95652 490751 56 1
[RUN] 46 95652 490751 56 1
[RUN] 47 95652 490752 58 1
[RUN] 48 95652 490751 56 1
[RUN] 49 95652 490751 56 1
[RUN] 50 95652 490752 58 1
[RUN] 51 95652 490751 56 1
[RUN] 52 95652 490751 56 1
[RUN] 53 95652 490752 58 1
[RUN] 54 95652 490751 56 1
[RUN] 55 95652 490751 56 1
[RUN] 56 95652 490752 58 1
[RUN] 57 95652 490751 56 1
[RUN] 58 95652 490751 56 1
[RUN] 59 95652 490752 58 1
[RUN] 60 95652 490751 56 1
[RUN] 61 95652 490751 56 1
[RUN] 62 95652 490752 58 1
[RUN] 63 95652 490751 56 1
[RUN] 64 95652 490751 56 1
[RUN] 65 95652 490752 58 1
[RUN] 66 95652 490751 56 1
[RUN] 67 95652 490751 56 1
[RUN] 68 95652 490752 58 1
[RUN] 69 95652 490751 56 1
[RUN] 70 95652 490751 56 1
[RUN] 71 95652 490752 58 1
[RUN] 72 95652 490751 56 1
[RUN] 73 95652 490751 56 1
[RUN] 74 95652 490752 58 1
[RUN] 75 95652 490751 56 1
[RUN] 76 95652 490751 56 1
[RUN] 77 95652 490752 58 1
[RUN] 78 95652 490751 56 1
[RUN] 79 95652 490751 56 1
[RUN] 80 95652 490752 58 1
[RUN] 81 95652 490751 56 1
[RUN] 82 95652 490751 56 1
[RUN] 83 95652 490752 58 1
[RUN] 84 95652 490751 56 1
[RUN] 85 95652 490751 56 1
[RUN] 86 95652 490752 58 1
[RUN] 87 95652 490751 56 1
[RUN] 88 95652 490751 56 1
[RUN] 89 95652 490752 58 1
[RUN] 90 95652 490751 56 1
[RUN] 91 95652 490751 56 1
[RUN] 92 95652 490752 58 1
[RUN] 93 95652 490751 56 1
[RUN] 94 95652 490751 56 1
[RUN] 95 95652 490752 58 1
[RUN] 96 95652 490751 56 1
[RUN] 97 95652 490751 56 1
[RUN] 98 95652 490752 58 1
[RUN] 99 95652 490751 56 1
[RUN] 100 95652 490751 56 1
[RUN] 101 95652 490752 58 1
[RUN] 102 95652 490751 56 1
[RUN] 103 95652 490751 56 1
[RUN] 104 95652 490752 58 1
[RUN] 105 95652 490751 56 1
[RUN] 106 95652 490751 56 1
[RUN] 107 95652 490752 58 1
[RUN] 108 95652 490751 56 1
[RUN] 109 95652 490751 56 1
[RUN] 110 95652 490752 58 1
[RUN] 111 95652 490751 56 1
[RUN] 112 95652 490751 56 1
[RUN] 113 95652 490752 58 1
[RUN] 114 95652 490751 56 1
[RUN] 115 95652 490751 56 1
[RUN] 116 95652 490752 58 1
[RUN] 117 95652 490751 56 1
[RUN] 118 95652 490751 56 1
[RUN] 119 95652 490752 58 1
[RUN] 120 95652 490751 56 1
[RUN] 121 95652 490751 56 1
[RUN] 122 95652 490752 58 1
[RUN] 123 95652 490751 56 1
[RUN] 124 95652 490751 56 1
[RUN] 125 95652 490752 58 1
[RUN] 126 95652 490751 56 1
[RUN] 127 95652 490751 56 1
[RUN] 128 95652 490752 58 1
[RUN] 129 95652 490751 56 1
[RUN] 130 95652 490751 56 1
[RUN] 131 95652 490752 58 1
[RUN] 132 95652 490751 56 1
[RUN] 133 95652 490751 56 1
[RUN] 134 95652 490752 58 1
[RUN] 135 95652 490751 56 1
[RUN] 136 95652 490751 56 1
[RUN] 137 95652 490752 58 1
[RUN] 138 95652 490751 56 1
[RUN] 139 95652 490751 56 1
[RUN] 140 95652 490752 58 1
[RUN] 141 95652 490751 56 1
[RUN] 142 95652 490751 56 1
[RUN] 143 95652 490752 58 1
[RUN] 144 95652 490751 56 1
[RUN] 145 95652 490751 56 1
[RUN] 146 95652 490752 58 1
[RUN] 147 95652 490751 56 1
[RUN] 148 95652 490751 56 1
[RUN] 149 95652 490752 58 1
[RUN] 150 95652 490751 56 1
[RUN] 151 95652 490751 56 1
[RUN] 152 95652 490752 58 1
[RUN] 153 95652 490751 56 1
[RUN] 154 95652 490751 56 1
[RUN] 155 95652 490752 58 1
[RUN] 156 95652 490751 56 1
[RUN] 157 95652 490751 56 1
[RUN] 158 95652 490752 58 1
[RUN] 159 95652 490751 56 1
[RUN] 160 95652 490751 56 1
[RUN] 161 95652 490752 58 1
[RUN] 162 95652 490751 56 1
[RUN] 163 95652 490751 56 1
[RUN] 164 95652 490752 58 1
[RUN] 165 95652 490751 56 1
[RUN] 166 95652 490751 56 1
[RUN] 167 95652 490752 58 1
[RUN] 168 95652 490751 56 1
[RUN] 169 95652 490751 56 1
[RUN] 170 95652 490752 58 1
[RUN] 171 95652 490751 56 1
[RUN] 172 95652 490751 56 1
[RUN] 173 95652 490752 58 1
[RUN] 174 95652 490751 56 1
[RUN] 175 95652 490751 56 1
[RUN] 176 95652 490752 58 1
[RUN] 177 95652 490751 56 1
[RUN] 178 95652 490751 56 1
[RUN] 179 95652 490752 58 1
[RUN] 180 95652 490751 56 1
[RUN] 181 95652 490751 56 1
[RUN] 182 95652 490752 58 1
[RUN] 183 95652 490751 56 1
[RUN] 184 95652 490751 56 1
[RUN] 185 95652 490752 58 1
[RUN] 186 95652 490751 56 1
[RUN] 187 95652 490751 56 1
[RUN] 188 95652 490752 58 1
[RUN] 189 95652 490751 56 1
[RUN] 190 95652 490751 56 1
[RUN] 191 95652 490752 58 1
[RUN] 192 95652 490751 56 1
[RUN] 193 95652 490751 56 1
[RUN] 194 95652 490752 58 1
[RUN] 195 95652 490751 56 1
[RUN] 196 95652 490751 56 1
[RUN] 197 95652 490752 58 1
[RUN] 198 95652 490751 56 1
[RUN] 199 95652 490751 56 1
[RUN] 200 95652 490752 58 1
[RUN] 201 95652 490751 56 1
[RUN] 202 95652 490751 56 1
[RUN] 203 95652 490752 58 1
[RUN] 204 95652 490751 56 1
[RUN] 205 95652 490751 56 1
[RUN] 206 95652 490752 58 1
[RUN] 207 95652 490751 56 1
[RUN] 208 95652 490751 56 1
[RUN] 209 95652 490752 58 1
[RUN] 210 95652 490751 56 1
[RUN] 211 95652 490751 56 1
[RUN] 212 95652 490752 58 1
[RUN] 213 95652 490751 56 1
[RUN] 214 95652 490751 56 1
[RUN] 215 95652 490752 58 1
[RUN] 216 95652 490751 56 1
[RUN] 217 95652 490751 56 1
[RUN] 218 95652 490752 58 1
[RUN] 219 95652 490751 56 1
[RUN] 220 95652 490751 56 1
[RUN] 221 95652 490752 58 1
[RUN] 222 95652 490751 56 1
[RUN] 223 95652 490751 56 1
[RUN] 224 95652 490752 58 1
[RUN] 225 95652 490751 56 1
[RUN] 226 95652 490751 56 1
[RUN] 227 95652 490752 58 1
[RUN] 228 95652 490751 56 1
[RUN] 229 95652 490751 56 1
[RUN] 230 95652 490752 58 1
[RUN] 231 95652 490751 56 1
[RUN] 232 95652 490751 56 1
[RUN] 233 95652 490752 58 1
[RUN] 234 95652 490751 56 1
[RUN] 235 95652 490751 56 1
[RUN] 236 95652 490752 58 1
[RUN] 237 95652 490751 56 1
[RUN] 238 95652 490751 56 1
[RUN] 239 95652 490752 58 1
[RUN] 240 95652 490751 56 1
[RUN] 241 95652 490751 56 1
[RUN] 242 95652 490752 58 1
[RUN] 243 95652 490751 56 1
[RUN] 244 95652 490751 56 1
[RUN] 245 95652 490752 58 1
[RUN] 246 95652 490751 56 1
[RUN] 247 95652 490751 56 1
[RUN] 248 95652 490752 58 1
[RUN] 249 95652 490751 56 1
[RUN] 250 95652 490751 56 1
[RUN] 251 95652 490752 58 1
[RUN] 252 95652 490751 56 1
[RUN] 253 95652 490751 56 1
[RUN] 254 95652 490752 58 1
[RUN] 255 95652 490751 56 1
[RUN] 256 95652 490751 56 1
[RUN] 257 95652 490752 58 1
[RUN] 258 95652 490751 56 1
[RUN] 259 95652 490751 56 1
[RUN] 260 95652 490752 58 1
[RUN] 261 95652 490751 56 1
[RUN] 262 95652 490751 56 1
[RUN] 263 95652 490752 58 1
[RUN] 264 95652 490751 56 1
[RUN] 265 95652 490751 56 1
[RUN] 266 95652 490752 58 1
[RUN] 267 95652 490751 56 1
[RUN] 268 95652 490751 56 1
[RUN] 269 95652 490752 58 1
[RUN] 270 95652 490751 56 1
[RUN] 271 95652 490751 56 1
[RUN] 272 95652 490752 58 1
[RUN] 273 95652 490751 56 1
[RUN] 274 95652 490751 56 1
[RUN] 275 95652 490752 58 1
[RUN] 276 95652 490751 56 1
[RUN] 277 95652 490751 56 1
[RUN] 278 95652 490752 58 1
[RUN] 279 95652 490751 56 1
[RUN] 280 95652 490751 56 1
[RUN] 281 95652 490752 58 1
[RUN] 282 95652 490751 56 1
[RUN] 283 95652 490751 56 1
[RUN] 284 95652 490752 58 1
[RUN] 285 95652 490751 56 1
[RUN] 286 95652 490751 56 1
[RUN] 287 95652 490752 58 1
[RUN] 288 95652 490751 56 1
[RUN] 289 95652 490751 56 1
[RUN] 290 95652 490752 58 1
[RUN] 291 95652 490751 56 1
[RUN] 292 95652 490751 56 1
[RUN] 293 95652 490752 58 1
[RUN] 294 95652 490751 56 1
[RUN] 295 95652 490751 56 1
[RUN] 296 95652 490752 58 1
[RUN] 297 95652 490751 56 1
[RUN] 298 95652 490751 56 1
[RUN] 299 95652 490752 58 1
[RUN] 300 95652 490751 56 1
[RUN] 301 95652 490751 56 1
[RUN] 302 95652 490752 58 1
[RUN] 303 95652 490751 56 1
[RUN] 304 95652 490751 56 1
[RUN] 305 95652 490752 58 1
[RUN] 306 95652 490751 56 1
[RUN] 307 95652 490751 56 1
[RUN] 308 95652 490752 58 1
[RUN] 309 95652 490751 56 1
[RUN] 310 95652 490751 56 1
[RUN] 311 95652 490752 58 1
[RUN] 312 95652 490751 56 1
[RUN] 313 95652 490751 56 1
[RUN] 314 95652 490752 58 1
[RUN] 315 95652 490751 56 1
[RUN] 316 95652 490751 56 1
[RUN] 317 95652 490752 58 1
[RUN] 318 95652 490751 56 1
[RUN] 319 95652 490751 56 1
[RUN] 320 95652 490752 58 1
[RUN] 321 95652 490751 56 1
[RUN] 322 95652 490751 56 1
[RUN] 323 95652 490752 58 1
[RUN] 324 95652 490751 56 1
[RUN] 325 95652 490751 56 1
[RUN] 326 95652 490752 58 1
[RUN] 327 95652 490751 56 1
[RUN] 328 95652 490751 56 1
[RUN] 329 95652 490752 58 1
[RUN] 330 95652 490751 56 1
[RUN] 331 95652 490751 56 1
[RUN] 332 95652 490752 58 1
[RUN] 333 95652 490751 56 1
[RUN] 334 95652 490751 56 1
[RUN] 335 95652 490752 58 1
[RUN] 336 95652 490751 56 1
[RUN] 337 95652 490751 56 1
[RUN] 338 95652 490752 58 1
[RUN] 339 95652 490751 56 1
[RUN] 340 95652 490751 56 1
[RUN] 341 95652 490752 58 1
[RUN] 342 95652 490751 56 1
[RUN] 343 95652 490751 56 1
[RUN] 344 95652 490752 58 1
[RUN] 345 95652 490751 56 1
[RUN] 346 95652 490751 56 1
[RUN] 347 95652 490752 58 1
[RUN] 348 95652 490751 56 1
[RUN] 349 95652 490751 56 1
[RUN] 350 95652 490752 58 1
[RUN] 351 95652 490751 56 1
[RUN] 352 95652 490751 56 1
[RUN] 353 95652 490752 58 1
[RUN] 354 95652 490751 56 1
[RUN] 355 95652 490751 56 1
[RUN] 356 95652 490752 58 1
[RUN] 357 95652 490751 56 1
[RUN] 358 95652 490751 56 1
[RUN] 359 95652 490752 58 1
[RUN] 360 95652 490751 56 1
[RUN] 361 95652 490751 56 1
[RUN] 362 95652 490752 58 1
[RUN] 363 95652 490751 56 1
[RUN] 364 95652 490751 56 1
[RUN] 365 95652 490752 58 1
[RUN] 366 95652 490751 56 1
[RUN] 367 95652 490751 56 1
[RUN] 368 95652 490752 58 1
[RUN] 369 95652 490751 56 1
[RUN] 370 95652 490751 56 1
[RUN] 371 95652 490752 58 1
[RUN] 372 95652 490751 56 1
[RUN] 373 95652 490751 56 1
[RUN] 374 95652 490752 58 1
[RUN] 375 95652 490751 56 1
[RUN] 376 95652 490751 56 1
[RUN] 377 95652 490752 58 1
[RUN] 378 95652 490751 56 1
[RUN] 379 95652 490751 56 1
[RUN] 380 95652 490752 58 1
[RUN] 381 95652 490751 56 1
[RUN] 382 95652 490751 56 1
[RUN] 383 95652 490752 58 1
[RUN] 384 95652 490751 56 1
[RUN] 385 95652 490751 56 1
[RUN] 386 95652 490752 58 1
[RUN] 387 95652 490751 56 1
[RUN] 388 95652 490751 56 1
[RUN] 389 95652 490752 58 1
[RUN] 390 95652 490751 56 1
[RUN] 391 95652 490751 56 1
[RUN] 392 95652 490752 58 1
[RUN] 393 95652 490751 56 1
[RUN] 394 95652 490751 56 1
[RUN] 395 95652 490752 58 1
[RUN] 396 95652 490751 56 1
[RUN] 397 95652 490751 56 1
[RUN] 398 95652 490752 58 1
[RUN] 399 95652 490751 56 1
[RUN] 400 95652 490751 56 1
[RUN] 401 95652 490752 58 1
[RUN] 402 95652 490751 56 1
[RUN] 403 95652 490751 56 1
[RUN] 404 95652 490752 58 1
[RUN] 405 95652 490751 56 1
[RUN] 406 95652 490751 56 1
[RUN] 407 95652 490752 58 1
[RUN] 408 95652 490751 56 1
[RUN] 409 95652 490751 56 1
[RUN] 410 95652 490752 58 1
[RUN] 411 95652 490751 56 1
[RUN] 412 95652 490751 56 1
[RUN] 413 95652 490752 58 1
[RUN] 414 95652 490751 56 1
[RUN] 415 95652 490751 56 1
[RUN] 416 95652 490752 58 1
[RUN] 417 95652 490751 56 1
[RUN] 418 95652 490751 56 1
[RUN] 419 95652 490752 58 1
[RUN] 420 95652 490751 56 1
[RUN] 421 95652 490751 56 1
[RUN] 422 95652 490752 58 1
[RUN] 423 95652 490751 56 1
[RUN] 424 95652 490751 56 1
[RUN] 425 95652 490752 58 1
[RUN] 426 95652 490751 56 1
[RUN] 427 95652 490751 56 1
[RUN] 428 95652 490752 58 1
[RUN] 429 95652 490751 56 1
[RUN] 430 95652 490751 56 1
[RUN] 431 95652 490752 58 1
[RUN] 432 95652 490751 56 1
[RUN] 433 95652 490751 56 1
[RUN] 434 95652 490752 58 1
[RUN] 435 95652 490751 56 1
[RUN] 436 95652 490751 56 1
[RUN] 437 95652 490752 58 1
[RUN] 438 95652 490751 56 1
[RUN] 439 95652 490751 56 1
[RUN] 440 95652 490752 58 1
[RUN] 441 95652 490751 56 1
[RUN] 442 95652 490751 56 1
[RUN] 443 95652 490752 58 1
[RUN] 444 95652 490751 56 1
[RUN] 445 95652 490751 56 1
[RUN] 446 95652 490752 58 1
[RUN] 447 95652 490751 56 1
[RUN] 448 95652 490751 56 1
[RUN] 449 95652 490752 58 1
[RUN] 450 95652 490751 56 1
[RUN] 451 95652 490751 56 1
[RUN] 452 95652 490752 58 1
[RUN] 453 95652 490751 56 1
[RUN] 454 95652 490751 56 1
[RUN] 455 95652 490752 58 1
[RUN] 456 95652 490751 56 1
[RUN] 457 95652 490751 56 1
[RUN] 458 95652 490752 58 1
[RUN] 459 95652 490751 56 1
[RUN] 460 95652 490751 56 1
[RUN] 461 95652 490752 58 1
[RUN] 462 95652 490751 56 1
[RUN] 463 95652 490751 56 1
[RUN] 464 95652 490752 58 1
[RUN] 465 95652 490751 56 1
[RUN] 466 95652 490751 56 1
[RUN] 467 95652 490752 58 1
[RUN] 468 95652 490751 56 1
[RUN] 469 95652 490751 56 1
[RUN] 470 95652 490752 58 1
[RUN] 471 95652 490751 56 1
[RUN] 472 95652 490751 56 1
[RUN] 473 95652 490752 58 1
[RUN] 474 95652 490751 56 1
[RUN] 475 95652 490751 56 1
[RUN] 476 95652 490752 58 1
[RUN] 477 95652 490751 56 1
[RUN] 478 95652 490751 56 1
[RUN] 479 95652 490752 58 1
[RUN] 480 95652 490751 56 1
[RUN] 481 95652 490751 56 1
[RUN] 482 95652 490752 58 1
[RUN] 483 95652 490751 56 1
[RUN] 484 95652 490751 56 1
[RUN] 485 95652 490752 58 1
[RUN] 486 95652 490751 56 1
[RUN] 487 95652 490751 56 1
[RUN] 488 95652 490752 58 1
[RUN] 489 95652 490751 56 1
[RUN] 490 95652 490751 56 1
[RUN] 491 95652 490752 58 1
[RUN] 492 95652 490751 56 1
[RUN] 493 95652 490751 56 1
[RUN] 494 95652 490752 58 1
[RUN] 495 95652 490751 56 1
[RUN] 496 95652 490751 56 1
[RUN] 497 95652 490752 58 1
[RUN] 498 95652 490751 56 1
[RUN] 499 95652 490751 56 1
[RUN] 500 95652 490752 58 1
[RUN] 501 95652 490751 56 1
[RUN] 502 95652 490751 56 1
[RUN] 503 95652 490752 58 1
[RUN] 504 95652 490751 56 1
[RUN] 505 95652 490751 56 1
[RUN] 506 95652 490752 58 1
[RUN] 507 95652 490751 56 1
[RUN] 508 95652 490751 56 1
[RUN] 509 95652 490752 58 1
[RUN] 510 95652 490751 56 1
[RUN] 511 95652 490751 56 1
[RUN] 512 95652 490752 58 1
[RUN] 513 95652 490751 56 1
[RUN] 514 95652 490751 56 1
[RUN] 515 95652 490752 58 1
[RUN] 516 95652 490751 56 1
[RUN] 517 95652 490751 56 1
[RUN] 518 95652 490752 58 1
[RUN] 519 95652 490751 56 1
[RUN] 520 95652 490751 56 1
[RUN] 521 95652 490752 58 1
[RUN] 522 95652 490751 56 1
[RUN] 523 95652 490751 56 1
[RUN] 524 95652 490752 58 1
[RUN] 525 95652 490751 56 1
[RUN] 526 95652 490751 56 1
[RUN] 527 95652 490752 58 1
[RUN] 528 95652 490751 56 1
[RUN] 529 95652 490751 56 1
[RUN] 530 95652 490752 58 1
[RUN] 531 95652 490751 56 1
[RUN] 532 95652 490751 56 1
[RUN] 533 95652 490752 58 1
[RUN] 534 95652 490751 56 1
[RUN] 535 95652 490751 56 1
[RUN] 536 95652 490752 58 1
[RUN] 537 95652 490751 56 1
[RUN] 538 95652 490751 56 1
[RUN] 539 95652 490752 58 1
[RUN] 540 95652 490751 56 1
[RUN] 541 95652 490751 56 1
[RUN] 542 95652 490752 58 1
[RUN] 543 95652 490751 56 1
[RUN] 544 95652 490751 56 1
[RUN] 545 95652 490752 58 1
[RUN] 546 95652 490751 56 1
[RUN] 547 95652 490751 56 1
[RUN] 548 95652 490752 58 1
[RUN] 549 95652 490751 56 1
[RUN] 550 95652 490751 56 1
[RUN] 551 95652 490752 58 1
[RUN] 552 95652 490751 56 1
[RUN] 553 95652 490751 56 1
[RUN] 554 95652 490752 58 1
[RUN] 555 95652 490751 56 1
[RUN] 556 95652 490751 56 1
[RUN] 557 95652 490752 58 1
[RUN] 558 95652 490751 56 1
[RUN] 559 95652 490751 56 1
[RUN] 560 95652 490752 58 1
[RUN] 561 95652 490751 56 1
[RUN] 562 95652 490751 56 1
[RUN] 563 95652 490752 58 1
[RUN] 564 95652 490751 56 1
[RUN] 565 95652 490751 56 1
[RUN] 566 95652 490752 58 1
[RUN] 567 95652 490751 56 1
[RUN] 568 95652 490751 56 1
[RUN] 569 95652 490752 58 1
[RUN] 570 95652 490751 56 1
[RUN] 571 95652 490751 56 1
[RUN] 572 95652 490752 58 1
[RUN] 573 95652 490751 56 1
[RUN] 574 95652 490751 56 1
[RUN] 575 95652 490752 58 1
[RUN] 576 95652 490751 56 1
[RUN] 577 95652 490751 56 1
[RUN] 578 95652 490752 58 1
[RUN] 579 95652 490751 56 1
[RUN] 580 95652 490751 56 1
[RUN] 581 95652 490752 58 1
[RUN] 582 95652 490751 56 1
[RUN] 583 95652 490751 56 1
[RUN] 584 95652 490752 58 1
[RUN] 585 95652 490751 56 1
[RUN] 586 95652 490751 56 1
[RUN] 587 95652 490752 58 1
[RUN] 588 95652 490751 56 1
[RUN] 589 95652 490751 56 1
[RUN] 590 95652 490752 58 1
[RUN] 591 95652 490751 56 1
[RUN] 592 95652 490751 56 1
[RUN] 593 95652 490752 58 1
[RUN] 594 95652 490751 56 1
[RUN] 595 95652 490751 56 1
[RUN] 596 95652 490752 58 1
[RUN] 597 95652 490751 56 1
[RUN] 598 95652 490751 56 1
[RUN] 599 95652 490752 58 1
[RUN] 600 95652 490751 56 1
[RUN] 601 95652 490751 56 1
[RUN] 602 95652 490752 58 1
[RUN] 603 95652 490751 56 1
[RUN] 604 95652 490751 56 1
[RUN] 605 95652 490752 58 1
[RUN] 606 95652 490751 56 1
[RUN] 607 95652 490751 56 1
[RUN] 608 95652 490752 58 1
[RUN] 609 95652 490751 56 1
[RUN] 610 95652 490751 56 1
[RUN] 611 95652 490752 58 1
[RUN] 612 95652 490751 56 1
[RUN] 613 95652 490751 56 1
[RUN] 614 95652 490752 58 1
[RUN] 615 95652 490751 56 1
[RUN] 616 95652 490751 56 1
[RUN] 617 95652 490752 58 1
[RUN] 618 95652 490751 56 1
[RUN] 619 95652 490751 56 1
[RUN] 620 95652 490752 58 1
[RUN] 621 95652 490751 56 1
[RUN] 622 95652 490751 56 1
[RUN] 623 95652 490752 58 1
[RUN] 624 95652 490751 56 1
[RUN] 625 95652 490751 56 1
[RUN] 626 95652 490752 58 1
[RUN] 627 95652 490751 56 1
[RUN] 628 95652 490751 56 1
[RUN] 629 95652 490752 58 1
[RUN] 630 95652 490751 56 1
[RUN] 631 95652 490751 56 1
[RUN] 632 95652 490752 58 1
[RUN] 633 95652 490751 56 1
[RUN] 634 95652 490751 56 1
[RUN] 635 95652 490752 58 1
[RUN] 636 95652 490751 56 1
[RUN] 637 95652 490751 56 1
[RUN] 638 95652 490752 58 1
[RUN] 639 95652 490751 56 1
[RUN] 640 95652 490751 56 1
[RUN] 641 95652 490752 58 1
[RUN] 642 95652 490751 56 1
[RUN] 643 95652 490751 56 1
[RUN] 644 95652 490752 58 1
[RUN] 645 95652 490751 56 1
[RUN] 646 95652 490751 56 1
[RUN] 647 95652 490752 58 1
[RUN] 648 95652 490751 56 1
[RUN] 649 95652 490751 56 1
[RUN] 650 95652 490752 58 1
[RUN] 651 95652 490751 56 1
[RUN] 652 95652 490751 56 1
[RUN] 653 95652 490752 58 1
[RUN] 654 95652 490751 56 1
[RUN] 655 95652 490751 56 1
[RUN] 656 95652 490752 58 1
[RUN] 657 95652 490751 56 1
[RUN] 658 95652 490751 56 1
[RUN] 659 95652 490752 58 1
[RUN] 660 95652 490751 56 1
[RUN] 661 95652 490751 56 1
[RUN] 662 95652 490752 58 1
[RUN] 663 95652 490751 56 1
[RUN] 664 95652 490751 56 1
[RUN] 665 95652 490752 58 1
[RUN] 666 95652 490751 56 1
[RUN] 667 95652 490751 56 1
[RUN] 668 95652 490752 58 1
[RUN] 669 95652 490751 56 1
[RUN] 670 95652 490751 56 1
[RUN] 671 95652 490752 58 1
[RUN] 672 95652 490751 56 1
[RUN] 673 95652 490751 56 1
[RUN] 674 95652 490752 58 1
[RUN] 675 95652 490751 56 1
[RUN] 676 95652 490751 56 1
[RUN] 677 95652 490752 58 1
[RUN] 678 95652 490751 56 1
[RUN] 679 95652 490751 56 1
[RUN] 680 95652 490752 58 1
[RUN] 681 95652 490751 56 1
[RUN] 682 95652 490751 56 1
[RUN] 683 95652 490752 58 1
[RUN] 684 95652 490751 56 1
[RUN] 685 95652 490751 56 1
[RUN] 686 95652 490752 58 1
[RUN] 687 95652 490751 56 1
[RUN] 688 95652 490751 56 1
[RUN] 689 95652 490752 58 1
[RUN] 690 95652 490751 56 1
[RUN] 691 95652 490751 56 1
[RUN] 692 95652 490752 58 1
[RUN] 693 95652 490751 56 1
[RUN] 694 95652 490751 56 1
[RUN] 695 95652 490752 58 1
[RUN] 696 95652 490751 56 1
[RUN] 697 95652 490751 56 1
[RUN] 698 95652 490752 58 1
[RUN] 699 95652 490751 56 1
[RUN] 700 95652 490751 56 1
[RUN] 701 95652 490752 58 1
[RUN] 702 95652 490751 56 1
[RUN] 703 95652 490751 56 1
[RUN] 704 95652 490752 58 1
[RUN] 705 95652 490751 56 1
[RUN] 706 95652 490751 56 1
[RUN] 707 95652 490752 58 1
[RUN] 708 95652 490751 56 1
[RUN] 709 95652 490751 56 1
[RUN] 710 95652 490752 58 1
[RUN] 711 95652 490751 56 1
[RUN] 712 95652 490751 56 1
[RUN] 713 95652 490752 58 1
[RUN] 714 95652 490751 56 1
[RUN] 715 95652 490751 56 1
[RUN] 716 95652 490752 58 1
[RUN] 717 95652 490751 56 1
[RUN] 718 95652 490751 56 1
[RUN] 719 95652 490752 58 1
[RUN] 720 95652 490751 56 1
[RUN] 721 95652 490751 56 1
[RUN] 722 95652 490752 58 1
[RUN] 723 95652 490751 56 1
[RUN] 724 95652 490751 56 1
[RUN] 725 95652 490752 58 1
[RUN] 726 95652 490751 56 1
[RUN] 727 95652 490751 56 1
[RUN] 728 95652 490752 58 1
[RUN] 729 95652 490751 56 1
[RUN] 730 95652 490751 56 1
[RUN] 731 95652 490752 58 1
[RUN] 732 95652 490751 56 1
[RUN] 733 95652 490751 56 1
[RUN] 734 95652 490752 58 1
[RUN] 735 95652 490751 56 1
[RUN] 736 95652 490751 56 1
[RUN] 737 95652 490752 58 1
[RUN] 738 95652 490751 56 1
[RUN] 739 95652 490751 56 1
[RUN] 740 95652 490752 58 1
[RUN] 741 95652 490751 56 1
[RUN] 742 95652 490751 56 1
[RUN] 743 95652 490752 58 1
[RUN] 744 95652 490751 56 1
[RUN] 745 95652 490751 56 1
[RUN] 746 95652 490752 58 1
[RUN] 747 95652 490751 56 1
[RUN] 748 95652 490751 56 1
[RUN] 749 95652 490752 58 1
[RUN] 750 95652 490751 56 1
[RUN] 751 95652 490751 56 1
[RUN] 752 95652 490752 58 1
[RUN] 753 95652 490751 56 1
[RUN] 754 95652 490751 56 1
[RUN] 755 95652 490752 58 1
[RUN] 756 95652 490751 56 1
[RUN] 757 95652 490751 56 1
[RUN] 758 95652 490752 58 1
[RUN] 759 95652 490751 56 1
[RUN] 760 95652 490751 56 1
[RUN] 761 95652 490752 58 1
[RUN] 762 95652 490751 56 1
[RUN] 763 95652 490751 56 1
[RUN] 764 95652 490752 58 1
[RUN] 765 95652 490751 56 1
[RUN] 766 95652 490751 56 1
[RUN] 767 95652 490752 58 1
[RUN] 768 95652 490751 56 1
[RUN] 769 95652 490751 56 1
[RUN] 770 95652 490752 58 1
[RUN] 771 95652 490751 56 1
[RUN] 772 95652 490751 56 1
[RUN] 773 95652 490752 58 1
[RUN] 774 95652 490751 56 1
[RUN] 775 95652 490751 56 1
[RUN] 776 95652 490752 58 1
[RUN] 777 95652 490751 56 1
[RUN] 778 95652 490751 56 1
[RUN] 779 95652 490752 58 1
[RUN] 780 95652 490751 56 1
[RUN] 781 95652 490751 56 1
[RUN] 782 95652 490752 58 1
[RUN] 783 95652 490751 56 1
[RUN] 784 95652 490751 56 1
[RUN] 785 95652 490752 58 1
[RUN] 786 95652 490751 56 1
[RUN] 787 95652 490751 56 1
[RUN] 788 95652 490752 58 1
[RUN] 789 95652 490751 56 1
[RUN] 790 95652 490751 56 1
[RUN] 791 95652 490752 58 1
[RUN] 792 95652 490751 56 1
[RUN] 793 95652 490751 56 1
[RUN] 794 95652 490752 58 1
[RUN] 795 95652 490751 56 1
[RUN] 796 95652 490751 56 1
[RUN] 797 95652 490752 58 1
[RUN] 798 95652 490751 56 1
[RUN] 799 95652 490751 56 1
[RUN] 800 95652 490752 58 1
[RUN] 801 95652 490751 56 1
[RUN] 802 95652 490751 56 1
[RUN] 803 95652 490752 58 1
[RUN] 804 95652 490751 56 1
[RUN] 805 95652 490751 56 1
[RUN] 806 95652 490752 58 1
[RUN] 807 95652 490751 56 1
[RUN] 808 95652 490751 56 1
[RUN] 809 95652 490752 58 1
[RUN] 810 95652 490751 56 1
[RUN] 811 95652 490751 56 1
[RUN] 812 95652 490752 58 1
[RUN] 813 95652 490751 56 1
[RUN] 814 95652 490751 56 1
[RUN] 815 95652 490752 58 1
[RUN] 816 95652 490751 56 1
[RUN] 817 95652 490751 56 1
[RUN] 818 95652 490752 58 1
[RUN] 819 95652 490751 56 1
[RUN] 820 95652 490751 56 1
[RUN] 821 95652 490752 58 1
[RUN] 822 95652 490751 56 1
[RUN] 823 95652 490751 56 1
[RUN] 824 95652 490752 58 1
[RUN] 825 95652 490751 56 1
[RUN] 826 95652 490751 56 1
[RUN] 827 95652 490752 58 1
[RUN] 828 95652 490751 56 1
[RUN] 829 95652 490751 56 1
[RUN] 830 95652 490752 58 1
[RUN] 831 95652 490751 56 1
[RUN] 832 95652 490751 56 1
[RUN] 833 95652 490752 58 1
[RUN] 834 95652 490751 56 1
[RUN] 835 95652 490751 56 1
[RUN] 836 95652 490752 58 1
[RUN] 837 95652 490751 56 1
[RUN] 838 95652 490751 56 1
[RUN] 839 95652 490752 58 1
[RUN] 840 95652 490751 56 1
[RUN] 841 95652 490751 56 1
[RUN] 842 95652 490752 58 1
[RUN] 843 95652 490751 56 1
[RUN] 844 95652 490751 56 1
[RUN] 845 95652 490752 58 1
[RUN] 846 95652 490751 56 1
[RUN] 847 95652 490751 56 1
[RUN] 848 95652 490752 58 1
[RUN] 849 95652 490751 56 1
[RUN] 850 95652 490751 56 1
[RUN] 851 95652 490752 58 1
[RUN] 852 95652 490751 56 1
[RUN] 853 95652 490751 56 1
[RUN] 854 95652 490752 58 1
[RUN] 855 95652 490751 56 1
[RUN] 856 95652 490751 56 1
[RUN] 857 95652 490752 58 1
[RUN] 858 95652 490751 56 1
[RUN] 859 95652 490751 56 1
[RUN] 860 95652 490752 58 1
[RUN] 861 95652 490751 56 1
[RUN] 862 95652 490751 56 1
[RUN] 863 95652 490752 58 1
[RUN] 864 95652 490751 56 1
[RUN] 865 95652 490751 56 1
[RUN] 866 95652 490752 58 1
[RUN] 867 95652 490751 56 1
[RUN] 868 95652 490751 56 1
[RUN] 869 95652 490752 58 1
[RUN] 870 95652 490751 56 1
[RUN] 871 95652 490751 56 1
[RUN] 872 95652 490752 58 1
[RUN] 873 95652 490751 56 1
[RUN] 874 95652 490751 56 1
[RUN] 875 95652 490752 58 1
[RUN] 876 95652 490751 56 1
[RUN] 877 95652 490751 56 1
[RUN] 878 95652 490752 58 1
[RUN] 879 95652 490751 56 1
[RUN] 880 95652 490751 56 1
[RUN] 881 95652 490752 58 1
[RUN] 882 95652 490751 56 1
[RUN] 883 95652 490751 56 1
[RUN] 884 95652 490752 58 1
[RUN] 885 95652 490751 56 1
[RUN] 886 95652 490751 56 1
[RUN] 887 95652 490752 58 1
[RUN] 888 95652 490751 56 1
[RUN] 889 95652 490751 56 1
[RUN] 890 95652 490752 58 1
[RUN] 891 95652 490751 56 1
[RUN] 892 95652 490751 56 1
[RUN] 893 95652 490752 58 1
[RUN] 894 95652 490751 56 1
[RUN] 895 95652 490751 56 1
[RUN] 896 95652 490752 58 1
[RUN] 897 95652 490751 56 1
[RUN] 898 95652 490751 56 1
[RUN] 899 95652 490752 58 1
[RUN] 900 95652 490751 56 1
[RUN] 901 95652 490751 56 1
[RUN] 902 95652 490752 58 1
[RUN] 903 95652 490751 56 1
[RUN] 904 95652 490751 56 1
[RUN] 905 95652 490752 58 1
[RUN] 906 95652 490751 56 1
[RUN] 907 95652 490751 56 1
[RUN] 908 95652 490752 58 1
[RUN] 909 95652 490751 56 1
[RUN] 910 95652 490751 56 1
[RUN] 911 95652 490752 58 1
[RUN] 912 95652 490751 56 1
[RUN] 913 95652 490751 56 1
[RUN] 914 95652 490752 58 1
[RUN] 915 95652 490751 56 1
[RUN] 916 95652 490751 56 1
[RUN] 917 95652 490752 58 1
[RUN] 918 95652 490751 56 1
[RUN] 919 95652 490751 56 1
[RUN] 920 95652 490752 58 1
[RUN] 921 95652 490751 56 1
[RUN] 922 95652 490751 56 1
[RUN] 923 95652 490752 58 1
[RUN] 924 95652 490751 56 1
[RUN] 925 95652 490751 56 1
[RUN] 926 95652 490752 58 1
[RUN] 927 95652 490751 56 1
[RUN] 928 95652 490751 56 1
[RUN] 929 95652 490752 58 1
[RUN] 930 95652 490751 56 1
[RUN] 931 95652 490751 56 1
[RUN] 932 95652 490752 58 1
[RUN] 933 95652 490751 56 1
[RUN] 934 95652 490751 56 1
[RUN] 935 95652 490752 58 1
[RUN] 936 95652 490751 56 1
[RUN] 937 95652 490751 56 1
[RUN] 938 95652 490752 58 1
[RUN] 939 95652 490751 56 1
[RUN] 940 95652 490751 56 1
[RUN] 941 95652 490752 58 1
[RUN] 942 95652 490751 56 1
[RUN] 943 95652 490751 56 1
[RUN] 944 95652 490752 58 1
[RUN] 945 95652 490751 56 1
[RUN] 946 95652 490751 56 1
[RUN] 947 95652 490752 58 1
[RUN] 948 95652 490751 56 1
[RUN] 949 95652 490751 56 1
[RUN] 950 95652 490752 58 1
[RUN] 951 95652 490751 56 1
[RUN] 952 95652 490751 56 1
[RUN] 953 95652 490752 58 1
[RUN] 954 95652 490751 56 1
[RUN] 955 95652 490751 56 1
[RUN] 956 95652 490752 58 1
[RUN] 957 95652 490751 56 1
[RUN] 958 95652 490751 56 1
[RUN] 959 95652 490752 58 1
[RUN] 960 95652 490751 56 1
[RUN] 961 95652 490751 56 1
[RUN] 962 95652 490752 58 1
[RUN] 963 95652 490751 56 1
[RUN] 964 95652 490751 56 1
[RUN] 965 95652 490752 58 1
[RUN] 966 95652 490751 56 1
[RUN] 967 95652 490751 56 1
[RUN] 968 95652 490752 58 1
[RUN] 969 95652 490751 56 1
[RUN] 970 95652 490751 56 1
[RUN] 971 95652 490752 58 1
[RUN] 972 95652 490751 56 1
[RUN] 973 95652 490751 56 1
[RUN] 974 95652 490752 58 1
[RUN] 975 95652 490751 56 1
[RUN] 976 95652 490751 56 1
[RUN] 977 95652 490752 58 1
[RUN] 978 95652 490751 56 1
[RUN] 979 95652 490751 56 1
[RUN] 980 95652 490752 58 1
[RUN] 981 95652 490751 56 1
[RUN] 982 95652 490751 56 1
[RUN] 983 95652 490752 58 1
[RUN] 984 95652 490751 56 1
[RUN] 985 95652 490751 56 1
[RUN] 986 95652 490752 58 1
[RUN] 987 95652 490751 56 1
[RUN] 988 95652 490751 56 1
[RUN] 989 95652 490752 58 1
[RUN] 990 95652 490751 56 1
[RUN] 991 95652 490751 56 1
[RUN] 992 95652 490752 58 1
[RUN] 993 95652 490751 56 1
[RUN] 994 95652 490751 56 1
[RUN] 995 95652 490752 58 1
[RUN] 996 95652 490751 56 1
[RUN] 997 95652 490751 56 1
[RUN] 998 95652 490752 58 1
[RUN] 999 95652 490751 56 1
[BENCH] done
[MEM] stage=after_benchmark free_heap=8570099 min_free_heap=8538068 internal_free=216679 largest_internal_block=135168 psram_total=8388608 psram_free=8353420
[PACKET]
payload_bytes=128
header_bytes=4
total_bytes=132
[READY]
[MODEL]
name=Task-AE_d128_fold1_seed0
d=128
r=4
input=1x64x32
latent=128
dtype=INT8 latent, float32 weights/activations
encoder_params=93188
model_size_bytes=372752
preproc_fold=1
[BOARD]
chip=ESP32-S3 rev=2 cores=2
console=usb_serial_jtag
cpu_mhz=240
flash_bytes=4194304
idf=v5.5.5
compiler=14.2.0
opt=-O2 (perf)
[MEM] stage=info free_heap=8570099 min_free_heap=8538068 internal_free=216679 largest_internal_block=135168 psram_total=8388608 psram_free=8353420
[READY]
[MODEL]
name=Task-AE_d128_fold1_seed0
d=128
r=4
input=1x64x32
latent=128
dtype=INT8 latent, float32 weights/activations
encoder_params=93188
model_size_bytes=372752
preproc_fold=1
[BOARD]
chip=ESP32-S3 rev=2 cores=2
console=usb_serial_jtag
cpu_mhz=240
flash_bytes=4194304
idf=v5.5.5
compiler=14.2.0
opt=-O2 (perf)
[MEM] stage=info free_heap=8570099 min_free_heap=8538068 internal_free=216679 largest_internal_block=135168 psram_total=8388608 psram_free=8353420
[READY]
[MODEL]
name=Task-AE_d128_fold1_seed0
d=128
r=4
input=1x64x32
latent=128
dtype=INT8 latent, float32 weights/activations
encoder_params=93188
model_size_bytes=372752
preproc_fold=1
[BOARD]
chip=ESP32-S3 rev=2 cores=2
console=usb_serial_jtag
cpu_mhz=240
flash_bytes=4194304
idf=v5.5.5
compiler=14.2.0
opt=-O2 (perf)
[MEM] stage=info free_heap=8570099 min_free_heap=8538068 internal_free=216679 largest_internal_block=135168 psram_total=8388608 psram_free=8353420
[READY]
[MODEL]
name=Task-AE_d128_fold1_seed0
d=128
r=4
input=1x64x32
latent=128
dtype=INT8 latent, float32 weights/activations
encoder_params=93188
model_size_bytes=372752
preproc_fold=1
[BOARD]
chip=ESP32-S3 rev=2 cores=2
console=usb_serial_jtag
cpu_mhz=240
flash_bytes=4194304
idf=v5.5.5
compiler=14.2.0
opt=-O2 (perf)
[MEM] stage=info free_heap=8570099 min_free_heap=8538068 internal_free=216679 largest_internal_block=135168 psram_total=8388608 psram_free=8353420
[READY]
[MODEL]
name=Task-AE_d128_fold1_seed0
d=128
r=4
input=1x64x32
latent=128
dtype=INT8 latent, float32 weights/activations
encoder_params=93188
model_size_bytes=372752
preproc_fold=1
[BOARD]
chip=ESP32-S3 rev=2 cores=2
console=usb_serial_jtag
cpu_mhz=240
flash_bytes=4194304
idf=v5.5.5
compiler=14.2.0
opt=-O2 (perf)
[MEM] stage=info free_heap=8570099 min_free_heap=8538068 internal_free=216679 largest_internal_block=135168 psram_total=8388608 psram_free=8353420
[READY]
[PKT] seq=0 mode=L bytes=132 pkt=01028000d2ca5951e9b1655af2c76156dfae6353fbd25e52e1cf5b53f9b65b55daba5c52eaf8b1bc260eb7b7e2e2b9bae1f1bbbcde34bdbde01ebabcc70bb5ba5c1cbfbfdf1f2638de05142adb001128e6ea0f27c921122896491527a33b19299b29122406f89ba7ece49db1d9cda4b4dfbb9fb6f5b2a9b51af1a8b54206a8b321eeacba pre_us=0 enc_us=490952 q_us=66 pkt_us=2
[PKT] seq=1 mode=L bytes=132 pkt=01028000edfaec5724fff55d2e310064344dec693b34c96c3bd9f06e4c1b196f570dfb71e906fc960932228cfdff2a8fe8eb0790f319c8920345d495c123dc960a61db9807042e380bd8292729ef3c2e27d4483420b934361ce3223a20cc5a3ee6c4503d0b14e596e2fdea99eff7c6990323ca98ed23b496e729a199fb19ae97f3f1a897 pre_us=0 enc_us=490940 q_us=63 pkt_us=1
[PKT] seq=2 mode=L bytes=132 pkt=0102800022f40a22071adbf6f31c1c23e23e02ffce44c1349d4eea5005600c4ba764ce56f3c409edeeeb2ad5f2d0febbe3caf9a8e7c911abdb01409d079c0190dccb348e38dd015d3ec9e1503fecdb5c3af7f15d22eb004f08b743414ab8154a18990d42b4fb23a1a8cd0f9ba9e60baaacca0e9bb7e61598bbf267a1a7f53b98afe9439d pre_us=0 enc_us=490927 q_us=60 pkt_us=1
[PKT] seq=3 mode=L bytes=132 pkt=01028000fdee3c5927d722632a051f632be42b6446c72a655bcd40655afc36665cb73766ee06f1b41129ddaded10baadf6ebd4abec1bc7aa2d4dbeaac818a2a8264ca0a9f6fb693ff5da613100dc593203d65733f9f44633bc2d4533cbe84735bc193d320717b39fec08aba801f3bea7e71aa1a6140a9aa5fa52a8a5fc40a5a3ee2eaaa5 pre_us=0 enc_us=490929 q_us=58 pkt_us=2
[PKT] seq=4 mode=L bytes=132 pkt=01028000f1ffeb5c18e5eb66201f11672b22dd6836de296a47d3356a5611336b56c1266cef02f3b20828dba9ea0ad8a8f1fcc9a6ed1ed7a42f53c0a4c11ba5a211479fa2fafa4742f3e24f340b0258350dd1533709e64338e73a3238ea035339cf0a4b380a1bb69dea14ada4e90bcea3e527aea1093f98a02169a9a01549a79ef735b29f pre_us=0 enc_us=490930 q_us=60 pkt_us=1
[PKT] seq=5 mode=L bytes=132 pkt=0102800005f5e0611af3ee6b1c14ff6b4221ed6d46f9046e58da2f6f5606206f51f41f70ebfdf3a5013bf49ff219dea2e20ddea0e529c29e1f5cbf9ebf46c99d075b9b9c0302283cf6d7432e11e6513714d35839f4c44a3ae41e4639e4e4613dbff54f3c071cc196e702be9dede6be9e010ccc9b071eaa9a0f5bc299101ba599eb08a59a pre_us=0 enc_us=490928 q_us=58 pkt_us=1
[PKT] seq=6 mode=L bytes=132 pkt=010280000af7dc5f26ebe2692903fd693c0bf36b25c9026c34e9366d37f82f6d2bd2196eecfff1ab0d33f1a40003e9a5e6f5bda2e611c7a11a51b1a1bd1eba9f373a979f04032a3f03d941320ce4553614d14d3907de403ac327303ad406503ccb15483b1518b199fc08b1a1fc01cba0fd09b09e1d04b09d463bb09d3c4aab9b0e2aa49c pre_us=0 enc_us=490928 q_us=60 pkt_us=1
[PKT] seq=7 mode=L bytes=132 pkt=01028000ddf8dc5e03f0e1691114176afe11de6c0ae1fa6d1fde286e2f0d3b6f28d90670e105edaf0433e9a6f3f9f2a4eff1b6a1d214c4a00837bd9faf13c39eff41af9dfe023d45eddb4f360ee8683811d7513b03e0423bd4393a3cd6f55b3dc9125f3c0c21ad9bce17b3a1eb08d49fed2ab59d0e33a99bf76ba99beb55b39acd23a59a pre_us=0 enc_us=490926 q_us=59 pkt_us=1
[PKT] seq=8 mode=L bytes=132 pkt=01028000f1ebf34d14fa00421621f164273d0e683c2cf3662dc6396a490e2e6e32ddf86fe407fca2fb46158bf21aef96e2141493db32b3931060bd95ae3fd797c66ba29709010e5207d72d4026ee3b3b28dd383a21cb4a431a13364113fe6341d4f950400d1aefaae3f5d2a904e4f19ee4e7ce9a0e0ccd9d2621c49b210fb198d9e7a199 pre_us=0 enc_us=490923 q_us=61 pkt_us=1
[PKT] seq=9 mode=L bytes=132 pkt=01028000f6e4e6571cfcf95e1d21f164343ef26a3216e26731c81a694632356c4fe5f86de6fef59703481190e91cf196e5070197e423bd93f963bc96ad46c199d65ba19805f9203507dc312a21e1393227cf493224bf21361e1b20392214583be7eb493a1422dd96e5f7d99df1dee39df4fdd99af914bf9a1832bd9c06e5ac99ede9ac9b pre_us=0 enc_us=490930 q_us=60 pkt_us=2
[PKT] seq=10 mode=L bytes=132 pkt=01028000eee307401506fb493620f3662a3614683d45f16b1ed93c6c4a22246d55f8fd75e3fa0fceff4320b2f20bfa99e7043397e61ad79a0567ce95a74ce492de65ae9609fdfa6512da1f5c31e820472ae63d5228c5375728eb2c5024d25c50ebfb614d0919fb9bdbededb3eadef09dec05de9a010de1982602da971df9af93ffd2a494 pre_us=0 enc_us=490934 q_us=58 pkt_us=2
[PKT] seq=11 mode=L bytes=132 pkt=01028000e0e8d9640309dd6e0e19df6f062be8700629d77210c31d722df30f7246fbe273e002f3a20939049dfb05f89cef080e99e714c099fc60d39ab44fd999e363b1980202213a02d934281fdc323021d759351abf493813e5333a0fd25b3eebee583f0614d193d3f4d297ece6c197e101e195f925cb950933ac951208ac95e0ca9b95 pre_us=0 enc_us=490930 q_us=60 pkt_us=2
[PKT] seq=12 mode=L bytes=132 pkt=01028000e9e9f95d130bf1422827e56527441662293bdf6c1cbf246d4c04eb704dc50474e5fbf5b8f93a249ff8010f94eb063590eb22bd92165fe597a53ae392f56b08920c06105c0cda24612de52a4a26d93d5228c8465027ec5e5418e2644dfbd76b4a081808aadbf0ebb2e9d2d2a0f1ede09d01fad39c1112b39d1510b594f4e0a493 pre_us=0 enc_us=490929 q_us=58 pkt_us=1
[PKT] seq=13 mode=L bytes=132 pkt=01028000f0ebe85f0f14ef6a1c451c69204ee26a1d27e46c48d9116d542e0f6d5ae0ef6ef214f6a9024eeba2f701e3a3fc05c5a3f130aa9f0d44bb9fc447bc9ffd6793a0fdfd393c09d6362c2ddd603322c65e3722be2333fe1a333504d56339bee658380d1fdb98edebcf9e1af9f3a00003d19e021cad9b0b45b59c0015c99bedeec69d pre_us=0 enc_us=490927 q_us=61 pkt_us=1
[PKT] seq=14 mode=L bytes=132 pkt=01028000e4fce0610607d26bfd22f86c012dde6e1413ff702fdd0570352ff2714cf01472e601efaaff35f1a2e314e7a1ec11dd9ee52fba9cfc5bce9cbb55b99bdf6abd9902033f44f5dc3f3412e35a3a0ecf5c3d16d43a3e0317373e03db4e40ced95240061cc098d906b49df706b09cec14ce9a013a9a990b4d9e9813129b97f34a9a97 pre_us=0 enc_us=490926 q_us=59 pkt_us=1
[PKT] seq=15 mode=L bytes=132 pkt=01028000f2fa185c16f00667241e25671f1ef66921df0e6a39c8296b3eef116c3cbf116cee07f1b1053be3a9f91cd5a7f618baa5e038d0a30d5ebaa3c650b5a1ee6a95a10401524306e25b3429d1623626c4573817cb4c38f12c393803e7583acee64a3905089f9cee07a5a400f7c0a21410b2a01d349b9f2f5f9e9f312fa39d155ea59e pre_us=0 enc_us=490931 q_us=60 pkt_us=1
[PKT] seq=16 mode=L bytes=132 pkt=0102800004dd1c5b26f4f1651c05076520c5276730c6196846ca246827c9356924bd136a0716f4b31a2de9aaf117e0aa0006d6a8eb17d8a70648e1a6ca0fbfa42655b4a5f80b59410ad34f3322cc5b3417d143350df74736b92a3f36d5f84538a7155536fa22af9eeb04a2a6030db6a4f70a9aa317d7a6a21f0ea1a21128a4a00814aea1 pre_us=0 enc_us=490928 q_us=60 pkt_us=1
[PKT] seq=17 mode=L bytes=132 pkt=01028000f5f80c5c19ff0a66132e0d671518e46935e31d6a52b5276a53021b6b5eb8fe6cf616f2b10930e5a9e80ae8a8e809aea6d933c5a4045bc3a4b44bbaa2e6739aa2040d4f42f0e157341ce266350ad94f37ffda3738e52d3f38e5da4e3ab2fb4a38fc109f9dd01aa6a4fc17bca3f018a3a1fe1b929ffa48a19f114ba49ee351a09f pre_us=0 enc_us=490927 q_us=59 pkt_us=1
[PKT] seq=18 mode=L bytes=132 pkt=0102800039f23e5850ee18622ff831614ab6356258be3e6364c33c635cb938654a9c3c640b05e8b51421d3aef20cafaef203c5ade33ec7ac1b5db8ace528adaa3b68a5ab0502633ffcd45b3014da4a31f9dc4f31e3084d32b52b4632b8e44a3492163e31fb19aea0f5fca9a90113c9a9f615b1a813dbb4a7122caba7132aada5ed22aea8 pre_us=0 enc_us=490937 q_us=60 pkt_us=2
[PKT] seq=19 mode=L bytes=132 pkt=01028000f2eff74f1313f44f2f2eec622b4d16671b1deb6e24be1c6f340c106f3fcae574ee03ee940234188af806018df7eff98ce628b68f225fd68fc556dc8f0e73b4900605104c07dc284232e6494423c845460bbc344809f73947fad2694bd9cc5e4907fdda9ee3eddea6f4fceb9ffb04d0971b02cb97361cb9962e05bc951afb9b93 pre_us=0 enc_us=490923 q_us=58 pkt_us=2
[PKT] seq=20 mode=L bytes=132 pkt=01028000e5f2df640efae86d1919d66e1f37e1711007fb723ebb0772500813735bc7e774ea02e9a3fc30f79bef10f99af2ffc299e730d099fa5aba97ba54cf97f86aaf97060e243ffedc3e2f1cdc4a3519bb49390fc7473c04173239f1c8643db9ca563f0312cd94d400c499f0f6de97fafdc19501159e950648c593ee0fc094dc0b9d94 pre_us=0 enc_us=490929 q_us=61 pkt_us=1
[PKT] seq=21 mode=L bytes=132 pkt=01028000f301df661601cf6f3716d171281404741c27cd750db917752907ed7532bbdb76f2ffeca0fc2a0099f00bed99f7002096e333bf940a60d994ba52ef94da77bf930609223e0cd82f2d22e9453415df493513bf423a20e0473b13cf523ecdbd53410404c391e6f4c396eae8cd94f3f7c9901218bc911d19c69129feb29005169e90 pre_us=0 enc_us=490930 q_us=58 pkt_us=1
[PKT] seq=22 mode=L bytes=132 pkt=01028000effce26011ecd86a0e1cfa6c2807e16e22d4046f39d908704eff10713ebbe472f0fbe8ad0725e3a4ea05e7a2eae9c49ee711dd9df942c99cb239c69bf167a19afffe3a46fee54c380fe7603a0ce5493dfdff383eeb353a3ecee45040b71550400111a999de07ada0f309e29def36b39af83c95991b689a99fa59a497e75c9a97 pre_us=0 enc_us=490928 q_us=61 pkt_us=1
[PKT] seq=23 mode=L bytes=132 pkt=01028000fefcf74d1ffaf64a310ef4644025e36a40050b6a5bc9306a5ef4376e5fbbe572ecfdf49507310f8be50cf291ef281392f22fcd8f1958d08eb439e3910170b89208040e4a07db28421fe932402ad7494114c9284503182f43ece05945c1045d43091be9a0e0f3d0a4f2e1c69df203ce970721b39b2142be981a35b795f706a194 pre_us=0 enc_us=490929 q_us=60 pkt_us=2
[PKT] seq=24 mode=L bytes=132 pkt=010280002d00425927cf36631400386327c3336442b73e655cb5396653ad46674e9b3767f702ceb41723bdacfffdacac0017a2abde28a5aa0939a0aac91d9aa84f4391a908016040fde961310fc5593203ca5533daf75534a6065534a9e64d35a1e544331913bc9ff908cfa705f1d3a70b01bfa61de4cba5313bcaa5253abca3fc2fbaa5 pre_us=0 enc_us=490931 q_us=58 pkt_us=1
[PKT] seq=25 mode=L bytes=132 pkt=01028000e2d94d4df3db5555f3f34f4f20d34a4af4f04848cf1248481aea4a4aece24646fefabfbf1cecbbbbee14c0c0030fc4c43df3c4c440e0c4c437f8c2c265dec8c8e1403434c2532727d74e2424a1412222a2352222bb332222bd4a2424a04e1e1ef8c7aaaaefe9b5b5f5fbbabadaffbdbd00c4bdbd10ebbdbdeaeebbbbed03c3c3 pre_us=0 enc_us=490929 q_us=60 pkt_us=1
[PKT] seq=26 mode=L bytes=132 pkt=01028000e9f5ee6102eeeb6c0008016c03e8076e07d716702cd634702a001c7022c62a71e1f7efa60d3aed9fe8fbe19ff6fac89ddb1db89a3650ac9cd82fa89b254e9c9afbfe2d3eebdb342e07e2553503cd4738e9ed3637b72b373accfb503dae164d3d0819c295dd12c09be10cda9bed24a59903f7af971148ab98f02ca297e838ab98 pre_us=0 enc_us=490931 q_us=60 pkt_us=1
[PKT] seq=27 mode=L bytes=132 pkt=0102800026e5445924e22664201a3f6419dd2e6520af3e6646e83a6643fd2e6824c0436800fffcb41730e0acec0be4ac0a11dbaad529d5a9375fd1a9e534b5a74758a5a80505644005db61321dd961321ded5a3404054f34b8274d34c6e75436a51840331224a19ffaefa8a7090dc8a6fd17a1a52c10a2a43e2da6a42629a5a2062aaba4 pre_us=0 enc_us=490938 q_us=58 pkt_us=1
[PKT] seq=28 mode=L bytes=132 pkt=01028000e5fb3859fedc246408fc336317e62e6514f63e66f3e845661f113e67f6d85a67e501f7b4183bd6acf821c2ace327d2aad44ed0a90b1fdda9c62bada75c31b2a8ec006740d7e85631f6d34a32f2dc5333ca3a48349d434c34b11e4036a33d3a330306a89fedefa4a7e8d2b4a609d8a3a50fd9a0a42a03a6a422f69ca21ae8a4a4 pre_us=0 enc_us=490928 q_us=60 pkt_us=1
[PKT] seq=29 mode=L bytes=132 pkt=01028000caec4b57dfd63262d7fe4361ccd14a61d8293f62c10b4063cff84464c4075864d708d6b6173cb6aee61dacafcd38b4aeb860b2ad042badadb942a0ab5752a7acecf75d3eeb005b30fcd6483002f54a31d0395232a83a5231be034233ad2e3830fe06bba1ef01bea9eae1cfa915c9b8a8f9d6c4a72cf7c4a726bfa6a525d4b1a9 pre_us=0 enc_us=490931 q_us=60 pkt_us=1
[PKT] seq=30 mode=L bytes=132 pkt=0102800007e345541fcb255e2fe14a5b49bb345b46d2325b53fd3d5b5b053b5d35c44b5b0800bfb91b27afb3e600a6b5ef1ba0b5e44a9fb5294da5b5dc28a0b3461ca3b6f5154e3be4f9532df504382cf91b402cc721402db33c3e2cbb2a392e9c3b312a0b24bda4edf2c8adedcfcfaf17e8cdaf1bf6caae3e1fcaaf2fe6b8ac0112c2b2 pre_us=0 enc_us=490928 q_us=58 pkt_us=1
[PKT] seq=31 mode=L bytes=132 pkt=01028000b6ec424ec7154d57d00a4752cd154d4edff0454c90094d4d9f064e4f98f7484bcf099cbe23399bb9eb09a5beca20b4c1dcf3acc121f2b2c1c704b2bf4c03b8c4e5362336d5291429f8381c26eb5b1d24ab481a25a83a1924d2401f26c0481c200904a0a9e800a7b3e6e6b1b70611b5bae00eb3ba300eb5baf1dab5b701fdbdbf pre_us=0 enc_us=490933 q_us=60 pkt_us=2
[PKT] seq=32 mode=L bytes=132 pkt=01028000ddf04953eedc555c09e9535a05ca525809c5545807d6555817f3555aeec15358e4f694ba1d3297b4fff99ab7d8059cb8c2439fb8243fa3b8bc2f9fb65039a2b9e80a1d3ad2e60b2cf2e50f2bebe7112ad217132b944a1a2ba72a1e2c9a35182805ee97a5f3ea98afdbd3a2b1f9d7a1b21eb1a4b12efea8b124d2a8af28faadb5 pre_us=0 enc_us=490932 q_us=60 pkt_us=2
[PKT] seq=33 mode=L bytes=132 pkt=01028000e5e02955eed6225ffddf345d0ac9415df0d53a5df6e2445e10dc485ff8b84c5ee5f196b8163c90b1f70494b3d61195b3cb5294b3393997b3d83395b043259ab3ec0a403cd5f73a2ef3ec382debe72f2dc20e2e2e9d45302ea4fd2c309932272b0302b0a3f4e6b4ace3d5c4adfdc6b5ad12bfadac430bb6ad16efa9aa17feb1af pre_us=0 enc_us=490928 q_us=58 pkt_us=2
[PKT] seq=34 mode=L bytes=132 pkt=01028000fde7f26013f3ee6b1c20156c3819db6d3be12b6e67d2176e6218366f5cd3ff70e2fef4a8053ef29fe5fdda9ff600ce9ff91bd49d1054c39db228b79d016aa19dfd06363eede02a2a19de46300aca4e36fae93e36d02f2437d0f2573ab1115c3a0a20ca97e009c59bed03e29bf510be9b0b1fa1991353a79af327bc99fe30ab99 pre_us=0 enc_us=490929 q_us=60 pkt_us=1
[PKT] seq=35 mode=L bytes=132 pkt=01028000fcf3f05c20f4e4672924f7671f31ed692ed7356b55b82a6b5019116c65ce136df10fe5b10039e3a8f806dfa7f31be0a5e344dea30860daa3be4cbaa1ee65aaa109fd434302db4d341ede5b3625c24b3820d45139f1f74d3903d2593bced452390b1bb09ce101bca4f201d6a20630b4a0101ca69f1441b29ee8f1a09de507a79e pre_us=0 enc_us=490931 q_us=60 pkt_us=2
[PKT] seq=36 mode=L bytes=132 pkt=01028000c9d7325713d83061e4f4326007c33f600ba034614991376125db3f6239bb4462fa04a1b61f3393afe4fd92b0040893b0d50b94af3c3997afb42093ad063d91afef164c3de5f13e2ff5ea402fe7e03730bffc4430af114530cff23632a414232efc1abda1d3ffbfaace15c7aae726b9aa010cc8a9c443c4a9e704aba7da3fa8aa pre_us=0 enc_us=490930 q_us=59 pkt_us=1
[PKT] seq=37 mode=L bytes=132 pkt=01028000eedf4659feea3964e6094764ecda2d6509b9536630a44c6632e93f6742aa5868ee04d5b4102eb8acec07a5acf4059daae837b2a94460a6a9c02497a7f95497a8fc0c6040dbea5732fff24432efeb5334d9e14f34b2244e34c7fc45369e123333fd1dba9fc5fdb5a7cf04b9a6d134b5a50b2dafa4df50bca4f223a4a2dd3ba7a4 pre_us=0 enc_us=490933 q_us=60 pkt_us=2
[PKT] seq=38 mode=L bytes=132 pkt=01028000fae1405718f31f6239072b6136e4226134ba436258d9446256e43e6462c12963ea00cdb60f2dacaff7eca6affa01a0aef4fab7ae4938a3adc1fd9aab2d4394adfa03633ee3ea613011f35830f6e95230eb0c5131cf3b4931ccf04933af1b46300721cba1d100d6a9e322dfa9ec29c4a91841c5a82e67cca8fe5ac0a6fb4cc0a9 pre_us=0 enc_us=490931 q_us=60 pkt_us=1
[PKT] seq=39 mode=L bytes=132 pkt=01028000fbee445a18f02065231b3865290821662cba3a6758bb416857082e6955a71d69eb03fab3083ee2abfc19e3abee13b8a9e424d5a82d5acaa7bb24a7a50b689ea6fffa6541e5db64320cd7613307d45435f8e84f35c9194a35ddf35637a60f4b35ff19a39ed5f5a3a6d908c1a5f521a3a41325a1a21c4c9ea20145b2a0df45a1a2 pre_us=0 enc_us=490932 q_us=61 pkt_us=1
[PKT] seq=40 mode=L bytes=132 pkt=01028000eaee265b14ed0666281d256622050a682fbe2b6936b4146a56ea256b4eb21c6be901f3b20832e4a9ef05e3a9e712d2a6df24d5a5285bb4a5ba2fa8a3f2629ba3fe025a42f3df4f331be9583513ca5836fce94a37ea393537f9f64c39bf164d37071dad9de00b9da5ec2ac2a3f32b9fa11931a2a005529ca0254aa79ef747a5a0 pre_us=0 enc_us=490934 q_us=59 pkt_us=1
[PKT] seq=41 mode=L bytes=132 pkt=0102800008ee44592ee91863340739632ce618644ac035655ecd3d6659e73a675dc23867f0f8e8b4052fd6acf511d3ace400bfabe026d1aa3d5ac3aad21fa3a83a559ea9f7fd6540ebcc5b3100d55732f9cf5333e9e45234ba214533d7f34235af223f33fc16b79ff200a0a7dc0acaa71027a4a612faa7a51133a5a50b3fa2a3ef27a6a5 pre_us=0 enc_us=490930 q_us=60 pkt_us=1
[PKT] seq=42 mode=L bytes=132 pkt=01028000f8ea295a1ff2ed6530232b651506ff6625d4246759bf23685923346957b92469f003f2b30435d6abf80af2aae902c4a9eb13d3a72a48bfa7a914a7a5f55fa3a6fdff5841ecdb443221ed533312d05235f9fd3a35e53f3e35d5034937b41d40350923ac9eda0898a6fb2cbda5012d9ca3113597a2215ea1a21154a9a0fc4e9fa2 pre_us=0 enc_us=490930 q_us=60 pkt_us=2
[PKT] seq=43 mode=L bytes=132 pkt=01028000f7f1105d1cedfc67260f1e682904d26a2bb9236c5ccc046c5cf81c6d58ac136ef1fdf1b0082adca8e601eba6eb07b8a3e320e1a2125bc9a1c728aea0105da1a0fe015344eddd49350ff75a3703d14c39f9e74a3ac4183f3ad9f24b3bb119583a001aab9cdd0697a3f521bea1042fa29f19319b9e0a51949d034d9b9cef42ab9c pre_us=0 enc_us=490930 q_us=58 pkt_us=2
[PKT] seq=44 mode=L bytes=132 pkt=01028000edf7fe5c12efeb6711162d670f08f96940d61c6b51d2216b57153c6c4db10d6df0f8e6b10b30dda8eefbe6a7ebffb5a5dc18c5a31a47a8a3b11ca5a115609aa1fa004843e8d84b3401f25d36f9da5638e6e54939c43f4439d400513ba9225739f91cbe9ce00cada4cf20d1a2e031b1a00632b19ff95fb09efe49b39dd139aa9e pre_us=0 enc_us=490930 q_us=60 pkt_us=2
[PKT] seq=45 mode=L bytes=132 pkt=01028000ffe6f7542bfdf5402920f665272904632332ff6525ac0c6746d70d7031acf873f2f1f2a406341392ec10f199dc1e2992cc26be90e269da92a03ddb95c277cc970eff10530dd1255630f43c472dea3e4b25b74c4c2bd3494c29d45147e3cd6b46021d07abdae9dbbad8e4c9a3e000e2a204fbe9a1141fc69b1619b597ef0bb796 pre_us=0 enc_us=490928 q_us=58 pkt_us=1
[PKT] seq=46 mode=L bytes=132 pkt=01028000f8f0f64d1902f5402d2be5613445fe5e4134db6739c3166f590314714ecee274eafef3a6f9401a92ed030390ecfe278cdc2eb690f369be94a83ce095e971c9940706155c08d51c5936f4354625d6384923cf3c4e22eb4f4814f85c48efdc61460a190eb3dee8e5bcdff7eda5dffed49df9f0c89f17eda7981e15c096e5cf9894 pre_us=0 enc_us=490929 q_us=61 pkt_us=1
[PKT] seq=47 mode=L bytes=132 pkt=01028000f5e3015922f9e244331be6653820145d2728e66e25c2137140f8f67143d1e575e9fc00c90039169ceff9f893d9fd398cda22f293025ee097ad28e692d570ec930afb036512dc27603af0284746e63e4b27b74f511fd14c5020e5544cfcd3604b101603a5e2ebf8b5e3e3f4a3dffcef9702d5e59a280cb5983300b0930cc39d92 pre_us=0 enc_us=490926 q_us=58 pkt_us=2
[PKT] seq=48 mode=L bytes=132 pkt=0102800003f4f45d1bf1dc672b1713682929f46a2fe3036c50e52a6c5c0c3f6d4de2166ee705edb0ff3ce6a8e604dba60004e2a3e824c8a21954c2a1b728c6a0085faa9f03ff4844f7db45351de85c3725d36239ffd83b3ae12d423ae3e25f3cca0a553a1321af9cdf0db0a3f5eed3a1ff1ac89f0729a09d134ea59d2349b99cfc389e9c pre_us=0 enc_us=490925 q_us=60 pkt_us=2
[PKT] seq=49 mode=L bytes=132 pkt=01028000f0ff02541902ed6324142d6a3c48fa6b270ee16d39bd1c6d471f406f49f20770ea0705920736fb94f006f59eeb1af597ea37c2970b62cd95ab46d399d26fba9a06fe223205e82b2e1be554362dd2523518bb34370722293611ea5c3ddefc613c0a15d195e0fbd09dfcefcd9de91fd8990217a998ff3cbc981c27ad98e61fad98 pre_us=0 enc_us=490931 q_us=60 pkt_us=1
[PKT] seq=50 mode=L bytes=132 pkt=01028000f206ed5b10f8f7692bd7e76a38c9206d33dad36e40f1f96d49f542704eb83070f107f99c0420e69c1038be9ee23ec69ed94ec496ef31e793ddebc09b0b38979bfe032539f5ee303013d43835fedd4c3920a8153025be2b2f3ced4e3c20e1433c0304bf960106bd9e18fab69d0925c19b1011da95000be8940408c698c6dcb599 pre_us=0 enc_us=490926 q_us=59 pkt_us=1
[PKT] seq=51 mode=L bytes=132 pkt=01028000f2fe095a1de20f650fc91c653abc1d6735a8146843df2a683ae42b694cb84d6af302f4b30e1aebabf73fdfaae44cc7a8d64ad1a7dc43e1a6d607bba508409ba5f801524100f65333f7ce53340ed3503502a54c3612ae4c3634e5553816dd3a350207a29e0811a1a6f6f5a6a50a08a6a3defca9a2e604a4a2ef02aca0d5dbaca2 pre_us=0 enc_us=490932 q_us=61 pkt_us=1
[PKT] seq=52 mode=L bytes=132 pkt=01028000f104245819f41d633ecb116239d8236341aa35643dcb30644ffc4b655aa74165ea0ceab50332d5ad0248b7aee94ab0adcd5fc5ace145a9abd026a0a9f8499daafdfe583fed094f31e3074d31eb244232dbdc4d33eddd48321b313d34dc0a3b311214aba00b10a8a81a01aea81235b2a7e803aea617f4afa62508a4a4c4e6ada7 pre_us=0 enc_us=490929 q_us=58 pkt_us=1
[PKT] seq=53 mode=L bytes=132 pkt=01028000da014158fafa3f6325f036624ad5386318b5316422e1356436174c6635aa4166e00fd2b50026bfad384da7ad0d36a3ace861a8abd24aa2abc5199fa91b4199aaf0fa603fdc065931bc0e4d31ca194c32d6eb5533d1d85833fb1e4835e2474432f7fcb6a015fcc2a8fafebea8ee32c3a7c40ac7a6e4e7d7a615e6b6a4f91bb4a6 pre_us=0 enc_us=490928 q_us=60 pkt_us=2
[PKT] seq=54 mode=L bytes=132 pkt=01028000edff245306ef375d21eb255a50e83e583cb42c5839d0355947194b5a52b94458e80796baf32896b42f4b93b7123399b8ee5794b8e25996b7c5219fb51e2ca1b9fbfd403ae619382cbe1d352bda1d312ace18322bcb05332b1233302ddf552b2809fbb4a51bfabeae2002beb03536c4b1ec24c1b106fbc1b122e3b5ae0c01bab4 pre_us=0 enc_us=490929 q_us=59 pkt_us=1
[PKT] seq=55 mode=L bytes=132 pkt=01028000f203e65e19f4266856d9036857d1226a3cab046b34b7f46b52f12d6c56a63e6cef12f0a70124d0a4124ccaa4e721cba4bd50d4a2e351d3a2d212b0a10616afa1f7f72d39ed00402fe1052c31f1193c36d7dc3b35e8d02b361a0b403af7fe333800fcc3981606c3a10c12ad9f2657a99fd834af9df4f7a39d2ce9969dc9e3989e pre_us=0 enc_us=490931 q_us=60 pkt_us=2
[PKT] seq=56 mode=L bytes=132 pkt=01028000f4ff2c5421e43a5e2cd4305c67cd3a5c40b1355c40ce2c5c5309455e57a74b5df20ea9b8fe1ca5b2323c9eb4181da3b4e245a7b4ee3aa1b4d1d59fb22e1ea8b5fa01513bdc234c2dcb16442dca21452dc513552ddbf15b2dff23462fdb4a352b0c0ec4a31b12d9ad2c0acdae1e34d9aee21becad1004fbae2600d0abe0eebab0 pre_us=0 enc_us=490931 q_us=60 pkt_us=1
[PKT] seq=57 mode=L bytes=132 pkt=01028000f1f9245213f5375c33dc31593c013c5820b7295731d04558411f48593eb25157f61ca1bafc2898b42f4f99b7f52d9cb8da6294b8d8509db8c4239ab60e2da8baf5fb4739e41d352cc519322ae81d2d2accfd2d2adee8242a1426242cee3a2327070abba521f3c2af1413c1b13c39b8b2f513bab114dab2b226d5abafdfc8b8b5 pre_us=0 enc_us=490929 q_us=58 pkt_us=2
[PKT] seq=58 mode=L bytes=132 pkt=01028000f707015617ef0b6728ca086938c92b6d37bee96d3fe7006f56f13c6f50c12b70f2fafa96fe13df9c0359cf9ccd42e19cd449e496dd47e098e30cc199f250b09afbfd2338fe053434f9f13e3608f03e38fbc036340db62e3729f94e3dffe14d3dfe03be970d22b09f0306ab9cff2bae99e012c496110fa7980e30a498a911af99 pre_us=0 enc_us=490929 q_us=60 pkt_us=2
[PKT] seq=59 mode=L bytes=132 pkt=01028000f60aee5f1bed15694cca10694ec3286a40a70e6c3ac2266d46f8436d51a8486ef104f1a8f916d2a41a51e4a4eb42c5a3cd53d5a1e938e79ecf0fa99f16319ba000fd2d3cf80c3e30e3ff4a33fa044136dbd25036f8df3f331b1e4739f71b3238ff00c8981a13bfa1210ebb9f243db29efa20d09c120ec49b1f03a99bcef0ab9c pre_us=0 enc_us=490932 q_us=60 pkt_us=1
[PKT] seq=60 mode=L bytes=132 pkt=01028000f006ec5d0fe5006748c8e6675bc1296848b2016942cdfd6b53073c6b4ab83a6be70beeaafe21c9a71a52c7a7e929d0a7ce50d9a4e43adea0e1f5a6a31621a6a3fdf8353bef13352fdcff3b31f81b4635e1d8353301dd1d30223236380a0918350b0cca9a131db4a319fdb9a21845b2a2dc1cc49f0917ac9d0c02a39fc2d3a5a0 pre_us=0 enc_us=490929 q_us=58 pkt_us=1
[PKT] seq=61 mode=L bytes=132 pkt=01028000f009085a15f3186523c2136548b711662aa80f6739b91c684c00316943b94969e40ee7b3fd2ad3ab1253cfabfc48cda9d357cfa8dd4bc4a7d724a5a5fa369aa6fdf75641f4fe4a32dcfd5033eb0a4c34e1d64d35f7dc35351d174337fc0f2e350c01ad9e2403a8a61bf8a6a5143aaca4ed1aa2a310079da31ee8a3a1d0bca8a2 pre_us=0 enc_us=490931 q_us=60 pkt_us=2
[PKT] seq=62 mode=L bytes=132 pkt=01028000fa06e95620f9f4634ccb23675bc5246a31bc006b45e4086c50ed3c6d55b9416ff806f9980212cd9a072fc69fe92dd49dd551d09af130ec99ece3aa9c1048929efaf42836f5fd2033e5f33735f1f23737e1b328350db83b362809443beeff363b0000c8971415bca21218b39e0547a89ddb2cb79afff2a39bf710a49acffaa69b pre_us=0 enc_us=490927 q_us=61 pkt_us=1
[PKT] seq=63 mode=L bytes=132 pkt=01028000e9f727540cdf2e5e3bc1355b3cba3f5b1fba355a1de13f5b20113d5d43a8375bef0795b9061d93b32a4395b5ed5496b6f25d91b5ec3695b5e02f95b3304394b6ef073f3bdb003a2dd503332cdc19302cedd82b2cf5ef2b2c102a2d2ee337252a080cb1a4190dbead1f15b7af0ffdbaaf13b9b1af23b3b1af33e2afac15f5b2b2 pre_us=0 enc_us=490931 q_us=61 pkt_us=1
[PKT] seq=64 mode=L bytes=132 pkt=01028000ddfc2b5708f8396224e537614ae4416125ab2f6219e831632bfb496454a34464e8fba5b6fc109bae08389faff2379baee95d96add84a95add03395ab145897adf306533ee9234a30c5264f30c3264631ba1b4d31cf0b4731f12e3a33b34e3f30fffbbfa11515cda9160fd1a9163bc8a8ea1dcfa812e7c3a82907b1a50837bba9 pre_us=0 enc_us=490929 q_us=59 pkt_us=1
[PKT] seq=65 mode=L bytes=132 pkt=01028000f0fd265523e03a5f36bc2f5d3cc33c5d40a4305d44e63d5e4c09385f6398505ef404a7b80719a1b106429db3db52a2b3d25e9bb3e64096b3e31c98b00e4ea0b3f506543cf01c4a2ed90c4b2de53b4a2dd2ea482ef1f6322e0a3d3a30d43d2d2b0702c4a31218d4ac0f0ddaad0a31e1ade403d7ac0aedbdad0f00b4aad00ab7af pre_us=0 enc_us=490932 q_us=60 pkt_us=1
[PKT] seq=66 mode=L bytes=132 pkt=01028000f2fd255410f1355e3ec8285b4ed8385a27b33a5a20eb1b5b2afe315c47b0495bf40096b9021e94b3264a93b5064c96b6cb6597b6d85a91b5cd3c96b3eb5e9eb7f509413be221382ddf193a2cd845332cd70b332cfe03412c1827382ee8512829070db4a4180abbad18f9c3af1b27bfb0ee17bdaf1fe7d0af3af3b6ad14f6b4b2 pre_us=0 enc_us=490929 q_us=58 pkt_us=1
[PKT] seq=67 mode=L bytes=132 pkt=01028000f9fcf55d1ef506671fcafb683fb5366a3da8fe6b42000b6c37fd236d48a22e6ef503e5b0f521d6a80648c9a6c553c9a4e64bcfa2e83cd0a2ef24d2a0e960a6a004024244f902443512f53437f6fe4b3903c1483a0ecc4e3a2417503b0ad34b3a0005a79c131ba5a31b30a0a1ee4ab19fe642b09e000ba89d181ba69cc214b09c pre_us=0 enc_us=490932 q_us=61 pkt_us=1
[PKT] seq=68 mode=L bytes=132 pkt=01028000e8f9275702e534612cc93a6054b03e603c9e3f6138c42d6146e23e635a994862f3f4a5b6f51c9eaf1b449db0fe5796b0ca639eafe24395aecf2296acfa6497aef8fe553de9164f2fe421432fed223b30c6f74b31e2f44b30f9134232be30392ffdf6c6a114ffd2aa0a17c1aa091ac0aae6fad4a9030ed2a92827bca7f218bcaa pre_us=0 enc_us=490932 q_us=60 pkt_us=2
[PKT] seq=69 mode=L bytes=132 pkt=01028000fd01ec5d26f607673ff4116854cc146a42a4156b37df1f6c4a0b256d67923c6d0207e5b0fc18d7a8e451c9a6d34dcaa4ca57cda2df3edaa2f024b7a0fe6fa2a000043843fff64e35f2e24137fbff3b38eec84d3902d252391f06563bddf1413af706aa9c0416a2a31c1bb5a1f948a89fd236b69efefda69e0a0fa79cd62ea39d pre_us=0 enc_us=490929 q_us=58 pkt_us=1
[PKT] seq=70 mode=L bytes=132 pkt=01028000f607e75f1bf20e6945d31b6955c0186c369fe96d35c7ef6e4ff4246e6298086ff705e7a8f617d5a51b46d5a31a51b6a0de5bcf9deb5ade9dda3bb49e1269ce9efffa2c3efc0a4632f60e4434eb143235dfde323308e33e3414ec443ad9204f39f8f7bc981a07b0a12801af9e211ea89beb13ac9908d39d9a0fdd9f9ad702979b pre_us=0 enc_us=490929 q_us=60 pkt_us=2
[PKT] seq=71 mode=L bytes=132 pkt=01028000e5f63454ca19425ed5f5385cf00a355b0afe2f5beb0a1a5cde1f3d5ee6f4305cf5079cb9e01096b2371e95b4040896b52b4194b4fb3e92b4c02697b2522b98b5f9fc403bdc26332db52b332cb633332cc045382dc4323f2dc13a362faa59362af5e6afa307f0bbad051cbeae1f34baaf1547c3aef20dc2ae01ebb4ac1c37bfb1 pre_us=0 enc_us=490931 q_us=60 pkt_us=1
[PKT] seq=72 mode=L bytes=132 pkt=01028000f008f95e12ed0a683bc3fd694cc8026b22a0026d30cc076d48d3146e5b94166ff907eaaffc06c9a70e34d1a5ef4bc8a2c758d6a0e148d1a0d92fbc9ef55fbb9efbfa5044f21f4836d8035638dc174b3acee54e3bead4473bf7054f3dc900453cf8fa9e9b0c13aca20514a6a0fe31a09de90f949cfdf4929c2a16969ac327919b pre_us=0 enc_us=490927 q_us=58 pkt_us=1
[PKT] seq=73 mode=L bytes=132 pkt=01028000f608f45c13f8f96648d623674fbe2a693cac116a3e00fe6a501e4c6b58bc336ce30beeb1fd2ad6a90946cfa8dd4dd6a6ce50d8a4ee43d1a4dd08ada20457a0a2fffe4c42f1fa4534eae75135ef0a4e37d5c044380acf433826384f3ae7ff53380e03af9d0a0ca6a40a14b1a30441ada1d31ca2a0f5f4a79f121bac9ed50bb89f pre_us=0 enc_us=490929 q_us=60 pkt_us=1
[PKT] seq=74 mode=L bytes=132 pkt=01028000dbda524fc8085d58d3eb5753c4085250f2fe544e07dc594ff9135950f0f8514de6fdb3bdfa0ab1b921e8b5bd2303b8bf4c16bbc02217bdc0e9f5bcbe4bd3bbc3eb252b36cd381c29bb1a1c27b3261d25a9351626a6131225b81417279d391721fddca1a803daabb3fbc1b1b7f7d4b4b93c17acb8260faab9e6efacb63609b7be pre_us=0 enc_us=490929 q_us=60 pkt_us=2
[PKT] seq=75 mode=L bytes=132 pkt=01028000d4ea3851cb02445abdea4456ca063b54ff173b53e2031953e13b3455ad054852eff79dbcf1119cb731f39fba33019ebc4a1ba2bcfb179bbcdffba5ba3de4b1bfea083638ca282c2abb262328a9162527b53d2d28c2253c28e320392aa24b2924f6faafa705ebb2b119f5b4b43701b9b51815c2b50aead5b5e6b5bab31efdbfb9 pre_us=0 enc_us=490929 q_us=58 pkt_us=1
[PKT] seq=76 mode=L bytes=132 pkt=01028000d5054a4ac40b5252b8f84a4a99124444ed194040e4eb4141d1be4343a3953d3de604c1c1fefebebe43d8c4c4e1ddc8c849f9c9c914f9c9c9b6e7c7c759bfcecee74b3232cb3c2525bb3c2121b13b1f1fa5381e1eab441e1eb71e202092231919f9bbadad07b0b8b8ebb6bebe07cac2c24de2c2c200edc2c2e9b1c0c012b1c9c9 pre_us=0 enc_us=490933 q_us=60 pkt_us=1
[PKT] seq=77 mode=L bytes=132 pkt=01028000db053757cd044162e2123d61d6f94d62fae14f62e8f43263cb1b4964dee45764ed0fc9b6e31eacae2d26a3aff311b9ae2440c4adf34ab9adce1da8ab5228a9acfafb5c3edf284c30b32a4930b1285031c2425a32b8206231c6264a33c6673b30f4f1b4a10ef2c9a90301c2a9261dc8a8123acca7e9fbc9a708dbb9a50220b0a8 pre_us=0 enc_us=490929 q_us=58 pkt_us=1
[PKT] seq=78 mode=L bytes=132 pkt=01028000f3fe395921f149633fbe306346c34d642e9b39652cc5456536e43f66488c3d66fa18d3b4fb20bcad263dafadfa4ac2acc450b3abdc48a8aaeb13aea8e15fada9fdf6653ff50d5431eb085732d4fb5a33ded66033f9cd52330ee15d35e10a6f32fbf0b99f1608c8a8040fc1a7e63bcaa6df1cc3a50a0fc4a51207c9a3d8f2f8a6 pre_us=0 enc_us=490929 q_us=60 pkt_us=2
[PKT] seq=79 mode=L bytes=132 pkt=01028000d7f23252d512375bb7034158abe63c56dcfa3a55d0ea1956b6223c57ad143555f1ff9ebbf51897b528fd9db9fce29eba49109cbaf91899bae0069fb84adfa5bcf1163c39d422352bbf2f2c29aa252929a5323029ae353d29d630312ba92f3226f500b2a6faf3beb016fbb7b21df8b5b42429cab31528cbb3e6c4b4b10f07c4b7 pre_us=0 enc_us=490931 q_us=60 pkt_us=1
[PKT] seq=80 mode=L bytes=132 pkt=0102800007f5015c29faf0663ad61a6754b43168379f056a43cc0f6a4806296b5bb4486c07ffe0b2f411cfa90043d5a8ef4dd8a6d463c2a4e358bfa4ff1d9ba2f75c9aa2fe094a42f0f33c34ed174735e5175437d7dc3a38fad14138151f3a3aee233c38f60eb49d1811a4a41d20baa30830b0a1e027a9a0080bb0a013faa29eeb17a99f pre_us=0 enc_us=490927 q_us=58 pkt_us=2
[PKT] seq=81 mode=L bytes=132 pkt=01028000c2364242a4364848973a3d3d8e40313186372b2baf3a2c2cc32f2f2f8f2b28280fe2c7c7fed9c6c613ddcece32f4d5d5d3c7d7d725d6d7d706d7d5d507e5dcdccd5b2b2bd2582020d13c1a1ac6431616a3291515c0221414e51e1616d5191010fbf4b3b30bf0c0c0f1e9c8c8f611cfcf31f6cfcf22e3d1d1e0d5ceceefdbd8d8 pre_us=0 enc_us=490925 q_us=60 pkt_us=2
[PKT] seq=82 mode=L bytes=132 pkt=01028000d3f7464fc4294658bd243d53b0f83550e22f394ed1183c4f9b324951c7342f4ded049ebdf91097b949069bbd0cd4a0bf58249bc01a179dc0cbd9a7be31e29cc3e91b2436ce141a29b8181b27bd0d1b25a9291526b10f0c25d21b1a27a80f1122f5dda1a80fe6abb3060dafb615f8adb9213cabb8ec32a7b9cfe6afb61825b3bd pre_us=0 enc_us=490929 q_us=58 pkt_us=1
[PKT] seq=83 mode=L bytes=132 pkt=01028000e00d4b4bd0015252affe4b4b9f234545c30b4242c4ee4343bf174444a40f3f3ff208c1c1fbfdbebe3ee2c3c3ddfbc7c75105c8c80104c8c8e20dc6c63ececdcdec523232cb3f2626bd4f2222b53e1f1fa04b1f1fa1531f1fc3452121a5401a1afabfacacf9b8b7b703d9bdbd1fd9c1c14af5c0c0140ac1c1d0cabebe12edc8c8 pre_us=0 enc_us=490932 q_us=60 pkt_us=2
[PKT] seq=84 mode=L bytes=132 pkt=01028000fa08f35d1c0103672bdb176853bc1c6a3bb7006b46ff1e6b511a456c41aa456def00eab1ff19dea8fa48caa70349b3a4e258c3a3f648c5a2c919a6a1145d93a0fc014243f8064d34e9f44f36ec085038ead24d39fad74d391228503beb163e390a00a79c1d1aa9a3150cb4a10c45bb9feb38af9e03fca39e2a22b69cd716aa9d pre_us=0 enc_us=490927 q_us=58 pkt_us=1
[PKT] seq=85 mode=L bytes=132 pkt=01028000f6f7255304f6385d3ce7315a46bc365925aa335930d5395a3f1b505b6aa8435afef595b9ff2c94b3004093b6f15094b7c66994b7e15497b6ca1a9eb4056996b8fc163f3ae81a332cd51b322bdc2e302bd6082b2cf516312b0f2b2c2dc9471d290d0ab4a41003b9ae141bbfb0024fbfb1ec18b4b010f1b8b022dcb1ae1236adb3 pre_us=0 enc_us=490937 q_us=60 pkt_us=2
[PKT] seq=86 mode=L bytes=132 pkt=01028000d6fc3154eb0b375ef7ee3c5c41e4375b41c8225b1fea2b5c311e3b5d53d2315cf2fc98b9f21d95b2fe2d97b5313897b51e5692b5e15197b4b7219cb23f5099b5f2173b3bdf2e382dc238312cbe2c352cc63d402dd834432d0231402ebe56372a0300aea40800bbad1011b3ae382bc1affc42cdae0904c8ae2decbcac3e38bfb1 pre_us=0 enc_us=490929 q_us=58 pkt_us=1
[PKT] seq=87 mode=L bytes=132 pkt=01028000e9e5435607ed3e6040d9355e5dbe3e5e36a8485f48ca525f38244d61679b5560ec0fd4b7f124bbb00445b0b2014ebbb2cb60bdb1ee52d1b1c804acaffb4aa5b1f60e593def17532fe7224d2ed42d502ec1f54b2fe6fd522f11273f31b749322df90fb4a21f04c0ab0816ceac0c33cbacdc0cbfab00f5b4ab13f3aca90a04b3ad pre_us=0 enc_us=490932 q_us=60 pkt_us=1
[PKT] seq=88 mode=L bytes=132 pkt=01028000f9e4285511ea2f5f35e0325d47b4355d21a7345d29d42b5e490e3f5f5fa6255e04f2a0b8f71d97b1054795b3f25196b3cb6091b3e55591b2bf1a94b0165994b3f6104b3ce612402ed827362dec4a3a2dcb07332ee8df342e152b3230ad3e402b040fbca317f5c5ac1213beadf63cc2adf719b9ac1af1b8ad350eb1aa1c1aceaf pre_us=0 enc_us=490929 q_us=58 pkt_us=1
[PKT] seq=89 mode=L bytes=132 pkt=01028000f2ed3b570dfa36612cf2396063dc446130b2476137e54862370d4a6361bb4c63fd09c7b60125b1affc4ab1b0073dc1afe562b1aee65cb3aecd27a5ac1c5b99aef6095c3eee124d30d8165030db365530ce1a4b31d2f74a3111264233bc4d352ffe02baa114edb9aa2bfad0aa322bc8a9e63dbea812efbea832f7b0a6252db2aa pre_us=0 enc_us=490931 q_us=60 pkt_us=2
[PKT] seq=90 mode=L bytes=132 pkt=01028000eaf8385302f83f5d25ee465a58e6465922b4405929ea505a430e555b57b7525af6f597b9fb2a93b3fb4396b6105195b7ca6793b7e36299b6cc3a9db409619fb8fa17313aec19272cd5281e2bd722172bc3101b2cd30d172b072d202dbe4917290e07a5a417f2adae251aa6b02142a4b0e828a6b019dca5b02ce6a9ae1bfea9b3 pre_us=0 enc_us=490932 q_us=61 pkt_us=1
[PKT] seq=91 mode=L bytes=132 pkt=01028000e6fd47520708565c2cd64a5859e0495632b54e5640de54564d05545869ca4f56ebfb96bbf22b9bb5133e98b8084a99badf699dbadb60a0b9c523a1b70457a4bcfc132039dd26162bd626162acb331329c21d112ac6fa0f290f2d1d2baf55172609f19aa613eaa3af281aa4b20440a4b3dd13a2b20fe0a4b32cdca9b01206afb7 pre_us=0 enc_us=490937 q_us=58 pkt_us=1
[PKT] seq=92 mode=L bytes=132 pkt=01028000ebf441551611395f2ef2365d52e73c5c2eb0495d25d1445d3918465f4aba575de30dbcb8fd35bab2242ca6b3f92ea0b4ee54b3b3e455b0b3d9229fb11334a8b4fc094f3cdc244c2eda273f2dd6333c2dc514422ed702442e0424392fe0602c2b11ffb8a313f7b9ac3826bead303cc5ae0e4abead27f3baad2be4b2ab23f6b2af pre_us=0 enc_us=490928 q_us=60 pkt_us=1
[PKT] seq=93 mode=L bytes=132 pkt=01028000ecec275516f32e5f39dc345d50c9345d26a0365d2cf82e5e5516395f54ab3d5ef2f7a1b8ff2099b10a4695b3f75394b3d86196b2db6296b2c73e92b00d6795b3fa044d3cec20442edc263a2ddb19392ecffe3f2edff73b2ef7263230d833302c02f8bfa317f2c4ac221dc6ad1d2cc7ade71fcaacf9d1beac2e0fb0aaeb08b7ae pre_us=0 enc_us=490930 q_us=58 pkt_us=2
[PKT] seq=94 mode=L bytes=132 pkt=01028000f105425812fc236340ce31624fcb356327a831643ccd356549093c66519c4866e901ecb5fa2ccdad1b40c0adec42c2acbe69c5abf34fbdaac22ca6a9fb5ea1aafdfd643fe5005131d8194f31db185332cdd85433fef74d330e2c4235e1193f320910b2a00f02a2a8020dc3a7f93fb9a6d91dada50ef7b1a52d00a5a3d916ada6 pre_us=0 enc_us=490930 q_us=60 pkt_us=2
[PKT] seq=95 mode=L bytes=132 pkt=010280002ef6f24819da0d4819e2ed560dc0f356b402fb55e616e82cecfd1266ccd0126aeb11ff97db3a0a8fc557e994c23fe791db4c0e8cd3280489b10ee494c559cf952f11124720ec2e411fcc384310af394508b936482be52f544602364619a65d40c112e5a2bf16d8aea813dda8bcfde3a4bdfb0cb0d9d9dcb3d0cdba9db5c2b29c pre_us=0 enc_us=490928 q_us=58 pkt_us=2
[PKT] seq=96 mode=L bytes=132 pkt=01028000f30d325918f02b6434cd356454c13365359e37663be53466470e436852aa5268e90ef5b4fe27cdacff49b9ac0750c1aad865d1a9ee41cba9cc17a9a713479fa8fffc6740ed095532e8fd5232e6075434c8d95b34f4d54a3417254436eb1539340b04a69f100aaea71d04baa6162eada5dd20b4a4fcf09aa42407a3a2fc1ea6a4 pre_us=0 enc_us=490930 q_us=60 pkt_us=1
[PKT] seq=97 mode=L bytes=132 pkt=0102800018eb0841faea023ff5eef05bf5070b53b71fe15ddd102251f5f01a6acc0bfb6dce0004beb726139eb130249ac3162194cd1641a1f0fe339fc5c1dc99c9241d9544f1fd6049c32b4e43aa2b4140a5344915ba465434c1275b5cce38413ab45735d7e1f9afcbe0fbb4bdf90ca9bf1f1badc5022bb6b8ceccabacf0c99ea9d71697 pre_us=0 enc_us=490927 q_us=58 pkt_us=2
[PKT] seq=98 mode=L bytes=132 pkt=010280002bfdf35d33fa086835cb086941baff6a14a4ef6be8e41c6ce20b336c1ca24c6dfe02eeaf0a18d8a5034db8a5e754bfa4c55dc1a2cf3dcb9fd422a5a1fe4098a10efc4841f905362fe1fc3833d9034037d0bc3135ead335340f2c4a3ad0013f390d00b79b0a23b2a0020ec1a0e138b09fd0ffa69de1e2aa9cf807aa9da2fba69e pre_us=0 enc_us=490929 q_us=60 pkt_us=2
[PKT] seq=99 mode=L bytes=132 pkt=01028000f300f75912eb206332e627634bbe1f6430a6196540e5f9655100336644984766eb18e3b4091cd4ad133fb1ad3a45d2abe356d2aafa49c2aad6f99da82334a1a9f9f8503fdc154a31e4103c32d40a4633d6f43f3301eb3e33031a3635fa2f36320a0aa99f1819aca8210daaa70132a8a6e1f9a1a507c8a0a52cf39fa3e5d0a5a5 pre_us=0 enc_us=490929 q_us=58 pkt_us=2
[PKT] seq=100 mode=L bytes=132 pkt=01028000f7de4850fde74d590b054a55e7044a51c9004650bbfb4951d9215153b8ea4d4fec119ebd2c3199b8ee22a2bcfa26a6be4708a7be0af7a9bed70badbc6f33b3c1e8212337ce17162ad5391a27ac211826df1e1c27e2182126c4592328a2501d231d0e9ea805dba7b208faadb5ead6b0b7f9c2b1b7f1e0b4b72e05b3b5bee2b9bc pre_us=0 enc_us=490930 q_us=60 pkt_us=2
[PKT] seq=101 mode=L bytes=132 pkt=0102800011ecde5013f4f15e07fc275e06bf075dc8b4f75ccbbe0f5d28d82c5e38d9e65cefcf12a3fe0323a3f6ce24adedd515b0f0f2faacfed1feade4d7eaaeeb3ceeb222c6402d21bf251e26c1592424b7372705d7262508c3232633ae612c199b5728cc09f59dcbd9c0a5c205fda9c1f0aeacd9d6b2a8b9eca8aab313eeaab7e0c6b0 pre_us=0 enc_us=490926 q_us=60 pkt_us=2
[PKT] seq=102 mode=L bytes=132 pkt=0102800004cf484ffae4535925ec53540d034d51c0114b4fc4f1525014275152cfed4e4ee50f9bbd2c339fb8f93ca9bce626a8bf1222aabffb05b3bffa15b0bd541db5c2e7142037d32b1729bb2c1727a31d1426e20b1626de261a26cb3f1f28c53a1b2224169da812f5a7b21c04adb6f0d7afb802c3b2b7f2d7b2b8fee3b1b5d4e5b9bd pre_us=0 enc_us=490928 q_us=58 pkt_us=1
[PKT] seq=103 mode=L bytes=132 pkt=0102800000ce4150fadf2c5afacf4455ed0e3c53b2163c51c90d3e52f10d4b54ceda4451d90ba0bc253a96b70d20a1bb013ca2bd2505a3bde9f0a3bd15f2abbb5ff6aec0f21f3337ca1e312ac31a2b28a7172727e0002827d0122627c1382829bc1b25243224afa70defb7b1f701c1b5d8fcbab6f2cdb9b609f0b9b601deb6b4dee7bebb pre_us=0 enc_us=490930 q_us=60 pkt_us=2
[PKT] seq=104 mode=L bytes=132 pkt=01028000f4db3050f8fa2e5aebf53b55effc3a52a8f74051ba243c52e11f4554cefe4350eb2bb7bc29319cb7d93aa4bbf22da8bd35fdaebde305b0bd040cb0bb591ab2c0e40e5037d823372add2d3128a5202c27f0182f27e2103327d33f3029d33b28231c1ac9a7f7d7c4b12810c1b5e9bcbdb6fabbc1b608d9c8b6ecdabbb4e6e4c3bb pre_us=0 enc_us=490926 q_us=58 pkt_us=2
[PKT] seq=105 mode=L bytes=132 pkt=01028000f8da474e03d25356ffd94a510001424ccd073f4aaaed3f4b02154c4ceace4348ef269cbf3238a2ba151fa7bfee3da5c21802a7c3f6fca5c300e3b4c153e6b6c6df0c1c35cc241128c6171725ab1f1023fbfd1523de1d1623e72f1f25e3241b1f1c119ba915e5a8b410dfb0b901deb0bc22d0b2bbf1d6b4bc01cdb7b9ded9bfc1 pre_us=0 enc_us=490930 q_us=60 pkt_us=1
[PKT] seq=106 mode=L bytes=132 pkt=010280000ad9295007ee365909f43555fbf52c52b4e73450a5ff1f5105294753d4dd3c5000309ebc2a2097b8fa379bbb10329cbe3d03a1bed4049abef4eda9bc70f5abc1e30c3f37c526322acc1b2827c10c2d26e9162a27ce0f2c27cb322828b32026231c10b6a7f9dec5b20a05bdb5fccfc2b7f0c5bfb6eaccbeb7f6d8b6b4c8dfc0bb pre_us=0 enc_us=490926 q_us=58 pkt_us=1
[PKT] seq=107 mode=L bytes=132 pkt=01028000fdd83551ffe8395b1bd73d57f3e33355b0133554a9063b55df0e4857c9ea4354e41bb9bb2830a2b60e2ba3b9e40bacbb410aabbbdffeaabb0302adb866ffb3bde9095238cd26432bd71a3729b5113d28e8063729dc153729d241332bbd2a2f252520cba604efd6b00600d3b30bced3b4f9bdc2b3e8d7c8b409e1bab1cabcc2b8 pre_us=0 enc_us=490931 q_us=60 pkt_us=2
[PKT] seq=108 mode=L bytes=132 pkt=01028000f9e54353f2eb325c02ed515aed203658b1ff3e58d61e3358011c455abedf4d58e32ddcba2b2db1b40521c0b7e824b3b82007b2b8ec03b8b8fb04acb661e1b6b9ebf95c3acd234b2cd22b3b2baf12402ad3123e2bdb14472bcf4a382cc93030282820bea503e4c2aff808ccb1e8e5beb2f1e9c6b113eec6b111efb9afcab6bdb5 pre_us=0 enc_us=490930 q_us=60 pkt_us=1
[PKT] seq=109 mode=L bytes=132 pkt=010280000ed9345105f3235bf4e63b5703103e55c8032654c31f2c54e7244056bed94553e226b8bb283099b60034aab9dc25b1bb230da8bcf203a9bbfe03adb966e4b6bee8065338cf2d3e2be42d3c29ab323f28e9fd4429df1d3d28da46352ac22e30252d17d0a609e1cab01012d5b301e3d7b51ac4d6b404dcd1b4fcebbdb2cec8c8b8 pre_us=0 enc_us=490931 q_us=60 pkt_us=1
[PKT] seq=110 mode=L bytes=132 pkt=01028000ffdb3350e9063059dde44e5508ff3b52ad0b3f51b10c3f5201284553efeb4c50e02ab7bc2b3aa1b71d34aebb0745b1bd2506b1bee102b4bd1100b0bb58f9bec0eb064e37ce253c2aed2e2928ae313427ea183327d5243727e0523029e1332723240fc4a702d7cbb1f9f0bfb5fad3cbb7fbc6c7b614d9cbb602e8bab4dbd4c1bb pre_us=0 enc_us=490927 q_us=58 pkt_us=2
[PKT] seq=111 mode=L bytes=132 pkt=01028000f2e23151f1f3325beee03c57f5f13655b2033654b9032f55e6244357b3e94854e52bb4bb2c2b9fb6033ea8b9df26a5bb1a08a8bbed14a7baf109a7b845fcb4bde4015138cd283e2bda163b29b5223528fe143629e40f3c29df56332bd3242d261b1ccba6ffe1cbb0150dcdb307c9cdb41cc7c8b311c0cfb41feabab1debcc2b8 pre_us=0 enc_us=490929 q_us=60 pkt_us=2
[PKT] seq=112 mode=L bytes=132 pkt=01028000fbd23c50faed295a06d5445605e74053c0f93a52fbf93e5320144c54c5d94b51e717b8bc2e2f9eb7f81aa7bb011ba6bd33f4b2bd2ae6abbdddf9b2bb6f0bbabfe70c4c38cc20452ade272e28c21c2627fa063728e00a2d27c6532c29b04027242527c9a7fee5d4b110ffbfb40fc7bbb617ccc6b5e1d5c1b62407b8b3c0d4c0ba pre_us=0 enc_us=490929 q_us=60 pkt_us=1
[PKT] seq=113 mode=L bytes=132 pkt=01028000efc8534df4fe5c5618cc554ff41d504bd4e64b48c9f64b49f7014d4bbeef4846ee0db3bf3f18b6bbe80bb9c0e6fdbfc334e2bec409d8bec4fefebdc25f05c3c8e0322534d53c1927b93e1724b7391922f1211c23ce241e22be532024994d1a1e27fda0aafdd9adb5f901b1ba23f9b7bd14e0b9bcf9dab9bd11fcb7ba1a11bec2 pre_us=0 enc_us=490930 q_us=60 pkt_us=1
[PKT] seq=114 mode=L bytes=132 pkt=01028000f8c24c4c06e9545401fb4d4d0aea4848c2f44545ade94646da074848d8cf4343f4ffc0c02d11bcbcfe08c2c2f6ecc5c526e6c6c6f8e1c6c623eac4c46e03cacadd453333d94d2727cc5d2323b4452121df382121c3362121c04a23239e5f1c1c1cdaabab14cab6b61af4bbbb34f3bfbf08dabebe10efbfbf00f2bcbc1205c5c5 pre_us=0 enc_us=490926 q_us=58 pkt_us=2
[PKT] seq=115 mode=L bytes=132 pkt=01028000efd1474ef207515704f04c52f7144f4ebcf74a4cbfe04e4df30d4f4ec1db4b4ae7159ebe2f34a1b9e61fa7bed62eb5c12716b3c1e8e2b8c11009b5bf670dbdc5e2272136cd341828ba3a1726b6271924f0131a24d3121b24c2462026b4301c202b0b9ea906e0aab400f2afb80fbeb4baf0bfb4bae8b8b5baf2e0b4b8fcedbdbf pre_us=0 enc_us=490929 q_us=60 pkt_us=2
[PKT] seq=116 mode=L bytes=132 pkt=0102800008dd4052f9e0295c1de33c580a123e56cf062d56ca083a56001a4258c8e44356e50a9fbb234094b5d93499b8ec2e9eba201f9abaeefb9cb901209fb7691ea5bbf3263439df0c362bbf0c282ab92d2b29ec16342ada082f29c94c2f2ba93429262d1eaea612f2b5af0904b6b21fe8bdb312d9c2b2f7dcbfb318f3b5b0cee6bdb7 pre_us=0 enc_us=490926 q_us=58 pkt_us=1
[PKT] seq=117 mode=L bytes=132 pkt=01028000f3dc4651f0e94f5b20c94a57f2164a55a9fa4a54d0ff4955e1fd5056b3bf4f54e6fd98bb273b98b6d43399b9e9289dbb26099fbb00f59fbbf70ca2b96819acbdee1c2338d60e142bb7091629af271828d4121c29e4071d29be39202aac2c2125270d9da60ef4a2b00c02a6b30fe2abb4e5daafb4f9dcaeb410f0aeb2e0d9b6b8 pre_us=0 enc_us=490931 q_us=60 pkt_us=2
[PKT] seq=118 mode=L bytes=132 pkt=0102800006bc544de7de5f5617bb5650e005504bb6015049bc054f4ac50f4f4cd1f54a47ed03b5bf3129b8bbe61cbcc02d17c0c33809bfc306f4bec3eaf2bec16c02c1c7e8372935d3221728bf2b1725af3d1823d6201623e21a1723bf451e25b029191f2c01a0aa0ce9a9b503ecb1b9fbd7b5bce3d5b3bce8ceb5bc0df3b6bae7d7bdc2 pre_us=0 enc_us=490933 q_us=60 pkt_us=1
[PKT] seq=119 mode=L bytes=132 pkt=01028000f3cd524de7e25d561def5750ec22524ca0204e49b7f64e4ad1134f4cbfeb4948f20ab4bf3127b6bad213bbbff7ffbec22218bdc3faf1bec3e601bcc1670dc1c7e23b2935cc241828b7371525b0381723d7321923db201a23bb4e1f25a0561b1f21fba1aafaeaa9b40416afb922f0b5bce5d2b4bbdac8b6bc0bf3b6b9ddefbec1 pre_us=0 enc_us=490932 q_us=60 pkt_us=1
[PKT] seq=120 mode=L bytes=132 pkt=01028000fae43053fce8355c17dd3b5af1073358c2022d58cf013958d510365ab3e83c58ea0faeba253199b4ee219cb7d91b9eb82b089fb808fb9db8ea049ab66625a1b9ee084d3ad315382cd21e362bb50b3a2adc003c2beb10322bc13a352cbb273028220dbea50feac1af251ecab120fec6b208c4c6b1ffe1bfb12302b9afe0d2bfb5 pre_us=0 enc_us=490927 q_us=58 pkt_us=2
[PKT] seq=121 mode=L bytes=132 pkt=01028000f4e52c53eef4385cf5d8395ae3053c58a1094b58bfff4158f21c335abff44858e80d9aba232895b4e62595b7f3439bb8261b9fb8ff0d9bb8fb2397b65b17a1b9ed0b3e3ad329352cca162a2ba7122a2ad5f2222bec182a2bd03b2e2ccd3526281d16b1a50cf3bfaf1001b6b1ebdbb2b200beafb109cbb6b12d01b4afefddb7b5 pre_us=0 enc_us=490933 q_us=61 pkt_us=1
[PKT] seq=122 mode=L bytes=132 pkt=01028000ffdc345300f5335d02e1425aec0c2359b81b2958ca0f2e59c325335bd1f74459ea22b6ba2c2d9db4f92ca3b6ee009eb72911a6b7f30fa1b7f5249db55715a9b8eb09533ace20452cd52a3b2bc4f4472bf4eb4a2be217422bc93a3a2dca3733282513c8a505ebd7ae2122cfb01ef6deb10cc4dbb0fdd6cfb009f9beaef1f6c6b4 pre_us=0 enc_us=490925 q_us=59 pkt_us=1
[PKT] seq=123 mode=L bytes=132 pkt=01028000fbdc3451f6e3295b05f04357eefe3955d0183a54d50d3b55ff114957c0dc4f54eb1cb5bb29289cb6041fa4b90136a9bb4d15b2bb10eba6bbd202abb96a0ab8bdea005138d219422bdb2c3129a81f3328e20d3c29eb203129ce582e2aac452825221ecca608ead2b0f9f3c1b3dee5c2b405dbcab4f0f4c1b42d09b5b1c4d1bdb8 pre_us=0 enc_us=490931 q_us=60 pkt_us=1
[PKT] seq=124 mode=L bytes=132 pkt=01028000eedf3a50030124590f162755dc102c52b31a2e50de272e51fc1a3b53ed02354fe70aa1bd2f3f96b8f31c9abc100c9ebe330a9fbe040f9ebe1c03a3bc6a0ca6c1e12d3737d719392add2c2f27d0202e26e4f42a27db152526d33b2c28c8272723201eb4a718f6bfb22815beb53707c8b711d9bcb71501bbb708f1b8b53d0dc3bc pre_us=0 enc_us=490924 q_us=58 pkt_us=1
[PKT] seq=125 mode=L bytes=132 pkt=01028000e9d3474efbff4f56fd0a4f51d8034d4cc402464ac0124e4bc3ec4f4dc3f14a48e104a5be3830a1badb05aebff8fbb5c23401b2c3eef6b9c348deb7c04fdfbec6e3382835d3261728cd371b25c1411b23de181824c4211823c63f1d25a44f1a1f2bffa4a917f7aab41c1ab3b916f6b8bbfbddb3bb0bf4b6bbdbe5b4b90718bdc1 pre_us=0 enc_us=490937 q_us=60 pkt_us=1
[PKT] seq=126 mode=L bytes=132 pkt=01028000b9d05048b7195850affd4b47cdfb4740c110443bcc12443dba20423ebb053a38e016b8c32affbdc008d9c2c6ddd8c9cb0ae5cacce2fbcacce5e8c9ca54e7cfd2c9382130c4321524c2401720c311101df40e0e1cf3150f1cd324191edd1113170622a3ae05fdb1ba2512bcc0d910bac5e9ecbcc4fae2bdc5f2bec1c3e1cecacd pre_us=0 enc_us=490925 q_us=59 pkt_us=1
[PKT] seq=127 mode=L bytes=132 pkt=01028000c7eb4848c1004f4fd4184747a5f93f3fae1a3a3aad143b3bb3243d3db1f53636e813c3c32109c0c00719c7c71313cbcbfc08ccccd2f3cdcdeee6cbcb62e6d3d3c9573030bb552424c0611f1fc72c1c1ce51d1c1cd8231c1ccb231e1ed72c161602c7aeaefcbbbaba08fcc1c1d8ccc5c5dbafc5c5ecafc6c6ffc2c3c3f4bdcdcd pre_us=0 enc_us=490928 q_us=60 pkt_us=2
[PKT] seq=128 mode=L bytes=132 pkt=01028000fadc3752e8de2e5bfec33b58eafa3256b8f73c55b7e83256f9184358c7d84d55dd1db9bb2f269db5e90ba7b8fd28a5ba2101adbaf1e3a7ba18f1a7b76aedb7bceb045139d229422bd01f3d2abff04229d9033f2ad90c3e29d624332bd52b2f26331ec8a60befd0b00a15d1b213e5deb3f1d1d1b3f2e1cdb3f8c4b7b0dae1c4b7 pre_us=0 enc_us=490926 q_us=58 pkt_us=2
[PKT] seq=129 mode=L bytes=132 pkt=0102800004d4464fff0346580bf33f53fc213950b7183c4ebb263f4fe5364a50bff4454df70b9fbd1d4499b9ed2d9dbdff189cbf2211a0c00006a3c0f006a9be6119b0c3e7342636e0131d29c5291f27b4151625dc0e1826e30f1c25c63b1f27b5381e21301da2a81ee7adb3210bb5b630edb1b9f3d9afb8e5e9b3b9fde1b3b6ecfebcbe pre_us=0 enc_us=490931 q_us=60 pkt_us=1
[PKT] seq=130 mode=L bytes=132 pkt=01028000fadf3a52f6db335c04d04159e2fd3557cb093657bcf93957ff1a3959cbd34657e91cc3ba292ca7b50128a7b7f7fcafb922fca6b902e7adb8fb1da5b65eeeb2bae9fd5439cf274c2ccf253b2ab2f94e2aec08422ae90a3d2ad244382cc4103627211dc1a50bfdd9af1814cab101cdedb2fbc8d7b2e7c7cbb20ce6baafe0d4c9b5 pre_us=0 enc_us=490930 q_us=60 pkt_us=1
[PKT] seq=131 mode=L bytes=132 pkt=01028000edde3a4ee7ff29570bfb3a51f415314dbe33254bc62b334ce7173f4dd3e33d49e008a2be233f9bbafc10a2bf2407a6c22900a8c2fff4aac20e03a9c062d6b5c6e52c3335c71a3728d22f2525cd352224ef0a2f24d81b2724cb402226bf3324202b20b3a916edc0b41bfebbb838fcbbbb1fe0c6ba1ceac0bb0beeb7b812fac9c0 pre_us=0 enc_us=490929 q_us=58 pkt_us=1
[PKT] seq=132 mode=L bytes=132 pkt=01028000bada4d4ad9015951bffb4e4ab20d4543b807423fbb014340b7184542bee13e3cd8feb7c23421b8bf28eac0c535d0c5c90cebc6c9d3f1c4c9f3eac4c84ecacdcfd1462932b71d1625c4351721cc13191eec2e191ee62f171ed3361c20d22d16190b14a6adfbeeadb807fab9be08d7bfc2f9f1bec20ff6bec3f6c8bec0fae7c8ca pre_us=0 enc_us=490930 q_us=60 pkt_us=2
[PKT] seq=133 mode=L bytes=132 pkt=01028000abd14646bee34d4db0124343ae163b3bbe033535adff3636c30d3838b7153131ced5c4c43b09c2c21cf6c9c920f3cece15f5d0d0cdf2d0d011f5cece02d1d6d6c8352f2fb5342323c9401d1de91d1a1ae51c1a1ae5241a1ae1301b1bcdfc14141ae0b0b0febbbcbc2ce5c3c306b3c8c8f2b7c8c80ebdc9c9e2aac7c7feadd1d1 pre_us=0 enc_us=490932 q_us=59 pkt_us=1
[PKT] seq=134 mode=L bytes=132 pkt=010280000bd93850f5e6255908ec3a55f0ff3152bd263051e31e3152d2194053d5f04a50e11ababc322f9bb7f723a2bbfd19a3bd2d03a9be19e7a7bdeff3abbb6412b8c0eb0a4f37d828402acd202f28b21e3027f1103727e91d3227cc552f29ad482523301fcda718f6d1b117f6c4b5fde1c8b7fbedceb6e7e8c5b614fbbab4f1edbebb pre_us=0 enc_us=490930 q_us=60 pkt_us=2
[PKT] seq=135 mode=L bytes=132 pkt=010280000bce334cf5fb33550b013a4ffe083d4ac3262a47e2173348df2e3c4ac4f64145eb01a1bf3e369cbb0b1da6c130f3afc43201a8c515f1acc5ed02afc360ebbfc9d9293334c91a2727cf402124b81c1f22de0e2322e30f2322d9452124b42e1c1d2d2ab4aafde2b7b52318b9ba2bc4c0bd07e1bfbde9d1c1befce5bbbbd6c4c3c3 pre_us=0 enc_us=490930 q_us=60 pkt_us=2
[PKT] seq=136 mode=L bytes=132 pkt=010280000db4514deef95e550eee544fe7d0514ac2f64d47f4fa4f48fc244e4ae1e74946e809b4bf342cb8bb0f1dbbc02cf9c1c43af3c1c41808c0c4e7efbdc265d0c2c8e1422934c8271827d1481724b0101322e4141522e41d1422cb301b24b836181e290ba3aaffd6a9b5200cb1ba20f8b3bdfeceb5bdf9beb5bd14e7b6bbf3f0bfc3 pre_us=0 enc_us=490928 q_us=58 pkt_us=1
[PKT] seq=137 mode=L bytes=132 pkt=01028000ffd9354efc07315706f43752e51b384dcc1e1e4bcf2f2e4cf620414ec3e6444aed0da2be35359abafc14a5be0514a3c13703a2c20f07a7c2dcf9b0bf6ce5bdc5e2313836d11b2f28d13c2626ac092324e80a2724e6212924d1452926bb4c21202830b6a90ae4bab42513b6b81afdc5bafbe2bebafbddc0ba1aeebbb8e0e0c1c0 pre_us=0 enc_us=490933 q_us=61 pkt_us=1
[PKT] seq=138 mode=L bytes=132 pkt=0102800003db444effff505718104a51df0f454da71a3d4bc02b424ce329494dd5054749f509a0be28389ebaee2fa4bf04faa8c21c04a5c2f901a7c20cf0b2c06307bbc6e3362635db141428d12d1525b6211724da181a24dd161824be382126ab521d20291da2a911e3a9b41f0fafb831eeb7bbf9deb4ba09c7b5bb01ebb7b8eef9bec0 pre_us=0 enc_us=490928 q_us=58 pkt_us=2
[PKT] seq=139 mode=L bytes=132 pkt=010280000cd8444e030550561bf24d51f918454cd926464abf0f454b122c474cc7ec4748ed0e9dbf2e399fbae827abbf0d26a9c22909b1c3ff03afc3e406acc16d08bdc6de342235cc1a1528db4b1725a81e1223e51d1523e3121623d2511b25ba3f1c1f2720a0aa0be3a9b4292bb0b912ebb4bc06c7b4bbe6d2b6bc0e0cb5b9ced1bfc1 pre_us=0 enc_us=490930 q_us=60 pkt_us=1
[PKT] seq=140 mode=L bytes=132 pkt=01028000e9cc4f4ce4e45a54f7f2534ef4e05249a4214e46e6124c47f3214b49b5004544dc04b4c03527b3bcf715bbc117ebc3c52105c2c503f6c1c5e707bfc460fdc6cae2472a34c5301727ce401623c6221121e3161221ec201821e74f1e23c24a1a1d2f15a3ab0cedabb61b17b2bb3217b0be1ee7b6be09d5babe27f0b9bcfff6c2c4 pre_us=0 enc_us=490926 q_us=58 pkt_us=2
[PKT] seq=141 mode=L bytes=132 pkt=01028000f6db3e50eff539590bd93c54da0b3a51a3244350d1153a51dd314d52b7f74d4fd904a1bd2f3698b8e4289ebc0e1e99be3c19a3bef8039ebedc13aabc6223b6c1ed353237d0242c2aca2e2527bff91326e60b1627ea151d26da4b2128bd4e1f23341daca816f0b8b22b04b7b533f5a9b70bdaafb7f9d6b3b72cf3b2b5fde5bbbc pre_us=0 enc_us=490931 q_us=60 pkt_us=1
[PKT] seq=142 mode=L bytes=132 pkt=01028000f1dd424ee40c4d570cfa4552d81f3f4ead22434ccd1f3b4dfa324e4fadf6494bd8089fbe323d9db9f426a2bef3f3a2c12f10a7c1f903a2c1e300afbf6306bac5eb322936cb171829c7211826c4201324e40a1725dd011524cc4f1d26bb3e1c20341ba5a915edabb3111bb0b7290ab2bafddab2bafcd9b0ba2a07b3b8ecd7bdbf pre_us=0 enc_us=490928 q_us=60 pkt_us=2
[PKT] seq=143 mode=L bytes=132 pkt=01028000f6de454ef201485727f04152e6273e4db5fa404bb0173d4ce735494ebbe1464af700a1be2b399ebadc27a1bef613a1c111e7a6c2fbfaa3c2e0edaebf65e5b7c5e4302636d51c2128bc331c26ac101724e5171824e7041624c8441f26af341c20271da3a90df1b1b42207b4b83602b5bafafdb2baebceb2ba15f8b7b8d7e8bec0 pre_us=0 enc_us=490931 q_us=61 pkt_us=1
[PKT] seq=144 mode=L bytes=132 pkt=0102800009d1374fedf1335804013354ea232350af1a144edc19224f182d3c51b1ed484deb109ebd363d9ab8db2b9ebdf83098bf1a119ebf0cf8a1bfdeeda7bd66eeb8c2ed263636de153429cc2f2c27c0192425f0153326e2173026c93f2928c8452222331fb5a81eedbdb32001c0b63f1cc0b80fe4c4b8fbd7c8b817f6b9b6d8ddbfbd pre_us=0 enc_us=490933 q_us=58 pkt_us=2
[PKT] seq=145 mode=L bytes=132 pkt=01028000fcd93551eff21e5bfce73c57eefa2c55ae0f3654d60b3a55f8223e56bece4554e326b6bb313899b6e334a9b9f527a0bb300cb1bbfbfeabbbda07a6b963fab4bde7074f38cf12422bdb253b29b11f3728f7123e29f2063d28f44c342ac5402d252219c6a6f8dfd6b01d19d0b3fdd8cab4f9d1ceb4edc9d5b428fcbbb2ddc3c1b8 pre_us=0 enc_us=490930 q_us=60 pkt_us=1
[PKT] seq=146 mode=L bytes=132 pkt=01028000facc464df7fa4556261d4350f8fa444bc4234249f103474afc2a494cc8f04647e401a0bf2a389bbbed19a7c0e604acc31807acc312f1b1c3e5f6b1c16e09b9c7e3242435cb101c28ce441e25ab251623e0091423e5161423d0491a25ae3d181f2d2ba3aa16f9aeb51c09b7b9fcf8b7bcfedfb4bcece7b5bc110db6bae2edbec2 pre_us=0 enc_us=490930 q_us=61 pkt_us=1
[PKT] seq=147 mode=L bytes=132 pkt=01028000f4d83b4f18e91f580bff3f53e604284fb10b294edb0e374fd9244450b9c7424deb1aa5bd2d2096b9d61aa0bdfa29a1c044f4a5c024dfa9c0e2f7aabe73f2b3c3e21c3c36d51c3829d11b2226b91a3125e90f3225df102c25c94a2827ae2c23211f21b6a802dec5b32333b4b715e1d2b907e3c7b8e6d4c2b91d05b8b6c2d9c1be pre_us=0 enc_us=490930 q_us=59 pkt_us=1
[PKT] seq=148 mode=L bytes=132 pkt=01028000fce7415408d7255e26e2425cdfdc435bcaf93f5bdc013b5cfafc545dc2db525ce129f3b92c33c3b2f128beb51a1ab8b53a05b3b513f0bbb4e600b6b25b27b9b5f0f85b3be0234c2de3173d2cb307332cf010412ded19492dd059352eb440322a251eaaa411f2b6ad2006b7aedbdfacaf0acec0aee9d1c2ae11f0aeacd3c9b6b1 pre_us=0 enc_us=490931 q_us=60 pkt_us=1
[PKT] seq=149 mode=L bytes=132 pkt=01028000f4d82650f5f9285a0bf13d56f3023353b1142b52d4082a52d4174154bae34751eb269cbc243195b7ef369dbb143a9dbd3113a1bdfb069dbddc06a6bb6aeeaebfdd084038c525352af3362628c61c2727f90e3327e8132e27d23b2c29c33824241d17baa704e4bfb11a01b5b41bcdbeb610d7c4b5f4c3c3b61bfab6b3cad9beba pre_us=0 enc_us=490930 q_us=61 pkt_us=1
[PKT] seq=150 mode=L bytes=132 pkt=0102800047dc045831eaf663420e29622d0f286352ce2764398d2c645ab73f655ba41f65f017dab5fe31cfadf911a5aef10ea0acdc07c1ac1f42c8abc435b0a9e368a9aa0afb533fe4e14a31f0043331f71c3632cd0f3533abcc4c33d1bf4434a7b43f31e820afa0d3e2a2a8cbd9afa8f3fdada7f11fa6a6bb39b3a60013a4a4c1389da7 pre_us=0 enc_us=490931 q_us=58 pkt_us=1
[PKT] seq=151 mode=L bytes=132 pkt=0102800033e6195720eef8621815286112102f61fcf11e62f1931f631bb237643b903463e223dab6f245c8aee41eb4afee0eb6aecc27caadec67cdada750bdabe078afad17fb4b3ef3f94230140a2d301a1e2c31ee183731f1153231e5e04033aaec4030eb30aca1d1f29ba9e8f4a5a9ff0aa8a9ef2aa5a8f167a2a8103ca1a6e657ada9 pre_us=0 enc_us=490937 q_us=60 pkt_us=2
[PKT] seq=152 mode=L bytes=132 pkt=010280003cfa315808ec20621010366217223763130d3f63eca5366446cb48653bbc2b65f719edb52940ceaef419b4aeed07d7add40ce1ac1863cdabb651c7aa0071c6ab0af15c3ff1005130f800363106044232e92a4132e2224332e2f13f34ba0b42311821ada0fcfca5a8e8e4a6a8e40b9ca70e1a99a6ec5598a628359ca4e21e9da7 pre_us=0 enc_us=490929 q_us=60 pkt_us=2
[PKT] seq=153 mode=L bytes=132 pkt=01028000e9ea4653f9ec345debea495bf9ea4d5aeace4159ebc93d5a0a09425c1acc495ae70cd2b92320b3b3fffdb9b6dfdbb3b6e7eab4b65733a4b6df2f9eb4584aa2b7ee01573ad1254f2df01a3e2cf61f322bcb1b402ccb56392cb644352ec0352c290f14b9a400fccaae06cec2af1ce5b7b03e0ec1af433fc4b03800b7ad3612bbb3 pre_us=0 enc_us=490930 q_us=60 pkt_us=1
[PKT] seq=154 mode=L bytes=132 pkt=01028000f5da35510ae12d5bf9f74e57fdfd3d55d9ec3a5401bf3f551c12445719e23d54e410b5bb2220a1b6f303b0b9e404afbbd9f6adbb542ea9bac635a6b85945a9bdedff5239dc29442bfd243029ff103a28d8303b29c65a3729b248312ba53e30261c21cda604f0cbb015cac4b311d4cdb438fec8b34839ccb41c06bab11717c7b8 pre_us=0 enc_us=490925 q_us=58 pkt_us=2
[PKT] seq=155 mode=L bytes=132 pkt=010280003ee3445521e63f5f06e9445dfaed4d5c4d0b385c2aa4445d58e24b5e50b2505d0622deb82524bbb218f1b7b406fdc7b4f3e7b4b35246a7b3b94fa5b14b5cb3b400f65e3cd90d522eca08462dd6fe502dcc344e2ec1503d2db2253a2fc5323c2b0f1bb7a300edcaacc1e0c7adbae7d6ae211cc5ad0353c5ad1703b4ab0016c5af pre_us=0 enc_us=490931 q_us=60 pkt_us=1
[PKT] seq=156 mode=L bytes=132 pkt=01028000fae22c5103f43a5b09ec4d57fb043755e4fc2c54fed1355416034d5640b34653f61f9cbb1e1e9ab60100a7baf7fa9fbbd9029fbc48239cbbb427a3b92248a4bee80a3f38dc2a372bea172829f3112b28ca243329c14b2e28af43262aa82f22251919b5a60ce0beb0ffdfb6b3f5e0bdb53b09bfb44b61beb42627b1b20c03bdb8 pre_us=0 enc_us=490929 q_us=58 pkt_us=1
[PKT] seq=157 mode=L bytes=132 pkt=01028000e6db3753fced305cdc154259f4fd4458d4e63c57f9e83e5808fa4d5a18da4558e90db3ba2521a1b4f811a3b7ebf2adb8cbf7b0b85634a3b8db43a1b65350a2bae705503ada2a482cf414362bf7233a2ad226422bc15a352abe422b2cac312a27111dc6a5fcf1d1aff2cec9b10bf7c8b239e5cbb14656c5b12a05b3af2702bdb5 pre_us=0 enc_us=490928 q_us=61 pkt_us=1
[PKT] seq=158 mode=L bytes=132 pkt=0102800043f6e55b23f3fd662a111166281e0d6747061869ff9e2b6941de326a4dc91a6bfeffe0b21e3ac7aa220ba5a90f0cafa7f913bca63753b5a5d4459fa4366da0a405f34342e0e34933fbf64a34f4144936c2fe4b37d5f24b37ddf24a39d2da4937141ebb9d09e9b3a500dac4a4f2dab6a21f04bca1222ac0a1240eaf9f0d1bada0 pre_us=0 enc_us=490934 q_us=58 pkt_us=1
[PKT] seq=159 mode=L bytes=132 pkt=01028000f3ea3c5305f32f5dfb1b545affe64b59dc013c58e5d64359fbf54f5a26b34d58f01fd5ba1c23a9b40814b7b7f4d6bcb8e707bdb84c27b1b7d13eabb53359afb9eef95a3add2a432cf6122d2bf720362ad242442bc95f3c2bbc362f2dac1c30281516bca50eefbbae08ddbab008e7b8b144f9c5b0474dc2b12b08aeae270bbeb4 pre_us=0 enc_us=490931 q_us=60 pkt_us=2
[PKT] seq=160 mode=L bytes=132 pkt=0102800007e2355003f3365afd154256e5e84353dc162f52dec44152ef0a4d5414bb3f51eb11a2bc282698b707169ebbf9e3a6bdd409a0bd453ea0bdc833a5bb4d56a2bff4113d38e12a352afb1c2628fa1e2727d0332d27cd551e27c93b2029b82920242d1bb2a713eac1b102dbb7b419e2bab648f7bfb53f51b1b63bf6b0b333f9beba pre_us=0 enc_us=490929 q_us=58 pkt_us=1
[PKT] seq=161 mode=L bytes=132 pkt=01028000f7e4454f00f25158f2294d53f01a474fd914444ef7d34a4e0a1c4c5004e84a4ce1039fbd2d299eb9180fa8bde50caac0dd0ca8c05718aac0e440a7be603aafc3e6392736d9261729ff3f1e26ed241d25ca2d1825b25d1725ac3e1927b24615212212a2a804d9a8b308e1b4b717e4b4b94efcb1b84f60b0b91611afb627f9b9be pre_us=0 enc_us=490931 q_us=60 pkt_us=2
[PKT] seq=162 mode=L bytes=132 pkt=0102800039ed175824ec12631b0c3062151c32630af02164ea9e166442b644653f913965f113d6b51437d5adfd02aeaef4edb4acd313bfac3b58ababae54aba9ec75b8aa0ff7493ff1fa4631fe0e2831f9183732e0253533e8284232d0f23d34a9fe43311624a9a0fcef9fa8eaf4a0a8fd14a4a704129fa6f162aea60551a7a4ea4fa8a7 pre_us=0 enc_us=490933 q_us=58 pkt_us=1
[PKT] seq=163 mode=L bytes=132 pkt=01028000c1304646ca174d4dc91f4343ce293b3bb43f353594333636ad2d3838920831311600c4c42af2c2c2f4d2c9c9f8f4cecee214d0d019f9d0d0e9dfcece73dbd7d7ce642e2ecb5a2323db3d1d1de34b1a1ad9511a1a96531a1aa6461b1b96491414f9d9b0b0d5d2bcbcd8e3c3c300e7c8c802e8c8c82f0fc9c921ffc7c7250ad1d1 pre_us=0 enc_us=490928 q_us=60 pkt_us=1
[PKT] seq=164 mode=L bytes=132 pkt=0102800001d749510ff4575a0cf24e561e1f4354eee9475323ac49540b01515517be4652f2fa9cbc0c2c9fb6f3f7a4badb039dbcf9f2a0bc43279ebcd83fa2ba6d5ea0befc222438df26172be52d2129e91d1b28c0221b28b5541528a23e182a9a3f12241a019da7fde1a6b1fad4b1b41cfbaeb5270dacb51d57a7b5fe10a9b31222afb9 pre_us=0 enc_us=490930 q_us=60 pkt_us=1
[PKT] seq=165 mode=L bytes=132 pkt=0102800043f3335535f5245f3711405d30093b5d4906365d1bb4385e48ea475f33b2455efbfcabb827259bb12206a1b3120999b30615a1b34c5b9bb2f34e99b060689eb30611513cdd0a4c2eee0b3d2de718342db22a432ebe2a3b2eba133530a81c342b181ec7a30aeccfac19e5c6ad20f6b7ad3721cdac0028c0ad2923b4aa0934b8af pre_us=0 enc_us=490929 q_us=58 pkt_us=2
[PKT] seq=166 mode=L bytes=132 pkt=0102800029c9564f14e45c583ef3555204fe514f0de3524df899544e3fdb554ffba24f4cfe0aafbe2a1facb9f80ab5bef7e7b9c0db02bbc15929bcc1d929b9be725abec4f8292536dd2b1629e4281e26d72b1d25b8401725b85e1525ab361b27a04c17211e159da9fbf8a8b3e7d1b4b7d501b4b9f406b0b9d828afb900edb1b7d402b7be pre_us=0 enc_us=490933 q_us=60 pkt_us=1
[PKT] seq=167 mode=L bytes=132 pkt=0102800008e434530de5365dfff7475afe1c3e59f2104259f6aa3e5911f0425b1fb44559f7fd9aba092a95b406039eb6e51297b7e42398b7425896b7e24e96b4556899b8fb1e383ae30d382cfd292f2bed27232bc134212bce3c232bb529282daa321e28190bada417dfbbaeffd8b8b021f1adb15016aab02b22aeb045feadae5822b0b3 pre_us=0 enc_us=490933 q_us=60 pkt_us=1
[PKT] seq=168 mode=L bytes=132 pkt=010280000dcb534e13dd5d5705f4565213f2504d10eb4d4b3aaa4f4c4ac3534e45ac504afc0ab3be0a12b4ba07ebb9be0aedbac1f4eebdc24c0dbbc2ca3ab8bf5761c0c5f6312835e11f1828de271c26ec231f24c3362024b5581c249f3c1b268f4714201ff5a0a910d3a9b4e6cfb3b806e1b7ba2e00b7ba2141b5ba3024b1b81918b8c0 pre_us=0 enc_us=490929 q_us=58 pkt_us=1
[PKT] seq=169 mode=L bytes=132 pkt=0102800028d52a5444e3255e42f2455b3a16325a46cb2d5a45881e5b5dc73d5c5e8d3c5be11ca8b9f02e9cb3f7209eb5ee269bb6ef2da1b6f56a94b5aa6199b3dd7799b71007513bee004c2df622322cea1b392bc92d472ca7d73c2ccde0332e9fdb2f29db17caa4c5efd5adcfe6c3afd8f5c5b00514d6afb232caaffe29b8adba41bdb2 pre_us=0 enc_us=490934 q_us=60 pkt_us=1
[PKT] seq=170 mode=L bytes=132 pkt=01028000f8dc345306ee325d0909485a03fe4859fc1a4058f0f144591ce5455b09c24659f207b5ba171b9eb4fc04acb60406adb7e30ea5b75737a2b7bf4aa0b55d66a5b9f303563ae829462cf12d372bee1f392bd3323a2be056332bad34312d9d2b2f281619d0a510f4d0aef4cac0b00be5cab14212c3b03a5ec0b12dfbb5ae29f5c2b4 pre_us=0 enc_us=490925 q_us=59 pkt_us=1
[PKT] seq=171 mode=L bytes=132 pkt=010280000ad938540fe53b5efefe455c06023a5cecfd375c27c03b5c2dcd305e3799355cf307b2b8091f9cb2f1f1a2b4e007a8b4f815a5b44724a2b4bc4998b2346e9db5f60b523bdb14412de9223a2de123432dcb2d462dbe47452da5143d2f8b1f3a2a1b12c4a3ece0cfade2f6c2ae01dbcaae15fcccad244ad6ae0d21c1abf918c6b0 pre_us=0 enc_us=490930 q_us=60 pkt_us=1
[PKT] seq=172 mode=L bytes=132 pkt=01028000e4eb4652f002565cf5045759f0035457cf0a4d5600d25257f4f05459f9bf5357ec0198ba072a9db50dfca7b8ec01a7b9ef00a0b95e30a0b9eb48a0b76057a3bbf2232439d328192ce036202ace281f29b7371e2ac159192aa936192c9a37142715ec9ca505d5a5aff1e7adb1e8e0adb32200acb22d45a9b22513a6b02d1aaeb6 pre_us=0 enc_us=490926 q_us=61 pkt_us=1
[PKT] seq=173 mode=L bytes=132 pkt=0102800043dbe05a39edf36428eb2564ed010b6629c70e671b8ae66714ae42681c990f69f10be8b3e434d2abe804a8abf003aba9b721baa81358cca7ad33c2a6c072aaa61efe4b41e7e74f3213194b3302194a34da203235b1d55635d0cb4f37a7b14f34d41cca9ecff4b7a6d9d7cfa5eb04c0a4f027b2a3b746c1a3dc2baaa1b815b2a3 pre_us=0 enc_us=490931 q_us=64 pkt_us=1
[PKT] seq=174 mode=L bytes=132 pkt=01028000ccd74a4ad2e95252ccf14a4ae5014444a22a4040c6034141bb074343b4ec3d3de4f1c0c12df6bdbe01c8c4c4f2e1c8c8e1f9c9c961fec9c913e3c7c76fd8cecedd433132c4392525ed312121de201f1fbb311e1ea3501e1eab4320209b50191905ebacadf0ceb8b8ecc7bebeeabac2c20ad0c1c14914c2c21de9c0c04703c9c9 pre_us=0 enc_us=490931 q_us=60 pkt_us=2
[PKT] seq=175 mode=L bytes=132 pkt=01028000c3de4a4ad7db5251f2f54a4ac6034443a4fc4040a2e74141c5f34242aade3c3cfbf4bec221dabdbf06c7c4c400e9c8c8eee3c9c92ed0c9c9e600c7c86fe3cfcfd9462f32e0402425e72b2121e6341e1ed4291e1e953f1e1e9b46202097401919faefabaddbdcb7b8e8cebebee9d1c2c20bcac2c260f0c2c234fcc0c03b12c9ca pre_us=0 enc_us=490930 q_us=58 pkt_us=2
[PKT] seq=176 mode=L bytes=132 pkt=01028000daf0444cd60d535501164f4ed7134749980b4847e8004a47db274f49cee94845f212a0c01c0ba9bc0fe0b7c1fcefb7c4dde6b8c567fbb8c53d0ebdc3720ec2c9d92b2134d4281a27f8271c24ee1b1b22c11815229e2b1222a73c17249f47151d0103a2abded2afb6ead8b6bbfde2babe1ad9b6bd5825b5be1303b4bb2618bec4 pre_us=0 enc_us=490928 q_us=60 pkt_us=2
[PKT] seq=177 mode=L bytes=132 pkt=01028000d4e43253e7fa315dcee7485bcf153e5ac11b3b59e8be2d5ae5e74a5c14b83a5af003aeb9132699b3e8dfa2b6f1e9a0b7de019fb6403a95b6e2539db451619cb7f30d4e3acc213e2de123312bd51f352bc033382cba482e2c9d2a2d2d993d3129fc1dc1a4dde0c3aec7e0b9b0ccfbbeb0f818c0aff35fb5b0b50baeada90cbfb3 pre_us=0 enc_us=490934 q_us=61 pkt_us=1
[PKT] seq=178 mode=L bytes=132 pkt=0102800040de40543fe52a5e3813505b4306415a54f4405a29aa2f5b56da375c64b3515b07f6b1b90725a6b304f4aab513ffa3b60119acb65a599eb5ff599cb35c64aab7070b4b3be4014b2d0318302cf425362cb523452cc638432cccf63e2ebd1830291322c2a414ecc7ad10e5bcaf1df9bcb03d26cfaf1e52d1af210ec3ad313abab2 pre_us=0 enc_us=490928 q_us=58 pkt_us=1
[PKT] seq=179 mode=L bytes=132 pkt=01028000e7e42e5116e52d5b100f365823fd32562a18355563cb325659ed3f5762d23c55f9129bbb0f2d96b603ee9db9ea0a9cbae900a0ba331399badc459db831519ebcec123f39cd193b2be40f3629e0203229c32b3329ba4f2829ae392b2b9e4229260e2eb8a6ebfdc4b0e6f2cab2faf6c4b41000c0b3fd50b6b3d712b2b1d51dc6b7 pre_us=0 enc_us=490930 q_us=60 pkt_us=2
[PKT] seq=180 mode=L bytes=132 pkt=01028000dbce524edaed5c57bd065752bf1e544e9e07514cecee4f4dd709514fc8e14d4be303b2be260cb2b9f3fcb6bed709bbc1d702bcc163ffbcc10821b9bf6a09c0c5e3292936ce371c29ee2d1a26ed131624c1241a25a6541f24a9492026ae5b1c2009dca1a901ceacb3e4d9afb8f7d2b1ba1fd5b4ba5720b6ba0e05b3b84002bcbf pre_us=0 enc_us=490930 q_us=60 pkt_us=1
[PKT] seq=181 mode=L bytes=132 pkt=01028000d4c64a4fffe05758ffec5553f7ff514fd7fe4f4d270d514e1f16575019c14f4ce906a1bd2528a4b912e0b6bd13f9b9c0f4f4b6c05428b1c0e52eb8be7030bbc3e3262336cb1b1629e72e2026dd1d1f25c4341b25b7491425a5371c27a240172109fe9fa8f8c6a9b3d4bdb4b7dfc3b5b90cebb2b93252adb90afdb1b7f40bb6be pre_us=0 enc_us=490930 q_us=58 pkt_us=2
[PKT] seq=182 mode=L bytes=132 pkt=01028000d7de524ceafe5b55f517524eec0a4c49c3194a460af94b47fa034d49f6ec4744e60ab5c02c14b5bc1be7bbc1fddebfc4feedbec55f0dbec5f410bec36e06c4c9df362834ca231a27e7301c24e61e1c22c72a1a22af531922a7471d24b145161d0df9a2ab09e2aeb6e6dab6bbefcdbabe2eecb8bd5c3bb8be2311b7bb4920bec4 pre_us=0 enc_us=490930 q_us=60 pkt_us=1
[PKT] seq=183 mode=L bytes=132 pkt=01028000b83c4646d3164d4dbd354343c0263b3ba23535358e403636b43538389a1d3131d404c4c432f3c2c200f1c9c9fcf3ceceeeedd0d0010dd0d01004cece6aefd6d6cd682f2fc7522323e7391e1edd3d1a1ac2301a1a974c1a1a9e471b1ba845141401d9b0b0dfc2bcbce7ccc3c303d5c8c80ecdc8c83df8c9c918f8c7c7160cd1d1 pre_us=0 enc_us=490930 q_us=60 pkt_us=2
[PKT] seq=184 mode=L bytes=132 pkt=010280003eef3b55faf0275ffde54e5dd424415ded00475de0a53c5e12be465f37974e5ef22ceeb81e44c5b1e7fbb8b3e217c9b3ee1bd1b23d4da9b2a1449db0176ea4b302ef5e3cec12512ef1182f2ded10442ee6334a2ee24d3c2ee10c3530a61a2d2c1324aca3eaf0b7acd5ebacadd7f9b8addb04bbacd156b8acf62daaaad73baeae pre_us=0 enc_us=490929 q_us=58 pkt_us=2
[PKT] seq=185 mode=L bytes=132 pkt=010280003ecc3f552ef7245f1f16475d0b12305d1efb3b5de893175e08c7445f1490415ee710b0b80a42a6b10020a2b3ee1fa2b3de36a4b3086b94b29453a5b0d876a0b301fc513cd9f64c2e020c362dee10422dd011432ee9e44b2edfb94830a6d63a2cf815c9a3cff3bdacd1cbc0adf0ecbdad040ac6ac1d26d3ac0ccdc3aadf38baaf pre_us=0 enc_us=490936 q_us=60 pkt_us=1
[PKT] seq=186 mode=L bytes=132 pkt=0102800042da3b5437ee2b5e3d1e405c2407395b330e385bed9e165c4bc73c5d44a6385c06f9b0b90a3399b2091299b5fc1ba1b5f236a0b5326495b4bd609ab241789cb509184f3be004452d19292d2cf12e3e2cc83a432dea41462dd0f63c2eb118352a1022c8a411edc8ad14deb6ae1dfbccaf3a03d0ae2344d1ae310ac0ac1429bab1 pre_us=0 enc_us=490929 q_us=58 pkt_us=1
[PKT] seq=187 mode=L bytes=132 pkt=0102800006ce5551ffe3615aee105b57e5e05954f0f35a53e79f5a5401065f560ea85b53ee05b2bc0422b0b606feb3baee0ab5bbfefbb8bc4a3fb6bbcd49b7b9545bbcbefb3d2e38d6281b2bf5331d29dd2b1b28bb3d1928c45c1728b440172aa959142515fa9fa604d9a6b003dfadb30bedabb54712aab42343a8b52af3a6b23a2dadb9 pre_us=0 enc_us=490929 q_us=60 pkt_us=1
[PKT] seq=188 mode=L bytes=132 pkt=0102800047df505634f93b613d144d5f1bfa3b6052ee3160349c4261320c456228a54b61fd05ccb60c35c2b000febbb1f11abdb0f62ca6af3768baafb9559fad2b6aa0af020f543ddd045a2ff32c462fd823572fbb355030ba084d30bd064132ae2b3c2ef824b7a1fefbc4aa03f5bfabfa00ccaa0329cba9ff37baa9f8f6aea7d138bbab pre_us=0 enc_us=490928 q_us=58 pkt_us=2
[PKT] seq=189 mode=L bytes=132 pkt=0102800039e6475135f3505b3b1f50572f074a554c08415418c1495554f051574fcc4e54fff89abb013999b606079fb918199ebb15269abb496699bbcd4d9eb8576aa1bd03282438d809172b0b241a29f2281a28ba341c29c62a0c29b71f162bac301126120a9ea614e1a4b023f6adb323faacb44a2daeb31a4ca0b43a12a5b11e39aab8 pre_us=0 enc_us=490939 q_us=60 pkt_us=2
[PKT] seq=190 mode=L bytes=132 pkt=0102800047de385345ec245c3e163e592a003b583e1136571da71e5865db325a4da73c5808f8acba1631a0b41c059eb71615acb80130a6b856579cb8c24c9cb6526e9ab9030e4c3aea0b4a2c0920322bf8303a2ac93d402bd53f412ac7fb3c2cae1a25281427c8a515f1cfaf0bccc4b101efc4b23c1dd2b10343cfb13511c4af0c0cb8b5 pre_us=0 enc_us=490926 q_us=58 pkt_us=2
[PKT] seq=191 mode=L bytes=132 pkt=010280003dd7475337ec315d2b18415afc2b38582617405811c336595dff435a3ecd46580002ccba1b3bbbb4070dafb70115abb8c730afb84f62a8b7ba47a8b5466fadb90410523adf13542c0c213c2bec2f3a2ac9423d2bce493c2bc6293a2da22f34281626bca509e4c4ae02d5c8b009f1c4b11b20c7b1034fc6b13430bdaef225c1b4 pre_us=0 enc_us=490931 q_us=60 pkt_us=1
[PKT] seq=192 mode=L bytes=132 pkt=01028000ecdd48510316545bf4014c57f5034754d90b465312ea46541d0a5456dbd54d53ec009dbb20379ab6fb059eba020f9dbbf6199cbc5e309bbbc138a3b95c45a4beef2a2838db1b162b08181c29e6201a28d11b1728ab3b16289f25152a9e3c152511f9a0a60ed5a4b018c0aeb319dfadb539e0a9b46041a8b43e22a7b2562eb2b9 pre_us=0 enc_us=490930 q_us=59 pkt_us=1
[PKT] seq=193 mode=L bytes=132 pkt=0102800041d54c5625ec3a601cef465e1e0f4e5e28f9495e239f445f4adc3f6027a73f5ffefed6b71527bdb126f2b2b2180cbcb2f916c0b14e55a9b1bc519baf2d6f9db1030d5a3cd407552ed016412ed338422ebe324b2fc337412fb4073b319718392d141dbba2ffe8c1abc1d3bbacfd07baac2814beab0a55beab0a06b1a9e4f9baad pre_us=0 enc_us=490932 q_us=60 pkt_us=2
[PKT] seq=194 mode=L bytes=132 pkt=01028000d0e0514ed0f05c57e5005651cef1514da8ee4d4aecdc4e4bea0d504dc2d34b49df05b4be1c10b4baf2f3b7bfcfddbbc2dde2bdc24cf7bdc2d501bac06f16c0c6e3382c35cf331b28ec2a1a25d5271c23b5201e24a14d1c249e411f26a0481b200bf7a3a9ebd5acb4e7d8b1b8f3e9b7bb00e8b7bb4e30b6bb2709b6b91f1bbdc0 pre_us=0 enc_us=490931 q_us=58 pkt_us=2
[PKT] seq=195 mode=L bytes=132 pkt=0102800005ea3d5401ed2f5ff4f7365df6033b5ce0063c5ce7bb435d00093a5e13ba475de201abb81a259bb2fd079db4ed009eb4f012a0b455409db3d04399b1575b9cb4fe18483be420472e04073e2deb143f2dcb29402ec34e392dba333e2fad33312b271abba30bffcbac12d9caae23edc8ae4819c9ad3c42c6ad3708bcab411bbbb0 pre_us=0 enc_us=490932 q_us=60 pkt_us=1
[PKT] seq=196 mode=L bytes=132 pkt=0102800036eb4e5521ec37601405435e0e09435e36fd495e2aac495f60fa4c606eb14a5fec09d8b7342eb5b111f9adb20ef1bcb2f907b9b26838a4b1cc33a0af4b5ea3b203fd593cce04552eff01482ee00b522eb61e482fbc263b2eb91d3c30a21f3c2c1c2abaa2f503c8abf6f4d1acfafbcdac1b18bdab034abfab3415b7a91f2bbfae pre_us=0 enc_us=490929 q_us=60 pkt_us=2
[PKT] seq=197 mode=L bytes=132 pkt=0102800030d8f25832eff2633211256244f50a6336cb33641f8c196540c73b662a9fed66e711e8b5e63ed5adf50eb7adf030c5accc3cb8abfc60cbaba858c6a9c979b4aa1a034e3ffbf34531102d3d31fd234332f82b3633b1004a33f1d84a35a8dc5132d52ec4a0d305a8a8c7e6cca8dde9b7a6fd30aea5cb2faca50e34b0a3b337aaa6 pre_us=0 enc_us=490932 q_us=60 pkt_us=1
[PKT] seq=198 mode=L bytes=132 pkt=010280002ad63a522ff2255b1b0e4958281532562c12375511c8335657f1465762a84655f310b4bb17349db50009aab9fdf8a6bae320a7ba4f519fbabc3aa3b84664abbcfd0b4c39e918412bf5123429f2293929cb403729d8573129c83c302b9d2729261e28c5a60ae8c4b0dee4cbb2f40ecbb4271bc9b3ef4dc3b31e37bbb1ef2ebab7 pre_us=0 enc_us=490930 q_us=58 pkt_us=1
[PKT] seq=199 mode=L bytes=132 pkt=010280003bf547553df1395f1f15515d4a16365c3f0f3b5d18bf3d5d5bfc525f54b24a5dfd11d4b8132abfb21ef4b3b3f513a6b4f42cbdb35155c6b3c73ea5b15c68abb4fff95a3cdd11552efa0e362dd7233c2dba304e2ecf2d532ec71e332fa510332b1122b9a309fcbdac05e7bcadf9fcbdae2c15c8adfa38c3ad3a29afabe528afaf pre_us=0 enc_us=490930 q_us=60 pkt_us=1
[PKT] seq=200 mode=L bytes=132 pkt=010280003ee74b5740d0306157db406017b14460f6dd4961f2fd3a6133f854631ebc5562f3f8d6b6033ac9aff92ca4b01133aeaf0a24ceaf0413a4aee01faaac393aa2ae0908593edef55f2fcb14422fbb0c4230d0c75c31e9f34730e2383b32b00f302f1217b5a11918caaa0c01c1aae20dbcaad3fcc2a9f20cb3a9140faba7ced4acaa pre_us=0 enc_us=490926 q_us=60 pkt_us=1
[PKT] seq=201 mode=L bytes=132 pkt=0102800027e2f65f20ddde6a23ed0c6b07e9116dfa13d06e011d156e2201116f0306dd6fe600f3ace44ef1a1d64ad2a0ea48e89ffa51049f0227f19fc53cc19e0861979d2403444108db2e2e09f73f32e0c64037f5d25839fcda48391eeb543df1e6523cdc1fb799e223b99de32fb09ce124a99b11dead9a02ea989b1716959accd9939a pre_us=0 enc_us=490929 q_us=60 pkt_us=1
[PKT] seq=202 mode=L bytes=132 pkt=0102800043ef31534acc285d5be62f5a10d53459fc022359e4ea3b5a38ed435b09e4465af4fbaeb921359fb3164199b642479ab7e0499db7f51399b6041899b43e1fa2b805fa523add164f2cce01382be11d392bc8dc422ce5142f2bdf122b2dd4282d29171acca4171dddae28f5c6b0081ad2b1e4bac9b0f6e8beb004f3b0aecfbdbeb3 pre_us=0 enc_us=490935 q_us=58 pkt_us=1
[PKT] seq=203 mode=L bytes=132 pkt=0102800038f1fe5855cf1e635fd8236225a81363d9df0164dac623652de931660ade4466ef0eeab5f63be4adfb38c5ad123cc9acdc42d7abed06c7abe037aea90a17a8aa15ff513fe5f44f31d50a4a31bfe85332e9bf6133f9f044330a364135eafe2c32ea18ada0e21eaaa8cc16b1a8b921b4a7d7eeb1a6f723b9a6f60da3a4b6d6a5a6 pre_us=0 enc_us=490930 q_us=60 pkt_us=1
[PKT] seq=204 mode=L bytes=132 pkt=0102800041ea41574bc62d6149d233601daa3661cfd32f62d7c53b620acc4e6314d65163ed0fefb6f142e7afe640d8afe449ccafed3bdaaed80dc6add436baac002bbbad1903663eebf95e30d10f5630bc045930fbe56631fc215f310b365033df0c4a2fe61db4a1eb1faea9e42cb4aac40dc4a90e04c0a80b2fdaa80525b9a6b0e0bea9 pre_us=0 enc_us=490930 q_us=58 pkt_us=1
[PKT] seq=205 mode=L bytes=132 pkt=010280002eed2f5931d1016428eb0d6418cc1965e2ea0166da2500661bd0426715022667ed0fd8b4e545e1acf33abeacf258d1aae040d1a9db2daaa9d525b1a70c4a9ea81b064b40fbeb4d32eefc4c32c2e04f33f6bc583406b75a3427034c36ece83233dc1dab9fda20a2a7c20da8a6c91e9fa5f92bb3a4081bbfa40f0ba9a2bdd89ba4 pre_us=0 enc_us=490932 q_us=60 pkt_us=1
[PKT] seq=206 mode=L bytes=132 pkt=0102800043e83b5856cc13625dda286154a1386216020e63f90b3a643bd7496525ea5164f8fbeeb5003ee1aef33dc6aefb1ec1ade83fbfaced2db4acf019bdaa241eb0ab12045a3fe3f45130c7004831b4eb5331d5bc4e32f1d23f32f6144b34c3fe3b31f214afa0e11baaa9de1faaa9d61fc7a8e3faa8a70717aea7fe1daea5aac5a9a8 pre_us=0 enc_us=490930 q_us=60 pkt_us=2
[PKT] seq=207 mode=L bytes=132 pkt=0102800028edef5b1cdddc660ae5096608ecfc68e120d669d227226a0c1a1f6b092ae56bec06e1b2e745d5a9cf55c9a8d826c5a6e93acba5ef14d7a4ea21b9a31c3899a31cff4442e9de4b33e4f95935d6d64936ecc85f37fbc9593729db5f39e7de5737e618b29ddf2fb8a5db19bea3cf21b1a1ee0ed5a0fbeea7a0f4ffad9eaed8ab9f pre_us=0 enc_us=490930 q_us=58 pkt_us=2
[PKT] seq=208 mode=L bytes=132 pkt=0102800042f11a5a4dd509654ae207653cac2266e2001067fcf6096835e237690ef63869f605deb3f63fe4abf737c9aa0246c9a9ea49d9a7e81bb6a7df36b3a508389aa617015741e0ea5232d9034f33bff54e35d7c95635f1ee5735f11e4e37dafc3535f016ae9edb20a5a6da16a3a5bf1faca3e215a8a20718ada2fc1ea6a0b0d1a0a2 pre_us=0 enc_us=490931 q_us=60 pkt_us=1
[PKT] seq=209 mode=L bytes=132 pkt=0102800044e2f5594dd8ea6350e31a631da72764dcfe0765d7151e650aff2f660cfd3966f00de7b4f24cddadf133c2adfe3bc0abe149e3aae51dbcaae537a2a80504a0a91d033d3fe6e03b31eef93332d8f43d33e9d4533303e751331f23473501ef2732e321c19fdf19a9a8fc25a9a7c02eb2a6ed10baa50811cba50a0daea3c5c8a2a5 pre_us=0 enc_us=490934 q_us=58 pkt_us=1
[PKT] seq=210 mode=L bytes=132 pkt=010280001204ff5324e6ff5e25f51264fef71d69fd1ed86d0815316d110f1e6e1025e56fd508fd91d247fa91d350d495d342d897f83bfe95011d0596c735ce9803379a9929f524311cdb252f1fe92c35dfba3738efc14034fbd14d3810da4a3c05e34e3ce40ad995f714c39e150cb79df5f5bf9a05f4db970ef0a59807f29598efb29b99 pre_us=0 enc_us=490928 q_us=60 pkt_us=2
[PKT] seq=211 mode=L bytes=132 pkt=0102800033ffe660fce5fb69dbe50f6901cc096bf615f56d02133b6d02f22e6d0521196ee60ff6a6e44ce6a3c759dea4c045dea0d84cf49de529e4a0c844b19f163f989f2f0231390fd9432e0e01483405d32e34f6cf5d33f7d161370ef2543afddb3d39d219d297e91bbd9fe913b29fea06b59c0af9e39a1ff8d69c1dfaae9be8a1a09c pre_us=0 enc_us=490935 q_us=60 pkt_us=2
[PKT] seq=212 mode=L bytes=132 pkt=0102800037020b5b42de076547f127651eadf86709f0026808ea21694ae5356a25bb3f6af901e9b21632d7aa0e33c7aa5551c7a81753cca6170cb8a6e225a8a457319fa40bf45241f0004d33e3064734d4f14e35cac55536ebf83f36e20c4538d30945360b0fa69e1c0fa8a5260fa8a4f5fea5a2cff1a7a1da02aba11e159e9fc0b6aaa1 pre_us=0 enc_us=490925 q_us=58 pkt_us=2
[PKT] seq=213 mode=L bytes=132 pkt=010280003ffe3d574ad0316158c94c601a96436105d63361e4cd3d6204e14063e8cd5463f10ed1b60630acafdb37c3afe430bfafe53ebaaeeb01abaef02caaac2339b4ad0e02623ee4f85830b7035b30bcfc6930dde27031f60e6131df325c33e014552fec12c0a1e024d7a9df16d9aadb24e7a9e5fdeca8110eeca8ebfed3a6ccf6cfa9 pre_us=0 enc_us=490928 q_us=60 pkt_us=1
[PKT] seq=214 mode=L bytes=132 pkt=010280003de8365449d4355e4ff8305c2cc9375c02d9385bd6d2445c3702465e0cf1505cf8f8a3b824379bb2fb2d9bb404449ab5fb4d96b4ed2399b4ff4397b2473d9eb50406453be00b452dac163d2dd51f3a2ccace322de30c2f2dbc122d2fb630272a1107b6a32309cfad14f0c6ae0e19c6aedcdcb2aef2d7b4aefcdeacabe6d6b3b0 pre_us=0 enc_us=490928 q_us=58 pkt_us=1
[PKT] seq=215 mode=L bytes=132 pkt=0102800016fbf05f24f4e36919dc036b04e7e76dfb0eb26ff5071a6ff4e30b7005fae371e802daaee441e1a5cf50cda3f456baa00a4acb9efb15dd9dd241cd9c0463939b1b09434608dd4837f2ee4f3ad3c7543cf3ba533dfcdf633d0dd45d3fe8e0603edb1abf9ae11fb1a0de2db49ecb1fac9bf4f3b79aec03c49afb09a198c3e1af98 pre_us=0 enc_us=490931 q_us=60 pkt_us=2
[PKT] seq=216 mode=L bytes=132 pkt=0102800009df4d5402e6575efef4525cf1d44b5b09e7535bf3014f5c0404585dfbaf555ceafe9cb9fc3998b2033498b51e5093b5095896b5eb3494b4fe4899b258499db5041d273be121172dc522182cd61b152cc2cc102dc9fa0f2db22a172eb61b1a2a21db9ba423eba0ad3b05a3ae2f11a2aff6b29caef0e19cae0af3a0acd9c9aab1 pre_us=0 enc_us=490931 q_us=60 pkt_us=2
[PKT] seq=217 mode=L bytes=132 pkt=0102800038eb545949db396341ea416334ba4964eeb43465f0cd5b652cc23f6735a83c6700f0c9b40730c0ad0d41b5ad2143c3ab0242a6aaff23b7aa002ca2a83a5c9ea90a095540e6f85c31c60c5432c0185d33cdd05634dcf55033d51d5535ac2051320908b59f170abda70b08c5a70b29d0a6cae5bea5e1f9c4a5e803c1a3d0fbbfa5 pre_us=0 enc_us=490931 q_us=58 pkt_us=1
[PKT] seq=218 mode=L bytes=132 pkt=010280003cec4f584fcf36624de343622bac4862ead5246305eb316436d4466520b8456508f5ccb50e28c2aef32cafae092bbdad093b9fac07299eacbb31a5aa3d569aab080a553fdffa5d30c2175131cc235f31bebe5a32d7ec5032d5194a34ae273e310c0eb6a01e08c0a9150fd6a81126d9a8c6bad3a7d9cec6a71bf3b9a5ced1b2a7 pre_us=0 enc_us=490938 q_us=60 pkt_us=1
[PKT] seq=219 mode=L bytes=132 pkt=0102800046fdef5e44f8e76841c8fb6910f4e86bde2fd26de919316d0503076eea18fb6fed00dcaf0230e0a7fc2cc7a50242c7a2f133f6a00bffe8a0d729c69f1d3ea99e13054944f7e04836e9e44a38d4b8403af0d1513b07dd4d3b14dd4c3de2ef293cf616b29bf11eaba2062aa4a0f33a9d9d0502a19cfae9909c1f0b8f9ac6d7899b pre_us=0 enc_us=490929 q_us=58 pkt_us=1
[PKT] seq=220 mode=L bytes=132 pkt=0102800048ffec5a55d6ff655cdf256516a90f66faee09670102316814d23c690cd44969f406e1b30135deabfb30c4aa0e34cba8ee41cca70f1db1a7d22faca52234aba513fc3d41eceb4732d0064f34bce94a35e5be443610e93d3600fe4137c7e03035ec20b79ee709b2a6e131b9a5c120b7a3db15a9a20af1bca21b0ea5a0acd29da2 pre_us=0 enc_us=490928 q_us=60 pkt_us=1
[PKT] seq=221 mode=L bytes=132 pkt=010280003af5475944d93c6351d53c633aa24164fbd12f65e7f350651fe14a6602c95466fef9ddb4fa33e0adf628c9ad0c4ccbab004cbbaaf41aacaadc2da0a8054ba7a90d08593feefd5931d0075432b9105b33c7c86233e8eb4933e71d4735bf004432ff10aa9ffe19b1a8e51ebba7ce12c0a6e003bfa5fd0fbea51f35afa3d1f2b3a5 pre_us=0 enc_us=490928 q_us=58 pkt_us=1
[PKT] seq=222 mode=L bytes=132 pkt=0102800009f435572adc356139e23460f5e03960ead3386102df476239fa4b6325d94762f0fdacb6fe2e99afef1d91b021418faffe5b8eaff63291aeee4492ac605292ae0105523ee20b4a2fc0043d2fce1e2c30c4b53231dde32b30cc023232b9112c2f0d0ebda11a11d2aa1914bdaafd2bacaacccea9a9dcf6a7a903fda7a7cccfaaaa pre_us=0 enc_us=490930 q_us=60 pkt_us=1
[PKT] seq=223 mode=L bytes=132 pkt=010280003ef73b5841d923633ef041620bb12263ffea3464d4ff2d642aee486622c54765f603e8b50a3cdaad0931baae424bbeac023fc0abf31da8abd814aca92e3aa0aa08fb603fe4f45d31d7234431c1f95432d2bb5533f3fc4c3303344c34c9283f310f13aba0180cb2a81701b1a8ec0cb2a7cdf1b4a6f80fb6a61e0bbba4bbd6aca7 pre_us=0 enc_us=490933 q_us=60 pkt_us=2
[PKT] seq=224 mode=L bytes=132 pkt=0102800036eb525953d526635be54a6335aa4764e0e73a64dedd5a6512dd43660dce5866f1fedcb4fb34d4adfc3abead1042caace73fbbab032ac6aaea3aa9a82148a9aa15095b3fe0e76331d3fb4e32c0f85d32dad75833e9f14b33fc0e4d35c9053e32e917b4a0df1ebba8d513c1a7cd1ac6a6ed1faba5fa2cb8a5f114aba3be13aaa6 pre_us=0 enc_us=490929 q_us=58 pkt_us=2
[PKT] seq=225 mode=L bytes=132 pkt=01028000daee3d54d2e9365fc61d425cded93a5ceafa245cde08345de10a435ed8144e5de0fab4b81826a0b20f1da7b45120a7b4ed4c9bb4e9159fb32a229cb15928a7b4ee0d513bc3284a2ebe33472ddb3e512dc917462ddd2e402dcb27382fdc45332bfd09c2a3fc16d5ac06f9dcae033beeaecce4cfad0ffec6adefd7b4abcdceb8b0 pre_us=0 enc_us=490930 q_us=60 pkt_us=1
[PKT] seq=226 mode=L bytes=132 pkt=010280003aec475657c63c6052dd3a5f38b1295fd5dc3260daf1286021fa316212e04661f208d7b7fc3bc6b0fe39a9b11d48a5b1e735a7b0fc11a4afe62d9dae142aa9b013065e3ddd05622fbd084f2fa3e5572fdad46030ef035a30ed2e4e32cb02442eef13bda2e21dd3aacc2dd2abab1fd2abd606e8aae924d8aaf909c3a8b3d4bdab pre_us=0 enc_us=490929 q_us=58 pkt_us=2
[PKT] seq=227 mode=L bytes=132 pkt=010280002be1415827cd2f6235ce40620dc04163e0233b63e3191f64f2e62865d81d2a65e30ac7b5dc4fccadbf48b9aedc39b1adf43ec5ac0d35a1abea2d9aaa145e96ab1a005d3feff6653106075831c7ed4d32f0de6932f00871320a275334e20d3d31da27c0a0e022caa8174dcca8e251b0a70e13e9a625eefba603fbbba4d1f7aaa7 pre_us=0 enc_us=490936 q_us=60 pkt_us=1
[PKT] seq=228 mode=L bytes=132 pkt=01028000ddd65450dbc7615addf45e56d8b85b5303c45e52fcc25f53f7106154f2c85551e501b1bc0927b3b7df22b8bb2a38b9bd0d34bbbdea03bcbd1412bcbb5cfcb9bff22f2b38c62b182ab8351528c52b1627ced91328dffd1027da321829e2221a2414f09fa70b01a2b12c06a7b40fdfa9b604ada3b50beba2b613dfa8b300bcb3ba pre_us=0 enc_us=490926 q_us=58 pkt_us=1
[PKT] seq=229 mode=L bytes=132 pkt=010280002df7145937cffd643bdf2a640acc1f65e6fb1566eb0f3767fb181968f20c2468e916e5b4d650ddacc453d3acea41d4aafa1ce5a90304e3a8e92eb1a717209fa728005840f0ed4d32f3044f33c6de5534e9eb5934eb0f5a34142c4236ea051a34d826b29fe22da5a7f02ab0a6d546aea5fb25ada40a21baa40e059da2d4ea9ea4 pre_us=0 enc_us=490928 q_us=60 pkt_us=2
[PKT] seq=230 mode=L bytes=132 pkt=0102800041e5f75b4eddf0654bde146517ac1267d4150168dcf740680bf3246a0010376af1fee3b3fa43dcaaf343bfaaf039bea8db30daa6e011d5a6ee36aaa4032099a51b004641e0dd3f33e2f73e34badf4a35f5c64336fcf8463608024938f0ea2436e71aba9ede1faaa5ea11b0a4c72db3a3fe159ea20c0fa5a1ef019da0c3d59ea1 pre_us=0 enc_us=490927 q_us=58 pkt_us=1
[PKT] seq=231 mode=L bytes=132 pkt=010280003fe6445354f22f5c5b0c3e5a45d6405817c930580fd6355843273d5a280b4f58f0f0b6ba1834a5b4221da3b74843a2b8fd50a2b8081b9fb826269fb5372caeb90a134c3ae1134b2cda25392bd842372ac3f23b2bd206372bca40322dd63a2c281923c5a51b16d6ae2506c6b12d3ecdb2f9fccab10831c7b1f3f8b5afead2beb5 pre_us=0 enc_us=490931 q_us=60 pkt_us=1
[PKT] seq=232 mode=L bytes=132 pkt=01028000d9da4a4ae5da5252dbcc4b4bf0e3454502bb41410cb74242f5f74444f3ba3e3eedeec1c1120bbebee8d2c4c44fe7c8c842f2c8c8fdc8c8c8fcf6c7c761bececee3443232bc432626be442222b1491f1fcd521f1fd5411f1fc54e2121064f1a1a16e6acac24dbb8b81be4bdbd250ac1c1dd0dc1c112ebc1c101ddbfbfe6edc8c8 pre_us=0 enc_us=490931 q_us=61 pkt_us=1
[PKT] seq=233 mode=L bytes=132 pkt=0102800001d84a4ff7095059fcfa4d54fdf24651dac9494ff8044c500d1b4d5212024c4eedf6a4bd103b9ab8ea26a2bc4c3ea1be0c52a4bfea2fa9bf2923aabc5ff7b7c2f62c2a37d624152ac6261727c9381626d3071326d0231b26e0322028ec41202224f5a2a836fca5b238fbadb6352eaeb801c8aeb714c7b4b8efbab2b508dfbcbc pre_us=0 enc_us=490935 q_us=57 pkt_us=2
[PKT] seq=234 mode=L bytes=132 pkt=0102800041f64a5649ce366149de3d5f2daf385f05ff3460ebf340604afb53622dd95961f5ffd8b71535c8b00e2fafb1374db1b0144eb5b0f415b0afd815a8ad5836a5af0bfe5d3dea07612fe2094c2fc1fc502fdac25130ec044b30ec373d32c9122f2e1315bba22019c3aa291ac9abffebc9abdee6b5aae1f8c9aa2122b1a8d1c5adab pre_us=0 enc_us=490931 q_us=60 pkt_us=1
[PKT] seq=235 mode=L bytes=132 pkt=0102800024cf35571bcc236128c43e6005962e60d5e03261ec022f61f5d42463f3c25462e10da6b6dd4799afcd429cb0dc4a9baf0a5297af0c3495aed13092ac18679fae1215513ef906522ffd13472fb5f44e30dcd75031f9f14630020d4732da12322ff114c5a1e524dbaa0e36d5aacf41c9aaf31be5a9f821cca9ed0cbaa7c5ffafaa pre_us=0 enc_us=490931 q_us=61 pkt_us=1
[PKT] seq=236 mode=L bytes=132 pkt=0102800015de305728cc22611dbe4360029f2661ddd82161def02462f4e94463fdc35463e113a8b6d73c98afce379fb0e93a9caf023b99ae042a96aed216a0ac1163aaae130a573efbfb5530f6224b30abdf5c30c5dc6231f3005f3107305a33c2294b2fdf1acfa1f22ee4aa0141deaabe2ef1a9ea0afaa8fb17fda8fc07f0a6bc02cbaa pre_us=0 enc_us=490929 q_us=58 pkt_us=1
[PKT] seq=237 mode=L bytes=132 pkt=0102800042db33564cce32604dcb455f279c385feed12760ebd4326018e947620ed35161e906a6b7fe369db0ec2fa0b1f4509bb109419ab008069bb0d2189eae33499fb00d1a4f3dd1034f2fd317462fa6f8462fc6de5030f0025030f83c4531ba13322ef517bda2e60ed6abf82ad6abcd2fccabff18d7aafd2cdbaa191bbfa8b6dcb0ac pre_us=0 enc_us=490930 q_us=60 pkt_us=1
[PKT] seq=238 mode=L bytes=132 pkt=0102800045e7325343d7425d40e7455a1eac3a59d7d24358d8d437593602465b05b75359f4f998ba033c93b4083b95b6284c96b70c4792b7f41793b7dd2096b54815a6b90024363adb10242ccb1a1c2bb90c252bc2c5122be20a1e2bf438232da12c21281515aaa51602aaae2623aab015f6b0b1eac1a0b002eba8b11efea9aeadd2b0b4 pre_us=0 enc_us=490933 q_us=60 pkt_us=1
[PKT] seq=239 mode=L bytes=132 pkt=0102800041ec2b5444ca345e4be43b5b06983e5af1ea425ac6de435b21e3475c03c64d5af3fb95b9fb3e90b3ef2b94b5fb4d95b6f14e96b6051697b6cc2a96b33b449db70523383bda0d2d2dc814282ca7f0242bc0db242ced0d292ce93c282e9f2b24290b22aca4fb0fb0ad062ab0afda0bacb0dde7b0afdbfbb2afff02acad9ff6b3b2 pre_us=0 enc_us=490935 q_us=58 pkt_us=1
[PKT] seq=240 mode=L bytes=132 pkt=0102800032ed335753ce1d6151c23b6030a93460dabf3360d8f03c6127f6416208d95062faf5aab6fa2c9baff0309bb0fc28a0b0f4309faf03059cafd21a9bad343ca9af060b563ddcfd562fc0084a2fa6fa5830cad06230e2185630f5304532abfd402efc12cea1fd14deaae126ddaae229eaaad329faa9eb24eda9111fbfa7a2cdbaab pre_us=0 enc_us=490929 q_us=60 pkt_us=2
[PKT] seq=241 mode=L bytes=132 pkt=010280003fda41554ad92f5f55e8395d29b2355c0dc91d5cf0ec2e5d38eb455e16b2415df7f6afb813449bb2f3299bb424409fb41f3d94b4fd1199b3de0b9db1632c9eb4091a4b3ce1ff472ecb1b412dc90f472dd1cb482ed703442de92b3d2fb829352b1615c0a31d02d1ac3530cfae2307d4aeeae3d4adf0fbcbad1df9c1abcac4b7b0 pre_us=0 enc_us=490929 q_us=58 pkt_us=1
[PKT] seq=242 mode=L bytes=132 pkt=01028000e6e84851f4ee545be9034b57fae64e5505f33f5402dc4e5515235057f8f74854df069ebb18389ab623149db94644a0bbf06197bbf4229fbbdf38a0b95727a2bdf0362938be24172bca2a1c29db3d1628dcf40f29ef111329dd371c2bf52c162513fca0a608f4a6b02b0bacb33537a9b417e69fb31ccfabb431e7abb102c8b0b8 pre_us=0 enc_us=490937 q_us=60 pkt_us=2
[PKT] seq=243 mode=L bytes=132 pkt=0102800010ef3a5a25e91e6514d14465f4bd3d6716fe396802fc2c6822c521692303326ae211e5b3d957dbabcc50e2aabb62dfa8024bf3a70329daa6b335b7a5eb5cada526f85e4114e8603315015d34e8ca6135e9cb7436eee072361fef5b38eee44236d615ac9eeeffa7a6fa2dbba4e841aba3fc0bd3a20001d5a2130eafa0dad494a1 pre_us=0 enc_us=490928 q_us=58 pkt_us=2
[PKT] seq=244 mode=L bytes=132 pkt=010280003ee5495653cc2e604ecb445f0aa2445fc9dc325fc5f83560d6e85161dde75761eb05cdb7f63dc4b0ee44b7b1c844bcb1ec3ebdb00325b1b0c026afae172eacb0140c583de4ed602fdc1e4c2fb7ef552fdde56030f5044f2ffc3e4031da1a332ee918c2a2e322c8abf029ceabed11c7ab100dccaa0914c7aa1113aea8e2beadac pre_us=0 enc_us=490930 q_us=60 pkt_us=2
[PKT] seq=245 mode=L bytes=132 pkt=0102800032e91d5b3adaf56624ee1d66ffc40e68f51f0a690c104e6a04f3326b0a02096be3fbe6b2ea4be9aad246d1a9d83ccca6f534eaa5170116a5c618d6a33348a2a320035542fcda5433fcf74e35cac24536ddc76237f1e1463707f64839e5e74137e328aa9de11fa4a5fa2f9fa3d6429da100099fa0e7f48ea01e2c8e9ebfda94a0 pre_us=0 enc_us=490930 q_us=58 pkt_us=1
[PKT] seq=246 mode=L bytes=132 pkt=0102800023dff95f10e5e16a27dd016b22fceb6c13fda76d1ffc1e6e2adc276e2a09ef6ee0fdf9a9d64500a0d331d1a3dd52e39fe318089cfccc1f9ed5eee39f1427bc9e29ef3f3c1eb92b2817c05030c8a94e32d8c55230ec0a613418ec4a3ad7d76237e704df97ee01e59cfdf0dc9ed5e6df9bf0dae498def4ad9b0beaaa9bcaafb49b pre_us=0 enc_us=490929 q_us=60 pkt_us=2
[PKT] seq=247 mode=L bytes=132 pkt=0102800032ef085a2ae7e36444d925641dc81d66e61bd967f61317670e011368ff28e269e711e4b3d74ce3abce45c1abec4bcfa9ff32d4a8181501a7d021b8a619459ba625054f41fedd4c32f90a4933d2eb443400d66235fffd6b351a1a5a37e0f64d34d725b39ed232b2a6dd26baa5db38a8a4fe1ec7a3dddec4a30622b7a1bbcca8a3 pre_us=0 enc_us=490929 q_us=58 pkt_us=2
[PKT] seq=248 mode=L bytes=132 pkt=0102800007e1ed5913e9fb6212ebf9681aed03670c0dcd6513f8fe6b10d9036e30f9e771d7f7f995cf421390ce3ece96cf55e08fe025168af90cdf90c420df93f644b5962aef283821c1332b2bd33f38eaaf3c37f5bc2f2fefe83e3b19bc473ddad55b3ee403d595f1ffda99f4e6cb9cf1f8039800d8ee94e0ddb59814f6af96c8a6a896 pre_us=0 enc_us=490925 q_us=60 pkt_us=2
[PKT] seq=249 mode=L bytes=132 pkt=0102800044e0f65e43d5e7692ffd21690ab7176ac417ff6b08211a6bfdf4356c0ff92b6ce9fff7a8ef49e9a1db48d2a4e346e3a4d539eda20e23d2a3d61bc5a1154bb3a224fe343afce22c2a03ff3231ded84836f8c04f360def663722fd4f39efe72c38e624ce98e524c19e0a27aaa0f014a19f010bb99e03e8c59f2529a29db8e88c9e pre_us=0 enc_us=490926 q_us=60 pkt_us=2
[PKT] seq=250 mode=L bytes=132 pkt=0102800047f8106048f8f26c57ee126c66f11d6e33b1ea7017bdd5715df1137158e6d172fbf6e4a8fc31ea9f173bc09f003dac9c1b52e698e94fb698e61bb19a144ba49917fc424002e52a2de4193533d11c2235c1161d31bfbb2834eb05413ad4ee3639f811bd97fa00b59b030bba9a0d2bc197cc2bbf94ca0ada96f02ab496d545ae96 pre_us=0 enc_us=490929 q_us=60 pkt_us=1
[PKT] seq=251 mode=L bytes=132 pkt=0102800043f8f95a44fd03634fd31a6a4bbe1d6d169b016ff3dd09702ef3327018d3f071f6f8ee9afc2cfa92f83cc79cdb49bf99f25ed897e756ca9ac21db29a0963a39924062d3b03e32c2fdb104639c20d483ab0f13439dbc1543dfa0d5a3fc3e55f3edb0dcc97dc04b49be016b99cd721c699b432bb97d034c3990128bf97b61fb097 pre_us=0 enc_us=490932 q_us=58 pkt_us=1
[PKT] seq=252 mode=L bytes=132 pkt=01028000e8f63054f7f2315efafc395cdd01465b0cfd345b04bf435b01f54c5d1bbe4a5be70797b9ee3292b3460e96b5e4fc9bb5530a96b5fc4096b5f02898b31f469ab6fb003c3bd515362dbe14302cc80f2e2cd32b312de01e2b2cea1b292ef20e202a0afbaca410fabbad15f6b8af320ab9af4530b5ae2835b2af3ce7acac1fd6adb1 pre_us=0 enc_us=490929 q_us=61 pkt_us=1
[PKT] seq=253 mode=L bytes=132 pkt=01028000eff43557f1f13561ecee3b60fb13466112d8376118a6396206d34e6314b14163eff4a6b6ed219aaf2b0e99b0000892af2a1d96ae06459aae082a9aac5e4795adfd074e3ede1f4730c0204130b62c2f30c81d4131b7264a31be233f33de083b2ffdf4baa10502c8aa28eec3aa3608b1a93b36c1a82027cea81000b7a61bedbbaa pre_us=0 enc_us=490929 q_us=58 pkt_us=2
[PKT] seq=254 mode=L bytes=132 pkt=0102800038f746563bee3a604cf03e5f4c004e5f45d63f5f3ead486056d34c6147be496005f9d4b7062dbfb03b1daeb1ea09b8b13b37b2b00a58b3b027279fae3731a0b00ff65b3ded03572fc425472fbc24452fd4284330bff0442fce173931cdf5352d050bbaa221fec1ab1205c7ab310cc3ab1d39b0aa1a0bbfaa1af4aea8f7d7b2ac pre_us=0 enc_us=490932 q_us=60 pkt_us=1
[PKT] seq=255 mode=L bytes=132 pkt=01028000e4f02a53f6e5385dfbf8475ad109455907da31592cba3b5a020a4e5b12bb4559e90c98baf03493b4470c99b6d0f09eb7450396b7e95295b7fa249db42f359db8f9fb3e3ad608332cc818272bca262b2bcb2a2e2cb42a2b2bcd292c2d0c17232806f4ada411f1baae1cedb6b031eab3b13f1eb6b01723b3b025bcb1ae16beb2b3 pre_us=0 enc_us=490935 q_us=58 pkt_us=1
[PKT] seq=256 mode=L bytes=132 pkt=01028000e5ee4b58eaf33562e9f34f61f10e41620be64c620cac426305ef53640fb54d64e9f8cbb5e530baae3a13c3afd9e9b1ae2f1dc0adfc4dc1adfc28a7ab4442abacfb09593ee0125830c0294d30b92a4931ce355132c70d5b32d72c4233041d43300405c0a01404bca92300c2a93200b0a8353fbca71b1ec1a72ddaada516dfb2a8 pre_us=0 enc_us=490930 q_us=60 pkt_us=2
[PKT] seq=257 mode=L bytes=132 pkt=01028000f2f43957faea3162f4003e61fc10426120db3f621a9c46630edc4b640cac5063e800b6b6ec2aa1ae2e179aafe9fda2ae271c9badec4b9eadff2f98ab424ea0ad0007583ed9115130c91f3930be134431cd1b3f31c9044b31d51841330cfe403007ffc5a1090ccca924fbb4a93416c0a9384bb3a82c32daa834f3b9a606dbc0a9 pre_us=0 enc_us=490930 q_us=60 pkt_us=1
[PKT] seq=258 mode=L bytes=132 pkt=01028000feeff45907f6116412f01d64e11d3d6513f622662ab539662cc840672cc34c68fd16e3b4ec2ec6ac2e33b6acd1f2c0aa360fbaa9dc2bcda9dd1fa7a7043da5a800f84740ef0c4132c1214732cd134333c1114234d90b4934d2253b36e1f735330804af9f20f5b0a7230dbba62016b1a52a3aaba43934b0a425f1a0a2f2d1a5a4 pre_us=0 enc_us=490924 q_us=58 pkt_us=2
[PKT] seq=259 mode=L bytes=132 pkt=0102800024fe1e5d24f8f968350213694a172e6b2ddeeb6c34cede6c51f7336d53cafd6efefce6b0f72fdda72c44c9a6db16dba32942d9a1f63fc2a10526b29f282ab09f10fa5844edef4d35b71a5137be135839cd1d553ac7c2433ad614433cdedb463b0707a19c1afc9ba3edfa9fa02c25aa9ef435a29ded1a959d090c949bd9fc999c pre_us=0 enc_us=490930 q_us=60 pkt_us=1
[PKT] seq=260 mode=L bytes=132 pkt=01028000eb053659ecfc3164fbff3563f10a486514e945660ec44366f8ef4f6723c04a67eb09e5b4e738c6ac3e22a3acdaf7a1aa1c2bb0a9fa4cb4a9131fa2a74b3b9fa8fef36140e3f75431b8254c32b42b4533d8305134cbe94c34ef1d4436f0ed3f33fff7a89f13f2b3a71d00c5a63405b6a53442baa42031a9a42118aaa214f2a9a4 pre_us=0 enc_us=490932 q_us=60 pkt_us=1
[PKT] seq=261 mode=L bytes=132 pkt=010280003809e65f3beaf36959e8026b54d81e6d099dcb6ef4bfc96f0ae90870f9e2c771f603dfaef32fdfa5ee48c7a3d543dda0c759d49eca5eb99edf31ba9cff53a19b2301404606e55037d30a4839e621473cc00d323de0b33d3dedff5c3fe7cd4b3eda06ab9af410a9a1e614b29eff1da69bcc29a89af73cb49ad51ba898c2eea399 pre_us=0 enc_us=490931 q_us=58 pkt_us=1
[PKT] seq=262 mode=L bytes=132 pkt=010280002cf5255b1ef5ff6539053e663404156720e20c6827cb0c6949f33d6a2dcc2d6afdf5e5b2ee38d7aa082aaea9f71baca74039d0a60556c7a6041cb7a44933a8a410fb5342eee54833c42d4434b52a3636d62b3b36cecb4436e6044238dde33a360a12a69e10ff9ba511ffbda41f1ea0a2f45294a1c91092a1f60c9a9fda1196a1 pre_us=0 enc_us=490934 q_us=60 pkt_us=1
[PKT] seq=263 mode=L bytes=132 pkt=01028000f7014b56f90244600df5575ee10f525e19ca535f1ac8535fff0f516121ba5560eb09d1b7ed1cd1b035f4d7b2e5f6e3b1501ce7b1f549d5b1332ab6af4a34cfb1020a553de528592fcc324a2eca2f532ec62b602fb42e572fe7454731af35442d04eeb0a217fbc3ab3602b9ac5305bcac3f32c0ab281bc0ab26faada94809b6ad pre_us=0 enc_us=490929 q_us=58 pkt_us=2
[PKT] seq=264 mode=L bytes=132 pkt=0102800047010a555bef2f6265e32b6469da30654d9e245e33b5076849c72b6d45aceb6dfbfbe8960519f693054fe293ed3dde8fdd60f988d74cd08ddd40cb92e76eb78f2501293cfff22f31defb2738d41e1638bce80230e9c01f36f2f2553db7ce453ad007c898d201ae9dbd14b89ce922d499cc22d494e62ad095f448bb96c13fc995 pre_us=0 enc_us=490932 q_us=60 pkt_us=1
[PKT] seq=265 mode=L bytes=132 pkt=0102800040fe3c5c39f82e6654eb44675afb34693ebe3e6a32d51f6a4df7336b57cf1d6c05f2deb1ff1bcfa9213bc7a8063eb9a62c57c5a40457b4a41941a8a2335d97a214f6624200025f34d51c5435ca145f37c7096338c9b36838d3fd593ac1de5838fbfdaf9d1bf9aea41b04b6a33a20b8a10225c6a0ef11bea00617aa9e0c31b49f pre_us=0 enc_us=490931 q_us=58 pkt_us=2
[PKT] seq=266 mode=L bytes=132 pkt=0102800010e9305815f833632ef0376246023b633ed42b633dad3b644ee74b6559be4b65f6f3a5b5f02599ad242a9caefe2699ad383e94acf65492ab0d3894a9475091ab0c05543ff00d4e31d4224d31b7244732cb1b4e33c2d23f32d5fd3934bdf428310601c3a017fdcfa82503cea83726c7a70c4ccaa60c17b9a61b06aca42311a1a7 pre_us=0 enc_us=490928 q_us=60 pkt_us=2
[PKT] seq=267 mode=L bytes=132 pkt=01028000f4e63158f3fb356209fe3c62e6073e6305de396317a6426401c045651eaf4365faf0a4b5e81d9aaee82198aec81297ad3d2399ac004496ab183899aa366294abfe06533feb0e4d30c5254431c7384332c6284f32d20e4832d1f24834c2ef3731fafec1a00ae4cfa8261acba84a24bea74952d2a62c3ecda63704b5a44e0eaba7 pre_us=0 enc_us=490932 q_us=60 pkt_us=2
[PKT] seq=268 mode=L bytes=132 pkt=0102800027e8445736f435614de43a6031f145611cd13e6142ac476252e34a635faf496308efb1b6ff1fabaf0b1f9eaff2189faf5720a1ae084aa0aef407a2ac3f339aad0af94b3eee0b5530b2144530af193e30cc2f4831c1e84331ce264733a9fc352f0306b6a1200acba90610c8aa251ebba9f155c6a8e000bda8191bbda6ff14b0a9 pre_us=0 enc_us=490930 q_us=58 pkt_us=2
[PKT] seq=269 mode=L bytes=132 pkt=010280003aec48594cf646644820396449fb4e6536d8526637b75a664dcb606758b6536708f7bfb4021cbfac2335b3ac1525c7aa5743dca90f50d7a9f817cda73756c6a80afc5540e9035632e0165232c1035133c0276634c9df5e34cc025136aef95533ff04b29f1f01bba71f20b1a63810b8a50344c3a4ec14aea4151eaca20e06aba4 pre_us=0 enc_us=490931 q_us=60 pkt_us=2
[PKT] seq=270 mode=L bytes=132 pkt=0102800023f9475a36f33f64420037643f094d652ce346663dbe426748ed4e6847c6436808f9c9b30518c1ac1e34a9ab091b9faa4a40bda9f066b2a8023ea9a628639ea70cf65b40f1025c32bd075433b90e4634c6256035b1d55135be0a4b36b0f34134fbfeb69f14fabca7fd02c6a62925bca4ff48caa3ec14a6a31528aea10109a3a3 pre_us=0 enc_us=490927 q_us=58 pkt_us=2
[PKT] seq=271 mode=L bytes=132 pkt=010280002901425a34f8266544ea41654803346717b634681ecd33682ed6356933ca3f6a07f5d0b3fc11a3ab13379caaf63b97a8325298a7195d93a6242b91a53e518ea50cf66241f2f95b33ca1e4c34b5115335c11d5a36c9cc5436d8fa5138bedb4236fb00b89e1508c8a60806caa42912c1a3f53bd4a2f718c5a2f91cbda0e41db0a1 pre_us=0 enc_us=490937 q_us=60 pkt_us=2
[PKT] seq=272 mode=L bytes=132 pkt=01028000410ae665480dff6f49dc0c703107fe73fec1e275ebe0be75d70ae075ed02b076f806e6a1f829e69cfa49ca99ce36d395da5ae392de52b794c828c095eb5daa932304244006e63932d4073036cd2f1337c3072734e9af313a02d9433ff3c8313fd408be93f208b598e0fec495f92be791d71fde8fed00c0910d24a891d904a390 pre_us=0 enc_us=490926 q_us=58 pkt_us=1
[PKT] seq=273 mode=L bytes=132 pkt=0102800037f5145c36f00b664607116741f223691cc0226a27a71e6a40f5336b24b8286c01f9e6b10332e2a93242b2a80621aca5423ad5a4f653d5a4db21b7a2302bc6a213f74e43fee65434d31a3f35d00a3637e6154d38cfb24e38e510483adfe94e380305a29d21fda0a420efa8a23620a3a01840989fdb00979fef14999de4119a9f pre_us=0 enc_us=490932 q_us=60 pkt_us=1
[PKT] seq=274 mode=L bytes=132 pkt=01028000dee84157d4072f61ac064b609fdd4f60bbd83360eeaa2361d1073662d3ba4662e2fbafb6f02d9daff005a2b0fbfda3b03e16a7af15539caf105593adef559faffa124e3dd5234d2fce283d2fc1313a30bb1e5a30b9355b30ed0d4532bf36452efefbbfa1f0e2ccaa06d4b9aa19e4b9aa2e06e8a90a1feaa9ffcfc4a7f4d3cbab pre_us=0 enc_us=490936 q_us=59 pkt_us=1
[PKT] seq=275 mode=L bytes=132 pkt=01028000e1fc4a59d40a4163c30a5763b0064464cbf24865eca34b66dae25467debc5667e9fed7b4e323baac0a00c2acfc0acfab4c11aaaa014bb9a9222ea6a8404a9ea9fb005f40e0195a31c4294d32b9246233ad204934ac0f5834c31e4a36b5193d33fafeb99ffaf5bba70b08c1a72200c3a52a34aba5f12bbfa40309b1a2e2ebaba5 pre_us=0 enc_us=490929 q_us=60 pkt_us=1
[PKT] seq=276 mode=L bytes=132 pkt=01028000f2e44055fb13375f06fb4e5ddb0d4b5d0dcf3f5d24983f5d05ed425f18d1425ef3ffa1b8e3319ab1120f9fb3e712a0b344199bb3055599b31a4597b0375e99b304143c3ce4213f2edd372e2dd622322dbb30342ebb1a3a2edb143730b4272f2b0de9b2a309f0bfac2c08b3ad3cf6b9ad5031b6ac3936c3ad17d7b3aa41eab7af pre_us=0 enc_us=490930 q_us=61 pkt_us=1
[PKT] seq=277 mode=L bytes=132 pkt=01028000ddf52b54e70e3c5fb9ff495dbeed465cc8063f5ce1b24f5dcd004c5eb3d5555dedfa96b8f31a94b227fd9bb403e89cb4491593b4153499b3082398b12c2ea0b4f6153a3bd815312ec3232e2db91b322dad2e262eb23e222dc02d292fa234242bf8f4aaa3fceab5ac15f0b0ae2600b8ae3e34a9ad0f25a8ad00e4aaab04edaeb0 pre_us=0 enc_us=490932 q_us=58 pkt_us=1
[PKT] seq=278 mode=L bytes=132 pkt=01028000dbed3655c6073f60cb053d5eaf064e5ee3e9505ed4b0465fcdf24a60c9c7595fe8fa97b7d83193b12d1593b2dd0299b24c219bb2035595b11a2d95af1747a0b2fa0b3a3ce21f2f2ebe332d2eb4282b2eb6342d2fb4182e2fd6212e30b92e242cf9e2aaa2ffedaeabf803afac0bf6aeac1740b0abea1cb3abf2daa8a9fdf7acad pre_us=0 enc_us=490932 q_us=61 pkt_us=1
[PKT] seq=279 mode=L bytes=132 pkt=0102800015f8265dfdf20a6825f1266918f11f6b1acd176c20ac1a6d36f0386e3dce2f6ff1f9e8b0e629dfa72536bfa5f528cda24738baa1f652b7a0ff35b69f19439a9e0dfe5c44f4e85635d1074a38bb1e543ad512553bc5b8543bd9f8553cc9c24c3b0e08aa9b1b02a1a21f05a2a03613ae9efa359b9cfb029d9cf4fc9d9becec9d9b pre_us=0 enc_us=490933 q_us=60 pkt_us=1
[PKT] seq=280 mode=L bytes=132 pkt=0102800037fe495a31fa356441fa3c644c1237651fcf3d6632c028672ce149683ee7316805fce2b4fb1abaac2332a5abef249aaa4636a1a9fb4195a83312a2a6431f90a70df16740ebea6332c0255233b91b4c34c7145635bbcb5934e2e85336d7de4c340109be9f1909cda70502c6a6171ec0a4f737cca3f625d1a3d4febba1d117bfa4 pre_us=0 enc_us=490936 q_us=58 pkt_us=1
[PKT] seq=281 mode=L bytes=132 pkt=010280004405f85b46fc00665df821665e04156831cff36948aaf06931f0186a44da196b07f7e2b20127d1aa2d34bba90136afa72f3dd2a5fb5eb9a5242ea7a3422c99a311fd4242fdf24b33ea1c4a35c1223d36d61d3637c3d04237e0073e39e8f52e37ff04b19d2105a4a52202b3a3411fb4a2183a9ea02020a1a0e9049e9ee6029ca0 pre_us=0 enc_us=490932 q_us=60 pkt_us=1
[PKT] seq=282 mode=L bytes=132 pkt=01028000e9f14551ed1c4b5bddeb4757c80a515407f644531dd64954fe0852561ef95153f0069ebbf83199b629f39dbae3fda9bb531a9fbc1f49a0bb2a2aa6b9341caebef92c2938d31e1f2bba201f29b7301f28b0321a28a84a1d28f43d202ad34a1e2508eba1a602edabb012fbafb32207b0b53a1eabb4291faeb417d4aeb229f2b6b9 pre_us=0 enc_us=490930 q_us=60 pkt_us=1
[PKT] seq=283 mode=L bytes=132 pkt=01028000dbda5651cff3605ac5de5a56a9d65754eecb5753decd5954da055a55ddf35552e800b2bce720b0b63ee8b2bae6dcb5bc4b0eb5bc054cb6bc2c17b5ba5019b8bef7252d38d32c1d2bbe3c1f29b4382028b2481e28b3441a28c0301f2aba472025f9cb9fa7fae0a7b103e9afb423e2b0b5271eaeb5f0ffacb5f3c2acb218e6b6b9 pre_us=0 enc_us=490931 q_us=59 pkt_us=1
[PKT] seq=284 mode=L bytes=132 pkt=010280000cf73c5af4f61565130f4065ebfd4766f7eb276705b22d682beb496908ba4569e7fbe4b3f233d8ab280ebaaa0617c9a93f2fc9a70349cca7f616a6a55f36a3a60b015741e7f85132d52b4233b71d4b35c53f5835c0e75035d1253a37d4f73f351b09a99e1deca1a62c05aea53b15b4a3053ca8a2f1f69ea21cf49ca01d0aa0a2 pre_us=0 enc_us=490926 q_us=60 pkt_us=1
[PKT] seq=285 mode=L bytes=132 pkt=0102800016ea4a54f503565e15e6505cfcf94d5c09ce4e5c20a1575c23e8595e33b1575df1fb99b8ea3097b21e2197b4ef1d97b43f3b97b4fb5e98b4024298b24a669bb40c19273bed17182dce301c2dba281e2dc6331b2db301112dd219152fad18142b14da9ba317e3a1ad321ea4ae4c1ba6ae1845a1ad121a9aae1af19eab34fea5b0 pre_us=0 enc_us=490929 q_us=58 pkt_us=2
[PKT] seq=286 mode=L bytes=132 pkt=0102800022fb165d1a0305672e0e306840fb376a36e1016c3cb21f6c5de1396d53bb006ef4efd5b0f324d2a82019b7a6041cb8a34b45e5a2fe5deba10222c1a0574bd59f0dfe4d44f4014835e3263a37bf1f3539d517413ac9c54b3ad60a473cd0e23e3a0a0bb59c1bee9da32b16a8a13627a39f154d9c9d0910939d1827989cfa1b8e9c pre_us=0 enc_us=490931 q_us=60 pkt_us=1
[PKT] seq=287 mode=L bytes=132 pkt=0102800027ee2c5632f3396035f43e5e37e4375e3dd22e5f479c3a5f5eed446163b15160fbfaa6b7f52298b0162798b2f31f97b2493793b11a6295b1ff3093af41499ab10d124e3dee163e2fc723382eb11e3c2ec3313d2fc2f13b2fcb1b3031aa16292d09fdbfa216f9bfab2127bbac3328bfac0c4fb7ab0003bdab12f2aca91808aead pre_us=0 enc_us=490930 q_us=60 pkt_us=2
[PKT] seq=288 mode=L bytes=132 pkt=0102800031eb2d563eeb366052d82b5f51eb355f18ab3360ffb1356043f0376227b93f61fded95b7f42092b0043991b1e74090b1065c91b0d8668bb0db438fae145f8eb0100d413df9ff3a2fd1203d2fb720352fb5213e30afd02a30c40e2f31a5fc1f2ef2feb1a2fcf9b8aae727c1abf63dbdabc250bfaadd2ba8aae42ea7a8b631a1ac pre_us=0 enc_us=490935 q_us=58 pkt_us=2
[PKT] seq=289 mode=L bytes=132 pkt=0102800036e5325732f6376149e02f6053ed2e6023b4326134b12e624eea43634fae446200eb95b6ef1e91af1d3490b0f5338faf4a538faff9618baee73c90ac3b618fae0c0d3e3eef02382fc3153c2faf163e30c6253b31bfd32c30d4043232b50e242f03f8ada115f0b4aa0f15bdaa2c1fbfaaf647b8a9f514a4a90c1da7a7f625a4aa pre_us=0 enc_us=490932 q_us=60 pkt_us=1
[PKT] seq=290 mode=L bytes=132 pkt=010280003df047593df9406347e94663530c446419cc3c6512aa486634d748673dc3446703efc7b4f621afac2731acacfe2da0ab0d54a7aa125ab2a9e61d9ca8365696a90f045b40f2fc5231d51a4e32b71b4733c4195434bcc95434d2114835b4fb3b330603c49f1ffabca71f0fc2a74022bea60a31c0a50d1db7a50827b0a20b1fa3a5 pre_us=0 enc_us=490932 q_us=60 pkt_us=2
[PKT] seq=291 mode=L bytes=132 pkt=010280000ce6515808fa356228024561110d45622adb3e632fad596341e13f6538ba5664f8f1cbb5f12bb9ae1d26acaeec1faaad3235aaad0543bdacfb329faa5749a5ac0a05553fec0a5630cf2c4531bf244731ce2e4932c00d4932c7224b34ba043c300d0dbda01ae8b8a92c0ec4a94e17b6a81853b2a70532b7a709ffb4a50bf2b1a8 pre_us=0 enc_us=490932 q_us=58 pkt_us=2
[PKT] seq=292 mode=L bytes=132 pkt=010280001be63b5930fa2e633ae3346334fc486431ba356546af3e664ccb42674eb94567fef0b6b4fc21a0ac0e339cacdc339aab224d97aaf85795aafd3399a81a6095a90f065940fa045631d01c4d32c1284733c7225434c0d34b34cdf34e35beec403309fdc29f20efd1a72308c6a74428c8a60849d3a50c28cba50819c1a302f7b6a5 pre_us=0 enc_us=490934 q_us=60 pkt_us=1
[PKT] seq=293 mode=L bytes=132 pkt=0102800012e33b5610033a6024f5315e28eb2d5e21c3355e20a53c5f3cf448603db4515ff6f498b7f02e92b11b3393b2f0158fb2424a91b10e5e90b1f72295af61399ab1080b373ce818322ebb213a2eb41e332eba35322fb9f4332fd6213231c02a272d09e2a9a219e9b3ab1521bdac312eb7aced34b3ab0800b6ab02e0aba9eeecadad pre_us=0 enc_us=490932 q_us=60 pkt_us=1
[PKT] seq=294 mode=L bytes=132 pkt=0102800030fcfc5c43ffeb675eed1f675b0501691db4f16b30c0e96b4aeb3a6c38c2fd6df9f1e0b1fb20d7a8023ac0a7ed3dafa5e55abea3f15bb3a3d51ba6a1116098a115004943f4de4534ca223c36c4204638b71f4e39b8c14f39e21f513bbbf55c39dd13ba9cea029da4c50fbca2e143bea0ba3fc29fd322b39ee53bb69db010b79e pre_us=0 enc_us=490933 q_us=60 pkt_us=2
[PKT] seq=295 mode=L bytes=132 pkt=01028000e9e23b56faf52861ff24455fd70d3f5f05db30600ea0396111e74f6203a73561effbadb7f32f9bb0401ca0b1e422a1b0552ea2b004559baf0a1ca2ad5226a3aff9fc513dda0f522fc42a412fc020462fcc2b5630cced4c30ef06483200f1512efefac3a20ff6d9aa12f8caab2317d3aa2941ddaa1de8daaa1cc8cda71ab5d8ab pre_us=0 enc_us=490932 q_us=58 pkt_us=2
[PKT] seq=296 mode=L bytes=132 pkt=010280003dfefa6147f1f86c56f0316c54e2186e33a2e07021bddf713cf2ff7139ccdc72f7f1e7a7fc1eea9f0130c3a0f02ab89c1454c89be558b79ad81fba9a1766a39a1f00313efde43130da263e37c6222b37bb073038cbb53938ddf9513dc3d8453de114c796eb12af9ce61aae9ce933b998c03db897d13dc897e433a796b42ea197 pre_us=0 enc_us=490934 q_us=60 pkt_us=1
[PKT] seq=297 mode=L bytes=132 pkt=0102800038f3fd5e2705f569320e336a3bf8fc6c2cefd36d38b9e56e4fea326f3cbc0170f6e9dfafe72ed3a62820b7a40b0db3a13554c69f035dc09f072fa89e6057ae9d10fb4545e6f34336cf204038bc0c3d3bc720303ccdc83d3cd8f6443dc7e7353d060fb19b14f8a2a10b02b09f3221af9cf7459e9be803979b0905979aea068f9a pre_us=0 enc_us=490926 q_us=58 pkt_us=1
[PKT] seq=298 mode=L bytes=132 pkt=01028000f3ed3a57fcdc3061fc1f3b60f30a43610cdc2a610fbc48620df047630db04f63e600b1b6ed2ca1af30179cb00906a2af53169bae004d99aeeb189aac493aa1ae0102553eda0b5130c62a4230b4124830d72c5231d6fa3d31e6244033e8fd3e2f0c07c2a11009cdaa22fcc7aa2f0cd0a9334ad4a8101ec1a820e6b6a6fff7bdaa pre_us=0 enc_us=490929 q_us=61 pkt_us=1
[PKT] seq=299 mode=L bytes=132 pkt=0102800021f1495b17f72066370947662a00446847f434693eaa4f695ad4476a55b33e6bfbf8dcb2ee2fd3aa211ebaa9f308c0a73933cba51741e9a5e81cc5a34c47c0a40ffc6242f3f95d33d5234135c31b4d36c90c5737c8d65037d7e45139bfed4b37080ab59d13f6a7a51302a9a4301baaa2155899a1eb2c98a11a209d9f02309ba0 pre_us=0 enc_us=490934 q_us=60 pkt_us=2
[PKT] seq=300 mode=L bytes=132 pkt=0102800002c1ff5a08eee6652e09036514e7f16708dced681d8bc46838af0e694095b16ace1de2b3e24bd7abfb2ad9aae407dda8e402f8a707511fa6a54ae8a5d96829a524f93e410de438331b133e34200c5b350f017036e0f56a36f8e94f389ecf4d35e124be9ec8c2aba6e9dacfa505bdf1a3f0bbf8a2feefeca210d3b5a0fabab8a2 pre_us=0 enc_us=490929 q_us=58 pkt_us=1
[PKT] seq=301 mode=L bytes=132 pkt=0102800012d24a55fdfe21602137165e1056055ee453225e0cc2f75f3bd239600ea6485fd230e7b7d457cfb1d5289bb2d51c99b2d323c3b2f57ac1b1916df8afcd7a42b22012583c03ff5b2e2007502e19f4612e01de652f07ff6a2eeffc6930affb792ce121afa2d3cfb8abf8cbd8ac01bee1ac0ac2d1ab1cc2c5ac29cfc3a900b2eaae pre_us=0 enc_us=490931 q_us=60 pkt_us=1
[PKT] seq=302 mode=L bytes=132 pkt=010280004cde515245fa385c3228415829313a5725392b5634381157363d4e58fd0a3156f017e1bb093dc4b5ee05d4b8f410c4b9df27c4b9f271b1b9a051cdb7d468c3bb01255739d505532cf3224e2aff2a4529fa17552ad32c582aba3d492ca0105427e83ac0a5c6eebdafc6f3d9b2d203bfb3f42fdeb2185ed5b20640d7b0ab4ff1b6 pre_us=0 enc_us=490931 q_us=60 pkt_us=1
[PKT] seq=303 mode=L bytes=132 pkt=0102800053e03f4f431029582c182a522f1a224f351b154d620bec4e5a231e4f52ff0a4bf601a7be4b2ca2b910e0abbe03f6a1c0f0e09cc1282d99c1af319dbe671a9cc4f7263636db073f29e9053c26050d3225e0f33825b5fb462592103127a3fb40212636b3a9fde2cfb3efebd6b7ef04d2ba171ad7b94d66ccb91e56dcb7cb4defbf pre_us=0 enc_us=490930 q_us=60 pkt_us=2
[PKT] seq=304 mode=L bytes=132 pkt=0102800049d32c4e450b1f50362428572f21265238f3294659eff84b5c2d2b5c4bd7055de9fde0a64028de9811e3be9f00dbda9cecd9fd965920c093ccf0b29d5d1ba5a2f51d1e3fdf041935ff292037f1162739d4fd263dae192137a021373b9eed47382427cda405dcbcac0305cdad0408cdb01a3ad9ad3f69e1aa2c4ecfa8e959e8ac pre_us=0 enc_us=490928 q_us=58 pkt_us=1
[PKT] seq=305 mode=L bytes=132 pkt=010280000ccf5655f3e33b5f23e6445d04fe415de4c5435dd289375e189d465f34984e5ece30e0b8da4ec6b1e617bfb3db13c3b3e01fc9b3e759beb2975ea6b0b378deb324f85b3c0dfc622e15105f2d1611662d151e782ee70c742ef6e652309de1622ce91ebea3dfccd8ace6cce7adfdeaebad00c611ac0326faac1f27cdaa06f3d3af pre_us=0 enc_us=490937 q_us=60 pkt_us=2
[PKT] seq=306 mode=L bytes=132 pkt=0102800030d0575326f0315d2603405afa2f2e590b31345920ab305a2ae9445bc1c24959e024d8b9e84ac4b4ea20c2b6e520b5b7ec3ab8b7f072c2b6a063c1b4c878dbb817324f3aeb18552c0725482b10234a2b09185a2ce453672bce1a592da41c7129e620b8a4baf0c0aed6dec7b0dbf3d0b1ef25e9b00d26f5b00627d7aeb5301db3 pre_us=0 enc_us=490929 q_us=58 pkt_us=1
[PKT] seq=307 mode=L bytes=132 pkt=010280004de640525000345c3c314158240a3d563c0f395632fe065650291858120efa56fa0eb8bb112a9fb511fea9b8fff8a6baff06a0ba394d98b9b62a9eb7155891bbf0334a39c81e3a2bf613332af4fe3529e5e83d2ab0214e29ac284b2b94005d26e71bc3a6b6ecc3afd00dbdb2de17bfb3f456e0b20b77edb3f44de6b0aa5007b7 pre_us=0 enc_us=490929 q_us=60 pkt_us=2
[PKT] seq=308 mode=L bytes=132 pkt=010280004de04f56441622603837265e3d3f325f405a3c5f3d4e4960493e4b6123e84260ef01dfb7123ed2b0060bc1b2fef1d1b1f216e3b1ff6e10b0a14bfbaeff6719b10127533ddefd4b2ffb073f2e0a02482feaf84a2fc2f1552f9d3a53318e19732d0a27b2a2caeba0abc209a7ace024a8abf7499fab166aa4abd22faea8a23ee0ac pre_us=0 enc_us=490932 q_us=58 pkt_us=1
[PKT] seq=309 mode=L bytes=132 pkt=0102800053d45054290f3a5e28353a5c043d295b3654345b42302f5b3a44365d19053b5bef0fd4b9223cbcb3020dbbb5f205abb5f321afb51046cab5a62fb7b31f56cab6f324553bd80c532d0117462ceafa472cdefb4d2dc34d682ca2405c2e970b662a102cbda4eef2c8add90db7afd51dc7aff033caae2868f3afeb3cd5acb43e02b1 pre_us=0 enc_us=490931 q_us=60 pkt_us=1
[PKT] seq=310 mode=L bytes=132 pkt=010280004ed83e524406275b2d273958fe203356401727553d08f5563e223157f8130755f007babb1b339eb609f8afb9f1f7b3baebf5a7ba245694bab243a1b814378fbcf0275039d312452bfa394729ed244929db115129b9275b29a22e3f2b9b0858261227cda6f6efd6b0cffcdeb2e008e4b4f137efb3256bf3b3db26e0b1ae520cb7 pre_us=0 enc_us=490930 q_us=60 pkt_us=2
[PKT] seq=311 mode=L bytes=132 pkt=01028000cf094747e1da4e4e01ce4646f9d33e3e07a53939bf9b3a3adbf23c3ceece3535e90dc3c331f3c1c12fcac8c8ebceccccdecccdcd04e0cdcdc105cbcb6fd8d4d4cb673030c439242400271f1ff1251b1bc01e1b1b8a431b1b984c1d1dad43151515f3afafe7b7bbbbe6bcc1c10eafc6c608a3c6c640e0c7c70b12c4c404e8cece pre_us=0 enc_us=490925 q_us=64 pkt_us=2
[PKT] seq=312 mode=L bytes=132 pkt=0102800014cd0761fcfaeb6c0bf91c6c21e1116e02d20e70fe8fd07327b5e77227919f73d20ae2a6de4ce1a1f712de9ff609f29bde18069bde5f4c9d974bd99ac274469928fe283c0ef01c2621180f2b1e1d1b2b172a422afc062823f7fc0c29a5ff1125e330df96d0c9c398cfb4ce990ee9e39503ef0593f01bf48f201abb931728c48e pre_us=0 enc_us=490929 q_us=61 pkt_us=1
[PKT] seq=313 mode=L bytes=132 pkt=010280003edf515523023b5f1a393a5de73c285c073a355ce60b435d0d293f5ed806465ddc0ed4b8fb34c5b2e012b0b4e216b5b4d81dc3b42568ddb3a257dfb1d176f7b40330503bd02c552e093c442d06324b2ded24452ee84e552dc436632faa34742bf323b8a3c9ffc7acceffc3aee421bbaeea3fb7ad0867baad0553ceabdd680db0 pre_us=0 enc_us=490928 q_us=58 pkt_us=2
[PKT] seq=314 mode=L bytes=132 pkt=01028000cef64450f0ed56590813535526024f5208e74050f5d4505124094c53f5ae494fe1ee9cbd2712a2b80e08aabcc624a8bec73899be3053a4bea616a1bc5e1f95c1db2f2537c021192afc121a27f9131626d4d10b2798cc07269df70d28b3a9ee231d12a0a7f3d1aab2febbb0b528b6aeb73698a4b758a3a4b732c8a3b464d598bb pre_us=0 enc_us=490933 q_us=60 pkt_us=1
[PKT] seq=315 mode=L bytes=132 pkt=0102800032da3d5520f4215f13201a5e001d155d1e371c5e1de5125e2a331360c5eafa5fd414a9b8f03f98b1dc2a98b3e51c97b3ea478ab2246d9bb29d609cb0e0748ab20e334a3ce519472e031f442e000e4c2ef9fa312ee92b532ed3255c3097216c2cf23ac1a3cbfecaace7edc9ad0320d9adf12ab7ac0443d4ac1e10e8aad84017ae pre_us=0 enc_us=490928 q_us=58 pkt_us=2
[PKT] seq=316 mode=L bytes=132 pkt=010280003be0475733f128622851156106600861076d1562fe2a196329363664ae271963e218d7b6f740caaeea2ea8aff517a2aed938c5ad1e6feaada85afeabed7a3bad0a28533ee70e45301112363012fc2b310fec3d3106284b31e0245533ab267830ee1faba1c6efa2a9d3f3aba9fe279da91045a1a820349ba824279fa6ce46e4a9 pre_us=0 enc_us=490932 q_us=60 pkt_us=1
[PKT] seq=317 mode=L bytes=132 pkt=01028000eee9485210f8335c0b123958fe013356e1d1385610f31b5639f42e58ecc5fe56f4f4b5bb270ba2b5efc1a5b8e4ceb5bae5d5b1ba4dcda1b9aee8a5b76a0f91bce92d3f39e119432bf5183a2a01104c29d7f9502aa9394d299d20492ba1d45f262d12b8a614e1cbaf12f6ceb228f4e0b32f1bf1b25a51ecb34647e2b0465f0db7 pre_us=0 enc_us=490928 q_us=58 pkt_us=2
[PKT] seq=318 mode=L bytes=132 pkt=0102800046e74a564e0c026146480b5f35590e604b5320604c302d61451f20623a1d1e61f004d4b60935b9b0f51da4b1eb0ab1b0df1fb7af3a4b09afae42f4adf56637af042b493dcbff3b2fee05352fe2fe3b2fd8f93730c8505930a23856328a22782ef224ada1bcff9faac416a5abe12eb0aadf43a6a90b56b5a9e030b4a7b64ddcab pre_us=0 enc_us=490937 q_us=60 pkt_us=2
[PKT] seq=319 mode=L bytes=132 pkt=0102800039f845552ef13c5f22fd375d36eb245d43c8335d5bc9045d4801345f54f0035e04feb0b83401a1b2ebe1a5b3f8eea1b406bfa3b323f997b3b5f5a0b1682f8eb3f730483cdc1d452efc02492de6fe532dcf04532ea50d542e930e542f94e9672b161abba3eeefc7ac0400d6ad0706e7ad1649eead346cdcad145af2aafe5d13af pre_us=0 enc_us=490927 q_us=58 pkt_us=2
[PKT] seq=320 mode=L bytes=132 pkt=010280002ce541580df22663151a2e62220a2863170b386427a72e6433b94065029b3a65df22deb5f242e0add729daaee123e3add940f5accc6f04ab9f6ef2a9cb7d1bab18215a3ff1125c310f2c5f31071a5e32092b6a33e4377032cdeb62348f207931de0fa5a0c6dfada8e2d4c5a8f0eeb1a719fdbfa60730b9a61b0faea4bc12e2a7 pre_us=0 enc_us=490931 q_us=60 pkt_us=1
[PKT] seq=321 mode=L bytes=132 pkt=0102800047eb50583df842622c1548610e094b62350a5a623b0c3663580851640d065664f9fed0b51e26bbaeff0ac2aff2edbcaee50dccad1f4fc6adb048c7ab316ad8acfe1a573ef7165830fa065430e6ff5131d8fc5532ba196c32a61961338af67730071fb5a0f5f4c9a9de08c0a9f239bda8fe50bba7166fe2a70954cea5af5b21a8 pre_us=0 enc_us=490929 q_us=58 pkt_us=2
[PKT] seq=322 mode=L bytes=132 pkt=010280003be645563a0e2960220e245f2109255f47f51c5f26d9fe6039f123610af20a60f7fcb5b71c279db0fdf498b2f7ffa0b1e5f498b13f5190b0a94a98ae1c458db1fd284f3de310522ffa124f2ee60e562fdf13552fba29552f9b0d57318eed692d0819c2a2e4f8dfabd511e2ace20ae6abf955eaabe86fdcabd655e7a8a76810ac pre_us=0 enc_us=490932 q_us=60 pkt_us=2
[PKT] seq=323 mode=L bytes=132 pkt=0102800023d419591ee41c6032e529671aec0968ffca1f631c8a14651caf23671192cd66ca15eb9cdb3f0a90f6fff895ec0bf890e124118aee634a88994edd89ca743f8631012c3d14fa312c23123a331f1f2e3322222b2df2021f1efecef42ca3ebbe15e120d999d9e0c79bdeb6db9bf8d1e8980a06f294f825f48d1c05b991ee1cb78b pre_us=0 enc_us=490929 q_us=60 pkt_us=2
[PKT] seq=324 mode=L bytes=132 pkt=01028000c9e8534ecae95e57c8135852ac1d564ea407594b99095d4cdcd45d4eb4975c4adce6b3be2801b5ba0be1b9bed8fcbdc1ce21c1c2024cc3c2f102c1bf6d1ccac5d7282a36c5151828f4141826eb091424d60d0f249f0d0d24abff1026a9ea0a2006fba1a9e4d4a8b4d7e1aeb8ded9acba0fefa7ba4605a5ba13eba7b83de0a5c0 pre_us=0 enc_us=490936 q_us=58 pkt_us=1
[PKT] seq=325 mode=L bytes=132 pkt=01028000c8004851c8fe4c5ad6194a57c1104854af2c4053adf24e54c8fd4f56a09c4b53f1e2a3bc160098b6f7f89dbac6299fbcbb3b96bc1e27a0bcf82a9db9620b93bedf2b2d38cd121d2becfb1c29da111728c4e80b288fd20828a4200f2a98c6ef2502fea4a6d2c4a9b1e3c1aeb4f5d1a9b5f8afa0b43ccfa0b52004a1b23d3797b9 pre_us=0 enc_us=490933 q_us=60 pkt_us=1
[PKT] seq=326 mode=L bytes=132 pkt=0102800025e2435020ec2a5a1e0534562d00155336cf105242dff95353eb0d5456c3035100f1acbc33fe9ab7f3c89cbb04cd97bdfbd495bd20fa92bd192394bb70028bbfea333e38e6083c2af50f2f28faf43627d6e73928a1fe3e27952e352998ce34242127b6a7faf1c4b1f10ec1b403e1ccb60e23d1b5435dc0b60046b8b3df65c6ba pre_us=0 enc_us=490929 q_us=58 pkt_us=1
[PKT] seq=327 mode=L bytes=132 pkt=01028000cdf33f50c3fd445ac50d3b56c20e3953bada1f529be91b53c1fc28559b9d2f52dfeda3bc270a9cb7ffd5a1baf8fd9dbccaf297bddc3595bcdd0d94ba6f0492bfde253538cd182c2af3102c28eafc2727c8e12c2891d62e27a1f0222995cc13240f03aea7e8c6b6b1e1c4b9b4e1d2bdb607ccbdb54901bab51a16a9b32c36b6ba pre_us=0 enc_us=490931 q_us=60 pkt_us=1
[PKT] seq=328 mode=L bytes=132 pkt=01028000b7fa4e4cb7d95854bf21514eb5084c499ae44f4685ef584790ee4f48888b5044d9f0bac01b02b3bcf8e9bac1d71abec5b93bc2c59f68c8c6c325c0c45141c9cadb2f2d34d21d1d2703161d2314191821063412219e040c21bd151623e3100d1d16f5a6abdec2b0b6d5c3b7bb07d7b7be240dadbe27bbadbe25b2b6bc3bbbb2c4 pre_us=0 enc_us=490936 q_us=59 pkt_us=1
[PKT] seq=329 mode=L bytes=132 pkt=0102800013c8085b09e0eb6514fc366513db2667f7bde868e287bf692fa1f86a0792a96acf1dd6b3e448dfaae216d6aae50edda8cb31f2a6de6b0aa6b85ddaa4b3732ea5260938410df940332233413417224835061c5f36cce65336fcd63638a0035336d41ec19ed5d5aea5e1c4c1a4f7c7c9a308d0f3a2daefc9a114fb9ba0e9f3c8a1 pre_us=0 enc_us=490930 q_us=60 pkt_us=1
[PKT] seq=330 mode=L bytes=132 pkt=01028000b0e54a4ac1e25252c21d4b4ab8de45449fe741408cc84441a41147438d8c3f3de7ddbfc23bf0bcbeebedc1c4ebe7c5c8dc04c5c9d533c5c9d4f0c3c74505cccecd293032d6272325ed0d1e21ef081c1fed0b1b1e96f1171ea4341820b0f3141911d3abadceacb7b8e3acbcbeebadc0c2ff9abfc23d9abcc22ccbbcc03899c4c9 pre_us=0 enc_us=490931 q_us=61 pkt_us=1
[PKT] seq=331 mode=L bytes=132 pkt=0102800044e9425140de3c5b34ec4b573ac23a553fb2355454cb38555900445646df295403e7a4bb2e1197b6f4be9fb902cf9ebbf1bc9abb5b0596bbd20499b95f1390bdfc2e3738dff02b2bf5132129eb002c28c9f52e299f0718299e1b1a2a97db19251e2fafa6fdf7b0b0f500b2b30302c1b42645c1b41e67a4b4164fa9b2e966b5b8 pre_us=0 enc_us=490931 q_us=60 pkt_us=1
[PKT] seq=332 mode=L bytes=132 pkt=0102800024ea3a5217e1345c25d9365839b72a573e941b56598f1d5756ed145844b21856ecf09fbb1a1495b500c39eb8ddec99b9cfdc93b9244c91b9e9fa93b75c008abbf1303a39ce0c362cf914352ae3fc3029aaca362a8dbe332aa5063a2ca2c33d273624b2a501e1c1afe8c9bbb209bcc1b309d0c4b21340bfb2f225b6b0ee4fe3b6 pre_us=0 enc_us=490929 q_us=58 pkt_us=1
[PKT] seq=333 mode=L bytes=132 pkt=0102800047e8525651f4386034372f5e161d335e3f144b5f3efa1a5f4400246105ea4360f0fed6b7091dc2b0eef1a7b202f5bab2eb00ecb11e59d9b1b735afaf054ebbb1022f513dce13592ff71a462ef129582ed3fe602fa6fb612fa4245b318bf4692df721b4a2cc09c8abc810c0ace01fd6acf456d7abf674b9abd24fcea99f6c11ad pre_us=0 enc_us=490932 q_us=61 pkt_us=1
[PKT] seq=334 mode=L bytes=132 pkt=0102800018d02b5d16eff068220a1c68fb04ff6af7cff76c0691c87020ae136ef890a76ed721e2aedb47e9a3d420d1a3d120dba1bf32e99fdf6e09a49161c8a1ae7b359e1d0c343d1403222a210f1a2d23191b2c1b2c382800ee192008e3212dbffe3d26d524be9bc9d3c29fe5cbc99ff7cedd9b04da21980804f3932207c79be5d50795 pre_us=0 enc_us=490928 q_us=58 pkt_us=2
[PKT] seq=335 mode=L bytes=132 pkt=0102800037e050552c0635600f254e5ef615525efa15555efcd8365f20144d60c9e9265fdf09c9b70434b0b1f90abdb2dd05b6b2d919c4b1216db9b1a139bbafc775b5b10f32523cdc124e2e0618422e0c203e2ef1104b2fe826522fc81b4c31a918712df428bea2ba00b7abe604bdac0731b8acf865c5ab1d76b6ab055fc7a9d76714ad pre_us=0 enc_us=490931 q_us=60 pkt_us=1
[PKT] seq=336 mode=L bytes=132 pkt=0102800044d8465336051d5d1f2e3d5a26152b5925fa35581df0065922242a5a0ae90758dd0aadba17349db4fb029cb7fc009eb8edf39fb8504296b7a32098b5ec5792b90230413ac90f492cf12a342be218402abd05412bbc43432ba929352d90f75128f82dbaa5b9ddcfaed307c4b0ec19d4b1e351d5b0ff71c4b1f251b6aed775f5b4 pre_us=0 enc_us=490932 q_us=60 pkt_us=1
[PKT] seq=337 mode=L bytes=132 pkt=0102800044d5445448ff2c5e1e2c385c20f02b5b3d0b435b54d1f75c3a0e315df9d6065ce409b5b90c2d9db3f1019fb5faeba8b5f008a1b52a4f94b5984d9eb202628fb605324d3bc812482dfb263d2ced0d522cd715422dbf305e2d9e1a4e2e91f9642aef26c1a4bbf1cbadd2f9ccaee32ce3afee56dbae146befaeed35e2ace57313b1 pre_us=0 enc_us=490932 q_us=60 pkt_us=1
[PKT] seq=338 mode=L bytes=132 pkt=0102800046e33a5241f12e5c0c1c335812f52d5723cd2b5628df255728253a58efdb1356ec07a1bb142593b5f2f097b8f0dd98b9eaca95ba290a92b9a01697b7f03c8abbf0313f39cd0f332bfc232a2aed162c29c70e322aad2c252aaa24292b8aea3526012db4a6d2fbb5afe715bbb2ea24b6b3ee57c3b20273a8b3fa60b1b0af71c6b6 pre_us=0 enc_us=490929 q_us=58 pkt_us=2
[PKT] seq=339 mode=L bytes=132 pkt=010280004fe1425145f4325b25f73c5841d238563ab7195551ea1e554506225718e21155fbf9a1bb2a1b96b614d59fb913c69cba22bf94bb59178fbab0f296b8532a8dbcf9323439de09362b051a3129d9fd2c29c0ff3529ab0a26299717372b8cdd33261222aca60af4c1b0f5fabcb3eb0dbeb40844c2b32b68aeb30d4fbab1e26ac7b7 pre_us=0 enc_us=490934 q_us=60 pkt_us=2
[PKT] seq=340 mode=L bytes=132 pkt=010280003ad64f581df40663111f1c620a200263d52cfa640cdbdf655de6476627ba0b66db16dcb5ef44d3addd2cc5adec3dbaaccb3fcfabe976f0ab9e52f1a9bf7715aa17204e3fec044331182b3c3119394c32f7323733e1195133e00751359b227532e628b6a0c0e8a2a8dbe3aba8f3f1baa7ff20a5a6f64ca5a62112a2a3c025e5a6 pre_us=0 enc_us=490932 q_us=60 pkt_us=1
[PKT] seq=341 mode=L bytes=132 pkt=0102800043e1555644f841611e21505f09f1525f2801496041f04461402a516232e64861e903d1b7012cc3b0eef6c4b1f0f0d6b0eef0b8b01860caaf993cbead0767c7af0a27533dcd01542ff520522fe90a5c2fe5184e30c30e6230a10555328f05692efc2fbaa2c105b8aae207cfabe947c8aaf25db3aa0678d3aaea5bc7a7a26b00ab pre_us=0 enc_us=490929 q_us=58 pkt_us=2
[PKT] seq=342 mode=L bytes=132 pkt=0102800049e04b5130fd455b1ef4485827f5475624d93d5540df395640224b57fbe03d5501f6a1bb1b1f96b6fcde99b9f0d69cbafedf97ba482493ba9e1f99b8254090bcf4382a39d018202bfcfe1a29e1181c29cb031b29b11a13299c2a172b8be504260c1aa1a6dee9aab0f411aab2ff1db0b40a47acb33a73a4b30759a4b1b972a2b7 pre_us=0 enc_us=490928 q_us=60 pkt_us=2
[PKT] seq=343 mode=L bytes=132 pkt=010280004ce94b5042f85759111a535519194d5134f64f5049e858514d294e532803494f01f3a0bd2822a2b807eca8bcecefa6bee5d89fbe6839a4bea112a0bc444693c1f8302737db0c152af30c1327e10d1126cffa0627b018fb269c240f288ae8f12314239fa7f6e6a5b2f70cabb5101caab7204e9fb7366b98b70547a8b5d0699bbc pre_us=0 enc_us=490933 q_us=58 pkt_us=1
[PKT] seq=344 mode=L bytes=132 pkt=0102800045de545737093e61fd3a3760fb3544602d4c46613708366144315463c2fc4762e411d5b6f83fbbafec21b8b0d924c9b0d841afaf0272cfae9b3ecbacf775d5ae082c553ee105522f0923502ffc125c30ee114e31c9256430da3a5d32a025742fee25b8a1c0eebbaaf914bbaa0121dbaa0843c1a9ed5ddea93050d9a7d14e1caa pre_us=0 enc_us=490933 q_us=60 pkt_us=2
[PKT] seq=345 mode=L bytes=132 pkt=010280001bd1fe5f0af7f66a1315066afe0fed6c1ceae56ef597da702fa6026f1c94c670cc1ae1a9d747e5a2d826bda2d31dbb9ed931c69dc46d1b9d9f4ab69bcf78fa9a2bf52c3c13e0322c3007453018f036301cee382ff2cf222805bb2b3099bb162ee626cf98cfbeb79eefcadb9debd1ee9a09d8fb98e8fcf0932519bb98f0139f96 pre_us=0 enc_us=490931 q_us=60 pkt_us=1
[PKT] seq=346 mode=L bytes=132 pkt=0102800008c0075d13e8f768230d1b6713e8056903adfa6bcf88eb7041a1156e408ca56fd5f4ebabcc46e3a4c72ad0a4d814eca2c114fb9fd76036a19f1fd89ec16f449d2ce3303b21c42d2a32f9333022053b3108013c2aeed6262201b61f2c96ba0c24f201d899f8a8b09fd3abbfa0e8cdf79f0ee41797db0ae69425ffa799ed16b294 pre_us=0 enc_us=490932 q_us=58 pkt_us=1
[PKT] seq=347 mode=L bytes=132 pkt=010280001abfff5e05f001692a03166936d9156b2bdbe76d1b91d87043ad2a70f792a86fd01decadce49f5a1e90ee9a3f40ff69fd31cf99eea5c36a09d39ef9ed673499b23003a3d12e62c2a2a242f2e1f293c2c0e19552c091c3822f2f1432b96053126f22bd599d5c1b69ed1b9d79ed4bce79a09cd229817fe17922efdc297ea06e593 pre_us=0 enc_us=490931 q_us=60 pkt_us=2
[PKT] seq=348 mode=L bytes=132 pkt=010280000cc4005d14ebe56824ff32682ee5126924b3f56b1c8a0e6d2cb0206e31939e6fca1cd1abb73feba2c40ad9a5dbf4f7a1d7060da0f35158a29636daa1cd722f9f2cda1d3b15cb23282bf9102d15f8032b04f72a2ee9db0c25f7ac092a8fb5de20f6edca99d5b1bd9fe2b8a59ff7cfa89b01dfad9cee1fb09526f19d99e61f9d93 pre_us=0 enc_us=490928 q_us=60 pkt_us=1
[PKT] seq=349 mode=L bytes=132 pkt=0102800026c4fb5826e9fe5f2606226101ea315ed0b30e5fee891465419c0567338ab96ad60ede9ed3450090db06f292cf06f78ccc08178afa523d88963beb8cb66a568a2fe5263c13ce1e292f031f301310242ffcff3b2be5d00d1ef8b6012e9fc3fe1ef209d899daa7bc9cdeb0dc9bf1cb0298f0d82494ddf2e48f1acfc094e7c70b8e pre_us=0 enc_us=490930 q_us=58 pkt_us=2
[PKT] seq=350 mode=L bytes=132 pkt=0102800037f0fa4c2e03f449331d1e6329f5216727d610660af1ff5b3312216c12cfe974ed05ffa0e9461192e728f993db2e0392d34b0b9600782b91a345f68fbc720395350801571ee52c5823195149300b474d0fe3475fe0eb45641b265e50d10f754bc312ebabcaf7f0bfb4e4e3a4d3efd69de9f41bb5b6bcefb614d4cb98efbee398 pre_us=0 enc_us=490930 q_us=60 pkt_us=1
[PKT] seq=351 mode=L bytes=132 pkt=010280004009e35b590eff604b2f23635012216a571cf86a4021d2683f3c3e700a140771f10af8970739088f091edd91f92edf94e348cf90296e088caf24d996e369d6961c091b38ffe6312c0afd4236faf7453bf2ea303ad0ff3836071a5f40ae0c703fe007c995df0fdb9bd0eecf9adef0d7990228fa97cef8d6951e0eb997cf14cc96 pre_us=0 enc_us=490927 q_us=58 pkt_us=1
[PKT] seq=352 mode=L bytes=132 pkt=010280001cf0db5f17f2eb6a2c24076a2efb196c32e3f26e0de5cf6e170f346e07d9f06fec10efa8e24ae6a2e33fe6a3df36dda1d25fe09fdd77f89fa84bd59ec370d49d260c283e16ed4531100564361e0d533a14e56138d70c6c3a1021673cc5ff743bcc0bbc97da06ce9fb2e3d49fddebc89d0a1dd49bbbeae89b2de4c59af1bedd9a pre_us=0 enc_us=490931 q_us=60 pkt_us=2
[PKT] seq=353 mode=L bytes=132 pkt=0102800047fdf45d490def685013fb693b101c6b4fe4f66c3d13da6d2f41236deb1afd6ef707efb0fd36d8a70928c8a6fd12c8a3eb49d0a10c6dcba1b12ec19fec52ab9f1d014b44f3e55135f4ef5237faf54e39e7d7503abed5593af1015d3cccea603be410b19be716b5a2c5fdcaa0d81ba99ef852b89dd05db89dfe3aad9bc33ec39c pre_us=0 enc_us=490932 q_us=60 pkt_us=1
[PKT] seq=354 mode=L bytes=132 pkt=01028000e202075bf1d41465fcce2966f8f92c67eeab1d68da9f1f6914de376a02a74d6ae80ae7b2071fd1aa24fdbfa9f9fcc5a7ea18bba65f2fc6a6bad79fa449faa3a4f4fb5442d2035033e9f04534e7014b36abed4a36acce5536bafa4338c9e43e360302a99e07f2aea5f4c9b1a4fbd3a9a21209a7a10910a6a122c4a09f14f9aaa1 pre_us=0 enc_us=490929 q_us=61 pkt_us=1
[PKT] seq=355 mode=L bytes=132 pkt=0102800042fe245943f11a644f23016430153b6558fc22662af81166201f38681d151368faf8fbb40425e4ac0c25b9acef05bbaae233c0a92b3dbca9ca00c2a70d39a7a811fc6140f3e65c32f8005732f60c4934d2d06234bcde5e34dc015236b4f15f34fe1ba99fe830a5a7c417b5a6e146b1a5f364c0a4ca5aada4fc53a7a2ad50bfa4 pre_us=0 enc_us=490934 q_us=58 pkt_us=2
[PKT] seq=356 mode=L bytes=132 pkt=010280004504e8615109fa6b4c20fe6c3d05176d4d03ef6f441cd17048492a701b17fd70f707f7a50137e6a1122ec3a1ff2fe59fcb42dc9d2566d09bbc30c39cf054bd9c1b072b3de6e54930f1f6503400f95639e9e55337bbec5936de16603db1fe6b3cd70ec096e30fc99eb0ebcc9ccbf9ae9b0343c798d13cc497091baf99c108c999 pre_us=0 enc_us=490933 q_us=60 pkt_us=2
[PKT] seq=357 mode=L bytes=132 pkt=0102800007f8235c13d30d6609de10672ade236929ab356a17a93f6a3fd7486b56b9346cfffaeeb1f911d4a92511bea801eecaa5ec14dba43923e8a4bbebaba24cf99ea2fff95e43e5f35034f6de4835f5084937bbe74538b0c04c38bfe64c3ac8d64a38020cb09d0b0a9da406cfa3a2200d9ba032349c9f1035939f09059c9de71fa39f pre_us=0 enc_us=490929 q_us=58 pkt_us=2
[PKT] seq=358 mode=L bytes=132 pkt=010280003ef2053b3fe5f94b3a0e0a5a30f5036836bc066643a8e86138e5156fe8bbd373ec020092ef3a1b8cf11d1f8eed23118ed33e228cec64378ab912018deb570f8d30140a5416fd3449120f2a4a1e1c1f4617fd504cdf17454e133a4e4ae1135345c718f5a6dd04f0a9b3f3b0a0db0dcc99f43ff99ad61be89c27fdbd95cfd3ac92 pre_us=0 enc_us=490929 q_us=60 pkt_us=1
[PKT] seq=359 mode=L bytes=132 pkt=010280004c07fd464c160a533038025856181a61622fff674b31e5553e4e226f082de572f8fcf998fa3f0a8d0b3a068cf216f18df83ef78e136c0d88bd2eed8ef951e88d1d08ff55f6f130450f092d4a09022f52e6eb3c57bbf7325ce5215250c4146c4cf310e7a4e910dba6c5d9d9a2e5f2dda0f62dffa5c41dfea5f10ed096b6f6ce93 pre_us=0 enc_us=490931 q_us=60 pkt_us=2
[PKT] seq=360 mode=L bytes=132 pkt=01028000480bf759520303634720086b50151d6c5703066a421bfb6d4d2449712cfd0672fbf9fd950f2efe912126da970206d394f023dc8d4a49d48dd9e6ae930a1eb7910f011e38f7e5252c0ffd4b34fcfe3138e1e61a33d2df272de7273939b6034e350315c6950420c89aec04d59aea26c9971d58fb94e549ec920d53cd94b53bf593 pre_us=0 enc_us=490926 q_us=58 pkt_us=1
[PKT] seq=361 mode=L bytes=132 pkt=010280004c12ee5a471506623e221d664a221b664c24176a422bee6b315829713127f773f9faf9950a37fc901830d291fd18e08dd845e48c305ce48cb512c9941147ad9514031e39f3e32c2e04ee423611fa2136d9dd2c34c6f03633e8235b3dd00f643d081ed295f318d19af2e3d99b0011e196244afc94ec43ed93f40cb494bc13da94 pre_us=0 enc_us=490936 q_us=60 pkt_us=1
[PKT] seq=362 mode=L bytes=132 pkt=010280002df2f55434f6f1483b10245d44ef19692cb6ff6c1dc8f44b25f52e6efcbbfc6de202fda3fc3c0f92ef18f596e119fb94dc4c0394e6762c8ea63df28eb6721c8c3209075c1eef275f23194f5b270c315520e1345feced2c6e14255454de097259c20ceeabd2f9f4cac3f3f4afccfbcd9c0b1e1db3c9c3f8bc0ed1d99709b2ea9c pre_us=0 enc_us=490925 q_us=58 pkt_us=1
[PKT] seq=363 mode=L bytes=132 pkt=0102800042ff3c5c44ef2866240423671e173b693ad1316a21ef336b1b1b426c14e42d6c08fa01b1050cd9a92b12c0a8f711dba5ea1dbda43337c4a3b1ecc6a2082397a207fd6843f3f95e3400fa5536ecf85d37c0e45638c3e25538c306533aa2e8463803099f9d0c25a6a4eb01a0a2f935a8a01362a29fec5e999f0247a19dcf639b9e pre_us=0 enc_us=490932 q_us=60 pkt_us=1
[PKT] seq=364 mode=L bytes=132 pkt=010280003e02345944fb1c6432053a6421153e6545e73a663ef72b664916506739f23567080300b40d1cd0ac1bf6c3ac06f3c3aaf913cfa9611ea8a9cfd9aea74f1094a809f46a40edee5b32f4064b32e5054f33c60f5034c1fd4334b51047369cef46330a0da89f1c18aca7f513aca60b2ca7a52d5fa9a4f2529aa41c3fb1a2f25cbba4 pre_us=0 enc_us=490929 q_us=58 pkt_us=2
[PKT] seq=365 mode=L bytes=132 pkt=0102800001fe415903d2406312d84a632cd14b642b9842650aac4a6532cf526739a23c67f206d8b4fd0db8ad2100b6ade8dcababfe00a2aa4d10a2aab0da9fa847ff96a9fdf36640e3015831f2ef4f32ed074733bbe94e34c2d24133c8e54135a4d040320a00bd9f1304c9a706f6c0a72a0ab3a63c47b8a51531a7a53713aca33539aaa5 pre_us=0 enc_us=490929 q_us=60 pkt_us=1
[PKT] seq=366 mode=L bytes=132 pkt=010280001bfe07460bef0e4521f619612c1e0b6ee2c905670f9e045b13d7326a1693f672d60efca2c1321399ce2c1091d7080e91c9363990dd5f608aa625338ba8601d903e07055d2bf5365f2c052b4a25f43c4615ee4a52f2e00e5715fd404fdec84050bcf9f3aee101e5b7dbd4a3a1dfe4a598fd26e59fe4fa9d9f1e058e971dfa8996 pre_us=0 enc_us=490931 q_us=60 pkt_us=1
[PKT] seq=367 mode=L bytes=132 pkt=0102800029f5fe4e2eda095032e833612de51468379e08681fa6145d36d1326cf9980071e904fa9ee7320f95d72d0a94da320d99c54b249b076b349a9d390f9ab87030a332141f522efe4252211a54492c1a4f4e16f66658f00764621b2e6654d3fd715cbf15efa8c10cf5b7a7ddcaa4caf6d1a1f83001b1cce2d1b10ed7cda0eec4bbb0 pre_us=0 enc_us=490927 q_us=58 pkt_us=1
[PKT] seq=368 mode=L bytes=132 pkt=0102800028f0ea5d44ddf66a3ddf146d14da236f4a9e05713ba601711ccf3872ed930673ec08fb9ae5300198ec2d009be81ef099c74ffe9608670296ba3efb99c971009826172c381a05482e020b5035161b5b39f7fe6b36e30d68390629713fb80f763fce0ece94d10ed99abef3c399e018da97ec42fb94c608cc950cfcc396cd01c495 pre_us=0 enc_us=490937 q_us=60 pkt_us=1
[PKT] seq=369 mode=L bytes=132 pkt=01028000d8cf4f4fe4a85858ebab5454eeb55050e7904f4fcb8b505001a35151c0864e4efbe4bdbd00e1b8b813d2bcbcf2f1bfbf0bdbbfbf62edbfbfaeccbdbd56dac2c2ea2c3737cd282929d01d2727d02d2626a8332626a3122626af21282894222222fcc5a8a80bafb2b2eba4b6b6febab8b81ec1b8b81faab8b82bb9b5b522babdbd pre_us=0 enc_us=490931 q_us=59 pkt_us=1
[PKT] seq=370 mode=L bytes=132 pkt=010280003d02ef605e17006b5d32f76c4c20116e5d15f470562bed714b4926711305f371f909efa8ff33e99f0d34c69e0630b09cff48bc9b2c6cb59bb040ae9ae96aa798160b2b3df1ed2729f1fe352df6023130d0f9112cbafb2d29d61b303397162d2cde04bb97d51cd89ac707d59ac8fdd998e840ff94ae2ee6941137d396c44ae593 pre_us=0 enc_us=490930 q_us=60 pkt_us=1
[PKT] seq=371 mode=L bytes=132 pkt=010280002d0fd9612f0be96b2606dc6d3607e56f47e8e171400ade714f1d067238ffe673fbfde4ac1019d5a31c0fb9a00514be9dfc2eb49b594cc49bd018b7994648a6980fff3147eef04238effb3e3cf303493fc8de3a3fc2de4540ccf14541afdd46410304a5990a21aa9ff50eaf9cfe16a7991b54a298fe639b9726499d96f154a695 pre_us=0 enc_us=490937 q_us=58 pkt_us=2
[PKT] seq=372 mode=L bytes=132 pkt=010280001e586508205968140b636925075d6324125f621a1d605b0d166a55430a73040ce3b4c300f1b4d02fe5abd723eda1c61beea5ca4be6a31368e8919f33db89fe6344391c0c4d2adaed5537e507451cda1b5239c3dd542cadf76751bbf96b509009ada6c80bababca1fa0a5bff8acb6cd1ba0abe75aa5aaba519196cf418f96b04e pre_us=0 enc_us=490932 q_us=60 pkt_us=2
[PKT] seq=373 mode=L bytes=132 pkt=0102800048f7f6565a0b0d5c522e13665619226a64f7146d53121161523b336e17ff1b6ff7fafa97063f018f0438d1980434dc9afb45d6973668ff8cb434ba9af363b7991f022738f5ea242cf9035138f9fa5239dbe23234b4fd4132e72d533fa30e6b3ce70dc397dd12d19ebfdbc09eccf4cd9bf341e898b22de496fd1bbf98c42ad799 pre_us=0 enc_us=490931 q_us=60 pkt_us=1
[PKT] seq=374 mode=L bytes=132 pkt=01028000d1082956aff13260c60a3e5eaefb4a5e9eed385f8fdc1d5fa0083e6196cd4860d714a6b7ef33a0b0ed2d9eb2cd1fb3b1b84ba4b10f6798b1a8409baffc62b1b1f703533de927522ff7243f2ef73d482ed53d532fde28522f082d4131e749532d04fcc4a2f904e0abdbb7c4ac03dacbac2919e5abee11ddab15bfb9a9e5cde3ad pre_us=0 enc_us=490927 q_us=59 pkt_us=1
[PKT] seq=375 mode=L bytes=132 pkt=01028000dde13e50de083859f5283a55e20d3c52d1064550e70d4551f8135353fae44c50e2069dbc102899b7fd159ebbefe2a8be1303a7be3b2ca3bed804abbc4110afc1e7242c37c62d2f2ada3e2928cb472b26a3402227a34d1a27b02f1d29a4691c23f80aa7a7e810bab2ccf6bab5cb11bbb7e443bab6b147aeb7c209afb4aa22b9bb pre_us=0 enc_us=490932 q_us=60 pkt_us=2
[PKT] seq=376 mode=L bytes=132 pkt=01028000c7fd4951ba0d545bb8f84c57a313455597dc4454a2ee45549f1d4f5697d14d53d81297bb072e9cb6cf27a0b9c9279fbbb4479dbb0b6996bba731a0b91153a7bdeb0e1d38ec38182be03c1d29003b1f28ce581d29c0340b28ec48192ad8621b25f5f999a6eb07a8b0c6ceadb3fcfeafb5fd0eadb4bb3b9fb40cf1aab2cffeb4b8 pre_us=0 enc_us=490937 q_us=59 pkt_us=1
[PKT] seq=377 mode=L bytes=132 pkt=010280004008dc633b1ef86d4a2ef26d5634156f482b0f71502ed87155440f72583dfd72fff8f2a31036ed9e2025d29f0c18c29c0f35de9b5b66f29ae126d59a3956c7991603223df3e9463015f65137f9ff4e3ac6dd643cbdd25d3cf0f5593fc4f17240030aba940c11b79bffe2bc9b1309cd98223ec697ee42da96131bab96072bd596 pre_us=0 enc_us=490932 q_us=60 pkt_us=1
[PKT] seq=378 mode=L bytes=132 pkt=01028000db003b5addf92664e7002d64da054965d8b44366d4c94367e71b4c68cae74b68f0fee9b4031cc9ac19eeababfeeac8aafbf7e4a96816e3a8b7e7b3a639eaa7a7f0fd6240cdf74f32dffd3833e7044234b70c4e35b0ea4f34c40d4336a6f63134010aa39ff501a1a7f1fba0a6f916a4a4162599a3184492a318f398a1232998a3 pre_us=0 enc_us=490930 q_us=61 pkt_us=1
[PKT] seq=379 mode=L bytes=132 pkt=0102800014ef2a5c1ee5056723fe376716021f693cc61c6a28ee006b4b16266c4bf3386cf1f8efb1fe1bd9a90de7c3a7e602a5a5f31bb0a45d33bfa3c6eab9a12b1b99a10b005e43e4e94a34060c453608f54838d5f04d38bddd5338c2f3543aaef64939160ea89c161b9ea4061faba22530b5a0335bab9f1c5ea29f103da19d1251b89e pre_us=0 enc_us=490930 q_us=58 pkt_us=1
[PKT] seq=380 mode=L bytes=132 pkt=01028000f2f1005dffe5e66709ed1e68fd060a6a14bdf36bf7cafd6c07fb366d0cde246ef2f1e0b0f519d1a815eeaca60503a5a4ec18b1a23a38b7a2c3eca5a03f0894a0ff054f44d7ea363502fb2b37fded2739c8e22d39b9d92939da01483bc7e5163a0516ba9c0b04a0a30afe9aa1280fa69f4c369b9e3a52929e300d999c3f35969d pre_us=0 enc_us=490929 q_us=60 pkt_us=2
[PKT] seq=381 mode=L bytes=132 pkt=01028000c8f74951ae09545bb5004e57ba29465591df425490f944559e3c4c5791cf4a54e50199bbf12e9bb6fd25a0b9d9359ebbcc4c9bbbf86c96bba8349eb9d74ca5bdf1122038e230172bf71e2029e22c2028c8411c29de011029e5071b2bc9261b25fcf09ba6fff8a5b0eda9afb304c8b1b4320cabb40bbaa3b4faa8a9b1ef9ab2b8 pre_us=0 enc_us=490932 q_us=58 pkt_us=2
[PKT] seq=382 mode=L bytes=132 pkt=0102800046e6fc5a5503f8654d1514654f162d6761e7e86848f5e0683a232369d804fe6af2fbe5b3f83addab042eb1aaf419a1a8dc43b3a70d65b9a6c217a5a5de6596a519064841efde4133fe0248340bf83c35e9df3836d1eb433602184838c0075036e11ab99ee31aa6a6bbf6b4a4e42ec5a30a5fc0a2dc62ada2214aafa0d742c0a1 pre_us=0 enc_us=490931 q_us=60 pkt_us=1
[PKT] seq=383 mode=L bytes=132 pkt=01028000daef4953cfdb545dcef3515ad5f34b58ccaf4c58abd65259b72d535ab3b15258e1fe97ba012899b4281a9db7e3199bb8e3349bb81f579db7bd18a0b54630a4b9f017223aca18192ce0031e2bd8211d2aa4171c2ba6fa152bba0e212dac041e2805e99aa5f9cea4aee5b0abb1f6c4aab127dca7b10fb2a6b1e69ca9af059cafb4 pre_us=0 enc_us=490934 q_us=58 pkt_us=2
[PKT] seq=384 mode=L bytes=132 pkt=0102800030f3ff4425edfc482ee41b5b2be0266519b41c5b22a510472a0c246ef5a31b72e9040590e6431c8bec23098ee31c0590da3c1e89fb703f87a328ff8fcd611e923009054818eb2e491a094c452b094c4723ec4c49f8fe43570721564ad5117346c81ae19ddc04eab3d0d3d49ff3f1bc9c0b150c9df4e2d5a916dfba97facead94 pre_us=0 enc_us=490928 q_us=60 pkt_us=1
[PKT] seq=385 mode=L bytes=132 pkt=0102800015fb0e5a2d09fc653a1d1e6527ec176640fffb68081ce368424f25690fecfc69e31fedb3db49dcabd137c3aae230b3a8c464b2a60a70c1a6aa2ea7a5e5729ca51b09534108f749320b0d493307f54835e7ee3c34c4ed513514224337c2135735cb17b49ed11fada6e11bb1a5ec2cb5a30848b7a1b941b8a22c319fa0d853baa2 pre_us=0 enc_us=490930 q_us=60 pkt_us=1
[PKT] seq=386 mode=L bytes=132 pkt=010280004af3215c49f40467331815673808fe694bf2e56b37e0d06b412d226c2ef2d56dfbf7eab10324dba80c08d5a7fe09c6a5ed26b4a34c43baa3b2f7a6a1055394a10b085b43e7ee503402104f36ea084638c3fc3839bcf33339cc2f393a990b3439ff1bac9c0b1fa2a4f728a9a2002da3a011629f9fd65e929fff319c9dd75ca69e pre_us=0 enc_us=490929 q_us=58 pkt_us=1
[PKT] seq=387 mode=L bytes=132 pkt=010280004cee3b594af327643d2526633ffe36654fdf38661c06146618263e6706e22a67fafff7b40727d3ac0b08a7acfe0cb9aaf923b2a9384ab4a9b207aba7eb539ea80b046740ecee5931f8104332f1064833cae75034b4ea4e34d6023f3697fe4c33fc19a89ffe21aba7de28a7a6fa33a4a50b69b8a4c9609ca4004d9ea2c065a7a4 pre_us=0 enc_us=490931 q_us=60 pkt_us=1
[PKT] seq=388 mode=L bytes=132 pkt=010280003deb415a47fb39652b0846652cf6566649c4506728e044683508596927d94469f804efb30321ceab0504c1aafd05c2a8ed12b7a75243bfa7badfa3a5f1459ca509026341ebe45b32ff0c5734f5f85735cbee5936b2dd6336d8074737a1e34935fb16a79eff27aca60031bca5f335c2a3035ab6a2d46ab9a2fb65a9a0d86ba2a2 pre_us=0 enc_us=490932 q_us=60 pkt_us=1
[PKT] seq=389 mode=L bytes=132 pkt=0102800046f1425b48013865460b376549052f6752d732683e0d1f6843313b6924eb1e6afdf9f6b30228daaa0c09baaaf311b8a8f631aea74353bda6b70cb9a4fe559fa50d066641f5e15c33f9045634f9fc5c35ced25536c0cd5c36d2e15938a6ee4e36000da69e011fada5d41db7a4fb32b5a30058b4a2d6619da2f43cb0a0d263a3a1 pre_us=0 enc_us=490933 q_us=60 pkt_us=2
[PKT] seq=390 mode=L bytes=132 pkt=010280003cef3f5943ec3d6435f43c633e02476550b6466617de38663c2243672de0446703f5d1b4021eacac16ff9dacf80fa1aafb37a4a94745a8a9b2009ea707448fa80b046340e5f25431ff094332f6054633b2ef5234bde75134c5e54c36a6ef37330515be9f091bc4a7f829b2a6152bb3a5195abfa4cf60a5a4e13cb6a2d461a9a4 pre_us=0 enc_us=490937 q_us=58 pkt_us=1
[PKT] seq=391 mode=L bytes=132 pkt=0102800041ed235c490b0d6631211367301b11695202046a2c0fe26b38451b6ceaeef66cef02fab1f540e5a9f836d4a8de33d6a5d45ec3a40b71cba3ab41b4a2e471a1a21a115a43f3f158340213563608045f37d9f75838bd0365380125563aa51e6738dc12a99de804a1a4cf00aea2f910afa0fd42b89fba3ac49f2c13a49dd546c49e pre_us=0 enc_us=490932 q_us=60 pkt_us=1
[PKT] seq=392 mode=L bytes=132 pkt=0102800021ea435827d83b6319ef446237ee45633e9d4f6420c1486550f7446650b65166f9f5dbb5f213bead08e5b3adeefda7acebf9b1ab542aacaba9d5a1a932e99aaa0a00633fd2f55b31efff4b31f5094a32a6eb5233b1e64833bff94635a0093a321515b9a0120dc2a8f415c0a8252bb9a72d45c4a6cb5ca6a60027aca4073eaea6 pre_us=0 enc_us=490931 q_us=60 pkt_us=1
[PKT] seq=393 mode=L bytes=132 pkt=010280002bffe56137fe036b33f6016b2908fd6d3fbb096e29b7ea6f3af13b700fbbf570ec12eda7e640f4a0ed44e3a1e81ecf9fca57d69edc790f9baa45e39cc578c39c250b273c18f7472d000b59331112453606ed6338c7e45f340e26623abc04713aca16c896da04ca9cbadbd09cdc0ad69af03ce59ac1eee19814f5c098edcecf99 pre_us=0 enc_us=490927 q_us=58 pkt_us=2
[PKT] seq=394 mode=L bytes=132 pkt=010280004208405742eb40622c0340613305516159c755621eea426313285464ebe94f630403dab60218bdae0d02a7af0301b5aeeb32bead474daeadbef9b1ab0b349dad08f5633ee6fb5630f9114630e4084331c1014c31b5f24331d1223d33a4112730fd1cbfa1072cbda9d736bda9dc43b3a9ff5eb4a8dc6ca1a8ec4bada6aa5c9ca9 pre_us=0 enc_us=490932 q_us=60 pkt_us=1
[PKT] seq=395 mode=L bytes=132 pkt=0102800046f2fb4b490b03563d1a1e67420d2c64460303622d24fa4e304f1e6bf115fb6ff0ffff98fb41008ffa2dd799e131eb96d357d1910a6bea8cb52bc097e564ad9727031a4a08e72d3b18004e3c27e6514402d64348e6ed574e190f6446c2126d42dc13e2a1df0ddca4d2e9d1a0d502d7a1053c08a5bd00e0a4340fc49aca1fdd9a pre_us=0 enc_us=490927 q_us=58 pkt_us=1
[PKT] seq=396 mode=L bytes=132 pkt=0102800031eaec5642eaff6131132f6430fb1a652bc5365c17c32c5b13043c6dd3c2076ef20df594f8470c90e92df994e243f191de480289147a1d87a342d495c977c3932b0f233612e8392b131d55381e11463a22e72c34e9f5232f1c25523ee81c703ccc04d695edf9da9cd1e1c69de9dbe1990c011296dfe7069328d9c897e2c0d997 pre_us=0 enc_us=490928 q_us=60 pkt_us=2
[PKT] seq=397 mode=L bytes=132 pkt=01028000440be35e570ce669542efc69531ff56b5721ff6d3320d06d2a45456de622ff6df909f2a80246dea3042fbca30639cd9fdd4bcb9e3668d89ea11fae9ff35cb7a01e072d3cf5e3392ffb045231f4f93631d6ec4033c1fa3d330820473aba166c3ae810bb98dd17c99fc0ded09ed7fbcf9aec49e39bb42cd49a0a1aca9bd318e59d pre_us=0 enc_us=490932 q_us=60 pkt_us=1
[PKT] seq=398 mode=L bytes=132 pkt=010280002df4f5592de9f84437fb1c5f30e9126132bfec681cc6124d36f5316f0cadf273dffe03a9ed3b1496df1e0399f419099bd53a0396fb6d3d92a71af294d86104992e0611581be22f63270b50552404335e22d7565ae7fc3f6818195652dc067353cc16efabdb07f4d9bdd5d5aee9dddbae002a0babddd1d4b825cdd69b0dbfbf9c pre_us=0 enc_us=490926 q_us=58 pkt_us=2
[PKT] seq=399 mode=L bytes=132 pkt=0102800028f5eb5b39fcef672f160b6738f7166c390af66f29fff86f29462270e9ebeb72f00afd96ea490794e62aea97ec31ee98cc54fc98046d2b94b62d0198e16ef998260e1a3407f9392a201354381513533afa046538d20560350630643dc22e763cd80cc994defbe19bbae0d09cdbf3c999102c0e97bfded0951fdfc797b5d9db96 pre_us=0 enc_us=490928 q_us=60 pkt_us=2
[PKT] seq=400 mode=L bytes=132 pkt=0102800029e20c592ff5cb64331dfb634004e1653df4d36633b1c1663addf5673ca1c367f4fecbb4273dd7ac0bf8b6ac1105b7ab0518bea91133b1a9b53da7a75c6ca9a80a0c2e40d4fd2831f52e0a32fb2f0833db241134ab310334b11208369d0106331521b49f02f79fa7ffd8a4a602f199a514f49ca4284399a4361c99a2f71991a4 pre_us=0 enc_us=490929 q_us=60 pkt_us=1
[PKT] seq=401 mode=L bytes=132 pkt=010280001ad209580ef6ba63012406622a0bdd63160fde6411c5c06444e8fe652eadc765eaffdbb51930c7ad14eabfae05eac2ad0707c1ac3437b7abb22ba8a96363a3ab0207383fd1fc2531fa400631fc3b1532da231333ae260532b03a1534970a0031201eb8a005e39da803dba1a80ae59aa712f398a6183595a6360ea0a40c1693a7 pre_us=0 enc_us=490929 q_us=60 pkt_us=2
[PKT] seq=402 mode=L bytes=132 pkt=0102800015d751542aee1e5e190f3f5c34073f5b35fc325b1cd84a5b4ff3485d4dbc365bf307e3b90d35e2b326f9e8b511e1eeb518f1f1b5281320b5cb2cd4b36452e0b6fd14503bce0d472df43f282ced3d332cdb32402da93e322c9f3d222eaa08272a1a14aea407fb99ad00d39daffedf9aaf17f69dae45408fae312594acefed95b1 pre_us=0 enc_us=490928 q_us=58 pkt_us=1
[PKT] seq=403 mode=L bytes=132 pkt=01028000dee34a54ecf6335ee4184c5cff07525cf904475ccfe64f5dfafb5b5ef0c74c5debfdd6b80e2aeab226f4f1b41bd4f0b41ee6ebb436fe08b4c82ce4b15e44ddb4ec19533bc3195a2dde2c482df12f4d2dde3a522dab45562da244432fa928442b060db4a3faf0adacfbe4afaef4e4b1ae0cf0b0ad5825a1ad2e10a7ab2bf6b2b0 pre_us=0 enc_us=490930 q_us=61 pkt_us=1
[PKT] seq=404 mode=L bytes=132 pkt=0102800022d14e5445043c5e2e12585b4603545a30074f5a1fd2585b58f8605c3eb3455bf60adbb91b34d8b32efaf2b5fbd8eab6ed0febb6ed3800b5ab42d6b36069deb60114523bd110522de22a4d2cf622512ce13c502ca2445d2ca53b462e9e1446291815b3a409e1b1ade7ddbcaffce5b8b013f8b5af2746c6af2f2facaddf23afb2 pre_us=0 enc_us=490932 q_us=60 pkt_us=1
[PKT] seq=405 mode=L bytes=132 pkt=01028000f4e80a5a19f8d5640b131c642603ea6522e5d26622acc0672fe2f568409fea68eb02d3b30e2fc2ac1501c4ab00fcc7aaf0efc1a9fc2ab6a8b448a2a65b6ca0a7fa0b3140d4051d320c1c0d3301321234f4220f35b42c0435af0c0c36adf414341217b29f06e7a1a717c0aaa61bcd9fa431f99ba3594299a3522e9da12c1ca2a3 pre_us=0 enc_us=490927 q_us=58 pkt_us=2
[PKT] seq=406 mode=L bytes=132 pkt=0102800019eb33581ff4d962210b1f612efd0f6235f30c63439de86357ea13654fb8fa64ee08d0b5103dd5ae0f04b8ae07edc8adfd08bbad2a34bbacaf3ba9aa3b64adac0702393ed8002430fc160e30fa322331da181c32a4200932af0c1e34a4f612301f21aea00d02a1a903d8a8a907e7a5a80edea3a727529da725279ea50b1297a8 pre_us=0 enc_us=490927 q_us=60 pkt_us=2
[PKT] seq=407 mode=L bytes=132 pkt=01028000f7e337530cf0245d1e034f5b2d0346593bf7425952a44b5a4dd54d5b52a12d5aed02b3b9ff359db31509a1b61302a6b7080bacb7202fa7b6c84da0b4416d9ab8fc05513ace1d4a2df921282bfc2b352be2233e2cb12e372bb2102f2dd5fc3229121fcaa4fe03d0aeffd0b7b005ebc0b010ecc8b0484ec4b03c27b4ae1e04bfb3 pre_us=0 enc_us=490930 q_us=60 pkt_us=2
[PKT] seq=408 mode=L bytes=132 pkt=01028000f9dd505513f6155f1401465d200d335d21f7395d21ce445e32eb4a5f38a3435eec08dcb81b34e4b122f004b309d8feb3e9fdf5b3fb2914b3b337ebb04d5bf5b3f61d503ccb114d2eff2f2b2d05333c2dec37302eaf4a302e9e3b2430b01a242b0f12b1a3f6f099acfddc98ad06fa93ad19f194ac4c408dad2d3b8eaafb218faf pre_us=0 enc_us=490927 q_us=61 pkt_us=1
[PKT] seq=409 mode=L bytes=132 pkt=0102800029e1135a28efc86524f3fa654bfef46637dff067119bbd6836caf2690eb4d569f9fad6b31444cbab3ff2aaaa0d07c5a8f508baa71019b7a7c43ba5a5595ea8a609033341d3fa2532ec0cfa34e8290c35da161336a804fa36b7df1037b4d81335141db09e00019ca6e5cd9ba5f5de98a30cdd97a2134c92a209fe95a0c8ee98a2 pre_us=0 enc_us=490925 q_us=57 pkt_us=2
[PKT] seq=410 mode=L bytes=132 pkt=0102800008d843530cf11a5d0efd475b15082e5a12fc315a09c9385a42d8395c28b72c5af006dbb9093cd8b321efe7b60bdcddb616e9dfb62cfc01b6b328d9b45857d6b7f913553ad312462df8282a2cf6353f2be72e412cae41352cab3d252ea70a2a291b13b3a413009dae0bd8aaaf0eeaa6b014eca5af542f97af362393ad0ff998b2 pre_us=0 enc_us=490929 q_us=60 pkt_us=2
[PKT] seq=411 mode=L bytes=132 pkt=0102800011eb2657fdeceb62fe093561140b2d61faf8216202bddc6234f01d6412b22163ea0bdbb60e37d8ae21f8d9afffebd4aefd00d9ae2020d7adb43cbaab5a60b2ad0503473ed3173330e72d1d30e54d2431db3a2a31a73e1a31a12819339c0527301b0aa5a107fc9aa9f6dda2a9f5d79ba913f79ea83b4290a82c2195a61c13a4a9 pre_us=0 enc_us=490926 q_us=60 pkt_us=2
[PKT] seq=412 mode=L bytes=132 pkt=01028000f3f00c5dfdf7e46808fc1a6806fb1c6906fbf76a04b6e16d34d6136e28abfc6dec04daaafc32d0a212eeb5a307e8ada30b08b79f1826b6a0c646999f556da09ffe031b3acd110628e12bf62c0c34fc2ff320f92bb43ae124b635f1299f02ff2d1006bb9a06e7b99efcc5bf9f16e2b69e2be4c49a4e3cd5963affb3994c1cc79b pre_us=0 enc_us=490933 q_us=58 pkt_us=2
[PKT] seq=413 mode=L bytes=132 pkt=0102800025db525432f1505e31f7555c380c505b45114f5b3acb5f5c55e25c5d36c9575cf903ddb91c35d9b212e9e4b4efe8e3b50a15e9b50629fcb4c047d4b2656ae7b5091b573bd913562dec2b522cfc2f562cd71f602da4475e2da8314d2f95274d2a1312b6a408f3b4adfde7c6ae1010c6af1c03c8ae3a3dd5ae273fb8ac1705b5b1 pre_us=0 enc_us=490931 q_us=60 pkt_us=2
[PKT] seq=414 mode=L bytes=132 pkt=01028000d4fb334fd6081a59c9111a54af270e51ca37144fae33fd50e9182552a9ee0c4ef1fea6bd270396b814dd9bbcd0e89abff9f49abfedef91bfd704a2bd751598c2de244237c2104329e3113e27db063a26cefe3b26a2145026a5294528963b4422fe0bbfa8f2efd2b2d9f3d7b6ccfcccb8edefdfb7341ae2b81b14ddb50627e7bc pre_us=0 enc_us=490927 q_us=60 pkt_us=1
[PKT] seq=415 mode=L bytes=132 pkt=0102800002d93659f319f964f7073264090a2965f4f8fc66e7b6ed6611c52967ee93e068ef0acbb40531c5ac21efb8ace904b7aaf310d9a9e631baa9be55a0a76679a4a802144240da213132da302432db2d2633d02e2a34a7260234ae132d3691ff1b331704ad9ffeec9ba7eee7a8a6f9f9a8a504fb9aa4144395a40b209aa2f3219ca4 pre_us=0 enc_us=490934 q_us=58 pkt_us=1
[PKT] seq=416 mode=L bytes=132 pkt=0102800032cc1d5748fae16232fe10613110f862380ad4623baeee6340bd09645497fe6415f3d0b5022bc3ae0de9b2af09e0ccaefb1ec6adf61cbfadc757a4ab5c76a4ac0109313edb061b30f91e2330032d1631e4202032ba410f31b41b1c3390150b300a1fbda108e1b6a9f8d9baa903f0bca818e6aea74137b1a71e0bb4a51e28b3a8 pre_us=0 enc_us=490930 q_us=60 pkt_us=2
[PKT] seq=417 mode=L bytes=132 pkt=010280000cdb4c551315475ffd0a495e0d082d5efa1d485ee8e34c5e05034c60c4b3445f0a03d3b8ec28c6b12bfec4b21c00bdb20bf5c7b23c15d3b2c83abaaf615cc9b2fc1f553cd426542ee8204a2ed90e562ed539522fae475c2e9e3d4b30923a462c170ab6a21eefbcabf7e5c9ac18f9caac2510cdac3a35c8ac1b11bca91b02b1ae pre_us=0 enc_us=490928 q_us=60 pkt_us=1
[PKT] seq=418 mode=L bytes=132 pkt=0102800007dd50550d04315f11153b5e261d3a5d1613395eede14b5e22de46602dba2a5ffe02e2b8fb20e2b115ebf1b3f8f8eab315eef5b2140819b2d13cedb0696ee3b2fb21513cce22442ee22f382efd1f402ee03b522ea4433f2e9e3e33308d2d342c1d11aca30cdd9bacf6e499ad14fca1ad1d10a4ac222e93ac1c0e93aa1f1995ae pre_us=0 enc_us=490926 q_us=58 pkt_us=2
[PKT] seq=419 mode=L bytes=132 pkt=01028000e8e551550201475ff922415ef921525de707575dcdf7525e05f45860ebbe515efc06deb8fe1feab1f3f6e8b313f5f2b3010306b20ff71fb2d546f0b06868f4b2eb20523cce274e2ee122492ef63a4f2eee415a2ebe49602eb14548309b41492c0b0faea30adba2ac16f4a7ad24d4b2ad3f03b2ac5b21a0ac2f01a4aa4c08a5ae pre_us=0 enc_us=490929 q_us=60 pkt_us=2
[PKT] seq=420 mode=L bytes=132 pkt=0102800011d625592eeae8630efd13631d08ef641e0ffe6524ccc5653bb8006715abe4670204d3b4f721c6ad170bccad1bf4dcabe40ad2aad92fc5aabe53b8a87072a8a901114440da082431ec201632e90e2633df3b3334b0211333ac12223595ff08321818ae9f16e698a7f5de9ca700f49ca621029ea5313b91a52a1e99a3f2fb95a5 pre_us=0 enc_us=490927 q_us=58 pkt_us=2
[PKT] seq=421 mode=L bytes=132 pkt=0102800022ebff5612f4334d122b554cfe063c51f8173b59dcc85f4d1ec84d55d6bb2d53ea1ef997dd45fb8aee3acc8ce22db38cc911bc8ddb41d387a032b68c447bc18914fb2c3407df0c230b05f92b1a01f5301ce8092fe5f00c2302d61534b5a9212fd61bf999e9eee59cdbcbe19de9d0e49b05dee29912421b93182c0c98b7081c99 pre_us=0 enc_us=490928 q_us=60 pkt_us=2
[PKT] seq=422 mode=L bytes=132 pkt=01028000e1ec4753f104515ddf214c5ad50b4959c8214859b40d4d59d6fe525bc3bd4e59ee0095ba062b97b4230199b603fa98b7dd2396b7f43b9ab7be5099b574709ab8f206213ac7251a2ce21c1c2bde111d2bce2c1c2ba83d1a2baa1d1b2d9c201328f9e79aa5edd6a4aef4f6a9b0f4faa9b106fda7b03626a5b0330fa4ae2201a8b4 pre_us=0 enc_us=490933 q_us=61 pkt_us=1
[PKT] seq=423 mode=L bytes=132 pkt=0102800010d8235917f4d2640cf60b6426fceb651e0bee6607bbbf6755c809682f93d168f106cdb41240d1ac1ae6c9ac04f6d1aafafad3a9f7ffbea8ab38a4a76774a9a700073240cf0f2032f7132033ea0a2834e51e2d34a42f0934a81a21369afa03342216b19f07eaa1a7e6cdaca6eaecb1a50ef9a6a411309aa42b23a0a2fdf399a4 pre_us=0 enc_us=490929 q_us=60 pkt_us=2
[PKT] seq=424 mode=L bytes=132 pkt=01028000dfdb395302032e5c000e4f590308525810f43f5702ac465810d4445a01a23a58e8009dba0f2b97b42aeda6b7f4fbacb8fafaa3b8072ca0b8df589bb65f6f9ab9ee17383ac50f372ce22a2a2be2402c2adf38322ba2482e2aa91a2b2c9a1824280404b1a5ecd6b5af0bd5b3b118dfb8b21af0b6b1393ebab10c18aeaf1c0eb5b5 pre_us=0 enc_us=490927 q_us=59 pkt_us=1
[PKT] seq=425 mode=L bytes=132 pkt=01028000bee0474daefa5156a8fe53509ff1554bae0b4b489c1f4749ae03584b96e95447d7e5a4bf29189fbb05dcabc0dee7b2c3ebdaacc4c4f2a3c41ee3b6c26fdabcc8db372735c9f50e28efef0a24f0fb0723e9f60323a5fff823b30804259c0b041e141aa4aaddd4a4b5e3fca6b9e313a5bcf80fa2bc3f4197bdf91da6ba0727abc2 pre_us=0 enc_us=490931 q_us=60 pkt_us=2
[PKT] seq=426 mode=L bytes=132 pkt=01028000cef74b51d6fd405bda2d4b58d9073c56b32236559d0d4655dc023e57a2fb3d55e90ac2bb1811d3b625d5d6b91bd4bdbafbeec7bbe91ce1baf937c2b86f52c8bce2344639be1e512bea224029db073e29cd234929a33e5229a73d462b97343a260105b8a6ecddc1b0eddabeb3e0e4c7b405efcbb34e2cd5b40fffbcb11e06c2b7 pre_us=0 enc_us=490931 q_us=61 pkt_us=1
[PKT] seq=427 mode=L bytes=132 pkt=01028000f6eb315507ec145ff529265d101e2e5dfa101f5de3f3075e08e3255fffcd385eff00dcb8f118dab10807deb315edd4b304f2e5b200ffc4b2d24ab7b0686ab6b2f221423cce28362ee829352eee1e3e2edd23432eb237282eb62735309e34302c1013a5a31deaa4ac16eca0ad20f5b1ad370cadac6835a5ac39f0a2aa6403afae pre_us=0 enc_us=490927 q_us=58 pkt_us=2
[PKT] seq=428 mode=L bytes=132 pkt=01028000d2eb3c52c708365cd5093459d30b3058c6143657a1141d58dc02355aa9fc3b57ecfcb2ba0e21a9b42adaa9b7ffeda9b8efddafb808029ab8d743a2b65c2db1baea1b503ac2235c2ced15512bda04502acf14532ba644692aaf3d4f2c9c4453270220d2a5f4e2f8afcfddedb1cee8eeb2e0eef2b1411911b1080ef3afef11f7b5 pre_us=0 enc_us=490928 q_us=60 pkt_us=2
[PKT] seq=429 mode=L bytes=132 pkt=01028000dff63552c9012b5bca312458d71f1556be220f559f360056cd052458a4f32455e0fa9dbb211894b511f999b8e6f194baf3f794bae7198cbaef229ab76a369abce6203a39cc14392bf70a3b2aebfa4029ca043e2a9a0d43299f37402b9a3c36260513b2a6eae9c6aff1dbc9b20df6d5b310f0c8b24840cfb31021bfb00a32d0b7 pre_us=0 enc_us=490928 q_us=60 pkt_us=1
[PKT] seq=430 mode=L bytes=132 pkt=01028000d8e55455ee06495fe7074b5ef00b4b5ef719405ed6f0545e00f44f60cbc2455ff403d5b80b23d2b145edcab212ddd5b2ecfbc7b2f009ebb1d037beaf6f60b8b2ed13513ccb1b582ef60f4f2ed10b582ec91e532fa541612eaf214e3097203e2cfe04afa2fef6bdabe5dfbfacedfdd1ac0cfdbcac503fcfac3210afa93f05b5ae pre_us=0 enc_us=490928 q_us=61 pkt_us=1
[PKT] seq=431 mode=L bytes=132 pkt=010280000cdd515318fe3e5d011c515a1ef354591c0f505806d15c593412515b24c64c59f00edaba1331d2b41ff3dab614e8eeb7ec07eab74624edb7ce3ab3b55f5bc0b8fd12543adc22592c0431482bdb394f2bd23a542bae4d4f2bba38362db63038281b11b9a51bfebeae08c7bfb01becc0b12907bfb05240bab0340ea9ae2bffc3b4 pre_us=0 enc_us=490930 q_us=58 pkt_us=1
[PKT] seq=432 mode=L bytes=132 pkt=01028000c400414db8114056b3223e50a523324cbf054349993e364ab51f474ca5ef3048e3f6a2bf301e95ba08efa1bfdefb9bc2f0f2aec3e10598c3f3f1afc173f3a3c7dd342735c5fa1328ec011225e0fe0e23ca030f23a0040223aa2311259d2f141f0411a5aaf8daa7b4e9e6aab9fe08acbc06dcaebb451fa1bc1912aeb9f421b9c1 pre_us=0 enc_us=490929 q_us=60 pkt_us=2
[PKT] seq=433 mode=L bytes=132 pkt=01028000b3d24646b8b84c4cb0064343a5f03a3aa5e3353589c736369e09383896ec3030cae7c5c527edc2c2f6cac9c9e6c7cfcfedc5d0d0b3d1d0d004d8cece67d1d7d7ca3a2e2ec2212323f20d1d1df8011a1ae7041a1aa8fa1919b3241b1ba50314141decb0b0d6c2bcbcf0cbc3c3dfc0c9c903b4c9c94dc5caca0fe4c7c723bbd1d1 pre_us=0 enc_us=490929 q_us=60 pkt_us=1
[PKT] seq=434 mode=L bytes=132 pkt=010280002dc10f5716f8c962430902614be5ee611bfcdb6202a3bd6349b907640f8dea63ff0adab6182fc7ae1ce3c2af0ae2c4aef220c4adf82db2adb419adab5e64b1adf700383ed1f72830f2260b300cfe08310b081a31ad0c0131adf61533a2c808302234b2a1fddaa0a9ffcca4a906c59da91fc29da80d1d94a828d69aa6e5d197a9 pre_us=0 enc_us=490926 q_us=58 pkt_us=2
[PKT] seq=435 mode=L bytes=132 pkt=0102800013e753550802345f0e0e595e1135515d0512485e02c55a5e420660601dba465ff300e2b8f427ecb119eb00b305eefbb3fffffab23e1514b2bc49efb05d65f3b2032d543cda1b572e012d462e0146502ee442542eab43572eab3e453091334c2c2410b5a315dfa8ac18e3a8ad3af0a9ad360cacac553a9cac370ea5aa4d2fa9ae pre_us=0 enc_us=490930 q_us=60 pkt_us=2
[PKT] seq=436 mode=L bytes=132 pkt=01028000c7e64f4ac0df5a51ac054f4aa6db4744a7e448408fcc53419b0a4d428fd9473ddee1b7c217f0bcbfebc7c1c4f6c0c5c8fabfc8c9dad5cfc9d3c8c7c772d6cdcfcf222632c0091525f8061721ebf3151edaf9101ea1fb0a1eac190f209a140b190effa5addde9adb8e6cfb9bef0d0b9c2ffdcb7c23bf3adc21802b9c02b10bdc9 pre_us=0 enc_us=490928 q_us=58 pkt_us=1
[PKT] seq=437 mode=L bytes=132 pkt=01028000eced4953f6f4375d04062c5bf1212159fd1f2f59f1e3195a3702445b02b8365aebffb6b90511acb311e0a5b6f901a3b704fdaab72f069bb6b32eacb45e49aeb8f737463ac623562cea15522bf510502be11f522ca93a622bbc4a4e2d974b54291619bca4fef6edae12f4e6b02ef3e9b0330eebb0652e03b04323e8ae6232f1b3 pre_us=0 enc_us=490930 q_us=60 pkt_us=1
[PKT] seq=438 mode=L bytes=132 pkt=01028000eee35653050f515dfe0e565afd1f535903235158f3fa5659291c5b5b00d55559ea03dcba1328e2b415d9e8b6fcf4eab7fbf3e4b7281befb7ad2cd2b56a58e6b8f928523ac315592cf625522bf0135c2be215572bad385b2bb646492d994744281d1bbca5fce3beae17eac6b01813d2b1370ecab0653bc9b0502cb1ae5f25b8b4 pre_us=0 enc_us=490930 q_us=60 pkt_us=1
[PKT] seq=439 mode=L bytes=132 pkt=01028000f5e149551210335f0c12435d1510375d08183a5d07cf405e2bfc455f19b93d5eee02b7b80a2eb1b106f6b0b3effdbdb3ff14b6b3503eccb2af42aeb06568b2b3fd24493ccd14532ef922492d050b5a2de92f552eb13a5d2eb43146309925482c130cbba301eeceac1302d2ad2d0ce0ad4403d1ac5c52d5ac441dbeaa4212c6af pre_us=0 enc_us=490927 q_us=58 pkt_us=2
[PKT] seq=440 mode=L bytes=132 pkt=010280000ddc51552713485f1803525d15184a5d3f06465d50ca5d5e43f3545f25ba515e04fed6b8ff2ecbb105f8e1b30711d3b3f80cc9b2022801b2b352c5b06a67dab3fe19573cdc26572efc1d592de10e602ed83f582eb03e662ea8355430a22c482c1b26bfa30de8c2ac08fbd4ad03ebdbad1812ceac4d45dcac3515b5aad4efadae pre_us=0 enc_us=490930 q_us=60 pkt_us=1
[PKT] seq=441 mode=L bytes=132 pkt=01028000f0de4e57fe140861100e3c600cfe36610314306102cd2b6227de386305982d63f10bceb6f937e7af25d5ebb004f7f8affc07ffae1c1b1caeb231e3ac596df7aefb1d4b3ecf173a30f32f3830ef334430ec384b31b8464131c0393633a621422f1315b8a1fff397aa12e6a0aa2cea9ea93efe9fa85e3992a83b238fa613f68faa pre_us=0 enc_us=490932 q_us=58 pkt_us=1
[PKT] seq=442 mode=L bytes=132 pkt=01028000eae45357ff0d3161fb124b60ea2b3d6100035161fae051623bf0576304b44f63ec06dcb60035e2affee0f3b0f10decaf0bff02ae3c1d15aeb33ce9ac6869eaadfe25553ecf0b4e30ef254e30f3205930e22c6231ad395c31b8444a339d1c522f190ebaa1fbe19daa10f6afaa1eeea8a934ffb0a85e2d9ba84c0fa2a65309a4a9 pre_us=0 enc_us=490930 q_us=60 pkt_us=1
[PKT] seq=443 mode=L bytes=132 pkt=01028000f7e056560b042960f21c4d5f08214e5ff6174e60ebe23d601e134462e5b74561ed09cbb71015e6b02bf5f1b10806f0b10a02e2b01e1befb0b343cfae6b69e8b0f427493dd220582ff425512fdb25552fd1295730a9325d30ad443e31982a452e1004b8a211e3abaa11ebb4ab14fbaeab2714b8aa5836aaaa4a1f9fa84020a2ac pre_us=0 enc_us=490929 q_us=61 pkt_us=1
[PKT] seq=444 mode=L bytes=132 pkt=01028000ece14552130e305cff0b4258f71f28560d2d2856fcf11f57310d46580bdf3956e903b3bb1434a8b52ce6b1b8ffe8a9ba19f7aaba1024a6b9a831a7b76d61a9bbf8264939c818472bf81a412aec0c4829db10482aac394a29ab37352b983b36261521cca60ae0ccaf05eed6b20df5e0b335f3dcb25a3edeb3492dbdb02a1cc9b6 pre_us=0 enc_us=490927 q_us=58 pkt_us=1
[PKT] seq=445 mode=L bytes=132 pkt=0102800006d63b5613ef126021232c5f30082c5f330f20602ac7176054e03b623aa02d61ec0adfb7202ce4b00bf3d9b106ebf5b10407e9b0192703b0b622d5ae5f61e6b0fb0e503dc70c492ff2273d2f080e532fdd224b30ab402730b2422c319b1a252e2319aca205e5a3aaeff0a3ab0105aaabfff2a2aa293893aa251996a8140d94ac pre_us=0 enc_us=490928 q_us=60 pkt_us=2
[PKT] seq=446 mode=L bytes=132 pkt=0102800020d82c5925f8ec63230e246348191c6439ee1a652fb9ec6551d727672f97ea66ec00d7b4192fd5ad0901e9ad08f4e2ab0809e4aa0e36ebaaaf3bbaa8566db7a9040c4b40cffe3b3109172d32fe313a33dc183233a5291933a90f1d3599f717321820b29ff7ef9da700e1a4a714f99da6160294a5234991a5351e94a3041e92a5 pre_us=0 enc_us=490928 q_us=58 pkt_us=1
[PKT] seq=447 mode=L bytes=132 pkt=0102800022d32b592d01ea631906396334012c6442f4156420b5f7655ce82c66339d1f66edfde3b41a26ebad1de9faad0ae106acf8f800ab20230baab42be6a86264faa90510493fd2073931002e3032f13f2a32d5312533a9411133ac3b2a3598172132191caaa0fcf594a8f8f092a709ff8ea620098da51f4188a52f238ba3131789a6 pre_us=0 enc_us=490928 q_us=60 pkt_us=2
[PKT] seq=448 mode=L bytes=132 pkt=01028000fed7285904ffd563060e18631710f2640e19f465dbd0d66623f7126715980067ed05dbb40d3addac1fe6daac05f3e5abe4f4eaaa000df3a9b716c7a8665be8a8fd124540cc082831ef352932dc272b33e62f3334a9391634a439213696100c331a1cb19f02f0a2a7f3ddafa7fbf0a5a519f49da42d3790a4291592a21e028ba5 pre_us=0 enc_us=490926 q_us=58 pkt_us=2
[PKT] seq=449 mode=L bytes=132 pkt=0102800003e62a5a1ff2e56416f818641711f26528f9f56615c7e06750dd2c6825a1f968f509dab30b38d4ac10e0e0ab1b0adda91101d7a81f11cea8ad23b8a65960a4a7fe024a40ca103132eb1e2f33ec083534d3173635a52f1e35ae242b3796081734150da39ffcf99aa6e9e2aea6d8f4a0a402049ca30c5491a32d2198a1011298a3 pre_us=0 enc_us=490929 q_us=60 pkt_us=1
[PKT] seq=450 mode=L bytes=132 pkt=01028000fbfce85d2eebf06852d3fe694acf196b56d8ef6c488bec6c3cdc356d5cbd016e0702ecb0fc1cd9a7072abea6ee27d9a3e83cbca1003fdba1c9fab2a0133a939ffbf6454404eb3f35ee0b3937e10a4639d31c2e3aaee0393a14c9413cccce163b040eb69c0f00a2a3f7f3a8a106ffa59e1c07ab9df80d999d21f39c9bee02949c pre_us=0 enc_us=490929 q_us=60 pkt_us=1
[PKT] seq=451 mode=L bytes=132 pkt=01028000fa0a215c20f6066651f00d675100076956d6086a31aaed6b4ddc386c63b8426cf405f1b1f429dda90f34b9a8f734cba5013dc6a42b5fc0a3e532b5a2184d9da201035b43fd054d34eb144836e42a4c37c5194a38cdf14b38fde44a3aca0a3738ff03a49d0903a1a41203a6a2230fafa03c33a09f3a0c9a9f370ea39d212ba09e pre_us=0 enc_us=490924 q_us=58 pkt_us=1
[PKT] seq=452 mode=L bytes=132 pkt=01028000fc01195922f61b644fd2256451d2266559ca3466419d17664ece46675abb4568fc05eeb4fa27deacf749b8acef35beaad355afa9f560cba9bc04aba7f04aa0a80101564001fd4b32ec124432e71d5333bf143d34b2df483421dc3c36d3f638330205a79f0508a3a7e7f6b6a60f03c2a51a2faaa40718a2a43229a0a2f211a7a4 pre_us=0 enc_us=490929 q_us=61 pkt_us=1
[PKT] seq=453 mode=L bytes=132 pkt=01028000fd0a3e5924e92e6354dd29634ee7326461b73d6551a02a665ad0406762c44c67f706f2b4f524d5ac0a3eb1acee3fbbabef49d1aa0a54c9a9eb26bda8fc47b6a805006640f9045831df105032df1f4f33c3195134bfea5134f0eb4836cffc44330505af9f0602aca70409b6a712eeb6a5212faca4172da3a414239ea2d4f1a7a5 pre_us=0 enc_us=490932 q_us=60 pkt_us=2
[PKT] seq=454 mode=L bytes=132 pkt=01028000e9ff105c02f9176741f3166842fc406a3ce31c6b1ec3086b2ed53b6c48cb3e6df301edb1fc22caa81c39b5a7f724bda4ef40c0a32c5ab2a2d03c97a1d1499ca0f7f75743ee054d34c81c4e36d1234438ac145139ab074439dbe93e3baefa4039f7faa29c00f4a1a3f8f6b4a20a1aad9f0d1ea49e100aa99e2505a19cfa2fa29d pre_us=0 enc_us=490928 q_us=58 pkt_us=1
[PKT] seq=455 mode=L bytes=132 pkt=01028000d9fe495ae1fe4264f0f34964e2014365cef54c66c6df4b67dbcc5468e2bd5468de09d6b3f02fc1ac2a2abfabff1fb6aa2019c1a8323cc4a8b241afa6103cb8a7f5f76340df075e32dc1f5533d01c5534bc0d5a35cc275c35e7f54f37c9fc5234030fbd9f01fdbca7fb08bca616ffb9a4162bbda32334afa320dfb3a1e7c0a7a3 pre_us=0 enc_us=490933 q_us=60 pkt_us=2
[PKT] seq=456 mode=L bytes=132 pkt=01028000e106145b08f6f86638ef0e6648fb21683ce122692db3f26944b9246a4ab52c6be903dfb2f32bcbaa3121b7a9f918b4a70924c5a62c3bb4a5cf04a6a4fb169ba4f6045142e5083d33cb063134be2c3736a0123937b6143337c9e63e39bcf71d37fa09a79d07f79da50702a4a41b1ca7a2233daea12327a2a1260ea49ff4f79ca0 pre_us=0 enc_us=490932 q_us=60 pkt_us=2
[PKT] seq=457 mode=L bytes=132 pkt=0102800000fdf55f38e9ff6951dc276a59de326b5bc9146d489f286f54e72c6e60df216ff9fff6aaf32be0a11a41c2a1f948b8a10058d09e1245d29bd4fcbc9eff3cae9d05fd3c3dfef12d2dfc003730e80d4135d1f53531eccf322f27b94838fdc549360208ba980f0bb99e0bf2c99d13f9bd9d1e12d0981921d5981f26ab9adeecab9a pre_us=0 enc_us=490929 q_us=58 pkt_us=1
[PKT] seq=458 mode=L bytes=132 pkt=01028000f9fbde6019e9066a28e7046a3dd7066d3abe016e43b9296f3a083a6f43edfe70f3f9f5a7f024e8a4e640d6a3e043bca0cf5ddc9eda4fde9ef4fbc79cd92eae9c05fe2e3f05f0513500fa5939080d473cd2e9553cdbcd583c1fdc613ef8d46d3e040bb797f918aba0de11a69e1616a89c0c34a69afe4bb09a2046bf99ebfcd499 pre_us=0 enc_us=490929 q_us=61 pkt_us=1
[PKT] seq=459 mode=L bytes=132 pkt=01028000f60af15924f7176453d9f06b54dd0f6d5cbffa6f4caa376b57f2387262da0a73f4fffa95f323f3920446cf94ef48d492e855dc9103400d8ad30ebc92fe34b0910303153d07f82f35eafe2737eb052c3cc2f0233bc0d3173407dd403ee1d7503dfcffc7960309be9cfaffb6980b03a2951a1dae950b33b7921e3bbb93d907b792 pre_us=0 enc_us=490929 q_us=60 pkt_us=1
[PKT] seq=460 mode=L bytes=132 pkt=01028000ff03095c29f2126646db0f674dea346949c9166a489c1d6a53e1376b57d91a6cef07f3b1f42adaa91c49c2a8f539cda6fe46c6a40f50baa4db0bb4a20c3faba205015442f6f34e34ecfb5335e9104237c4004b38cfe93d380cd44a3a03d65b380a06a49d0b05a1a403fda6a31601a2a12c1ba1a02724a1a02c3aa39ef611ad9f pre_us=0 enc_us=490924 q_us=58 pkt_us=2
[PKT] seq=461 mode=L bytes=132 pkt=01028000fbfe004623f0145946da0a6447f91d6746db0e673fa8146548e2516e55dc1a70ec020095f325e9921545ce97f831cf95034bd7922252cf8edbffa0961c40949502ff1c4af000293deefe3541f10a2843ca012d44ceee0c4016f33245fade38420807d7a10cffb9a50afab7a12210b19c331bba9b3a07d399401ea2980ef3a899 pre_us=0 enc_us=490930 q_us=60 pkt_us=1
[PKT] seq=462 mode=L bytes=132 pkt=010280000008005b2cfc0f665bed2d6657f6376858d6396946a4246947dd486a64d43d6bfb02f2b2f823dcaa0f32d0a9ef1ccda7de4adda6405bd4a5d70ca7a3f65299a401fb5342f8f75233e3264f34e6254b36c5295237caf05837f1f34d39bf084037fcfda49d0d00a0a502f0b3a41a30aea22735a2a12d1ea5a12c1fb39f2539a5a0 pre_us=0 enc_us=490928 q_us=60 pkt_us=1
[PKT] seq=463 mode=L bytes=132 pkt=01028000f0fd30580bf72d621a07346127e93e6223e03f6304c338632dd1386532a13964f1fcaab5ef139aae1f1f99aefa0899ad10329cad0c4a98acbb4a94aa4a5a95acfd0b573ef00a5230e62c4930d4294931b5244e32cc164b32e6064334aa2b45300100c4a00e02d4a92407d1a93421c9a8463fd1a74829c8a741fab9a5572cc8a8 pre_us=0 enc_us=490936 q_us=58 pkt_us=1
[PKT] seq=464 mode=L bytes=132 pkt=01028000e3f2f45c0cf8056716d7116725c43f693b972c6a37ac216b44e3296c5d9e296cf7fde9b1f42ce1a9db48d3a7bc46d5a5b85fe2a3d14ecba3e41fada1c16da2a1f9033f4304014a34fb254136000c3b38d9005038d7e4503804e04c3ae5f24b390006aa9cf602a1a4df0fa2a20629a1a0fb4aac9fe84d9d9f0c459e9dc845a59e pre_us=0 enc_us=490934 q_us=60 pkt_us=1
[PKT] seq=465 mode=L bytes=132 pkt=010280000504fb4d280e19513ed53b554ed1175a55a8355639b84d2f2eff11685aaae96f07f8f192f41ded8cfe33d78cee48cf8be259d088f6430e85ddfbd28bfb67c88b09fe154b19eb2b4a12f61f4ffafa1858dddb105ddfc2106213b44a55eebe6551f6fad99e0407bea8eb03bba4f018a5a20545c8ac1946b5a82c41c0940c4ef29b pre_us=0 enc_us=490928 q_us=60 pkt_us=1
[PKT] seq=466 mode=L bytes=132 pkt=010280000202ff55270706673de5fe6d28f01a703fc1fe7241d600723dfcfb734ebbff7504fafb8ef310f98feb4fcc93cf27c492cc52d38efc4fe38cef03fa8cf570ff8e0a0a1d3815e82c331dee2e3c16f03341fee2193ae8c7273a16c5483d21bd6944f4ffcb92070bb597fb0cba961731c6941846bf902450d4902d3de090002cb090 pre_us=0 enc_us=490926 q_us=64 pkt_us=1
[PKT] seq=467 mode=L bytes=132 pkt=01028000fdef2d582b0034624de9396245df3c6253cc32632eb71f6432d23765619d4a6501f5a8b5f71c99ae02339faef73c99ad044b97ac285d94acc23c97aa34689aab0302573f051b4a30df234d31e3204931b9144e32d0fb5132f5e54f34b9074431feedc6a011f3cba92106d0a8341ecea84534cca7360cc9a74510c9a42b3bc2a7 pre_us=0 enc_us=490934 q_us=60 pkt_us=2
[PKT] seq=468 mode=L bytes=132 pkt=0102800002fd34593209166452ec2a6438f7386550e63b6630bd0f661fd7396863a148680c09eab4001cc6ac123caeacef2aacaafe49b6a91b5ad2a9db27bea72551b0a8fdf96040f9044f32ed254632db1a4234c2203b34cbf14034f8c94d36ca203d33faf8a59f12f8a1a716fac3a62f1faaa53f33a8a44c1697a43c00a3a23441a0a4 pre_us=0 enc_us=490931 q_us=60 pkt_us=1
[PKT] seq=469 mode=L bytes=132 pkt=01028000efff365af70b2a650f0a46650d093967ebfa4568eee13b6811e5346932a450690808ddb3f918beabe72bc1aaf02bc3a81a4ac1a70457c3a7ae539ba528599aa5f7ff6241e50d5132c52b5434c1305f35b0395836bc164d36dd004a3897334335edffae9ef9fcaba6060cc9a5281ab9a33232b7a21e14a2a221efaaa02e1cada2 pre_us=0 enc_us=490929 q_us=58 pkt_us=1
[PKT] seq=470 mode=L bytes=132 pkt=01028000f0063d5c170227673cfc2a683a07366a35d33d6b24bc286b18d52b6c4fca326dff01efb1fd22cea81131aca7e42ca9a4f240bfa3115ac2a2c047b3a12867a1a1fef96943f8055c34c71a5036ba175038b3215c39b5ff6039cfdb5c3baff35239eff5a69cfaeea9a3e7fbaaa2de1aa99f2d3fb09e1b02a39e290ca39c2141a09d pre_us=0 enc_us=490932 q_us=60 pkt_us=1
[PKT] seq=471 mode=L bytes=132 pkt=01028000fcfe0e5e20061d6945ed216a57ce306c5ba1066d41a51b6e34ec2c6f5fbe026ffcfbe8aff413e1a6f92cb6a4f945c0a1ff4fbba0fa4bd49fda33d19e2363af9d01fd4f4501f25a3605075538d6084e3bbefb553bb6c6593bf0b35d3dd7c2623cf8009d9b00009fa2fb15a69ff61ea99d0837a89c003c9d9b2032a19ae734a99a pre_us=0 enc_us=490931 q_us=58 pkt_us=1
[PKT] seq=472 mode=L bytes=132 pkt=01028000f5043c5d10022f6836ec2b693add386b40c7396c1b9c3b6d2dcc326e63c53e6ff202f5b0f419d3a7ff2cc5a5f93ccfa20952caa11c55cca0e62fbf9f185fae9efcfc6744f5f55b35effd5c37d3155d3aba0a5d3abad7663ae9b3603cc6c14f3bf9f49c9b04f4a7a212feaba0150fa59e36199f9d2708b09c2d059c9b231d949b pre_us=0 enc_us=490931 q_us=60 pkt_us=2
[PKT] seq=473 mode=L bytes=132 pkt=01028000e8fa4a5518fb565f3dde4f5e44e54f5d51bf525d35a4555e2be05c6055ce5a5ef8fb92b8fe2894b1173994b3e64095b3ef5494b23b5d93b2c12b97b0f15f90b2f606203cedfa112ed215172ecf19182ead20152eabe5092ed7e50930aeeff32cf6df96a305f89bacf0f8a0ad06faa0ad18319bac071598ac171498aa1a3c92ae pre_us=0 enc_us=490930 q_us=60 pkt_us=1
[PKT] seq=474 mode=L bytes=132 pkt=01028000dc033b54d716405ec031395cdc04425cacf74d5cbff03d5cb00e525ea0e4535ceaff93b8eb2692b2fe2d93b4231397b5043698b41a4a92b4a84398b208559db5f10b2a3bd921272dd6272a2dbb2b282caf32202dc127232dee26242fb4571f2afaf79da304feaeadf7e0aeae1b03abae2618a9ae2040a6ae0efba7ab091bacb0 pre_us=0 enc_us=490930 q_us=58 pkt_us=2
[PKT] seq=475 mode=L bytes=132 pkt=01028000dce3524ed4f35b57c6ce5452b4ed4f4eacfd4d4cc2d84e4dd3024f4fa1d84c4be9fdb2bef102b2b937cdb8be06dcbfc00900bfc13ff4bfc1bf27bebf5416c3c4ee1e2a36d83c2129bf302126bc412424af3f2325ac612325b552262795651f21f9d0a2a901d6afb3e0ccb4b7f3e5b9ba32e8b8b90d1db9baf2efb7b71400bebf pre_us=0 enc_us=490930 q_us=60 pkt_us=2
[PKT] seq=476 mode=L bytes=132 pkt=01028000e7021d5ceff9f667f40b0367f8e62869eef8f96bdbcdea6be1d4086c07a61c6de905e3b1f71ecea81014a7a7141ac4a4142bb1a3134eafa3ca41a8a12f44a3a1f5fe5743de0a3f34e12f2b36cb3f4a38a9283239b7161d39cee33d3bae301939f9ffa59cfff09ea40ff6a1a22216a5a033329a9f2432919e0be29a9d2b07999e pre_us=0 enc_us=490927 q_us=60 pkt_us=2
[PKT] seq=477 mode=L bytes=132 pkt=01028000db042a53d7fd365db91e4d5bb6f64f5aabec4159d2e5475ad9ed445cbdf14e5ae00297b9f91895b305129fb60df0a3b623129db61b219bb6d43b99b43241a3b7ee053e3ad51c332dd42b282cbe2f292ba91c2c2c9f24242cc4352a2ea7552829fb05aea4faeeb3ae02e0b2af33f7b2b02eebb1af1f2cacb0e9efafad12eeb6b3 pre_us=0 enc_us=490931 q_us=59 pkt_us=1
[PKT] seq=478 mode=L bytes=132 pkt=01028000def12756e0133861d602435fc716405fbdd64a60d7e94261d7da3d62d1b34961f002a3b7f6269cb0f5079ab1f61298b03b229ab02c4390afb44990ad305096affc0b503de520452fc738392fbf3b382fa91d3530b71f2a30d018323296412f2efaf1bda2eee3c5aaee04b8ab0d0bb3aa1a1fb1aa0a3dabaaf9feaba7f702b1ab pre_us=0 enc_us=490938 q_us=61 pkt_us=1
[PKT] seq=479 mode=L bytes=132 pkt=01028000e1032156e7ef3160e90c355ff1fd2f5fc5fa345fdfea2b60faee2661f5b94861e8fb93b7fd1a91b0161992b1122592b1203093b0004d90b0ee288fae3a1b97b0efff463dd7083a2fd82d352fbf35372fa2243b30b6243c2fd9014331d12a322dfdfeb6a202fbb7ab1d01b6ab2d24b9ab2f34b9aa2225beaaf2d3b9a8170eb2ac pre_us=0 enc_us=490929 q_us=58 pkt_us=1
[PKT] seq=480 mode=L bytes=132 pkt=01028000ebf73d59d9ff3064ea1c3363ec053264c8e83e65c3c62866dacb3e67e4a05b67f8ffc9b4e01a9fac2e2a9aacf81d9aab1b1f9caa364893a9bf4294a7015699a8f6fe6240e5155531c7264e32bb215233af3e5034c1185134f0f84936acf93733eff2be9f05fed0a7fff3cda70b0cd1a5262ec7a4062ec9a40ed0b9a2f302afa5 pre_us=0 enc_us=490932 q_us=60 pkt_us=2
[PKT] seq=481 mode=L bytes=132 pkt=01028000f2e81f5a2cec0a6459e70e6459d905665ab6056740a8e66720da29685eb43a68eefadcb3f827d4ab053bc2abf340a2a90153b7a8fa59b3a8fa22a8a6f241a1a6faff5741fb0e3432e0312c33d1181234b41f2a35b5f32535eed33e37ce0526340404b09e0beb99a6f50ea9a5fa149aa42e3399a31c1f95a30ff99fa10b169fa3 pre_us=0 enc_us=490924 q_us=58 pkt_us=1
[PKT] seq=482 mode=L bytes=132 pkt=01028000e3e93d57ee053f621ef1416129f751620fe44362e6c34863f9e4496417a35364e808d0b6ee25aaae211ea2afeb19a4ae13379dad1155abadd5359cab29409dacf6025e3ee21f4830ca2d4130bc2b3d31a92e4032bb1f4a31dde44133b6353b30fdf2b2a10deebaa90cf2b9a91910baa84a3ab4a72921bba701b4b5a50df9b7a8 pre_us=0 enc_us=490933 q_us=60 pkt_us=2
[PKT] seq=483 mode=L bytes=132 pkt=01028000f9f1385a21f51f644a08336440eb356636c31f6726af036726ca3168579f4069f205f6b3f735d8ab1538baabf721bda9ee39cfa8055fc4a7dd51b9a60e5ca8a601f76241ff035532e12f5033e2295634c62e5135e50c533518d95337d6ff453403fba19e1aeda0a61cecc4a5211ec2a45038a2a34116a0a335dfa3a12b17a4a3 pre_us=0 enc_us=490931 q_us=60 pkt_us=2
[PKT] seq=484 mode=L bytes=132 pkt=01028000fc05125a2df5f7655ff423655af8266658ea216735aad96846ea386969ce3069f604f1b3f920d6ab142bb2abfe36aea9094ac7a8405eafa7d528a7a50452a2a600fd5a41fc064732ed2b4833e9244235c7293c35cffd3635f8fa4437c31416350301ac9e1304a1a61402b8a52115c5a4351eaaa3310a9fa23303aaa12d489aa2 pre_us=0 enc_us=490932 q_us=58 pkt_us=1
[PKT] seq=485 mode=L bytes=132 pkt=01028000edea2b542b09385e44fd3a5b41df475b5fca3d5a44b1425b48df505d70a04e5bf6fe96b9f22391b30e2396b5012e97b6004994b5085895b5d83198b32d5e9ab6f71b3c3be70c2c2de6372d2ccf2f232cac18242dbc12252cefea222eb32e1e2a07fcb0a408efafad101ab1af162cabaf2639aaae1e22adaf1dcda5ac171dabb2 pre_us=0 enc_us=490931 q_us=60 pkt_us=1
[PKT] seq=486 mode=L bytes=132 pkt=01028000ffee0f5c24fc03664af9196760db12695cb6f26a4fa6d66a51e82b6b76a81b6c0df9eab1f927cfa9f436c0a8f23ecea50051b4a4fe58b6a3cb0fb5a2fa69a8a2020a554300fa4934f3212b35d8254137c2133b38bde6383800c44c3abdf92d38fd08a29dfbec9fa4f808a1a2f315a5a01440a09f0f1d969f342aa49de74d949e pre_us=0 enc_us=490932 q_us=60 pkt_us=2
[PKT] seq=487 mode=L bytes=132 pkt=01028000f2f52055280c355f410a435d4bef2b5c2dcf3c5c09d53e5d2ed8415e42a3445df80294b8f41b91b20c1396b40c1494b4254094b4325493b3b54492b1485c96b4ff16423bf4102e2ef62e282dc926352dae122b2eb00e2a2dccfc2b2f9619282b0203b5a312eaabac2610b1ae340eb7ae4e2eaead313cb0ad3cfbacab3610b3b0 pre_us=0 enc_us=490937 q_us=58 pkt_us=2
[PKT] seq=488 mode=L bytes=132 pkt=01028000e1e83d56dd183b60fd0e435ef5f2435ed5fc535ed4e93a5fdbfe4f60dcc74c5f0701b8b7e827a7b1f113a1b221f8a3b21619acb12826b0b1af1da1af3832a0b1ee11543ce322442ed225372ec9313d2ea6143c2fba0c4e2ffb183e319d4e352dfc16bda2fadbbbab1b00b7ac380fbbac3c22bfab263cbeab31d7bba957d6b5ad pre_us=0 enc_us=490933 q_us=60 pkt_us=1
[PKT] seq=489 mode=L bytes=132 pkt=01028000f6f543591ef93d634ae3406354dc416454c6486542954c6543d6496767a55167f8fdd7b4f324b2ad032ea5adf635adabf154a7aa0d5cbbaabe24aea806569da904fc6340fb0b5731f31c4932da155433c4144734b1dc573301cb5435bdf938320608bc9f00f9c0a7fe0ac8a70318c0a6312bb7a51c2cb2a53735b1a30f3ca3a5 pre_us=0 enc_us=490930 q_us=64 pkt_us=1
[PKT] seq=490 mode=L bytes=132 pkt=01028000fff9135d34fb02673ef9126849ee086a53d7f06b35a2d66c54e9256d6cb6fe6d0bffefb0ff0fdaa8ef2ad2a6f83dcfa40b4cc7a21761c1a2d20fafa0055f9aa0f4035343fbfa4c35f82b3a37dc193939c61d4539c3f94a39ffd74e3bbd010f3af009a09cfdfa9da32827aca10e0b969f3634a09e27009c9e3624a29c1438959d pre_us=0 enc_us=490931 q_us=61 pkt_us=1
[PKT] seq=491 mode=L bytes=132 pkt=01028000fdf74b5932f93c643ee8446447ff3c6547c8376632aa2f673bc34268669b4f680cfee0b4fe21bdac192eb2ac0b46b7aadf5aa3a91a6baea8c412aaa7f463a3a7fdf26340fbee5d32ff235333d5146134cf0e5b34cee0653414b55e36d3e24b34f403bc9f0af8bca7eff0cba6152ed2a52535c7a42e16cda41e0cc1a20a22afa4 pre_us=0 enc_us=490931 q_us=60 pkt_us=2
[PKT] seq=492 mode=L bytes=132 pkt=01028000fdea265b2bff056558f3246544e62e6762d41c6831a808694adc286a6fa7326af9fbe1b2f925bcaa0d32bfaa0d3ccca80951caa6365acfa6cc1bb2a41160b4a406015a41fc0f4333f21a4834db164735bc174836d1f14636f7bd5038c2f74936fffaae9e08e9a5a51007afa4ff13a9a23334a4a12e0999a13521a09f25479ea1 pre_us=0 enc_us=490929 q_us=58 pkt_us=2
[PKT] seq=493 mode=L bytes=132 pkt=01028000f6fc415733093a6155024e60521045604fd446612ec54f613d02476369cb5c6201fcc8b60322c2af031dc1b0f437b8b00550c6af2762caaed71baaac0d3dceaefcfc593ef60b572fe840492fcf174e30b81e5131c2005230fa124832c530432f040ac1a112f7b3aa1206c6aa1c2ac3aa3d42b4a94015b3a93b15b7a7232dadaa pre_us=0 enc_us=490938 q_us=60 pkt_us=1
[PKT] seq=494 mode=L bytes=132 pkt=01028000f8ee3f5930fa206351fd3e6341022d6447d6366539b92b6545c532676ea34c67fdfae5b40129c8ad0a27b9adeb30b6abf547c9aa1d61cbaadc31aea82064b5a904fc6240fe044c31e9284332e12b4f33c1244d34c4015233f8f04735c2084532fa06ae9f0de39ea710fbc1a72a2bb3a64033a2a5451aa2a5401fa4a32325aba5 pre_us=0 enc_us=490930 q_us=58 pkt_us=1
[PKT] seq=495 mode=L bytes=132 pkt=01028000fb01fa5e31f5ef694ef029694ddc0e6a60b0226c4a9cf66d30fe2a6e5fdd1d6efd02ecaefc27dba5fd3eb8a5ec44b1a3eb51cba0ff4ac49fdd06b09ff051919f0300454105f03931f4164a36de0e4238bb102e36aed43335ffd8443adffd423afd02b09b070da5a0f000bba0fcf9b99e113aab9bf23ca39b1f339f9b1c44a09c pre_us=0 enc_us=490930 q_us=60 pkt_us=2
[PKT] seq=496 mode=L bytes=132 pkt=01028000fdfcee5c2eef0f6145f1306852cc086c65a9146d51a21f6b40fb217166c10971fbfbf99bfa2cf791f539cb99ee41c799ea58da940147dc92dcf9b89aeb55a59706fb1f3a05f22c30fd1a3938ec093838c5072037bad226370ed34c3deaef593bfd05bd960401b49eeb0eb49d0501b7980f33ad98ff40ad96233ab497023abf96 pre_us=0 enc_us=490928 q_us=58 pkt_us=2
[PKT] seq=497 mode=L bytes=132 pkt=01028000fe05fe4a1c05034b36da135b41c90e5e45a62e6533ca2e3c30fd346c50c21b6cfafefc940021f88dd843d491e849cf8cdc59c88bef51ee86ed02d58ed35bc48e0705044f18f418501bed35511af0275006e6064eedc7145e1fcd435116d06b54fefbd7a20218ceb6fe01baa30dfac89d2147c29e0c54afa42b19c7971711ca97 pre_us=0 enc_us=490934 q_us=61 pkt_us=1
[PKT] seq=498 mode=L bytes=132 pkt=01028000fff7fa5e31ec0a6952e3136957de196b62bb146c4fa01d6d52e9486e69b71a6ef500efacf830eda2083dcea4f243bba2f559c3a00b49d49dcd10b19fff56929f07ff3c4002f4382ff20c4835e7124d37c00b3137c1e3353403ec483bcb014d390307b89a04ffab9ffe07b0a01009c19e1734b39c0625a89a252ea49bfa1eb39c pre_us=0 enc_us=490929 q_us=61 pkt_us=1
[PKT] seq=499 mode=L bytes=132 pkt=01028000f7fdf75d27efdb684aee14693dfde86b55adef6c2caad06d26e7216e63e1196ef107efb0f32cd2a70637c5a5ff3db7a2fd51c8a1274dd6a0eefcaa9f1634939e01fe5344f4f73c35f1114237e5242d3ac219403acdf5263a05e0453ce7ea013b0407b89b0affb2a20efdbea01cf9ae9e3a25a39d2800ad9d1f1bab9b0c249c9b pre_us=0 enc_us=490927 q_us=59 pkt_us=1
[PKT] seq=500 mode=A bytes=132 pkt=01028000d2ca5951e9b1655af2c76156dfae6353fbd25e52e1cf5b53f9b65b55daba5c52eaf8b1bc260eb7b7e2e2b9bae1f1bbbcde34bdbde01ebabcc70bb5ba5c1cbfbfdf1f2638de05142adb001128e6ea0f27c921122896491527a33b19299b29122406f89ba7ece49db1d9cda4b4dfbb9fb6f5b2a9b51af1a8b54206a8b321eeacba pre_us=87585 enc_us=490764 q_us=62 pkt_us=2
[PKT] seq=501 mode=A bytes=132 pkt=01028000edfaec5724fff55d2e310064344dec693b34c96c3bd9f06e4c1b196f570dfb71e906fc960932228cfdff2a8fe8eb0790f319c8920345d495c123dc960a61db9807042e380bd8292729ef3c2e27d4483420b934361ce3223a20cc5a3ee6c4503d0b14e596e2fdea99eff7c6990323ca98ed23b496e729a199fb19ae97f3f1a897 pre_us=87555 enc_us=490757 q_us=60 pkt_us=2
[PKT] seq=502 mode=A bytes=132 pkt=0102800022f40a22071adbf6f31c1c23e23e02ffce44c1349d4eea5005600c4ba764ce56f3c409edeeeb2ad5f2d0febbe3caf9a8e7c911abdb01409d079c0190dccb348e38dd015d3ec9e1503fecdb5c3af7f15d22eb004f08b743414ab8154a18990d42b4fb23a1a8cd0f9ba9e60baaacca0e9bb7e61598bbf267a1a7f53b98afe9439d pre_us=87552 enc_us=490763 q_us=60 pkt_us=1
[PKT] seq=503 mode=A bytes=132 pkt=01028000fdee3c5927d722632a051f632be42b6446c72a655bcd40655afc36665cb73766ee06f1b41129ddaded10baadf6ebd4abec1bc7aa2d4dbeaac818a2a8264ca0a9f6fb693ff5da613100dc593203d65733f9f44633bc2d4533cbe84735bc193d320717b39fec08aba801f3bea7e71aa1a6140a9aa5fa52a8a5fc40a5a3ee2eaaa5 pre_us=87552 enc_us=490760 q_us=62 pkt_us=2
[PKT] seq=504 mode=A bytes=132 pkt=01028000f1ffeb5c18e5eb66201f11672b22dd6836de296a47d3356a5611336b56c1266cef02f3b20828dba9ea0ad8a8f1fcc9a6ed1ed7a42f53c0a4c11ba5a211479fa2fafa4742f3e24f340b0258350dd1533709e64338e73a3238ea035339cf0a4b380a1bb69dea14ada4e90bcea3e527aea1093f98a02169a9a01549a79ef735b29f pre_us=87563 enc_us=490759 q_us=61 pkt_us=2
[PKT] seq=505 mode=A bytes=132 pkt=0102800005f5e0611af3ee6b1c14ff6b4221ed6d46f9046e58da2f6f5606206f51f41f70ebfdf3a5013bf49ff219dea2e20ddea0e529c29e1f5cbf9ebf46c99d075b9b9c0302283cf6d7432e11e6513714d35839f4c44a3ae41e4639e4e4613dbff54f3c071cc196e702be9dede6be9e010ccc9b071eaa9a0f5bc299101ba599eb08a59a pre_us=87547 enc_us=490754 q_us=60 pkt_us=1
[PKT] seq=506 mode=A bytes=132 pkt=010280000af7dc5f26ebe2692903fd693c0bf36b25c9026c34e9366d37f82f6d2bd2196eecfff1ab0d33f1a40003e9a5e6f5bda2e611c7a11a51b1a1bd1eba9f373a979f04032a3f03d941320ce4553614d14d3907de403ac327303ad406503ccb15483b1518b199fc08b1a1fc01cba0fd09b09e1d04b09d463bb09d3c4aab9b0e2aa49c pre_us=87556 enc_us=490758 q_us=60 pkt_us=2
[PKT] seq=507 mode=A bytes=132 pkt=01028000ddf8dc5e03f0e1691114176afe11de6c0ae1fa6d1fde286e2f0d3b6f28d90670e105edaf0433e9a6f3f9f2a4eff1b6a1d214c4a00837bd9faf13c39eff41af9dfe023d45eddb4f360ee8683811d7513b03e0423bd4393a3cd6f55b3dc9125f3c0c21ad9bce17b3a1eb08d49fed2ab59d0e33a99bf76ba99beb55b39acd23a59a pre_us=87559 enc_us=490754 q_us=60 pkt_us=2
[PKT] seq=508 mode=A bytes=132 pkt=01028000f1ebf34d14fa00421621f164273d0e683c2cf3662dc6396a490e2e6e32ddf86fe407fca2fb46158bf21aef96e2141493db32b3931060bd95ae3fd797c66ba29709010e5207d72d4026ee3b3b28dd383a21cb4a431a13364113fe6341d4f950400d1aefaae3f5d2a904e4f19ee4e7ce9a0e0ccd9d2621c49b210fb198d9e7a199 pre_us=87563 enc_us=490758 q_us=60 pkt_us=1
[PKT] seq=509 mode=A bytes=132 pkt=01028000f6e4e6571cfcf95e1d21f164343ef26a3216e26731c81a694632356c4fe5f86de6fef59703481190e91cf196e5070197e423bd93f963bc96ad46c199d65ba19805f9203507dc312a21e1393227cf493224bf21361e1b20392214583be7eb493a1422dd96e5f7d99df1dee39df4fdd99af914bf9a1832bd9c06e5ac99ede9ac9b pre_us=87553 enc_us=490759 q_us=60 pkt_us=1
[PKT] seq=510 mode=A bytes=132 pkt=01028000eee307401506fb493620f3662a3614683d45f16b1ed93c6c4a22246d55f8fd75e3fa0fceff4320b2f20bfa99e7043397e61ad79a0567ce95a74ce492de65ae9609fdfa6512da1f5c31e820472ae63d5228c5375728eb2c5024d25c50ebfb614d0919fb9bdbededb3eadef09dec05de9a010de1982602da971df9af93ffd2a494 pre_us=87553 enc_us=490756 q_us=60 pkt_us=2
[PKT] seq=511 mode=A bytes=132 pkt=01028000e0e8d9640309dd6e0e19df6f062be8700629d77210c31d722df30f7246fbe273e002f3a20939049dfb05f89cef080e99e714c099fc60d39ab44fd999e363b1980202213a02d934281fdc323021d759351abf493813e5333a0fd25b3eebee583f0614d193d3f4d297ece6c197e101e195f925cb950933ac951208ac95e0ca9b95 pre_us=87546 enc_us=490756 q_us=60 pkt_us=1
[PKT] seq=512 mode=A bytes=132 pkt=01028000e9e9f95d130bf1422827e56527441662293bdf6c1cbf246d4c04eb704dc50474e5fbf5b8f93a249ff8010f94eb063590eb22bd92165fe597a53ae392f56b08920c06105c0cda24612de52a4a26d93d5228c8465027ec5e5418e2644dfbd76b4a081808aadbf0ebb2e9d2d2a0f1ede09d01fad39c1112b39d1510b594f4e0a493 pre_us=87553 enc_us=490758 q_us=61 pkt_us=1
[PKT] seq=513 mode=A bytes=132 pkt=01028000f0ebe85f0f14ef6a1c451c69204ee26a1d27e46c48d9116d542e0f6d5ae0ef6ef214f6a9024eeba2f701e3a3fc05c5a3f130aa9f0d44bb9fc447bc9ffd6793a0fdfd393c09d6362c2ddd603322c65e3722be2333fe1a333504d56339bee658380d1fdb98edebcf9e1af9f3a00003d19e021cad9b0b45b59c0015c99bedeec69d pre_us=87550 enc_us=490756 q_us=60 pkt_us=1
[PKT] seq=514 mode=A bytes=132 pkt=01028000e4fce0610607d26bfd22f86c012dde6e1413ff702fdd0570352ff2714cf01472e601efaaff35f1a2e314e7a1ec11dd9ee52fba9cfc5bce9cbb55b99bdf6abd9902033f44f5dc3f3412e35a3a0ecf5c3d16d43a3e0317373e03db4e40ced95240061cc098d906b49df706b09cec14ce9a013a9a990b4d9e9813129b97f34a9a97 pre_us=87561 enc_us=490758 q_us=60 pkt_us=1
[PKT] seq=515 mode=A bytes=132 pkt=01028000f2fa185c16f00667241e25671f1ef66921df0e6a39c8296b3eef116c3cbf116cee07f1b1053be3a9f91cd5a7f618baa5e038d0a30d5ebaa3c650b5a1ee6a95a10401524306e25b3429d1623626c4573817cb4c38f12c393803e7583acee64a3905089f9cee07a5a400f7c0a21410b2a01d349b9f2f5f9e9f312fa39d155ea59e pre_us=87554 enc_us=490755 q_us=60 pkt_us=2
[PKT] seq=516 mode=A bytes=132 pkt=0102800004dd1c5b26f4f1651c05076520c5276730c6196846ca246827c9356924bd136a0716f4b31a2de9aaf117e0aa0006d6a8eb17d8a70648e1a6ca0fbfa42655b4a5f80b59410ad34f3322cc5b3417d143350df74736b92a3f36d5f84538a7155536fa22af9eeb04a2a6030db6a4f70a9aa317d7a6a21f0ea1a21128a4a00814aea1 pre_us=87557 enc_us=490758 q_us=60 pkt_us=1
[PKT] seq=517 mode=A bytes=132 pkt=01028000f5f80c5c19ff0a66132e0d671518e46935e31d6a52b5276a53021b6b5eb8fe6cf616f2b10930e5a9e80ae8a8e809aea6d933c5a4045bc3a4b44bbaa2e6739aa2040d4f42f0e157341ce266350ad94f37ffda3738e52d3f38e5da4e3ab2fb4a38fc109f9dd01aa6a4fc17bca3f018a3a1fe1b929ffa48a19f114ba49ee351a09f pre_us=87551 enc_us=490758 q_us=60 pkt_us=1
[PKT] seq=518 mode=A bytes=132 pkt=0102800039f23e5850ee18622ff831614ab6356258be3e6364c33c635cb938654a9c3c640b05e8b51421d3aef20cafaef203c5ade33ec7ac1b5db8ace528adaa3b68a5ab0502633ffcd45b3014da4a31f9dc4f31e3084d32b52b4632b8e44a3492163e31fb19aea0f5fca9a90113c9a9f615b1a813dbb4a7122caba7132aada5ed22aea8 pre_us=87548 enc_us=490759 q_us=60 pkt_us=1
[PKT] seq=519 mode=A bytes=132 pkt=01028000f2eff74f1313f44f2f2eec622b4d16671b1deb6e24be1c6f340c106f3fcae574ee03ee940234188af806018df7eff98ce628b68f225fd68fc556dc8f0e73b4900605104c07dc284232e6494423c845460bbc344809f73947fad2694bd9cc5e4907fdda9ee3eddea6f4fceb9ffb04d0971b02cb97361cb9962e05bc951afb9b93 pre_us=87554 enc_us=490754 q_us=60 pkt_us=1
[PKT] seq=520 mode=A bytes=132 pkt=01028000e5f2df640efae86d1919d66e1f37e1711007fb723ebb0772500813735bc7e774ea02e9a3fc30f79bef10f99af2ffc299e730d099fa5aba97ba54cf97f86aaf97060e243ffedc3e2f1cdc4a3519bb49390fc7473c04173239f1c8643db9ca563f0312cd94d400c499f0f6de97fafdc19501159e950648c593ee0fc094dc0b9d94 pre_us=87561 enc_us=490759 q_us=61 pkt_us=1
[PKT] seq=521 mode=A bytes=132 pkt=01028000f301df661601cf6f3716d171281404741c27cd750db917752907ed7532bbdb76f2ffeca0fc2a0099f00bed99f7002096e333bf940a60d994ba52ef94da77bf930609223e0cd82f2d22e9453415df493513bf423a20e0473b13cf523ecdbd53410404c391e6f4c396eae8cd94f3f7c9901218bc911d19c69129feb29005169e90 pre_us=87541 enc_us=490763 q_us=60 pkt_us=1
[PKT] seq=522 mode=A bytes=132 pkt=01028000effce26011ecd86a0e1cfa6c2807e16e22d4046f39d908704eff10713ebbe472f0fbe8ad0725e3a4ea05e7a2eae9c49ee711dd9df942c99cb239c69bf167a19afffe3a46fee54c380fe7603a0ce5493dfdff383eeb353a3ecee45040b71550400111a999de07ada0f309e29def36b39af83c95991b689a99fa59a497e75c9a97 pre_us=87559 enc_us=490757 q_us=60 pkt_us=1
[PKT] seq=523 mode=A bytes=132 pkt=01028000fefcf74d1ffaf64a310ef4644025e36a40050b6a5bc9306a5ef4376e5fbbe572ecfdf49507310f8be50cf291ef281392f22fcd8f1958d08eb439e3910170b89208040e4a07db28421fe932402ad7494114c9284503182f43ece05945c1045d43091be9a0e0f3d0a4f2e1c69df203ce970721b39b2142be981a35b795f706a194 pre_us=87544 enc_us=490757 q_us=60 pkt_us=1
[PKT] seq=524 mode=A bytes=132 pkt=010280002d00425927cf36631400386327c3336442b73e655cb5396653ad46674e9b3767f702ceb41723bdacfffdacac0017a2abde28a5aa0939a0aac91d9aa84f4391a908016040fde961310fc5593203ca5533daf75534a6065534a9e64d35a1e544331913bc9ff908cfa705f1d3a70b01bfa61de4cba5313bcaa5253abca3fc2fbaa5 pre_us=87550 enc_us=490762 q_us=60 pkt_us=1
[PKT] seq=525 mode=A bytes=132 pkt=01028000e2d94d4df3db5555f3f34f4f20d34a4af4f04848cf1248481aea4a4aece24646fefabfbf1cecbbbbee14c0c0030fc4c43df3c4c440e0c4c437f8c2c265dec8c8e1403434c2532727d74e2424a1412222a2352222bb332222bd4a2424a04e1e1ef8c7aaaaefe9b5b5f5fbbabadaffbdbd00c4bdbd10ebbdbdeaeebbbbed03c3c3 pre_us=87540 enc_us=490756 q_us=60 pkt_us=2
[PKT] seq=526 mode=A bytes=132 pkt=01028000e9f5ee6102eeeb6c0008016c03e8076e07d716702cd634702a001c7022c62a71e1f7efa60d3aed9fe8fbe19ff6fac89ddb1db89a3650ac9cd82fa89b254e9c9afbfe2d3eebdb342e07e2553503cd4738e9ed3637b72b373accfb503dae164d3d0819c295dd12c09be10cda9bed24a59903f7af971148ab98f02ca297e838ab98 pre_us=87559 enc_us=490759 q_us=60 pkt_us=1
[PKT] seq=527 mode=A bytes=132 pkt=0102800026e5445924e22664201a3f6419dd2e6520af3e6646e83a6643fd2e6824c0436800fffcb41730e0acec0be4ac0a11dbaad529d5a9375fd1a9e534b5a74758a5a80505644005db61321dd961321ded5a3404054f34b8274d34c6e75436a51840331224a19ffaefa8a7090dc8a6fd17a1a52c10a2a43e2da6a42629a5a2062aaba4 pre_us=87551 enc_us=490758 q_us=60 pkt_us=2
[PKT] seq=528 mode=A bytes=132 pkt=01028000e5fb3859fedc246408fc336317e62e6514f63e66f3e845661f113e67f6d85a67e501f7b4183bd6acf821c2ace327d2aad44ed0a90b1fdda9c62bada75c31b2a8ec006740d7e85631f6d34a32f2dc5333ca3a48349d434c34b11e4036a33d3a330306a89fedefa4a7e8d2b4a609d8a3a50fd9a0a42a03a6a422f69ca21ae8a4a4 pre_us=87562 enc_us=490760 q_us=61 pkt_us=1
[PKT] seq=529 mode=A bytes=132 pkt=01028000caec4b57dfd63262d7fe4361ccd14a61d8293f62c10b4063cff84464c4075864d708d6b6173cb6aee61dacafcd38b4aeb860b2ad042badadb942a0ab5752a7acecf75d3eeb005b30fcd6483002f54a31d0395232a83a5231be034233ad2e3830fe06bba1ef01bea9eae1cfa915c9b8a8f9d6c4a72cf7c4a726bfa6a525d4b1a9 pre_us=87543 enc_us=490759 q_us=60 pkt_us=1
[PKT] seq=530 mode=A bytes=132 pkt=0102800007e345541fcb255e2fe14a5b49bb345b46d2325b53fd3d5b5b053b5d35c44b5b0800bfb91b27afb3e600a6b5ef1ba0b5e44a9fb5294da5b5dc28a0b3461ca3b6f5154e3be4f9532df504382cf91b402cc721402db33c3e2cbb2a392e9c3b312a0b24bda4edf2c8adedcfcfaf17e8cdaf1bf6caae3e1fcaaf2fe6b8ac0112c2b2 pre_us=87555 enc_us=490761 q_us=60 pkt_us=1
[PKT] seq=531 mode=A bytes=132 pkt=01028000b6ec424ec7154d57d00a4752cd154d4edff0454c90094d4d9f064e4f98f7484bcf099cbe23399bb9eb09a5beca20b4c1dcf3acc121f2b2c1c704b2bf4c03b8c4e5362336d5291429f8381c26eb5b1d24ab481a25a83a1924d2401f26c0481c200904a0a9e800a7b3e6e6b1b70611b5bae00eb3ba300eb5baf1dab5b701fdbdbf pre_us=87548 enc_us=490756 q_us=60 pkt_us=1
[PKT] seq=532 mode=A bytes=132 pkt=01028000ddf04953eedc555c09e9535a05ca525809c5545807d6555817f3555aeec15358e4f694ba1d3297b4fff99ab7d8059cb8c2439fb8243fa3b8bc2f9fb65039a2b9e80a1d3ad2e60b2cf2e50f2bebe7112ad217132b944a1a2ba72a1e2c9a35182805ee97a5f3ea98afdbd3a2b1f9d7a1b21eb1a4b12efea8b124d2a8af28faadb5 pre_us=87556 enc_us=490759 q_us=61 pkt_us=1
[PKT] seq=533 mode=A bytes=132 pkt=01028000e5e02955eed6225ffddf345d0ac9415df0d53a5df6e2445e10dc485ff8b84c5ee5f196b8163c90b1f70494b3d61195b3cb5294b3393997b3d83395b043259ab3ec0a403cd5f73a2ef3ec382debe72f2dc20e2e2e9d45302ea4fd2c309932272b0302b0a3f4e6b4ace3d5c4adfdc6b5ad12bfadac430bb6ad16efa9aa17feb1af pre_us=87552 enc_us=490757 q_us=60 pkt_us=1
[PKT] seq=534 mode=A bytes=132 pkt=01028000fde7f26013f3ee6b1c20156c3819db6d3be12b6e67d2176e6218366f5cd3ff70e2fef4a8053ef29fe5fdda9ff600ce9ff91bd49d1054c39db228b79d016aa19dfd06363eede02a2a19de46300aca4e36fae93e36d02f2437d0f2573ab1115c3a0a20ca97e009c59bed03e29bf510be9b0b1fa1991353a79af327bc99fe30ab99 pre_us=87562 enc_us=490759 q_us=60 pkt_us=1
[PKT] seq=535 mode=A bytes=132 pkt=01028000fcf3f05c20f4e4672924f7671f31ed692ed7356b55b82a6b5019116c65ce136df10fe5b10039e3a8f806dfa7f31be0a5e344dea30860daa3be4cbaa1ee65aaa109fd434302db4d341ede5b3625c24b3820d45139f1f74d3903d2593bced452390b1bb09ce101bca4f201d6a20630b4a0101ca69f1441b29ee8f1a09de507a79e pre_us=87553 enc_us=490755 q_us=60 pkt_us=1
[PKT] seq=536 mode=A bytes=132 pkt=01028000c9d7325713d83061e4f4326007c33f600ba034614991376125db3f6239bb4462fa04a1b61f3393afe4fd92b0040893b0d50b94af3c3997afb42093ad063d91afef164c3de5f13e2ff5ea402fe7e03730bffc4430af114530cff23632a414232efc1abda1d3ffbfaace15c7aae726b9aa010cc8a9c443c4a9e704aba7da3fa8aa pre_us=87565 enc_us=490762 q_us=60 pkt_us=2
[PKT] seq=537 mode=A bytes=132 pkt=01028000eedf4659feea3964e6094764ecda2d6509b9536630a44c6632e93f6742aa5868ee04d5b4102eb8acec07a5acf4059daae837b2a94460a6a9c02497a7f95497a8fc0c6040dbea5732fff24432efeb5334d9e14f34b2244e34c7fc45369e123333fd1dba9fc5fdb5a7cf04b9a6d134b5a50b2dafa4df50bca4f223a4a2dd3ba7a4 pre_us=87549 enc_us=490758 q_us=60 pkt_us=1
[PKT] seq=538 mode=A bytes=132 pkt=01028000fae1405718f31f6239072b6136e4226134ba436258d9446256e43e6462c12963ea00cdb60f2dacaff7eca6affa01a0aef4fab7ae4938a3adc1fd9aab2d4394adfa03633ee3ea613011f35830f6e95230eb0c5131cf3b4931ccf04933af1b46300721cba1d100d6a9e322dfa9ec29c4a91841c5a82e67cca8fe5ac0a6fb4cc0a9 pre_us=87562 enc_us=490758 q_us=61 pkt_us=1
[PKT] seq=539 mode=A bytes=132 pkt=01028000fbee445a18f02065231b3865290821662cba3a6758bb416857082e6955a71d69eb03fab3083ee2abfc19e3abee13b8a9e424d5a82d5acaa7bb24a7a50b689ea6fffa6541e5db64320cd7613307d45435f8e84f35c9194a35ddf35637a60f4b35ff19a39ed5f5a3a6d908c1a5f521a3a41325a1a21c4c9ea20145b2a0df45a1a2 pre_us=87553 enc_us=490759 q_us=60 pkt_us=1
[PKT] seq=540 mode=A bytes=132 pkt=01028000eaee265b14ed0666281d256622050a682fbe2b6936b4146a56ea256b4eb21c6be901f3b20832e4a9ef05e3a9e712d2a6df24d5a5285bb4a5ba2fa8a3f2629ba3fe025a42f3df4f331be9583513ca5836fce94a37ea393537f9f64c39bf164d37071dad9de00b9da5ec2ac2a3f32b9fa11931a2a005529ca0254aa79ef747a5a0 pre_us=87553 enc_us=490759 q_us=60 pkt_us=2
[PKT] seq=541 mode=A bytes=132 pkt=0102800008ee44592ee91863340739632ce618644ac035655ecd3d6659e73a675dc23867f0f8e8b4052fd6acf511d3ace400bfabe026d1aa3d5ac3aad21fa3a83a559ea9f7fd6540ebcc5b3100d55732f9cf5333e9e45234ba214533d7f34235af223f33fc16b79ff200a0a7dc0acaa71027a4a612faa7a51133a5a50b3fa2a3ef27a6a5 pre_us=87542 enc_us=490758 q_us=60 pkt_us=2
[PKT] seq=542 mode=A bytes=132 pkt=01028000f8ea295a1ff2ed6530232b651506ff6625d4246759bf23685923346957b92469f003f2b30435d6abf80af2aae902c4a9eb13d3a72a48bfa7a914a7a5f55fa3a6fdff5841ecdb443221ed533312d05235f9fd3a35e53f3e35d5034937b41d40350923ac9eda0898a6fb2cbda5012d9ca3113597a2215ea1a21154a9a0fc4e9fa2 pre_us=87554 enc_us=490759 q_us=60 pkt_us=1
[PKT] seq=543 mode=A bytes=132 pkt=01028000f7f1105d1cedfc67260f1e682904d26a2bb9236c5ccc046c5cf81c6d58ac136ef1fdf1b0082adca8e601eba6eb07b8a3e320e1a2125bc9a1c728aea0105da1a0fe015344eddd49350ff75a3703d14c39f9e74a3ac4183f3ad9f24b3bb119583a001aab9cdd0697a3f521bea1042fa29f19319b9e0a51949d034d9b9cef42ab9c pre_us=87543 enc_us=490764 q_us=61 pkt_us=1
[PKT] seq=544 mode=A bytes=132 pkt=01028000edf7fe5c12efeb6711162d670f08f96940d61c6b51d2216b57153c6c4db10d6df0f8e6b10b30dda8eefbe6a7ebffb5a5dc18c5a31a47a8a3b11ca5a115609aa1fa004843e8d84b3401f25d36f9da5638e6e54939c43f4439d400513ba9225739f91cbe9ce00cada4cf20d1a2e031b1a00632b19ff95fb09efe49b39dd139aa9e pre_us=87558 enc_us=490759 q_us=60 pkt_us=2
[PKT] seq=545 mode=A bytes=132 pkt=01028000ffe6f7542bfdf5402920f665272904632332ff6525ac0c6746d70d7031acf873f2f1f2a406341392ec10f199dc1e2992cc26be90e269da92a03ddb95c277cc970eff10530dd1255630f43c472dea3e4b25b74c4c2bd3494c29d45147e3cd6b46021d07abdae9dbbad8e4c9a3e000e2a204fbe9a1141fc69b1619b597ef0bb796 pre_us=87555 enc_us=490755 q_us=60 pkt_us=1
[PKT] seq=546 mode=A bytes=132 pkt=01028000f8f0f64d1902f5402d2be5613445fe5e4134db6739c3166f590314714ecee274eafef3a6f9401a92ed030390ecfe278cdc2eb690f369be94a83ce095e971c9940706155c08d51c5936f4354625d6384923cf3c4e22eb4f4814f85c48efdc61460a190eb3dee8e5bcdff7eda5dffed49df9f0c89f17eda7981e15c096e5cf9894 pre_us=87549 enc_us=490758 q_us=60 pkt_us=2
[PKT] seq=547 mode=A bytes=132 pkt=01028000f5e3015922f9e244331be6653820145d2728e66e25c2137140f8f67143d1e575e9fc00c90039169ceff9f893d9fd398cda22f293025ee097ad28e692d570ec930afb036512dc27603af0284746e63e4b27b74f511fd14c5020e5544cfcd3604b101603a5e2ebf8b5e3e3f4a3dffcef9702d5e59a280cb5983300b0930cc39d92 pre_us=87553 enc_us=490756 q_us=61 pkt_us=1
[PKT] seq=548 mode=A bytes=132 pkt=0102800003f4f45d1bf1dc672b1713682929f46a2fe3036c50e52a6c5c0c3f6d4de2166ee705edb0ff3ce6a8e604dba60004e2a3e824c8a21954c2a1b728c6a0085faa9f03ff4844f7db45351de85c3725d36239ffd83b3ae12d423ae3e25f3cca0a553a1321af9cdf0db0a3f5eed3a1ff1ac89f0729a09d134ea59d2349b99cfc389e9c pre_us=87554 enc_us=490759 q_us=60 pkt_us=2
[PKT] seq=549 mode=A bytes=132 pkt=01028000f0ff02541902ed6324142d6a3c48fa6b270ee16d39bd1c6d471f406f49f20770ea0705920736fb94f006f59eeb1af597ea37c2970b62cd95ab46d399d26fba9a06fe223205e82b2e1be554362dd2523518bb34370722293611ea5c3ddefc613c0a15d195e0fbd09dfcefcd9de91fd8990217a998ff3cbc981c27ad98e61fad98 pre_us=87563 enc_us=490757 q_us=60 pkt_us=1
[PKT] seq=550 mode=A bytes=132 pkt=01028000f206ed5b10f8f7692bd7e76a38c9206d33dad36e40f1f96d49f542704eb83070f107f99c0420e69c1038be9ee23ec69ed94ec496ef31e793ddebc09b0b38979bfe032539f5ee303013d43835fedd4c3920a8153025be2b2f3ced4e3c20e1433c0304bf960106bd9e18fab69d0925c19b1011da95000be8940408c698c6dcb599 pre_us=87554 enc_us=490758 q_us=60 pkt_us=2
[PKT] seq=551 mode=A bytes=132 pkt=01028000f2fe095a1de20f650fc91c653abc1d6735a8146843df2a683ae42b694cb84d6af302f4b30e1aebabf73fdfaae44cc7a8d64ad1a7dc43e1a6d607bba508409ba5f801524100f65333f7ce53340ed3503502a54c3612ae4c3634e5553816dd3a350207a29e0811a1a6f6f5a6a50a08a6a3defca9a2e604a4a2ef02aca0d5dbaca2 pre_us=87543 enc_us=490753 q_us=60 pkt_us=2
[PKT] seq=552 mode=A bytes=132 pkt=01028000f104245819f41d633ecb116239d8236341aa35643dcb30644ffc4b655aa74165ea0ceab50332d5ad0248b7aee94ab0adcd5fc5ace145a9abd026a0a9f8499daafdfe583fed094f31e3074d31eb244232dbdc4d33eddd48321b313d34dc0a3b311214aba00b10a8a81a01aea81235b2a7e803aea617f4afa62508a4a4c4e6ada7 pre_us=87558 enc_us=490760 q_us=60 pkt_us=2
[PKT] seq=553 mode=A bytes=132 pkt=01028000da014158fafa3f6325f036624ad5386318b5316422e1356436174c6635aa4166e00fd2b50026bfad384da7ad0d36a3ace861a8abd24aa2abc5199fa91b4199aaf0fa603fdc065931bc0e4d31ca194c32d6eb5533d1d85833fb1e4835e2474432f7fcb6a015fcc2a8fafebea8ee32c3a7c40ac7a6e4e7d7a615e6b6a4f91bb4a6 pre_us=87550 enc_us=490758 q_us=60 pkt_us=1
[PKT] seq=554 mode=A bytes=132 pkt=01028000edff245306ef375d21eb255a50e83e583cb42c5839d0355947194b5a52b94458e80796baf32896b42f4b93b7123399b8ee5794b8e25996b7c5219fb51e2ca1b9fbfd403ae619382cbe1d352bda1d312ace18322bcb05332b1233302ddf552b2809fbb4a51bfabeae2002beb03536c4b1ec24c1b106fbc1b122e3b5ae0c01bab4 pre_us=87558 enc_us=490760 q_us=60 pkt_us=2
[PKT] seq=555 mode=A bytes=132 pkt=01028000f203e65e19f4266856d9036857d1226a3cab046b34b7f46b52f12d6c56a63e6cef12f0a70124d0a4124ccaa4e721cba4bd50d4a2e351d3a2d212b0a10616afa1f7f72d39ed00402fe1052c31f1193c36d7dc3b35e8d02b361a0b403af7fe333800fcc3981606c3a10c12ad9f2657a99fd834af9df4f7a39d2ce9969dc9e3989e pre_us=87553 enc_us=490756 q_us=61 pkt_us=1
[PKT] seq=556 mode=A bytes=132 pkt=01028000f4ff2c5421e43a5e2cd4305c67cd3a5c40b1355c40ce2c5c5309455e57a74b5df20ea9b8fe1ca5b2323c9eb4181da3b4e245a7b4ee3aa1b4d1d59fb22e1ea8b5fa01513bdc234c2dcb16442dca21452dc513552ddbf15b2dff23462fdb4a352b0c0ec4a31b12d9ad2c0acdae1e34d9aee21becad1004fbae2600d0abe0eebab0 pre_us=87551 enc_us=490758 q_us=60 pkt_us=1
[PKT] seq=557 mode=A bytes=132 pkt=01028000f1f9245213f5375c33dc31593c013c5820b7295731d04558411f48593eb25157f61ca1bafc2898b42f4f99b7f52d9cb8da6294b8d8509db8c4239ab60e2da8baf5fb4739e41d352cc519322ae81d2d2accfd2d2adee8242a1426242cee3a2327070abba521f3c2af1413c1b13c39b8b2f513bab114dab2b226d5abafdfc8b8b5 pre_us=87542 enc_us=490757 q_us=60 pkt_us=2
[PKT] seq=558 mode=A bytes=132 pkt=01028000f707015617ef0b6728ca086938c92b6d37bee96d3fe7006f56f13c6f50c12b70f2fafa96fe13df9c0359cf9ccd42e19cd449e496dd47e098e30cc199f250b09afbfd2338fe053434f9f13e3608f03e38fbc036340db62e3729f94e3dffe14d3dfe03be970d22b09f0306ab9cff2bae99e012c496110fa7980e30a498a911af99 pre_us=87557 enc_us=490760 q_us=60 pkt_us=1
[PKT] seq=559 mode=A bytes=132 pkt=01028000f60aee5f1bed15694cca10694ec3286a40a70e6c3ac2266d46f8436d51a8486ef104f1a8f916d2a41a51e4a4eb42c5a3cd53d5a1e938e79ecf0fa99f16319ba000fd2d3cf80c3e30e3ff4a33fa044136dbd25036f8df3f331b1e4739f71b3238ff00c8981a13bfa1210ebb9f243db29efa20d09c120ec49b1f03a99bcef0ab9c pre_us=87543 enc_us=490756 q_us=60 pkt_us=1
[PKT] seq=560 mode=A bytes=132 pkt=01028000f006ec5d0fe5006748c8e6675bc1296848b2016942cdfd6b53073c6b4ab83a6be70beeaafe21c9a71a52c7a7e929d0a7ce50d9a4e43adea0e1f5a6a31621a6a3fdf8353bef13352fdcff3b31f81b4635e1d8353301dd1d30223236380a0918350b0cca9a131db4a319fdb9a21845b2a2dc1cc49f0917ac9d0c02a39fc2d3a5a0 pre_us=87547 enc_us=490759 q_us=60 pkt_us=2
[PKT] seq=561 mode=A bytes=132 pkt=01028000f009085a15f3186523c2136548b711662aa80f6739b91c684c00316943b94969e40ee7b3fd2ad3ab1253cfabfc48cda9d357cfa8dd4bc4a7d724a5a5fa369aa6fdf75641f4fe4a32dcfd5033eb0a4c34e1d64d35f7dc35351d174337fc0f2e350c01ad9e2403a8a61bf8a6a5143aaca4ed1aa2a310079da31ee8a3a1d0bca8a2 pre_us=87551 enc_us=490755 q_us=61 pkt_us=1
[PKT] seq=562 mode=A bytes=132 pkt=01028000fa06e95620f9f4634ccb23675bc5246a31bc006b45e4086c50ed3c6d55b9416ff806f9980212cd9a072fc69fe92dd49dd551d09af130ec99ece3aa9c1048929efaf42836f5fd2033e5f33735f1f23737e1b328350db83b362809443beeff363b0000c8971415bca21218b39e0547a89ddb2cb79afff2a39bf710a49acffaa69b pre_us=87554 enc_us=490756 q_us=60 pkt_us=1
[PKT] seq=563 mode=A bytes=132 pkt=01028000e9f727540cdf2e5e3bc1355b3cba3f5b1fba355a1de13f5b20113d5d43a8375bef0795b9061d93b32a4395b5ed5496b6f25d91b5ec3695b5e02f95b3304394b6ef073f3bdb003a2dd503332cdc19302cedd82b2cf5ef2b2c102a2d2ee337252a080cb1a4190dbead1f15b7af0ffdbaaf13b9b1af23b3b1af33e2afac15f5b2b2 pre_us=87547 enc_us=490757 q_us=61 pkt_us=1
[PKT] seq=564 mode=A bytes=132 pkt=01028000ddfc2b5708f8396224e537614ae4416125ab2f6219e831632bfb496454a34464e8fba5b6fc109bae08389faff2379baee95d96add84a95add03395ab145897adf306533ee9234a30c5264f30c3264631ba1b4d31cf0b4731f12e3a33b34e3f30fffbbfa11515cda9160fd1a9163bc8a8ea1dcfa812e7c3a82907b1a50837bba9 pre_us=87546 enc_us=490759 q_us=61 pkt_us=1
[PKT] seq=565 mode=A bytes=132 pkt=01028000f0fd265523e03a5f36bc2f5d3cc33c5d40a4305d44e63d5e4c09385f6398505ef404a7b80719a1b106429db3db52a2b3d25e9bb3e64096b3e31c98b00e4ea0b3f506543cf01c4a2ed90c4b2de53b4a2dd2ea482ef1f6322e0a3d3a30d43d2d2b0702c4a31218d4ac0f0ddaad0a31e1ade403d7ac0aedbdad0f00b4aad00ab7af pre_us=87558 enc_us=490758 q_us=60 pkt_us=1
[PKT] seq=566 mode=A bytes=132 pkt=01028000f2fd255410f1355e3ec8285b4ed8385a27b33a5a20eb1b5b2afe315c47b0495bf40096b9021e94b3264a93b5064c96b6cb6597b6d85a91b5cd3c96b3eb5e9eb7f509413be221382ddf193a2cd845332cd70b332cfe03412c1827382ee8512829070db4a4180abbad18f9c3af1b27bfb0ee17bdaf1fe7d0af3af3b6ad14f6b4b2 pre_us=87549 enc_us=490764 q_us=61 pkt_us=1
[PKT] seq=567 mode=A bytes=132 pkt=01028000f9fcf55d1ef506671fcafb683fb5366a3da8fe6b42000b6c37fd236d48a22e6ef503e5b0f521d6a80648c9a6c553c9a4e64bcfa2e83cd0a2ef24d2a0e960a6a004024244f902443512f53437f6fe4b3903c1483a0ecc4e3a2417503b0ad34b3a0005a79c131ba5a31b30a0a1ee4ab19fe642b09e000ba89d181ba69cc214b09c pre_us=87548 enc_us=490755 q_us=60 pkt_us=1
[PKT] seq=568 mode=A bytes=132 pkt=01028000e8f9275702e534612cc93a6054b03e603c9e3f6138c42d6146e23e635a994862f3f4a5b6f51c9eaf1b449db0fe5796b0ca639eafe24395aecf2296acfa6497aef8fe553de9164f2fe421432fed223b30c6f74b31e2f44b30f9134232be30392ffdf6c6a114ffd2aa0a17c1aa091ac0aae6fad4a9030ed2a92827bca7f218bcaa pre_us=87549 enc_us=490762 q_us=60 pkt_us=1
[PKT] seq=569 mode=A bytes=132 pkt=01028000fd01ec5d26f607673ff4116854cc146a42a4156b37df1f6c4a0b256d67923c6d0207e5b0fc18d7a8e451c9a6d34dcaa4ca57cda2df3edaa2f024b7a0fe6fa2a000043843fff64e35f2e24137fbff3b38eec84d3902d252391f06563bddf1413af706aa9c0416a2a31c1bb5a1f948a89fd236b69efefda69e0a0fa79cd62ea39d pre_us=87551 enc_us=490762 q_us=61 pkt_us=1
[PKT] seq=570 mode=A bytes=132 pkt=01028000f607e75f1bf20e6945d31b6955c0186c369fe96d35c7ef6e4ff4246e6298086ff705e7a8f617d5a51b46d5a31a51b6a0de5bcf9deb5ade9dda3bb49e1269ce9efffa2c3efc0a4632f60e4434eb143235dfde323308e33e3414ec443ad9204f39f8f7bc981a07b0a12801af9e211ea89beb13ac9908d39d9a0fdd9f9ad702979b pre_us=87552 enc_us=490760 q_us=60 pkt_us=1
[PKT] seq=571 mode=A bytes=132 pkt=01028000e5f63454ca19425ed5f5385cf00a355b0afe2f5beb0a1a5cde1f3d5ee6f4305cf5079cb9e01096b2371e95b4040896b52b4194b4fb3e92b4c02697b2522b98b5f9fc403bdc26332db52b332cb633332cc045382dc4323f2dc13a362faa59362af5e6afa307f0bbad051cbeae1f34baaf1547c3aef20dc2ae01ebb4ac1c37bfb1 pre_us=87554 enc_us=490757 q_us=60 pkt_us=1
[PKT] seq=572 mode=A bytes=132 pkt=01028000f008f95e12ed0a683bc3fd694cc8026b22a0026d30cc076d48d3146e5b94166ff907eaaffc06c9a70e34d1a5ef4bc8a2c758d6a0e148d1a0d92fbc9ef55fbb9efbfa5044f21f4836d8035638dc174b3acee54e3bead4473bf7054f3dc900453cf8fa9e9b0c13aca20514a6a0fe31a09de90f949cfdf4929c2a16969ac327919b pre_us=87551 enc_us=490759 q_us=61 pkt_us=1
[PKT] seq=573 mode=A bytes=132 pkt=01028000f608f45c13f8f96648d623674fbe2a693cac116a3e00fe6a501e4c6b58bc336ce30beeb1fd2ad6a90946cfa8dd4dd6a6ce50d8a4ee43d1a4dd08ada20457a0a2fffe4c42f1fa4534eae75135ef0a4e37d5c044380acf433826384f3ae7ff53380e03af9d0a0ca6a40a14b1a30441ada1d31ca2a0f5f4a79f121bac9ed50bb89f pre_us=87552 enc_us=490757 q_us=61 pkt_us=1
[PKT] seq=574 mode=A bytes=132 pkt=01028000dbda524fc8085d58d3eb5753c4085250f2fe544e07dc594ff9135950f0f8514de6fdb3bdfa0ab1b921e8b5bd2303b8bf4c16bbc02217bdc0e9f5bcbe4bd3bbc3eb252b36cd381c29bb1a1c27b3261d25a9351626a6131225b81417279d391721fddca1a803daabb3fbc1b1b7f7d4b4b93c17acb8260faab9e6efacb63609b7be pre_us=87565 enc_us=490756 q_us=61 pkt_us=1
[PKT] seq=575 mode=A bytes=132 pkt=01028000d4ea3851cb02445abdea4456ca063b54ff173b53e2031953e13b3455ad054852eff79dbcf1119cb731f39fba33019ebc4a1ba2bcfb179bbcdffba5ba3de4b1bfea083638ca282c2abb262328a9162527b53d2d28c2253c28e320392aa24b2924f6faafa705ebb2b119f5b4b43701b9b51815c2b50aead5b5e6b5bab31efdbfb9 pre_us=87549 enc_us=490757 q_us=60 pkt_us=2
[PKT] seq=576 mode=A bytes=132 pkt=01028000d5054a4ac40b5252b8f84a4a99124444ed194040e4eb4141d1be4343a3953d3de604c1c1fefebebe43d8c4c4e1ddc8c849f9c9c914f9c9c9b6e7c7c759bfcecee74b3232cb3c2525bb3c2121b13b1f1fa5381e1eab441e1eb71e202092231919f9bbadad07b0b8b8ebb6bebe07cac2c24de2c2c200edc2c2e9b1c0c012b1c9c9 pre_us=87565 enc_us=490761 q_us=61 pkt_us=1
[PKT] seq=577 mode=A bytes=132 pkt=01028000db053757cd044162e2123d61d6f94d62fae14f62e8f43263cb1b4964dee45764ed0fc9b6e31eacae2d26a3aff311b9ae2440c4adf34ab9adce1da8ab5228a9acfafb5c3edf284c30b32a4930b1285031c2425a32b8206231c6264a33c6673b30f4f1b4a10ef2c9a90301c2a9261dc8a8123acca7e9fbc9a708dbb9a50220b0a8 pre_us=87547 enc_us=490756 q_us=61 pkt_us=1
[PKT] seq=578 mode=A bytes=132 pkt=01028000f3fe395921f149633fbe306346c34d642e9b39652cc5456536e43f66488c3d66fa18d3b4fb20bcad263dafadfa4ac2acc450b3abdc48a8aaeb13aea8e15fada9fdf6653ff50d5431eb085732d4fb5a33ded66033f9cd52330ee15d35e10a6f32fbf0b99f1608c8a8040fc1a7e63bcaa6df1cc3a50a0fc4a51207c9a3d8f2f8a6 pre_us=87551 enc_us=490759 q_us=60 pkt_us=2
[PKT] seq=579 mode=A bytes=132 pkt=01028000d7f23252d512375bb7034158abe63c56dcfa3a55d0ea1956b6223c57ad143555f1ff9ebbf51897b528fd9db9fce29eba49109cbaf91899bae0069fb84adfa5bcf1163c39d422352bbf2f2c29aa252929a5323029ae353d29d630312ba92f3226f500b2a6faf3beb016fbb7b21df8b5b42429cab31528cbb3e6c4b4b10f07c4b7 pre_us=87556 enc_us=490756 q_us=60 pkt_us=2
[PKT] seq=580 mode=A bytes=132 pkt=0102800007f5015c29faf0663ad61a6754b43168379f056a43cc0f6a4806296b5bb4486c07ffe0b2f411cfa90043d5a8ef4dd8a6d463c2a4e358bfa4ff1d9ba2f75c9aa2fe094a42f0f33c34ed174735e5175437d7dc3a38fad14138151f3a3aee233c38f60eb49d1811a4a41d20baa30830b0a1e027a9a0080bb0a013faa29eeb17a99f pre_us=87550 enc_us=490758 q_us=60 pkt_us=2
[PKT] seq=581 mode=A bytes=132 pkt=01028000c2364242a4364848973a3d3d8e40313186372b2baf3a2c2cc32f2f2f8f2b28280fe2c7c7fed9c6c613ddcece32f4d5d5d3c7d7d725d6d7d706d7d5d507e5dcdccd5b2b2bd2582020d13c1a1ac6431616a3291515c0221414e51e1616d5191010fbf4b3b30bf0c0c0f1e9c8c8f611cfcf31f6cfcf22e3d1d1e0d5ceceefdbd8d8 pre_us=87545 enc_us=490752 q_us=60 pkt_us=2
[PKT] seq=582 mode=A bytes=132 pkt=01028000d3f7464fc4294658bd243d53b0f83550e22f394ed1183c4f9b324951c7342f4ded049ebdf91097b949069bbd0cd4a0bf58249bc01a179dc0cbd9a7be31e29cc3e91b2436ce141a29b8181b27bd0d1b25a9291526b10f0c25d21b1a27a80f1122f5dda1a80fe6abb3060dafb615f8adb9213cabb8ec32a7b9cfe6afb61825b3bd pre_us=87548 enc_us=490760 q_us=61 pkt_us=1
[PKT] seq=583 mode=A bytes=132 pkt=01028000e00d4b4bd0015252affe4b4b9f234545c30b4242c4ee4343bf174444a40f3f3ff208c1c1fbfdbebe3ee2c3c3ddfbc7c75105c8c80104c8c8e20dc6c63ececdcdec523232cb3f2626bd4f2222b53e1f1fa04b1f1fa1531f1fc3452121a5401a1afabfacacf9b8b7b703d9bdbd1fd9c1c14af5c0c0140ac1c1d0cabebe12edc8c8 pre_us=87544 enc_us=490756 q_us=60 pkt_us=2
[PKT] seq=584 mode=A bytes=132 pkt=01028000fa08f35d1c0103672bdb176853bc1c6a3bb7006b46ff1e6b511a456c41aa456def00eab1ff19dea8fa48caa70349b3a4e258c3a3f648c5a2c919a6a1145d93a0fc014243f8064d34e9f44f36ec085038ead24d39fad74d391228503beb163e390a00a79c1d1aa9a3150cb4a10c45bb9feb38af9e03fca39e2a22b69cd716aa9d pre_us=87554 enc_us=490759 q_us=60 pkt_us=1
[PKT] seq=585 mode=A bytes=132 pkt=01028000f6f7255304f6385d3ce7315a46bc365925aa335930d5395a3f1b505b6aa8435afef595b9ff2c94b3004093b6f15094b7c66994b7e15497b6ca1a9eb4056996b8fc163f3ae81a332cd51b322bdc2e302bd6082b2cf516312b0f2b2c2dc9471d290d0ab4a41003b9ae141bbfb0024fbfb1ec18b4b010f1b8b022dcb1ae1236adb3 pre_us=87551 enc_us=490758 q_us=60 pkt_us=1
[PKT] seq=586 mode=A bytes=132 pkt=01028000d6fc3154eb0b375ef7ee3c5c41e4375b41c8225b1fea2b5c311e3b5d53d2315cf2fc98b9f21d95b2fe2d97b5313897b51e5692b5e15197b4b7219cb23f5099b5f2173b3bdf2e382dc238312cbe2c352cc63d402dd834432d0231402ebe56372a0300aea40800bbad1011b3ae382bc1affc42cdae0904c8ae2decbcac3e38bfb1 pre_us=87549 enc_us=490761 q_us=61 pkt_us=1
[PKT] seq=587 mode=A bytes=132 pkt=01028000e9e5435607ed3e6040d9355e5dbe3e5e36a8485f48ca525f38244d61679b5560ec0fd4b7f124bbb00445b0b2014ebbb2cb60bdb1ee52d1b1c804acaffb4aa5b1f60e593def17532fe7224d2ed42d502ec1f54b2fe6fd522f11273f31b749322df90fb4a21f04c0ab0816ceac0c33cbacdc0cbfab00f5b4ab13f3aca90a04b3ad pre_us=87546 enc_us=490758 q_us=60 pkt_us=2
[PKT] seq=588 mode=A bytes=132 pkt=01028000f9e4285511ea2f5f35e0325d47b4355d21a7345d29d42b5e490e3f5f5fa6255e04f2a0b8f71d97b1054795b3f25196b3cb6091b3e55591b2bf1a94b0165994b3f6104b3ce612402ed827362dec4a3a2dcb07332ee8df342e152b3230ad3e402b040fbca317f5c5ac1213beadf63cc2adf719b9ac1af1b8ad350eb1aa1c1aceaf pre_us=87549 enc_us=490761 q_us=61 pkt_us=1
[PKT] seq=589 mode=A bytes=132 pkt=01028000f2ed3b570dfa36612cf2396063dc446130b2476137e54862370d4a6361bb4c63fd09c7b60125b1affc4ab1b0073dc1afe562b1aee65cb3aecd27a5ac1c5b99aef6095c3eee124d30d8165030db365530ce1a4b31d2f74a3111264233bc4d352ffe02baa114edb9aa2bfad0aa322bc8a9e63dbea812efbea832f7b0a6252db2aa pre_us=87547 enc_us=490759 q_us=60 pkt_us=2
[PKT] seq=590 mode=A bytes=132 pkt=01028000eaf8385302f83f5d25ee465a58e6465922b4405929ea505a430e555b57b7525af6f597b9fb2a93b3fb4396b6105195b7ca6793b7e36299b6cc3a9db409619fb8fa17313aec19272cd5281e2bd722172bc3101b2cd30d172b072d202dbe4917290e07a5a417f2adae251aa6b02142a4b0e828a6b019dca5b02ce6a9ae1bfea9b3 pre_us=87550 enc_us=490759 q_us=60 pkt_us=2
[PKT] seq=591 mode=A bytes=132 pkt=01028000e6fd47520708565c2cd64a5859e0495632b54e5640de54564d05545869ca4f56ebfb96bbf22b9bb5133e98b8084a99badf699dbadb60a0b9c523a1b70457a4bcfc132039dd26162bd626162acb331329c21d112ac6fa0f290f2d1d2baf55172609f19aa613eaa3af281aa4b20440a4b3dd13a2b20fe0a4b32cdca9b01206afb7 pre_us=87544 enc_us=490762 q_us=60 pkt_us=2
[PKT] seq=592 mode=A bytes=132 pkt=01028000ebf441551611395f2ef2365d52e73c5c2eb0495d25d1445d3918465f4aba575de30dbcb8fd35bab2242ca6b3f92ea0b4ee54b3b3e455b0b3d9229fb11334a8b4fc094f3cdc244c2eda273f2dd6333c2dc514422ed702442e0424392fe0602c2b11ffb8a313f7b9ac3826bead303cc5ae0e4abead27f3baad2be4b2ab23f6b2af pre_us=87556 enc_us=490760 q_us=60 pkt_us=1
[PKT] seq=593 mode=A bytes=132 pkt=01028000ecec275516f32e5f39dc345d50c9345d26a0365d2cf82e5e5516395f54ab3d5ef2f7a1b8ff2099b10a4695b3f75394b3d86196b2db6296b2c73e92b00d6795b3fa044d3cec20442edc263a2ddb19392ecffe3f2edff73b2ef7263230d833302c02f8bfa317f2c4ac221dc6ad1d2cc7ade71fcaacf9d1beac2e0fb0aaeb08b7ae pre_us=87547 enc_us=490763 q_us=61 pkt_us=1
[PKT] seq=594 mode=A bytes=132 pkt=01028000f105425812fc236340ce31624fcb356327a831643ccd356549093c66519c4866e901ecb5fa2ccdad1b40c0adec42c2acbe69c5abf34fbdaac22ca6a9fb5ea1aafdfd643fe5005131d8194f31db185332cdd85433fef74d330e2c4235e1193f320910b2a00f02a2a8020dc3a7f93fb9a6d91dada50ef7b1a52d00a5a3d916ada6 pre_us=87554 enc_us=490760 q_us=60 pkt_us=1
[PKT] seq=595 mode=A bytes=132 pkt=010280002ef6f24819da0d4819e2ed560dc0f356b402fb55e616e82cecfd1266ccd0126aeb11ff97db3a0a8fc557e994c23fe791db4c0e8cd3280489b10ee494c559cf952f11124720ec2e411fcc384310af394508b936482be52f544602364619a65d40c112e5a2bf16d8aea813dda8bcfde3a4bdfb0cb0d9d9dcb3d0cdba9db5c2b29c pre_us=87552 enc_us=490758 q_us=60 pkt_us=1
[PKT] seq=596 mode=A bytes=132 pkt=01028000f30d325918f02b6434cd356454c13365359e37663be53466470e436852aa5268e90ef5b4fe27cdacff49b9ac0750c1aad865d1a9ee41cba9cc17a9a713479fa8fffc6740ed095532e8fd5232e6075434c8d95b34f4d54a3417254436eb1539340b04a69f100aaea71d04baa6162eada5dd20b4a4fcf09aa42407a3a2fc1ea6a4 pre_us=87544 enc_us=490759 q_us=60 pkt_us=1
[PKT] seq=597 mode=A bytes=132 pkt=0102800018eb0841faea023ff5eef05bf5070b53b71fe15ddd102251f5f01a6acc0bfb6dce0004beb726139eb130249ac3162194cd1641a1f0fe339fc5c1dc99c9241d9544f1fd6049c32b4e43aa2b4140a5344915ba465434c1275b5cce38413ab45735d7e1f9afcbe0fbb4bdf90ca9bf1f1badc5022bb6b8ceccabacf0c99ea9d71697 pre_us=87550 enc_us=490755 q_us=60 pkt_us=1
[PKT] seq=598 mode=A bytes=132 pkt=010280002bfdf35d33fa086835cb086941baff6a14a4ef6be8e41c6ce20b336c1ca24c6dfe02eeaf0a18d8a5034db8a5e754bfa4c55dc1a2cf3dcb9fd422a5a1fe4098a10efc4841f905362fe1fc3833d9034037d0bc3135ead335340f2c4a3ad0013f390d00b79b0a23b2a0020ec1a0e138b09fd0ffa69de1e2aa9cf807aa9da2fba69e pre_us=87551 enc_us=490759 q_us=60 pkt_us=2
[PKT] seq=599 mode=A bytes=132 pkt=01028000f300f75912eb206332e627634bbe1f6430a6196540e5f9655100336644984766eb18e3b4091cd4ad133fb1ad3a45d2abe356d2aafa49c2aad6f99da82334a1a9f9f8503fdc154a31e4103c32d40a4633d6f43f3301eb3e33031a3635fa2f36320a0aa99f1819aca8210daaa70132a8a6e1f9a1a507c8a0a52cf39fa3e5d0a5a5 pre_us=87554 enc_us=490759 q_us=60 pkt_us=1
[PKT] seq=600 mode=A bytes=132 pkt=01028000f7de4850fde74d590b054a55e7044a51c9004650bbfb4951d9215153b8ea4d4fec119ebd2c3199b8ee22a2bcfa26a6be4708a7be0af7a9bed70badbc6f33b3c1e8212337ce17162ad5391a27ac211826df1e1c27e2182126c4592328a2501d231d0e9ea805dba7b208faadb5ead6b0b7f9c2b1b7f1e0b4b72e05b3b5bee2b9bc pre_us=87569 enc_us=490762 q_us=60 pkt_us=1
[PKT] seq=601 mode=A bytes=132 pkt=0102800011ecde5013f4f15e07fc275e06bf075dc8b4f75ccbbe0f5d28d82c5e38d9e65cefcf12a3fe0323a3f6ce24adedd515b0f0f2faacfed1feade4d7eaaeeb3ceeb222c6402d21bf251e26c1592424b7372705d7262508c3232633ae612c199b5728cc09f59dcbd9c0a5c205fda9c1f0aeacd9d6b2a8b9eca8aab313eeaab7e0c6b0 pre_us=87548 enc_us=490753 q_us=60 pkt_us=1
[PKT] seq=602 mode=A bytes=132 pkt=0102800004cf484ffae4535925ec53540d034d51c0114b4fc4f1525014275152cfed4e4ee50f9bbd2c339fb8f93ca9bce626a8bf1222aabffb05b3bffa15b0bd541db5c2e7142037d32b1729bb2c1727a31d1426e20b1626de261a26cb3f1f28c53a1b2224169da812f5a7b21c04adb6f0d7afb802c3b2b7f2d7b2b8fee3b1b5d4e5b9bd pre_us=87554 enc_us=490760 q_us=60 pkt_us=1
[PKT] seq=603 mode=A bytes=132 pkt=0102800000ce4150fadf2c5afacf4455ed0e3c53b2163c51c90d3e52f10d4b54ceda4451d90ba0bc253a96b70d20a1bb013ca2bd2505a3bde9f0a3bd15f2abbb5ff6aec0f21f3337ca1e312ac31a2b28a7172727e0002827d0122627c1382829bc1b25243224afa70defb7b1f701c1b5d8fcbab6f2cdb9b609f0b9b601deb6b4dee7bebb pre_us=87545 enc_us=490754 q_us=60 pkt_us=2
[PKT] seq=604 mode=A bytes=132 pkt=01028000f4db3050f8fa2e5aebf53b55effc3a52a8f74051ba243c52e11f4554cefe4350eb2bb7bc29319cb7d93aa4bbf22da8bd35fdaebde305b0bd040cb0bb591ab2c0e40e5037d823372add2d3128a5202c27f0182f27e2103327d33f3029d33b28231c1ac9a7f7d7c4b12810c1b5e9bcbdb6fabbc1b608d9c8b6ecdabbb4e6e4c3bb pre_us=87551 enc_us=490759 q_us=60 pkt_us=1
[PKT] seq=605 mode=A bytes=132 pkt=01028000f8da474e03d25356ffd94a510001424ccd073f4aaaed3f4b02154c4ceace4348ef269cbf3238a2ba151fa7bfee3da5c21802a7c3f6fca5c300e3b4c153e6b6c6df0c1c35cc241128c6171725ab1f1023fbfd1523de1d1623e72f1f25e3241b1f1c119ba915e5a8b410dfb0b901deb0bc22d0b2bbf1d6b4bc01cdb7b9ded9bfc1 pre_us=87546 enc_us=490760 q_us=61 pkt_us=1
[PKT] seq=606 mode=A bytes=132 pkt=010280000ad9295007ee365909f43555fbf52c52b4e73450a5ff1f5105294753d4dd3c5000309ebc2a2097b8fa379bbb10329cbe3d03a1bed4049abef4eda9bc70f5abc1e30c3f37c526322acc1b2827c10c2d26e9162a27ce0f2c27cb322828b32026231c10b6a7f9dec5b20a05bdb5fccfc2b7f0c5bfb6eaccbeb7f6d8b6b4c8dfc0bb pre_us=87554 enc_us=490758 q_us=60 pkt_us=2
[PKT] seq=607 mode=A bytes=132 pkt=01028000fdd83551ffe8395b1bd73d57f3e33355b0133554a9063b55df0e4857c9ea4354e41bb9bb2830a2b60e2ba3b9e40bacbb410aabbbdffeaabb0302adb866ffb3bde9095238cd26432bd71a3729b5113d28e8063729dc153729d241332bbd2a2f252520cba604efd6b00600d3b30bced3b4f9bdc2b3e8d7c8b409e1bab1cabcc2b8 pre_us=87566 enc_us=490757 q_us=60 pkt_us=1
[PKT] seq=608 mode=A bytes=132 pkt=01028000f9e54353f2eb325c02ed515aed203658b1ff3e58d61e3358011c455abedf4d58e32ddcba2b2db1b40521c0b7e824b3b82007b2b8ec03b8b8fb04acb661e1b6b9ebf95c3acd234b2cd22b3b2baf12402ad3123e2bdb14472bcf4a382cc93030282820bea503e4c2aff808ccb1e8e5beb2f1e9c6b113eec6b111efb9afcab6bdb5 pre_us=87559 enc_us=490760 q_us=60 pkt_us=1
[PKT] seq=609 mode=A bytes=132 pkt=010280000ed9345105f3235bf4e63b5703103e55c8032654c31f2c54e7244056bed94553e226b8bb283099b60034aab9dc25b1bb230da8bcf203a9bbfe03adb966e4b6bee8065338cf2d3e2be42d3c29ab323f28e9fd4429df1d3d28da46352ac22e30252d17d0a609e1cab01012d5b301e3d7b51ac4d6b404dcd1b4fcebbdb2cec8c8b8 pre_us=87546 enc_us=490757 q_us=60 pkt_us=1
[PKT] seq=610 mode=A bytes=132 pkt=01028000ffdb3350e9063059dde44e5508ff3b52ad0b3f51b10c3f5201284553efeb4c50e02ab7bc2b3aa1b71d34aebb0745b1bd2506b1bee102b4bd1100b0bb58f9bec0eb064e37ce253c2aed2e2928ae313427ea183327d5243727e0523029e1332723240fc4a702d7cbb1f9f0bfb5fad3cbb7fbc6c7b614d9cbb602e8bab4dbd4c1bb pre_us=87574 enc_us=490758 q_us=60 pkt_us=1
[PKT] seq=611 mode=A bytes=132 pkt=01028000f2e23151f1f3325beee03c57f5f13655b2033654b9032f55e6244357b3e94854e52bb4bb2c2b9fb6033ea8b9df26a5bb1a08a8bbed14a7baf109a7b845fcb4bde4015138cd283e2bda163b29b5223528fe143629e40f3c29df56332bd3242d261b1ccba6ffe1cbb0150dcdb307c9cdb41cc7c8b311c0cfb41feabab1debcc2b8 pre_us=87562 enc_us=490755 q_us=60 pkt_us=2
[PKT] seq=612 mode=A bytes=132 pkt=01028000fbd23c50faed295a06d5445605e74053c0f93a52fbf93e5320144c54c5d94b51e717b8bc2e2f9eb7f81aa7bb011ba6bd33f4b2bd2ae6abbdddf9b2bb6f0bbabfe70c4c38cc20452ade272e28c21c2627fa063728e00a2d27c6532c29b04027242527c9a7fee5d4b110ffbfb40fc7bbb617ccc6b5e1d5c1b62407b8b3c0d4c0ba pre_us=87571 enc_us=490759 q_us=61 pkt_us=1
[PKT] seq=613 mode=A bytes=132 pkt=01028000efc8534df4fe5c5618cc554ff41d504bd4e64b48c9f64b49f7014d4bbeef4846ee0db3bf3f18b6bbe80bb9c0e6fdbfc334e2bec409d8bec4fefebdc25f05c3c8e0322534d53c1927b93e1724b7391922f1211c23ce241e22be532024994d1a1e27fda0aafdd9adb5f901b1ba23f9b7bd14e0b9bcf9dab9bd11fcb7ba1a11bec2 pre_us=87545 enc_us=490757 q_us=61 pkt_us=1
[PKT] seq=614 mode=A bytes=132 pkt=01028000f8c24c4c06e9545401fb4d4d0aea4848c2f44545ade94646da074848d8cf4343f4ffc0c02d11bcbcfe08c2c2f6ecc5c526e6c6c6f8e1c6c623eac4c46e03cacadd453333d94d2727cc5d2323b4452121df382121c3362121c04a23239e5f1c1c1cdaabab14cab6b61af4bbbb34f3bfbf08dabebe10efbfbf00f2bcbc1205c5c5 pre_us=87575 enc_us=490760 q_us=60 pkt_us=1
[PKT] seq=615 mode=A bytes=132 pkt=01028000efd1474ef207515704f04c52f7144f4ebcf74a4cbfe04e4df30d4f4ec1db4b4ae7159ebe2f34a1b9e61fa7bed62eb5c12716b3c1e8e2b8c11009b5bf670dbdc5e2272136cd341828ba3a1726b6271924f0131a24d3121b24c2462026b4301c202b0b9ea906e0aab400f2afb80fbeb4baf0bfb4bae8b8b5baf2e0b4b8fcedbdbf pre_us=87574 enc_us=490758 q_us=60 pkt_us=1
[PKT] seq=616 mode=A bytes=132 pkt=0102800008dd4052f9e0295c1de33c580a123e56cf062d56ca083a56001a4258c8e44356e50a9fbb234094b5d93499b8ec2e9eba201f9abaeefb9cb901209fb7691ea5bbf3263439df0c362bbf0c282ab92d2b29ec16342ada082f29c94c2f2ba93429262d1eaea612f2b5af0904b6b21fe8bdb312d9c2b2f7dcbfb318f3b5b0cee6bdb7 pre_us=87560 enc_us=490760 q_us=60 pkt_us=1
[PKT] seq=617 mode=A bytes=132 pkt=01028000f3dc4651f0e94f5b20c94a57f2164a55a9fa4a54d0ff4955e1fd5056b3bf4f54e6fd98bb273b98b6d43399b9e9289dbb26099fbb00f59fbbf70ca2b96819acbdee1c2338d60e142bb7091629af271828d4121c29e4071d29be39202aac2c2125270d9da60ef4a2b00c02a6b30fe2abb4e5daafb4f9dcaeb410f0aeb2e0d9b6b8 pre_us=87547 enc_us=490755 q_us=60 pkt_us=2
[PKT] seq=618 mode=A bytes=132 pkt=0102800006bc544de7de5f5617bb5650e005504bb6015049bc054f4ac50f4f4cd1f54a47ed03b5bf3129b8bbe61cbcc02d17c0c33809bfc306f4bec3eaf2bec16c02c1c7e8372935d3221728bf2b1725af3d1823d6201623e21a1723bf451e25b029191f2c01a0aa0ce9a9b503ecb1b9fbd7b5bce3d5b3bce8ceb5bc0df3b6bae7d7bdc2 pre_us=87565 enc_us=490760 q_us=60 pkt_us=1
[PKT] seq=619 mode=A bytes=132 pkt=01028000f3cd524de7e25d561def5750ec22524ca0204e49b7f64e4ad1134f4cbfeb4948f20ab4bf3127b6bad213bbbff7ffbec22218bdc3faf1bec3e601bcc1670dc1c7e23b2935cc241828b7371525b0381723d7321923db201a23bb4e1f25a0561b1f21fba1aafaeaa9b40416afb922f0b5bce5d2b4bbdac8b6bc0bf3b6b9ddefbec1 pre_us=87548 enc_us=490757 q_us=60 pkt_us=2
[PKT] seq=620 mode=A bytes=132 pkt=01028000fae43053fce8355c17dd3b5af1073358c2022d58cf013958d510365ab3e83c58ea0faeba253199b4ee219cb7d91b9eb82b089fb808fb9db8ea049ab66625a1b9ee084d3ad315382cd21e362bb50b3a2adc003c2beb10322bc13a352cbb273028220dbea50feac1af251ecab120fec6b208c4c6b1ffe1bfb12302b9afe0d2bfb5 pre_us=87568 enc_us=490757 q_us=60 pkt_us=2
[PKT] seq=621 mode=A bytes=132 pkt=01028000f4e52c53eef4385cf5d8395ae3053c58a1094b58bfff4158f21c335abff44858e80d9aba232895b4e62595b7f3439bb8261b9fb8ff0d9bb8fb2397b65b17a1b9ed0b3e3ad329352cca162a2ba7122a2ad5f2222bec182a2bd03b2e2ccd3526281d16b1a50cf3bfaf1001b6b1ebdbb2b200beafb109cbb6b12d01b4afefddb7b5 pre_us=87552 enc_us=490757 q_us=60 pkt_us=2
[PKT] seq=622 mode=A bytes=132 pkt=01028000ffdc345300f5335d02e1425aec0c2359b81b2958ca0f2e59c325335bd1f74459ea22b6ba2c2d9db4f92ca3b6ee009eb72911a6b7f30fa1b7f5249db55715a9b8eb09533ace20452cd52a3b2bc4f4472bf4eb4a2be217422bc93a3a2dca3733282513c8a505ebd7ae2122cfb01ef6deb10cc4dbb0fdd6cfb009f9beaef1f6c6b4 pre_us=87556 enc_us=490756 q_us=61 pkt_us=1
[PKT] seq=623 mode=A bytes=132 pkt=01028000fbdc3451f6e3295b05f04357eefe3955d0183a54d50d3b55ff114957c0dc4f54eb1cb5bb29289cb6041fa4b90136a9bb4d15b2bb10eba6bbd202abb96a0ab8bdea005138d219422bdb2c3129a81f3328e20d3c29eb203129ce582e2aac452825221ecca608ead2b0f9f3c1b3dee5c2b405dbcab4f0f4c1b42d09b5b1c4d1bdb8 pre_us=87560 enc_us=490757 q_us=60 pkt_us=1
[PKT] seq=624 mode=A bytes=132 pkt=01028000eedf3a50030124590f162755dc102c52b31a2e50de272e51fc1a3b53ed02354fe70aa1bd2f3f96b8f31c9abc100c9ebe330a9fbe040f9ebe1c03a3bc6a0ca6c1e12d3737d719392add2c2f27d0202e26e4f42a27db152526d33b2c28c8272723201eb4a718f6bfb22815beb53707c8b711d9bcb71501bbb708f1b8b53d0dc3bc pre_us=87573 enc_us=490756 q_us=60 pkt_us=1
[PKT] seq=625 mode=A bytes=132 pkt=01028000e9d3474efbff4f56fd0a4f51d8034d4cc402464ac0124e4bc3ec4f4dc3f14a48e104a5be3830a1badb05aebff8fbb5c23401b2c3eef6b9c348deb7c04fdfbec6e3382835d3261728cd371b25c1411b23de181824c4211823c63f1d25a44f1a1f2bffa4a917f7aab41c1ab3b916f6b8bbfbddb3bb0bf4b6bbdbe5b4b90718bdc1 pre_us=87568 enc_us=490758 q_us=60 pkt_us=1
[PKT] seq=626 mode=A bytes=132 pkt=01028000b9d05048b7195850affd4b47cdfb4740c110443bcc12443dba20423ebb053a38e016b8c32affbdc008d9c2c6ddd8c9cb0ae5cacce2fbcacce5e8c9ca54e7cfd2c9382130c4321524c2401720c311101df40e0e1cf3150f1cd324191edd1113170622a3ae05fdb1ba2512bcc0d910bac5e9ecbcc4fae2bdc5f2bec1c3e1cecacd pre_us=87577 enc_us=490761 q_us=60 pkt_us=2
[PKT] seq=627 mode=A bytes=132 pkt=01028000c7eb4848c1004f4fd4184747a5f93f3fae1a3a3aad143b3bb3243d3db1f53636e813c3c32109c0c00719c7c71313cbcbfc08ccccd2f3cdcdeee6cbcb62e6d3d3c9573030bb552424c0611f1fc72c1c1ce51d1c1cd8231c1ccb231e1ed72c161602c7aeaefcbbbaba08fcc1c1d8ccc5c5dbafc5c5ecafc6c6ffc2c3c3f4bdcdcd pre_us=87575 enc_us=490755 q_us=60 pkt_us=2
[PKT] seq=628 mode=A bytes=132 pkt=01028000fadc3752e8de2e5bfec33b58eafa3256b8f73c55b7e83256f9184358c7d84d55dd1db9bb2f269db5e90ba7b8fd28a5ba2101adbaf1e3a7ba18f1a7b76aedb7bceb045139d229422bd01f3d2abff04229d9033f2ad90c3e29d624332bd52b2f26331ec8a60befd0b00a15d1b213e5deb3f1d1d1b3f2e1cdb3f8c4b7b0dae1c4b7 pre_us=87575 enc_us=490760 q_us=60 pkt_us=1
[PKT] seq=629 mode=A bytes=132 pkt=0102800004d4464fff0346580bf33f53fc213950b7183c4ebb263f4fe5364a50bff4454df70b9fbd1d4499b9ed2d9dbdff189cbf2211a0c00006a3c0f006a9be6119b0c3e7342636e0131d29c5291f27b4151625dc0e1826e30f1c25c63b1f27b5381e21301da2a81ee7adb3210bb5b630edb1b9f3d9afb8e5e9b3b9fde1b3b6ecfebcbe pre_us=87547 enc_us=490754 q_us=60 pkt_us=2
[PKT] seq=630 mode=A bytes=132 pkt=01028000fadf3a52f6db335c04d04159e2fd3557cb093657bcf93957ff1a3959cbd34657e91cc3ba292ca7b50128a7b7f7fcafb922fca6b902e7adb8fb1da5b65eeeb2bae9fd5439cf274c2ccf253b2ab2f94e2aec08422ae90a3d2ad244382cc4103627211dc1a50bfdd9af1814cab101cdedb2fbc8d7b2e7c7cbb20ce6baafe0d4c9b5 pre_us=87574 enc_us=490757 q_us=60 pkt_us=1
[PKT] seq=631 mode=A bytes=132 pkt=01028000edde3a4ee7ff29570bfb3a51f415314dbe33254bc62b334ce7173f4dd3e33d49e008a2be233f9bbafc10a2bf2407a6c22900a8c2fff4aac20e03a9c062d6b5c6e52c3335c71a3728d22f2525cd352224ef0a2f24d81b2724cb402226bf3324202b20b3a916edc0b41bfebbb838fcbbbb1fe0c6ba1ceac0bb0beeb7b812fac9c0 pre_us=87572 enc_us=490755 q_us=61 pkt_us=1
[PKT] seq=632 mode=A bytes=132 pkt=01028000bada4d4ad9015951bffb4e4ab20d4543b807423fbb014340b7184542bee13e3cd8feb7c23421b8bf28eac0c535d0c5c90cebc6c9d3f1c4c9f3eac4c84ecacdcfd1462932b71d1625c4351721cc13191eec2e191ee62f171ed3361c20d22d16190b14a6adfbeeadb807fab9be08d7bfc2f9f1bec20ff6bec3f6c8bec0fae7c8ca pre_us=87576 enc_us=490756 q_us=61 pkt_us=1
[PKT] seq=633 mode=A bytes=132 pkt=01028000abd14646bee34d4db0124343ae163b3bbe033535adff3636c30d3838b7153131ced5c4c43b09c2c21cf6c9c920f3cece15f5d0d0cdf2d0d011f5cece02d1d6d6c8352f2fb5342323c9401d1de91d1a1ae51c1a1ae5241a1ae1301b1bcdfc14141ae0b0b0febbbcbc2ce5c3c306b3c8c8f2b7c8c80ebdc9c9e2aac7c7feadd1d1 pre_us=87568 enc_us=490754 q_us=60 pkt_us=2
[PKT] seq=634 mode=A bytes=132 pkt=010280000bd93850f5e6255908ec3a55f0ff3152bd263051e31e3152d2194053d5f04a50e11ababc322f9bb7f723a2bbfd19a3bd2d03a9be19e7a7bdeff3abbb6412b8c0eb0a4f37d828402acd202f28b21e3027f1103727e91d3227cc552f29ad482523301fcda718f6d1b117f6c4b5fde1c8b7fbedceb6e7e8c5b614fbbab4f1edbebb pre_us=87570 enc_us=490756 q_us=60 pkt_us=1
[PKT] seq=635 mode=A bytes=132 pkt=010280000bce334cf5fb33550b013a4ffe083d4ac3262a47e2173348df2e3c4ac4f64145eb01a1bf3e369cbb0b1da6c130f3afc43201a8c515f1acc5ed02afc360ebbfc9d9293334c91a2727cf402124b81c1f22de0e2322e30f2322d9452124b42e1c1d2d2ab4aafde2b7b52318b9ba2bc4c0bd07e1bfbde9d1c1befce5bbbbd6c4c3c3 pre_us=87550 enc_us=490755 q_us=60 pkt_us=2
[PKT] seq=636 mode=A bytes=132 pkt=010280000db4514deef95e550eee544fe7d0514ac2f64d47f4fa4f48fc244e4ae1e74946e809b4bf342cb8bb0f1dbbc02cf9c1c43af3c1c41808c0c4e7efbdc265d0c2c8e1422934c8271827d1481724b0101322e4141522e41d1422cb301b24b836181e290ba3aaffd6a9b5200cb1ba20f8b3bdfeceb5bdf9beb5bd14e7b6bbf3f0bfc3 pre_us=87575 enc_us=490765 q_us=60 pkt_us=1
[PKT] seq=637 mode=A bytes=132 pkt=01028000ffd9354efc07315706f43752e51b384dcc1e1e4bcf2f2e4cf620414ec3e6444aed0da2be35359abafc14a5be0514a3c13703a2c20f07a7c2dcf9b0bf6ce5bdc5e2313836d11b2f28d13c2626ac092324e80a2724e6212924d1452926bb4c21202830b6a90ae4bab42513b6b81afdc5bafbe2bebafbddc0ba1aeebbb8e0e0c1c0 pre_us=87572 enc_us=490757 q_us=60 pkt_us=1
[PKT] seq=638 mode=A bytes=132 pkt=0102800003db444effff505718104a51df0f454da71a3d4bc02b424ce329494dd5054749f509a0be28389ebaee2fa4bf04faa8c21c04a5c2f901a7c20cf0b2c06307bbc6e3362635db141428d12d1525b6211724da181a24dd161824be382126ab521d20291da2a911e3a9b41f0fafb831eeb7bbf9deb4ba09c7b5bb01ebb7b8eef9bec0 pre_us=87568 enc_us=490764 q_us=60 pkt_us=1
[PKT] seq=639 mode=A bytes=132 pkt=010280000cd8444e030550561bf24d51f918454cd926464abf0f454b122c474cc7ec4748ed0e9dbf2e399fbae827abbf0d26a9c22909b1c3ff03afc3e406acc16d08bdc6de342235cc1a1528db4b1725a81e1223e51d1523e3121623d2511b25ba3f1c1f2720a0aa0be3a9b4292bb0b912ebb4bc06c7b4bbe6d2b6bc0e0cb5b9ced1bfc1 pre_us=87547 enc_us=490757 q_us=60 pkt_us=1
[PKT] seq=640 mode=A bytes=132 pkt=01028000e9cc4f4ce4e45a54f7f2534ef4e05249a4214e46e6124c47f3214b49b5004544dc04b4c03527b3bcf715bbc117ebc3c52105c2c503f6c1c5e707bfc460fdc6cae2472a34c5301727ce401623c6221121e3161221ec201821e74f1e23c24a1a1d2f15a3ab0cedabb61b17b2bb3217b0be1ee7b6be09d5babe27f0b9bcfff6c2c4 pre_us=87548 enc_us=490761 q_us=60 pkt_us=1
[PKT] seq=641 mode=A bytes=132 pkt=01028000f6db3e50eff539590bd93c54da0b3a51a3244350d1153a51dd314d52b7f74d4fd904a1bd2f3698b8e4289ebc0e1e99be3c19a3bef8039ebedc13aabc6223b6c1ed353237d0242c2aca2e2527bff91326e60b1627ea151d26da4b2128bd4e1f23341daca816f0b8b22b04b7b533f5a9b70bdaafb7f9d6b3b72cf3b2b5fde5bbbc pre_us=87564 enc_us=490755 q_us=60 pkt_us=2
[PKT] seq=642 mode=A bytes=132 pkt=01028000f1dd424ee40c4d570cfa4552d81f3f4ead22434ccd1f3b4dfa324e4fadf6494bd8089fbe323d9db9f426a2bef3f3a2c12f10a7c1f903a2c1e300afbf6306bac5eb322936cb171829c7211826c4201324e40a1725dd011524cc4f1d26bb3e1c20341ba5a915edabb3111bb0b7290ab2bafddab2bafcd9b0ba2a07b3b8ecd7bdbf pre_us=87552 enc_us=490760 q_us=61 pkt_us=1
[PKT] seq=643 mode=A bytes=132 pkt=01028000f6de454ef201485727f04152e6273e4db5fa404bb0173d4ce735494ebbe1464af700a1be2b399ebadc27a1bef613a1c111e7a6c2fbfaa3c2e0edaebf65e5b7c5e4302636d51c2128bc331c26ac101724e5171824e7041624c8441f26af341c20271da3a90df1b1b42207b4b83602b5bafafdb2baebceb2ba15f8b7b8d7e8bec0 pre_us=87543 enc_us=490765 q_us=60 pkt_us=1
[PKT] seq=644 mode=A bytes=132 pkt=0102800009d1374fedf1335804013354ea232350af1a144edc19224f182d3c51b1ed484deb109ebd363d9ab8db2b9ebdf83098bf1a119ebf0cf8a1bfdeeda7bd66eeb8c2ed263636de153429cc2f2c27c0192425f0153326e2173026c93f2928c8452222331fb5a81eedbdb32001c0b63f1cc0b80fe4c4b8fbd7c8b817f6b9b6d8ddbfbd pre_us=87550 enc_us=490759 q_us=60 pkt_us=2
[PKT] seq=645 mode=A bytes=132 pkt=01028000fcd93551eff21e5bfce73c57eefa2c55ae0f3654d60b3a55f8223e56bece4554e326b6bb313899b6e334a9b9f527a0bb300cb1bbfbfeabbbda07a6b963fab4bde7074f38cf12422bdb253b29b11f3728f7123e29f2063d28f44c342ac5402d252219c6a6f8dfd6b01d19d0b3fdd8cab4f9d1ceb4edc9d5b428fcbbb2ddc3c1b8 pre_us=87568 enc_us=490755 q_us=60 pkt_us=1
[PKT] seq=646 mode=A bytes=132 pkt=01028000facc464df7fa4556261d4350f8fa444bc4234249f103474afc2a494cc8f04647e401a0bf2a389bbbed19a7c0e604acc31807acc312f1b1c3e5f6b1c16e09b9c7e3242435cb101c28ce441e25ab251623e0091423e5161423d0491a25ae3d181f2d2ba3aa16f9aeb51c09b7b9fcf8b7bcfedfb4bcece7b5bc110db6bae2edbec2 pre_us=87553 enc_us=490758 q_us=60 pkt_us=1
[PKT] seq=647 mode=A bytes=132 pkt=01028000f4d83b4f18e91f580bff3f53e604284fb10b294edb0e374fd9244450b9c7424deb1aa5bd2d2096b9d61aa0bdfa29a1c044f4a5c024dfa9c0e2f7aabe73f2b3c3e21c3c36d51c3829d11b2226b91a3125e90f3225df102c25c94a2827ae2c23211f21b6a802dec5b32333b4b715e1d2b907e3c7b8e6d4c2b91d05b8b6c2d9c1be pre_us=87576 enc_us=490756 q_us=60 pkt_us=1
[PKT] seq=648 mode=A bytes=132 pkt=01028000fce7415408d7255e26e2425cdfdc435bcaf93f5bdc013b5cfafc545dc2db525ce129f3b92c33c3b2f128beb51a1ab8b53a05b3b513f0bbb4e600b6b25b27b9b5f0f85b3be0234c2de3173d2cb307332cf010412ded19492dd059352eb440322a251eaaa411f2b6ad2006b7aedbdfacaf0acec0aee9d1c2ae11f0aeacd3c9b6b1 pre_us=87552 enc_us=490760 q_us=60 pkt_us=1
[PKT] seq=649 mode=A bytes=132 pkt=01028000f4d82650f5f9285a0bf13d56f3023353b1142b52d4082a52d4174154bae34751eb269cbc243195b7ef369dbb143a9dbd3113a1bdfb069dbddc06a6bb6aeeaebfdd084038c525352af3362628c61c2727f90e3327e8132e27d23b2c29c33824241d17baa704e4bfb11a01b5b41bcdbeb610d7c4b5f4c3c3b61bfab6b3cad9beba pre_us=87550 enc_us=490756 q_us=61 pkt_us=1
[PKT] seq=650 mode=A bytes=132 pkt=0102800047dc045831eaf663420e29622d0f286352ce2764398d2c645ab73f655ba41f65f017dab5fe31cfadf911a5aef10ea0acdc07c1ac1f42c8abc435b0a9e368a9aa0afb533fe4e14a31f0043331f71c3632cd0f3533abcc4c33d1bf4434a7b43f31e820afa0d3e2a2a8cbd9afa8f3fdada7f11fa6a6bb39b3a60013a4a4c1389da7 pre_us=87558 enc_us=490761 q_us=60 pkt_us=1
[PKT] seq=651 mode=A bytes=132 pkt=0102800033e6195720eef8621815286112102f61fcf11e62f1931f631bb237643b903463e223dab6f245c8aee41eb4afee0eb6aecc27caadec67cdada750bdabe078afad17fb4b3ef3f94230140a2d301a1e2c31ee183731f1153231e5e04033aaec4030eb30aca1d1f29ba9e8f4a5a9ff0aa8a9ef2aa5a8f167a2a8103ca1a6e657ada9 pre_us=87559 enc_us=490758 q_us=60 pkt_us=1
[PKT] seq=652 mode=A bytes=132 pkt=010280003cfa315808ec20621010366217223763130d3f63eca5366446cb48653bbc2b65f719edb52940ceaef419b4aeed07d7add40ce1ac1863cdabb651c7aa0071c6ab0af15c3ff1005130f800363106044232e92a4132e2224332e2f13f34ba0b42311821ada0fcfca5a8e8e4a6a8e40b9ca70e1a99a6ec5598a628359ca4e21e9da7 pre_us=87566 enc_us=490760 q_us=60 pkt_us=2
[PKT] seq=653 mode=A bytes=132 pkt=01028000e9ea4653f9ec345debea495bf9ea4d5aeace4159ebc93d5a0a09425c1acc495ae70cd2b92320b3b3fffdb9b6dfdbb3b6e7eab4b65733a4b6df2f9eb4584aa2b7ee01573ad1254f2df01a3e2cf61f322bcb1b402ccb56392cb644352ec0352c290f14b9a400fccaae06cec2af1ce5b7b03e0ec1af433fc4b03800b7ad3612bbb3 pre_us=87568 enc_us=490755 q_us=61 pkt_us=1
[PKT] seq=654 mode=A bytes=132 pkt=01028000f5da35510ae12d5bf9f74e57fdfd3d55d9ec3a5401bf3f551c12445719e23d54e410b5bb2220a1b6f303b0b9e404afbbd9f6adbb542ea9bac635a6b85945a9bdedff5239dc29442bfd243029ff103a28d8303b29c65a3729b248312ba53e30261c21cda604f0cbb015cac4b311d4cdb438fec8b34839ccb41c06bab11717c7b8 pre_us=87557 enc_us=490758 q_us=60 pkt_us=2
[PKT] seq=655 mode=A bytes=132 pkt=010280003ee3445521e63f5f06e9445dfaed4d5c4d0b385c2aa4445d58e24b5e50b2505d0622deb82524bbb218f1b7b406fdc7b4f3e7b4b35246a7b3b94fa5b14b5cb3b400f65e3cd90d522eca08462dd6fe502dcc344e2ec1503d2db2253a2fc5323c2b0f1bb7a300edcaacc1e0c7adbae7d6ae211cc5ad0353c5ad1703b4ab0016c5af pre_us=87570 enc_us=490758 q_us=60 pkt_us=2
[PKT] seq=656 mode=A bytes=132 pkt=01028000fae22c5103f43a5b09ec4d57fb043755e4fc2c54fed1355416034d5640b34653f61f9cbb1e1e9ab60100a7baf7fa9fbbd9029fbc48239cbbb427a3b92248a4bee80a3f38dc2a372bea172829f3112b28ca243329c14b2e28af43262aa82f22251919b5a60ce0beb0ffdfb6b3f5e0bdb53b09bfb44b61beb42627b1b20c03bdb8 pre_us=87570 enc_us=490761 q_us=60 pkt_us=2
[PKT] seq=657 mode=A bytes=132 pkt=01028000e6db3753fced305cdc154259f4fd4458d4e63c57f9e83e5808fa4d5a18da4558e90db3ba2521a1b4f811a3b7ebf2adb8cbf7b0b85634a3b8db43a1b65350a2bae705503ada2a482cf414362bf7233a2ad226422bc15a352abe422b2cac312a27111dc6a5fcf1d1aff2cec9b10bf7c8b239e5cbb14656c5b12a05b3af2702bdb5 pre_us=87544 enc_us=490756 q_us=60 pkt_us=1
[PKT] seq=658 mode=A bytes=132 pkt=0102800043f6e55b23f3fd662a111166281e0d6747061869ff9e2b6941de326a4dc91a6bfeffe0b21e3ac7aa220ba5a90f0cafa7f913bca63753b5a5d4459fa4366da0a405f34342e0e34933fbf64a34f4144936c2fe4b37d5f24b37ddf24a39d2da4937141ebb9d09e9b3a500dac4a4f2dab6a21f04bca1222ac0a1240eaf9f0d1bada0 pre_us=87563 enc_us=490760 q_us=60 pkt_us=1
[PKT] seq=659 mode=A bytes=132 pkt=01028000f3ea3c5305f32f5dfb1b545affe64b59dc013c58e5d64359fbf54f5a26b34d58f01fd5ba1c23a9b40814b7b7f4d6bcb8e707bdb84c27b1b7d13eabb53359afb9eef95a3add2a432cf6122d2bf720362ad242442bc95f3c2bbc362f2dac1c30281516bca50eefbbae08ddbab008e7b8b144f9c5b0474dc2b12b08aeae270bbeb4 pre_us=87549 enc_us=490756 q_us=60 pkt_us=2
[PKT] seq=660 mode=A bytes=132 pkt=0102800007e2355003f3365afd154256e5e84353dc162f52dec44152ef0a4d5414bb3f51eb11a2bc282698b707169ebbf9e3a6bdd409a0bd453ea0bdc833a5bb4d56a2bff4113d38e12a352afb1c2628fa1e2727d0332d27cd551e27c93b2029b82920242d1bb2a713eac1b102dbb7b419e2bab648f7bfb53f51b1b63bf6b0b333f9beba pre_us=87573 enc_us=490760 q_us=60 pkt_us=1
[PKT] seq=661 mode=A bytes=132 pkt=01028000f7e4454f00f25158f2294d53f01a474fd914444ef7d34a4e0a1c4c5004e84a4ce1039fbd2d299eb9180fa8bde50caac0dd0ca8c05718aac0e440a7be603aafc3e6392736d9261729ff3f1e26ed241d25ca2d1825b25d1725ac3e1927b24615212212a2a804d9a8b308e1b4b717e4b4b94efcb1b84f60b0b91611afb627f9b9be pre_us=87561 enc_us=490765 q_us=60 pkt_us=1
[PKT] seq=662 mode=A bytes=132 pkt=0102800039ed175824ec12631b0c3062151c32630af02164ea9e166442b644653f913965f113d6b51437d5adfd02aeaef4edb4acd313bfac3b58ababae54aba9ec75b8aa0ff7493ff1fa4631fe0e2831f9183732e0253533e8284232d0f23d34a9fe43311624a9a0fcef9fa8eaf4a0a8fd14a4a704129fa6f162aea60551a7a4ea4fa8a7 pre_us=87567 enc_us=490757 q_us=60 pkt_us=2
[PKT] seq=663 mode=A bytes=132 pkt=01028000c1304646ca174d4dc91f4343ce293b3bb43f353594333636ad2d3838920831311600c4c42af2c2c2f4d2c9c9f8f4cecee214d0d019f9d0d0e9dfcece73dbd7d7ce642e2ecb5a2323db3d1d1de34b1a1ad9511a1a96531a1aa6461b1b96491414f9d9b0b0d5d2bcbcd8e3c3c300e7c8c802e8c8c82f0fc9c921ffc7c7250ad1d1 pre_us=87541 enc_us=490763 q_us=60 pkt_us=1
[PKT] seq=664 mode=A bytes=132 pkt=0102800001d749510ff4575a0cf24e561e1f4354eee9475323ac49540b01515517be4652f2fa9cbc0c2c9fb6f3f7a4badb039dbcf9f2a0bc43279ebcd83fa2ba6d5ea0befc222438df26172be52d2129e91d1b28c0221b28b5541528a23e182a9a3f12241a019da7fde1a6b1fad4b1b41cfbaeb5270dacb51d57a7b5fe10a9b31222afb9 pre_us=87553 enc_us=490761 q_us=60 pkt_us=1
[PKT] seq=665 mode=A bytes=132 pkt=0102800043f3335535f5245f3711405d30093b5d4906365d1bb4385e48ea475f33b2455efbfcabb827259bb12206a1b3120999b30615a1b34c5b9bb2f34e99b060689eb30611513cdd0a4c2eee0b3d2de718342db22a432ebe2a3b2eba133530a81c342b181ec7a30aeccfac19e5c6ad20f6b7ad3721cdac0028c0ad2923b4aa0934b8af pre_us=87552 enc_us=490757 q_us=60 pkt_us=2
[PKT] seq=666 mode=A bytes=132 pkt=0102800029c9564f14e45c583ef3555204fe514f0de3524df899544e3fdb554ffba24f4cfe0aafbe2a1facb9f80ab5bef7e7b9c0db02bbc15929bcc1d929b9be725abec4f8292536dd2b1629e4281e26d72b1d25b8401725b85e1525ab361b27a04c17211e159da9fbf8a8b3e7d1b4b7d501b4b9f406b0b9d828afb900edb1b7d402b7be pre_us=87560 enc_us=490760 q_us=60 pkt_us=1
[PKT] seq=667 mode=A bytes=132 pkt=0102800008e434530de5365dfff7475afe1c3e59f2104259f6aa3e5911f0425b1fb44559f7fd9aba092a95b406039eb6e51297b7e42398b7425896b7e24e96b4556899b8fb1e383ae30d382cfd292f2bed27232bc134212bce3c232bb529282daa321e28190bada417dfbbaeffd8b8b021f1adb15016aab02b22aeb045feadae5822b0b3 pre_us=87548 enc_us=490759 q_us=60 pkt_us=1
[PKT] seq=668 mode=A bytes=132 pkt=010280000dcb534e13dd5d5705f4565213f2504d10eb4d4b3aaa4f4c4ac3534e45ac504afc0ab3be0a12b4ba07ebb9be0aedbac1f4eebdc24c0dbbc2ca3ab8bf5761c0c5f6312835e11f1828de271c26ec231f24c3362024b5581c249f3c1b268f4714201ff5a0a910d3a9b4e6cfb3b806e1b7ba2e00b7ba2141b5ba3024b1b81918b8c0 pre_us=87565 enc_us=490759 q_us=60 pkt_us=1
[PKT] seq=669 mode=A bytes=132 pkt=0102800028d52a5444e3255e42f2455b3a16325a46cb2d5a45881e5b5dc73d5c5e8d3c5be11ca8b9f02e9cb3f7209eb5ee269bb6ef2da1b6f56a94b5aa6199b3dd7799b71007513bee004c2df622322cea1b392bc92d472ca7d73c2ccde0332e9fdb2f29db17caa4c5efd5adcfe6c3afd8f5c5b00514d6afb232caaffe29b8adba41bdb2 pre_us=87558 enc_us=490757 q_us=60 pkt_us=1
[PKT] seq=670 mode=A bytes=132 pkt=01028000f8dc345306ee325d0909485a03fe4859fc1a4058f0f144591ce5455b09c24659f207b5ba171b9eb4fc04acb60406adb7e30ea5b75737a2b7bf4aa0b55d66a5b9f303563ae829462cf12d372bee1f392bd3323a2be056332bad34312d9d2b2f281619d0a510f4d0aef4cac0b00be5cab14212c3b03a5ec0b12dfbb5ae29f5c2b4 pre_us=87564 enc_us=490758 q_us=61 pkt_us=1
[PKT] seq=671 mode=A bytes=132 pkt=010280000ad938540fe53b5efefe455c06023a5cecfd375c27c03b5c2dcd305e3799355cf307b2b8091f9cb2f1f1a2b4e007a8b4f815a5b44724a2b4bc4998b2346e9db5f60b523bdb14412de9223a2de123432dcb2d462dbe47452da5143d2f8b1f3a2a1b12c4a3ece0cfade2f6c2ae01dbcaae15fcccad244ad6ae0d21c1abf918c6b0 pre_us=87549 enc_us=490757 q_us=60 pkt_us=1
[PKT] seq=672 mode=A bytes=132 pkt=01028000e4eb4652f002565cf5045759f0035457cf0a4d5600d25257f4f05459f9bf5357ec0198ba072a9db50dfca7b8ec01a7b9ef00a0b95e30a0b9eb48a0b76057a3bbf2232439d328192ce036202ace281f29b7371e2ac159192aa936192c9a37142715ec9ca505d5a5aff1e7adb1e8e0adb32200acb22d45a9b22513a6b02d1aaeb6 pre_us=87561 enc_us=490760 q_us=60 pkt_us=2
[PKT] seq=673 mode=A bytes=132 pkt=0102800043dbe05a39edf36428eb2564ed010b6629c70e671b8ae66714ae42681c990f69f10be8b3e434d2abe804a8abf003aba9b721baa81358cca7ad33c2a6c072aaa61efe4b41e7e74f3213194b3302194a34da203235b1d55635d0cb4f37a7b14f34d41cca9ecff4b7a6d9d7cfa5eb04c0a4f027b2a3b746c1a3dc2baaa1b815b2a3 pre_us=87561 enc_us=490758 q_us=60 pkt_us=2
[PKT] seq=674 mode=A bytes=132 pkt=01028000ccd74a4ad2e95252ccf14a4ae5014444a22a4040c6034141bb074343b4ec3d3de4f1c0c12df6bdbe01c8c4c4f2e1c8c8e1f9c9c961fec9c913e3c7c76fd8cecedd433132c4392525ed312121de201f1fbb311e1ea3501e1eab4320209b50191905ebacadf0ceb8b8ecc7bebeeabac2c20ad0c1c14914c2c21de9c0c04703c9c9 pre_us=87560 enc_us=490759 q_us=60 pkt_us=2
[PKT] seq=675 mode=A bytes=132 pkt=01028000c3de4a4ad7db5251f2f54a4ac6034443a4fc4040a2e74141c5f34242aade3c3cfbf4bec221dabdbf06c7c4c400e9c8c8eee3c9c92ed0c9c9e600c7c86fe3cfcfd9462f32e0402425e72b2121e6341e1ed4291e1e953f1e1e9b46202097401919faefabaddbdcb7b8e8cebebee9d1c2c20bcac2c260f0c2c234fcc0c03b12c9ca pre_us=87564 enc_us=490758 q_us=60 pkt_us=1
[PKT] seq=676 mode=A bytes=132 pkt=01028000daf0444cd60d535501164f4ed7134749980b4847e8004a47db274f49cee94845f212a0c01c0ba9bc0fe0b7c1fcefb7c4dde6b8c567fbb8c53d0ebdc3720ec2c9d92b2134d4281a27f8271c24ee1b1b22c11815229e2b1222a73c17249f47151d0103a2abded2afb6ead8b6bbfde2babe1ad9b6bd5825b5be1303b4bb2618bec4 pre_us=87545 enc_us=490760 q_us=60 pkt_us=1
[PKT] seq=677 mode=A bytes=132 pkt=01028000d4e43253e7fa315dcee7485bcf153e5ac11b3b59e8be2d5ae5e74a5c14b83a5af003aeb9132699b3e8dfa2b6f1e9a0b7de019fb6403a95b6e2539db451619cb7f30d4e3acc213e2de123312bd51f352bc033382cba482e2c9d2a2d2d993d3129fc1dc1a4dde0c3aec7e0b9b0ccfbbeb0f818c0aff35fb5b0b50baeada90cbfb3 pre_us=87549 enc_us=490757 q_us=60 pkt_us=2
[PKT] seq=678 mode=A bytes=132 pkt=0102800040de40543fe52a5e3813505b4306415a54f4405a29aa2f5b56da375c64b3515b07f6b1b90725a6b304f4aab513ffa3b60119acb65a599eb5ff599cb35c64aab7070b4b3be4014b2d0318302cf425362cb523452cc638432cccf63e2ebd1830291322c2a414ecc7ad10e5bcaf1df9bcb03d26cfaf1e52d1af210ec3ad313abab2 pre_us=87558 enc_us=490762 q_us=60 pkt_us=2
[PKT] seq=679 mode=A bytes=132 pkt=01028000e7e42e5116e52d5b100f365823fd32562a18355563cb325659ed3f5762d23c55f9129bbb0f2d96b603ee9db9ea0a9cbae900a0ba331399badc459db831519ebcec123f39cd193b2be40f3629e0203229c32b3329ba4f2829ae392b2b9e4229260e2eb8a6ebfdc4b0e6f2cab2faf6c4b41000c0b3fd50b6b3d712b2b1d51dc6b7 pre_us=87573 enc_us=490756 q_us=60 pkt_us=2
[PKT] seq=680 mode=A bytes=132 pkt=01028000dbce524edaed5c57bd065752bf1e544e9e07514cecee4f4dd709514fc8e14d4be303b2be260cb2b9f3fcb6bed709bbc1d702bcc163ffbcc10821b9bf6a09c0c5e3292936ce371c29ee2d1a26ed131624c1241a25a6541f24a9492026ae5b1c2009dca1a901ceacb3e4d9afb8f7d2b1ba1fd5b4ba5720b6ba0e05b3b84002bcbf pre_us=87568 enc_us=490761 q_us=61 pkt_us=1
[PKT] seq=681 mode=A bytes=132 pkt=01028000d4c64a4fffe05758ffec5553f7ff514fd7fe4f4d270d514e1f16575019c14f4ce906a1bd2528a4b912e0b6bd13f9b9c0f4f4b6c05428b1c0e52eb8be7030bbc3e3262336cb1b1629e72e2026dd1d1f25c4341b25b7491425a5371c27a240172109fe9fa8f8c6a9b3d4bdb4b7dfc3b5b90cebb2b93252adb90afdb1b7f40bb6be pre_us=87541 enc_us=490765 q_us=60 pkt_us=1
[PKT] seq=682 mode=A bytes=132 pkt=01028000d7de524ceafe5b55f517524eec0a4c49c3194a460af94b47fa034d49f6ec4744e60ab5c02c14b5bc1be7bbc1fddebfc4feedbec55f0dbec5f410bec36e06c4c9df362834ca231a27e7301c24e61e1c22c72a1a22af531922a7471d24b145161d0df9a2ab09e2aeb6e6dab6bbefcdbabe2eecb8bd5c3bb8be2311b7bb4920bec4 pre_us=87573 enc_us=490760 q_us=60 pkt_us=1
[PKT] seq=683 mode=A bytes=132 pkt=01028000b83c4646d3164d4dbd354343c0263b3ba23535358e403636b43538389a1d3131d404c4c432f3c2c200f1c9c9fcf3ceceeeedd0d0010dd0d01004cece6aefd6d6cd682f2fc7522323e7391e1edd3d1a1ac2301a1a974c1a1a9e471b1ba845141401d9b0b0dfc2bcbce7ccc3c303d5c8c80ecdc8c83df8c9c918f8c7c7160cd1d1 pre_us=87539 enc_us=490751 q_us=61 pkt_us=1
[PKT] seq=684 mode=A bytes=132 pkt=010280003eef3b55faf0275ffde54e5dd424415ded00475de0a53c5e12be465f37974e5ef22ceeb81e44c5b1e7fbb8b3e217c9b3ee1bd1b23d4da9b2a1449db0176ea4b302ef5e3cec12512ef1182f2ded10442ee6334a2ee24d3c2ee10c3530a61a2d2c1324aca3eaf0b7acd5ebacadd7f9b8addb04bbacd156b8acf62daaaad73baeae pre_us=87552 enc_us=490759 q_us=60 pkt_us=1
[PKT] seq=685 mode=A bytes=132 pkt=010280003ecc3f552ef7245f1f16475d0b12305d1efb3b5de893175e08c7445f1490415ee710b0b80a42a6b10020a2b3ee1fa2b3de36a4b3086b94b29453a5b0d876a0b301fc513cd9f64c2e020c362dee10422dd011432ee9e44b2edfb94830a6d63a2cf815c9a3cff3bdacd1cbc0adf0ecbdad040ac6ac1d26d3ac0ccdc3aadf38baaf pre_us=87565 enc_us=490763 q_us=60 pkt_us=1
[PKT] seq=686 mode=A bytes=132 pkt=0102800042da3b5437ee2b5e3d1e405c2407395b330e385bed9e165c4bc73c5d44a6385c06f9b0b90a3399b2091299b5fc1ba1b5f236a0b5326495b4bd609ab241789cb509184f3be004452d19292d2cf12e3e2cc83a432dea41462dd0f63c2eb118352a1022c8a411edc8ad14deb6ae1dfbccaf3a03d0ae2344d1ae310ac0ac1429bab1 pre_us=87554 enc_us=490758 q_us=60 pkt_us=2
[PKT] seq=687 mode=A bytes=132 pkt=0102800006ce5551ffe3615aee105b57e5e05954f0f35a53e79f5a5401065f560ea85b53ee05b2bc0422b0b606feb3baee0ab5bbfefbb8bc4a3fb6bbcd49b7b9545bbcbefb3d2e38d6281b2bf5331d29dd2b1b28bb3d1928c45c1728b440172aa959142515fa9fa604d9a6b003dfadb30bedabb54712aab42343a8b52af3a6b23a2dadb9 pre_us=87546 enc_us=490758 q_us=60 pkt_us=2
[PKT] seq=688 mode=A bytes=132 pkt=0102800047df505634f93b613d144d5f1bfa3b6052ee3160349c4261320c456228a54b61fd05ccb60c35c2b000febbb1f11abdb0f62ca6af3768baafb9559fad2b6aa0af020f543ddd045a2ff32c462fd823572fbb355030ba084d30bd064132ae2b3c2ef824b7a1fefbc4aa03f5bfabfa00ccaa0329cba9ff37baa9f8f6aea7d138bbab pre_us=87561 enc_us=490758 q_us=60 pkt_us=1
[PKT] seq=689 mode=A bytes=132 pkt=0102800039e6475135f3505b3b1f50572f074a554c08415418c1495554f051574fcc4e54fff89abb013999b606079fb918199ebb15269abb496699bbcd4d9eb8576aa1bd03282438d809172b0b241a29f2281a28ba341c29c62a0c29b71f162bac301126120a9ea614e1a4b023f6adb323faacb44a2daeb31a4ca0b43a12a5b11e39aab8 pre_us=87541 enc_us=490765 q_us=60 pkt_us=2
[PKT] seq=690 mode=A bytes=132 pkt=0102800047de385345ec245c3e163e592a003b583e1136571da71e5865db325a4da73c5808f8acba1631a0b41c059eb71615acb80130a6b856579cb8c24c9cb6526e9ab9030e4c3aea0b4a2c0920322bf8303a2ac93d402bd53f412ac7fb3c2cae1a25281427c8a515f1cfaf0bccc4b101efc4b23c1dd2b10343cfb13511c4af0c0cb8b5 pre_us=87568 enc_us=490761 q_us=60 pkt_us=1
[PKT] seq=691 mode=A bytes=132 pkt=010280003dd7475337ec315d2b18415afc2b38582617405811c336595dff435a3ecd46580002ccba1b3bbbb4070dafb70115abb8c730afb84f62a8b7ba47a8b5466fadb90410523adf13542c0c213c2bec2f3a2ac9423d2bce493c2bc6293a2da22f34281626bca509e4c4ae02d5c8b009f1c4b11b20c7b1034fc6b13430bdaef225c1b4 pre_us=87543 enc_us=490758 q_us=60 pkt_us=1
[PKT] seq=692 mode=A bytes=132 pkt=01028000ecdd48510316545bf4014c57f5034754d90b465312ea46541d0a5456dbd54d53ec009dbb20379ab6fb059eba020f9dbbf6199cbc5e309bbbc138a3b95c45a4beef2a2838db1b162b08181c29e6201a28d11b1728ab3b16289f25152a9e3c152511f9a0a60ed5a4b018c0aeb319dfadb539e0a9b46041a8b43e22a7b2562eb2b9 pre_us=87550 enc_us=490761 q_us=60 pkt_us=2
[PKT] seq=693 mode=A bytes=132 pkt=0102800041d54c5625ec3a601cef465e1e0f4e5e28f9495e239f445f4adc3f6027a73f5ffefed6b71527bdb126f2b2b2180cbcb2f916c0b14e55a9b1bc519baf2d6f9db1030d5a3cd407552ed016412ed338422ebe324b2fc337412fb4073b319718392d141dbba2ffe8c1abc1d3bbacfd07baac2814beab0a55beab0a06b1a9e4f9baad pre_us=87551 enc_us=490758 q_us=60 pkt_us=1
[PKT] seq=694 mode=A bytes=132 pkt=01028000d0e0514ed0f05c57e5005651cef1514da8ee4d4aecdc4e4bea0d504dc2d34b49df05b4be1c10b4baf2f3b7bfcfddbbc2dde2bdc24cf7bdc2d501bac06f16c0c6e3382c35cf331b28ec2a1a25d5271c23b5201e24a14d1c249e411f26a0481b200bf7a3a9ebd5acb4e7d8b1b8f3e9b7bb00e8b7bb4e30b6bb2709b6b91f1bbdc0 pre_us=87549 enc_us=490758 q_us=60 pkt_us=1
[PKT] seq=695 mode=A bytes=132 pkt=0102800005ea3d5401ed2f5ff4f7365df6033b5ce0063c5ce7bb435d00093a5e13ba475de201abb81a259bb2fd079db4ed009eb4f012a0b455409db3d04399b1575b9cb4fe18483be420472e04073e2deb143f2dcb29402ec34e392dba333e2fad33312b271abba30bffcbac12d9caae23edc8ae4819c9ad3c42c6ad3708bcab411bbbb0 pre_us=87557 enc_us=490755 q_us=60 pkt_us=2
[PKT] seq=696 mode=A bytes=132 pkt=0102800036eb4e5521ec37601405435e0e09435e36fd495e2aac495f60fa4c606eb14a5fec09d8b7342eb5b111f9adb20ef1bcb2f907b9b26838a4b1cc33a0af4b5ea3b203fd593cce04552eff01482ee00b522eb61e482fbc263b2eb91d3c30a21f3c2c1c2abaa2f503c8abf6f4d1acfafbcdac1b18bdab034abfab3415b7a91f2bbfae pre_us=87569 enc_us=490756 q_us=60 pkt_us=1
[PKT] seq=697 mode=A bytes=132 pkt=0102800030d8f25832eff2633211256244f50a6336cb33641f8c196540c73b662a9fed66e711e8b5e63ed5adf50eb7adf030c5accc3cb8abfc60cbaba858c6a9c979b4aa1a034e3ffbf34531102d3d31fd234332f82b3633b1004a33f1d84a35a8dc5132d52ec4a0d305a8a8c7e6cca8dde9b7a6fd30aea5cb2faca50e34b0a3b337aaa6 pre_us=87553 enc_us=490759 q_us=60 pkt_us=1
[PKT] seq=698 mode=A bytes=132 pkt=010280002ad63a522ff2255b1b0e4958281532562c12375511c8335657f1465762a84655f310b4bb17349db50009aab9fdf8a6bae320a7ba4f519fbabc3aa3b84664abbcfd0b4c39e918412bf5123429f2293929cb403729d8573129c83c302b9d2729261e28c5a60ae8c4b0dee4cbb2f40ecbb4271bc9b3ef4dc3b31e37bbb1ef2ebab7 pre_us=87548 enc_us=490758 q_us=66 pkt_us=2
[PKT] seq=699 mode=A bytes=132 pkt=010280003bf547553df1395f1f15515d4a16365c3f0f3b5d18bf3d5d5bfc525f54b24a5dfd11d4b8132abfb21ef4b3b3f513a6b4f42cbdb35155c6b3c73ea5b15c68abb4fff95a3cdd11552efa0e362dd7233c2dba304e2ecf2d532ec71e332fa510332b1122b9a309fcbdac05e7bcadf9fcbdae2c15c8adfa38c3ad3a29afabe528afaf pre_us=87547 enc_us=490757 q_us=60 pkt_us=2
[PKT] seq=700 mode=A bytes=132 pkt=010280003ee74b5740d0306157db406017b14460f6dd4961f2fd3a6133f854631ebc5562f3f8d6b6033ac9aff92ca4b01133aeaf0a24ceaf0413a4aee01faaac393aa2ae0908593edef55f2fcb14422fbb0c4230d0c75c31e9f34730e2383b32b00f302f1217b5a11918caaa0c01c1aae20dbcaad3fcc2a9f20cb3a9140faba7ced4acaa pre_us=87550 enc_us=490759 q_us=60 pkt_us=1
[PKT] seq=701 mode=A bytes=132 pkt=0102800027e2f65f20ddde6a23ed0c6b07e9116dfa13d06e011d156e2201116f0306dd6fe600f3ace44ef1a1d64ad2a0ea48e89ffa51049f0227f19fc53cc19e0861979d2403444108db2e2e09f73f32e0c64037f5d25839fcda48391eeb543df1e6523cdc1fb799e223b99de32fb09ce124a99b11dead9a02ea989b1716959accd9939a pre_us=87548 enc_us=490756 q_us=60 pkt_us=2
[PKT] seq=702 mode=A bytes=132 pkt=0102800043ef31534acc285d5be62f5a10d53459fc022359e4ea3b5a38ed435b09e4465af4fbaeb921359fb3164199b642479ab7e0499db7f51399b6041899b43e1fa2b805fa523add164f2cce01382be11d392bc8dc422ce5142f2bdf122b2dd4282d29171acca4171dddae28f5c6b0081ad2b1e4bac9b0f6e8beb004f3b0aecfbdbeb3 pre_us=87564 enc_us=490760 q_us=60 pkt_us=1
[PKT] seq=703 mode=A bytes=132 pkt=0102800038f1fe5855cf1e635fd8236225a81363d9df0164dac623652de931660ade4466ef0eeab5f63be4adfb38c5ad123cc9acdc42d7abed06c7abe037aea90a17a8aa15ff513fe5f44f31d50a4a31bfe85332e9bf6133f9f044330a364135eafe2c32ea18ada0e21eaaa8cc16b1a8b921b4a7d7eeb1a6f723b9a6f60da3a4b6d6a5a6 pre_us=87552 enc_us=490758 q_us=60 pkt_us=1
[PKT] seq=704 mode=A bytes=132 pkt=0102800041ea41574bc62d6149d233601daa3661cfd32f62d7c53b620acc4e6314d65163ed0fefb6f142e7afe640d8afe449ccafed3bdaaed80dc6add436baac002bbbad1903663eebf95e30d10f5630bc045930fbe56631fc215f310b365033df0c4a2fe61db4a1eb1faea9e42cb4aac40dc4a90e04c0a80b2fdaa80525b9a6b0e0bea9 pre_us=87552 enc_us=490761 q_us=60 pkt_us=2
[PKT] seq=705 mode=A bytes=132 pkt=010280002eed2f5931d1016428eb0d6418cc1965e2ea0166da2500661bd0426715022667ed0fd8b4e545e1acf33abeacf258d1aae040d1a9db2daaa9d525b1a70c4a9ea81b064b40fbeb4d32eefc4c32c2e04f33f6bc583406b75a3427034c36ece83233dc1dab9fda20a2a7c20da8a6c91e9fa5f92bb3a4081bbfa40f0ba9a2bdd89ba4 pre_us=87544 enc_us=490757 q_us=60 pkt_us=2
[PKT] seq=706 mode=A bytes=132 pkt=0102800043e83b5856cc13625dda286154a1386216020e63f90b3a643bd7496525ea5164f8fbeeb5003ee1aef33dc6aefb1ec1ade83fbfaced2db4acf019bdaa241eb0ab12045a3fe3f45130c7004831b4eb5331d5bc4e32f1d23f32f6144b34c3fe3b31f214afa0e11baaa9de1faaa9d61fc7a8e3faa8a70717aea7fe1daea5aac5a9a8 pre_us=87556 enc_us=490760 q_us=60 pkt_us=2
[PKT] seq=707 mode=A bytes=132 pkt=0102800028edef5b1cdddc660ae5096608ecfc68e120d669d227226a0c1a1f6b092ae56bec06e1b2e745d5a9cf55c9a8d826c5a6e93acba5ef14d7a4ea21b9a31c3899a31cff4442e9de4b33e4f95935d6d64936ecc85f37fbc9593729db5f39e7de5737e618b29ddf2fb8a5db19bea3cf21b1a1ee0ed5a0fbeea7a0f4ffad9eaed8ab9f pre_us=87553 enc_us=490756 q_us=60 pkt_us=1
[PKT] seq=708 mode=A bytes=132 pkt=0102800042f11a5a4dd509654ae207653cac2266e2001067fcf6096835e237690ef63869f605deb3f63fe4abf737c9aa0246c9a9ea49d9a7e81bb6a7df36b3a508389aa617015741e0ea5232d9034f33bff54e35d7c95635f1ee5735f11e4e37dafc3535f016ae9edb20a5a6da16a3a5bf1faca3e215a8a20718ada2fc1ea6a0b0d1a0a2 pre_us=87554 enc_us=490760 q_us=60 pkt_us=2
[PKT] seq=709 mode=A bytes=132 pkt=0102800044e2f5594dd8ea6350e31a631da72764dcfe0765d7151e650aff2f660cfd3966f00de7b4f24cddadf133c2adfe3bc0abe149e3aae51dbcaae537a2a80504a0a91d033d3fe6e03b31eef93332d8f43d33e9d4533303e751331f23473501ef2732e321c19fdf19a9a8fc25a9a7c02eb2a6ed10baa50811cba50a0daea3c5c8a2a5 pre_us=87554 enc_us=490756 q_us=60 pkt_us=1
[PKT] seq=710 mode=A bytes=132 pkt=010280001204ff5324e6ff5e25f51264fef71d69fd1ed86d0815316d110f1e6e1025e56fd508fd91d247fa91d350d495d342d897f83bfe95011d0596c735ce9803379a9929f524311cdb252f1fe92c35dfba3738efc14034fbd14d3810da4a3c05e34e3ce40ad995f714c39e150cb79df5f5bf9a05f4db970ef0a59807f29598efb29b99 pre_us=87555 enc_us=490755 q_us=60 pkt_us=1
[PKT] seq=711 mode=A bytes=132 pkt=0102800033ffe660fce5fb69dbe50f6901cc096bf615f56d02133b6d02f22e6d0521196ee60ff6a6e44ce6a3c759dea4c045dea0d84cf49de529e4a0c844b19f163f989f2f0231390fd9432e0e01483405d32e34f6cf5d33f7d161370ef2543afddb3d39d219d297e91bbd9fe913b29fea06b59c0af9e39a1ff8d69c1dfaae9be8a1a09c pre_us=87544 enc_us=490756 q_us=66 pkt_us=1
[PKT] seq=712 mode=A bytes=132 pkt=0102800037020b5b42de076547f127651eadf86709f0026808ea21694ae5356a25bb3f6af901e9b21632d7aa0e33c7aa5551c7a81753cca6170cb8a6e225a8a457319fa40bf45241f0004d33e3064734d4f14e35cac55536ebf83f36e20c4538d30945360b0fa69e1c0fa8a5260fa8a4f5fea5a2cff1a7a1da02aba11e159e9fc0b6aaa1 pre_us=87549 enc_us=490756 q_us=60 pkt_us=2
[PKT] seq=713 mode=A bytes=132 pkt=010280003ffe3d574ad0316158c94c601a96436105d63361e4cd3d6204e14063e8cd5463f10ed1b60630acafdb37c3afe430bfafe53ebaaeeb01abaef02caaac2339b4ad0e02623ee4f85830b7035b30bcfc6930dde27031f60e6131df325c33e014552fec12c0a1e024d7a9df16d9aadb24e7a9e5fdeca8110eeca8ebfed3a6ccf6cfa9 pre_us=87559 enc_us=490756 q_us=60 pkt_us=1
[PKT] seq=714 mode=A bytes=132 pkt=010280003de8365449d4355e4ff8305c2cc9375c02d9385bd6d2445c3702465e0cf1505cf8f8a3b824379bb2fb2d9bb404449ab5fb4d96b4ed2399b4ff4397b2473d9eb50406453be00b452dac163d2dd51f3a2ccace322de30c2f2dbc122d2fb630272a1107b6a32309cfad14f0c6ae0e19c6aedcdcb2aef2d7b4aefcdeacabe6d6b3b0 pre_us=87556 enc_us=490758 q_us=60 pkt_us=1
[PKT] seq=715 mode=A bytes=132 pkt=0102800016fbf05f24f4e36919dc036b04e7e76dfb0eb26ff5071a6ff4e30b7005fae371e802daaee441e1a5cf50cda3f456baa00a4acb9efb15dd9dd241cd9c0463939b1b09434608dd4837f2ee4f3ad3c7543cf3ba533dfcdf633d0dd45d3fe8e0603edb1abf9ae11fb1a0de2db49ecb1fac9bf4f3b79aec03c49afb09a198c3e1af98 pre_us=87546 enc_us=490759 q_us=60 pkt_us=1
[PKT] seq=716 mode=A bytes=132 pkt=0102800009df4d5402e6575efef4525cf1d44b5b09e7535bf3014f5c0404585dfbaf555ceafe9cb9fc3998b2033498b51e5093b5095896b5eb3494b4fe4899b258499db5041d273be121172dc522182cd61b152cc2cc102dc9fa0f2db22a172eb61b1a2a21db9ba423eba0ad3b05a3ae2f11a2aff6b29caef0e19cae0af3a0acd9c9aab1 pre_us=87555 enc_us=490761 q_us=60 pkt_us=1
[PKT] seq=717 mode=A bytes=132 pkt=0102800038eb545949db396341ea416334ba4964eeb43465f0cd5b652cc23f6735a83c6700f0c9b40730c0ad0d41b5ad2143c3ab0242a6aaff23b7aa002ca2a83a5c9ea90a095540e6f85c31c60c5432c0185d33cdd05634dcf55033d51d5535ac2051320908b59f170abda70b08c5a70b29d0a6cae5bea5e1f9c4a5e803c1a3d0fbbfa5 pre_us=87554 enc_us=490759 q_us=60 pkt_us=1
[PKT] seq=718 mode=A bytes=132 pkt=010280003cec4f584fcf36624de343622bac4862ead5246305eb316436d4466520b8456508f5ccb50e28c2aef32cafae092bbdad093b9fac07299eacbb31a5aa3d569aab080a553fdffa5d30c2175131cc235f31bebe5a32d7ec5032d5194a34ae273e310c0eb6a01e08c0a9150fd6a81126d9a8c6bad3a7d9cec6a71bf3b9a5ced1b2a7 pre_us=87546 enc_us=490760 q_us=60 pkt_us=1
[PKT] seq=719 mode=A bytes=132 pkt=0102800046fdef5e44f8e76841c8fb6910f4e86bde2fd26de919316d0503076eea18fb6fed00dcaf0230e0a7fc2cc7a50242c7a2f133f6a00bffe8a0d729c69f1d3ea99e13054944f7e04836e9e44a38d4b8403af0d1513b07dd4d3b14dd4c3de2ef293cf616b29bf11eaba2062aa4a0f33a9d9d0502a19cfae9909c1f0b8f9ac6d7899b pre_us=87553 enc_us=490756 q_us=60 pkt_us=1
[PKT] seq=720 mode=A bytes=132 pkt=0102800048ffec5a55d6ff655cdf256516a90f66faee09670102316814d23c690cd44969f406e1b30135deabfb30c4aa0e34cba8ee41cca70f1db1a7d22faca52234aba513fc3d41eceb4732d0064f34bce94a35e5be443610e93d3600fe4137c7e03035ec20b79ee709b2a6e131b9a5c120b7a3db15a9a20af1bca21b0ea5a0acd29da2 pre_us=87544 enc_us=490764 q_us=60 pkt_us=2
[PKT] seq=721 mode=A bytes=132 pkt=010280003af5475944d93c6351d53c633aa24164fbd12f65e7f350651fe14a6602c95466fef9ddb4fa33e0adf628c9ad0c4ccbab004cbbaaf41aacaadc2da0a8054ba7a90d08593feefd5931d0075432b9105b33c7c86233e8eb4933e71d4735bf004432ff10aa9ffe19b1a8e51ebba7ce12c0a6e003bfa5fd0fbea51f35afa3d1f2b3a5 pre_us=87546 enc_us=490755 q_us=60 pkt_us=1
[PKT] seq=722 mode=A bytes=132 pkt=0102800009f435572adc356139e23460f5e03960ead3386102df476239fa4b6325d94762f0fdacb6fe2e99afef1d91b021418faffe5b8eaff63291aeee4492ac605292ae0105523ee20b4a2fc0043d2fce1e2c30c4b53231dde32b30cc023232b9112c2f0d0ebda11a11d2aa1914bdaafd2bacaacccea9a9dcf6a7a903fda7a7cccfaaaa pre_us=87554 enc_us=490758 q_us=60 pkt_us=2
[PKT] seq=723 mode=A bytes=132 pkt=010280003ef73b5841d923633ef041620bb12263ffea3464d4ff2d642aee486622c54765f603e8b50a3cdaad0931baae424bbeac023fc0abf31da8abd814aca92e3aa0aa08fb603fe4f45d31d7234431c1f95432d2bb5533f3fc4c3303344c34c9283f310f13aba0180cb2a81701b1a8ec0cb2a7cdf1b4a6f80fb6a61e0bbba4bbd6aca7 pre_us=87548 enc_us=490755 q_us=60 pkt_us=1
[PKT] seq=724 mode=A bytes=132 pkt=0102800036eb525953d526635be54a6335aa4764e0e73a64dedd5a6512dd43660dce5866f1fedcb4fb34d4adfc3abead1042caace73fbbab032ac6aaea3aa9a82148a9aa15095b3fe0e76331d3fb4e32c0f85d32dad75833e9f14b33fc0e4d35c9053e32e917b4a0df1ebba8d513c1a7cd1ac6a6ed1faba5fa2cb8a5f114aba3be13aaa6 pre_us=87545 enc_us=490767 q_us=60 pkt_us=1
[PKT] seq=725 mode=A bytes=132 pkt=01028000daee3d54d2e9365fc61d425cded93a5ceafa245cde08345de10a435ed8144e5de0fab4b81826a0b20f1da7b45120a7b4ed4c9bb4e9159fb32a229cb15928a7b4ee0d513bc3284a2ebe33472ddb3e512dc917462ddd2e402dcb27382fdc45332bfd09c2a3fc16d5ac06f9dcae033beeaecce4cfad0ffec6adefd7b4abcdceb8b0 pre_us=87545 enc_us=490757 q_us=60 pkt_us=1
[PKT] seq=726 mode=A bytes=132 pkt=010280003aec475657c63c6052dd3a5f38b1295fd5dc3260daf1286021fa316212e04661f208d7b7fc3bc6b0fe39a9b11d48a5b1e735a7b0fc11a4afe62d9dae142aa9b013065e3ddd05622fbd084f2fa3e5572fdad46030ef035a30ed2e4e32cb02442eef13bda2e21dd3aacc2dd2abab1fd2abd606e8aae924d8aaf909c3a8b3d4bdab pre_us=87551 enc_us=490758 q_us=60 pkt_us=2
[PKT] seq=727 mode=A bytes=132 pkt=010280002be1415827cd2f6235ce40620dc04163e0233b63e3191f64f2e62865d81d2a65e30ac7b5dc4fccadbf48b9aedc39b1adf43ec5ac0d35a1abea2d9aaa145e96ab1a005d3feff6653106075831c7ed4d32f0de6932f00871320a275334e20d3d31da27c0a0e022caa8174dcca8e251b0a70e13e9a625eefba603fbbba4d1f7aaa7 pre_us=87554 enc_us=490755 q_us=60 pkt_us=2
[PKT] seq=728 mode=A bytes=132 pkt=01028000ddd65450dbc7615addf45e56d8b85b5303c45e52fcc25f53f7106154f2c85551e501b1bc0927b3b7df22b8bb2a38b9bd0d34bbbdea03bcbd1412bcbb5cfcb9bff22f2b38c62b182ab8351528c52b1627ced91328dffd1027da321829e2221a2414f09fa70b01a3b12c06a7b40fdfa9b604ada3b50beba2b613dfa8b300bcb3ba pre_us=87552 enc_us=490760 q_us=60 pkt_us=1
[PKT] seq=729 mode=A bytes=132 pkt=010280002df7145937cffd643bdf2a640acc1f65e6fb1566eb0f3767fb181968f20c2468e916e5b4d650ddacc453d3acea41d4aafa1ce5a90304e3a8e92eb1a717209fa728005840f0ed4d32f3044f33c6de5534e9eb5934eb0f5a34142c4236ea051a34d826b29fe22da5a7f02ab0a6d546aea5fb25ada40a21baa40e059da2d4ea9ea4 pre_us=87554 enc_us=490757 q_us=60 pkt_us=1
[PKT] seq=730 mode=A bytes=132 pkt=0102800041e5f75b4eddf0654bde146517ac1267d4150168dcf740680bf3246a0010376af1fee3b3fa43dcaaf343bfaaf039bea8db30daa6e011d5a6ee36aaa4032099a51b004641e0dd3f33e2f73e34badf4a35f5c64336fcf8463608024938f0ea2436e71aba9ede1faaa5ea11b0a4c72db3a3fe159ea20c0fa5a1ef019da0c3d59ea1 pre_us=87555 enc_us=490758 q_us=60 pkt_us=2
[PKT] seq=731 mode=A bytes=132 pkt=010280003fe6445354f22f5c5b0c3e5a45d6405817c930580fd6355843273d5a280b4f58f0f0b6ba1834a5b4221da3b74843a2b8fd50a2b8081b9fb826269fb5372caeb90a134c3ae1134b2cda25392bd842372ac3f23b2bd206372bca40322dd63a2c281923c5a51b16d6ae2506c6b12d3ecdb2f9fccab10831c7b1f3f8b5afead2beb5 pre_us=87548 enc_us=490755 q_us=60 pkt_us=2
[PKT] seq=732 mode=A bytes=132 pkt=01028000d9da4a4ae5da5252dbcc4b4bf0e3454502bb41410cb74242f5f74444f3ba3e3eedeec1c1120bbebee8d2c4c44fe7c8c842f2c8c8fdc8c8c8fcf6c7c761bececee3443232bc432626be442222b1491f1fcd521f1fd5411f1fc54e2121064f1a1a16e6acac24dbb8b81be4bdbd250ac1c1dd0dc1c112ebc1c101ddbfbfe6edc8c8 pre_us=87574 enc_us=490759 q_us=61 pkt_us=1
[PKT] seq=733 mode=A bytes=132 pkt=0102800001d84a4ff7095059fcfa4d54fdf24651dac9494ff8044c500d1b4d5212024c4eedf6a4bd103b9ab8ea26a2bc4c3ea1be0c52a4bfea2fa9bf2923aabc5ff7b7c2f62c2a37d624152ac6261727c9381626d3071326d0231b26e0322028ec41202224f5a2a836fca5b238fbadb6352eaeb801c8aeb714c7b4b8efbab2b508dfbcbc pre_us=87557 enc_us=490753 q_us=60 pkt_us=2
[PKT] seq=734 mode=A bytes=132 pkt=0102800041f64a5649ce366149de3d5f2daf385f05ff3460ebf340604afb53622dd95961f5ffd8b71535c8b00e2fafb1374db1b0144eb5b0f415b0afd815a8ad5836a5af0bfe5d3dea07612fe2094c2fc1fc502fdac25130ec044b30ec373d32c9122f2e1315bba22019c3aa291ac9abffebc9abdee6b5aae1f8c9aa2122b1a8d1c5adab pre_us=87548 enc_us=490758 q_us=60 pkt_us=1
[PKT] seq=735 mode=A bytes=132 pkt=0102800024cf35571bcc236128c43e6005962e60d5e03261ec022f61f5d42463f3c25462e10da6b6dd4799afcd429cb0dc4a9baf0a5297af0c3495aed13092ac18679fae1215513ef906522ffd13472fb5f44e30dcd75031f9f14630020d4732da12322ff114c5a1e524dbaa0e36d5aacf41c9aaf31be5a9f821cca9ed0cbaa7c5ffafaa pre_us=87549 enc_us=490756 q_us=60 pkt_us=1
[PKT] seq=736 mode=A bytes=132 pkt=0102800015de305728cc22611dbe4360029f2661ddd82161def02462f4e94463fdc35463e113a8b6d73c98afce379fb0e93a9caf023b99ae042a96aed216a0ac1163aaae130a573efbfb5530f6224b30abdf5c30c5dc6231f3005f3107305a33c2294b2fdf1acfa1f22ee4aa0141deaabe2ef1a9ea0afaa8fb17fda8fc07f0a6bc02cbaa pre_us=87560 enc_us=490759 q_us=60 pkt_us=1
[PKT] seq=737 mode=A bytes=132 pkt=0102800042db33564cce32604dcb455f279c385feed12760ebd4326018e947620ed35161e906a6b7fe369db0ec2fa0b1f4509bb109419ab008069bb0d2189eae33499fb00d1a4f3dd1034f2fd317462fa6f8462fc6de5030f0025030f83c4531ba13322ef517bda2e60ed6abf82ad6abcd2fccabff18d7aafd2cdbaa191bbfa8b6dcb0ac pre_us=87538 enc_us=490762 q_us=60 pkt_us=2
[PKT] seq=738 mode=A bytes=132 pkt=0102800045e7325343d7425d40e7455a1eac3a59d7d24358d8d437593602465b05b75359f4f998ba033c93b4083b95b6284c96b70c4792b7f41793b7dd2096b54815a6b90024363adb10242ccb1a1c2bb90c252bc2c5122be20a1e2bf438232da12c21281515aaa51602aaae2623aab015f6b0b1eac1a0b002eba8b11efea9aeadd2b0b4 pre_us=87554 enc_us=490760 q_us=60 pkt_us=2
[PKT] seq=739 mode=A bytes=132 pkt=0102800041ec2b5444ca345e4be43b5b06983e5af1ea425ac6de435b21e3475c03c64d5af3fb95b9fb3e90b3ef2b94b5fb4d95b6f14e96b6051697b6cc2a96b33b449db70523383bda0d2d2dc814282ca7f0242bc0db242ced0d292ce93c282e9f2b24290b22aca4fb0fb0ad062ab0afda0bacb0dde7b0afdbfbb2afff02acad9ff6b3b2 pre_us=87549 enc_us=490757 q_us=60 pkt_us=1
[PKT] seq=740 mode=A bytes=132 pkt=0102800032ed335753ce1d6151c23b6030a93460dabf3360d8f03c6127f6416208d95062faf5aab6fa2c9baff0309bb0fc28a0b0f4309faf03059cafd21a9bad343ca9af060b563ddcfd562fc0084a2fa6fa5830cad06230e2185630f5304532abfd402efc12cea1fd14deaae126ddaae229eaaad329faa9eb24eda9111fbfa7a2cdbaab pre_us=87546 enc_us=490760 q_us=60 pkt_us=1
[PKT] seq=741 mode=A bytes=132 pkt=010280003fda41554ad92f5f55e8395d29b2355c0dc91d5cf0ec2e5d38eb455e16b2415df7f6afb813449bb2f3299bb424409fb41f3d94b4fd1199b3de0b9db1632c9eb4091a4b3ce1ff472ecb1b412dc90f472dd1cb482ed703442de92b3d2fb829352b1615c0a31d02d1ac3530cfae2307d4aeeae3d4adf0fbcbad1df9c1abcac4b7b0 pre_us=87551 enc_us=490759 q_us=60 pkt_us=1
[PKT] seq=742 mode=A bytes=132 pkt=01028000e6e84851f4ee545be9034b57fae64e5505f33f5402dc4e5515235057f8f74854df069ebb18389ab623149db94644a0bbf06197bbf4229fbbdf38a0b95727a2bdf0362938be24172bca2a1c29db3d1628dcf40f29ef111329dd371c2bf52c162513fca0a608f4a6b02b0bacb33537a9b417e69fb31ccfabb431e7abb102c8b0b8 pre_us=87558 enc_us=490759 q_us=61 pkt_us=1
[PKT] seq=743 mode=A bytes=132 pkt=0102800010ef3a5a25e91e6514d14465f4bd3d6716fe396802fc2c6822c521692303326ae211e5b3d957dbabcc50e2aabb62dfa8024bf3a70329daa6b335b7a5eb5cada526f85e4114e8603315015d34e8ca6135e9cb7436eee072361fef5b38eee44236d615ac9eeeffa7a6fa2dbba4e841aba3fc0bd3a20001d5a2130eafa0dad494a1 pre_us=87550 enc_us=490758 q_us=60 pkt_us=2
[PKT] seq=744 mode=A bytes=132 pkt=010280003ee5495653cc2e604ecb445f0aa2445fc9dc325fc5f83560d6e85161dde75761eb05cdb7f63dc4b0ee44b7b1c844bcb1ec3ebdb00325b1b0c026afae172eacb0140c583de4ed602fdc1e4c2fb7ef552fdde56030f5044f2ffc3e4031da1a332ee918c2a2e322c8abf029ceabed11c7ab100dccaa0914c7aa1113aea8e2beadac pre_us=87544 enc_us=490760 q_us=60 pkt_us=1
[PKT] seq=745 mode=A bytes=132 pkt=0102800032e91d5b3adaf56624ee1d66ffc40e68f51f0a690c104e6a04f3326b0a02096be3fbe6b2ea4be9aad246d1a9d83ccca6f534eaa5170116a5c618d6a33348a2a320035542fcda5433fcf74e35cac24536ddc76237f1e1463707f64839e5e74137e328aa9de11fa4a5fa2f9fa3d6429da100099fa0e7f48ea01e2c8e9ebfda94a0 pre_us=87548 enc_us=490756 q_us=60 pkt_us=1
[PKT] seq=746 mode=A bytes=132 pkt=0102800023dff95f10e5e16a27dd016b22fceb6c13fda76d1ffc1e6e2adc276e2a09ef6ee0fdf9a9d64500a0d331d1a3dd52e39fe318089cfccc1f9ed5eee39f1427bc9e29ef3f3c1eb92b2817c05030c8a94e32d8c55230ec0a613418ec4a3ad7d76237e704df97ee01e59cfdf0dc9ed5e6df9bf0dae498def4ad9b0beaaa9bcaafb49b pre_us=87559 enc_us=490759 q_us=60 pkt_us=1
[PKT] seq=747 mode=A bytes=132 pkt=0102800032ef085a2ae7e36444d925641dc81d66e61bd967f61317670e011368ff28e269e711e4b3d74ce3abce45c1abec4bcfa9ff32d4a8181501a7d021b8a619459ba625054f41fedd4c32f90a4933d2eb443400d66235fffd6b351a1a5a37e0f64d34d725b39ed232b2a6dd26baa5db38a8a4fe1ec7a3dddec4a30622b7a1bbcca8a3 pre_us=87549 enc_us=490756 q_us=60 pkt_us=2
[PKT] seq=748 mode=A bytes=132 pkt=0102800007e1ed5913e9fb6212ebf9681aed03670c0dcd6513f8fe6b10d9036e30f9e771d7f7f995cf421390ce3ece96cf55e08fe025168af90cdf90c420df93f644b5962aef283821c1332b2bd33f38eaaf3c37f5bc2f2fefe83e3b19bc473ddad55b3ee403d595f1ffda99f4e6cb9cf1f8039800d8ee94e0ddb59814f6af96c8a6a896 pre_us=87557 enc_us=490755 q_us=60 pkt_us=1
[PKT] seq=749 mode=A bytes=132 pkt=0102800044e0f65e43d5e7692ffd21690ab7176ac417ff6b08211a6bfdf4356c0ff92b6ce9fff7a8ef49e9a1db48d2a4e346e3a4d539eda20e23d2a3d61bc5a1154bb3a224fe343afce22c2a03ff3231ded84836f8c04f360def663722fd4f39efe72c38e624ce98e524c19e0a27aaa0f014a19f010bb99e03e8c59f2529a29db8e88c9e pre_us=87553 enc_us=490756 q_us=60 pkt_us=1
[PKT] seq=750 mode=A bytes=132 pkt=0102800047f8106048f8f26c57ee126c66f11d6e33b1ea7017bdd5715df1137158e6d172fbf6e4a8fc31ea9f173bc09f003dac9c1b52e698e94fb698e61bb19a144ba49917fc424002e52a2de4193533d11c2235c1161d31bfbb2834eb05413ad4ee3639f811bd97fa00b59b030bba9a0d2bc197cc2bbf94ca0ada96f02ab496d545ae96 pre_us=87557 enc_us=490761 q_us=60 pkt_us=2
[PKT] seq=751 mode=A bytes=132 pkt=0102800043f8f95a44fd03634fd31a6a4bbe1d6d169b016ff3dd09702ef3327018d3f071f6f8ee9afc2cfa92f83cc79cdb49bf99f25ed897e756ca9ac21db29a0963a39924062d3b03e32c2fdb104639c20d483ab0f13439dbc1543dfa0d5a3fc3e55f3edb0dcc97dc04b49be016b99cd721c699b432bb97d034c3990128bf97b61fb097 pre_us=87552 enc_us=490758 q_us=60 pkt_us=2
[PKT] seq=752 mode=A bytes=132 pkt=01028000e8f63054f7f2315efafc395cdd01465b0cfd345b04bf435b01f54c5d1bbe4a5be70797b9ee3292b3460e96b5e4fc9bb5530a96b5fc4096b5f02898b31f469ab6fb003c3bd515362dbe14302cc80f2e2cd32b312de01e2b2cea1b292ef20e202a0afbaca410fabbad15f6b8af320ab9af4530b5ae2835b2af3ce7acac1fd6adb1 pre_us=87547 enc_us=490759 q_us=61 pkt_us=1
[PKT] seq=753 mode=A bytes=132 pkt=01028000eff43557f1f13561ecee3b60fb13466112d8376118a6396206d34e6314b14163eff4a6b6ed219aaf2b0e99b0000892af2a1d96ae06459aae082a9aac5e4795adfd074e3ede1f4730c0204130b62c2f30c81d4131b7264a31be233f33de083b2ffdf4baa10502c8aa28eec3aa3608b1a93b36c1a82027cea81000b7a61bedbbaa pre_us=87550 enc_us=490755 q_us=60 pkt_us=2
[PKT] seq=754 mode=A bytes=132 pkt=0102800038f746563bee3a604cf03e5f4c004e5f45d63f5f3ead486056d34c6147be496005f9d4b7062dbfb03b1daeb1ea09b8b13b37b2b00a58b3b027279fae3731a0b00ff65b3ded03572fc425472fbc24452fd4284330bff0442fce173931cdf5352d050bbaa221fec1ab1205c7ab310cc3ab1d39b0aa1a0bbfaa1af4aea8f7d7b2ac pre_us=87560 enc_us=490758 q_us=60 pkt_us=2
[PKT] seq=755 mode=A bytes=132 pkt=01028000e4f02a53f6e5385dfbf8475ad109455907da31592cba3b5a020a4e5b12bb4559e90c98baf03493b4470c99b6d0f09eb7450396b7e95295b7fa249db42f359db8f9fb3e3ad608332cc818272bca262b2bcb2a2e2cb42a2b2bcd292c2d0c17232806f4ada411f1baae1cedb6b031eab3b13f1eb6b01723b3b025bcb1ae16beb2b3 pre_us=87544 enc_us=490757 q_us=60 pkt_us=2
[PKT] seq=756 mode=A bytes=132 pkt=01028000e5ee4b58eaf33562e9f34f61f10e41620be64c620cac426305ef53640fb54d64e9f8cbb5e530baae3a13c3afd9e9b1ae2f1dc0adfc4dc1adfc28a7ab4442abacfb09593ee0125830c0294d30b92a4931ce355132c70d5b32d72c4233041d43300405c0a01404bca92300c2a93200b0a8353fbca71b1ec1a72ddaada516dfb2a8 pre_us=87556 enc_us=490762 q_us=60 pkt_us=1
[PKT] seq=757 mode=A bytes=132 pkt=01028000f2f43957faea3162f4003e61fc10426120db3f621a9c46630edc4b640cac5063e800b6b6ec2aa1ae2e179aafe9fda2ae271c9badec4b9eadff2f98ab424ea0ad0007583ed9115130c91f3930be134431cd1b3f31c9044b31d51841330cfe403007ffc5a1090ccca924fbb4a93416c0a9384bb3a82c32daa834f3b9a606dbc0a9 pre_us=87548 enc_us=490757 q_us=60 pkt_us=2
[PKT] seq=758 mode=A bytes=132 pkt=01028000feeff45907f6116412f01d64e11d3d6513f622662ab539662cc840672cc34c68fd16e3b4ec2ec6ac2e33b6acd1f2c0aa360fbaa9dc2bcda9dd1fa7a7043da5a800f84740ef0c4132c1214732cd134333c1114234d90b4934d2253b36e1f735330804af9f20f5b0a7230dbba62016b1a52a3aaba43934b0a425f1a0a2f2d1a5a4 pre_us=87544 enc_us=490762 q_us=60 pkt_us=2
[PKT] seq=759 mode=A bytes=132 pkt=0102800024fe1e5d24f8f968350213694a172e6b2ddeeb6c34cede6c51f7336d53cafd6efefce6b0f72fdda72c44c9a6db16dba32942d9a1f63fc2a10526b29f282ab09f10fa5844edef4d35b71a5137be135839cd1d553ac7c2433ad614433cdedb463b0707a19c1afc9ba3edfa9fa02c25aa9ef435a29ded1a959d090c949bd9fc999c pre_us=87546 enc_us=490757 q_us=60 pkt_us=1
[PKT] seq=760 mode=A bytes=132 pkt=01028000eb053659ecfc3164fbff3563f10a486514e945660ec44366f8ef4f6723c04a67eb09e5b4e738c6ac3e22a3acdaf7a1aa1c2bb0a9fa4cb4a9131fa2a74b3b9fa8fef36140e3f75431b8254c32b42b4533d8305134cbe94c34ef1d4436f0ed3f33fff7a89f13f2b3a71d00c5a63405b6a53442baa42031a9a42118aaa214f2a9a4 pre_us=87549 enc_us=490758 q_us=61 pkt_us=1
[PKT] seq=761 mode=A bytes=132 pkt=010280003809e65f3beaf36959e8026b54d81e6d099dcb6ef4bfc96f0ae90870f9e2c771f603dfaef32fdfa5ee48c7a3d543dda0c759d49eca5eb99edf31ba9cff53a19b2301404606e55037d30a4839e621473cc00d323de0b33d3dedff5c3fe7cd4b3eda06ab9af410a9a1e614b29eff1da69bcc29a89af73cb49ad51ba898c2eea399 pre_us=87546 enc_us=490760 q_us=60 pkt_us=2
[PKT] seq=762 mode=A bytes=132 pkt=010280002cf5255b1ef5ff6539053e663404156720e20c6827cb0c6949f33d6a2dcc2d6afdf5e5b2ee38d7aa082aaea9f71baca74039d0a60556c7a6041cb7a44933a8a410fb5342eee54833c42d4434b52a3636d62b3b36cecb4436e6044238dde33a360a12a69e10ff9ba511ffbda41f1ea0a2f45294a1c91092a1f60c9a9fda1196a1 pre_us=87555 enc_us=490758 q_us=60 pkt_us=2
[PKT] seq=763 mode=A bytes=132 pkt=01028000f7014b56f90244600df5575ee10f525e19ca535f1ac8535fff0f516121ba5560eb09d1b7ed1cd1b035f4d7b2e5f6e3b1501ce7b1f549d5b1332ab6af4a34cfb1020a553de528592fcc324a2eca2f532ec62b602fb42e572fe7454731af35442d04eeb0a217fbc3ab3602b9ac5305bcac3f32c0ab281bc0ab26faada94809b6ad pre_us=87545 enc_us=490758 q_us=60 pkt_us=1
[PKT] seq=764 mode=A bytes=132 pkt=0102800047010a555bef2f6265e32b6469da30654d9e245e33b5076849c72b6d45aceb6dfbfbe8960519f693054fe293ed3dde8fdd60f988d74cd08ddd40cb92e76eb78f2501293cfff22f31defb2738d41e1638bce80230e9c01f36f2f2553db7ce453ad007c898d201ae9dbd14b89ce922d499cc22d494e62ad095f448bb96c13fc995 pre_us=87546 enc_us=490767 q_us=60 pkt_us=2
[PKT] seq=765 mode=A bytes=132 pkt=0102800040fe3c5c39f82e6654eb44675afb34693ebe3e6a32d51f6a4df7336b57cf1d6c05f2deb1ff1bcfa9213bc7a8063eb9a62c57c5a40457b4a41941a8a2335d97a214f6624200025f34d51c5435ca145f37c7096338c9b36838d3fd593ac1de5838fbfdaf9d1bf9aea41b04b6a33a20b8a10225c6a0ef11bea00617aa9e0c31b49f pre_us=87550 enc_us=490758 q_us=60 pkt_us=1
[PKT] seq=766 mode=A bytes=132 pkt=0102800010e9305815f833632ef0376246023b633ed42b633dad3b644ee74b6559be4b65f6f3a5b5f02599ad242a9caefe2699ad383e94acf65492ab0d3894a9475091ab0c05543ff00d4e31d4224d31b7244732cb1b4e33c2d23f32d5fd3934bdf428310601c3a017fdcfa82503cea83726c7a70c4ccaa60c17b9a61b06aca42311a1a7 pre_us=87550 enc_us=490762 q_us=60 pkt_us=1
[PKT] seq=767 mode=A bytes=132 pkt=01028000f4e63158f3fb356209fe3c62e6073e6305de396317a6426401c045651eaf4365faf0a4b5e81d9aaee82198aec81297ad3d2399ac004496ab183899aa366294abfe06533feb0e4d30c5254431c7384332c6284f32d20e4832d1f24834c2ef3731fafec1a00ae4cfa8261acba84a24bea74952d2a62c3ecda63704b5a44e0eaba7 pre_us=87554 enc_us=490758 q_us=60 pkt_us=2
[PKT] seq=768 mode=A bytes=132 pkt=0102800027e8445736f435614de43a6031f145611cd13e6142ac476252e34a635faf496308efb1b6ff1fabaf0b1f9eaff2189faf5720a1ae084aa0aef407a2ac3f339aad0af94b3eee0b5530b2144530af193e30cc2f4831c1e84331ce264733a9fc352f0306b6a1200acba90610c8aa251ebba9f155c6a8e000bda8191bbda6ff14b0a9 pre_us=87553 enc_us=490760 q_us=60 pkt_us=2
[PKT] seq=769 mode=A bytes=132 pkt=010280003aec48594cf646644820396449fb4e6536d8526637b75a664dcb606758b6536708f7bfb4021cbfac2335b3ac1525c7aa5743dca90f50d7a9f817cda73756c6a80afc5540e9035632e0165232c1035133c0276634c9df5e34cc025136aef95533ff04b29f1f01bba71f20b1a63810b8a50344c3a4ec14aea4151eaca20e06aba4 pre_us=87545 enc_us=490759 q_us=60 pkt_us=1
[PKT] seq=770 mode=A bytes=132 pkt=0102800023f9475a36f33f64420037643f094d652ce346663dbe426748ed4e6847c6436808f9c9b30518c1ac1e34a9ab091b9faa4a40bda9f066b2a8023ea9a628639ea70cf65b40f1025c32bd075433b90e4634c6256035b1d55135be0a4b36b0f34134fbfeb69f14fabca7fd02c6a62925bca4ff48caa3ec14a6a31528aea10109a3a3 pre_us=87545 enc_us=490760 q_us=60 pkt_us=1
[PKT] seq=771 mode=A bytes=132 pkt=010280002901425a34f8266544ea41654803346717b634681ecd33682ed6356933ca3f6a07f5d0b3fc11a3ab13379caaf63b97a8325298a7195d93a6242b91a53e518ea50cf66241f2f95b33ca1e4c34b5115335c11d5a36c9cc5436d8fa5138bedb4236fb00b89e1508c8a60806caa42912c1a3f53bd4a2f718c5a2f91cbda0e41db0a1 pre_us=87554 enc_us=490758 q_us=60 pkt_us=1
[PKT] seq=772 mode=A bytes=132 pkt=01028000410ae665480dff6f49dc0c703107fe73fec1e275ebe0be75d70ae075ed02b076f806e6a1f829e69cfa49ca99ce36d395da5ae392de52b794c828c095eb5daa932304244006e63932d4073036cd2f1337c3072734e9af313a02d9433ff3c8313fd408be93f208b598e0fec495f92be791d71fde8fed00c0910d24a891d904a390 pre_us=87552 enc_us=490756 q_us=60 pkt_us=1
[PKT] seq=773 mode=A bytes=132 pkt=0102800037f5145c36f00b664607116741f223691cc0226a27a71e6a40f5336b24b8286c01f9e6b10332e2a93242b2a80621aca5423ad5a4f653d5a4db21b7a2302bc6a213f74e43fee65434d31a3f35d00a3637e6154d38cfb24e38e510483adfe94e380305a29d21fda0a420efa8a23620a3a01840989fdb00979fef14999de4119a9f pre_us=87550 enc_us=490756 q_us=60 pkt_us=1
[PKT] seq=774 mode=A bytes=132 pkt=01028000dee84157d4072f61ac064b609fdd4f60bbd83360eeaa2361d1073662d3ba4662e2fbafb6f02d9daff005a2b0fbfda3b03e16a7af15539caf105593adef559faffa124e3dd5234d2fce283d2fc1313a30bb1e5a30b9355b30ed0d4532bf36452efefbbfa1f0e2ccaa06d4b9aa19e4b9aa2e06e8a90a1feaa9ffcfc4a7f4d3cbab pre_us=87560 enc_us=490759 q_us=60 pkt_us=1
[PKT] seq=775 mode=A bytes=132 pkt=01028000e1fc4a59d40a4163c30a5763b0064464cbf24865eca34b66dae25467debc5667e9fed7b4e323baac0a00c2acfc0acfab4c11aaaa014bb9a9222ea6a8404a9ea9fb005f40e0195a31c4294d32b9246233ad204934ac0f5834c31e4a36b5193d33fafeb99ffaf5bba70b08c1a72200c3a52a34aba5f12bbfa40309b1a2e2ebaba5 pre_us=87548 enc_us=490757 q_us=61 pkt_us=1
[PKT] seq=776 mode=A bytes=132 pkt=01028000f2e44055fb13375f06fb4e5ddb0d4b5d0dcf3f5d24983f5d05ed425f18d1425ef3ffa1b8e3319ab1120f9fb3e712a0b344199bb3055599b31a4597b0375e99b304143c3ce4213f2edd372e2dd622322dbb30342ebb1a3a2edb143730b4272f2b0de9b2a309f0bfac2c08b3ad3cf6b9ad5031b6ac3936c3ad17d7b3aa41eab7af pre_us=87551 enc_us=490762 q_us=61 pkt_us=1
[PKT] seq=777 mode=A bytes=132 pkt=01028000ddf52b54e70e3c5fb9ff495dbeed465cc8063f5ce1b24f5dcd004c5eb3d5555dedfa96b8f31a94b227fd9bb403e89cb4491593b4153499b3082398b12c2ea0b4f6153a3bd815312ec3232e2db91b322dad2e262eb23e222dc02d292fa234242bf8f4aaa3fceab5ac15f0b0ae2600b8ae3e34a9ad0f25a8ad00e4aaab04edaeb0 pre_us=87547 enc_us=490757 q_us=60 pkt_us=1
[PKT] seq=778 mode=A bytes=132 pkt=01028000dbed3655c6073f60cb053d5eaf064e5ee3e9505ed4b0465fcdf24a60c9c7595fe8fa97b7d83193b12d1593b2dd0299b24c219bb2035595b11a2d95af1747a0b2fa0b3a3ce21f2f2ebe332d2eb4282b2eb6342d2fb4182e2fd6212e30b92e242cf9e2aaa2ffedaeabf803afac0bf6aeac1740b0abea1cb3abf2daa8a9fdf7acad pre_us=87553 enc_us=490761 q_us=60 pkt_us=1
[PKT] seq=779 mode=A bytes=132 pkt=0102800015f8265dfdf20a6825f1266918f11f6b1acd176c20ac1a6d36f0386e3dce2f6ff1f9e8b0e629dfa72536bfa5f528cda24738baa1f652b7a0ff35b69f19439a9e0dfe5c44f4e85635d1074a38bb1e543ad512553bc5b8543bd9f8553cc9c24c3b0e08aa9b1b02a1a21f05a2a03613ae9efa359b9cfb029d9cf4fc9d9becec9d9b pre_us=87545 enc_us=490756 q_us=60 pkt_us=2
[PKT] seq=780 mode=A bytes=132 pkt=0102800037fe495a31fa356441fa3c644c1237651fcf3d6632c028672ce149683ee7316805fce2b4fb1abaac2332a5abef249aaa4636a1a9fb4195a83312a2a6431f90a70df16740ebea6332c0255233b91b4c34c7145635bbcb5934e2e85336d7de4c340109be9f1909cda70502c6a6171ec0a4f737cca3f625d1a3d4febba1d117bfa4 pre_us=87549 enc_us=490760 q_us=60 pkt_us=1
[PKT] seq=781 mode=A bytes=132 pkt=010280004405f85b46fc00665df821665e04156831cff36948aaf06931f0186a44da196b07f7e2b20127d1aa2d34bba90136afa72f3dd2a5fb5eb9a5242ea7a3422c99a311fd4242fdf24b33ea1c4a35c1223d36d61d3637c3d04237e0073e39e8f52e37ff04b19d2105a4a52202b3a3411fb4a2183a9ea02020a1a0e9049e9ee6029ca0 pre_us=87546 enc_us=490757 q_us=60 pkt_us=1
[PKT] seq=782 mode=A bytes=132 pkt=01028000e9f14551ed1c4b5bddeb4757c80a515407f644531dd64954fe0852561ef95153f0069ebbf83199b629f39dbae3fda9bb531a9fbc1f49a0bb2a2aa6b9341caebef92c2938d31e1f2bba201f29b7301f28b0321a28a84a1d28f43d202ad34a1e2508eba1a602edabb012fbafb32207b0b53a1eabb4291faeb417d4aeb229f2b6b9 pre_us=87549 enc_us=490761 q_us=60 pkt_us=2
[PKT] seq=783 mode=A bytes=132 pkt=01028000dbda5651cff3605ac5de5a56a9d65754eecb5753decd5954da055a55ddf35552e800b2bce720b0b63ee8b2bae6dcb5bc4b0eb5bc054cb6bc2c17b5ba5019b8bef7252d38d32c1d2bbe3c1f29b4382028b2481e28b3441a28c0301f2aba472025f9cb9fa7fae0a7b103e9afb423e2b0b5271eaeb5f0ffacb5f3c2acb218e6b6b9 pre_us=87551 enc_us=490759 q_us=61 pkt_us=1
[PKT] seq=784 mode=A bytes=132 pkt=010280000cf73c5af4f61565130f4065ebfd4766f7eb276705b22d682beb496908ba4569e7fbe4b3f233d8ab280ebaaa0617c9a93f2fc9a70349cca7f616a6a55f36a3a60b015741e7f85132d52b4233b71d4b35c53f5835c0e75035d1253a37d4f73f351b09a99e1deca1a62c05aea53b15b4a3053ca8a2f1f69ea21cf49ca01d0aa0a2 pre_us=87552 enc_us=490757 q_us=60 pkt_us=1
[PKT] seq=785 mode=A bytes=132 pkt=0102800016ea4a54f503565e15e6505cfcf94d5c09ce4e5c20a1575c23e8595e33b1575df1fb99b8ea3097b21e2197b4ef1d97b43f3b97b4fb5e98b4024298b24a669bb40c19273bed17182dce301c2dba281e2dc6331b2db301112dd219152fad18142b14da9ba317e3a1ad321ea4ae4c1ba6ae1845a1ad121a9aae1af19eab34fea5b0 pre_us=87538 enc_us=490760 q_us=60 pkt_us=1
[PKT] seq=786 mode=A bytes=132 pkt=0102800022fb165d1a0305672e0e306840fb376a36e1016c3cb21f6c5de1396d53bb006ef4efd5b0f324d2a82019b7a6041cb8a34b45e5a2fe5deba10222c1a0574bd59f0dfe4d44f4014835e3263a37bf1f3539d517413ac9c54b3ad60a473cd0e23e3a0a0bb59c1bee9da32b16a8a13627a39f154d9c9d0910939d1827989cfa1b8e9c pre_us=87549 enc_us=490762 q_us=60 pkt_us=1
[PKT] seq=787 mode=A bytes=132 pkt=0102800027ee2c5632f3396035f43e5e37e4375e3dd22e5f479c3a5f5eed446163b15160fbfaa6b7f52298b0162798b2f31f97b2493793b11a6295b1ff3093af41499ab10d124e3dee163e2fc723382eb11e3c2ec3313d2fc2f13b2fcb1b3031aa16292d09fdbfa216f9bfab2127bbac3328bfac0c4fb7ab0003bdab12f2aca91808aead pre_us=87542 enc_us=490760 q_us=60 pkt_us=1
[PKT] seq=788 mode=A bytes=132 pkt=0102800031eb2d563eeb366052d82b5f51eb355f18ab3360ffb1356043f0376227b93f61fded95b7f42092b0043991b1e74090b1065c91b0d8668bb0db438fae145f8eb0100d413df9ff3a2fd1203d2fb720352fb5213e30afd02a30c40e2f31a5fc1f2ef2feb1a2fcf9b8aae727c1abf63dbdabc250bfaadd2ba8aae42ea7a8b631a1ac pre_us=87547 enc_us=490762 q_us=60 pkt_us=2
[PKT] seq=789 mode=A bytes=132 pkt=0102800036e5325732f6376149e02f6053ed2e6023b4326134b12e624eea43634fae446200eb95b6ef1e91af1d3490b0f5338faf4a538faff9618baee73c90ac3b618fae0c0d3e3eef02382fc3153c2faf163e30c6253b31bfd32c30d4043232b50e242f03f8ada115f0b4aa0f15bdaa2c1fbfaaf647b8a9f514a4a90c1da7a7f625a4aa pre_us=87551 enc_us=490759 q_us=60 pkt_us=2
[PKT] seq=790 mode=A bytes=132 pkt=010280003df047593df9406347e94663530c446419cc3c6512aa486634d748673dc3446703efc7b4f621afac2731acacfe2da0ab0d54a7aa125ab2a9e61d9ca8365696a90f045b40f2fc5231d51a4e32b71b4733c4195434bcc95434d2114835b4fb3b330603c49f1ffabca71f0fc2a74022bea60a31c0a50d1db7a50827b0a20b1fa3a5 pre_us=87551 enc_us=490762 q_us=60 pkt_us=1
[PKT] seq=791 mode=A bytes=132 pkt=010280000ce6515808fa356228024561110d45622adb3e632fad596341e13f6538ba5664f8f1cbb5f12bb9ae1d26acaeec1faaad3235aaad0543bdacfb329faa5749a5ac0a05553fec0a5630cf2c4531bf244731ce2e4932c00d4932c7224b34ba043c300d0dbda01ae8b8a92c0ec4a94e17b6a81853b2a70532b7a709ffb4a50bf2b1a8 pre_us=87543 enc_us=490758 q_us=60 pkt_us=1
[PKT] seq=792 mode=A bytes=132 pkt=010280001be63b5930fa2e633ae3346334fc486431ba356546af3e664ccb42674eb94567fef0b6b4fc21a0ac0e339cacdc339aab224d97aaf85795aafd3399a81a6095a90f065940fa045631d01c4d32c1284733c7225434c0d34b34cdf34e35beec403309fdc29f20efd1a72308c6a74428c8a60849d3a50c28cba50819c1a302f7b6a5 pre_us=87548 enc_us=490763 q_us=60 pkt_us=1
[PKT] seq=793 mode=A bytes=132 pkt=0102800012e33b5610033a6024f5315e28eb2d5e21c3355e20a53c5f3cf448603db4515ff6f498b7f02e92b11b3393b2f0158fb2424a91b10e5e90b1f72295af61399ab1080b373ce818322ebb213a2eb41e332eba35322fb9f4332fd6213231c02a272d09e2a9a219e9b3ab1521bdac312eb7aced34b3ab0800b6ab02e0aba9eeecadad pre_us=87547 enc_us=490759 q_us=60 pkt_us=1
[PKT] seq=794 mode=A bytes=132 pkt=0102800030fcfc5c43ffeb675eed1f675b0501691db4f16b30c0e96b4aeb3a6c38c2fd6df9f1e0b1fb20d7a8023ac0a7ed3dafa5e55abea3f15bb3a3d51ba6a1116098a115004943f4de4534ca223c36c4204638b71f4e39b8c14f39e21f513bbbf55c39dd13ba9cea029da4c50fbca2e143bea0ba3fc29fd322b39ee53bb69db010b79e pre_us=87548 enc_us=490768 q_us=60 pkt_us=1
[PKT] seq=795 mode=A bytes=132 pkt=01028000e9e23b56faf52861ff24455fd70d3f5f05db30600ea0396111e74f6203a73561effbadb7f32f9bb0401ca0b1e422a1b0552ea2b004559baf0a1ca2ad5226a3aff9fc513dda0f522fc42a412fc020462fcc2b5630cced4c30ef06483200f1512efefac3a20ff6d9aa12f8caab2317d3aa2941ddaa1de8daaa1cc8cda71ab5d8ab pre_us=87544 enc_us=490756 q_us=60 pkt_us=1
[PKT] seq=796 mode=A bytes=132 pkt=010280003dfefa6147f1f86c56f0316c54e2186e33a2e07021bddf713cf2ff7139ccdc72f7f1e7a7fc1eea9f0130c3a0f02ab89c1454c89be558b79ad81fba9a1766a39a1f00313efde43130da263e37c6222b37bb073038cbb53938ddf9513dc3d8453de114c796eb12af9ce61aae9ce933b998c03db897d13dc897e433a796b42ea197 pre_us=87551 enc_us=490762 q_us=60 pkt_us=1
[PKT] seq=797 mode=A bytes=132 pkt=0102800038f3fd5e2705f569320e336a3bf8fc6c2cefd36d38b9e56e4fea326f3cbc0170f6e9dfafe72ed3a62820b7a40b0db3a13554c69f035dc09f072fa89e6057ae9d10fb4545e6f34336cf204038bc0c3d3bc720303ccdc83d3cd8f6443dc7e7353d060fb19b14f8a2a10b02b09f3221af9cf7459e9be803979b0905979aea068f9a pre_us=87543 enc_us=490759 q_us=60 pkt_us=1
[PKT] seq=798 mode=A bytes=132 pkt=01028000f3ed3a57fcdc3061fc1f3b60f30a43610cdc2a610fbc48620df047630db04f63e600b1b6ed2ca1af30179cb00906a2af53169bae004d99aeeb189aac493aa1ae0102553eda0b5130c62a4230b4124830d72c5231d6fa3d31e6244033e8fd3e2f0c07c2a11009cdaa22fcc7aa2f0cd0a9334ad4a8101ec1a820e6b6a6fff7bdaa pre_us=87557 enc_us=490760 q_us=60 pkt_us=1
[PKT] seq=799 mode=A bytes=132 pkt=0102800021f1495b17f72066370947662a00446847f434693eaa4f695ad4476a55b33e6bfbf8dcb2ee2fd3aa211ebaa9f308c0a73933cba51741e9a5e81cc5a34c47c0a40ffc6242f3f95d33d5234135c31b4d36c90c5737c8d65037d7e45139bfed4b37080ab59d13f6a7a51302a9a4301baaa2155899a1eb2c98a11a209d9f02309ba0 pre_us=87538 enc_us=490759 q_us=60 pkt_us=1
[PKT] seq=800 mode=A bytes=132 pkt=0102800002c1ff5a08eee6652e09036514e7f16708dced681d8bc46838af0e694095b16ace1de2b3e24bd7abfb2ad9aae407dda8e402f8a707511fa6a54ae8a5d96829a524f93e410de438331b133e34200c5b350f017036e0f56a36f8e94f389ecf4d35e124be9ec8c2aba6e9dacfa505bdf1a3f0bbf8a2feefeca210d3b5a0fabab8a2 pre_us=87564 enc_us=490757 q_us=60 pkt_us=1
[PKT] seq=801 mode=A bytes=132 pkt=0102800012d24a55fdfe21602137165e1056055ee453225e0cc2f75f3bd239600ea6485fd230e7b7d457cfb1d5289bb2d51c99b2d323c3b2f57ac1b1916df8afcd7a42b22012583c03ff5b2e2007502e19f4612e01de652f07ff6a2eeffc6930affb792ce121afa2d3cfb8abf8cbd8ac01bee1ac0ac2d1ab1cc2c5ac29cfc3a900b2eaae pre_us=87551 enc_us=490759 q_us=60 pkt_us=1
[PKT] seq=802 mode=A bytes=132 pkt=010280004cde515245fa385c3228415829313a5725392b5634381157363d4e58fd0a3156f017e1bb093dc4b5ee05d4b8f410c4b9df27c4b9f271b1b9a051cdb7d468c3bb01255739d505532cf3224e2aff2a4529fa17552ad32c582aba3d492ca0105427e83ac0a5c6eebdafc6f3d9b2d203bfb3f42fdeb2185ed5b20640d7b0ab4ff1b6 pre_us=87561 enc_us=490758 q_us=60 pkt_us=1
[PKT] seq=803 mode=A bytes=132 pkt=0102800053e03f4f431029582c182a522f1a224f351b154d620bec4e5a231e4f52ff0a4bf601a7be4b2ca2b910e0abbe03f6a1c0f0e09cc1282d99c1af319dbe671a9cc4f7263636db073f29e9053c26050d3225e0f33825b5fb462592103127a3fb40212636b3a9fde2cfb3efebd6b7ef04d2ba171ad7b94d66ccb91e56dcb7cb4defbf pre_us=87543 enc_us=490754 q_us=61 pkt_us=1
[PKT] seq=804 mode=A bytes=132 pkt=0102800049d32c4e450b1f50362428572f21265238f3294659eff84b5c2d2b5c4bd7055de9fde0a64028de9811e3be9f00dbda9cecd9fd965920c093ccf0b29d5d1ba5a2f51d1e3fdf041935ff292037f1162739d4fd263dae192137a021373b9eed47382427cda405dcbcac0305cdad0408cdb01a3ad9ad3f69e1aa2c4ecfa8e959e8ac pre_us=87566 enc_us=490760 q_us=60 pkt_us=2
[PKT] seq=805 mode=A bytes=132 pkt=010280000ccf5655f3e33b5f23e6445d04fe415de4c5435dd289375e189d465f34984e5ece30e0b8da4ec6b1e617bfb3db13c3b3e01fc9b3e759beb2975ea6b0b378deb324f85b3c0dfc622e15105f2d1611662d151e782ee70c742ef6e652309de1622ce91ebea3dfccd8ace6cce7adfdeaebad00c611ac0326faac1f27cdaa06f3d3af pre_us=87568 enc_us=490756 q_us=60 pkt_us=2
[PKT] seq=806 mode=A bytes=132 pkt=0102800030d0575326f0315d2603405afa2f2e590b31345920ab305a2ae9445bc1c24959e024d8b9e84ac4b4ea20c2b6e520b5b7ec3ab8b7f072c2b6a063c1b4c878dbb817324f3aeb18552c0725482b10234a2b09185a2ce453672bce1a592da41c7129e620b8a4baf0c0aed6dec7b0dbf3d0b1ef25e9b00d26f5b00627d7aeb5301db3 pre_us=87565 enc_us=490759 q_us=60 pkt_us=2
[PKT] seq=807 mode=A bytes=132 pkt=010280004de640525000345c3c314158240a3d563c0f395632fe065650291858120efa56fa0eb8bb112a9fb511fea9b8fff8a6baff06a0ba394d98b9b62a9eb7155891bbf0334a39c81e3a2bf613332af4fe3529e5e83d2ab0214e29ac284b2b94005d26e71bc3a6b6ecc3afd00dbdb2de17bfb3f456e0b20b77edb3f44de6b0aa5007b7 pre_us=87543 enc_us=490756 q_us=60 pkt_us=2
[PKT] seq=808 mode=A bytes=132 pkt=010280004de04f56441622603837265e3d3f325f405a3c5f3d4e4960493e4b6123e84260ef01dfb7123ed2b0060bc1b2fef1d1b1f216e3b1ff6e10b0a14bfbaeff6719b10127533ddefd4b2ffb073f2e0a02482feaf84a2fc2f1552f9d3a53318e19732d0a27b2a2caeba0abc209a7ace024a8abf7499fab166aa4abd22faea8a23ee0ac pre_us=87551 enc_us=490761 q_us=60 pkt_us=1
[PKT] seq=809 mode=A bytes=132 pkt=0102800053d45054290f3a5e28353a5c043d295b3654345b42302f5b3a44365d19053b5bef0fd4b9223cbcb3020dbbb5f205abb5f321afb51046cab5a62fb7b31f56cab6f324553bd80c532d0117462ceafa472cdefb4d2dc34d682ca2405c2e970b662a102cbda4eef2c8add90db7afd51dc7aff033caae2868f3afeb3cd5acb43e02b1 pre_us=87543 enc_us=490764 q_us=60 pkt_us=2
[PKT] seq=810 mode=A bytes=132 pkt=010280004ed83e524406275b2d273958fe203356401727553d08f5563e223157f8130755f007babb1b339eb609f8afb9f1f7b3baebf5a7ba245694bab243a1b814378fbcf0275039d312452bfa394729ed244929db115129b9275b29a22e3f2b9b0858261227cda6f6efd6b0cffcdeb2e008e4b4f137efb3256bf3b3db26e0b1ae520cb7 pre_us=87554 enc_us=490759 q_us=60 pkt_us=2
[PKT] seq=811 mode=A bytes=132 pkt=01028000cf094747e1da4e4e01ce4646f9d33e3e07a53939bf9b3a3adbf23c3ceece3535e90dc3c331f3c1c12fcac8c8ebceccccdecccdcd04e0cdcdc105cbcb6fd8d4d4cb673030c439242400271f1ff1251b1bc01e1b1b8a431b1b984c1d1dad43151515f3afafe7b7bbbbe6bcc1c10eafc6c608a3c6c640e0c7c70b12c4c404e8cece pre_us=87556 enc_us=490755 q_us=60 pkt_us=1
[PKT] seq=812 mode=A bytes=132 pkt=0102800014cd0761fcfaeb6c0bf91c6c21e1116e02d20e70fe8fd07327b5e77227919f73d20ae2a6de4ce1a1f712de9ff609f29bde18069bde5f4c9d974bd99ac274469928fe283c0ef01c2621180f2b1e1d1b2b172a422afc062823f7fc0c29a5ff1125e330df96d0c9c398cfb4ce990ee9e39503ef0593f01bf48f201abb931728c48e pre_us=87568 enc_us=490757 q_us=60 pkt_us=1
[PKT] seq=813 mode=A bytes=132 pkt=010280003edf515523023b5f1a393a5de73c285c073a355ce60b435d0d293f5ed806465ddc0ed4b8fb34c5b2e012b0b4e216b5b4d81dc3b42568ddb3a257dfb1d176f7b40330503bd02c552e093c442d06324b2ded24452ee84e552dc436632faa34742bf323b8a3c9ffc7acceffc3aee421bbaeea3fb7ad0867baad0553ceabdd680db0 pre_us=87545 enc_us=490757 q_us=60 pkt_us=1
[PKT] seq=814 mode=A bytes=132 pkt=01028000cef64450f0ed56590813535526024f5208e74050f5d4505124094c53f5ae494fe1ee9cbd2712a2b80e08aabcc624a8bec73899be3053a4bea616a1bc5e1f95c1db2f2537c021192afc121a27f9131626d4d10b2798cc07269df70d28b3a9ee231d12a0a7f3d1aab2febbb0b528b6aeb73698a4b758a3a4b732c8a3b464d598bb pre_us=87562 enc_us=490762 q_us=60 pkt_us=2
[PKT] seq=815 mode=A bytes=132 pkt=0102800032da3d5520f4215f13201a5e001d155d1e371c5e1de5125e2a331360c5eafa5fd414a9b8f03f98b1dc2a98b3e51c97b3ea478ab2246d9bb29d609cb0e0748ab20e334a3ce519472e031f442e000e4c2ef9fa312ee92b532ed3255c3097216c2cf23ac1a3cbfecaace7edc9ad0320d9adf12ab7ac0443d4ac1e10e8aad84017ae pre_us=87551 enc_us=490758 q_us=60 pkt_us=2
[PKT] seq=816 mode=A bytes=132 pkt=010280003be0475733f128622851156106600861076d1562fe2a196329363664ae271963e218d7b6f740caaeea2ea8aff517a2aed938c5ad1e6feaada85afeabed7a3bad0a28533ee70e45301112363012fc2b310fec3d3106284b31e0245533ab267830ee1faba1c6efa2a9d3f3aba9fe279da91045a1a820349ba824279fa6ce46e4a9 pre_us=87549 enc_us=490766 q_us=60 pkt_us=1
[PKT] seq=817 mode=A bytes=132 pkt=01028000eee9485210f8335c0b123958fe013356e1d1385610f31b5639f42e58ecc5fe56f4f4b5bb270ba2b5efc1a5b8e4ceb5bae5d5b1ba4dcda1b9aee8a5b76a0f91bce92d3f39e119432bf5183a2a01104c29d7f9502aa9394d299d20492ba1d45f262d12b8a614e1cbaf12f6ceb228f4e0b32f1bf1b25a51ecb34647e2b0465f0db7 pre_us=87558 enc_us=490756 q_us=60 pkt_us=2
[PKT] seq=818 mode=A bytes=132 pkt=0102800046e74a564e0c026146480b5f35590e604b5320604c302d61451f20623a1d1e61f004d4b60935b9b0f51da4b1eb0ab1b0df1fb7af3a4b09afae42f4adf56637af042b493dcbff3b2fee05352fe2fe3b2fd8f93730c8505930a23856328a22782ef224ada1bcff9faac416a5abe12eb0aadf43a6a90b56b5a9e030b4a7b64ddcab pre_us=87552 enc_us=490761 q_us=60 pkt_us=1
[PKT] seq=819 mode=A bytes=132 pkt=0102800039f845552ef13c5f22fd375d36eb245d43c8335d5bc9045d4801345f54f0035e04feb0b83401a1b2ebe1a5b3f8eea1b406bfa3b323f997b3b5f5a0b1682f8eb3f730483cdc1d452efc02492de6fe532dcf04532ea50d542e930e542f94e9672b161abba3eeefc7ac0400d6ad0706e7ad1649eead346cdcad145af2aafe5d13af pre_us=87549 enc_us=490752 q_us=60 pkt_us=1
[PKT] seq=820 mode=A bytes=132 pkt=010280002ce541580df22663151a2e62220a2863170b386427a72e6433b94065029b3a65df22deb5f242e0add729daaee123e3add940f5accc6f04ab9f6ef2a9cb7d1bab18215a3ff1125c310f2c5f31071a5e32092b6a33e4377032cdeb62348f207931de0fa5a0c6dfada8e2d4c5a8f0eeb1a719fdbfa60730b9a61b0faea4bc12e2a7 pre_us=87555 enc_us=490760 q_us=60 pkt_us=2
[PKT] seq=821 mode=A bytes=132 pkt=0102800047eb50583df842622c1548610e094b62350a5a623b0c3663580851640d065664f9fed0b51e26bbaeff0ac2aff2edbcaee50dccad1f4fc6adb048c7ab316ad8acfe1a573ef7165830fa065430e6ff5131d8fc5532ba196c32a61961338af67730071fb5a0f5f4c9a9de08c0a9f239bda8fe50bba7166fe2a70954cea5af5b21a8 pre_us=87552 enc_us=490758 q_us=60 pkt_us=1
[PKT] seq=822 mode=A bytes=132 pkt=010280003be645563a0e2960220e245f2109255f47f51c5f26d9fe6039f123610af20a60f7fcb5b71c279db0fdf498b2f7ffa0b1e5f498b13f5190b0a94a98ae1c458db1fd284f3de310522ffa124f2ee60e562fdf13552fba29552f9b0d57318eed692d0819c2a2e4f8dfabd511e2ace20ae6abf955eaabe86fdcabd655e7a8a76810ac pre_us=87562 enc_us=490760 q_us=60 pkt_us=1
[PKT] seq=823 mode=A bytes=132 pkt=0102800023d419591ee41c6032e529671aec0968ffca1f631c8a14651caf23671192cd66ca15eb9cdb3f0a90f6fff895ec0bf890e124118aee634a88994edd89ca743f8631012c3d14fa312c23123a331f1f2e3322222b2df2021f1efecef42ca3ebbe15e120d999d9e0c79bdeb6db9bf8d1e8980a06f294f825f48d1c05b991ee1cb78b pre_us=87565 enc_us=490754 q_us=60 pkt_us=2
[PKT] seq=824 mode=A bytes=132 pkt=01028000c9e8534ecae95e57c8135852ac1d564ea407594b99095d4cdcd45d4eb4975c4adce6b3be2801b5ba0be1b9bed8fcbdc1ce21c1c2024cc3c2f102c1bf6d1ccac5d7282a36c5151828f4141826eb091424d60d0f249f0d0d24abff1026a9ea0a2006fba1a9e4d4a8b4d7e1aeb8ded9acba0fefa7ba4605a5ba13eba7b83de0a5c0 pre_us=87564 enc_us=490759 q_us=60 pkt_us=1
[PKT] seq=825 mode=A bytes=132 pkt=01028000c8004851c8fe4c5ad6194a57c1104854af2c4053adf24e54c8fd4f56a09c4b53f1e2a3bc160098b6f7f89dbac6299fbcbb3b96bc1e27a0bcf82a9db9620b93bedf2b2d38cd121d2becfb1c29da111728c4e80b288fd20828a4200f2a98c6ef2502fea4a6d2c4a9b1e3c1aeb4f5d1a9b5f8afa0b43ccfa0b52004a1b23d3797b9 pre_us=87542 enc_us=490757 q_us=61 pkt_us=1
[PKT] seq=826 mode=A bytes=132 pkt=0102800025e2435020ec2a5a1e0534562d00155336cf105242dff95353eb0d5456c3035100f1acbc33fe9ab7f3c89cbb04cd97bdfbd495bd20fa92bd192394bb70028bbfea333e38e6083c2af50f2f28faf43627d6e73928a1fe3e27952e352998ce34242127b6a7faf1c4b1f10ec1b403e1ccb60e23d1b5435dc0b60046b8b3df65c6ba pre_us=87564 enc_us=490757 q_us=60 pkt_us=1
[PKT] seq=827 mode=A bytes=132 pkt=01028000cdf33f50c3fd445ac50d3b56c20e3953bada1f529be91b53c1fc28559b9d2f52dfeda3bc270a9cb7ffd5a1baf8fd9dbccaf297bddc3595bcdd0d94ba6f0492bfde253538cd182c2af3102c28eafc2727c8e12c2891d62e27a1f0222995cc13240f03aea7e8c6b6b1e1c4b9b4e1d2bdb607ccbdb54901bab51a16a9b32c36b6ba pre_us=87565 enc_us=490758 q_us=60 pkt_us=1
[PKT] seq=828 mode=A bytes=132 pkt=01028000b7fa4e4cb7d95854bf21514eb5084c499ae44f4685ef584790ee4f48888b5044d9f0bac01b02b3bcf8e9bac1d71abec5b93bc2c59f68c8c6c325c0c45141c9cadb2f2d34d21d1d2703161d2314191821063412219e040c21bd151623e3100d1d16f5a6abdec2b0b6d5c3b7bb07d7b7be240dadbe27bbadbe25b2b6bc3bbbb2c4 pre_us=87549 enc_us=490760 q_us=60 pkt_us=1
[PKT] seq=829 mode=A bytes=132 pkt=0102800013c8085b09e0eb6514fc366513db2667f7bde868e287bf692fa1f86a0792a96acf1dd6b3e448dfaae216d6aae50edda8cb31f2a6de6b0aa6b85ddaa4b3732ea5260938410df940332233413417224835061c5f36cce65336fcd63638a0035336d41ec19ed5d5aea5e1c4c1a4f7c7c9a308d0f3a2daefc9a114fb9ba0e9f3c8a1 pre_us=87561 enc_us=490757 q_us=60 pkt_us=1
[PKT] seq=830 mode=A bytes=132 pkt=01028000b0e54a4ac1e25252c21d4b4ab8de45449fe741408cc84441a41147438d8c3f3de7ddbfc23bf0bcbeebedc1c4ebe7c5c8dc04c5c9d533c5c9d4f0c3c74505cccecd293032d6272325ed0d1e21ef081c1fed0b1b1e96f1171ea4341820b0f3141911d3abadceacb7b8e3acbcbeebadc0c2ff9abfc23d9abcc22ccbbcc03899c4c9 pre_us=87555 enc_us=490759 q_us=60 pkt_us=1
[PKT] seq=831 mode=A bytes=132 pkt=0102800044e9425140de3c5b34ec4b573ac23a553fb2355454cb38555900445646df295403e7a4bb2e1197b6f4be9fb902cf9ebbf1bc9abb5b0596bbd20499b95f1390bdfc2e3738dff02b2bf5132129eb002c28c9f52e299f0718299e1b1a2a97db19251e2fafa6fdf7b0b0f500b2b30302c1b42645c1b41e67a4b4164fa9b2e966b5b8 pre_us=87563 enc_us=490758 q_us=60 pkt_us=1
[PKT] seq=832 mode=A bytes=132 pkt=0102800024ea3a5217e1345c25d9365839b72a573e941b56598f1d5756ed145844b21856ecf09fbb1a1495b500c39eb8ddec99b9cfdc93b9244c91b9e9fa93b75c008abbf1303a39ce0c362cf914352ae3fc3029aaca362a8dbe332aa5063a2ca2c33d273624b2a501e1c1afe8c9bbb209bcc1b309d0c4b21340bfb2f225b6b0ee4fe3b6 pre_us=87557 enc_us=490760 q_us=60 pkt_us=1
[PKT] seq=833 mode=A bytes=132 pkt=0102800047e8525651f4386034372f5e161d335e3f144b5f3efa1a5f4400246105ea4360f0fed6b7091dc2b0eef1a7b202f5bab2eb00ecb11e59d9b1b735afaf054ebbb1022f513dce13592ff71a462ef129582ed3fe602fa6fb612fa4245b318bf4692df721b4a2cc09c8abc810c0ace01fd6acf456d7abf674b9abd24fcea99f6c11ad pre_us=87561 enc_us=490758 q_us=60 pkt_us=1
[PKT] seq=834 mode=A bytes=132 pkt=0102800018d02b5d16eff068220a1c68fb04ff6af7cff76c0691c87020ae136ef890a76ed721e2aedb47e9a3d420d1a3d120dba1bf32e99fdf6e09a49161c8a1ae7b359e1d0c343d1403222a210f1a2d23191b2c1b2c382800ee192008e3212dbffe3d26d524be9bc9d3c29fe5cbc99ff7cedd9b04da21980804f3932207c79be5d50795 pre_us=87554 enc_us=490764 q_us=60 pkt_us=1
[PKT] seq=835 mode=A bytes=132 pkt=0102800037e050552c0635600f254e5ef615525efa15555efcd8365f20144d60c9e9265fdf09c9b70434b0b1f90abdb2dd05b6b2d919c4b1216db9b1a139bbafc775b5b10f32523cdc124e2e0618422e0c203e2ef1104b2fe826522fc81b4c31a918712df428bea2ba00b7abe604bdac0731b8acf865c5ab1d76b6ab055fc7a9d76714ad pre_us=87549 enc_us=490757 q_us=60 pkt_us=1
[PKT] seq=836 mode=A bytes=132 pkt=0102800044d8465336051d5d1f2e3d5a26152b5925fa35581df0065922242a5a0ae90758dd0aadba17349db4fb029cb7fc009eb8edf39fb8504296b7a32098b5ec5792b90230413ac90f492cf12a342be218402abd05412bbc43432ba929352d90f75128f82dbaa5b9ddcfaed307c4b0ec19d4b1e351d5b0ff71c4b1f251b6aed775f5b4 pre_us=87552 enc_us=490759 q_us=60 pkt_us=2
[PKT] seq=837 mode=A bytes=132 pkt=0102800044d5445448ff2c5e1e2c385c20f02b5b3d0b435b54d1f75c3a0e315df9d6065ce409b5b90c2d9db3f1019fb5faeba8b5f008a1b52a4f94b5984d9eb202628fb605324d3bc812482dfb263d2ced0d522cd715422dbf305e2d9e1a4e2e91f9642aef26c1a4bbf1cbadd2f9ccaee32ce3afee56dbae146befaeed35e2ace57313b1 pre_us=87552 enc_us=490757 q_us=60 pkt_us=1
[PKT] seq=838 mode=A bytes=132 pkt=0102800046e33a5241f12e5c0c1c335812f52d5723cd2b5628df255728253a58efdb1356ec07a1bb142593b5f2f097b8f0dd98b9eaca95ba290a92b9a01697b7f03c8abbf0313f39cd0f332bfc232a2aed162c29c70e322aad2c252aaa24292b8aea3526012db4a6d2fbb5afe715bbb2ea24b6b3ee57c3b20273a8b3fa60b1b0af71c6b6 pre_us=87551 enc_us=490759 q_us=60 pkt_us=1
[PKT] seq=839 mode=A bytes=132 pkt=010280004fe1425145f4325b25f73c5841d238563ab7195551ea1e554506225718e21155fbf9a1bb2a1b96b614d59fb913c69cba22bf94bb59178fbab0f296b8532a8dbcf9323439de09362b051a3129d9fd2c29c0ff3529ab0a26299717372b8cdd33261222aca60af4c1b0f5fabcb3eb0dbeb40844c2b32b68aeb30d4fbab1e26ac7b7 pre_us=87550 enc_us=490758 q_us=60 pkt_us=1
[PKT] seq=840 mode=A bytes=132 pkt=010280003ad64f581df40663111f1c620a200263d52cfa640cdbdf655de6476627ba0b66db16dcb5ef44d3addd2cc5adec3dbaaccb3fcfabe976f0ab9e52f1a9bf7715aa17204e3fec044331182b3c3119394c32f7323733e1195133e00751359b227532e628b6a0c0e8a2a8dbe3aba8f3f1baa7ff20a5a6f64ca5a62112a2a3c025e5a6 pre_us=87563 enc_us=490761 q_us=60 pkt_us=2
[PKT] seq=841 mode=A bytes=132 pkt=0102800043e1555644f841611e21505f09f1525f2801496041f04461402a516232e64861e903d1b7012cc3b0eef6c4b1f0f0d6b0eef0b8b01860caaf993cbead0767c7af0a27533dcd01542ff520522fe90a5c2fe5184e30c30e6230a10555328f05692efc2fbaa2c105b8aae207cfabe947c8aaf25db3aa0678d3aaea5bc7a7a26b00ab pre_us=87560 enc_us=490756 q_us=60 pkt_us=2
[PKT] seq=842 mode=A bytes=132 pkt=0102800049e04b5130fd455b1ef4485827f5475624d93d5540df395640224b57fbe03d5501f6a1bb1b1f96b6fcde99b9f0d69cbafedf97ba482493ba9e1f99b8254090bcf4382a39d018202bfcfe1a29e1181c29cb031b29b11a13299c2a172b8be504260c1aa1a6dee9aab0f411aab2ff1db0b40a47acb33a73a4b30759a4b1b972a2b7 pre_us=87549 enc_us=490762 q_us=60 pkt_us=1
[PKT] seq=843 mode=A bytes=132 pkt=010280004ce94b5042f85759111a535519194d5134f64f5049e858514d294e532803494f01f3a0bd2822a2b807eca8bcecefa6bee5d89fbe6839a4bea112a0bc444693c1f8302737db0c152af30c1327e10d1126cffa0627b018fb269c240f288ae8f12314239fa7f6e6a5b2f70cabb5101caab7204e9fb7366b98b70547a8b5d0699bbc pre_us=87548 enc_us=490756 q_us=60 pkt_us=1
[PKT] seq=844 mode=A bytes=132 pkt=0102800045de545737093e61fd3a3760fb3544602d4c46613708366144315463c2fc4762e411d5b6f83fbbafec21b8b0d924c9b0d841afaf0272cfae9b3ecbacf775d5ae082c553ee105522f0923502ffc125c30ee114e31c9256430da3a5d32a025742fee25b8a1c0eebbaaf914bbaa0121dbaa0843c1a9ed5ddea93050d9a7d14e1caa pre_us=87551 enc_us=490760 q_us=60 pkt_us=1
[PKT] seq=845 mode=A bytes=132 pkt=010280001bd1fe5f0af7f66a1315066afe0fed6c1ceae56ef597da702fa6026f1c94c670cc1ae1a9d747e5a2d826bda2d31dbb9ed931c69dc46d1b9d9f4ab69bcf78fa9a2bf52c3c13e0322c3007453018f036301cee382ff2cf222805bb2b3099bb162ee626cf98cfbeb79eefcadb9debd1ee9a09d8fb98e8fcf0932519bb98f0139f96 pre_us=87554 enc_us=490754 q_us=60 pkt_us=2
[PKT] seq=846 mode=A bytes=132 pkt=0102800008c0075d13e8f768230d1b6713e8056903adfa6bcf88eb7041a1156e408ca56fd5f4ebabcc46e3a4c72ad0a4d814eca2c114fb9fd76036a19f1fd89ec16f449d2ce3303b21c42d2a32f9333022053b3108013c2aeed6262201b61f2c96ba0c24f201d899f8a8b09fd3abbfa0e8cdf79f0ee41797db0ae69425ffa799ed16b294 pre_us=87553 enc_us=490760 q_us=60 pkt_us=2
[PKT] seq=847 mode=A bytes=132 pkt=010280001abfff5e05f001692a03166936d9156b2bdbe76d1b91d87043ad2a70f792a86fd01decadce49f5a1e90ee9a3f40ff69fd31cf99eea5c36a09d39ef9ed673499b23003a3d12e62c2a2a242f2e1f293c2c0e19552c091c3822f2f1432b96053126f22bd599d5c1b69ed1b9d79ed4bce79a09cd229817fe17922efdc297ea06e593 pre_us=87555 enc_us=490758 q_us=60 pkt_us=2
[PKT] seq=848 mode=A bytes=132 pkt=010280000cc4005d14ebe56824ff32682ee5126924b3f56b1c8a0e6d2cb0206e31939e6fca1cd1abb73feba2c40ad9a5dbf4f7a1d7060da0f35158a29636daa1cd722f9f2cda1d3b15cb23282bf9102d15f8032b04f72a2ee9db0c25f7ac092a8fb5de20f6edca99d5b1bd9fe2b8a59ff7cfa89b01dfad9cee1fb09526f19d99e61f9d93 pre_us=87562 enc_us=490761 q_us=60 pkt_us=1
[PKT] seq=849 mode=A bytes=132 pkt=0102800026c4fb5826e9fe5f2606226101ea315ed0b30e5fee891465419c0567338ab96ad60ede9ed3450090db06f292cf06f78ccc08178afa523d88963beb8cb66a568a2fe5263c13ce1e292f031f301310242ffcff3b2be5d00d1ef8b6012e9fc3fe1ef209d899daa7bc9cdeb0dc9bf1cb0298f0d82494ddf2e48f1acfc094e7c70b8e pre_us=87553 enc_us=490755 q_us=60 pkt_us=2
[PKT] seq=850 mode=A bytes=132 pkt=0102800037f0fa4c2e03f449331d1e6329f5216727d610660af1ff5b3312216c12cfe974ed05ffa0e9461192e728f993db2e0392d34b0b9600782b91a345f68fbc720395350801571ee52c5823195149300b474d0fe3475fe0eb45641b265e50d10f754bc312ebabcaf7f0bfb4e4e3a4d3efd69de9f41bb5b6bcefb614d4cb98efbee398 pre_us=87560 enc_us=490758 q_us=60 pkt_us=1
[PKT] seq=851 mode=A bytes=132 pkt=010280004009e35b590eff604b2f23635012216a571cf86a4021d2683f3c3e700a140771f10af8970739088f091edd91f92edf94e348cf90296e088caf24d996e369d6961c091b38ffe6312c0afd4236faf7453bf2ea303ad0ff3836071a5f40ae0c703fe007c995df0fdb9bd0eecf9adef0d7990228fa97cef8d6951e0eb997cf14cc96 pre_us=87545 enc_us=490755 q_us=60 pkt_us=1
[PKT] seq=852 mode=A bytes=132 pkt=010280001cf0db5f17f2eb6a2c24076a2efb196c32e3f26e0de5cf6e170f346e07d9f06fec10efa8e24ae6a2e33fe6a3df36dda1d25fe09fdd77f89fa84bd59ec370d49d260c283e16ed4531100564361e0d533a14e56138d70c6c3a1021673cc5ff743bcc0bbc97da06ce9fb2e3d49fddebc89d0a1dd49bbbeae89b2de4c59af1bedd9a pre_us=87558 enc_us=490760 q_us=60 pkt_us=2
[PKT] seq=853 mode=A bytes=132 pkt=0102800047fdf45d490def685013fb693b101c6b4fe4f66c3d13da6d2f41236deb1afd6ef707efb0fd36d8a70928c8a6fd12c8a3eb49d0a10c6dcba1b12ec19fec52ab9f1d014b44f3e55135f4ef5237faf54e39e7d7503abed5593af1015d3cccea603be410b19be716b5a2c5fdcaa0d81ba99ef852b89dd05db89dfe3aad9bc33ec39c pre_us=87548 enc_us=490757 q_us=60 pkt_us=2
[PKT] seq=854 mode=A bytes=132 pkt=01028000e202075bf1d41465fcce2966f8f92c67eeab1d68da9f1f6914de376a02a74d6ae80ae7b2071fd1aa24fdbfa9f9fcc5a7ea18bba65f2fc6a6bad79fa449faa3a4f4fb5442d2035033e9f04534e7014b36abed4a36acce5536bafa4338c9e43e360302a99e07f2aea5f4c9b1a4fbd3a9a21209a7a10910a6a122c4a09f14f9aaa1 pre_us=87552 enc_us=490757 q_us=60 pkt_us=1
[PKT] seq=855 mode=A bytes=132 pkt=0102800042fe245943f11a644f23016430153b6558fc22662af81166201f38681d151368faf8fbb40425e4ac0c25b9acef05bbaae233c0a92b3dbca9ca00c2a70d39a7a811fc6140f3e65c32f8005732f60c4934d2d06234bcde5e34dc015236b4f15f34fe1ba99fe830a5a7c417b5a6e146b1a5f364c0a4ca5aada4fc53a7a2ad50bfa4 pre_us=87542 enc_us=490762 q_us=60 pkt_us=1
[PKT] seq=856 mode=A bytes=132 pkt=010280004504e8615109fa6b4c20fe6c3d05176d4d03ef6f441cd17048492a701b17fd70f707f7a50137e6a1122ec3a1ff2fe59fcb42dc9d2566d09bbc30c39cf054bd9c1b072b3de6e54930f1f6503400f95639e9e55337bbec5936de16603db1fe6b3cd70ec096e30fc99eb0ebcc9ccbf9ae9b0343c798d13cc497091baf99c108c999 pre_us=87560 enc_us=490762 q_us=60 pkt_us=1
[PKT] seq=857 mode=A bytes=132 pkt=0102800007f8235c13d30d6609de10672ade236929ab356a17a93f6a3fd7486b56b9346cfffaeeb1f911d4a92511bea801eecaa5ec14dba43923e8a4bbebaba24cf99ea2fff95e43e5f35034f6de4835f5084937bbe74538b0c04c38bfe64c3ac8d64a38020cb09d0b0a9da406cfa3a2200d9ba032349c9f1035939f09059c9de71fa39f pre_us=87547 enc_us=490758 q_us=60 pkt_us=1
[PKT] seq=858 mode=A bytes=132 pkt=010280003ef2053b3fe5f94b3a0e0a5a30f5036836bc066643a8e86138e5156fe8bbd373ec020092ef3a1b8cf11d1f8eed23118ed33e228cec64378ab912018deb570f8d30140a5416fd3449120f2a4a1e1c1f4617fd504cdf17454e133a4e4ae1135345c718f5a6dd04f0a9b3f3b0a0db0dcc99f43ff99ad61be89c27fdbd95cfd3ac92 pre_us=87554 enc_us=490757 q_us=60 pkt_us=1
[PKT] seq=859 mode=A bytes=132 pkt=010280004c07fd464c160a533038025856181a61622fff674b31e5553e4e226f082de572f8fcf998fa3f0a8d0b3a068cf216f18df83ef78e136c0d88bd2eed8ef951e88d1d08ff55f6f130450f092d4a09022f52e6eb3c57bbf7325ce5215250c4146c4cf310e7a4e910dba6c5d9d9a2e5f2dda0f62dffa5c41dfea5f10ed096b6f6ce93 pre_us=87550 enc_us=490751 q_us=60 pkt_us=2
[PKT] seq=860 mode=A bytes=132 pkt=01028000480bf759520303634720086b50151d6c5703066a421bfb6d4d2449712cfd0672fbf9fd950f2efe912126da970206d394f023dc8d4a49d48dd9e6ae930a1eb7910f011e38f7e5252c0ffd4b34fcfe3138e1e61a33d2df272de7273939b6034e350315c6950420c89aec04d59aea26c9971d58fb94e549ec920d53cd94b53bf593 pre_us=87559 enc_us=490759 q_us=60 pkt_us=1
[PKT] seq=861 mode=A bytes=132 pkt=010280004c12ee5a471506623e221d664a221b664c24176a422bee6b315829713127f773f9faf9950a37fc901830d291fd18e08dd845e48c305ce48cb512c9941147ad9514031e39f3e32c2e04ee423611fa2136d9dd2c34c6f03633e8235b3dd00f643d081ed295f318d19af2e3d99b0011e196244afc94ec43ed93f40cb494bc13da94 pre_us=87547 enc_us=490755 q_us=60 pkt_us=1
[PKT] seq=862 mode=A bytes=132 pkt=010280002df2f55434f6f1483b10245d44ef19692cb6ff6c1dc8f44b25f52e6efcbbfc6de202fda3fc3c0f92ef18f596e119fb94dc4c0394e6762c8ea63df28eb6721c8c3209075c1eef275f23194f5b270c315520e1345feced2c6e14255454de097259c20ceeabd2f9f4cac3f3f4afccfbcd9c0b1e1db3c9c3f8bc0ed1d99709b2ea9c pre_us=87562 enc_us=490758 q_us=60 pkt_us=1
[PKT] seq=863 mode=A bytes=132 pkt=0102800042ff3c5c44ef2866240423671e173b693ad1316a21ef336b1b1b426c14e42d6c08fa01b1050cd9a92b12c0a8f711dba5ea1dbda43337c4a3b1ecc6a2082397a207fd6843f3f95e3400fa5536ecf85d37c0e45638c3e25538c306533aa2e8463803099f9d0c25a6a4eb01a0a2f935a8a01362a29fec5e999f0247a19dcf639b9e pre_us=87549 enc_us=490757 q_us=60 pkt_us=2
[PKT] seq=864 mode=A bytes=132 pkt=010280003e02345944fb1c6432053a6421153e6545e73a663ef72b664916506739f23567080300b40d1cd0ac1bf6c3ac06f3c3aaf913cfa9611ea8a9cfd9aea74f1094a809f46a40edee5b32f4064b32e5054f33c60f5034c1fd4334b51047369cef46330a0da89f1c18aca7f513aca60b2ca7a52d5fa9a4f2529aa41c3fb1a2f25cbba4 pre_us=87559 enc_us=490760 q_us=60 pkt_us=2
[PKT] seq=865 mode=A bytes=132 pkt=0102800001fe415903d2406312d84a632cd14b642b9842650aac4a6532cf526739a23c67f206d8b4fd0db8ad2100b6ade8dcababfe00a2aa4d10a2aab0da9fa847ff96a9fdf36640e3015831f2ef4f32ed074733bbe94e34c2d24133c8e54135a4d040320a00bd9f1304c9a706f6c0a72a0ab3a63c47b8a51531a7a53713aca33539aaa5 pre_us=87555 enc_us=490755 q_us=60 pkt_us=1
[PKT] seq=866 mode=A bytes=132 pkt=010280001bfe07460bef0e4521f619612c1e0b6ee2c905670f9e045b13d7326a1693f672d60efca2c1321399ce2c1091d7080e91c9363990dd5f608aa625338ba8601d903e07055d2bf5365f2c052b4a25f43c4615ee4a52f2e00e5715fd404fdec84050bcf9f3aee101e5b7dbd4a3a1dfe4a598fd26e59fe4fa9d9f1e058e971dfa8996 pre_us=87555 enc_us=490763 q_us=60 pkt_us=2
[PKT] seq=867 mode=A bytes=132 pkt=0102800029f5fe4e2eda095032e833612de51468379e08681fa6145d36d1326cf9980071e904fa9ee7320f95d72d0a94da320d99c54b249b076b349a9d390f9ab87030a332141f522efe4252211a54492c1a4f4e16f66658f00764621b2e6654d3fd715cbf15efa8c10cf5b7a7ddcaa4caf6d1a1f83001b1cce2d1b10ed7cda0eec4bbb0 pre_us=87555 enc_us=490756 q_us=60 pkt_us=1
[PKT] seq=868 mode=A bytes=132 pkt=0102800028f0ea5d44ddf66a3ddf146d14da236f4a9e05713ba601711ccf3872ed930673ec08fb9ae5300198ec2d009be81ef099c74ffe9608670296ba3efb99c971009826172c381a05482e020b5035161b5b39f7fe6b36e30d68390629713fb80f763fce0ece94d10ed99abef3c399e018da97ec42fb94c608cc950cfcc396cd01c495 pre_us=87554 enc_us=490757 q_us=60 pkt_us=2
[PKT] seq=869 mode=A bytes=132 pkt=01028000d8cf4f4fe4a85858ebab5454eeb55050e7904f4fcb8b505001a35151c0864e4efbe4bdbd00e1b8b813d2bcbcf2f1bfbf0bdbbfbf62edbfbfaeccbdbd56dac2c2ea2c3737cd282929d01d2727d02d2626a8332626a3122626af21282894222222fcc5a8a80bafb2b2eba4b6b6febab8b81ec1b8b81faab8b82bb9b5b522babdbd pre_us=87542 enc_us=490760 q_us=61 pkt_us=1
[PKT] seq=870 mode=A bytes=132 pkt=010280003d02ef605e17006b5d32f76c4c20116e5d15f470562bed714b4926711305f371f909efa8ff33e99f0d34c69e0630b09cff48bc9b2c6cb59bb040ae9ae96aa798160b2b3df1ed2729f1fe352df6023130d0f9112cbafb2d29d61b303397162d2cde04bb97d51cd89ac707d59ac8fdd998e840ff94ae2ee6941137d396c44ae593 pre_us=87558 enc_us=490758 q_us=60 pkt_us=1
[PKT] seq=871 mode=A bytes=132 pkt=010280002d0fd9612f0be96b2606dc6d3607e56f47e8e171400ade714f1d067238ffe673fbfde4ac1019d5a31c0fb9a00514be9dfc2eb49b594cc49bd018b7994648a6980fff3147eef04238effb3e3cf303493fc8de3a3fc2de4540ccf14541afdd46410304a5990a21aa9ff50eaf9cfe16a7991b54a298fe639b9726499d96f154a695 pre_us=87548 enc_us=490760 q_us=60 pkt_us=2
[PKT] seq=872 mode=A bytes=132 pkt=010280001e586508205968140b636925075d6324125f621a1d605b0d166a55430a73040ce3b4c300f1b4d02fe5abd723eda1c61beea5ca4be6a31368e8919f33db89fe6344391c0c4d2adaed5537e507451cda1b5239c3dd542cadf76751bbf96b509009ada6c80bababca1fa0a5bff8acb6cd1ba0abe75aa5aaba519196cf418f96b04e pre_us=87563 enc_us=490762 q_us=60 pkt_us=1
[PKT] seq=873 mode=A bytes=132 pkt=0102800048f7f6565a0b0d5c522e13665619226a64f7146d53121161523b336e17ff1b6ff7fafa97063f018f0438d1980434dc9afb45d6973668ff8cb434ba9af363b7991f022738f5ea242cf9035138f9fa5239dbe23234b4fd4132e72d533fa30e6b3ce70dc397dd12d19ebfdbc09eccf4cd9bf341e898b22de496fd1bbf98c42ad799 pre_us=87550 enc_us=490757 q_us=60 pkt_us=1
[PKT] seq=874 mode=A bytes=132 pkt=01028000d1082956aff13260c60a3e5eaefb4a5e9eed385f8fdc1d5fa0083e6196cd4860d714a6b7ef33a0b0ed2d9eb2cd1fb3b1b84ba4b10f6798b1a8409baffc62b1b1f703533de927522ff7243f2ef73d482ed53d532fde28522f082d4131e749532d04fcc4a2f904e0abdbb7c4ac03dacbac2919e5abee11ddab15bfb9a9e5cde3ad pre_us=87550 enc_us=490761 q_us=60 pkt_us=1
[PKT] seq=875 mode=A bytes=132 pkt=01028000dde13e50de083859f5283a55e20d3c52d1064550e70d4551f8135353fae44c50e2069dbc102899b7fd159ebbefe2a8be1303a7be3b2ca3bed804abbc4110afc1e7242c37c62d2f2ada3e2928cb472b26a3402227a34d1a27b02f1d29a4691c23f80aa7a7e810bab2ccf6bab5cb11bbb7e443bab6b147aeb7c209afb4aa22b9bb pre_us=87571 enc_us=490757 q_us=61 pkt_us=1
[PKT] seq=876 mode=A bytes=132 pkt=01028000c7fd4951ba0d545bb8f84c57a313455597dc4454a2ee45549f1d4f5697d14d53d81297bb072e9cb6cf27a0b9c9279fbbb4479dbb0b6996bba731a0b91153a7bdeb0e1d38ec38182be03c1d29003b1f28ce581d29c0340b28ec48192ad8621b25f5f999a6eb07a8b0c6ceadb3fcfeafb5fd0eadb4bb3b9fb40cf1aab2cffeb4b8 pre_us=87551 enc_us=490763 q_us=60 pkt_us=1
[PKT] seq=877 mode=A bytes=132 pkt=010280004008dc633b1ef86d4a2ef26d5634156f482b0f71502ed87155440f72583dfd72fff8f2a31036ed9e2025d29f0c18c29c0f35de9b5b66f29ae126d59a3956c7991603223df3e9463015f65137f9ff4e3ac6dd643cbdd25d3cf0f5593fc4f17240030aba940c11b79bffe2bc9b1309cd98223ec697ee42da96131bab96072bd596 pre_us=87551 enc_us=490754 q_us=60 pkt_us=1
[PKT] seq=878 mode=A bytes=132 pkt=01028000db003b5addf92664e7002d64da054965d8b44366d4c94367e71b4c68cae74b68f0fee9b4031cc9ac19eeababfeeac8aafbf7e4a96816e3a8b7e7b3a639eaa7a7f0fd6240cdf74f32dffd3833e7044234b70c4e35b0ea4f34c40d4336a6f63134010aa39ff501a1a7f1fba0a6f916a4a4162599a3184492a318f398a1232998a3 pre_us=87561 enc_us=490759 q_us=60 pkt_us=1
[PKT] seq=879 mode=A bytes=132 pkt=0102800014ef2a5c1ee5056723fe376716021f693cc61c6a28ee006b4b16266c4bf3386cf1f8efb1fe1bd9a90de7c3a7e602a5a5f31bb0a45d33bfa3c6eab9a12b1b99a10b005e43e4e94a34060c453608f54838d5f04d38bddd5338c2f3543aaef64939160ea89c161b9ea4061faba22530b5a0335bab9f1c5ea29f103da19d1251b89e pre_us=87556 enc_us=490756 q_us=60 pkt_us=2
[PKT] seq=880 mode=A bytes=132 pkt=01028000f2f1005dffe5e66709ed1e68fd060a6a14bdf36bf7cafd6c07fb366d0cde246ef2f1e0b0f519d1a815eeaca60503a5a4ec18b1a23a38b7a2c3eca5a03f0894a0ff054f44d7ea363502fb2b37fded2739c8e22d39b9d92939da01483bc7e5163a0516ba9c0b04a0a30afe9aa1280fa69f4c369b9e3a52929e300d999c3f35969d pre_us=87556 enc_us=490757 q_us=60 pkt_us=2
[PKT] seq=881 mode=A bytes=132 pkt=01028000c8f74951ae09545bb5004e57ba29465591df425490f944559e3c4c5791cf4a54e50199bbf12e9bb6fd25a0b9d9359ebbcc4c9bbbf86c96bba8349eb9d74ca5bdf1122038e230172bf71e2029e22c2028c8411c29de011029e5071b2bc9261b25fcf09ba6fff8a5b0eda9afb304c8b1b4320cabb40bbaa3b4faa8a9b1ef9ab2b8 pre_us=87544 enc_us=490760 q_us=60 pkt_us=1
[PKT] seq=882 mode=A bytes=132 pkt=0102800046e6fc5a5503f8654d1514654f162d6761e7e86848f5e0683a232369d804fe6af2fbe5b3f83addab042eb1aaf419a1a8dc43b3a70d65b9a6c217a5a5de6596a519064841efde4133fe0248340bf83c35e9df3836d1eb433602184838c0075036e11ab99ee31aa6a6bbf6b4a4e42ec5a30a5fc0a2dc62ada2214aafa0d742c0a1 pre_us=87547 enc_us=490766 q_us=60 pkt_us=1
[PKT] seq=883 mode=A bytes=132 pkt=01028000daef4953cfdb545dcef3515ad5f34b58ccaf4c58abd65259b72d535ab3b15258e1fe97ba012899b4281a9db7e3199bb8e3349bb81f579db7bd18a0b54630a4b9f017223aca18192ce0031e2bd8211d2aa4171c2ba6fa152bba0e212dac041e2805e99aa5f9cea4aee5b0abb1f6c4aab127dca7b10fb2a6b1e69ca9af059cafb4 pre_us=87543 enc_us=490760 q_us=61 pkt_us=1
[PKT] seq=884 mode=A bytes=132 pkt=0102800030f3ff4425edfc482ee41b5b2be0266519b41c5b22a510472a0c246ef5a31b72e9040590e6431c8bec23098ee31c0590da3c1e89fb703f87a328ff8fcd611e923009054818eb2e491a094c452b094c4723ec4c49f8fe43570721564ad5117346c81ae19ddc04eab3d0d3d49ff3f1bc9c0b150c9df4e2d5a916dfba97facead94 pre_us=87565 enc_us=490758 q_us=60 pkt_us=2
[PKT] seq=885 mode=A bytes=132 pkt=0102800015fb0e5a2d09fc653a1d1e6527ec176640fffb68081ce368424f25690fecfc69e31fedb3db49dcabd137c3aae230b3a8c464b2a60a70c1a6aa2ea7a5e5729ca51b09534108f749320b0d493307f54835e7ee3c34c4ed513514224337c2135735cb17b49ed11fada6e11bb1a5ec2cb5a30848b7a1b941b8a22c319fa0d853baa2 pre_us=87543 enc_us=490758 q_us=60 pkt_us=1
[PKT] seq=886 mode=A bytes=132 pkt=010280004af3215c49f40467331815673808fe694bf2e56b37e0d06b412d226c2ef2d56dfbf7eab10324dba80c08d5a7fe09c6a5ed26b4a34c43baa3b2f7a6a1055394a10b085b43e7ee503402104f36ea084638c3fc3839bcf33339cc2f393a990b3439ff1bac9c0b1fa2a4f728a9a2002da3a011629f9fd65e929fff319c9dd75ca69e pre_us=87552 enc_us=490759 q_us=60 pkt_us=2
[PKT] seq=887 mode=A bytes=132 pkt=010280004cee3b594af327643d2526633ffe36654fdf38661c06146618263e6706e22a67fafff7b40727d3ac0b08a7acfe0cb9aaf923b2a9384ab4a9b207aba7eb539ea80b046740ecee5931f8104332f1064833cae75034b4ea4e34d6023f3697fe4c33fc19a89ffe21aba7de28a7a6fa33a4a50b69b8a4c9609ca4004d9ea2c065a7a4 pre_us=87553 enc_us=490757 q_us=61 pkt_us=1
[PKT] seq=888 mode=A bytes=132 pkt=010280003deb415a47fb39652b0846652cf6566649c4506728e044683508596927d94469f804efb30321ceab0504c1aafd05c2a8ed12b7a75243bfa7badfa3a5f1459ca509026341ebe45b32ff0c5734f5f85735cbee5936b2dd6336d8074737a1e34935fb16a79eff27aca60031bca5f335c2a3035ab6a2d46ab9a2fb65a9a0d86ba2a2 pre_us=87551 enc_us=490761 q_us=60 pkt_us=2
[PKT] seq=889 mode=A bytes=132 pkt=0102800046f1425b48013865460b376549052f6752d732683e0d1f6843313b6924eb1e6afdf9f6b30228daaa0c09baaaf311b8a8f631aea74353bda6b70cb9a4fe559fa50d066641f5e15c33f9045634f9fc5c35ced25536c0cd5c36d2e15938a6ee4e36000da69e011fada5d41db7a4fb32b5a30058b4a2d6619da2f43cb0a0d263a3a1 pre_us=87541 enc_us=490757 q_us=60 pkt_us=2
[PKT] seq=890 mode=A bytes=132 pkt=010280003cef3f5943ec3d6435f43c633e02476550b6466617de38663c2243672de0446703f5d1b4021eacac16ff9dacf80fa1aafb37a4a94745a8a9b2009ea707448fa80b046340e5f25431ff094332f6054633b2ef5234bde75134c5e54c36a6ef37330515be9f091bc4a7f829b2a6152bb3a5195abfa4cf60a5a4e13cb6a2d461a9a4 pre_us=87564 enc_us=490761 q_us=60 pkt_us=1
[PKT] seq=891 mode=A bytes=132 pkt=0102800041ed235c490b0d6631211367301b11695202046a2c0fe26b38451b6ceaeef66cef02fab1f540e5a9f836d4a8de33d6a5d45ec3a40b71cba3ab41b4a2e471a1a21a115a43f3f158340213563608045f37d9f75838bd0365380125563aa51e6738dc12a99de804a1a4cf00aea2f910afa0fd42b89fba3ac49f2c13a49dd546c49e pre_us=87553 enc_us=490762 q_us=60 pkt_us=2
[PKT] seq=892 mode=A bytes=132 pkt=0102800021ea435827d83b6319ef446237ee45633e9d4f6420c1486550f7446650b65166f9f5dbb5f213bead08e5b3adeefda7acebf9b1ab542aacaba9d5a1a932e99aaa0a00633fd2f55b31efff4b31f5094a32a6eb5233b1e64833bff94635a0093a321515b9a0120dc2a8f415c0a8252bb9a72d45c4a6cb5ca6a60027aca4073eaea6 pre_us=87550 enc_us=490760 q_us=60 pkt_us=1
[PKT] seq=893 mode=A bytes=132 pkt=010280002bffe56137fe036b33f6016b2908fd6d3fbb096e29b7ea6f3af13b700fbbf570ec12eda7e640f4a0ed44e3a1e81ecf9fca57d69edc790f9baa45e39cc578c39c250b273c18f7472d000b59331112453606ed6338c7e45f340e26623abc04713aca16c896da04ca9cbadbd09cdc0ad69af03ce59ac1eee19814f5c098edcecf99 pre_us=87556 enc_us=490757 q_us=60 pkt_us=2
[PKT] seq=894 mode=A bytes=132 pkt=010280004208405742eb40622c0340613305516159c755621eea426313285464ebe94f630403dab60218bdae0d02a7af0301b5aeeb32bead474daeadbef9b1ab0b349dad08f5633ee6fb5630f9114630e4084331c1014c31b5f24331d1223d33a4112730fd1cbfa1072cbda9d736bda9dc43b3a9ff5eb4a8dc6ca1a8ec4bada6aa5c9ca9 pre_us=87564 enc_us=490761 q_us=61 pkt_us=1
[PKT] seq=895 mode=A bytes=132 pkt=0102800046f2fb4b490b03563d1a1e67420d2c64460303622d24fa4e304f1e6bf115fb6ff0ffff98fb41008ffa2dd799e131eb96d357d1910a6bea8cb52bc097e564ad9727031a4a08e72d3b18004e3c27e6514402d64348e6ed574e190f6446c2126d42dc13e2a1df0ddca4d2e9d1a0d502d7a1053c08a5bd00e0a4340fc49aca1fdd9a pre_us=87552 enc_us=490755 q_us=60 pkt_us=1
[PKT] seq=896 mode=A bytes=132 pkt=0102800031eaec5642eaff6131132f6430fb1a652bc5365c17c32c5b13043c6dd3c2076ef20df594f8470c90e92df994e243f191de480289147a1d87a342d495c977c3932b0f233612e8392b131d55381e11463a22e72c34e9f5232f1c25523ee81c703ccc04d695edf9da9cd1e1c69de9dbe1990c011296dfe7069328d9c897e2c0d997 pre_us=87557 enc_us=490760 q_us=60 pkt_us=1
[PKT] seq=897 mode=A bytes=132 pkt=01028000440be35e570ce669542efc69531ff56b5721ff6d3320d06d2a45456de622ff6df909f2a80246dea3042fbca30639cd9fdd4bcb9e3668d89ea11fae9ff35cb7a01e072d3cf5e3392ffb045231f4f93631d6ec4033c1fa3d330820473aba166c3ae810bb98dd17c99fc0ded09ed7fbcf9aec49e39bb42cd49a0a1aca9bd318e59d pre_us=87558 enc_us=490758 q_us=60 pkt_us=1
[PKT] seq=898 mode=A bytes=132 pkt=010280002df4f5592de9f84437fb1c5f30e9126132bfec681cc6124d36f5316f0cadf273dffe03a9ed3b1496df1e0399f419099bd53a0396fb6d3d92a71af294d86104992e0611581be22f63270b50552404335e22d7565ae7fc3f6818195652dc067353cc16efabdb07f4d9bdd5d5aee9dddbae002a0babddd1d4b825cdd69b0dbfbf9c pre_us=87547 enc_us=490756 q_us=60 pkt_us=1
[PKT] seq=899 mode=A bytes=132 pkt=0102800028f5eb5b39fcef672f160b6738f7166c390af66f29fff86f29462270e9ebeb72f00afd96ea490794e62aea97ec31ee98cc54fc98046d2b94b62d0198e16ef998260e1a3407f9392a201354381513533afa046538d20560350630643dc22e763cd80cc994defbe19bbae0d09cdbf3c999102c0e97bfded0951fdfc797b5d9db96 pre_us=87560 enc_us=490756 q_us=60 pkt_us=1
[PKT] seq=900 mode=A bytes=132 pkt=0102800029e20c592ff5cb64331dfb634004e1653df4d36633b1c1663addf5673ca1c367f4fecbb4273dd7ac0bf8b6ac1105b7ab0518bea91133b1a9b53da7a75c6ca9a80a0c2e40d4fd2831f52e0a32fb2f0833db241134ab310334b11208369d0106331521b49f02f79fa7ffd8a4a602f199a514f49ca4284399a4361c99a2f71991a4 pre_us=87553 enc_us=490758 q_us=60 pkt_us=1
[PKT] seq=901 mode=A bytes=132 pkt=010280001ad209580ef6ba63012406622a0bdd63160fde6411c5c06444e8fe652eadc765eaffdbb51930c7ad14eabfae05eac2ad0707c1ac3437b7abb22ba8a96363a3ab0207383fd1fc2531fa400631fc3b1532da231333ae260532b03a1534970a0031201eb8a005e39da803dba1a80ae59aa712f398a6183595a6360ea0a40c1693a7 pre_us=87550 enc_us=490755 q_us=60 pkt_us=2
[PKT] seq=902 mode=A bytes=132 pkt=0102800015d751542aee1e5e190f3f5c34073f5b35fc325b1cd84a5b4ff3485d4dbc365bf307e3b90d35e2b326f9e8b511e1eeb518f1f1b5281320b5cb2cd4b36452e0b6fd14503bce0d472df43f282ced3d332cdb32402da93e322c9f3d222eaa08272a1a14aea407fb99ad00d39daffedf9aaf17f69dae45408fae312594acefed95b1 pre_us=87568 enc_us=490759 q_us=60 pkt_us=2
[PKT] seq=903 mode=A bytes=132 pkt=01028000dee34a54ecf6335ee4184c5cff07525cf904475ccfe64f5dfafb5b5ef0c74c5debfdd6b80e2aeab226f4f1b41bd4f0b41ee6ebb436fe08b4c82ce4b15e44ddb4ec19533bc3195a2dde2c482df12f4d2dde3a522dab45562da244432fa928442b060db4a3faf0adacfbe4afaef4e4b1ae0cf0b0ad5825a1ad2e10a7ab2bf6b2b0 pre_us=87556 enc_us=490754 q_us=60 pkt_us=2
[PKT] seq=904 mode=A bytes=132 pkt=0102800022d14e5445043c5e2e12585b4603545a30074f5a1fd2585b58f8605c3eb3455bf60adbb91b34d8b32efaf2b5fbd8eab6ed0febb6ed3800b5ab42d6b36069deb60114523bd110522de22a4d2cf622512ce13c502ca2445d2ca53b462e9e1446291815b3a409e1b1ade7ddbcaffce5b8b013f8b5af2746c6af2f2facaddf23afb2 pre_us=87571 enc_us=490762 q_us=60 pkt_us=1
[PKT] seq=905 mode=A bytes=132 pkt=01028000f4e80a5a19f8d5640b131c642603ea6522e5d26622acc0672fe2f568409fea68eb02d3b30e2fc2ac1501c4ab00fcc7aaf0efc1a9fc2ab6a8b448a2a65b6ca0a7fa0b3140d4051d320c1c0d3301321234f4220f35b42c0435af0c0c36adf414341217b29f06e7a1a717c0aaa61bcd9fa431f99ba3594299a3522e9da12c1ca2a3 pre_us=87566 enc_us=490755 q_us=60 pkt_us=2
[PKT] seq=906 mode=A bytes=132 pkt=0102800019eb33581ff4d962210b1f612efd0f6235f30c63439de86357ea13654fb8fa64ee08d0b5103dd5ae0f04b8ae07edc8adfd08bbad2a34bbacaf3ba9aa3b64adac0702393ed8002430fc160e30fa322331da181c32a4200932af0c1e34a4f612301f21aea00d02a1a903d8a8a907e7a5a80edea3a727529da725279ea50b1297a8 pre_us=87553 enc_us=490759 q_us=60 pkt_us=1
[PKT] seq=907 mode=A bytes=132 pkt=01028000f7e337530cf0245d1e034f5b2d0346593bf7425952a44b5a4dd54d5b52a12d5aed02b3b9ff359db31509a1b61302a6b7080bacb7202fa7b6c84da0b4416d9ab8fc05513ace1d4a2df921282bfc2b352be2233e2cb12e372bb2102f2dd5fc3229121fcaa4fe03d0aeffd0b7b005ebc0b010ecc8b0484ec4b03c27b4ae1e04bfb3 pre_us=87549 enc_us=490758 q_us=60 pkt_us=1
[PKT] seq=908 mode=A bytes=132 pkt=01028000f9dd505513f6155f1401465d200d335d21f7395d21ce445e32eb4a5f38a3435eec08dcb81b34e4b122f004b309d8feb3e9fdf5b3fb2914b3b337ebb04d5bf5b3f61d503ccb114d2eff2f2b2d05333c2dec37302eaf4a302e9e3b2430b01a242b0f12b1a3f6f099acfddc98ad06fa93ad19f194ac4c408dad2d3b8eaafb218faf pre_us=87568 enc_us=490759 q_us=60 pkt_us=1
[PKT] seq=909 mode=A bytes=132 pkt=0102800029e1135a28efc86524f3fa654bfef46637dff067119bbd6836caf2690eb4d569f9fad6b31444cbab3ff2aaaa0d07c5a8f508baa71019b7a7c43ba5a5595ea8a609033341d3fa2532ec0cfa34e8290c35da161336a804fa36b7df1037b4d81335141db09e00019ca6e5cd9ba5f5de98a30cdd97a2134c92a209fe95a0c8ee98a2 pre_us=87561 enc_us=490754 q_us=60 pkt_us=1
[PKT] seq=910 mode=A bytes=132 pkt=0102800008d843530cf11a5d0efd475b15082e5a12fc315a09c9385a42d8395c28b72c5af006dbb9093cd8b321efe7b60bdcddb616e9dfb62cfc01b6b328d9b45857d6b7f913553ad312462df8282a2cf6353f2be72e412cae41352cab3d252ea70a2a291b13b3a413009dae0bd8aaaf0eeaa6b014eca5af542f97af362393ad0ff998b2 pre_us=87572 enc_us=490758 q_us=60 pkt_us=2
[PKT] seq=911 mode=A bytes=132 pkt=0102800011eb2657fdeceb62fe093561140b2d61faf8216202bddc6234f01d6412b22163ea0bdbb60e37d8ae21f8d9afffebd4aefd00d9ae2020d7adb43cbaab5a60b2ad0503473ed3173330e72d1d30e54d2431db3a2a31a73e1a31a12819339c0527301b0aa5a107fc9aa9f6dda2a9f5d79ba913f79ea83b4290a82c2195a61c13a4a9 pre_us=87549 enc_us=490756 q_us=60 pkt_us=1
[PKT] seq=912 mode=A bytes=132 pkt=01028000f3f00c5dfdf7e46808fc1a6806fb1c6906fbf76a04b6e16d34d6136e28abfc6dec04daaafc32d0a212eeb5a307e8ada30b08b79f1826b6a0c646999f556da09ffe031b3acd110628e12bf62c0c34fc2ff320f92bb43ae124b635f1299f02ff2d1006bb9a06e7b99efcc5bf9f16e2b69e2be4c49a4e3cd5963affb3994c1cc79b pre_us=87554 enc_us=490756 q_us=60 pkt_us=2
[PKT] seq=913 mode=A bytes=132 pkt=0102800025db525432f1505e31f7555c380c505b45114f5b3acb5f5c55e25c5d36c9575cf903ddb91c35d9b212e9e4b4efe8e3b50a15e9b50629fcb4c047d4b2656ae7b5091b573bd913562dec2b522cfc2f562cd71f602da4475e2da8314d2f95274d2a1312b6a408f3b4adfde7c6ae1010c6af1c03c8ae3a3dd5ae273fb8ac1705b5b1 pre_us=87550 enc_us=490756 q_us=60 pkt_us=2
[PKT] seq=914 mode=A bytes=132 pkt=01028000d4fb334fd6081a59c9111a54af270e51ca37144fae33fd50e9182552a9ee0c4ef1fea6bd270396b814dd9bbcd0e89abff9f49abfedef91bfd704a2bd751598c2de244237c2104329e3113e27db063a26cefe3b26a2145026a5294528963b4422fe0bbfa8f2efd2b2d9f3d7b6ccfcccb8edefdfb7341ae2b81b14ddb50627e7bc pre_us=87553 enc_us=490756 q_us=60 pkt_us=2
[PKT] seq=915 mode=A bytes=132 pkt=0102800002d93659f319f964f7073264090a2965f4f8fc66e7b6ed6611c52967ee93e068ef0acbb40531c5ac21efb8ace904b7aaf310d9a9e631baa9be55a0a76679a4a802144240da213132da302432db2d2633d02e2a34a7260234ae132d3691ff1b331704ad9ffeec9ba7eee7a8a6f9f9a8a504fb9aa4144395a40b209aa2f3219ca4 pre_us=87550 enc_us=490755 q_us=60 pkt_us=1
[PKT] seq=916 mode=A bytes=132 pkt=0102800032cc1d5748fae16232fe10613110f862380ad4623baeee6340bd09645497fe6415f3d0b5022bc3ae0de9b2af09e0ccaefb1ec6adf61cbfadc757a4ab5c76a4ac0109313edb061b30f91e2330032d1631e4202032ba410f31b41b1c3390150b300a1fbda108e1b6a9f8d9baa903f0bca818e6aea74137b1a71e0bb4a51e28b3a8 pre_us=87565 enc_us=490758 q_us=60 pkt_us=2
[PKT] seq=917 mode=A bytes=132 pkt=010280000cdb4c551315475ffd0a495e0d082d5efa1d485ee8e34c5e05034c60c4b3445f0a03d3b8ec28c6b12bfec4b21c00bdb20bf5c7b23c15d3b2c83abaaf615cc9b2fc1f553cd426542ee8204a2ed90e562ed539522fae475c2e9e3d4b30923a462c170ab6a21eefbcabf7e5c9ac18f9caac2510cdac3a35c8ac1b11bca91b02b1ae pre_us=87549 enc_us=490754 q_us=61 pkt_us=1
[PKT] seq=918 mode=A bytes=132 pkt=0102800007dd50550d04315f11153b5e261d3a5d1613395eede14b5e22de46602dba2a5ffe02e2b8fb20e2b115ebf1b3f8f8eab315eef5b2140819b2d13cedb0696ee3b2fb21513cce22442ee22f382efd1f402ee03b522ea4433f2e9e3e33308d2d342c1d11aca30cdd9bacf6e499ad14fca1ad1d10a4ac222e93ac1c0e93aa1f1995ae pre_us=87559 enc_us=490757 q_us=60 pkt_us=1
[PKT] seq=919 mode=A bytes=132 pkt=01028000e8e551550201475ff922415ef921525de707575dcdf7525e05f45860ebbe515efc06deb8fe1feab1f3f6e8b313f5f2b3010306b20ff71fb2d546f0b06868f4b2eb20523cce274e2ee122492ef63a4f2eee415a2ebe49602eb14548309b41492c0b0faea30adba2ac16f4a7ad24d4b2ad3f03b2ac5b21a0ac2f01a4aa4c08a5ae pre_us=87551 enc_us=490756 q_us=61 pkt_us=1
[PKT] seq=920 mode=A bytes=132 pkt=0102800011d625592eeae8630efd13631d08ef641e0ffe6524ccc5653bb8006715abe4670204d3b4f721c6ad170bccad1bf4dcabe40ad2aad92fc5aabe53b8a87072a8a901114440da082431ec201632e90e2633df3b3334b0211333ac12223595ff08321818ae9f16e698a7f5de9ca700f49ca621029ea5313b91a52a1e99a3f2fb95a5 pre_us=87554 enc_us=490758 q_us=60 pkt_us=2
[PKT] seq=921 mode=A bytes=132 pkt=0102800022ebff5612f4334d122b554cfe063c51f8173b59dcc85f4d1ec84d55d6bb2d53ea1ef997dd45fb8aee3acc8ce22db38cc911bc8ddb41d387a032b68c447bc18914fb2c3407df0c230b05f92b1a01f5301ce8092fe5f00c2302d61534b5a9212fd61bf999e9eee59cdbcbe19de9d0e49b05dee29912421b93182c0c98b7081c99 pre_us=87552 enc_us=490755 q_us=60 pkt_us=2
[PKT] seq=922 mode=A bytes=132 pkt=01028000e1ec4753f104515ddf214c5ad50b4959c8214859b40d4d59d6fe525bc3bd4e59ee0095ba062b97b4230199b603fa98b7dd2396b7f43b9ab7be5099b574709ab8f206213ac7251a2ce21c1c2bde111d2bce2c1c2ba83d1a2baa1d1b2d9c201328f9e79aa5edd6a4aef4f6a9b0f4faa9b106fda7b03626a5b0330fa4ae2201a8b4 pre_us=87551 enc_us=490761 q_us=60 pkt_us=1
[PKT] seq=923 mode=A bytes=132 pkt=0102800010d8235917f4d2640cf60b6426fceb651e0bee6607bbbf6755c809682f93d168f106cdb41240d1ac1ae6c9ac04f6d1aafafad3a9f7ffbea8ab38a4a76774a9a700073240cf0f2032f7132033ea0a2834e51e2d34a42f0934a81a21369afa03342216b19f07eaa1a7e6cdaca6eaecb1a50ef9a6a411309aa42b23a0a2fdf399a4 pre_us=87564 enc_us=490756 q_us=60 pkt_us=1
[PKT] seq=924 mode=A bytes=132 pkt=01028000dfdb395302032e5c000e4f590308525810f43f5702ac465810d4445a01a23a58e8009dba0f2b97b42aeda6b7f4fbacb8fafaa3b8072ca0b8df589bb65f6f9ab9ee17383ac50f372ce22a2a2be2402c2adf38322ba2482e2aa91a2b2c9a1824280404b1a5ecd6b5af0bd5b3b118dfb8b21af0b6b1393ebab10c18aeaf1c0eb5b5 pre_us=87562 enc_us=490760 q_us=60 pkt_us=1
[PKT] seq=925 mode=A bytes=132 pkt=01028000bee0474daefa5156a8fe53509ff1554bae0b4b489c1f4749ae03584b96e95447d7e5a4bf29189fbb05dcabc0dee7b2c3ebdaacc4c4f2a3c41ee3b6c26fdabcc8db372735c9f50e28efef0a24f0fb0723e9f60323a5fff823b30804259c0b041e141aa4aaddd4a4b5e3fca6b9e313a5bcf80fa2bc3f4197bdf91da6ba0727abc2 pre_us=87542 enc_us=490757 q_us=60 pkt_us=2
[PKT] seq=926 mode=A bytes=132 pkt=01028000cef74b51d6fd405bda2d4b58d9073c56b32236559d0d4655dc023e57a2fb3d55e90ac2bb1811d3b625d5d6b91bd4bdbafbeec7bbe91ce1baf937c2b86f52c8bce2344639be1e512bea224029db073e29cd234929a33e5229a73d462b97343a260105b8a6ecddc1b0eddabeb3e0e4c7b405efcbb34e2cd5b40fffbcb11e06c2b7 pre_us=87554 enc_us=490759 q_us=61 pkt_us=1
[PKT] seq=927 mode=A bytes=132 pkt=01028000f6eb315507ec145ff529265d101e2e5dfa101f5de3f3075e08e3255fffcd385eff00dcb8f118dab10807deb315edd4b304f2e5b200ffc4b2d24ab7b0686ab6b2f221423cce28362ee829352eee1e3e2edd23432eb237282eb62735309e34302c1013a5a31deaa4ac16eca0ad20f5b1ad370cadac6835a5ac39f0a2aa6403afae pre_us=87542 enc_us=490755 q_us=60 pkt_us=1
[PKT] seq=928 mode=A bytes=132 pkt=01028000d2eb3c52c708365cd5093459d30b3058c6143657a1141d58dc02355aa9fc3b57ecfcb2ba0e21a9b42adaa9b7ffeda9b8efddafb808029ab8d743a2b65c2db1baea1b503ac2235c2ced15512bda04502acf14532ba644692aaf3d4f2c9c4453270220d2a5f4e2f8afcfddedb1cee8eeb2e0eef2b1411911b1080ef3afef11f7b5 pre_us=87570 enc_us=490757 q_us=60 pkt_us=1
[PKT] seq=929 mode=A bytes=132 pkt=01028000dff63552c9012b5bca312458d71f1556be220f559f360056cd052458a4f32455e0fa9dbb211894b511f999b8e6f194baf3f794bae7198cbaef229ab76a369abce6203a39cc14392bf70a3b2aebfa4029ca043e2a9a0d43299f37402b9a3c36260513b2a6eae9c6aff1dbc9b20df6d5b310f0c8b24840cfb31021bfb00a32d0b7 pre_us=87551 enc_us=490756 q_us=60 pkt_us=2
[PKT] seq=930 mode=A bytes=132 pkt=01028000d8e55455ee06495fe7074b5ef00b4b5ef719405ed6f0545e00f44f60cbc2455ff403d5b80b23d2b145edcab212ddd5b2ecfbc7b2f009ebb1d037beaf6f60b8b2ed13513ccb1b582ef60f4f2ed10b582ec91e532fa541612eaf214e3097203e2cfe04afa2fef6bdabe5dfbfacedfdd1ac0cfdbcac503fcfac3210afa93f05b5ae pre_us=87553 enc_us=490757 q_us=61 pkt_us=1
[PKT] seq=931 mode=A bytes=132 pkt=010280000cdd515318fe3e5d011c515a1ef354591c0f505806d15c593412515b24c64c59f00edaba1331d2b41ff3dab614e8eeb7ec07eab74624edb7ce3ab3b55f5bc0b8fd12543adc22592c0431482bdb394f2bd23a542bae4d4f2bba38362db63038281b11b9a51bfebeae08c7bfb01becc0b12907bfb05240bab0340ea9ae2bffc3b4 pre_us=87551 enc_us=490757 q_us=60 pkt_us=2
[PKT] seq=932 mode=A bytes=132 pkt=01028000c400414db8114056b3223e50a523324cbf054349993e364ab51f474ca5ef3048e3f6a2bf301e95ba08efa1bfdefb9bc2f0f2aec3e10598c3f3f1afc173f3a3c7dd342735c5fa1328ec011225e0fe0e23ca030f23a0040223aa2311259d2f141f0411a5aaf8daa7b4e9e6aab9fe08acbc06dcaebb451fa1bc1912aeb9f421b9c1 pre_us=87552 enc_us=490758 q_us=60 pkt_us=2
[PKT] seq=933 mode=A bytes=132 pkt=01028000b3d24646b8b84c4cb0064343a5f03a3aa5e3353589c736369e09383896ec3030cae7c5c527edc2c2f6cac9c9e6c7cfcfedc5d0d0b3d1d0d004d8cece67d1d7d7ca3a2e2ec2212323f20d1d1df8011a1ae7041a1aa8fa1919b3241b1ba50314141decb0b0d6c2bcbcf0cbc3c3dfc0c9c903b4c9c94dc5caca0fe4c7c723bbd1d1 pre_us=87553 enc_us=490755 q_us=61 pkt_us=1
[PKT] seq=934 mode=A bytes=132 pkt=010280002dc10f5716f8c962430902614be5ee611bfcdb6202a3bd6349b907640f8dea63ff0adab6182fc7ae1ce3c2af0ae2c4aef220c4adf82db2adb419adab5e64b1adf700383ed1f72830f2260b300cfe08310b081a31ad0c0131adf61533a2c808302234b2a1fddaa0a9ffcca4a906c59da91fc29da80d1d94a828d69aa6e5d197a9 pre_us=87580 enc_us=490760 q_us=60 pkt_us=1
[PKT] seq=935 mode=A bytes=132 pkt=0102800013e753550802345f0e0e595e1135515d0512485e02c55a5e420660601dba465ff300e2b8f427ecb119eb00b305eefbb3fffffab23e1514b2bc49efb05d65f3b2032d543cda1b572e012d462e0146502ee442542eab43572eab3e453091334c2c2410b5a315dfa8ac18e3a8ad3af0a9ad360cacac553a9cac370ea5aa4d2fa9ae pre_us=87547 enc_us=490755 q_us=60 pkt_us=1
[PKT] seq=936 mode=A bytes=132 pkt=01028000c7e64f4ac0df5a51ac054f4aa6db4744a7e448408fcc53419b0a4d428fd9473ddee1b7c217f0bcbfebc7c1c4f6c0c5c8fabfc8c9dad5cfc9d3c8c7c772d6cdcfcf222632c0091525f8061721ebf3151edaf9101ea1fb0a1eac190f209a140b190effa5addde9adb8e6cfb9bef0d0b9c2ffdcb7c23bf3adc21802b9c02b10bdc9 pre_us=87545 enc_us=490758 q_us=60 pkt_us=1
[PKT] seq=937 mode=A bytes=132 pkt=01028000eced4953f6f4375d04062c5bf1212159fd1f2f59f1e3195a3702445b02b8365aebffb6b90511acb311e0a5b6f901a3b704fdaab72f069bb6b32eacb45e49aeb8f737463ac623562cea15522bf510502be11f522ca93a622bbc4a4e2d974b54291619bca4fef6edae12f4e6b02ef3e9b0330eebb0652e03b04323e8ae6232f1b3 pre_us=87549 enc_us=490755 q_us=60 pkt_us=2
[PKT] seq=938 mode=A bytes=132 pkt=01028000eee35653050f515dfe0e565afd1f535903235158f3fa5659291c5b5b00d55559ea03dcba1328e2b415d9e8b6fcf4eab7fbf3e4b7281befb7ad2cd2b56a58e6b8f928523ac315592cf625522bf0135c2be215572bad385b2bb646492d994744281d1bbca5fce3beae17eac6b01813d2b1370ecab0653bc9b0502cb1ae5f25b8b4 pre_us=87572 enc_us=490756 q_us=60 pkt_us=2
[PKT] seq=939 mode=A bytes=132 pkt=01028000f5e149551210335f0c12435d1510375d08183a5d07cf405e2bfc455f19b93d5eee02b7b80a2eb1b106f6b0b3effdbdb3ff14b6b3503eccb2af42aeb06568b2b3fd24493ccd14532ef922492d050b5a2de92f552eb13a5d2eb43146309925482c130cbba301eeceac1302d2ad2d0ce0ad4403d1ac5c52d5ac441dbeaa4212c6af pre_us=87559 enc_us=490755 q_us=61 pkt_us=1
[PKT] seq=940 mode=A bytes=132 pkt=010280000ddc51552713485f1803525d15184a5d3f06465d50ca5d5e43f3545f25ba515e04fed6b8ff2ecbb105f8e1b30711d3b3f80cc9b2022801b2b352c5b06a67dab3fe19573cdc26572efc1d592de10e602ed83f582eb03e662ea8355430a22c482c1b26bfa30de8c2ac08fbd4ad03ebdbad1812ceac4d45dcac3515b5aad4efadae pre_us=87567 enc_us=490759 q_us=60 pkt_us=2
[PKT] seq=941 mode=A bytes=132 pkt=01028000f0de4e57fe140861100e3c600cfe36610314306102cd2b6227de386305982d63f10bceb6f937e7af25d5ebb004f7f8affc07ffae1c1b1caeb231e3ac596df7aefb1d4b3ecf173a30f32f3830ef334430ec384b31b8464131c0393633a621422f1315b8a1fff397aa12e6a0aa2cea9ea93efe9fa85e3992a83b238fa613f68faa pre_us=87562 enc_us=490754 q_us=60 pkt_us=2
[PKT] seq=942 mode=A bytes=132 pkt=01028000eae45357ff0d3161fb124b60ea2b3d6100035161fae051623bf0576304b44f63ec06dcb60035e2affee0f3b0f10decaf0bff02ae3c1d15aeb33ce9ac6869eaadfe25553ecf0b4e30ef254e30f3205930e22c6231ad395c31b8444a339d1c522f190ebaa1fbe19daa10f6afaa1eeea8a934ffb0a85e2d9ba84c0fa2a65309a4a9 pre_us=87563 enc_us=490761 q_us=60 pkt_us=1
[PKT] seq=943 mode=A bytes=132 pkt=01028000f7e056560b042960f21c4d5f08214e5ff6174e60ebe23d601e134462e5b74561ed09cbb71015e6b02bf5f1b10806f0b10a02e2b01e1befb0b343cfae6b69e8b0f427493dd220582ff425512fdb25552fd1295730a9325d30ad443e31982a452e1004b8a211e3abaa11ebb4ab14fbaeab2714b8aa5836aaaa4a1f9fa84020a2ac pre_us=87549 enc_us=490759 q_us=61 pkt_us=1
[PKT] seq=944 mode=A bytes=132 pkt=01028000ece14552130e305cff0b4258f71f28560d2d2856fcf11f57310d46580bdf3956e903b3bb1434a8b52ce6b1b8ffe8a9ba19f7aaba1024a6b9a831a7b76d61a9bbf8264939c818472bf81a412aec0c4829db10482aac394a29ab37352b983b36261521cca60ae0ccaf05eed6b20df5e0b335f3dcb25a3edeb3492dbdb02a1cc9b6 pre_us=87558 enc_us=490758 q_us=60 pkt_us=1
[PKT] seq=945 mode=A bytes=132 pkt=0102800006d63b5613ef126021232c5f30082c5f330f20602ac7176054e03b623aa02d61ec0adfb7202ce4b00bf3d9b106ebf5b10407e9b0192703b0b622d5ae5f61e6b0fb0e503dc70c492ff2273d2f080e532fdd224b30ab402730b2422c319b1a252e2319aca205e5a3aaeff0a3ab0105aaabfff2a2aa293893aa251996a8140d94ac pre_us=87546 enc_us=490756 q_us=60 pkt_us=1
[PKT] seq=946 mode=A bytes=132 pkt=0102800020d82c5925f8ec63230e246348191c6439ee1a652fb9ec6551d727672f97ea66ec00d7b4192fd5ad0901e9ad08f4e2ab0809e4aa0e36ebaaaf3bbaa8566db7a9040c4b40cffe3b3109172d32fe313a33dc183233a5291933a90f1d3599f717321820b29ff7ef9da700e1a4a714f99da6160294a5234991a5351e94a3041e92a5 pre_us=87561 enc_us=490759 q_us=60 pkt_us=2
[PKT] seq=947 mode=A bytes=132 pkt=0102800022d32b592d01ea631906396334012c6442f4156420b5f7655ce82c66339d1f66edfde3b41a26ebad1de9faad0ae106acf8f800ab20230baab42be6a86264faa90510493fd2073931002e3032f13f2a32d5312533a9411133ac3b2a3598172132191caaa0fcf594a8f8f092a709ff8ea620098da51f4188a52f238ba3131789a6 pre_us=87553 enc_us=490760 q_us=60 pkt_us=2
[PKT] seq=948 mode=A bytes=132 pkt=01028000fed7285904ffd563060e18631710f2640e19f465dbd0d66623f7126715980067ed05dbb40d3addac1fe6daac05f3e5abe4f4eaaa000df3a9b716c7a8665be8a8fd124540cc082831ef352932dc272b33e62f3334a9391634a439213696100c331a1cb19f02f0a2a7f3ddafa7fbf0a5a519f49da42d3790a4291592a21e028ba5 pre_us=87558 enc_us=490757 q_us=60 pkt_us=1
[PKT] seq=949 mode=A bytes=132 pkt=0102800003e62a5a1ff2e56416f818641711f26528f9f56615c7e06750dd2c6825a1f968f509dab30b38d4ac10e0e0ab1b0adda91101d7a81f11cea8ad23b8a65960a4a7fe024a40ca103132eb1e2f33ec083534d3173635a52f1e35ae242b3796081734150da39ffcf99aa6e9e2aea6d8f4a0a402049ca30c5491a32d2198a1011298a3 pre_us=87554 enc_us=490755 q_us=60 pkt_us=1
[PKT] seq=950 mode=A bytes=132 pkt=01028000fbfce85d2eebf06852d3fe694acf196b56d8ef6c488bec6c3cdc356d5cbd016e0702ecb0fc1cd9a7072abea6ee27d9a3e83cbca1003fdba1c9fab2a0133a939ffbf6454404eb3f35ee0b3937e10a4639d31c2e3aaee0393a14c9413cccce163b040eb69c0f00a2a3f7f3a8a106ffa59e1c07ab9df80d999d21f39c9bee02949c pre_us=87552 enc_us=490758 q_us=61 pkt_us=1
[PKT] seq=951 mode=A bytes=132 pkt=01028000fa0a215c20f6066651f00d675100076956d6086a31aaed6b4ddc386c63b8426cf405f1b1f429dda90f34b9a8f734cba5013dc6a42b5fc0a3e532b5a2184d9da201035b43fd054d34eb144836e42a4c37c5194a38cdf14b38fde44a3aca0a3738ff03a49d0903a1a41203a6a2230fafa03c33a09f3a0c9a9f370ea39d212ba09e pre_us=87549 enc_us=490758 q_us=60 pkt_us=1
[PKT] seq=952 mode=A bytes=132 pkt=01028000fc01195922f61b644fd2256451d2266559ca3466419d17664ece46675abb4568fc05eeb4fa27deacf749b8acef35beaad355afa9f560cba9bc04aba7f04aa0a80101564001fd4b32ec124432e71d5333bf143d34b2df483421dc3c36d3f638330205a79f0508a3a7e7f6b6a60f03c2a51a2faaa40718a2a43229a0a2f211a7a4 pre_us=87551 enc_us=490762 q_us=60 pkt_us=1
[PKT] seq=953 mode=A bytes=132 pkt=01028000fd0a3e5924e92e6354dd29634ee7326461b73d6551a02a665ad0406762c44c67f706f2b4f524d5ac0a3eb1acee3fbbabef49d1aa0a54c9a9eb26bda8fc47b6a805006640f9045831df105032df1f4f33c3195134bfea5134f0eb4836cffc44330505af9f0602aca70409b6a712eeb6a5212faca4172da3a414239ea2d4f1a7a5 pre_us=87544 enc_us=490757 q_us=60 pkt_us=2
[PKT] seq=954 mode=A bytes=132 pkt=01028000e9ff105c02f9176741f3166842fc406a3ce31c6b1ec3086b2ed53b6c48cb3e6df301edb1fc22caa81c39b5a7f724bda4ef40c0a32c5ab2a2d03c97a1d1499ca0f7f75743ee054d34c81c4e36d1234438ac145139ab074439dbe93e3baefa4039f7faa29c00f4a1a3f8f6b4a20a1aad9f0d1ea49e100aa99e2505a19cfa2fa29d pre_us=87553 enc_us=490757 q_us=61 pkt_us=1
[PKT] seq=955 mode=A bytes=132 pkt=01028000d9fe495ae1fe4264f0f34964e2014365cef54c66c6df4b67dbcc5468e2bd5468de09d6b3f02fc1ac2a2abfabff1fb6aa2019c1a8323cc4a8b241afa6103cb8a7f5f76340df075e32dc1f5533d01c5534bc0d5a35cc275c35e7f54f37c9fc5234030fbd9f01fdbca7fb08bca616ffb9a4162bbda32334afa320dfb3a1e7c0a7a3 pre_us=87557 enc_us=490760 q_us=60 pkt_us=1
[PKT] seq=956 mode=A bytes=132 pkt=01028000e106145b08f6f86638ef0e6648fb21683ce122692db3f26944b9246a4ab52c6be903dfb2f32bcbaa3121b7a9f918b4a70924c5a62c3bb4a5cf04a6a4fb169ba4f6045142e5083d33cb063134be2c3736a0123937b6143337c9e63e39bcf71d37fa09a79d07f79da50702a4a41b1ca7a2233daea12327a2a1260ea49ff4f79ca0 pre_us=87552 enc_us=490758 q_us=60 pkt_us=2
[PKT] seq=957 mode=A bytes=132 pkt=0102800000fdf55f38e9ff6951dc276a59de326b5bc9146d489f286f54e72c6e60df216ff9fff6aaf32be0a11a41c2a1f948b8a10058d09e1245d29bd4fcbc9eff3cae9d05fd3c3dfef12d2dfc003730e80d4135d1f53531eccf322f27b94838fdc549360208ba980f0bb99e0bf2c99d13f9bd9d1e12d0981921d5981f26ab9adeecab9a pre_us=87552 enc_us=490756 q_us=60 pkt_us=1
[PKT] seq=958 mode=A bytes=132 pkt=01028000f9fbde6019e9066a28e7046a3dd7066d3abe016e43b9296f3a083a6f43edfe70f3f9f5a7f024e8a4e640d6a3e043bca0cf5ddc9eda4fde9ef4fbc79cd92eae9c05fe2e3f05f0513500fa5939080d473cd2e9553cdbcd583c1fdc613ef8d46d3e040bb797f918aba0de11a69e1616a89c0c34a69afe4bb09a2046bf99ebfcd499 pre_us=87553 enc_us=490757 q_us=60 pkt_us=1
[PKT] seq=959 mode=A bytes=132 pkt=01028000f60af15924f7176453d9f06b54dd0f6d5cbffa6f4caa376b57f2387262da0a73f4fffa95f323f3920446cf94ef48d492e855dc9103400d8ad30ebc92fe34b0910303153d07f82f35eafe2737eb052c3cc2f0233bc0d3173407dd403ee1d7503dfcffc7960309be9cfaffb6980b03a2951a1dae950b33b7921e3bbb93d907b792 pre_us=87547 enc_us=490755 q_us=60 pkt_us=1
[PKT] seq=960 mode=A bytes=132 pkt=01028000ff03095c29f2126646db0f674dea346949c9166a489c1d6a53e1376b57d91a6cef07f3b1f42adaa91c49c2a8f539cda6fe46c6a40f50baa4db0bb4a20c3faba205015442f6f34e34ecfb5335e9104237c4004b38cfe93d380cd44a3a03d65b380a06a49d0b05a1a403fda6a31601a2a12c1ba1a02724a1a02c3aa39ef611ad9f pre_us=87548 enc_us=490756 q_us=60 pkt_us=2
[PKT] seq=961 mode=A bytes=132 pkt=01028000fbfe004623f0145946da0a6447f91d6746db0e673fa8146548e2516e55dc1a70ec020095f325e9921545ce97f831cf95034bd7922252cf8edbffa0961c40949502ff1c4af000293deefe3541f10a2843ca012d44ceee0c4016f33245fade38420807d7a10cffb9a50afab7a12210b19c331bba9b3a07d399401ea2980ef3a899 pre_us=87546 enc_us=490756 q_us=60 pkt_us=2
[PKT] seq=962 mode=A bytes=132 pkt=010280000008005b2cfc0f665bed2d6657f6376858d6396946a4246947dd486a64d43d6bfb02f2b2f823dcaa0f32d0a9ef1ccda7de4adda6405bd4a5d70ca7a3f65299a401fb5342f8f75233e3264f34e6254b36c5295237caf05837f1f34d39bf084037fcfda49d0d00a0a502f0b3a41a30aea22735a2a12d1ea5a12c1fb39f2539a5a0 pre_us=87557 enc_us=490761 q_us=60 pkt_us=1
[PKT] seq=963 mode=A bytes=132 pkt=01028000f0fd30580bf72d621a07346127e93e6223e03f6304c338632dd1386532a13964f1fcaab5ef139aae1f1f99aefa0899ad10329cad0c4a98acbb4a94aa4a5a95acfd0b573ef00a5230e62c4930d4294931b5244e32cc164b32e6064334aa2b45300100c4a00e02d4a92407d1a93421c9a8463fd1a74829c8a741fab9a5572cc8a8 pre_us=87540 enc_us=490766 q_us=60 pkt_us=1
[PKT] seq=964 mode=A bytes=132 pkt=01028000e3f2f45c0cf8056716d7116725c43f693b972c6a37ac216b44e3296c5d9e296cf7fde9b1f42ce1a9db48d3a7bc46d5a5b85fe2a3d14ecba3e41fada1c16da2a1f9033f4304014a34fb254136000c3b38d9005038d7e4503804e04c3ae5f24b390006aa9cf602a1a4df0fa2a20629a1a0fb4aac9fe84d9d9f0c459e9dc845a59e pre_us=87550 enc_us=490760 q_us=60 pkt_us=1
[PKT] seq=965 mode=A bytes=132 pkt=010280000504fb4d280e19513ed53b554ed1175a55a8355639b84d2f2eff11685aaae96f07f8f192f41ded8cfe33d78cee48cf8be259d088f6430e85ddfbd28bfb67c88b09fe154b19eb2b4a12f61f4ffafa1858dddb105ddfc2106213b44a55eebe6551f6fad99e0407bea8eb03bba4f018a5a20545c8ac1946b5a82c41c0940c4ef29b pre_us=87552 enc_us=490756 q_us=61 pkt_us=1
[PKT] seq=966 mode=A bytes=132 pkt=010280000202ff55270706673de5fe6d28f01a703fc1fe7241d600723dfcfb734ebbff7504fafb8ef310f98feb4fcc93cf27c492cc52d38efc4fe38cef03fa8cf570ff8e0a0a1d3815e82c331dee2e3c16f03341fee2193ae8c7273a16c5483d21bd6944f4ffcb92070bb597fb0cba961731c6941846bf902450d4902d3de090002cb090 pre_us=87559 enc_us=490758 q_us=60 pkt_us=1
[PKT] seq=967 mode=A bytes=132 pkt=01028000fdef2d582b0034624de9396245df3c6253cc32632eb71f6432d23765619d4a6501f5a8b5f71c99ae02339faef73c99ad044b97ac285d94acc23c97aa34689aab0302573f051b4a30df234d31e3204931b9144e32d0fb5132f5e54f34b9074431feedc6a011f3cba92106d0a8341ecea84534cca7360cc9a74510c9a42b3bc2a7 pre_us=87548 enc_us=490758 q_us=60 pkt_us=2
[PKT] seq=968 mode=A bytes=132 pkt=0102800002fd34593209166452ec2a6438f7386550e63b6630bd0f661fd7396863a148680c09eab4001cc6ac123caeacef2aacaafe49b6a91b5ad2a9db27bea72551b0a8fdf96040f9044f32ed254632db1a4234c2203b34cbf14034f8c94d36ca203d33faf8a59f12f8a1a716fac3a62f1faaa53f33a8a44c1697a43c00a3a23441a0a4 pre_us=87550 enc_us=490760 q_us=60 pkt_us=1
[PKT] seq=969 mode=A bytes=132 pkt=01028000efff365af70b2a650f0a46650d093967ebfa4568eee13b6811e5346932a450690808ddb3f918beabe72bc1aaf02bc3a81a4ac1a70457c3a7ae539ba528599aa5f7ff6241e50d5132c52b5434c1305f35b0395836bc164d36dd004a3897334335edffae9ef9fcaba6060cc9a5281ab9a33232b7a21e14a2a221efaaa02e1cada2 pre_us=87558 enc_us=490756 q_us=61 pkt_us=1
[PKT] seq=970 mode=A bytes=132 pkt=01028000f0063d5c170227673cfc2a683a07366a35d33d6b24bc286b18d52b6c4fca326dff01efb1fd22cea81131aca7e42ca9a4f240bfa3115ac2a2c047b3a12867a1a1fef96943f8055c34c71a5036ba175038b3215c39b5ff6039cfdb5c3baff35239eff5a69cfaeea9a3e7fbaaa2de1aa99f2d3fb09e1b02a39e290ca39c2141a09d pre_us=87550 enc_us=490762 q_us=60 pkt_us=2
[PKT] seq=971 mode=A bytes=132 pkt=01028000fcfe0e5e20061d6945ed216a57ce306c5ba1066d41a51b6e34ec2c6f5fbe026ffcfbe8aff413e1a6f92cb6a4f945c0a1ff4fbba0fa4bd49fda33d19e2363af9d01fd4f4501f25a3605075538d6084e3bbefb553bb6c6593bf0b35d3dd7c2623cf8009d9b00009fa2fb15a69ff61ea99d0837a89c003c9d9b2032a19ae734a99a pre_us=87553 enc_us=490756 q_us=60 pkt_us=1
[PKT] seq=972 mode=A bytes=132 pkt=01028000f5043c5d10022f6836ec2b693add386b40c7396c1b9c3b6d2dcc326e63c53e6ff202f5b0f419d3a7ff2cc5a5f93ccfa20952caa11c55cca0e62fbf9f185fae9efcfc6744f5f55b35effd5c37d3155d3aba0a5d3abad7663ae9b3603cc6c14f3bf9f49c9b04f4a7a212feaba0150fa59e36199f9d2708b09c2d059c9b231d949b pre_us=87548 enc_us=490759 q_us=60 pkt_us=2
[PKT] seq=973 mode=A bytes=132 pkt=01028000e8fa4a5518fb565f3dde4f5e44e54f5d51bf525d35a4555e2be05c6055ce5a5ef8fb92b8fe2894b1173994b3e64095b3ef5494b23b5d93b2c12b97b0f15f90b2f606203cedfa112ed215172ecf19182ead20152eabe5092ed7e50930aeeff32cf6df96a305f89bacf0f8a0ad06faa0ad18319bac071598ac171498aa1a3c92ae pre_us=87549 enc_us=490756 q_us=60 pkt_us=1
[PKT] seq=974 mode=A bytes=132 pkt=01028000dc033b54d716405ec031395cdc04425cacf74d5cbff03d5cb00e525ea0e4535ceaff93b8eb2692b2fe2d93b4231397b5043698b41a4a92b4a84398b208559db5f10b2a3bd921272dd6272a2dbb2b282caf32202dc127232dee26242fb4571f2afaf79da304feaeadf7e0aeae1b03abae2618a9ae2040a6ae0efba7ab091bacb0 pre_us=87553 enc_us=490760 q_us=61 pkt_us=1
[PKT] seq=975 mode=A bytes=132 pkt=01028000dce3524ed4f35b57c6ce5452b4ed4f4eacfd4d4cc2d84e4dd3024f4fa1d84c4be9fdb2bef102b2b937cdb8be06dcbfc00900bfc13ff4bfc1bf27bebf5416c3c4ee1e2a36d83c2129bf302126bc412424af3f2325ac612325b552262795651f21f9d0a2a901d6afb3e0ccb4b7f3e5b9ba32e8b8b90d1db9baf2efb7b71400bebf pre_us=87557 enc_us=490759 q_us=60 pkt_us=1
[PKT] seq=976 mode=A bytes=132 pkt=01028000e7021d5ceff9f667f40b0367f8e62869eef8f96bdbcdea6be1d4086c07a61c6de905e3b1f71ecea81014a7a7141ac4a4142bb1a3134eafa3ca41a8a12f44a3a1f5fe5743de0a3f34e12f2b36cb3f4a38a9283239b7161d39cee33d3bae301939f9ffa59cfff09ea40ff6a1a22216a5a033329a9f2432919e0be29a9d2b07999e pre_us=87555 enc_us=490757 q_us=60 pkt_us=2
[PKT] seq=977 mode=A bytes=132 pkt=01028000db042a53d7fd365db91e4d5bb6f64f5aabec4159d2e5475ad9ed445cbdf14e5ae00297b9f91895b305129fb60df0a3b623129db61b219bb6d43b99b43241a3b7ee053e3ad51c332dd42b282cbe2f292ba91c2c2c9f24242cc4352a2ea7552829fb05aea4faeeb3ae02e0b2af33f7b2b02eebb1af1f2cacb0e9efafad12eeb6b3 pre_us=87553 enc_us=490758 q_us=60 pkt_us=1
[PKT] seq=978 mode=A bytes=132 pkt=01028000def12756e0133861d602435fc716405fbdd64a60d7e94261d7da3d62d1b34961f002a3b7f6269cb0f5079ab1f61298b03b229ab02c4390afb44990ad305096affc0b503de520452fc738392fbf3b382fa91d3530b71f2a30d018323296412f2efaf1bda2eee3c5aaee04b8ab0d0bb3aa1a1fb1aa0a3dabaaf9feaba7f702b1ab pre_us=87549 enc_us=490760 q_us=61 pkt_us=1
[PKT] seq=979 mode=A bytes=132 pkt=01028000e1032156e7ef3160e90c355ff1fd2f5fc5fa345fdfea2b60faee2661f5b94861e8fb93b7fd1a91b0161992b1122592b1203093b0004d90b0ee288fae3a1b97b0efff463dd7083a2fd82d352fbf35372fa2243b30b6243c2fd9014331d12a322dfdfeb6a202fbb7ab1d01b6ab2d24b9ab2f34b9aa2225beaaf2d3b9a8170eb2ac pre_us=87549 enc_us=490756 q_us=60 pkt_us=2
[PKT] seq=980 mode=A bytes=132 pkt=01028000ebf73d59d9ff3064ea1c3363ec053264c8e83e65c3c62866dacb3e67e4a05b67f8ffc9b4e01a9fac2e2a9aacf81d9aab1b1f9caa364893a9bf4294a7015699a8f6fe6240e5155531c7264e32bb215233af3e5034c1185134f0f84936acf93733eff2be9f05fed0a7fff3cda70b0cd1a5262ec7a4062ec9a40ed0b9a2f302afa5 pre_us=87545 enc_us=490759 q_us=60 pkt_us=1
[PKT] seq=981 mode=A bytes=132 pkt=01028000f2e81f5a2cec0a6459e70e6459d905665ab6056740a8e66720da29685eb43a68eefadcb3f827d4ab053bc2abf340a2a90153b7a8fa59b3a8fa22a8a6f241a1a6faff5741fb0e3432e0312c33d1181234b41f2a35b5f32535eed33e37ce0526340404b09e0beb99a6f50ea9a5fa149aa42e3399a31c1f95a30ff99fa10b169fa3 pre_us=87560 enc_us=490758 q_us=60 pkt_us=1
[PKT] seq=982 mode=A bytes=132 pkt=01028000e3e93d57ee053f621ef1416129f751620fe44362e6c34863f9e4496417a35364e808d0b6ee25aaae211ea2afeb19a4ae13379dad1155abadd5359cab29409dacf6025e3ee21f4830ca2d4130bc2b3d31a92e4032bb1f4a31dde44133b6353b30fdf2b2a10deebaa90cf2b9a91910baa84a3ab4a72921bba701b4b5a50df9b7a8 pre_us=87557 enc_us=490760 q_us=60 pkt_us=2
[PKT] seq=983 mode=A bytes=132 pkt=01028000f9f1385a21f51f644a08336440eb356636c31f6726af036726ca3168579f4069f205f6b3f735d8ab1538baabf721bda9ee39cfa8055fc4a7dd51b9a60e5ca8a601f76241ff035532e12f5033e2295634c62e5135e50c533518d95337d6ff453403fba19e1aeda0a61cecc4a5211ec2a45038a2a34116a0a335dfa3a12b17a4a3 pre_us=87545 enc_us=490763 q_us=60 pkt_us=2
[PKT] seq=984 mode=A bytes=132 pkt=01028000fc05125a2df5f7655ff423655af8266658ea216735aad96846ea386969ce3069f604f1b3f920d6ab142bb2abfe36aea9094ac7a8405eafa7d528a7a50452a2a600fd5a41fc064732ed2b4833e9244235c7293c35cffd3635f8fa4437c31416350301ac9e1304a1a61402b8a52115c5a4351eaaa3310a9fa23303aaa12d489aa2 pre_us=87558 enc_us=490759 q_us=60 pkt_us=1
[PKT] seq=985 mode=A bytes=132 pkt=01028000edea2b542b09385e44fd3a5b41df475b5fca3d5a44b1425b48df505d70a04e5bf6fe96b9f22391b30e2396b5012e97b6004994b5085895b5d83198b32d5e9ab6f71b3c3be70c2c2de6372d2ccf2f232cac18242dbc12252cefea222eb32e1e2a07fcb0a408efafad101ab1af162cabaf2639aaae1e22adaf1dcda5ac171dabb2 pre_us=87541 enc_us=490766 q_us=60 pkt_us=1
[PKT] seq=986 mode=A bytes=132 pkt=01028000ffee0f5c24fc03664af9196760db12695cb6f26a4fa6d66a51e82b6b76a81b6c0df9eab1f927cfa9f436c0a8f23ecea50051b4a4fe58b6a3cb0fb5a2fa69a8a2020a554300fa4934f3212b35d8254137c2133b38bde6383800c44c3abdf92d38fd08a29dfbec9fa4f808a1a2f315a5a01440a09f0f1d969f342aa49de74d949e pre_us=87555 enc_us=490758 q_us=60 pkt_us=2
[PKT] seq=987 mode=A bytes=132 pkt=01028000f2f52055280c355f410a435d4bef2b5c2dcf3c5c09d53e5d2ed8415e42a3445df80294b8f41b91b20c1396b40c1494b4254094b4325493b3b54492b1485c96b4ff16423bf4102e2ef62e282dc926352dae122b2eb00e2a2dccfc2b2f9619282b0203b5a312eaabac2610b1ae340eb7ae4e2eaead313cb0ad3cfbacab3610b3b0 pre_us=87548 enc_us=490759 q_us=60 pkt_us=1
[PKT] seq=988 mode=A bytes=132 pkt=01028000e1e83d56dd183b60fd0e435ef5f2435ed5fc535ed4e93a5fdbfe4f60dcc74c5f0701b8b7e827a7b1f113a1b221f8a3b21619acb12826b0b1af1da1af3832a0b1ee11543ce322442ed225372ec9313d2ea6143c2fba0c4e2ffb183e319d4e352dfc16bda2fadbbbab1b00b7ac380fbbac3c22bfab263cbeab31d7bba957d6b5ad pre_us=87552 enc_us=490759 q_us=60 pkt_us=1
[PKT] seq=989 mode=A bytes=132 pkt=01028000f6f543591ef93d634ae3406354dc416454c6486542954c6543d6496767a55167f8fdd7b4f324b2ad032ea5adf635adabf154a7aa0d5cbbaabe24aea806569da904fc6340fb0b5731f31c4932da155433c4144734b1dc573301cb5435bdf938320608bc9f00f9c0a7fe0ac8a70318c0a6312bb7a51c2cb2a53735b1a30f3ca3a5 pre_us=87553 enc_us=490759 q_us=60 pkt_us=1
[PKT] seq=990 mode=A bytes=132 pkt=01028000fff9135d34fb02673ef9126849ee086a53d7f06b35a2d66c54e9256d6cb6fe6d0bffefb0ff0fdaa8ef2ad2a6f83dcfa40b4cc7a21761c1a2d20fafa0055f9aa0f4035343fbfa4c35f82b3a37dc193939c61d4539c3f94a39ffd74e3bbd010f3af009a09cfdfa9da32827aca10e0b969f3634a09e27009c9e3624a29c1438959d pre_us=87552 enc_us=490758 q_us=60 pkt_us=2
[PKT] seq=991 mode=A bytes=132 pkt=01028000fdf74b5932f93c643ee8446447ff3c6547c8376632aa2f673bc34268669b4f680cfee0b4fe21bdac192eb2ac0b46b7aadf5aa3a91a6baea8c412aaa7f463a3a7fdf26340fbee5d32ff235333d5146134cf0e5b34cee0653414b55e36d3e24b34f403bc9f0af8bca7eff0cba6152ed2a52535c7a42e16cda41e0cc1a20a22afa4 pre_us=87546 enc_us=490757 q_us=61 pkt_us=1
[PKT] seq=992 mode=A bytes=132 pkt=01028000fdea265b2bff056558f3246544e62e6762d41c6831a808694adc286a6fa7326af9fbe1b2f925bcaa0d32bfaa0d3ccca80951caa6365acfa6cc1bb2a41160b4a406015a41fc0f4333f21a4834db164735bc174836d1f14636f7bd5038c2f74936fffaae9e08e9a5a51007afa4ff13a9a23334a4a12e0999a13521a09f25479ea1 pre_us=87551 enc_us=490760 q_us=60 pkt_us=1
[PKT] seq=993 mode=A bytes=132 pkt=01028000f6fc415733093a6155024e60521045604fd446612ec54f613d02476369cb5c6201fcc8b60322c2af031dc1b0f437b8b00550c6af2762caaed71baaac0d3dceaefcfc593ef60b572fe840492fcf174e30b81e5131c2005230fa124832c530432f040ac1a112f7b3aa1206c6aa1c2ac3aa3d42b4a94015b3a93b15b7a7232dadaa pre_us=87559 enc_us=490757 q_us=60 pkt_us=2
[PKT] seq=994 mode=A bytes=132 pkt=01028000f8ee3f5930fa206351fd3e6341022d6447d6366539b92b6545c532676ea34c67fdfae5b40129c8ad0a27b9adeb30b6abf547c9aa1d61cbaadc31aea82064b5a904fc6240fe044c31e9284332e12b4f33c1244d34c4015233f8f04735c2084532fa06ae9f0de39ea710fbc1a72a2bb3a64033a2a5451aa2a5401fa4a32325aba5 pre_us=87543 enc_us=490768 q_us=60 pkt_us=1
[PKT] seq=995 mode=A bytes=132 pkt=01028000fb01fa5e31f5ef694ef029694ddc0e6a60b0226c4a9cf66d30fe2a6e5fdd1d6efd02ecaefc27dba5fd3eb8a5ec44b1a3eb51cba0ff4ac49fdd06b09ff051919f0300454105f03931f4164a36de0e4238bb102e36aed43335ffd8443adffd423afd02b09b070da5a0f000bba0fcf9b99e113aab9bf23ca39b1f339f9b1c44a09c pre_us=87547 enc_us=490755 q_us=61 pkt_us=1
[PKT] seq=996 mode=A bytes=132 pkt=01028000fdfcee5c2eef0f6145f1306852cc086c65a9146d51a21f6b40fb217166c10971fbfbf99bfa2cf791f539cb99ee41c799ea58da940147dc92dcf9b89aeb55a59706fb1f3a05f22c30fd1a3938ec093838c5072037bad226370ed34c3deaef593bfd05bd960401b49eeb0eb49d0501b7980f33ad98ff40ad96233ab497023abf96 pre_us=87552 enc_us=490756 q_us=60 pkt_us=1
[PKT] seq=997 mode=A bytes=132 pkt=01028000fe05fe4a1c05034b36da135b41c90e5e45a62e6533ca2e3c30fd346c50c21b6cfafefc940021f88dd843d491e849cf8cdc59c88bef51ee86ed02d58ed35bc48e0705044f18f418501bed35511af0275006e6064eedc7145e1fcd435116d06b54fefbd7a20218ceb6fe01baa30dfac89d2147c29e0c54afa42b19c7971711ca97 pre_us=87548 enc_us=490755 q_us=60 pkt_us=2
[PKT] seq=998 mode=A bytes=132 pkt=01028000fff7fa5e31ec0a6952e3136957de196b62bb146c4fa01d6d52e9486e69b71a6ef500efacf830eda2083dcea4f243bba2f559c3a00b49d49dcd10b19fff56929f07ff3c4002f4382ff20c4835e7124d37c00b3137c1e3353403ec483bcb014d390307b89a04ffab9ffe07b0a01009c19e1734b39c0625a89a252ea49bfa1eb39c pre_us=87555 enc_us=490756 q_us=61 pkt_us=1
[PKT] seq=999 mode=A bytes=132 pkt=01028000f7fdf75d27efdb684aee14693dfde86b55adef6c2caad06d26e7216e63e1196ef107efb0f32cd2a70637c5a5ff3db7a2fd51c8a1274dd6a0eefcaa9f1634939e01fe5344f4f73c35f1114237e5242d3ac219403acdf5263a05e0453ce7ea013b0407b89b0affb2a20efdbea01cf9ae9e3a25a39d2800ad9d1f1bab9b0c249c9b pre_us=87547 enc_us=490756 q_us=61 pkt_us=1
