S
[CHECK] sample=007 label=3 L1_exact=256/256 L1_max_q_diff=0 L2_logmel_max_abs_err=0.000004 L2_exact=256/256 L2_max_q_diff=0 status=PASS
[CHECK] sample=008 label=4 L1_exact=256/256 L1_max_q_diff=0 L2_logmel_max_abs_err=0.000016 L2_exact=256/256 L2_max_q_diff=0 status=PASS
[CHECK] sample=009 label=4 L1_exact=256/256 L1_max_q_diff=0 L2_logmel_max_abs_err=0.000003 L2_exact=256/256 L2_max_q_diff=0 status=PASS
[CHECK] summary pass=10/10
[BENCH] warmup=50 runs=1000 batch=1 input=embedded_vector_0 mode=audio->preproc->encoder->int8->packet
ESP-ROM:esp32s3-20210327
Build:Mar 27 2021
rst:0x15 (USB_UART_CHIP_RESET),boot:0x8 (SPI_FAST_FLASH_BOOT)
Saved PC:0x42008b5d
SPIWP:0xee
mode:DIO, clock div:1
load:0x3fce2820,len:0x1530
load:0x403c8700,len:0xcec
load:0x403cb700,len:0x2ef8
entry 0x403c8920
I (24) boot: ESP-IDF v5.5.5 2nd stage bootloader
I (24) boot: compile time Oct  5 2026 19:23:46
I (25) boot: Multicore bootloader
I (25) boot: chip revision: v0.2
I (25) boot: efuse block revision: v1.4
I (25) boot.esp32s3: Boot SPI Speed : 80MHz
I (25) boot.esp32s3: SPI Mode       : DIO
I (26) boot.esp32s3: SPI Flash Size : 4MB
I (26) boot: Enabling RNG early entropy source...
I (26) boot: Partition Table:
I (26) boot: ## Label            Usage          Type ST Offset   Length
I (26) boot:  0 nvs              WiFi data        01 02 00009000 00006000
I (27) boot:  1 phy_init         RF data          01 01 0000f000 00001000
I (27) boot:  2 factory          factory app      00 00 00010000 00177000
I (28) boot: End of partition table
I (28) esp_image: segment 0: paddr=00010020 vaddr=3c020020 size=d1c40h (859200) map
I (185) esp_image: segment 1: paddr=000e1c68 vaddr=3fc92b00 size=02fd8h ( 12248) load
I (188) esp_image: segment 2: paddr=000e4c48 vaddr=40374000 size=0b3d0h ( 46032) load
I (199) esp_image: segment 3: paddr=000f0020 vaddr=42000020 size=13d10h ( 81168) map
I (214) esp_image: segment 4: paddr=00103d38 vaddr=4037f3d0 size=036fch ( 14076) load
I (218) esp_image: segment 5: paddr=0010743c vaddr=50000000 size=00020h (    32) load
I (224) boot: Loaded app from partition at offset 0x10000
I (224) boot: Disabling RNG early entropy source...
I (225) octal_psram: vendor id    : 0x0d (AP)
I (225) octal_psram: dev id       : 0x02 (generation 3)
I (225) octal_psram: density      : 0x03 (64 Mbit)
I (226) octal_psram: good-die     : 0x01 (Pass)
I (226) octal_psram: Latency      : 0x01 (Fixed)
I (226) octal_psram: VCC          : 0x01 (3V)
I (226) octal_psram: SRF          : 0x01 (Fast Refresh)
I (226) octal_psram: BurstType    : 0x01 (Hybrid Wrap)
I (227) octal_psram: BurstLen     : 0x01 (32 Byte)
I (227) octal_psram: Readlatency  : 0x02 (10 cycles@Fixed)
I (227) octal_psram: DriveStrength: 0x00 (1/1)
I (227) esp_psram: Found 8MB PSRAM device
I (227) esp_psram: Speed: 40MHz
I (228) cpu_start: Multicore app
I (959) esp_psram: SPI SRAM memory test OK
I (968) cpu_start: Pro cpu start user code
I (968) cpu_start: cpu freq: 240000000 Hz
I (968) app_init: Application information:
I (968) app_init: Project name:     c3_node
I (968) app_init: App version:      1
I (968) app_init: Compile time:     Oct  5 2026 19:23:34
I (968) app_init: ELF file SHA256:  3c50800c2...
I (969) app_init: ESP-IDF:          v5.5.5
I (969) efuse_init: Min chip rev:     v0.0
I (969) efuse_init: Max chip rev:     v0.99 
I (969) efuse_init: Chip rev:         v0.2
I (969) heap_init: Initializing. RAM available for dynamic allocation:
I (969) heap_init: At 3FC9AC58 len 0004EAB8 (314 KiB): RAM
I (970) heap_init: At 3FCE9710 len 00005724 (21 KiB): RAM
I (970) heap_init: At 3FCF0000 len 00008000 (32 KiB): DRAM
I (970) heap_init: At 600FE000 len 00001FE8 (7 KiB): RTCRAM
I (970) esp_psram: Adding pool of 8192K of PSRAM memory to heap allocator
I (971) spi_flash: detected chip: gd
I (971) spi_flash: flash io: dio
W (971) spi_flash: Detected size(16384k) larger than the size in the binary image header(4096k). Using the size in the binary image header.
I (972) sleep_gpio: Configure to isolate all GPIO pins in sleep state
I (972) sleep_gpio: Enable automatic switching of GPIO sleep configuration
I (973) main_task: Started on CPU0
I (973) esp_psram: Reserving pool of 32K of internal memory for DMA/internal allocations
I (973) main_task: Calling app_main()

[MODEL]
name=Task-AE_d256_fold1_seed0
d=256
r=8
input=1x64x32
latent=256
dtype=INT8 latent, float32 weights/activations
encoder_params=93704
model_size_bytes=374816
preproc_fold=1
[BOARD]
chip=ESP32-S3 rev=2 cores=2
console=usb_serial_jtag
cpu_mhz=240
flash_bytes=4194304
idf=v5.5.5
compiler=14.2.0
opt=-O2 (perf)
[MEM] stage=boot free_heap=8749219 min_free_heap=8717188 internal_free=363027 largest_internal_block=262144 psram_total=8388608 psram_free=8386192
[MEM] activation_buffers_bytes=141060
[MEM] stage=after_model_init free_heap=8607819 min_free_heap=8575788 internal_free=221627 largest_internal_block=135168 psram_total=8388608 psram_free=8386192
[CHECK] sample=000 label=0 L1_exact=256/256 L1_max_q_diff=0 L2_logmel_max_abs_err=0.000007 L2_exact=256/256 L2_max_q_diff=0 status=PASS
[CHECK] sample=001 label=0 L1_exact=256/256 L1_max_q_diff=0 L2_logmel_max_abs_err=0.000010 L2_exact=256/256 L2_max_q_diff=0 status=PASS
[CHECK] sample=002 label=1 L1_exact=256/256 L1_max_q_diff=0 L2_logmel_max_abs_err=0.000006 L2_exact=256/256 L2_max_q_diff=0 status=PASS
[CHECK] sample=003 label=1 L1_exact=256/256 L1_max_q_diff=0 L2_logmel_max_abs_err=0.000002 L2_exact=256/256 L2_max_q_diff=0 status=PASS
[CHECK] sample=004 label=2 L1_exact=256/256 L1_max_q_diff=0 L2_logmel_max_abs_err=0.000003 L2_exact=256/256 L2_max_q_diff=0 status=PASS
[CHECK] sample=005 label=2 L1_exact=256/256 L1_max_q_diff=0 L2_logmel_max_abs_err=0.000003 L2_exact=254/256 L2_max_q_diff=1 status=PASS
[CHECK] sample=006 label=3 L1_exact=256/256 L1_max_q_diff=0 L2_logmel_max_abs_err=0.000003 L2_exact=256/256 L2_max_q_diff=0 status=PASS
[CHECK] sample=007 label=3 L1_exact=256/256 L1_max_q_diff=0 L2_logmel_max_abs_err=0.000004 L2_exact=256/256 L2_max_q_diff=0 status=PASS
[CHECK] sample=008 label=4 L1_exact=256/256 L1_max_q_diff=0 L2_logmel_max_abs_err=0.000016 L2_exact=256/256 L2_max_q_diff=0 status=PASS
[CHECK] sample=009 label=4 L1_exact=256/256 L1_max_q_diff=0 L2_logmel_max_abs_err=0.000003 L2_exact=256/256 L2_max_q_diff=0 status=PASS
[CHECK] summary pass=10/10
[BENCH] warmup=50 runs=1000 batch=1 input=embedded_vector_0 mode=audio->preproc->encoder->int8->packet
[RUN] 0 95754 494690 110 2
[RUN] 1 95754 494684 109 2
[RUN] 2 95754 494684 111 2
[RUN] 3 95754 494682 109 2
[RUN] 4 95754 494682 109 2
[RUN] 5 95754 494684 111 2
[RUN] 6 95754 494682 109 2
[RUN] 7 95754 494682 109 2
[RUN] 8 95754 494684 111 2
[RUN] 9 95754 494682 109 2
[RUN] 10 95754 494682 109 2
[RUN] 11 95754 494684 111 2
[RUN] 12 95754 494682 109 2
[RUN] 13 95754 494682 109 2
[RUN] 14 95754 494684 111 2
[RUN] 15 95754 494682 109 2
[RUN] 16 95754 494682 109 2
[RUN] 17 95754 494684 111 2
[RUN] 18 95754 494682 109 2
[RUN] 19 95754 494682 109 2
[RUN] 20 95754 494684 111 2
[RUN] 21 95754 494682 109 2
[RUN] 22 95754 494682 109 2
[RUN] 23 95754 494684 111 2
[RUN] 24 95754 494682 109 2
[RUN] 25 95754 494682 109 2
[RUN] 26 95754 494684 111 2
[RUN] 27 95754 494682 109 2
[RUN] 28 95754 494682 109 2
[RUN] 29 95754 494684 111 2
[RUN] 30 95754 494682 109 2
[RUN] 31 95754 494682 109 2
[RUN] 32 95754 494684 111 2
[RUN] 33 95754 494682 109 2
[RUN] 34 95754 494682 109 2
[RUN] 35 95754 494684 111 2
[RUN] 36 95754 494682 109 2
[RUN] 37 95754 494682 109 2
[RUN] 38 95754 494684 111 2
[RUN] 39 95754 494682 109 2
[RUN] 40 95754 494682 109 2
[RUN] 41 95754 494684 111 2
[RUN] 42 95754 494682 109 2
[RUN] 43 95754 494682 109 2
[RUN] 44 95754 494684 111 2
[RUN] 45 95754 494682 109 2
[RUN] 46 95754 494682 109 2
[RUN] 47 95754 494684 111 2
[RUN] 48 95754 494682 109 2
[RUN] 49 95754 494682 109 2
[RUN] 50 95754 494684 111 2
[RUN] 51 95754 494682 109 2
[RUN] 52 95754 494682 109 2
[RUN] 53 95754 494684 111 2
[RUN] 54 95754 494682 109 2
[RUN] 55 95754 494682 109 2
[RUN] 56 95754 494684 111 2
[RUN] 57 95754 494682 109 2
[RUN] 58 95754 494682 109 2
[RUN] 59 95755 494684 111 2
[RUN] 60 95754 494682 109 2
[RUN] 61 95754 494682 109 2
[RUN] 62 95754 494684 111 2
[RUN] 63 95755 494682 109 2
[RUN] 64 95754 494682 109 2
[RUN] 65 95754 494684 111 2
[RUN] 66 95754 494682 109 2
[RUN] 67 95754 494682 109 2
[RUN] 68 95754 494684 111 2
[RUN] 69 95754 494682 109 2
[RUN] 70 95754 494682 109 2
[RUN] 71 95754 494684 111 2
[RUN] 72 95754 494682 109 2
[RUN] 73 95754 494682 109 2
[RUN] 74 95754 494684 111 2
[RUN] 75 95754 494682 109 2
[RUN] 76 95754 494682 109 2
[RUN] 77 95754 494684 111 2
[RUN] 78 95754 494682 109 2
[RUN] 79 95754 494682 109 2
[RUN] 80 95754 494684 111 2
[RUN] 81 95754 494682 109 2
[RUN] 82 95754 494682 109 2
[RUN] 83 95754 494684 111 2
[RUN] 84 95754 494682 109 2
[RUN] 85 95754 494682 109 2
[RUN] 86 95754 494684 111 2
[RUN] 87 95754 494682 109 2
[RUN] 88 95754 494682 109 2
[RUN] 89 95754 494684 111 2
[RUN] 90 95754 494682 109 2
[RUN] 91 95754 494682 109 2
[RUN] 92 95754 494684 111 2
[RUN] 93 95754 494682 109 2
[RUN] 94 95754 494682 109 2
[RUN] 95 95754 494684 111 2
[RUN] 96 95754 494682 109 2
[RUN] 97 95754 494682 109 2
[RUN] 98 95754 494684 111 2
[RUN] 99 95754 494682 109 2
[RUN] 100 95754 494682 109 2
[RUN] 101 95754 494684 111 2
[RUN] 102 95754 494682 109 2
[RUN] 103 95754 494682 109 2
[RUN] 104 95754 494684 111 2
[RUN] 105 95754 494682 109 2
[RUN] 106 95754 494682 109 2
[RUN] 107 95754 494684 111 2
[RUN] 108 95754 494682 109 2
[RUN] 109 95754 494682 109 2
[RUN] 110 95754 494684 111 2
[RUN] 111 95754 494682 109 2
[RUN] 112 95754 494682 109 2
[RUN] 113 95754 494684 111 2
[RUN] 114 95754 494682 109 2
[RUN] 115 95754 494682 109 2
[RUN] 116 95754 494684 111 2
[RUN] 117 95754 494682 109 2
[RUN] 118 95754 494682 109 2
[RUN] 119 95754 494684 111 2
[RUN] 120 95754 494682 109 2
[RUN] 121 95754 494682 109 2
[RUN] 122 95754 494684 111 2
[RUN] 123 95754 494682 109 2
[RUN] 124 95754 494682 109 2
[RUN] 125 95754 494684 111 2
[RUN] 126 95754 494682 109 2
[RUN] 127 95754 494682 109 2
[RUN] 128 95754 494684 111 2
[RUN] 129 95754 494682 109 2
[RUN] 130 95754 494682 109 2
[RUN] 131 95754 494684 111 2
[RUN] 132 95754 494682 109 2
[RUN] 133 95754 494682 109 2
[RUN] 134 95754 494684 111 2
[RUN] 135 95754 494682 109 2
[RUN] 136 95754 494682 109 2
[RUN] 137 95754 494684 111 2
[RUN] 138 95754 494682 109 2
[RUN] 139 95754 494682 109 2
[RUN] 140 95754 494684 111 2
[RUN] 141 95754 494682 109 2
[RUN] 142 95754 494682 109 2
[RUN] 143 95754 494684 111 2
[RUN] 144 95754 494682 109 2
[RUN] 145 95754 494682 109 2
[RUN] 146 95754 494684 111 2
[RUN] 147 95754 494682 109 2
[RUN] 148 95754 494682 109 2
[RUN] 149 95754 494684 111 2
[RUN] 150 95754 494682 109 2
[RUN] 151 95754 494682 109 2
[RUN] 152 95754 494684 111 2
[RUN] 153 95754 494682 109 2
[RUN] 154 95754 494682 109 2
[RUN] 155 95754 494684 111 2
[RUN] 156 95754 494682 109 2
[RUN] 157 95754 494682 109 2
[RUN] 158 95754 494684 111 2
[RUN] 159 95754 494682 109 2
[RUN] 160 95754 494682 109 2
[RUN] 161 95754 494684 111 2
[RUN] 162 95754 494682 109 2
[RUN] 163 95754 494682 109 2
[RUN] 164 95754 494684 111 2
[RUN] 165 95754 494682 109 2
[RUN] 166 95754 494682 109 2
[RUN] 167 95754 494684 111 2
[RUN] 168 95754 494682 109 2
[RUN] 169 95754 494682 109 2
[RUN] 170 95754 494684 111 2
[RUN] 171 95754 494682 109 2
[RUN] 172 95754 494682 109 2
[RUN] 173 95754 494684 111 2
[RUN] 174 95754 494682 109 2
[RUN] 175 95754 494682 109 2
[RUN] 176 95754 494684 111 2
[RUN] 177 95754 494682 109 2
[RUN] 178 95754 494682 109 2
[RUN] 179 95754 494684 111 2
[RUN] 180 95754 494682 109 2
[RUN] 181 95754 494682 109 2
[RUN] 182 95754 494684 111 2
[RUN] 183 95754 494682 109 2
[RUN] 184 95754 494682 109 2
[RUN] 185 95754 494684 111 2
[RUN] 186 95754 494682 109 2
[RUN] 187 95754 494682 109 2
[RUN] 188 95754 494684 111 2
[RUN] 189 95754 494682 109 2
[RUN] 190 95754 494682 109 2
[RUN] 191 95754 494684 111 2
[RUN] 192 95754 494682 109 2
[RUN] 193 95755 494682 109 2
[RUN] 194 95754 494684 111 2
[RUN] 195 95754 494682 109 2
[RUN] 196 95754 494682 109 2
[RUN] 197 95754 494684 111 2
[RUN] 198 95754 494682 109 2
[RUN] 199 95754 494682 109 2
[RUN] 200 95754 494684 111 2
[RUN] 201 95754 494682 109 2
[RUN] 202 95754 494682 109 2
[RUN] 203 95754 494684 111 2
[RUN] 204 95754 494682 109 2
[RUN] 205 95754 494682 109 2
[RUN] 206 95754 494684 111 2
[RUN] 207 95754 494682 109 2
[RUN] 208 95754 494682 109 2
[RUN] 209 95754 494684 111 2
[RUN] 210 95754 494682 109 2
[RUN] 211 95754 494682 109 2
[RUN] 212 95754 494684 111 2
[RUN] 213 95754 494682 109 2
[RUN] 214 95754 494682 109 2
[RUN] 215 95754 494684 111 2
[RUN] 216 95754 494682 109 2
[RUN] 217 95754 494682 109 2
[RUN] 218 95754 494684 111 2
[RUN] 219 95754 494682 109 2
[RUN] 220 95754 494682 109 2
[RUN] 221 95755 494684 111 2
[RUN] 222 95754 494682 109 2
[RUN] 223 95754 494682 109 2
[RUN] 224 95754 494684 111 2
[RUN] 225 95754 494682 109 2
[RUN] 226 95754 494682 109 2
[RUN] 227 95754 494684 111 2
[RUN] 228 95754 494682 109 2
[RUN] 229 95754 494682 109 2
[RUN] 230 95754 494684 111 2
[RUN] 231 95754 494682 109 2
[RUN] 232 95754 494682 109 2
[RUN] 233 95754 494684 111 2
[RUN] 234 95754 494682 109 2
[RUN] 235 95754 494682 109 2
[RUN] 236 95754 494684 111 2
[RUN] 237 95754 494682 109 2
[RUN] 238 95754 494682 109 2
[RUN] 239 95754 494684 111 2
[RUN] 240 95754 494682 109 2
[RUN] 241 95754 494682 109 2
[RUN] 242 95754 494684 111 2
[RUN] 243 95754 494682 109 2
[RUN] 244 95754 494682 109 2
[RUN] 245 95754 494684 111 2
[RUN] 246 95754 494682 109 2
[RUN] 247 95754 494682 109 2
[RUN] 248 95754 494684 111 2
[RUN] 249 95754 494682 109 2
[RUN] 250 95754 494682 109 2
[RUN] 251 95754 494684 111 2
[RUN] 252 95754 494682 109 2
[RUN] 253 95754 494682 109 2
[RUN] 254 95754 494684 111 2
[RUN] 255 95754 494682 109 2
[RUN] 256 95754 494682 109 2
[RUN] 257 95754 494684 111 2
[RUN] 258 95754 494682 109 2
[RUN] 259 95754 494682 109 2
[RUN] 260 95754 494684 111 2
[RUN] 261 95754 494682 109 2
[RUN] 262 95754 494682 109 2
[RUN] 263 95754 494684 111 2
[RUN] 264 95754 494682 109 2
[RUN] 265 95754 494682 109 2
[RUN] 266 95754 494684 111 2
[RUN] 267 95754 494682 109 2
[RUN] 268 95754 494682 109 2
[RUN] 269 95754 494684 111 2
[RUN] 270 95754 494682 109 2
[RUN] 271 95754 494682 109 2
[RUN] 272 95754 494684 111 2
[RUN] 273 95754 494682 109 2
[RUN] 274 95754 494682 109 2
[RUN] 275 95754 494684 111 2
[RUN] 276 95754 494682 109 2
[RUN] 277 95754 494682 109 2
[RUN] 278 95754 494684 111 2
[RUN] 279 95754 494682 109 2
[RUN] 280 95754 494682 109 2
[RUN] 281 95754 494684 111 2
[RUN] 282 95754 494682 109 2
[RUN] 283 95754 494682 109 2
[RUN] 284 95754 494684 111 2
[RUN] 285 95754 494682 109 2
[RUN] 286 95754 494682 109 2
[RUN] 287 95754 494684 111 2
[RUN] 288 95754 494682 109 2
[RUN] 289 95754 494682 109 2
[RUN] 290 95754 494684 111 2
[RUN] 291 95754 494682 109 2
[RUN] 292 95754 494682 109 2
[RUN] 293 95754 494684 111 2
[RUN] 294 95754 494682 109 2
[RUN] 295 95754 494682 109 2
[RUN] 296 95754 494684 111 2
[RUN] 297 95754 494682 109 2
[RUN] 298 95754 494682 109 2
[RUN] 299 95754 494684 111 2
[RUN] 300 95754 494682 109 2
[RUN] 301 95754 494682 109 2
[RUN] 302 95754 494684 111 2
[RUN] 303 95754 494682 109 2
[RUN] 304 95754 494682 109 2
[RUN] 305 95754 494684 111 2
[RUN] 306 95754 494682 109 2
[RUN] 307 95754 494682 109 2
[RUN] 308 95754 494684 111 2
[RUN] 309 95754 494682 109 2
[RUN] 310 95754 494682 109 2
[RUN] 311 95754 494684 111 2
[RUN] 312 95754 494682 109 2
[RUN] 313 95754 494682 109 2
[RUN] 314 95754 494684 111 2
[RUN] 315 95754 494682 109 2
[RUN] 316 95754 494682 109 2
[RUN] 317 95755 494684 111 2
[RUN] 318 95754 494682 109 2
[RUN] 319 95754 494682 109 2
[RUN] 320 95755 494684 111 2
[RUN] 321 95754 494682 109 2
[RUN] 322 95754 494682 109 2
[RUN] 323 95754 494684 111 2
[RUN] 324 95754 494682 109 2
[RUN] 325 95754 494682 109 2
[RUN] 326 95754 494684 111 2
[RUN] 327 95754 494682 109 2
[RUN] 328 95754 494682 109 2
[RUN] 329 95754 494684 111 2
[RUN] 330 95754 494682 109 2
[RUN] 331 95754 494682 109 2
[RUN] 332 95754 494684 111 2
[RUN] 333 95754 494682 109 2
[RUN] 334 95754 494682 109 2
[RUN] 335 95754 494684 111 2
[RUN] 336 95754 494682 109 2
[RUN] 337 95754 494682 109 2
[RUN] 338 95754 494684 111 2
[RUN] 339 95754 494682 109 2
[RUN] 340 95754 494682 109 2
[RUN] 341 95754 494684 111 2
[RUN] 342 95754 494682 109 2
[RUN] 343 95754 494682 109 2
[RUN] 344 95754 494684 111 2
[RUN] 345 95754 494682 109 2
[RUN] 346 95754 494682 109 2
[RUN] 347 95754 494684 111 2
[RUN] 348 95754 494682 109 2
[RUN] 349 95754 494682 109 2
[RUN] 350 95754 494684 111 2
[RUN] 351 95754 494682 109 2
[RUN] 352 95754 494682 109 2
[RUN] 353 95754 494684 111 2
[RUN] 354 95754 494682 109 2
[RUN] 355 95754 494682 109 2
[RUN] 356 95754 494684 111 2
[RUN] 357 95754 494682 109 2
[RUN] 358 95755 494682 109 2
[RUN] 359 95754 494684 111 2
[RUN] 360 95754 494682 109 2
[RUN] 361 95754 494682 109 2
[RUN] 362 95754 494684 111 2
[RUN] 363 95754 494682 109 2
[RUN] 364 95754 494682 109 2
[RUN] 365 95755 494684 111 2
[RUN] 366 95754 494682 109 2
[RUN] 367 95754 494682 109 2
[RUN] 368 95754 494684 111 2
[RUN] 369 95754 494682 109 2
[RUN] 370 95754 494682 109 2
[RUN] 371 95754 494684 111 2
[RUN] 372 95754 494682 109 2
[RUN] 373 95754 494682 109 2
[RUN] 374 95754 494684 111 2
[RUN] 375 95755 494682 109 2
[RUN] 376 95754 494682 109 2
[RUN] 377 95754 494684 111 2
[RUN] 378 95754 494682 109 2
[RUN] 379 95754 494682 109 2
[RUN] 380 95754 494684 111 2
[RUN] 381 95754 494682 109 2
[RUN] 382 95754 494682 109 2
[RUN] 383 95754 494684 111 2
[RUN] 384 95754 494682 109 2
[RUN] 385 95754 494682 109 2
[RUN] 386 95755 494684 111 2
[RUN] 387 95755 494682 109 2
[RUN] 388 95754 494682 109 2
[RUN] 389 95754 494684 111 2
[RUN] 390 95754 494682 109 2
[RUN] 391 95754 494682 109 2
[RUN] 392 95754 494684 111 2
[RUN] 393 95754 494682 109 2
[RUN] 394 95754 494682 109 2
[RUN] 395 95754 494684 111 2
[RUN] 396 95754 494682 109 2
[RUN] 397 95754 494682 109 2
[RUN] 398 95754 494684 111 2
[RUN] 399 95754 494682 109 2
[RUN] 400 95754 494682 109 2
[RUN] 401 95754 494684 111 2
[RUN] 402 95754 494682 109 2
[RUN] 403 95754 494682 109 2
[RUN] 404 95754 494684 111 2
[RUN] 405 95754 494682 109 2
[RUN] 406 95754 494682 109 2
[RUN] 407 95754 494684 111 2
[RUN] 408 95754 494682 109 2
[RUN] 409 95754 494682 109 2
[RUN] 410 95754 494684 111 2
[RUN] 411 95754 494682 109 2
[RUN] 412 95754 494682 109 2
[RUN] 413 95754 494684 111 2
[RUN] 414 95754 494682 109 2
[RUN] 415 95754 494682 109 2
[RUN] 416 95754 494684 111 2
[RUN] 417 95754 494682 109 2
[RUN] 418 95754 494682 109 2
[RUN] 419 95754 494684 111 2
[RUN] 420 95754 494682 109 2
[RUN] 421 95754 494682 109 2
[RUN] 422 95754 494684 111 2
[RUN] 423 95754 494682 109 2
[RUN] 424 95754 494682 109 2
[RUN] 425 95754 494684 111 2
[RUN] 426 95754 494682 109 2
[RUN] 427 95754 494682 109 2
[RUN] 428 95754 494684 111 2
[RUN] 429 95754 494682 109 2
[RUN] 430 95754 494682 109 2
[RUN] 431 95754 494684 111 2
[RUN] 432 95754 494682 109 2
[RUN] 433 95754 494682 109 2
[RUN] 434 95754 494684 111 2
[RUN] 435 95754 494682 109 2
[RUN] 436 95754 494682 109 2
[RUN] 437 95754 494684 111 2
[RUN] 438 95754 494682 109 2
[RUN] 439 95754 494682 109 2
[RUN] 440 95754 494684 111 2
[RUN] 441 95754 494682 109 2
[RUN] 442 95754 494682 109 2
[RUN] 443 95754 494684 111 2
[RUN] 444 95755 494682 109 2
[RUN] 445 95754 494682 109 2
[RUN] 446 95754 494684 111 2
[RUN] 447 95754 494682 109 2
[RUN] 448 95754 494682 109 2
[RUN] 449 95754 494684 111 2
[RUN] 450 95754 494682 109 2
[RUN] 451 95754 494682 109 2
[RUN] 452 95754 494684 111 2
[RUN] 453 95754 494682 109 2
[RUN] 454 95754 494682 109 2
[RUN] 455 95754 494684 111 2
[RUN] 456 95754 494682 109 2
[RUN] 457 95754 494682 109 2
[RUN] 458 95754 494684 111 2
[RUN] 459 95754 494682 109 2
[RUN] 460 95754 494682 109 2
[RUN] 461 95754 494684 111 2
[RUN] 462 95754 494682 109 2
[RUN] 463 95754 494682 109 2
[RUN] 464 95754 494684 111 2
[RUN] 465 95754 494682 109 2
[RUN] 466 95754 494682 109 2
[RUN] 467 95755 494684 111 2
[RUN] 468 95754 494682 109 2
[RUN] 469 95754 494682 109 2
[RUN] 470 95754 494684 111 2
[RUN] 471 95754 494682 109 2
[RUN] 472 95754 494682 109 2
[RUN] 473 95754 494684 111 2
[RUN] 474 95754 494682 109 2
[RUN] 475 95754 494682 109 2
[RUN] 476 95754 494684 111 2
[RUN] 477 95754 494682 109 2
[RUN] 478 95754 494682 109 2
[RUN] 479 95754 494684 111 2
[RUN] 480 95754 494682 109 2
[RUN] 481 95754 494682 109 2
[RUN] 482 95754 494684 111 2
[RUN] 483 95754 494682 109 2
[RUN] 484 95754 494682 109 2
[RUN] 485 95754 494684 111 2
[RUN] 486 95755 494682 109 2
[RUN] 487 95754 494682 109 2
[RUN] 488 95754 494684 111 2
[RUN] 489 95754 494682 109 2
[RUN] 490 95754 494682 109 2
[RUN] 491 95754 494684 111 2
[RUN] 492 95754 494682 109 2
[RUN] 493 95754 494682 109 2
[RUN] 494 95754 494684 111 2
[RUN] 495 95754 494682 109 2
[RUN] 496 95754 494682 109 2
[RUN] 497 95754 494684 111 2
[RUN] 498 95754 494682 109 2
[RUN] 499 95754 494682 109 2
[RUN] 500 95754 494684 111 2
[RUN] 501 95754 494682 109 2
[RUN] 502 95754 494682 109 2
[RUN] 503 95754 494684 111 2
[RUN] 504 95754 494682 109 2
[RUN] 505 95754 494682 109 2
[RUN] 506 95754 494684 111 2
[RUN] 507 95754 494682 109 2
[RUN] 508 95755 494682 109 2
[RUN] 509 95754 494684 111 2
[RUN] 510 95754 494682 109 2
[RUN] 511 95754 494682 109 2
[RUN] 512 95754 494684 111 2
[RUN] 513 95754 494682 109 2
[RUN] 514 95754 494682 109 2
[RUN] 515 95754 494684 111 2
[RUN] 516 95754 494682 109 2
[RUN] 517 95754 494682 109 2
[RUN] 518 95754 494684 111 2
[RUN] 519 95754 494682 109 2
[RUN] 520 95754 494682 109 2
[RUN] 521 95754 494684 111 2
[RUN] 522 95754 494682 109 2
[RUN] 523 95754 494682 109 2
[RUN] 524 95754 494684 111 2
[RUN] 525 95754 494682 109 2
[RUN] 526 95754 494682 109 2
[RUN] 527 95754 494684 111 2
[RUN] 528 95754 494682 109 2
[RUN] 529 95754 494682 109 2
[RUN] 530 95754 494684 111 2
[RUN] 531 95754 494682 109 2
[RUN] 532 95755 494682 109 2
[RUN] 533 95754 494684 111 2
[RUN] 534 95754 494682 109 2
[RUN] 535 95754 494682 109 2
[RUN] 536 95754 494684 111 2
[RUN] 537 95754 494682 109 2
[RUN] 538 95754 494682 109 2
[RUN] 539 95754 494684 111 2
[RUN] 540 95754 494682 109 2
[RUN] 541 95754 494682 109 2
[RUN] 542 95754 494684 111 2
[RUN] 543 95754 494682 109 2
[RUN] 544 95754 494682 109 2
[RUN] 545 95754 494684 111 2
[RUN] 546 95754 494682 109 2
[RUN] 547 95754 494682 109 2
[RUN] 548 95754 494684 111 2
[RUN] 549 95754 494682 109 2
[RUN] 550 95754 494682 109 2
[RUN] 551 95754 494684 111 2
[RUN] 552 95754 494682 109 2
[RUN] 553 95754 494682 109 2
[RUN] 554 95754 494684 111 2
[RUN] 555 95754 494682 109 2
[RUN] 556 95754 494682 109 2
[RUN] 557 95754 494684 111 2
[RUN] 558 95754 494682 109 2
[RUN] 559 95754 494682 109 2
[RUN] 560 95754 494684 111 2
[RUN] 561 95754 494682 109 2
[RUN] 562 95754 494682 109 2
[RUN] 563 95754 494684 111 2
[RUN] 564 95754 494682 109 2
[RUN] 565 95754 494682 109 2
[RUN] 566 95754 494684 111 2
[RUN] 567 95754 494682 109 2
[RUN] 568 95754 494682 109 2
[RUN] 569 95754 494684 111 2
[RUN] 570 95754 494682 109 2
[RUN] 571 95754 494682 109 2
[RUN] 572 95754 494684 111 2
[RUN] 573 95754 494682 109 2
[RUN] 574 95754 494682 109 2
[RUN] 575 95754 494684 111 2
[RUN] 576 95754 494682 109 2
[RUN] 577 95754 494682 109 2
[RUN] 578 95754 494684 111 2
[RUN] 579 95755 494682 109 2
[RUN] 580 95754 494682 109 2
[RUN] 581 95754 494684 111 2
[RUN] 582 95754 494682 109 2
[RUN] 583 95754 494682 109 2
[RUN] 584 95754 494684 111 2
[RUN] 585 95754 494682 109 2
[RUN] 586 95754 494682 109 2
[RUN] 587 95754 494684 111 2
[RUN] 588 95754 494682 109 2
[RUN] 589 95754 494682 109 2
[RUN] 590 95754 494684 111 2
[RUN] 591 95755 494682 109 2
[RUN] 592 95754 494682 109 2
[RUN] 593 95754 494684 111 2
[RUN] 594 95754 494682 109 2
[RUN] 595 95754 494682 109 2
[RUN] 596 95754 494684 111 2
[RUN] 597 95754 494682 109 2
[RUN] 598 95754 494682 109 2
[RUN] 599 95754 494684 111 2
[RUN] 600 95754 494682 109 2
[RUN] 601 95754 494682 109 2
[RUN] 602 95754 494684 111 2
[RUN] 603 95754 494682 109 2
[RUN] 604 95754 494682 109 2
[RUN] 605 95754 494684 111 2
[RUN] 606 95754 494682 109 2
[RUN] 607 95754 494682 109 2
[RUN] 608 95754 494684 111 2
[RUN] 609 95754 494682 109 2
[RUN] 610 95754 494682 109 2
[RUN] 611 95754 494684 111 2
[RUN] 612 95754 494682 109 2
[RUN] 613 95754 494682 109 2
[RUN] 614 95754 494684 111 2
[RUN] 615 95754 494682 109 2
[RUN] 616 95754 494682 109 2
[RUN] 617 95754 494684 111 2
[RUN] 618 95754 494682 109 2
[RUN] 619 95754 494682 109 2
[RUN] 620 95754 494684 111 2
[RUN] 621 95754 494682 109 2
[RUN] 622 95754 494682 109 2
[RUN] 623 95754 494684 111 2
[RUN] 624 95754 494682 109 2
[RUN] 625 95754 494682 109 2
[RUN] 626 95754 494684 111 2
[RUN] 627 95754 494682 109 2
[RUN] 628 95754 494682 109 2
[RUN] 629 95754 494684 111 2
[RUN] 630 95754 494682 109 2
[RUN] 631 95754 494682 109 2
[RUN] 632 95754 494684 111 2
[RUN] 633 95754 494682 109 2
[RUN] 634 95754 494682 109 2
[RUN] 635 95754 494684 111 2
[RUN] 636 95754 494682 109 2
[RUN] 637 95754 494682 109 2
[RUN] 638 95754 494684 111 2
[RUN] 639 95754 494682 109 2
[RUN] 640 95754 494682 109 2
[RUN] 641 95754 494684 111 2
[RUN] 642 95754 494682 109 2
[RUN] 643 95754 494682 109 2
[RUN] 644 95754 494684 111 2
[RUN] 645 95754 494682 109 2
[RUN] 646 95754 494682 109 2
[RUN] 647 95754 494684 111 2
[RUN] 648 95754 494682 109 2
[RUN] 649 95754 494682 109 2
[RUN] 650 95754 494684 111 2
[RUN] 651 95754 494682 109 2
[RUN] 652 95754 494682 109 2
[RUN] 653 95754 494684 111 2
[RUN] 654 95754 494682 109 2
[RUN] 655 95754 494682 109 2
[RUN] 656 95754 494684 111 2
[RUN] 657 95754 494682 109 2
[RUN] 658 95754 494682 109 2
[RUN] 659 95754 494684 111 2
[RUN] 660 95754 494682 109 2
[RUN] 661 95754 494682 109 2
[RUN] 662 95754 494684 111 2
[RUN] 663 95754 494682 109 2
[RUN] 664 95754 494682 109 2
[RUN] 665 95754 494684 111 2
[RUN] 666 95754 494682 109 2
[RUN] 667 95754 494682 109 2
[RUN] 668 95754 494684 111 2
[RUN] 669 95754 494682 109 2
[RUN] 670 95754 494682 109 2
[RUN] 671 95754 494684 111 2
[RUN] 672 95754 494682 109 2
[RUN] 673 95754 494682 109 2
[RUN] 674 95754 494684 111 2
[RUN] 675 95754 494682 109 2
[RUN] 676 95754 494682 109 2
[RUN] 677 95754 494684 111 2
[RUN] 678 95754 494682 109 2
[RUN] 679 95754 494682 109 2
[RUN] 680 95754 494684 111 2
[RUN] 681 95754 494682 109 2
[RUN] 682 95754 494682 109 2
[RUN] 683 95754 494684 111 2
[RUN] 684 95754 494682 109 2
[RUN] 685 95754 494682 109 2
[RUN] 686 95754 494684 111 2
[RUN] 687 95754 494682 109 2
[RUN] 688 95754 494682 109 2
[RUN] 689 95754 494684 111 2
[RUN] 690 95755 494682 109 2
[RUN] 691 95754 494682 109 2
[RUN] 692 95754 494684 111 2
[RUN] 693 95754 494682 109 2
[RUN] 694 95754 494682 109 2
[RUN] 695 95754 494684 111 2
[RUN] 696 95754 494682 109 2
[RUN] 697 95754 494682 109 2
[RUN] 698 95754 494684 111 2
[RUN] 699 95754 494682 109 2
[RUN] 700 95754 494682 109 2
[RUN] 701 95754 494684 111 2
[RUN] 702 95754 494682 109 2
[RUN] 703 95754 494682 109 2
[RUN] 704 95754 494684 111 2
[RUN] 705 95754 494682 109 2
[RUN] 706 95754 494682 109 2
[RUN] 707 95754 494684 111 2
[RUN] 708 95754 494682 109 2
[RUN] 709 95754 494682 109 2
[RUN] 710 95754 494684 111 2
[RUN] 711 95754 494682 109 2
[RUN] 712 95754 494682 109 2
[RUN] 713 95755 494684 111 2
[RUN] 714 95754 494682 109 2
[RUN] 715 95754 494682 109 2
[RUN] 716 95754 494684 111 2
[RUN] 717 95754 494682 109 2
[RUN] 718 95754 494682 109 2
[RUN] 719 95754 494684 111 2
[RUN] 720 95754 494682 109 2
[RUN] 721 95754 494682 109 2
[RUN] 722 95754 494684 111 2
[RUN] 723 95754 494682 109 2
[RUN] 724 95754 494682 109 2
[RUN] 725 95754 494684 111 2
[RUN] 726 95754 494682 109 2
[RUN] 727 95754 494682 109 2
[RUN] 728 95754 494684 111 2
[RUN] 729 95754 494682 109 2
[RUN] 730 95754 494682 109 2
[RUN] 731 95754 494684 111 2
[RUN] 732 95754 494682 109 2
[RUN] 733 95754 494682 109 2
[RUN] 734 95754 494684 111 2
[RUN] 735 95754 494682 109 2
[RUN] 736 95754 494682 109 2
[RUN] 737 95754 494684 111 2
[RUN] 738 95754 494682 109 2
[RUN] 739 95754 494682 109 2
[RUN] 740 95754 494684 111 2
[RUN] 741 95754 494682 109 2
[RUN] 742 95754 494682 109 2
[RUN] 743 95754 494684 111 2
[RUN] 744 95754 494682 109 2
[RUN] 745 95754 494682 109 2
[RUN] 746 95754 494684 111 2
[RUN] 747 95754 494682 109 2
[RUN] 748 95754 494682 109 2
[RUN] 749 95754 494684 111 2
[RUN] 750 95754 494682 109 2
[RUN] 751 95754 494682 109 2
[RUN] 752 95754 494684 111 2
[RUN] 753 95755 494682 109 2
[RUN] 754 95754 494682 109 2
[RUN] 755 95754 494684 111 2
[RUN] 756 95754 494682 109 2
[RUN] 757 95754 494682 109 2
[RUN] 758 95754 494684 111 2
[RUN] 759 95754 494682 109 2
[RUN] 760 95754 494682 109 2
[RUN] 761 95754 494684 111 2
[RUN] 762 95754 494682 109 2
[RUN] 763 95754 494682 109 2
[RUN] 764 95754 494684 111 2
[RUN] 765 95755 494682 109 2
[RUN] 766 95754 494682 109 2
[RUN] 767 95754 494684 111 2
[RUN] 768 95755 494682 109 2
[RUN] 769 95754 494682 109 2
[RUN] 770 95754 494684 111 2
[RUN] 771 95754 494682 109 2
[RUN] 772 95754 494682 109 2
[RUN] 773 95754 494684 111 2
[RUN] 774 95754 494682 109 2
[RUN] 775 95754 494682 109 2
[RUN] 776 95754 494684 111 2
[RUN] 777 95754 494682 109 2
[RUN] 778 95754 494682 109 2
[RUN] 779 95754 494684 111 2
[RUN] 780 95754 494682 109 2
[RUN] 781 95754 494682 109 2
[RUN] 782 95754 494684 111 2
[RUN] 783 95754 494682 109 2
[RUN] 784 95754 494682 109 2
[RUN] 785 95754 494684 111 2
[RUN] 786 95754 494682 109 2
[RUN] 787 95754 494682 109 2
[RUN] 788 95754 494684 111 2
[RUN] 789 95754 494682 109 2
[RUN] 790 95754 494682 109 2
[RUN] 791 95754 494684 111 2
[RUN] 792 95754 494682 109 2
[RUN] 793 95754 494682 109 2
[RUN] 794 95754 494684 111 2
[RUN] 795 95754 494682 109 2
[RUN] 796 95754 494682 109 2
[RUN] 797 95754 494684 111 2
[RUN] 798 95754 494682 109 2
[RUN] 799 95754 494682 109 2
[RUN] 800 95754 494684 111 2
[RUN] 801 95754 494682 109 2
[RUN] 802 95754 494682 109 2
[RUN] 803 95754 494684 111 2
[RUN] 804 95754 494682 109 2
[RUN] 805 95754 494682 109 2
[RUN] 806 95754 494684 111 2
[RUN] 807 95754 494682 109 2
[RUN] 808 95754 494682 109 2
[RUN] 809 95754 494684 111 2
[RUN] 810 95754 494682 109 2
[RUN] 811 95754 494682 109 2
[RUN] 812 95754 494684 111 2
[RUN] 813 95754 494682 109 2
[RUN] 814 95754 494682 109 2
[RUN] 815 95754 494684 111 2
[RUN] 816 95754 494682 109 2
[RUN] 817 95754 494682 109 2
[RUN] 818 95754 494684 111 2
[RUN] 819 95754 494682 109 2
[RUN] 820 95754 494682 109 2
[RUN] 821 95754 494684 111 2
[RUN] 822 95754 494682 109 2
[RUN] 823 95754 494682 109 2
[RUN] 824 95754 494684 111 2
[RUN] 825 95754 494682 109 2
[RUN] 826 95754 494682 109 2
[RUN] 827 95754 494684 111 2
[RUN] 828 95754 494682 109 2
[RUN] 829 95754 494682 109 2
[RUN] 830 95754 494684 111 2
[RUN] 831 95754 494682 109 2
[RUN] 832 95754 494682 109 2
[RUN] 833 95754 494684 111 2
[RUN] 834 95755 494682 109 2
[RUN] 835 95754 494682 109 2
[RUN] 836 95754 494684 111 2
[RUN] 837 95754 494682 109 2
[RUN] 838 95754 494682 109 2
[RUN] 839 95754 494684 111 2
[RUN] 840 95754 494682 109 2
[RUN] 841 95754 494682 109 2
[RUN] 842 95754 494684 111 2
[RUN] 843 95754 494682 109 2
[RUN] 844 95754 494682 109 2
[RUN] 845 95754 494684 111 2
[RUN] 846 95754 494682 109 2
[RUN] 847 95754 494682 109 2
[RUN] 848 95754 494684 111 2
[RUN] 849 95754 494682 109 2
[RUN] 850 95754 494682 109 2
[RUN] 851 95754 494684 111 2
[RUN] 852 95754 494682 109 2
[RUN] 853 95754 494682 109 2
[RUN] 854 95754 494684 111 2
[RUN] 855 95754 494682 109 2
[RUN] 856 95754 494682 109 2
[RUN] 857 95754 494684 111 2
[RUN] 858 95754 494682 109 2
[RUN] 859 95754 494682 109 2
[RUN] 860 95754 494684 111 2
[RUN] 861 95754 494682 109 2
[RUN] 862 95754 494682 109 2
[RUN] 863 95754 494684 111 2
[RUN] 864 95754 494682 109 2
[RUN] 865 95754 494682 109 2
[RUN] 866 95754 494684 111 2
[RUN] 867 95754 494682 109 2
[RUN] 868 95754 494682 109 2
[RUN] 869 95754 494684 111 2
[RUN] 870 95754 494682 109 2
[RUN] 871 95754 494682 109 2
[RUN] 872 95754 494684 111 2
[RUN] 873 95754 494682 109 2
[RUN] 874 95754 494682 109 2
[RUN] 875 95754 494684 111 2
[RUN] 876 95754 494682 109 2
[RUN] 877 95754 494682 109 2
[RUN] 878 95754 494684 111 2
[RUN] 879 95754 494682 109 2
[RUN] 880 95754 494682 109 2
[RUN] 881 95754 494684 111 2
[RUN] 882 95754 494682 109 2
[RUN] 883 95754 494682 109 2
[RUN] 884 95754 494684 111 2
[RUN] 885 95754 494682 109 2
[RUN] 886 95754 494682 109 2
[RUN] 887 95754 494684 111 2
[RUN] 888 95754 494682 109 2
[RUN] 889 95754 494682 109 2
[RUN] 890 95754 494684 111 2
[RUN] 891 95754 494682 109 2
[RUN] 892 95754 494682 109 2
[RUN] 893 95754 494684 111 2
[RUN] 894 95754 494682 109 2
[RUN] 895 95754 494682 109 2
[RUN] 896 95754 494684 111 2
[RUN] 897 95754 494682 109 2
[RUN] 898 95754 494682 109 2
[RUN] 899 95754 494684 111 2
[RUN] 900 95754 494682 109 2
[RUN] 901 95754 494682 109 2
[RUN] 902 95754 494684 111 2
[RUN] 903 95754 494682 109 2
[RUN] 904 95754 494682 109 2
[RUN] 905 95754 494684 111 2
[RUN] 906 95754 494682 109 2
[RUN] 907 95754 494682 109 2
[RUN] 908 95754 494684 111 2
[RUN] 909 95754 494682 109 2
[RUN] 910 95754 494682 109 2
[RUN] 911 95754 494684 111 2
[RUN] 912 95754 494682 109 2
[RUN] 913 95754 494682 109 2
[RUN] 914 95754 494684 111 2
[RUN] 915 95754 494682 109 2
[RUN] 916 95754 494682 109 2
[RUN] 917 95754 494684 111 2
[RUN] 918 95754 494682 109 2
[RUN] 919 95754 494682 109 2
[RUN] 920 95754 494684 111 2
[RUN] 921 95754 494682 109 2
[RUN] 922 95754 494682 109 2
[RUN] 923 95754 494684 111 2
[RUN] 924 95754 494682 109 2
[RUN] 925 95754 494682 109 2
[RUN] 926 95754 494684 111 2
[RUN] 927 95754 494682 109 2
[RUN] 928 95754 494682 109 2
[RUN] 929 95754 494684 111 2
[RUN] 930 95754 494682 109 2
[RUN] 931 95754 494682 109 2
[RUN] 932 95754 494684 111 2
[RUN] 933 95754 494682 109 2
[RUN] 934 95754 494682 109 2
[RUN] 935 95754 494684 111 2
[RUN] 936 95754 494682 109 2
[RUN] 937 95754 494682 109 2
[RUN] 938 95754 494684 111 2
[RUN] 939 95754 494682 109 2
[RUN] 940 95754 494682 109 2
[RUN] 941 95754 494684 111 2
[RUN] 942 95754 494682 109 2
[RUN] 943 95754 494682 109 2
[RUN] 944 95754 494684 111 2
[RUN] 945 95754 494682 109 2
[RUN] 946 95754 494682 109 2
[RUN] 947 95754 494684 111 2
[RUN] 948 95754 494682 109 2
[RUN] 949 95755 494682 109 2
[RUN] 950 95754 494684 111 2
[RUN] 951 95754 494682 109 2
[RUN] 952 95754 494682 109 2
[RUN] 953 95754 494684 111 2
[RUN] 954 95755 494682 109 2
[RUN] 955 95754 494682 109 2
[RUN] 956 95754 494684 111 2
[RUN] 957 95754 494682 109 2
[RUN] 958 95754 494682 109 2
[RUN] 959 95754 494684 111 2
[RUN] 960 95754 494682 109 2
[RUN] 961 95754 494682 109 2
[RUN] 962 95754 494684 111 2
[RUN] 963 95754 494682 109 2
[RUN] 964 95754 494682 109 2
[RUN] 965 95754 494684 111 2
[RUN] 966 95754 494682 109 2
[RUN] 967 95754 494682 109 2
[RUN] 968 95754 494684 111 2
[RUN] 969 95754 494682 109 2
[RUN] 970 95754 494682 109 2
[RUN] 971 95754 494684 111 2
[RUN] 972 95754 494682 109 2
[RUN] 973 95754 494682 109 2
[RUN] 974 95754 494684 111 2
[RUN] 975 95754 494682 109 2
[RUN] 976 95754 494682 109 2
[RUN] 977 95754 494684 111 2
[RUN] 978 95754 494682 109 2
[RUN] 979 95754 494682 109 2
[RUN] 980 95754 494684 111 2
[RUN] 981 95754 494682 109 2
[RUN] 982 95754 494682 109 2
[RUN] 983 95754 494684 111 2
[RUN] 984 95754 494682 109 2
[RUN] 985 95754 494682 109 2
[RUN] 986 95754 494684 111 2
[RUN] 987 95754 494682 109 2
[RUN] 988 95754 494682 109 2
[RUN] 989 95754 494684 111 2
[RUN] 990 95754 494682 109 2
[RUN] 991 95754 494682 109 2
[RUN] 992 95754 494684 111 2
[RUN] 993 95754 494682 109 2
[RUN] 994 95754 494682 109 2
[RUN] 995 95754 494684 111 2
[RUN] 996 95754 494682 109 2
[RUN] 997 95754 494682 109 2
[RUN] 998 95754 494684 111 2
[RUN] 999 95754 494682 109 2
[BENCH] done
[MEM] stage=after_benchmark free_heap=8570099 min_free_heap=8538068 internal_free=216679 largest_internal_block=135168 psram_total=8388608 psram_free=8353420
[PACKET]
payload_bytes=256
header_bytes=4
total_bytes=260
[READY]
[MODEL]
name=Task-AE_d256_fold1_seed0
d=256
r=8
input=1x64x32
latent=256
dtype=INT8 latent, float32 weights/activations
encoder_params=93704
model_size_bytes=374816
preproc_fold=1
[BOARD]
chip=ESP32-S3 rev=2 cores=2
console=usb_serial_jtag
cpu_mhz=240
flash_bytes=4194304
idf=v5.5.5
compiler=14.2.0
opt=-O2 (perf)
[MEM] stage=info free_heap=8570099 min_free_heap=8538068 internal_free=216679 largest_internal_block=135168 psram_total=8388608 psram_free=8353420
[READY]
[MODEL]
name=Task-AE_d256_fold1_seed0
d=256
r=8
input=1x64x32
latent=256
dtype=INT8 latent, float32 weights/activations
encoder_params=93704
model_size_bytes=374816
preproc_fold=1
[BOARD]
chip=ESP32-S3 rev=2 cores=2
console=usb_serial_jtag
cpu_mhz=240
flash_bytes=4194304
idf=v5.5.5
compiler=14.2.0
opt=-O2 (perf)
[MEM] stage=info free_heap=8570099 min_free_heap=8538068 internal_free=216679 largest_internal_block=135168 psram_total=8388608 psram_free=8353420
[READY]
[MODEL]
name=Task-AE_d256_fold1_seed0
d=256
r=8
input=1x64x32
latent=256
dtype=INT8 latent, float32 weights/activations
encoder_params=93704
model_size_bytes=374816
preproc_fold=1
[BOARD]
chip=ESP32-S3 rev=2 cores=2
console=usb_serial_jtag
cpu_mhz=240
flash_bytes=4194304
idf=v5.5.5
compiler=14.2.0
opt=-O2 (perf)
[MEM] stage=info free_heap=8570099 min_free_heap=8538068 internal_free=216679 largest_internal_block=135168 psram_total=8388608 psram_free=8353420
[READY]
[MODEL]
name=Task-AE_d256_fold1_seed0
d=256
r=8
input=1x64x32
latent=256
dtype=INT8 latent, float32 weights/activations
encoder_params=93704
model_size_bytes=374816
preproc_fold=1
[BOARD]
chip=ESP32-S3 rev=2 cores=2
console=usb_serial_jtag
cpu_mhz=240
flash_bytes=4194304
idf=v5.5.5
compiler=14.2.0
opt=-O2 (perf)
[MEM] stage=info free_heap=8570099 min_free_heap=8538068 internal_free=216679 largest_internal_block=135168 psram_total=8388608 psram_free=8353420
[READY]
[MODEL]
name=Task-AE_d256_fold1_seed0
d=256
r=8
input=1x64x32
latent=256
dtype=INT8 latent, float32 weights/activations
encoder_params=93704
model_size_bytes=374816
preproc_fold=1
[BOARD]
chip=ESP32-S3 rev=2 cores=2
console=usb_serial_jtag
cpu_mhz=240
flash_bytes=4194304
idf=v5.5.5
compiler=14.2.0
opt=-O2 (perf)
[MEM] stage=info free_heap=8570099 min_free_heap=8538068 internal_free=216679 largest_internal_block=135168 psram_total=8388608 psram_free=8353420
[READY]
[MODEL]
name=Task-AE_d256_fold1_seed0
d=256
r=8
input=1x64x32
latent=256
dtype=INT8 latent, float32 weights/activations
encoder_params=93704
model_size_bytes=374816
preproc_fold=1
[BOARD]
chip=ESP32-S3 rev=2 cores=2
console=usb_serial_jtag
cpu_mhz=240
flash_bytes=4194304
idf=v5.5.5
compiler=14.2.0
opt=-O2 (perf)
[MEM] stage=info free_heap=8570099 min_free_heap=8538068 internal_free=216679 largest_internal_block=135168 psram_total=8388608 psram_free=8353420
[READY]
[PKT] seq=0 mode=L bytes=260 pkt=010200011a149293294f8f920e2090960340929805d79299fe269498cc0f92974e6694990d160708f2460e011c420b01160b1002f25b0b0223540802322e05021e4e0d023d27bbbc2630bdb71629c1bc1d49c6be2f5fc6be5923c1be5838bfbc6301c9c2c5c02f2cfabb322dc9b9312ac1b52827cbcc2e27c8e92d27e9ba332945d12424edfd505405d93f3f07f43a3c1bd2403a07023a3bce14373bcd18373ec4f53737cffe161fd9f90c1fe6eb091dcbd2051cd1d8061dba2d101dc503131fa52407191ca5bebb17c3c0bbf8b7c0bffb9bcac11cb6c1c26bf2c3c265c7bdc06a00c7c4e2fc060b020a0e0fed140d0fe9090f0ef1501010ad370c0f9f090c0fb93b0a0a pre_us=0 enc_us=494875 q_us=120 pkt_us=2
[PKT] seq=1 mode=L bytes=260 pkt=0102000101e0f28bf7061a88e0e2e387c4b8fa86baeb0e85d94ad385a1d0b785cb410e84f8ea1ffdf7fe4c020aec4b0718e23d020f1552fecb1a4bfd11f92bffe00552fd1f3efda2f8291a9d0313209df918e79afe1cbf980d59da98fe4fb997f24c9997f7eed44d2002f14f2c1eda4b0c21d04f0422b64f3cf7b64ffa23cc4c421d054ef4fb2f570aeb373c030c46450ffe464e0f014652fef129531606585af70e3e5a03ebde2a19f9d3262806de2512e2fd2e10ba20332bbcf43011bd1e341bb842320a09a8a5043dd39e0135ae9e1148b29d0f38bb9d2216a09c1e09949d2845c69d07000108130118031c023c060ad4250908a52e0c34e8340f0ec12b12edee5313 pre_us=0 enc_us=494866 q_us=114 pkt_us=2
[PKT] seq=2 mode=L bytes=260 pkt=01020001c2c4e5acc5da43cfd5ca0caedca501b1f29d469e15b63092d78afc94f68f5d891beeef1524db1f4117dd1c1d25d428331dc8ff28069059210fce0d16239c4f18d43837c0c40f2fafc21a1b9ac50f2095d3153692fd274a94af1a2a8bd5283892e5f306ded11707ccc5161f13b624f500ad25e11093250d2ad3214239974c0d394debfb614cf3fc4740f8f75c3afcfb5e29f7ec5b13c1ff5954d50c602bc0fc5709d9eb2602fbe717f9e8de33f3ece63ff1eed33dc9ce13260beffc46cfeefb34bc11f09dba012ab1aff409a9b3f317b1b70acfaccb54399d9a2bcaabb13b339d24ebe43c311e01492c15ce441e05bf5405f8cd40ee05ea2418bcbe21f8c6ee0e pre_us=0 enc_us=494858 q_us=111 pkt_us=2
[PKT] seq=3 mode=L bytes=260 pkt=01020001f4f9ab8df730a58ce505a38cde0d9e8bc2539e8bb92c9f8a9a30a78aba669b89fdf60808ef1b38ff0d201a000a223700f7f32e009e3c20fff7f410ffbb3517ff2036b3b20138b5ac0a2eacac0a3eb9aa0e53aca94364a4a91c2b95a7314ba0a9eff411352bec0037120121380de7fe390cdd0f3a45f51e3bfc432b3d41f8153b00f1675c0cf957480702504911e4524a15ff554cdd10514bdbfa524edb084e4bf2ed452609e137250cda4225f8e73626ecbd2327c9fb2a2705de452900e630251c04b7b2182ad0b00a26b5b109fabeb02bcac3af613cbbae5207c0ac5c37c4adfcf73c0d09f5521201d3481303bc4e13ebfe4514f6213413d4cb2314011b2010 pre_us=0 enc_us=494859 q_us=113 pkt_us=1
[PKT] seq=4 mode=L bytes=260 pkt=0102000104f3da8b0522d68ae5fdb88adae4de88c639ba88d928a587a4e0aa87cf50a986fcf21008ef1934ffef1719ff031b36fff12533ff9e4820fff4ff0fffbb3a17fe2730d2ae0338c3a80520baa60318a8a41548aba32d66aea2263f93a01b4e95a1eefab9391501b23c0b0aca3d00fdbd4015fffb414ffcef42163f22444dfb0d43f4f7455f05f3404c0cf8524efe024950eed04451c6fb5151d9ff5854d6f75353f3f502280bea02270efa17290ae4262a1de4182b11f40d2b1ded422d28ef392a11029eaf0b2bb0ad0a1aa1ac172db9aa2dd6a8a85b47a2a744fcada65043b8a501f3260e15f22f141cdb19150ba9371606b8441623f62915f8c6231711031912 pre_us=0 enc_us=494862 q_us=113 pkt_us=1
[PKT] seq=5 mode=L bytes=260 pkt=01020001e8eaee8af921f088ea09df87cfdaed86bb1ac985c038aa85a200b685c551ae84f9f71505f70646020c043cff05f936fe062030feaf251bfd07ef2efedb3624fd1538eea80438d5a40621b9a20430af9e0c50a29d3b6fa29c225c969b164d909bf4edbd411c05c1431612b6421affbd46101bc9485610f6490d23f54a2017164b01fd2e5f09f9374c07fd46520ff547550ada5156deea5756ea066259e90a5a59ffefe9280cec03261bf5122b15e51b2e08c32a2e14cb272f19c4463004f14a2f180397ab1630a9a60819aaa6132fa9a43002a4a25d3199a14d17ac9f503cc49f02ef13090f052e0f1301321511d72917eebc201628140d15f3f53e17f3253115 pre_us=0 enc_us=494861 q_us=112 pkt_us=2
[PKT] seq=6 mode=L bytes=260 pkt=01020001e6eae88af929ec89e5fce688bef2cf87d032cf86ce29a786a7f7a786f04fa685f6f2140800083fff010131ff0d1729ff11e12cfedc3f20fe13fc26fed9351ffd1d37e4ab042ed2a50c23c2a4f825a3a1104ca29f4862a99f3a579b9d3b2c919d07edb23c2a00a63f2cfeb0410ffdc14404cfc1453411e646001dfd4834ef0f48f8fe3260f9fb364d05f742500cec5553eced4a55b00a4e55c2fe5957ce0e5a5605f1ef2a1ceefe2917f7062a0ad71d2c0db80f2df4df0b2d0bd6262fecff3f2d1bf799ad0820ada90522a8a9000da5a61bd2a5a4580f9fa44c049ea24d2cbda1fdf01e0c0409251201f52016f4b81217e7e30f16bf1f0916badd1d18f3032013 pre_us=0 enc_us=494862 q_us=113 pkt_us=2
[PKT] seq=7 mode=L bytes=260 pkt=01020001fee8cf8a102be48803facb88f4eccd86d51ecc86e908be85b4eba385d84ab68500e90e08e6063dfff9fd2cfff8202ffff8122bfea33d20feebf91cfeba1f32fd243ee6abf832c7a4fa29bca204239f9f1543a49d3455a29d123f9c9b1434929bd2f7aa3cf713a33f051bbb42f1f9c345e60cc2470b0dee48de3e004a030cee4af2fa406206ed3d4f0ce9555211f05555fece4756d9f74e56e2eb6059e0066359f7e5ed2b02f0022afffa0f2cfcdb242e01d60f2ed4f80a2efee72e3004f7472e16f397acfe30b0a9ed20a6a8fa29aba41ee59da3532f98a2351599a04236bea005eb260f19fe23150bee2e170cae221802b217181ec21917f2bf211920023d15 pre_us=0 enc_us=494863 q_us=112 pkt_us=2
[PKT] seq=8 mode=L bytes=260 pkt=01020001f3e4ff9a00210492f1e4db89d5b8f786c3def187e82aa986a8b6aa85cf3dc384f7f013f0f80137fe08fc260105de400203112300b21116000ce52900d72d30fe1b431296fe3d0f920f2af8991e1cd4970b39a0952870b295155ca09619639296eee6f24d150ceb412811b64b12e7fe4d1712064d57da1a4d02fe004c03ff074ff7fe095bf5f53951f90d394d07083451fdf85256d6ee4557df14645bcd15595b04e4e7481feaf54331ece43132e5023524b8353c2daf153836b93b3532c0483510fcd7a8fc2ddcafee20aba20436b09d181dc69f2e129b9e2dfaa79d3130d89c06f70a0a0e0c290118feff0735f8220609b40b0c300cfb0dfeed3a1111363f12 pre_us=0 enc_us=494863 q_us=113 pkt_us=1
[PKT] seq=9 mode=L bytes=260 pkt=01020001f5daff8c001c0389e7f9fa88cabdf387c0f6f287d125ce86aeb5ad85bc2dc185fbf921fef705460202fb310202eb33fffc2831ffa41216fdfcfd1f00d6262afd2046fda5fc3f0ea10520e8a00227d69d023bb29a276eab9a0a42979bfe57949af5dadd49240fe94a141ac2470604d64d0617d24b53ec014c01250e482805054bf5fc2155fdf5393d0b043b471dfb434c14f0454ed7f0384e03246056f108565502e2d7281ceae72416f2ee2907e4042c0bba163236b508302ccf463022c83e31130ba9a80633c1a1f625ada20843aaa00719b19f351f999f1909a59f2f28caa0ffe3040a14081804170410071bec16090fadfb0a3d14d70c1b0e201002292610 pre_us=0 enc_us=494862 q_us=113 pkt_us=2
[PKT] seq=10 mode=L bytes=260 pkt=01020001f3d50c9ffd0d1b98d5fa148bccc4f087b8c20c86ea1bd085a7cec384b51ebe83fbfcfb19f8fa1b1b07fd32100acf36180be62f19b1ef201609e8400de60e3804193f1da2fb372594eb15f990fd231b90002abc8f2871c6900c58af8f105b918fe9da08211812ec2c2906d04afe04f6431102f7494ff1234a080de95034090154fa000368fef40b60240b245d10eb32630c0c3c66d1093961000c5e65f119606604e0e1481debf63e1ffaf23b0ae3fb3d1bba2b3a3998263b36ad323d27b94b3b0c0ad8affd31f0beee25daa4ff26c69d0a3bde9e1316ac9a070bac983916c49504e3f94f160914321f0a0a1419f930150dc31e1f3100001afdf34817f13b4d16 pre_us=0 enc_us=494861 q_us=113 pkt_us=2
[PKT] seq=11 mode=L bytes=260 pkt=01020001fadbfa88111e0e8600fb0686e9cdf785dfe2ef84033cc884c2f3c384cc38c883fff51d05fbfd520502024e03f9dc2bff030d38fdb11829fd01f034fdf01a42fd1e3ffea6fa3408a20323ec9f072ed39a0934ac982371ae970c68a69714549796d9e3ba440719b24a1315aa4bfc0da84eeb17a84f22e7d84ee901c04f2110d350f503205ff9f9244c0dfc31510bed405601f95058cbda3e59ebf45b5cf81c5b5dffe1f22516e8f72112f6f1270aea042f12c121322ba40c3322ac213424ca37320e0196a9f531aaa4e11da6a1f4419c9e093da79d120d919d100f989c2326af9b02eefb0911081d0e13fe2b1119fa131210b0091137e31214f7f328180d3c4b15 pre_us=0 enc_us=494860 q_us=113 pkt_us=1
[PKT] seq=12 mode=L bytes=260 pkt=01020001f6d7d993fd100c9af2d3f789deb00b89cbcd0a85fd3aad85aad2c784ca4afc83f5f308eefcfb1c0ef7ef320deec7370dfcff2d0aad00350d19eb3707cb0364011c422796fc2a248d052c10910d2f008b052bb38d1c6cc88d1054bb8d0761a28eeae5ec4c0c0df1302e0cc14c14fe02471106cb5454ebc84eedfcaa524fdadf57f6ff0563f9f7156217072f5c13ee276407194861daf75465f0005967e2e7516607e6e84920f4f94f29e9db3c0dda074c19be23442dae2d422bc1184238c238400afedf9af52ef7bac808c2a0ee23d0a30940cd981b22b29b18079b982837d4950bf3f4020c0f1a122b0f1f0926fa33110fcb0e0f39113f11f8e834160d256018 pre_us=0 enc_us=494852 q_us=111 pkt_us=2
[PKT] seq=13 mode=L bytes=260 pkt=0102000109e9db8bff1d0988e7cbc689e9c8f987e5fddd87cf14af87a3e5c886be49cb86eb040c04fe0346021fe61d0017062cfe082e21feba1d23fef6df18fece2c10fd2645f7aa0338c6a6112fd6a4142fa6a2172fad9f2262b09f0557989d09618e9f04eebe401f1fd040282fbe3f1e26c242133fef454301f5460943f746301afb46eff7325ef0ff304a03ff524e03144f520ef73351f7f33f5203ff5d55e31a5f54fae4ed2725e4232426f01f2925db372b0cb3272d15c70e2c14bd492e11c5592b122296adf739bca8f3249fa9f84ab3a708099da6491698a43323a4a34b54bea308fa0e09060a270c01f310130ed0231517b2221225fb061204fa2214e8341513 pre_us=0 enc_us=494857 q_us=112 pkt_us=2
[PKT] seq=14 mode=L bytes=260 pkt=0102000100ddc68906180287e7f1c387e9dee785db12d685e70fbc84b9f4d084be4baf8400f60608fa0048fe03ff39ff02fc3cfe023a30fea73e2ffdf80030fdc5363dfd1d3ceea8ff30c7a1072bd09f0639b99b09449f9a226daf991a579f9810709c97dff5ad3ffb1ca943eb1fa546f31ca7490138c94c321fb64c014bbd4e1428c54ff8fb4363fcfc2b510b034e5508f44259ffce425ad7e9425ade084f5ccede615dfbe4f02c0eef032c06f3032e09ea14300dcd113123d6f6311fc11c331fc52e310d0791aaff32b2a6f916a0a4f234a5a101f1a09f371d959e2d10989d4946a39c04ee110e0d072e1402f83517ffd62b19fbaf2d193d13231908fc2c1a040b3c17 pre_us=0 enc_us=494858 q_us=110 pkt_us=2
[PKT] seq=15 mode=L bytes=260 pkt=0102000105efb88b012ccd8aea00b189e6deba88d323b187cd39a887b0f9c486c45bae86fcfa1808ff093efffa0722fff8122cfff32633ffaa4e14fef71324fec74b14fe1b32cfad0330b3a7002daba60f3ba8a30b56afa12c6fa6a11963949f246891a0f9ecd639180dd23c201a0a3e2a0fdf410f08c24247fff743081dfd4534181244f3005560fefc4a4d0bfa5a4febe75951efd14f52c7d85052c3f05a55a5eb575404f40c2916e7202823e4362926c0352b2ac8212b1fe1102b2bc13d2d31c6492b07fb9eae051ebdacfa26b4ab051bb3a91702aaa747269aa63805b8a54d4ebca406fe3e0f0d08491423ed401613a84016fcb63b16180e2216ede53617eee82f13 pre_us=0 enc_us=494856 q_us=113 pkt_us=1
[PKT] seq=16 mode=L bytes=260 pkt=0102000103feb08cfb32d78bdb03cf8bea2eb289db2bb889ca17a788b308a088f063b587d90b0a08f41741ff0f0329ff0b1633ff0bdc31ffec2537ff14fc20ffe01e2efe1a39dbaf022dc1a90b2eb3a80146b2a6084cafa53e60bea52355a3a2443998a409ebd1372500b43a0602d83b1dcfe73d1ddcd83f2ce7d63feec7194126dff340f9ee585efd03414b0b03484cffd74e4e011f544fdc00544fd6055752c8045c50f3f60f270eed112611e11e2825d1162911b61229dae7f929ffd51b2bdcec3028171d9bb00f2dbfae0619bbaef9edadac12d5b7aa4ff2b0aa41ffa6a8572cd7a81107310e05013c1312ef40140acb4315ef2a3d15c8474215cbdf3216d62b3411 pre_us=0 enc_us=494857 q_us=112 pkt_us=2
[PKT] seq=17 mode=L bytes=260 pkt=0102000108f7be8bfb23cb8ae0dfc889eafbb388ca249d88c54fa987a5f9b087a760b086edfe1708f11236ff0bec34ff0d2a30fff82832ffb62920fefbed20ffac451cfe1c33d4aefe25b8a70928b4a6fe25a4a40e54bba21f68a7a21668a0a0047396a1f5efce39070acc3c0425db3dff04e340f915d94236e7e942ea2503441c15f443f3ff525f0008474cfafe564e04ff5951f2d84952eaff5752cdf15554c7fa5853fbf407290cf31c2717e9252911d6322a10ce042b04ce0a2b16b11f2d11c23c2a13099faf1033b4ac101eb3ac121cb9a92be0a0a85826a6a74e1a9ea56252b9a5120b3c0e110140140ae8451510c249160abf3f1627203415f5d3371700193113 pre_us=0 enc_us=494856 q_us=112 pkt_us=2
[PKT] seq=18 mode=L bytes=260 pkt=01020001d201a58ed943b48dcc0cb38dbd2fa78dbc27a28cb231a18ca447a58bdc6f9c8bcd070508e0143f00f7100a00f0081f00fae01c00b1401c000b0f1700b24610fffc2dbcb3ee20b0ad072fa2aeec47a6ad055ba7ab2464a5ab2d4c9ca94f619eac2cf718343ffffb3619fd2e3617b50e3717d0153834ec1c38fae6223a2bc6213808fe615b08034e47fafe484714f15349fe23534ac8155149d904514cc6044d49fcf63d25fbe33f2400d63e24f8c33125f6b42c26d4fd2825e4d03628afe231241222abb30a1addb20ffacdb31bf3c1b236e5bbb15735bdb0561bc1ae6b4bbbaff2023d0def0a531203d03313f3d03513e1233313c4372b13bedd2b14d127160f pre_us=0 enc_us=494865 q_us=113 pkt_us=1
[PKT] seq=19 mode=L bytes=260 pkt=01020001fbe6f08f0616118ce2e7cc87dfb9d185dbecdb84f937c184b6edbc83de60de8301f421ef00f43efa15f32ffc14f12b0004112fffc80630fe0ee23600d02b4afe1731fa94fc2a158f052612910b26d18e0b3eb08e2e70b48f246bb98f2670918ef5e8e2571614e950240fb55623f9f6571e1ae25856d0f458270bd35659f5f559000b215cfe032d4d1a074851110b505ae9f24c5ccbfe485dce0e6161caf75e63fde7e44416ebec4423ebe23b14d6133f20ab223f21a4073e2fa724402ea4453d0af7c5a1fc2ce7a0ee1cb7980140ae971123a8962e1f97962e2e99963d51c79500ff00040d0c2af81efc12f819d31200efb609070bfe0d09d8fb3610fe245113 pre_us=0 enc_us=494864 q_us=113 pkt_us=2
[PKT] seq=20 mode=L bytes=260 pkt=01020001ffe5f688fc1efd86e400e786dfdfde85e315d284cc3ecc84ad02c884c05cc083fef2190400fe4e0308f240ff081d35fe0a1d47feb61730fcfeec28fec44d46fc1e34e8a5f62feaa0fe26f19cff2aad981148b0971b6fa79600649f96126e9595e3f0bc45010cb44803149e4c0608c24ffd30c64f33e8d052eb26df512dfccc52f8032c61fdfd344e13f041530f004b58f6de415beded4859f8ef5f5ceef25f5efee9f32917ecfb2610fae52d02d51d3213bf243212b20d330fba393306c23f340efb97a80329a8a3f7289fa1f539a19d0df39b9c4513999c2f33959a4b49b79a0bf7fe0a0b052a0f09041d12ffc319120abc3c1430090214f7fb1b16ff344015 pre_us=0 enc_us=494862 q_us=113 pkt_us=2
[PKT] seq=21 mode=L bytes=260 pkt=01020001fde9fd8703141585dde7dc85dcd0ec83cfeb01830e33d583cfd6ec83dd61f383fef51a06f9085103fafa4100f7e94401f00e41fdbc233cfdfaf54cfcc43a59fc192ce8a4002af89ef826fe990a29d796074ead942072b5931b66ba9221769b91f4f1be460d03a84d12109a510d01c2541916aa5534dbc65511ffa7563204bd5702052c6301fb285026fc42550af2425bf5f7465dc0e7435de5f24660c8d94c62faf2f12817f0e626f7f7e12e01e8072f1ead1b352ba9163624b3163919a02a380af594a6f121a6a1e310a09dfb24989a01329e99f6329198071695972e42a6960403050b110825100612191207fb2c10f4bc191419f61213f8ea3215fc324616 pre_us=0 enc_us=494859 q_us=112 pkt_us=2
[PKT] seq=22 mode=L bytes=260 pkt=0102000105f3dc89091fde87f5f1cc87dce6c585cf28c985c212b684a3f2c984be54c38401f81308f20d38fff2fc26ffe6262ffee51937fea03c2ffdeb0c2afda64b2ffd1c2ad3a9fa2bc6a2012ec49f122ca89c0f3aaf9a3462a99a0f5b9b981e5f9398e6ebb23e11009c420315a24501f2a549f2f6a54b190dba4cd530df4e020ed24efe003f630cf4425107ed4c5509db5758f9d24b59c6f0515acbd9515cb2ff5d5cf5f6f32d07f2f92b05eeff2efce60a3008fdee30f4edf13006d1183207ef3531090397aa0321a8a7f6279da5061b9fa121e59a9f4f15999f4a16969d5c5ba99c03f6281017fe22160ce20d180ea90e1907c622191dcc2319e4b4261a0fff3217 pre_us=0 enc_us=494854 q_us=110 pkt_us=2
[PKT] seq=23 mode=L bytes=260 pkt=01020001ece5f892fa1d048ee100ec88cedc0a86c31dda85c546bb8597e1a684b35ddd83fdf517eefe0738fe12062e0703de4e01fc243dfdb01d2dfdfce82fffc72948fe13360795f7260b910016f4960d30de93fc3dbc901c6bb3901167b69110669292f2f2f0532101e0461c04bd492f09c2502716ef565cf80c570405e75347faea53fafb115b0afc355004ff3e530ef730590be74257dcf25357daf8625dca07635f04ebdf4515f6eb4225fde1372bdffe3c19c9134022c3153c1dbb223b26ce463913ffbfa20929d0a80417ab9f1328c19c2115b8994b1cae974f099b975740d09802ebf60312081dfe1403210827e7360e06c2120a201c1103e4dd270bf13a4a10 pre_us=0 enc_us=494858 q_us=113 pkt_us=1
[PKT] seq=24 mode=L bytes=260 pkt=01020001d5f8b48df33bb88cfb05b38ced43af8bd72bab8bc034ae8aa33fa7890473a689eaf8f408f0110dff1c030400071405001fde03ffde14f9ff060bfbffbd3bf7ff09299db1003c96abfc3095abfa4d92aa095692a9346090a82b588ea62a5d8ea82e05313530ed19382101293823cc2839f5e8263b1ff4303bf6ec363d31d6323bf401605c00f65e490af7594903cf554bf506554cca01554cd8e3564fe6df504c10e8542602d65525fbd25526fbb65227eaae4b27bbd94e27cbc74e2993c44e251606b0b21029d0b0f61ac3b1fafdc0af29e8b8ae5c20b9ad4f01b7ac5337baace7f2130df5011913f3e91213e5d00413bf1f0314a715ff13a4e0fb15b1fcf510 pre_us=0 enc_us=494851 q_us=111 pkt_us=1
[PKT] seq=25 mode=L bytes=260 pkt=0102000120f496961be39696f4c39b9be12e9f9f330aa2a248e6a1a112139f9f4e27a3a3f1130808e1220101d8160202b2230303f93f0404f2090303cc270303b73a03032ffac0c03ff3bdbd2f1bc3c332dec8c83adcc9c95be8c9c936d7c6c646c3cfcfd5ba2828faa52828d5bf2424d4c0202006c51f1ffce41f1f21d121211ed11a1af6235050ef3d3b3bf33d3636fb233333dd263434c4103333022e3636da322e2ed2f71d1dbbfe1c1cc3e51a1aa22a18189a331919a4081818a62d1a1a8d43131315b6bfbf34cac0c02dbdc5c5551ec9c93309cbcb2cb1cbcb48e5c9c94526cfcff8370b0be5140e0ef2070d0dd4200c0ca82f0e0ecdf90d0de7180d0dbf210808 pre_us=0 enc_us=494858 q_us=113 pkt_us=1
[PKT] seq=26 mode=L bytes=260 pkt=01020001f0ded989112df887fcfacb87031ac986e33ec685f526a785c03ab484e75ca28405f81e04ee0a4802fd012bff052b38fefae626fdac2a25fefc042afdab4326fd1e33eea60534d6a2fd22ce9f082ba79c1742a19a4563a29a1f3493993a469299d6e9b9430714c445f306b146f1f7d849e6e3fb4c35f4044bf5320a4d18f6034efd01396007fb324c15f94d520ce052560f0a4a56d80f5058db07595ad2fe5a5bf5eeee2af8e60c26f1f9062cf7e11f30edb52931c3e11c30f6dd3a32bff23c3016fc9aaa0823a9a5f520a2a4fb13a5a11fd3a29f5d19999f370eaa9e5437c19df8e4120a1201260e08f3171307bb2a13f9001812fd1e1c15ddf43119eb081c15 pre_us=0 enc_us=494853 q_us=113 pkt_us=2
[PKT] seq=27 mode=L bytes=260 pkt=01020001daec9f8dfb39ab8bdde9ae8cef18a38bd339a78abe149a8ab335a889fc649989dffb1d08f62043ff0b042000ec183500f1f52bffb54928ff081523ffad5612ff1a32ccb10733b2ab0f32aaabfe3cb0a90d53a4a8386eada7283b9aa549529da727d014363802f438130110391be7f83a09c3113c20080e3cf6291e3e23e31c3dfbfb5f5df1fe5849fcf05d4afbe9594cddf8574db507584dc7f75850bef9514d0cfe312616ed42260eee3f2613e2382705bc2d28c8ea2228ece03c2ab3f831262219abb10622e1b0f919d0b0f6fbc8ae11c4cead4f29baac3e0dc8ab513ac1abfdf2510efc0c5513fbf3431401db4f14d6fa4514b3463e14afeb3e15d9261c10 pre_us=0 enc_us=494859 q_us=112 pkt_us=2
[PKT] seq=28 mode=L bytes=260 pkt=01020001fdeca98d2143ac8c0b1ba48cec0e9d8bd8cf978a1805958ac1f8988943438d8910e71908ec253affff261a0004f32e00ef472eff003732ff24201fffed5f19ff2531c0b1203cb2ab0334a8ab125cb2a93d6ab1a8543bbba84729a1a55c26aaa8d5f80e3607f30238f7f11b39f3e2053ae501103b03fa0a3cf22b223e3cdc283cfc045f5d06fb4f4910f6504afb0a574bde10574dc214584cd2155e4fbf13504de6e73826ddda3425f9de2b26f3bd2627e6cd1828bb1d0f27dcfa2929af271d261eefb2b11b0bddb0e90bc1b012d8bdaf2fc3bead5a2bbdad49c8c8ab5b38b2ace7024e0e091451130c043713ea0c4814e04e4314b53d4314aa293515cb4f1b10 pre_us=0 enc_us=494857 q_us=112 pkt_us=2
[PKT] seq=29 mode=L bytes=260 pkt=0102000106e3ad8e3d2bb78d2a0cac8e19e8a18d07c1a98d45d0a78cfde4998b6123908b0905f608e1241200e92d0500d90c0f00b8570e00053b0a0037490c00ea6a0eff2740a3b32c4497ae1f3f9cae39699ead52679bac64509bac564b9caa6949a8adb7f32f3402f51436ceff2435bae31f36bc162437fe002037c7f42f3923f23137f6fc5e5bf2ef5c4705ea4b4705f75048ebfe4f49bd1a5249c213544cbe094448ecde4c25e7e24d24e7d84024d5ae3b25dcf93c25a80d3e25dcd639279f0c25230602aab3f412ddb2c618c6b3d7d2bdb2fd04c3b23026c0b114ccc0af1d29b1b0e5f90c0d061c2212070d0e1205241112055d1213b4350b12a5401413c562060f pre_us=0 enc_us=494867 q_us=113 pkt_us=1
[PKT] seq=30 mode=L bytes=260 pkt=01020001fa00aa900033b990d9f7a391cb07ae92bed5ae92c713a692a6eca490ee4c9591e20aee08ed2708000e21000100defd01e93dfe01c63fff011a0f0701e040ff002b34a3b8093b9ab30523a2b50d589db62e709db5454fa1b5352d9fb3550cadb711ef363026e4193100d6312f1fc82d2e10f5322f420d2e2f20082c313dde352d03f1555702025043070b4141040f4441d6044342c11f4141ca2e4b44d618393fe0ef4122f8e34621fbe03220faba3b20fbdd3921db1c3621f8ff3323b327241e27feacb71a0fd3b702e6bcb936d3c0ba4aecc1ba6a42b9ba52d8c7b86e45b4ba00fc000c031b1110ea21fc10df25f810d035fd11c731fa10ac210711c841f60c pre_us=0 enc_us=494860 q_us=113 pkt_us=1
[PKT] seq=31 mode=L bytes=260 pkt=0102000113d798943b3e939412039899d9be9b9cd4269f9e5afd9a9d17049a9b6b09a09e091ffc08c64c0701e2340502d6140302f1f304032c1a0303ee3c0403ea440102402db4be2f1bb8ba1f09bfc03d2bc1c43ccfc0c46af4c3c43fe1c0c260ecc5c9a3df3a2aca1e342acff72926b1e12823a9e62923a2eb2c239ae12724c3cc251ee32a4252f0252a3d003a2b39e1453036cb462f37b8462c36de443439bb302c32d9dc1d1ec6ee141ee5f3151bf4f7181ad4201b1b9925141ad41d1a1ca71f17161ac0b7bd1011b2bef9f1bcc32eb1c1c6620cc3c74cd3c1c71afdbfc5191ec7cae8f2030bfb25010e0e23040e0708050de5ff070fb7dd050ec824060ecf180409 pre_us=0 enc_us=494864 q_us=113 pkt_us=1
[PKT] seq=32 mode=L bytes=260 pkt=0102000108049591284e8e910b1f9093fc229294e8e1919513159194c5ff9193305293941522ff08fa4c0a00093e090119190a01034a0801e76004012e390401ec5e03012e1eb5b92440b5b40c32bbb71544b7b9346dbab95848b8b8412db5b66739b8bbcded3c2ef7033c30ebf1382de1cc352cd8d8352c200a362ceafe372e3aea342afc164156fc0726411213253f05092d3fe6152e3fb71e323fcc203642c80a2e3cdcce1a21e4c60b20ecca0d1fe6bb131fe6b41420ae0b151fd8dd1a219f08181c1eb8b1b909e4aab8fcd0afbb09adb3bd31b8b4bd66f0b5bd4ab7b4bb6b1eb8bee0e5050c000e001002070310e4fb030fd04c0611ae480610a12a0610bb4b010c pre_us=0 enc_us=494859 q_us=112 pkt_us=2
[PKT] seq=33 mode=L bytes=260 pkt=0102000100f5a8902644a78f1013a390eb1aa091fae19f9134fd9790d80f978f3656948f1015e508fb1efb000f25fd000d06fe0115470001e14fff0030370200f9520100292b9ab6233a99b11233a2b30e4f9fb3426da1b35f50a5b3483ea1b0613baab4d2ea443101f53032f2e63831e1d43630c3f4353133023b31f006353337e03630fe0a4b58ff0d3d4400093243fc073a43dc1b3c44b92b3643cc0d4246cd053842e3d84823e3c94622fbd33921fea53621e2ae3422aa0b2a22d9e33024a404251f1fe3b0b618fdbeb5f9fbb6b8f3ceb5b825d4bdb86223afb744cdb8b56823b4b8e6e0040c06120911ff070311dc10f911d1570212bb3cf811ae18fe12ba3ffa0d pre_us=0 enc_us=494855 q_us=113 pkt_us=1
[PKT] seq=34 mode=L bytes=260 pkt=01020001e6e7d18a032d0388e8eddc87dbecf586d41aae86ad1faf8699dfb085b554c385faf11405f5094c010e0c2c02081c46fefd2e2efeaa352efd0bf515febb4129fd1d42e9a80133d4a30325bca20717b09f1751b29c4170b69d2357959b40618d9be7ecb7410f12cd450f14ed4522eebb461700eb484a0be349032d134a35fffd4afff93f5f07f72a4a0bf2474f10e7455307d14c54ecf94a55dbfc5a57c9066358f8e9f72904f30a2511f722271beb1c2d00e4172feadefc2e10e13a30f6f0522e20f99aab1129b3a70118a9a5102cbba421ef99a262129da2500b9da06a4ce3a000ed060a120d1b0c0fdc0d1001ae2a13f7c8261206201813d9fa0c15ee222f13 pre_us=0 enc_us=494856 q_us=111 pkt_us=2
[PKT] seq=35 mode=L bytes=260 pkt=01020001f7f4cb8bf517e689ebe1c889e7def888c92bae87c53ab987a614be86ae62ba86f2f60e08f30932ff15fe26ff10fc3aff020e3bffbd3424fe0ef737fec32b28fe1e3ed5ad073cc5a70227bea5103cafa31264b0a12b75a5a10246989fef6c959ffbf2ba3a1104a63d2313a83e2e2ec141200ed1434aeedd43f533f1452f05fb45f5fb4860faf53d4d06f4554f01f03b5208c85553efc75a53ff065f55f6e25c5402e406291aec052824f90c2a1ece272b1ac5272c14ba1d2b26cf3b2e10b54a2b14019aae0a2dacacfb2fa9ab0820b8a814e6a8a64820a4a63212bea43c29dea40bf01f0f15fd191407ef08160bba2d1604db3916191d20160a064117f62a3e13 pre_us=0 enc_us=494857 q_us=113 pkt_us=1
[PKT] seq=36 mode=L bytes=260 pkt=0102000129f8ab8e2049ab8df82aad8ee93fa18edb51b08efa4ca88da9149b8cc762968cfe22e308da30f800f312f400fb04f20006e4f300b532f80006ef0000c11901ff373a97b4083793af032295b0103f98af195b92ae296294ae084a99ac2732a0afc7df453309f83535d3fa4234ddd53834cab83c3532b43535c00238370ad53735eff7515a03f047460df53d4513e53f4610074647070e4647ea0d474aeb163e46d3e44924e5e34423e5df4323d9c84524bfa74824bbd94424eec73d26bdd93522fe08aab41718bab3020db4b525e3a9b445e1b4b45e33b6b334d1b7b15d1cb4b3f0f7f90d1407f51107e9f812f6c5ec12cdf9f4130106f612dedc0113dde4010e pre_us=0 enc_us=494858 q_us=110 pkt_us=2
[PKT] seq=37 mode=L bytes=260 pkt=01020001fdeaaf8d0a40ad8bfd1da28cfc15ac8bee559d8a05599f8aac189a89c1679289f5fff508ea2514ffe2160900e5260100f30409ffa04a09ffe5010bffb93505ff26369eb1092898ab0f2b9aab0c3893a9286296a8326b94a71a4895a5405898a7e1eb3036e5fe1338c6083339d0d6243adadc2a3c2ddd283cdc01333e05eb393d00f6625d09f95e490efd4c4a16e1544cfde3564de7ff574df103544fdbf64b4de9ea5226eaf54c25e3e04126dfdc4e27e0b74528bce24127ded0422acad73b261b09aeb10d22cfb0f9ffbbb0090ebeae38e8b2ad5e42b9ac42edbdab661fafab0aee120e130b1e1311f50c140abc0a14f7ea0b140a2f0714e6d90f15edfefd10 pre_us=0 enc_us=494856 q_us=113 pkt_us=1
[PKT] seq=38 mode=L bytes=260 pkt=01020001f2e4b98ef73ac28dce13c18ece2bb48dc232b08dc124a68c9907a68cb363aa8bf0fbf108ee0d0800f8ff0200f517fd00f5e20c00a613fd0008f9ff00b030f9ff253c9cb4031e93ae041095af073094ae223197ad4b5395ad223e93aa394692adf3ec3433110c0635100b233502ff20350ebf1a3650f83637f313393951fb2b36fff2605b01f661470ef9554604e05347eef95648cc164f48cbe54e4bc60e4c48f1e5552404f5572407f44f24f8e2522401d24425eafa41250be44227f4fc4c232415b3b41f2fddb2181dcdb41d0cbfb33be3c5b26b41b9b25b0ab6b06d56c1b108ee0b0d09060b1208d90812fcc50012e0cd0a1303f6f812c9a4f913effff90f pre_us=0 enc_us=494854 q_us=113 pkt_us=2
[PKT] seq=39 mode=L bytes=260 pkt=01020001efe6a08cfc3faa8be30dad8bd615af8ac4449e89c3499e899fe8a688bb66a588effa1b08f31650fff5fe2a00f51c1efff6062affb03527ff0c040affac4519fe1e36c8b0032fb8aa0229aea90b299ba71960aba64269a4a62a5a94a33e6495a5ede013370a0ef33904110f3a000a113cfdde0e3e4df3113efa202c4025f3103f01fa615e0a06544a16fe594b0fed5a4dfce24d4ee207564ee1ee5751ccfb584ff5f3322701e74726f9e24627f3cd4a28fbb53529eece2a280cc9452bdbd23e27160aa9b0151feaafff20d8af0dfecfad29d4b1ab652eb7ab4c03b6a96843c9a909e64d0e100d61130af44c1400b84214efd546150a193f14ebbc2615fb0a2a11 pre_us=0 enc_us=494861 q_us=113 pkt_us=2
[PKT] seq=40 mode=L bytes=260 pkt=0102000104eaad8b0530d18adbfbb58ad50cbf89c441aa88e248af88a2e9ac87b459ae87fefe0d08f21546fffa051ffffc1a30fffe0d22ffaf4027fff60314ffb33914fe2233d2ae052cb7a80325b9a70632a6a51259a9a32664a5a3115997a1195d90a2e7eadd380c0cca3b0a05e23d0009d93ffbe8f74141eaf541fa1218432cf81b42f2f75b5ffefe454c12fc544d01f55650eedb5151c60b4f51caf45553b8f95852f9f315280eef1c270df2202809d4312a08c7232a15d7152a20c0352c21e6482910099caf0717c0ad0821b4ac110eb6aa32dfa5a85539a8a847f3a9a65b47c3a602ed320e1208481412e8351506ba4415ecca3b162b0d3315eec42917fa0e2412 pre_us=0 enc_us=494860 q_us=113 pkt_us=2
[PKT] seq=41 mode=L bytes=260 pkt=01020001e7eba18df141ad8cce29af8ccc1eaa8bbd4ca78bc64ea08a9c169f89bf699989f7fefd08f5194bfffa031a00031c280008e92500aa4a24ff001716ffb03912ff1833bdb1072eb4acfd1caaab0939a7aa1a5fa7a93f5da6a8224d9ba638359ba8f1ef1a3522fbf5380a0e163805fe04390edd063b5b00153bfd0c2d3d48f91e3b07f7625c0b044e491af454490ceb544b0506584ce009554cd3f9504fcf18514cf1ed3b26ffda4225f9de3b26ebcf3a27f2b53527daff272700d53529e00f38251e14a2b22013e2b00e15cfb117f2cbaf37d8c5ae6532c5ae52f4beac6a34c0acfaf1340d03ff5d1302e13c13e9b44e13dafd4614f33c3f13c8c22d15f62d1810 pre_us=0 enc_us=494864 q_us=113 pkt_us=2
[PKT] seq=42 mode=L bytes=260 pkt=01020001fef3ad8cf83fcf8bdf09af8be211bb8ad838a389c932a68996c2a388ad4da388fa040d08f31949ff050f27ff042531fffc1d33ffa22c27fffcfe12ffb2511ffe2337cab00629c3aa0e2ad8a9122fa3a71d44bca64163b0a6284f99a3295c9ca5f3eee6371316b53a2411e53a1905eb3c13f7ef3e57f0073ef231264031f5123ff4f35c5e04063b4a01fa414bffeb554deaf2454ee017484ec3055351b3084d4ff9ee1b270aea132624e1022716cb362813e30c29fcd710291adf312b1df32b27170b9eb01617c4af1105abaf1affc8ad2de2a8ab6028a7ab58fdada96550b8a903e72c0e0c0a451310dd43140aa94914f5d846152c0e3e14deb12516f2013111 pre_us=0 enc_us=494861 q_us=113 pkt_us=1
[PKT] seq=43 mode=L bytes=260 pkt=01020001f9eeb48af935cf89dcfabb89da11c987c936ac87b446b08699ffab86b959ae85f3020e08f21f46ff00fa24fff71930fff2152cfea94f35fefa0626feaa451afe2332d6ac0428bda60f29b9a40228aaa11b5db7a03564b09f2b4a9b9d345a909eeeedcd3a1409c03e0713ca400b03ab4306d4cb444305cc45042b134737ed094702f5576006fe3f4e08f1515003fb4f53ebdd4a54db005054d4ef5256c6055b56f4f70c2a09ee0e280feb122a07c6192c03c6032df2eafd2c0ad1252e06ef422c100899ad1410b7ab0bfaaeaa0c0db6a72ae39ba55f3ca3a55403a3a3614dbaa207f12d0f0c00481508ee3716f5b23317ecc63b1704184116e2b93b180a162914 pre_us=0 enc_us=494862 q_us=111 pkt_us=1
[PKT] seq=44 mode=L bytes=260 pkt=0102000106e9b98b062def89e706b989d405de88ba38bc87c029ae879ccaa086c54eaf86fa03f808e90f3effeef91bffe41c28ffef0a25ff9c3518fef40c0efea1451bfe232dd2ad0827b6a7021ebfa50f1e98a31b4ca6a1405e9fa12155959f325a8f9fdff1bb390c10b33ded0bd13ef4fdf341f601ea4334fd0743ef252b4528e50745fdf951600b013f4d1af2544f25f354520ae44b53e8135353e4f85655cf125b54eef30529f9ed1928eef5192adbdc342be2d6272ccbeb262bfbcd372ddce9472b0e0e95ae151cbcac0418a9ab1316c0a831d2a4a6603ca4a64af5a0a4654cc8a406ea030f150329140ff2231606b33316e4cf2b160dfd2416e3b81117100c2113 pre_us=0 enc_us=494859 q_us=112 pkt_us=2
[PKT] seq=45 mode=L bytes=260 pkt=01020001f3dbe695f40f0c9bd7edca8bb8bbec89c0baf587df3ed686a2d8c684cb4bf583f5fd09eaf4071b05f7041f09f4ce3804fafc1903ba1d3807fe052e03be124800133b1e93ff29148cfa1df592f136048e0e4da98e1375c98efc68b39114779491f7def4531e04e73a1008b646fe0dcb4ff50af6524ef0da4fedf0d2500bf0e552faf9035d07fa1e5d28013f5c1ce6295cfe03505de3d84a5f0edc5560d6da5a620ce8e6491cfaf84c1afbe83a0ddde3461db32a453ba12a4124b01c3d21a149390810ce9e0127ebb9e704b3a6f915c5a0023ade9b1726b59c12019c9a1d39bc990ce2eefd160a1a052e0c1f0a1a1019080dd3040723002b0b09ce3112082c4314 pre_us=0 enc_us=494855 q_us=111 pkt_us=2
[PKT] seq=46 mode=L bytes=260 pkt=01020001f1d6e69ff7182f9fd8d4f18bc7b50a89b0d5ff86d62caf859ab6aa84bc4c0383faf605e4fbfe1f03fcf12ffef7d44200eb0a2704b507210403de2d01c1335200183e268efb31178a0026128ff5260f8cf73ebf8e0d6eab900161ca91fc679391f1e9f9510f09fb34120cc45309ecf04f100dc45356e8f450f9f8b5524cdffc540002fd6106f90c5f260b2c54210c2b5c1222475ddf09585f01095a62d8fe506301e1ea5517f0fb5115f0de4400d5fb4b10b11b442a9d343d1aae0a3d2eb83b3b120adea2fe2d01bee50cca9f0132ce9e002abb9a180d9f9929e9959a2137cb9805f4eeff12111e052bfe180219e6370309d3010d1f062b0bf2e82e17fe285b16 pre_us=0 enc_us=494857 q_us=112 pkt_us=2
[PKT] seq=47 mode=L bytes=260 pkt=01020001f4dd039af41c1598d9d4dd8ab2a5d687c6b11685e726c985a5a7c884bd3f2983fefa03010402220b0af82406eeda2a06fee6390ec325380a20fa4104dd265c01183e1998fc352a8efd20118ee73d308bf63ec58d1c6ec18f0a61c58d076b958ef4dd053b2610e13c2b0bba500f0301540cfcdc505bf4ce4f0cfba95546eedd57fcfdfa6902f711602c082f5a32eb34610cfb4861e9da5363edf55466c7d73d6605e3f15227efe9501f01e7430bedda4a1bd225422eb625402dba004145be2d3e0e04dba7fb26f5baea18dc9df02cac9cfd4ee3980e2fa89807e29d980909c89402e8f82511150c192f17f60027fe1d0708ec2211160d3213d8ef3517e73f5616 pre_us=0 enc_us=494857 q_us=110 pkt_us=2
[PKT] seq=48 mode=L bytes=260 pkt=01020001e4e4c08af222ef89def4b989ddccd587cb1cb887d433b1869be5a586bd4bb485f8f20e08f50739ff01091cfff30932fff7302afeb4391efe06ea19febf3f32fe1c42dfacfd3cc2a6f927b9a40e38b6a10650afa03266a49f2060999d2052929ef8f1b83a1812a53e0b0dbc401cf7b9430316be44521cf145f52906473f12fb47f9fd4b6009f7384e10f6565003eb5253ffcc4c54d7fa5254d4e26256c0ff635601e5ff2a0fed012810f7112a10e61b2c0dd6142d09ea0f2c21c3392e2201462c1ffe98ad1033adabf91aa6aa0332a9a722f99ea5531b9ea44dfaa3a35043d2a2feea260f0f06211510ec141618ba2c17f5b8201715231e16e1d22a18f7104014 pre_us=0 enc_us=494857 q_us=113 pkt_us=2
[PKT] seq=49 mode=L bytes=260 pkt=01020001ffee138c00180188eaf1b287c6baeb86cc01e985e93bca85a0b2aa85af2dc484f8eb32fcf400400400043400fcf232fdfa3146fc9e342cfbfce61b00b2113dfd2139eea20031fea10724e5a00334c09a0143ac990f6bb398115e9e9916649199f2f2094b1a08d9461d03d3470b0de44bf416c44d4ee0fb50e1290f4a152ff64cf5fc2b55fdf83d440200494e1704485205e04653d7ee3e51e3036158c2fd655900f0e42e1af2e72621f303290cdb173210c520312acffe331eb7403130d356300e00bea7072cb9a2fa28a0a31051aba00c17bd9f36309e9d31fc9d9d4842dc9e08ff1508190b1a0511fb300f23d42e0c0bb3210d4024fd0b04e02d11201f4413 pre_us=0 enc_us=494857 q_us=113 pkt_us=1
[PKT] seq=50 mode=L bytes=260 pkt=01020001fef40e8a020ee688f442e387cd16ae86c734e285c4131085a99c9f85cf39ad84fcf12a02ff153402ee1f29ffed1421ff041640f903e9350307f81b01cc3b06fd1f2dd7a51832dfa21554b3a01463b29d036fe0990054cc9afd41a89bd44e8e9af6f5e94517facd4246f5c9441ccfde471418a8532a1ede4e27e0014b4ad42a4bfd06285bf402384afce94051daeb5355dec928500af43151230d61581bef5159fdf4ee2907edf62716c5112d2ab61c2f3a9df73026bb182b15d1212d32be422f0c03aca8151da4a52011a1a62b229aa3f730a0a0063c979d09db9d9efd1b999e02091f06fafd1c0b0af40e130fc21315fad8d60e0aefd8071eba041635edf413 pre_us=0 enc_us=494862 q_us=113 pkt_us=2
[PKT] seq=51 mode=L bytes=260 pkt=01020001fbf7b68cf410c28bf243bb8bcc2cb28ad854b989bd30bc89aec99e88c334938700f41908ef0a34fff92531ffda1e26fff23e36ff001a24ff061819ffd04505fe1f31d7b0153dbaa90d5bb1a9136ea8a7ec72b7a5ee61b1a50152a1a3d36197a4f4f1d73726eddb3a19e3e93b23db0e3d04dbd23efd04ed3f06e7134138c736400005525e08014a4bf1e6524c08e2534ef6cd4a4f1ce34c4f22045a522ee75150f4f10e27fce4112613c620270aa92a291fa123290baf18290dc82e2b0bb5352811fca2b0200db2ae1718b6ae2e19b1acfc2cb0ab0621aaaa05ebb1a8f612a3a8fa03440e01fb4513020443141ae5451503eb3c15fdec3b1425cd321612090311 pre_us=0 enc_us=494864 q_us=113 pkt_us=2
[PKT] seq=52 mode=L bytes=260 pkt=01020001f3f6b88df214b58cd938aa8dc700a88ccb4ba48cd22ba38ba6a1948ac342978afdf71208f21828ffe71a1e00f1111200d3481b00ff220dff07fd07ffd1470bff2531beb2223bb1ad2356afad295da9acea67a9aa0f5c9faa165a9ea8e04fa0aaf7fded341b06f63735e604371cd70b380dca12390ef5213919f2343b2cc82939fcfc5e5ced055248e8194e48d0194c49d3f2534ae8fa4d4af3374d4d010c474af9f02e2504f021250dc931250fcf27262cbe28260bbc3b261bc82f2811ce2c2417faaab22c13bfb1461ec0b25015b2b11e37afb02f14b1af34b5adad3225b0aefbfa300df90e3d12f21a451304f52d13f8183214e30f231300e30b14001a0d0f pre_us=0 enc_us=494862 q_us=112 pkt_us=2
[PKT] seq=53 mode=L bytes=260 pkt=010200010200b58d0f06ad8c043da78ddd1fa88ce74db18bdd14b08bb1ab978ae000998a07fbfc08fc0b15ffcb350a00c7190000bd300400e421fbff07fb07ffbe4203ff1f239fb22a399eac314b9cad2a4e97ab0c6795aa146492aa144d99a8195b99aac4062b35fcfd1737210e283715f92938ebd32439f5ee2e3aec09363c2eb7373a00fe625cf8035a48d6174f48f81d4e4aedf6544bf8f9554bfa2f504ded284a4ae9e65625d8e84725cfef4425d9e14626feb64d27f1ca5526fcd83628f6ef3b240efcb9b228fdd0b1422cc0b24831b7b12735baaf2b35b6af28bcafad4a18b1aef1fc1e0de9ff2412e83314130b0a06131f210914f625fe13edfffc141916fd0f pre_us=0 enc_us=494865 q_us=113 pkt_us=1
[PKT] seq=54 mode=L bytes=260 pkt=010200010504ad91f201a090f331a793bcf9a494c717ae94ca0ca394a89c9892d1d99b930718e4080715fc00e13cf901dd27fd01c145f801de44f90109020101b946fe011f219cb92a3fa1b44151a0b7425ea2b81e659fb81c64a3b8234eaab51449afbbeb02462e05f434303111302d3bfa3a2c18c6392c09ea382d0709332e50af332af80c4756ea153742cb20383fd51d333fd928343fd921323fe6403d42e841343df8d24921fadb3621f2fc3b1fece32f1f10d93b2000e1341f1bdb242107ff261c0decb3b82ce9b2b85327bdbb5d10b2bc4f3fb9bd441db2bc2da9b3ba491fb8bdf8e70d0cea12f810e334fa10d600f50f1314ff11ed40f410fb18fa100721f90c pre_us=0 enc_us=494863 q_us=113 pkt_us=2
[PKT] seq=55 mode=L bytes=260 pkt=01020001050a048bf410c389d33bb689a8dfb288b637b787db49d487a8b79c86c742998608ef2306fb112b01ca282effe0ff21ffec2730fef83632fe10f127feed432cfe1c21ccab1f35bfa71252d1a53263b6a3106cc8a10e5ec0a11953ac9ff237a2a0e803e13d15f5fd3e48eed13f3be3de41f4d5ae431edeb34310f1054535bf1145fdfd325ef3fa454ae111444dee134b50dbed4b52ede73b52f429515421ff4d53f7ef1226fde8162617d9052af9c50c2b15b90d2c19c0f82b19bf0f2d14db122b0bf7a6ae23feb7aa3f26a3aa4b069ca83c229ea7250c9ea62eaca4a41a0aa8a4f80e1e09f1f52611f61a2d11f1d81f1400ea1414fa0c2214f1e53a1614f42f12 pre_us=0 enc_us=494860 q_us=112 pkt_us=2
[PKT] seq=56 mode=L bytes=260 pkt=010200010008b990dc04af8ff52db391ae16ad91bd15ba91c008c091a2aca990d8199b90fe06e308f709fb00eb250000e508fd01e937f201081ae7011cc30201da4a0300222997b72b3f97b23b4b98b435489ab52a5c93b41d518fb4202c97b1fc29a8b6fb093b3011f027323ff12d3050f22d2f1bbd26300cdf1c300ee6233255ac2c2ef5f85458e6fa4e43cb094b4203064842ddf45343dfc35a42eb1a5645132c4340f8d84f22f9f53f22f2f63d21dcf73b210efb422207fd46210e042c23f015291e13f4b2b73b09bbb6512ac8b8622ebbb94c43bcb9372cbdb849a5cdb64c12bdb9fce7ff0cdd08ef10dc27fa11d318f210fe19e411d81bd411e2e0f111fe26fd0d pre_us=0 enc_us=494855 q_us=111 pkt_us=1
[PKT] seq=57 mode=L bytes=260 pkt=010200010723b991eb04a391f241a993bdefa694cb4bb095c60e9e94b3ad9593ed049594fc10e8080613fc00d64a0001e2250001e33ff602f94703011f020401d55e010127229ab92a3ea0b5344ea2b83d5ba6b92d6c9eb9146aaab9194baeb6f13cb7bcf30d3f2e0af9302f41ef2f2d4e09312bfdde372b09c8352c090c312e3cb33229f3f64d56de1b3a41c4173b3fdc10383ec903363fdc05333ff43b3b41fc23313cf5d14b21fede382009f6351ff3d7301f0fb53d2014c0231f23d61f2116f5191c13eebbb929efb8b84d37c0bc51fcbcbd4322bfbd37fbb4bd2caab5bb1b0ab6beffea0d0cdf11fa10f02f0010d5f0fd0f0818fe11e420fb0ff908ff100639fe0b pre_us=0 enc_us=494852 q_us=112 pkt_us=2
[PKT] seq=58 mode=L bytes=260 pkt=01020001f0fcff8cf104ce88ef48d688ca07ac86cb2af185c42dcc85a1b89a85b242a38403f62ffef3103302d82c3bfecc1932feef2143fcf2163bfded101bffb84c1dfd161adda21f37dfa10e5db39f0b66c49cf767c5980162c8990157a898cb549799eef6064917f0de4125ebda4606cedf4800e5c24e171fc74e31fb094b12f1064d06013659fdfb484ae5f04c50e8eb555403c54054f1cd3f540aff5f5914de5a59f9feed2f00efff280dcb172f27c40d3017c1f83416b8fa2f18c91e3318d7283012fbbaa72108ada42c16b4a4210c9ba21736aea01b1b9e9e27f2999d0e429a9ef8fe1a0803f2290a0f0c2e1125e12a1212ed170feed7280f12af2b1225f01214 pre_us=0 enc_us=494856 q_us=113 pkt_us=1
[PKT] seq=59 mode=L bytes=260 pkt=01020001f7fbfa8aeafed289d93ed089b60cb688c63cc087ca24c687adb09b86d036938602f02006fb0e2601d11e31ffe90d28fff93424fefb1824fe0eeb1bfecd5619fd1221cdaa1e38c2a61f58b1a42964a7a2006cb6a01760ad9f2354999ee5399d9ff2fed63e17f1de3e48eae24041d9f84206d1b84527f2d1461dea1e4645c12546fefe355ef201464be105514ee3f75452d8d85152ecd05751f0235e5506054b5400f60c2702eb112614de212b12c4202c24bd142c1ae0182d21d12d2d13e81f2c0af7a4ad2206aaa94b23aea95014a6a7332fa1a62e14a0a431b3aba32b22a1a3fb06140aeef41710ff22271200e51b15f0fb0214f30bf9100be107150a090212 pre_us=0 enc_us=494858 q_us=113 pkt_us=2
[PKT] seq=60 mode=L bytes=260 pkt=01020001fcfaf18bf00bd28aeb4fe48aae06c289c54bcb88c634eb88a2a39a87c8309b8704f11707ef1e2300dc2628ffe10026ffed2b2dfdf71d2bff04f614ffe0491afe1f26cead243fc0a81b55b1a72b5aa8a6f661c0a30a56bea20f3ea7a2da24b2a3ee03cc3b11efd23c3fedc83c3bd2ee3e11d0a74324fdc9421de31b4236cb0d41fdfc3c5df0fe3e4addfe414c03fa524eecd9434eefd7334d06375552250c3c50f8ee1426ffee05260cd5112802d718291dc9002b1ad6f72a14dd112b0fe2fb2912fda3af2907acac3c22aeac5108b0ab2d21b0a91ffa9aa72eb4a7a614069ca7fbfb150afaf81d11f3281f1208e8261500f30a13f4fa070d10c80e151d060611 pre_us=0 enc_us=494859 q_us=112 pkt_us=2
[PKT] seq=61 mode=L bytes=260 pkt=01020001f8f7c48ceb09b88bec49b68bc520b08ad040ac89cd38bf89b4b5a088d22b938809f11508f81b21ffe7222a00d02623ffed3b24ff003423ff0c041bffed4e13fe172ac1b01a41b2aa335dada93367b0a70d6caea60b65a8a619519ea4f23da1a5ec02d53724f6ea3929eeed3a28d4de3c06cdd93d0ae0f33e25ec214028c9253ffbfd575ee6ff4e4ae4f7524beff1534dd2e0554ef0df464ef92750511108484ffbe626270de2192604cd1f27f8cc142820bb1a2916c00c2826cd242a23d7202710f4a9b01e04b5af4110b5af4119aead212eacab2807a3ab1abaaca915fca8a9f300350ee9fb34130023401406043b14faf63a15ef03351401fb221519230a11 pre_us=0 enc_us=494861 q_us=113 pkt_us=2
[PKT] seq=62 mode=L bytes=260 pkt=01020001fa07158cf012f389d437ce88ad0cac87d553d386c735c5869eb19d86cc579a8504e730fef71f2c02e32b1e00eb0530fef83b2dfcf8214efe040619fed43d0bfe191cdda42234d0a21756aea1265ebb9ef76ac19bfb51d49c053d9e9ce94d929cf606f1471bf2e64238e6024030dcd547fce4d64b2d05ce4824d729483be6324902002c58f9f82f47ecf7444efdfd5252e0da38510feb3d521b1f535709fc4e57f8f5f22bfde5ea2811d8182c0cc6052f1aaafb3010cb002f0be425300fc73c2e11f8bda8250ab1a53d1ea1a75010a5a516349ba21419a3a021d19fa12d16a0a1f90c1d06f9e0130af405120f0fd82013f7e6120efaf44a0d16bf1b1505fcf813 pre_us=0 enc_us=494863 q_us=112 pkt_us=2
[PKT] seq=63 mode=L bytes=260 pkt=010200010d14aa90fa2da690ea44a692cb16a192e82aa292ecf99c92d6bd9a91fd259a91061de208fc19f800dd2cfb01e038fd01fa47fb011b30020113050201bc50ff002a239bb833409bb330609eb5246ba1b6116d9fb6195aa5b5274ea4b31e5fabb8ec04452f12fa353140e7332f19ba372e0cc3382f16df342f2bf230315cb6392df5084857f1073943e7fb3941e2143741d1073741de133741e52a3f44ec26313fead94a22e3ce4221dfca3b2006d0322017b237210dbe2d2017cb302206cf2c1e15f2afb73403b4b74c03bab93f04b5ba0d06b7ba02e8b4ba1fb1b9b84b2fb8bbf2e9070ce2fefd10db1cfa10fe25f710e834f911cf37f810ee10fd110e3aff0c pre_us=0 enc_us=494861 q_us=113 pkt_us=1
[PKT] seq=64 mode=L bytes=260 pkt=010200010efbb88eedf6ad8de210b08eb301a98dd038af8dceeca68cbebc968bc21f9b8b0e07e508f808f700e61cf900cc23f800cf44f200f51ff800f503fe00a742faff231e95b32b3f93ae324e94ae365694ae256791ac245c93ac325299aa336798add8ff3e3302fd33361d002c3526003836f9d83937f5df323705f93e3931c43a37f907575bf3074b47de104f47ea0d4b48ce094c49e1164c49d42e494bcf264448eae55025eae34724e7fd4624d401452503d44a25f9df472502d63b27e8f13f230af2b4b331f6b9b24f23bcb35d29b5b3463ab6b23b01b6b144b8aeaf6c43b2b1f4f4060deaf5f712dc27f812de01f6120c26f413e823f612f8f1f6130528f60f pre_us=0 enc_us=494866 q_us=112 pkt_us=2
[PKT] seq=65 mode=L bytes=260 pkt=010200010304c490e209af8fdc33b990c7ddb091d143b891c61aa690b2b99f8fb440968f010ae008e50ef900e421f800d60ffa01e54af901fa14fa00f3020000a356ff00242694b6274696b1265c95b32f6b97b3ee6994b30a539ab3174a9db0f956a6b4f9fc373126f42b3220dc30310ec82f30fab7313106f1383125fd333349a73930fe005658f7fa4b44eff54943cf0e4a43e5ea4b4402083e43ef2f4546030f3a42f0e9532301e84422f7d8412105dc3d2114bb4022fbc63c2203e23824f3e5291f13fcb6b63807bab54c1ac6b8511cb9b83034c4b835f7b6b735c2b9b5592cb0b8f8fa020cf806f411f61bf711150eec11fd12f412e910f911fbf701122121f30d pre_us=0 enc_us=494865 q_us=112 pkt_us=2
[PKT] seq=66 mode=L bytes=260 pkt=010200010508ab90f001a190ea39a892c004a392c636a993d8edac92c7b4a191c7fc96920118e308ed1efb00d630f901c23dfb01c146fa01ec35f301f803fd01a9620000261c9bb833439eb31f569db63457a1b610679eb6165e9db61a549fb3f95badb8f806462f12fa34313de8352f32e0342ef8d2382e02fd332e24f8303047be322cfc0e4857f1173943da113941e7293740c7053941c5223841c32a4044c036383feeda4922eae33a2105dc3d20f8fe342027c93a2117cf432027c639222fe9201d17eeb1b836f4b3b73e1ab9ba5321b5bb342bb8bb1210b7ba24bdb9b8330ab6bbf8e7090cef06f810ed2ff9100235f2101027f811e92bfc10effef9110047f70c pre_us=0 enc_us=494863 q_us=112 pkt_us=2
[PKT] seq=67 mode=L bytes=260 pkt=0102000100f4ca8bdc0bcb89f43ccd89af2eba87cd3bbd87c808c886c0c2ac86ca5fa285ffff1908ea0d2cfff52a27ffd21915ffdd2b36fef31128fefd0335feba4e13fe1828ceac173bb6a61651b0a413669fa1f76db9a00b5ba79f184aa79edd68979e02efb93a25fcc33d31ecc83ff3d803420ddbb4441f14ca4530f9d54720cb1647fe064c60f404484edcf34450e3ec5153f3c64e54faf44d54e4095c56fee45956fff2042a15ec0f2824cc062a29bd232c1fb40e2c16c0212c2ae0192e3bab322c0c009ead2c0ca9ab230ea6aa4e189fa71f309fa51f219da52defaba30e399ca303f7260ffcfa27150cf6231629e0211718c9231702d7281610cb3b182def0f14 pre_us=0 enc_us=494865 q_us=113 pkt_us=1
[PKT] seq=68 mode=L bytes=260 pkt=0102000111f9c08ef605b08de922ad8eba1fa38ecf3ba98ed30eb18dadc0a08cb7439c8c0a0ede0800fffa00cf2b0100c52dff00d634f500f21ff50005ebfc00c64afaff1d2092b42a4093af1f5397b025659aaf086c95ae135c91ae2a5f95ac157099afe4f63b3300f328352de12f3435c939340db8363511d3383615f9393826b83a35f9fe585af7fd5046e5094c46f1134246dafd4a47fcff4d47d71a4a4ae0174146f0f05324eddf482302e73f23fcc73d240ebd452505cf482412ba4126fdc53b220306b2b429f7bdb34212c9b55012b6b4442db0b3392ab9b349c7b6b16129b2b2f7f3fe0dec0cf311051c0412191cff120429f013ff04f212f0c5f913fc2af30e pre_us=0 enc_us=494855 q_us=110 pkt_us=2
[PKT] seq=69 mode=L bytes=260 pkt=0102000105f6e08be610cf89bf26c289aa11b987c04cb887cd0fb586b7c1ad86a9669c85f6050e08f11133fff10c20ffd41a26ffd14821fff2162ffefd0325fea15914fe1621caad0f2ab1a61b61b1a42a6aafa2ec70aea00659aaa01a4b9c9edc75959e09f3b93a21fdd53d0e0fdc3f2ae7d04200bfcf4416f7dc442b0d014640bd2046fe043f60fa09494de1f74850eae94c53f5cb5254f7e25754ed065d56f2d85655fef7fd2a10ea13280cb2182a08c1072c21b30f2c0ed2102c16d72d2e0da9312c090999ad1a05aeab3602aaaa4e0e9ea720369aa61f19a1a528f4a9a35127a0a305001f0ffff93715ebec28161ad1201610e81a17feee33160fc8361810051414 pre_us=0 enc_us=494863 q_us=112 pkt_us=2
[PKT] seq=70 mode=L bytes=260 pkt=010200010006f48ae80bc989d82ab488bd27ac87d04bb086cb24cf86b0d9ac86b453a28503f32006060f2e01d62729ffce3a29fedd4736fcee273e00030725feab5446fd1316caaa192ec0a51954b3a31e60afa00a6ee99d0f5cbc9e0b5b9f9c026eb59df4fdd53e14f1db3e48e1f04156d1f3451eb6ac4a2bd8d14824e7114850bede480004385ff3fc484dda0a514fe0ff4f52ddef4252fa044752f60d5356ef114f5601f10a2809f008271ce0132b0fd3132d1ab3ea2e17c9002b25c0292f1cc4072d06f9a4ac20f9afa94015a5a94421a2a53d399ca32c229ca12ff0a0a2512da6a1020b210be8fd3412f71a3114fa082c13071120110c1e381002e939161c475213 pre_us=0 enc_us=494860 q_us=110 pkt_us=2
[PKT] seq=71 mode=L bytes=260 pkt=010200011918a4901aef9b8f43099d9111f2a091f801a692e7f6a891c1ba9b9023049d900618ef081020fe00db31fc01f520fb01bb30f701d623f60115130201ad26fe001d089fb7351ea1b24d2aa2b4552ca1b553519db43a499db42f33a2b26139a7b6d9ff4330befe3832f8f33c30fa0b372f1bfb3a30e9103230b905313230ef322efa0e4c58f4293843db2e3742c9393942cf3b3842c73c3c42d4464245be4a3940efdf4122d8f33022b2fa3221c5fd3421c8fc3b22e8eb4121ecee3123ab1b311efbe1b5b715dbb0b63f16b0b95a0ab4b9643cb3b94030b7b93dc7b6b76a30b9b9fbfd0d0ce409f710e401f510cbdef610fc0bf411f319fa10be1b0011ef1efe0d pre_us=0 enc_us=494859 q_us=112 pkt_us=2
[PKT] seq=72 mode=L bytes=260 pkt=010200010a07cb8aee05bd89e02bb388bd1caf87dd51b086d840b086b0dda285b462998508ee2108ef161dffd6232cffd91527ffeb3b34fe02254cfe07e632fecd4b3cfd190fc6ab232eb1a52251b2a32a5caea00469bb9e1757ba9e2b62a59cfb6aad9cec04ca3b0aefee3f25dcd14115e4c944f9b7c0460ee7cf470ee9f14929bfe0490004516102044d4ff5045451f10c5654dcf54f56fbf94656d40f5758f8015658f2f9102beaf40429f1db0c2bf3d5072d0eb2f62e09c2032d10b9182f09b8062e06f6a3ac2500adaa4122a6a8511f9ea5312b9aa32d13a7a34ad4a0a15234a0a0fd0a400ff5f93415fb023f171008391702084a17fffd5817e8d948180d0b4f15 pre_us=0 enc_us=494859 q_us=113 pkt_us=2
[PKT] seq=73 mode=L bytes=260 pkt=01020001f2f0d18bee10d08ada41b78aae1db288cf48ab88d02dc687a59e9987c341a286ffec1d08f21529ffdc231fffd4132cffed3d30fff5082bfeee0212ffb0490cfe1b2ccfae1e38b4a81455aaa61e6aafa4f06abba2ff46a4a20b449aa0e55a90a1f2f9c43918f9d03c3af4f33d12d5ea40f6e2c5411918be422b04254442d41a43fa064a5ff800464cf2f2524eefee5751efc956520cf0505203255754eef45a5301f00d2904eb0b2712d4202913c4152a10c0032b0ad1122b0bdc2a2d1ad4402a11f8a5af2616aeac4229a8ac561caaa9272ea0a8151ba8a721c9a1a53734b2a5fa08370e02fa311403fe301522e6381606e92d1605f81a1511cf0e1713100213 pre_us=0 enc_us=494863 q_us=112 pkt_us=2
[PKT] seq=74 mode=L bytes=260 pkt=01020001140893942ef491944d04969841d99a9b54059a9dfe24979cd00a959a43fe9a9d0a1d06080b3e050101420402f73c0302e84405030e450803022e0903ed1305022909bbbd3f03bcba42f7bebf5a16c0c26437c2c25845c5c32c08c4c05ef8c8c7c5c72f2ac8e4322bf9cc2d27d4db2a243aff2b2413f22c24cc072a2641012520f6144e52e929383df31e3539d51c3338c00f3338cef13238f50a373bd3152f33e4f2181ecd07141eb20c161caaf8181b9722151ca90a0f1bbe1d0f1d8e3511170eadbcbc14bdb9bd27d7bec12abec1c553dac4c653d7c4c535bac1c459bec6c8ed1b060bdd1d090ed821080ec21c080db30f090fa70b090eb9ee0b0ea2f4070a pre_us=0 enc_us=494864 q_us=113 pkt_us=1
[PKT] seq=75 mode=L bytes=260 pkt=010200011f0aa29321129a92492a999554269d973212a49910f5b298d8b4a49658db9d98071ded08022b0201042b03012c330302d2350402181cf90216160502072f0002291aa3bb3c0eaab7520fb2bb5d11b3be5c2cb1be4b39a8be2412afbb67f9b9c1c9ef422cb9082d2dd2e7322afa0b312850072d28e10d2e28d51a212ae5ed2c25f9044654f9273c3fef1b333cce16303bf327333bcd22363b0f2d423ed1333337d0e7361fbbff231fa503211da409241da81f271ecbf0351de2022a1f972f1d1906e4afbb1dd8b9bb3cf0b9be550abbc15c1cbbc22a24c1c1ffccc4bf4efec0c3eef8f90bdb27f90fc414000fad0e030ee5310110bd1ffc0fdf2e040fad15000b pre_us=0 enc_us=494863 q_us=113 pkt_us=1
[PKT] seq=76 mode=L bytes=260 pkt=010200010dca989834df99995ed5a0a04fafa6a658c3aaaa2bd5a9a9c0d9a7a76cf3acac0818080805350202f23603033816040406040404fe2204043510040440f804042f02c3c33fdec1c152edc8c8640bcece5f1cd0d05c1ed0d02811cece681ad8d8bfd82626c0e92525d7cb1f1f90fb1b1b3a291a1a06c41a1aa3bd1c1cdaaa1414f83d4d4df8293838f32e3232cd242e2ebd0c2e2e01212e2e0b1e3131ee0d2727e1041b1bbb0f1b1b9f2017179d05151595051616a11e1515c7d7171786de0f0f0fb9c1c111dbc3c317e2caca12bacfcf53b9d2d24fd7d2d230c7d0d058d7d7d7eb400a0adc430d0de0360c0c99380b0b9d410d0dd42b0c0ca53d0c0ca4430707 pre_us=0 enc_us=494865 q_us=113 pkt_us=1
[PKT] seq=77 mode=L bytes=260 pkt=01020001110bb98e21f9a88d3811a08e19ee9d8d0fde9c8d0fe2b78ce9b29d8b25d1918b07fd020804130b00de2e09001d100a00b8140f00cd2013001a030d00ac4507ff1c14a0b3352b9eae48259fae5742a1ad525aa5ac335496ac37369caa5433a3adca082734bdfb263600012e35c9f92e3612d82237d5e31837b7012c3911c43337fe035d5bf6144e47df274a47c0234b48d7315949d0276349d931544cd84d4a48ece65125d2ec3924b9103524c1ea3125b6fc3626d3f45025daeb3727b0212b23fef1c2b30fe1ceb23d1cbeb3491ab3b25a38afb23237dfb12cc5c1af5907b0b0f902240de7141612df1f0b12b3050512ef1a0813f9231f12cc0a0d130328000f pre_us=0 enc_us=494860 q_us=113 pkt_us=1
[PKT] seq=78 mode=L bytes=260 pkt=010200010b0bbf8de50ca88cec3ab08ccb25a88ccf40b28bd725ab8bcadda78ad041bb8901f50608fc0913ffda2b1000ca110a00ea3c0900fc2004ff15ff02ffc739e8ff18209eb21d369fac155398ac2d6799ab086f92a90f6b92a9145592a7016c8ba9f304223511f51b3737d820381adb1e3906b4223a08e3293a16fb283c29990b3bfafa655cf3fc5748f4fd5849fdec594ad9d45d4becd1584bebef5b4ef9c2694bfbeb5a2601e83e25ffdb4825f1c647261cb3522714b551271bd14f2920dc562505facab224f4cfb13b25cab14f2db8b0262dcaaf241bb8ae20fdb6ac3447c3ad010d2c0dedfe1c120a141b1320080a13fe020e14f9e60413f4ddfb141850d910 pre_us=0 enc_us=494851 q_us=111 pkt_us=1
[PKT] seq=79 mode=L bytes=260 pkt=0102000119fca692220ca2924a009c943cef9c964efca1970204af96f3da9e9462f5a296fc16ee08f824fc010329010129170201ed13fe020e07f702ff350202fe1a0301291da2ba3219a1b64f03acb95d10b0bb6439acbb562ba5bb3405acb960e2b2bfd0f0412dce0c312ecdec312ba0e3302a2f17382ad1092f2aadfd2b2cd6092c27f90e4a55fa203a40ed35363ed72f343dd5202e3dcc2b383dfd443e40e127333ad3ee3920d1ff3520a80f261e9ff3261e99f32a1fc1ee351ed8012820942d271a0bdfb4ba17fab9b935efb9bd4bcebbbf6b10b3bf5431bdbf0be8bcbd470ac0c1f5fe000cec15f50fd20dfd0fa8f4040fcd03f710c0f9f80fd626fe10c0ed040b pre_us=0 enc_us=494858 q_us=113 pkt_us=1
[PKT] seq=80 mode=L bytes=260 pkt=01020001fe00b68bdd10d78ac827b88ab70da888cc4ec288c73bc987c1d6a487b3429686f00b0a0805122effdf1520ffe41928ffe24d2ffff31c23ff0a1b11ffba4911fe151dc9ae192ab0a8345bb6a62766b2a4056fada21063a4a21b4599a0106198a10cf1c4391705cf3c3eeed53d34cfeb4017bccf4131f9d3423701214440d525430301555ff005434cdbf7504edd005a50d4ec4c52ebd94852e8254c54f5074e5300f9142909ea0c2715dd0c2915c80e2a1bb2112b1dca162b25dd292d13d42c2a0d129eaf2affafad500ba8ac5a1aa6a93c39a6a83312a2a72ee7a0a65313a6a50a02160ee5f72614ff03271504ff331602032816f2fc0e1501f00317242efe13 pre_us=0 enc_us=494855 q_us=113 pkt_us=2
[PKT] seq=81 mode=L bytes=260 pkt=0102000128d19f9f3fc7a1a156cdaeae69cfbbbb6fccc4c45ec8c2c225c9bfbf5cd1c9c900010808e3100303c6160404ab0f0505ea0a0707c70e0606e6ff0707f50d06064cbbcccc52b5cbcb53c5d7d760e1e2e269d7e5e55be2e6e629dde3e34eedefefbd0c1f1fb0fa1d1d9606141490f90d0d850f0c0cb3070b0bc9040c0c91060505da554646f25c3131f2482727e0442121d0492121f73c2020202e2323d9271818bb4e1616b14f1616a338111193330d0d8d390d0da02f0c0cc4230e0ebb0e050515cac9c907f3ccccf3efd7d7fbe5e0e0ffeae4e40ce6e4e4fde2e2e2d1e8ececdff60909e60a0b0bed0a0909e7d908089ee10c0cbcf60a0ae8000a0ada050707 pre_us=0 enc_us=494853 q_us=113 pkt_us=1
[PKT] seq=82 mode=L bytes=260 pkt=010200011c109794350994945717999848089d9b5f129d9c2e34989c0fdf979a53e89f9d0825fe080b3b0501ee3a050224240402b6420403d9370303e9200902ed1ffe022d09b5bd3e03b6b95307babf5903bdc26325bfc25007c0c232e9c2c04fe8bec7c1ec3a2ac231362be72b2e27a70a29242d373624c23d2c248f262726df303020f61a4352f430293eec32273ad6342738f32f1e38ee371a3809412a3bf32e1e33dce31c1ebef0171ea104171ca5e01b1b9004111ca2ee0c1bb712101d92ee1a1706c6b6bc11efb0bd3309b6c134f1bdc5632db7c6461db0c5f0e9b7c341f6bcc8ed09040bda16010edb07020ea7f3040ddd05030fe9eef90edffc020ebbc4fe0a pre_us=0 enc_us=494862 q_us=112 pkt_us=2
[PKT] seq=83 mode=L bytes=260 pkt=010200010ec6989828ef989857e09f9f3ac1a4a45fdfa8a81cf8a7a701e9a5a565d9aaaafb140808fc3c0202f618020229140303f31e0404f5240404f13e04041ff304042f04c2c236dcc0c051e2c7c75c05cdcd6919cece64fccfcf36e9cccc63ddd6d6d1de2626c0d62626cce1202098f51c1cf6061b1bbfd71b1baed71d1dc9141515f6414e4efc293939eb303333bf2f3030ac303030d9372f2ffa373232c71a2929e2051b1bc2101b1b9c1c1818ac081616920c1717a1251616cd1618189224101012b3c1c113eac2c22bd6c9c928c3cece61ded1d162edd0d01af5cece3acdd5d5f93f0a0ae5400d0dd12c0c0c9e2a0b0ba1380e0eb7210c0cd5350d0daa150707 pre_us=0 enc_us=494864 q_us=113 pkt_us=2
[PKT] seq=84 mode=L bytes=260 pkt=01020001f5f7d58be305c389d935c289bd24b788cc4aaf87d22bb987a1a39786d83e968605f11b08ec0c28ffed221effdb2217ffec372bfff72323fe090210fecc5807fe1621caad2438bca62757a7a52f649ca20c6bafa11551a0a02753999e085f939ffff6c33a2bffc73d2cfaea3f40df01422ce7ba433714f4441e142e4642c73446fe044a60f3034d4ddcec524ff6ec5652d9db5b53f6f55453ea1a5656e8085055fff9062909ec082816d7212a09c9312c2dbe1d2c1ed5212c20cb2d2e27d0382c10ef9fae2d0cabab4019a8aa5730a5a82f3fa1a62c26a3a53bc59fa443359fa3f607300ff8f73215f4fd29160be41a1604f71a16fd003016f9d612172008f613 pre_us=0 enc_us=494867 q_us=113 pkt_us=2
[PKT] seq=85 mode=L bytes=260 pkt=0102000100eca791f4faa090c714a592bb00a693d143a793d6f7a393b4a49592ac389792f61fe508f61efb00cf39f901be2ef701cd4ff901e93dfb010c0101019b58000127249db824419eb433529fb62c66a0b7ff6aa0b7145da1b71947aab4256dadb903fb472f14fa35302cfa392e17d8392dfcca352d27d8362efcfa362f53d2392b03154857e3203842e9183640c4233440c50e3540e8183740eb3c3c43db1f303eece04321fbe03821f6e937200dd5352022b7392017de322013d12022f3db241d13eeafb82aebb1b7501fb6ba5a26b5bb332fb6bc2e00b6bb2baab1b9682db5bcffeb020ceb16f110f51cf41016f3f4100824fb110234f610f703f8110336fa0c pre_us=0 enc_us=494859 q_us=113 pkt_us=1
[PKT] seq=86 mode=L bytes=260 pkt=0102000126f1a19007e7a28ff5099d91d317a092bc13b192d3e0a691ae9c9f90c6f1a0910914eb08f919fc00e1360001c22bfb019f34f301c738fb01f7f60101a04dfc0029149fb724369cb24138a3b5434ba3b52e609ab51d5a9fb51d4d9fb23b53a3b7daff4630ebff3231fee7332f2f09382f19ec3b2ff4f42b2ff0132f314de5302eef174a57e7263d43e42d3d41b9213541c72c3a42c52c3e42cf334545b0383c40dae43c22ece93921d5f93021bbed3520e5f0422108ed3f2112d23423ec19351e03dbadb72adeb7b654f6bcb9591eb3ba5546b6ba261cb7b925aebab7633fbabaf3f7fb0ce819f410e31afe10b321f7101618f911fe25fa10ea05fa11dc2cf80c pre_us=0 enc_us=494863 q_us=113 pkt_us=1
[PKT] seq=87 mode=L bytes=260 pkt=010200010cfcac8fe8faac8ed210ad8fb006ad8fc530a88fd323a28fafa8978eb11e948efb09fe08ff060a00cb1d0700b91f0c00d83e0a00eb2624000fdc1100bc4a04001b31a8b521469db01e579fb13762a0b11b6ca1b11161adb0163fa9ae205ea7b2deee283204fe203334ef233242ce1d32f8c2203333d00833fcf329353bbe3932f1fd6059ea055645e0124c44f4185144c3025145ede86045f23b5748db293f4402ef4a23fcdd42230ce93c22f5dc3b231ac23e2311e6322315d62725fbe82621020eb0b535e8cbb4481bc5b6602cc5b63837bcb634fccbb52ca8c7b36521b2b50407170de80e1111011e0911190b121106170f12f830281102eb1712e645fe0e pre_us=0 enc_us=494857 q_us=111 pkt_us=1
[PKT] seq=88 mode=L bytes=260 pkt=010200010404b390ea07ab8fd21ba590b90aa791d82ea791d639a890a3a4988fbe3ca78ff31ae6080b0ffa00d52efa00c912f601d83ff701fe24f60018ecfc00bf28f900252298b6223d97b137579cb324629ab3ff6d9ab31b5a99b32158a0b023669cb406ee3e310bf732322bf8373112cd3a30f7c13a3119f4363106093a333fe1333003ff5158f10c4444df1d3c43cf263b43be173b44e5fe3c43ed303d46cd2f3b42ebeb4c23f5dd4122fce93c2108cf3d211db53d220bbf412215c23224fed63d1f1400b2b62bf2bcb55417b6b85f14b5b83d29b4b8350ab8b740b4acb56e45b7b804f1010cdb11fa11031ef9112407f311f910f512f30cfa11f2ccf412e63af70d pre_us=0 enc_us=494861 q_us=112 pkt_us=2
[PKT] seq=89 mode=L bytes=260 pkt=010200010efbb48efc09a98dd61cad8ea7eaab8ec127a68dcd0fa38db3b9988cb327938cf805f20808130f00f9230700cd060b00bd420700e934090015f10b00a35c04ff1f299db41c2c9dae24549daf33669eae30699cad1c629dad264a9eab3064a1ae01f32f330efa1f350dff23344be41c3517d0283621f925360d032f385ad53a36f8005f5ae8145146c90a4c46e3175347c5035248d0fa5148d32f4f4bc4244347f5ef5124fde63f2406e23d24fbe23e2425db422514d73b2422db312705fe2e220c0cb3b41af4cab33a14c4b45012c0b34840bcb33a1cb8b23cbbb7b06a3cafb20107110de7151612d2230f12d71a0d1217110c13f4310612ebf60613ed3cfa0e pre_us=0 enc_us=494857 q_us=111 pkt_us=1
[PKT] seq=90 mode=L bytes=260 pkt=0102000108f29d91f5039990d90e9592ab179593b9279793cbff9293b5b49091c7229292fc25f10806290100dd4e0301bb470401c4580201f5580601141f0501b26602012a1aa3b8213fa4b43750adb64661b0b7346cadb72265b2b72853b1b42663b4b9f9f2442f0bf8363020eb382e4303392d01cb3c2d0efe392e0aff372f4fc5352bfc134957e2233842ca2d3140e3212d40bc1c2e40c5202e40da343743c723313eeeec3521fada2c2104e82020ebda1d201bc2212011d015201fcf192211f11b1d12dcb0b821d9b5b747ffb3ba6014b2bb4b27b0bc3df7adbb38a8afb95e2db5bc00e6fe0ce116fd10e6140010f903001009060111e646fc10ee190311ef4afe0c pre_us=0 enc_us=494858 q_us=112 pkt_us=2
[PKT] seq=91 mode=L bytes=260 pkt=0102000109f39692f40a8f91dd2f9394a5209495c4449496c11d9295aea69194a50c94950027fd080b3a0800d1500401b43f0801b3600502e956090201090402a9620101261db3ba2134b6b6354db7b93d56b9bb2163b7bb1c69babb185cb8b82260b9beeaf03d2d030a362f2ee6392c3100372a09d5372a02f7352a10f4352c39de3227fd1d4255e22c2f41dc24293ee82f243dc526253ed80d293dde3b3340c82f2e3aefd81c20f9dd1120e8dd161edfe0101e19c50d1ff8ca0f1e12cc1420f007191b0fc4b2b923c9aeb95103b4bd6611b1be502fb0bf44f0b2be33a1b2bd6821b8c000e4040cd928010fe61a040f0209010f272bff10e043020fec110410d13ffe0b pre_us=0 enc_us=494867 q_us=112 pkt_us=2
[PKT] seq=92 mode=L bytes=260 pkt=01020001fbebaa90e912a78fe51ea890a404a191b809a591ce05a590bfc09d8fcdd593900301f208fc1e1400e9290b00c61f0201ce3707010533070017220300b05703002232a3b72830a5b13d3ca6b33c51a3b43869a3b32666a0b324469eb13051adb5e7f938310c1d13323f0929313ff3333012bd243118e6293116fd313356b5342ff7085558e41b4f44cd204443e32d3d43bf1a4a43c8fa4d43e1234a46d1393f41fad74222fbf43522f7f73421f1fe322113ec352214d4372226ed34241113211f10e9adb62ffdceb65221ceb86625b6b85a34b7b84209c1b720c7bdb65123b4b8f8f4080ce32d1a11da1c1811e009fe100cff0212e2230511e7110012fd45fe0d pre_us=0 enc_us=494866 q_us=112 pkt_us=2
[PKT] seq=93 mode=L bytes=260 pkt=010200010bfbb58ff111ad8fd318a590a800a690ce2eae90d406ac909eb19c8fc0319b8f0210e508060bfd00ce35f800ca37f500c549f201e840fe000002fb00b94efe00212798b6203797b128539cb329649bb3147096b2136299b2275e9db00968a1b4f0f33d310efb2c3331f23b3126e13931fbb83f310bf92e320c1f3b3441c83330fb045258ed084744d1203b43da163a43c6fc3c44eb0f4144d2223f47db253b42f3e24d23f7e1422207ec3b22fcd53c2219b7412303d63e2211c138241bd732200bf6b1b625f0c3b54a23b6b7501cb2b7372cb3b72a1ebfb744bdb4b55032b5b700f2000ce013fe11ee1cf911f10ff1111612f012f940fe11ddf2fc121b3ff70d pre_us=0 enc_us=494864 q_us=113 pkt_us=2
[PKT] seq=94 mode=L bytes=260 pkt=01020001feefa48def1eaa8ce42da78cb009aa8cc440aa8bda25a68ba7a89b8ac348968a03fe0208fd1938ffd5231b00d20e1d00cb351e00f32018ff0de514ffc5500cff1f2abcb2242cadac1f53a8ac2d61a1ab0d70a2aa0b55a2a9264f9da705629caaecfa16350504053738dd1b3719cc1538f0d4153a2adc123a0efa303c3ab7303afcfa625cf2065248e1164d49fa11534acaf2524bf5fb544bda2c534ee9064c4bfaef3a26fae8352509e22a25f9ce262617aa39271bd930261ece2d2821c132250e0ba6b226eedeb14720c8b15424bfb0362bbdaf2c12b8ae44adb8ad481cb1aefdef350df2064e120221301313fa311308f93a14011e2c13f5d3241420110910 pre_us=0 enc_us=494863 q_us=113 pkt_us=2
[PKT] seq=95 mode=L bytes=260 pkt=01020001b1ef1496bf03f691bc1ef08dc81ce68b1611d58af0c6fd92b58e9f88ee18b585d7eb1af4e0f42601c8022a03ed242c01e5ef36f5d2fd15f7ee120305c84026ff0128fd98ef440297ec5fec98de6cda94015d0691e338048cee52fb93c46da896d9eef34cd0eeea3ec8f9c644bbd9dc4a9f33d859d50ce548b6d1ca49a1eaf34c1807125910f93a4a18ec3d5020cd375407d141491e053e543e274d5a23d25e581eefe3430fd2ec3c21bcfb3b0db1f840e8c5ef4309e0de5115bfd6371ba426350909cbab081eceac0238cba7ed32caa5d245ee99c71c0aa6c0f1999eaa2cb29e3a02030d2ff616023fe70f081ae501090afef6f117181af92ef415012113270b pre_us=0 enc_us=494860 q_us=113 pkt_us=2
[PKT] seq=96 mode=L bytes=260 pkt=01020001f5f2b08ded13a78bdf31a58cb819aa8bcb56a58ade329e8aa8ab9589d13e948901e62108ef192bffea1f0f00d61b2100e03f18ff052a2bff110415ffc84c0aff1d27b8b11c37b0ab245ba1ab3364a0a9186fa0a81649a7a72855a2a50a5799a7f3fe0f361ff3103824e91e3938d8153b1cc4093c2202123c20002d3e50c1373dfe05615df3025349dbfc544afafa564cd7dc5d4df3f7534df4205350f1f74c4dfcee432608ea32260ed03d26fad1322718ba372818d82d281bd1272a13e4322614f4bfb12a0dd2b04018b6b05015c0ae433eb7ad2318b8ac32b4b1ab471cacabfd07510efaf94913ef132a140a043414070d3014ff004514ffe225150ffc0710 pre_us=0 enc_us=494865 q_us=113 pkt_us=2
[PKT] seq=97 mode=L bytes=260 pkt=01020001b9bb07adc0c4139fbfdb1c90bede0490e7b9fe900ac1f696b39a9b88cae6d586f8f403fcf006170b02fc3c081dfb3c0416ce4406f2ee4016200c130723b95d02eb461098c85b2494b45f2797c4613291ea4b4d90ba3f158fb9431695b3471394ee010e38d600f529bf0fec44c62003449f1ce242c702f72ec5dcd44ba247e35143fd056140dc17584cbd1e5048a62c552fbd2d5834c72c6258ed4a584bb444541dcbe7561bc3ef4610c5fb3905cb0e46e9e00a47f7ea0f450fd3e736f7d12e34c6edeeb5b218e4c7ab2cefaabe4003a8c3482fa4b10b07c0b7139ba1a711e49e2a01f92119fa10180ffa1c0a15c81202f9e829001201321b35ce020a130e0c00 pre_us=0 enc_us=494860 q_us=113 pkt_us=2
[PKT] seq=98 mode=L bytes=260 pkt=01020001da05df8bdf12d589db37b589cc33cf88e75ed087ec2cc687e2b29c86e95a9886f0ee1e08e31c2efed52c18ffca2026fff24133fdf81b2100e10315febf510bfeff19c5ad1b38bda5145bb1a5185da6a3fa69b8a0144fa9a01e4a9e9fe34b929f2a00c93a21f8e93f16ede63ffdd0dc41d9cabb45c604fb44d4011c45d1c23245fffc485f00fa3a4becf64b4ee2fc4a51f8d2415110ed4b51011e54541ee952540cfa1429f2ea0429f9cc222a07cb152bffb1072ce4cf1e2cebd11d2dd3da392b07f4a6ae230db5ab3319a1aa4a2da6a8142ba4a609199ba411c3a0a41d21a7a4e90a2a0df8ef2a1000ff091225f21e150a0c201301081a111dd314181b090213 pre_us=0 enc_us=494856 q_us=111 pkt_us=1
[PKT] seq=99 mode=L bytes=260 pkt=01020001fd0fcd8df619bb8cdd28ab8cd938b28bd53ba48bdb23c28aa5b29b8ae432928901f21a08f21f22ffe32a1a00c82f3000e0393100021f30ff14e813ffe04b14ff222ac8b23037b3ac2a4ca9ac3053b6aa1764cba90a4fb3a91945a0a70c49a4a9f20ac93514f0003833fd143846ddf73921bad83a21e6e73b13fc2a3d44a9293bfdfd515cec004948db134849fc10494bde11494cee1b414beb234f4efc1d484bf4e21a26f1f4132509e32326e8eb152612bd032717be0d2716c3272914d1222517f6acb23509bcb0410db5b15635b4b03023a7ae0a0fabae34a9b1ac2e0cacadf904390deeff3b12e9182f131023401309234314e8303f13d8db2514132c1510 pre_us=0 enc_us=494862 q_us=113 pkt_us=1
[PKT] seq=100 mode=L bytes=260 pkt=01020001f922999314369193eaeb95972b18989946149b9b480c9b9aeba7989869389b9bf32eff0803470501fe28080110520502f6490502f4360202eef70302b45e0202332eb6bd2d41b7b83b3ebdbd3e13bec046fbbfc03af2bdc0532ebbbe45ecc1c5fae8392b19f6382cf7fe2e28e3f72d2600e22926d0e02f26befc2a27e8d72522e9064353df23293ef7332c3be31e2c39df213039fc182d39e647353ce32d3135ebd81e1fead7131ee0d9141cb8fe171cccf21b1cbaee1b1cb9fb1b1e953d1a182cc8b9bc25eeb0bc41d3b8c02f08bcc30eebc0c406d7bfc44b99bcc23d43c3c6e409090bec29000fef1e050eba30040ef92e080ff818070eba0a050fef4e030a pre_us=0 enc_us=494859 q_us=113 pkt_us=2
[PKT] seq=101 mode=L bytes=260 pkt=01020001c9eb1391d90b2c8ed9c3b18fce10c8900f2cd2922602e590b5d9b890ba4802911cd9320220df54061bed3a03191858020bec4401fa2333032711fd0138f05a00ec2f1fb2ee2007b2e64033b6de44fab60147f5b2d63be5b4be63d3b2bc53c4b6ebe1dc38fd0be138dee8f535d2c1d031b1d9d833bed5ef32eee2f532d92fbd2f34dc194f2dd5203933d0363c2fc7383f0e01293f36e81e3f55bf4b434da8413ffdd0ef1f00d7f81affd3061af8d9071dd5ba0621c3c7f51e0ab92722e5a3421ee416c2b4e600d9b2cf39b1b6df03ddb6d9e6c7b9c3e5beb7b8299fb6c20313b90ecc300514e1380719d7330c14c43d0bf006330cfbdc390d08d00c0ffbe1420b pre_us=0 enc_us=494856 q_us=113 pkt_us=2
[PKT] seq=102 mode=L bytes=260 pkt=01020001e124989412229194e3ee9497e717979a3be0999c37e1989bf6d9979942189b9cf628fd08fb4b0601ed410502185104021346040308240402db230402bc5101023030b5bd3e3db8b93e51bdbe1e29bfc1462fbfc12d1fc0c12f01bebf3d04c3c6f5e23b2b1bdc332c0deb3528e8f92e25d5ed2e25b8cf2c25f7f62a27e0c72721e5f94253dd232e3ede2a2b3ac6212d38cf062e39f92531380136363bf02a2e34f3d01c1fe3e8131edce1111ccdf8121bdee0151cb1e7141bc5171a1da818181730bdb7bc2ae5b2bc49dab7c1390abac4dacdbdc504b7bec42cb5bdc22410c3c7daeb050bee23010ed93b050e9a25020ddf25050fcf1b060ee511080ef827030a pre_us=0 enc_us=494863 q_us=113 pkt_us=2
[PKT] seq=103 mode=L bytes=260 pkt=01020001d9fe9f93101ca1930705a096102ba5984ceea19a24eaa1992ee89b975c2d9f99f715f0080a2ffd01fe290101174c0002043e030210190402ee220702d2400102353fa7bc343da5b83c45acbc2c1aadbf4b0cb3bf3419b2bf37f8b6bc38e1bbc3f8df432c0eed2c2d02c72f29e50a2a27da112e27b3022c27f90e2b29fbe32923e7f14554d721393fe71a333bce0b373ad70a363aff11343a0324393df5103036f1da2d1feee5341fe0ea271dd212281ccefb211daff8231cac221f1e9e151e1833c9acbb2b01bebb39f1b7bf3634c0c2eaebbfc31bc8bfc22fcdbcc02518c1c5d8e9f60be812fd0fec13f60eaa1bf80ee5100010c1f2010ed60c050ff21afe0a pre_us=0 enc_us=494864 q_us=112 pkt_us=2
[PKT] seq=104 mode=L bytes=260 pkt=010200010220c1931f27ac93ebc7a5961c1aa4985ae9a49a2dcda7991ddda09757fca09aea14e908ff3805010416030125510602f82e060216170402e5260702cd470102363d9cbc282f9fb84858aebc3526b2bf5021b7bf2b0eb2bf3af5b3bd3e03bac3f9f8322c19e5222de4ef3129cbf21f27d6d72a26b6012b27d5f0232809d32923e7ee5354dd1d463fd418353bd71d3a3adb18363ae81d363af73c403de7293236eae4481ff7fe341fdfcd291dd303241cd8e7261dd8ea261cce11241ebd101f18320bbcbb1819cebb3dd5bebf171ac5c2ddf2c5c301e2c3c31ed7c2c12011c3c5ed16040bf53aff0feb05050eb242030eff2a0e0fc70d050eea2a060f0b2a020a pre_us=0 enc_us=494860 q_us=113 pkt_us=2
[PKT] seq=105 mode=L bytes=260 pkt=01020001f5399a951d3991951a1b999a11379b9e26f99ea03ff69e9f17d19b9d4610a2a1f52c0108fb4e0701133b05020f5404031a2a0703001d0503f61a0503e93a0103383ababf3e4cbfbc3848c0c11b34c3c6381fc4c6391ec5c61afdc4c416dcc7ccebf0362926e12f2914df2e25ed092b22ebf22a219fff2b2100e1242318cc221cebf73f51dc1b2a3cd60e2a37b8242635d8112635ff1a2435172e3038051c2930e3ca191de2e10f1dddd0151bdcef1419f6d2141aa3db1319cd0a141bc50a171534c6babe2cf1b5bf2bdbbec42b21c0c8fad3c0c9f8d0c0c90ebbc0c70b0dc9cddd090a0bef39020ed73e060da230020dde09070fd813040df00f060e03150209 pre_us=0 enc_us=494856 q_us=113 pkt_us=2
[PKT] seq=106 mode=L bytes=260 pkt=010200010039ae93120ba293f3d7a297230da9995900a89a39d9aa9a00cc9d986818a19ae02bed08f033ff01fd1efd010f3efa02e9180002f319fe02e80d0602b84701023235a2bc303da6b83b56acbd2639acc03f16b0c02b2daec01902b6bd34f1bac40af73e2b15e1352c0cfc3228f5fd3126d9e12826980d2d26c8142628ecdc2a22e9004853e42d323ee61d2e3bd7142f39f921333a101d31392330373c16132f35e2d7421fe2f42f1fdac7291dc9e72a1cace4281d99d12f1ca715201e8b1b201830ffbbbb2911b8bc3ef1b6c00722bbc3f0f7c0c4edefc6c31dc6bcc1151cc2c6e91c110bf123fc0fdf10f60ebc19f40efa25fb0fc727020ec812020feb2b000a pre_us=0 enc_us=494860 q_us=113 pkt_us=2
[PKT] seq=107 mode=L bytes=260 pkt=01020001e013c492110fab92fa0ba7950ef4ad9653e9ab972fe9a59626cf9f956524a097f405e40809280101f01dfd012f1f0402f1240702ec140402d4170602c54f0401364398bb333d9cb62f44a3ba221daabc490bacbc2e02afbc3911afb934ecb7bff3f3362d10dd2a2e1bd4362bebef2b29ccd524299ae82c29c9dc282bfbd22626e9df5255db0d4840e80d3a3dca1e3c3cdf10413d04183a3c0931423f05133939efd84b20eafc3620f2dd2c1ed4ef281dc0e42d1eb5e22c1eaf002720a523231a35f1b8ba220ebfba3709b8bd271ac1bfe6e2c9c0fedbc2c020bfbfbe1324c3c2defafe0ce923f20ff71eee0fa113fc0ef6120b10dd05060fe2200610153e050b pre_us=0 enc_us=494857 q_us=113 pkt_us=2
[PKT] seq=108 mode=L bytes=260 pkt=01020001f116b6911721b09109f3a19314ffab9449f0a89536e1b094fcd3a2935e069a94f9feff0808251200f21f0e012d250f01f028090106f51001f5100b01db490401324dacb93337a4b43b4eb0b7371fabb95218aab92c20aab8400facb63adfb5bbf802282e0ae9163003e22b2dd32c1f2ccde3292ce0161a2c04ed252edece282ae7e45f56e31c5241eb16403fde14453fe913403ffb20433ffe374842031c3c3cefd54d21e6f13c20e6e0231fc7fc2a1fc4fb2d20c9eb341fcd0e2b21a627221c2efebcb923ffe0b83707bdbb2a16cbbdfefdc2bd1bdccebc3ccbc8bbfe13bfbedd051f0ced242010001f0810b222110ff8120d11d4101810db221110063f040c pre_us=0 enc_us=494852 q_us=110 pkt_us=2
[PKT] seq=109 mode=L bytes=260 pkt=01020001dc16c4920d0eb392f6eeac95e9ecb3973ff7bb9826cfb19717d2a3956b009e97f506e408082d0301f119fe01132601021b20030216000402f00e0802c94701012f4598bb353b9ab73553a5ba1b1aa2bd4821a2bd4119aabd39ecafba3bf3b8c0faf7362d19e6252e07df2d2ae91c2129f0f02028c20a2029e4fe252adacb2a25e5e25254d71f4840e90f3b3dcc1b443cbd04433ce5273f3c0241443ffa1d3838f8d84a20effe3a1febdb311ecf21301de4e3351ed7e2321dca1b291f9c1f201a33fab7ba2612ceba3c02bbbe3227c7c0eafad3c111decac030cec5befc2cc2c2d708fe0be32bfe0ff917f70f9e1ef40ed30f0410d712080fee110c0f0231ff0b pre_us=0 enc_us=494858 q_us=112 pkt_us=2
[PKT] seq=110 mode=L bytes=260 pkt=01020001e92abe932228ae9326f39f961f1da7994eeba89a35e2aa9918c7a09746059d9af011ed080b320701f03e0401f74a03020a2606021a0a0702d8140602dd3e01022e3b9ebc3b37a0b8343ab1bc3431afbf4d01b2bf3c0eb3bf31fab5bd09e3bec3f7f7312c0cec1c2c03c12f2909f22326d4e72826aa03232600eb262821c72623ebec5253d4124a3fde12373bd8143d3acf173d3aee1c3b3afa46403def263636f8d9471fe7ff351fe6ea211dcf112b1cd9f1251dbcec281cd117241ed81a1b1832fdbebb2116d4bb16f8bcc03136c5c2dff4c9c312e1c8c335c8c4c10a0fc4c5e714090be93d010f0722fd0ec055fc0ee819080fc4250b0eff150a0f0c25010a pre_us=0 enc_us=494855 q_us=112 pkt_us=2
[PKT] seq=111 mode=L bytes=260 pkt=01020001ed24be922107ac920618af95100ca79639dca99736d9af960ebea095530d9d96f606e608042a0501f52002012c380202092104021f0a0502070d0502ea470301353f9abb3a3c9db6364aa4ba3436abbc4922abbc2e24a8bc4004adb941f1b7bfe105362d10da262e03fb2d2be5eb2829dee12b29b7f32729e6f3292bd2cc2826ede35255db214740da053c3dbf1c3c3cdb203d3dea183e3cf045423fdc1c3739edd54a20e4fb3720e3d7341ee9e62c1dece02d1ed8dd321edd122a20c709201a3503b5ba2013caba3702c2bd0f20c0bfedf5c2c0fee8c8c033c2c1bef90ec2c1e6fdfe0cf027fd0fee15020fac36fd0fe41b0510ce27050fdc160710f332020b pre_us=0 enc_us=494861 q_us=113 pkt_us=1
[PKT] seq=112 mode=L bytes=260 pkt=01020001e413b4931c18b393f6e5a3961c1da09838ffa9992ff6a498bdc99d97612c9e99f20ae8080726ff010209040123400502111e0a0204170402eaf70502bc55030239469ebc2f3b9ab83342adbc1d12b4bf3c02b5bf1bf3b4bf4017b4bc3beabcc3f4f23b2c12e4212d02d12e2913ec2727f8d72527effd2927f0f82729f0c72424e8e54d54dd124a3fe723393ccc1f373ae40a3a3b1010373afa273e3de6223637edd7401febfe391fedd5251de209211ce5e4281db9f5271cc20f241e95301e1938f6aebb2016cbbb39d2bfbf3212c0c2ffebc9c202d6c5c247a6bfc02b31c3c4e1fef80bef27f50fee11ff0fb227000ef2101210e907070ebc16060fe33d040a pre_us=0 enc_us=494858 q_us=113 pkt_us=2
[PKT] seq=113 mode=L bytes=260 pkt=010200010814959625039296e0f3979b17db9c9f3b17a0a239f4a0a1f8ef9e9f530da3a3fc280608fa500701e83205022d2806030e2c04031b110303ed190303c43e02033e39bec0310cbfbc4535c4c33ce8c9c744e6c8c845e3c7c84ef5c5c560fecccefcc12d2821ce2e29ebbe2b24ff0a242018cb2220cbea2220e7d0232206cd1d1be4fd4c50ec21373be4353236c62e3134dc163134f7123134fb373537c4382c2eddf3151de50c111dd6ec121ad7251218dc051619ab031919c7251a1b9332141432b5bfbe25d6bdbf50bfc3c535e5c6c91dd8c8cb20bac9ca50bcc6c96217cdceda22050bfb2a0a0ee014080db4090a0ced080b0ed3140a0de0110a0dc3130609 pre_us=0 enc_us=494860 q_us=112 pkt_us=2
[PKT] seq=114 mode=L bytes=260 pkt=01020001fcec979715f8979707cc9d9dfef8a1a13ceea5a532f7a4a43406a2a26027a6a6f8070808f7430101fd2602022d1e03030f2604041d000404d8230404b84503033515c1c13bfcbebe4308c5c53adecaca50e8cbcb4edacbcb45d2c8c858ebd2d2f6ab27272fba272719c622220edc1e1ef7bc1e1e9fd51e1ec4ce1f1f39c71818e71d4f4fdf2b3a3add403535b9323232db313232df243232ee393535cb312c2ce6ee1c1cec051c1ce4071919e30c1717cf0b1818a60f1717ad271919943e121231b4c0c02fecc1c13ecfc7c744eacbcb1ccfcece2bc5cdcd44d6cbcb672dd2d2db330a0af43c0d0de42c0d0da5100c0cf40d0e0ebcfc0d0de70b0d0dd8320808 pre_us=0 enc_us=494859 q_us=113 pkt_us=1
[PKT] seq=115 mode=L bytes=260 pkt=01020001fe1598951f199395e4f997990ad1999c52e79c9e34e49c9d15fe9b9c60259f9ffc270008005207010940030227570702f2410403052a0403e62d0403c35401033f3db7be352cbabb3d3dbfc0423ac6c44114c4c4270bc4c539f0c1c24f09c8caf4e4352a17f3302ae6dd2f26f4f72523f0d32722aad62823dffe2624e4c8231ee5084552d6262f3de12e2c38be253036f90d3036091830360e253639ef122d31ded31d1eeaf5151ddde3161be6f3121acbe1181bace5171aba1c1a1c900d151634b9babd21ebb6be45d7bdc316e4c1c6edd1c7c8fcc7c4c742cbc2c53911c8cbd70d050beb36040eca2c040eb14b060d0e350b0fd426090ee337080ee4410609 pre_us=0 enc_us=494859 q_us=113 pkt_us=2
[PKT] seq=116 mode=L bytes=260 pkt=01020001e3f09b921031a491db2ca094f8fd9e952403a89627f09f95fdd29b945d1d9b95ed28f008042ffe00f62b03011e4103011033fb020f1ffe02c7210201bc59ff013038a7ba2c40a1b52f4daab93c2baebb442aa5bb350aabbb3c2faeb84716b4be0edf452d15fc2a2fe7052f2cfefb342afcf3322abf09342afbfe312cf6d02e28e5064655e8173b41e10f343ec02b323dd915343ef522333de53f3c40e528333afee42c20f5d93a20e8d72c1fe701231eeaed331fc0ea281ebfff26209525221b2be0abb92309c2b943f4bfbd3320b6be110fbcbf0bedb5be46c1b8bc3439bbc0e601f70cf823030fda1d020fb825fd0ff01ff910d40ef40fda28fe10dc3cfc0b pre_us=0 enc_us=494864 q_us=112 pkt_us=2
[PKT] seq=117 mode=L bytes=260 pkt=01020001f60097921f379192d531959514f7949656119797440896970600949563349897f92efc0806490701003f04012e480602f43f0402ee2e030205200302d85a0101382fb2bb303ab4b63254b6ba4026bbbc500ab9bc290ab8bc4b0eb7ba5211bbc0fcd33e2d1000382ee0ec362bec183329c2f33329d5ea3329ceec302bddb12d26ea104355e31d2c40e115283dca372c3cee102d3c0f182d3cf730343fea153039eed71d20ead3141fe7ca171ed3f2121db6ea181ec1e4191dbf011b1f9a091a1a27c5b3ba1bf3adba46e7b5be2e00b4c0f7e3b8c0fdc9b8c049b7b6be361bbdc2e6e9040cf01dfe0fcc0c010faf23010ef91f0510f10b030fcd120410e83c020b pre_us=0 enc_us=494855 q_us=110 pkt_us=2
[PKT] seq=118 mode=L bytes=260 pkt=01020001edf494951d309196d91d969a40019b9e4b159ca13bfa9da012ce9d9e6727a1a2ee21050807500701e94c060205530603e63f0703e3270503d2130503c44f03033737bebf351dbfbc3336c4c245f4c7c64afbc9c729ecc9c7430bc5c531dfcbcd0fb12e2910d92f29dcc32a24ece62621dde52520b0f92521a5e4232207e21e1ce10d4d51e600373ce4173337c9213134ec0830350e15303407343537f3152d2ff0f6161de4010f1ddce9111aaa2b1219bd04111aa9001319a315191b9725141431b2bebe27d8bdbf40d6c2c42024c6c801d1c7caf9bec8ca2bb0c5c82413cdcee017050bf030090ed0360a0db13e0a0dfa1c090ee1150a0dd50c0b0eeb340609 pre_us=0 enc_us=494854 q_us=112 pkt_us=2
[PKT] seq=119 mode=L bytes=260 pkt=0102000104f695951d1c9295c7ee969a17ba9a9e4eef9da040f99d9f0dd49c9e6410a1a1f1250508f2570701f328060229270603f2480703eb340403e6110503ad5102033f34bcbf381cbebc4044c4c2471bc8c64b0ac8c72ef1c8c74b07c4c452f5cbcc04b32f2910dc2f29d5e12c25f8f52821c4ff2321afe32521a8f32423f2cd1f1ce8124d51e811373cd9243237ce383135e62232350c153035ff273538e7392d2fe1f9181de208121de0e9111ac7120f19cb15131aacf71519a315181b8f3e151433b7bdbe30d5bdbf50b3c3c441d4c3c8f8dbc8caf0d6c8c938b1c4c74f2acbcde724050bfa2d090ede0b0a0db7ed090d00340b0ee32b0c0dca190a0ee7350609 pre_us=0 enc_us=494851 q_us=111 pkt_us=2
[PKT] seq=120 mode=L bytes=260 pkt=01020001f211b9911023a891e700a593fb04a8944701ab9534f9a2940bdba19363259d940209ec08072bff000315fc01372ffe0115140001161ffd011c000001ed5601012f379cb937459db43a52a3b73327a4b9480ea4b93a07a8b84f14a5b65617afbbfafb3a2e18ef2f3012e0362de80f312c01f8272cd8ed362cd30b2f2ef4ca2d2aecf75156df124141cf19363fbc143a3fd20f3e3ffa10383ff42a3f42d11a373ceeda4821ede73b20fcd2311fe6ef2e1fd5f13420d8e5311fbdfb3421ac0c281c2aecbab9290ac1b83df0b6bb2924bebd06e8c2bd06e6b9bc51bdbcbb1c2bbcbedd000a0cec23ff10d801fa10a0f6fe0fe4160111e5fefc10b8f7ff10e839000c pre_us=0 enc_us=494856 q_us=112 pkt_us=2
[PKT] seq=121 mode=L bytes=260 pkt=01020001eb1aab911609a191f8f59f931a30a1945302989543e799940bea9c9356fc9894fe18e808062ffa00162afd01254d0101fd440601f9330001f8190201e050010132359db93a3d9eb43953a5b7372ba7b95923b1b92e1aaeb84923a9b64a1db2bbeefb442e0af53730e7d3352dd2152b2ccceb352ccadb382c020c302e08cd2f2af4fb4a56de213741e425363fb8133b3fca0d343ff825323fdf403a42c73b333cead14421e6f13720ead02f1fcf002d1fcde61e20dbdd251fd8fa3021c3fe211c2ddeb4b92706b2b839f2b6bb2f23c0bdeadfb6bdf3e8b6bc56dbb8bb1914b7bee2f0070ced19f210d80df5109f21fe0fe1180311e4160310d9130510fa2afb0c pre_us=0 enc_us=494860 q_us=113 pkt_us=2
[PKT] seq=122 mode=L bytes=260 pkt=01020001ea14c0911311ae90f3fbac9310f2ba934ce4ba9436eeb3931beba39259f99e93f604e8080d25fd00f710fe013204f2010308fd01fe14fd01ed260301c0490101324198b9354099b441589fb72b269bb8401c9cb830189db84f16a4b54d22adbaf8f5372f16f32f3015f2302efa14312cecfc1e2dcbf52b2dc505292f18d12f2beaec5556d8134742d3133e40ba20423fda124b40fd174440e5394342d12a3a3df2db4b21edfa3d21f1d53720f0e9411fe4ee3c20d0e63c1fcb093521bd04281c33f5bcb8241cc0b849fdbdbb1433bdbcf0f5c6bc06edc9bc3ce3c0ba1e1fbdbde10c060ce627f810ea12fb10adfaf30ffb0ef911eb120110ea1b04100927fd0c pre_us=0 enc_us=494857 q_us=113 pkt_us=1
[PKT] seq=123 mode=L bytes=260 pkt=01020001f31cbe921716b19203f9a3952035a996460dad9735eca497dabb9c9562339b97f80be5080a1ffd01f72e02010b460702fb3a0902051a040202e80502d95a020131439abb343e99b63333a9ba2d0dacbc4efeaebc31f7b1bc4821b1ba43e2bac0fbfd362d10e2252e03db302bde04212907032229faf72a29e9ef2a2bfbcb2726e8e35155e00e4940ee253a3dd90c3d3cd10a3f3cfc243b3ce8363f3fdf253739f0d34920e8f03c20efea281ec0112c1dcc092e1ed2fe2a1ece01271fa2341f1a2cfdb1ba2307c7ba31f2bcbe3229c8c00207ccc017ddc4c051a1bebe3939c0c2e0fbfa0ceb19f60f0122000faf37050ef8291110f90b090fc2ff0710f243040b pre_us=0 enc_us=494861 q_us=113 pkt_us=1
[PKT] seq=124 mode=L bytes=260 pkt=01020001f5d6a093151da593f0ffa9972cfda6994f08a99b1de9a69a24f1a198571fa49bf520f0080532fb01f62501012630fc02fe320202012a0102fa240302e33f00023d41a8bd3133a4b83327abbd4c15afc05112b0c03d20b1c03cefb3be48f3b9c4e8de422b24102a2c19fc2a2806033126f50b2726f3042e261d0928284de42a22eb134453ce20383ed638333bb92d2c39ca1a3439d1273139ea3e393cbf272c35dee52d1ffbf1381e03ff2f1dd805281cd7ee281debe92b1cd019251ec124211833e0adbc2a1cbebc340fc3c0262abac3edfcc2c418f2c0c337f1bfc13b2fc3c6e1f8f70be71efb0fe112020eb400f70eeb10fe0fd3f1010ee310030fddfdfe0a pre_us=0 enc_us=494860 q_us=113 pkt_us=1
[PKT] seq=125 mode=L bytes=260 pkt=0102000101e097951c2b9395dfeb999a16dc9c9e55059fa01ae39c9f52149a9d5107a0a10425ff08f84a0601f824030215250503ef3b0303221f0503d62e0503d91d02033b2eb7bf3815babb4219bfc152f6c4c541e8c3c64c19c7c647cdc4c358ebcbcceec538292a122e2af3052e25efd325220bfc2721bdf52921d4e52523e5e2211ce2204551d722313cdc392d37be4c2f35ea1c2f35e4182d350d343438e52e2c30dfea191dea01171deb07171bd7131619ce00191ab9ff12199c34161b963213152cbeb7be31f9b7be45d9bec431dfc2c800e6c8c92bb9c4c93edbc2c75cdccaccd4fc030bef2b010ee0fa060dc5f1050d080b090fb507080df819080ed0e90609 pre_us=0 enc_us=494862 q_us=112 pkt_us=2
[PKT] seq=126 mode=L bytes=260 pkt=01020001141499994b21969b4b06a0a21118a5aa27e6a7af12efa7ae20e3a8ab69f6b1b2f7230708e3340902fd0f0503eb220604e3210905f026080512210705ce2103045030c4c54ae8c8c354facdcb2fe4d4d32204d9d52001d9d531dcd5d23ee6dcdea0d52724da102724c6ed211dc5fe1d18caf51d17c7ef1b17af051918ecde1310db06484ce11f3337db272d30e20e282c0122262bf827272be02f2c2eee1c2223c906111ab1220d1a9f0c1116d0140c13d60d0914f7050913e0101115b5050d0d2ebdc5c31ce5c3c533d1cccd13e8d2d3e2c4d2d6f8c5d3d60addd1d4f4eddbdcdb01050ade070c0cc2ed0b0bd7dd080af6db0b0dedf30a0bbf190c0c07fb0506 pre_us=0 enc_us=494846 q_us=111 pkt_us=2
[PKT] seq=127 mode=L bytes=260 pkt=0102000119d19a9a3cd29b9b2ab8a3a361ccabab51d5b0b033caafaf40ccadad70e3b3b3fc170808f1390202d1210303e03f0404d12a0505ea280505f20f0505c63304044427c5c54b03c3c34830cccc4c24d4d43af7d6d633fbd6d63de5d3d350f1dfdfacdd2424c9d32323c8e61c1cbecd1717baf016169adb1616a5fe1717e4c80f0fee2f4b4be7393636df482f2fcc282b2bfa212b2bfe2d2a2afd292d2df3272323bbfb1a1ab1111a1ab2f71616c2e41313c4f41414bcf91313ae0f1515a8190c0c2dc6c3c323e9c5c543d4cdcdd8f6d4d4d5e1d7d7f6d9d7d7fdc5d5d5f6feddddd7590a0add400c0ce4390b0bf1380a0a062d0d0dd02f0b0bd51d0c0c10200606 pre_us=0 enc_us=494857 q_us=112 pkt_us=2
[PKT] seq=128 mode=L bytes=260 pkt=01020001ef18bb922010ae91f6e1ae942605b29548feaf963ef5aa952bf2a09465239c96fb0de9081025ff000a09fe013106f801f6fd0602f5f90602f4100702d34a020133469bba36359bb6304ea1b93f33a1bb4802a5bb2ef5aabb24e3acb836e3b7befff6392d0ed92a2ff3b82e2cfc1b322ae4d1212ab4cd2a2af90b252cf2d32d27dde55155d9154741e31a3e3ece013d3dea09453d01113f3d062a4440fafe383af3d44820eaf13a20f3cc331ec9dc351ec9ee2d1fb0ea2d1ec10e2c20a81b1f1b2cf8b3b91c03c2b938ffbebd210eb9bffce9ccbfffdfc8bf20c6c2bd051ec0c0d6fc000ce713f80fdff0f90fb2ffee0ffbf3fe10dee8080fe3180b100f21040b pre_us=0 enc_us=494853 q_us=110 pkt_us=2
[PKT] seq=129 mode=L bytes=260 pkt=01020001eef0989416349794dc079c9810029c9b46fd9d9d3fdb9d9c1ac6999a62169e9de933fc0802480401e72903022f2e05021d3e0603e92c0603eb2a0503be5001024141b4bd2c32b2ba4746b6bf4121bbc24c0ebfc22e09bec3380cbfc04d03c2c71ace3d2a1d12302bf6083227131e2e24df0f2924aa1b2b24c2172826ebd52820e7104352d620313ddd2a2a39bf372638d9292a3802182a380234323be0262b33e8e21b1efaeb1e1ed9e41d1cddfa191bcee7181cafef191bad0f191d9612181738d3b5bc210ab4bd4eedbac13f19b9c5fdf3bcc6f2c9bfc521bbbdc42f1bc4c8e503030be92dfe0ee322020eb3f6ff0ddd11020fe2fc040ed420060ee11f030a pre_us=0 enc_us=494859 q_us=113 pkt_us=1
[PKT] seq=130 mode=L bytes=260 pkt=01020001ef1bb9911c11b091f5e4aa9326f3b2953bddac9533d7ab9404e1a4935e1c9d94ff09f2080a190000ee22030141fff7010e1707021af90b01e3150801e2400301313fa0ba3b449cb53f53a2b83526a0ba2d05a4b92e03aab93111a8b73e00b2bcf4fc332e17e3242f10cf302cef05202b07d1262baee01d2bf4fd282d06c92c29e7e85456db0b4c41e71c3f3fccfc493ef40f493ef315473efe294841f3073a3bedd44821e7f33e20e5e92e1fd7063c1ef0f0271fc5e82d1fd1ff3121a301231b2df8b9b92215c5b94600bebc2b2eb8bdfcefc9bef4d8cdbd42ccc8bb1d1bbfbfdaf50b0cea1ffc10f012fb0fac16e80ff10cfb10d40c080fe0290e10f727000b pre_us=0 enc_us=494858 q_us=112 pkt_us=2
[PKT] seq=131 mode=L bytes=260 pkt=01020001f0d5a1952025a6950509a29a2d10a69d3805b29f31dea89e28efa19c5f14a5a0fd23f2080930ff01012a04021b3a0503171c0603271c0303021f0403fc3b00033e3cabbf3e2eaabb3911b7c14702bbc54beeb9c54408bcc545f0bbc344dfc3cbecdc3f290d18232a14ec2b251c072222ff321e22d5082622f50523233fde261de6124351d021393ce6342f38b9312f36ce1f3336da1e2f35f43b3538db1f2931e2ea2a1ee3f6321de801201bdd1a231ae5102a1ad6fd211ac928211cae29191531e2b0be2d16c4be4401c2c3311dc7c70e0bd1c91be3c9c83bd3c3c64a2ac7ccd8f0f90bdf29020ee41e030dba1a040de70e0e0fc805050ddc18020edc120009 pre_us=0 enc_us=494859 q_us=113 pkt_us=1
[PKT] seq=132 mode=L bytes=260 pkt=0102000107c998983c3d95994a309da05404a5a64010aaab25f2a7aa2fd3a5a761f0aead04070408de480602f53b07030e1a0404db1b0504f0190504f9280504e11603044b26bfc33af7c3c147f0ccc94ae6d0cf2cddd0d12cf7d1d133dbd0ce45d4d7d9a6ba2d25e5152b25d803211fbb111c1ac0f01b19b0e01d19aeef1c1bf5d51513e133494dee0a3238e6142f32eb062b2efd1e2c2ef4342a2df13b2f31f6292526c002171bb3210f1ba92b1017a6171315cf0f1416d3ff1215cf171417a615100f35a9c0c230fdc0c32812c9ca07dacfd0f8d1d1d314cbd0d20edbcdd02fead7d8d4e2050adf23070dcb340b0ccb190b0b03080b0df1fd090cdc1e0a0c00f50507 pre_us=0 enc_us=494854 q_us=113 pkt_us=1
[PKT] seq=133 mode=L bytes=260 pkt=0102000114ad9b9b5b029d9d61eaa6a65adcb0b04bd9b7b72dcab5b541bfb2b257bcbbbb33c80808ed4002020c2d0303fb330404ec280606fc020505eb3805050a180505591dc7c741f1c6c655fbd0d042ffd8d82dfedbdb2d14dcdc3106d8d836fce5e59db82222d0c22121d8ee1a1addd61414aed712129fd41212bfe81414c9ee0c0cdb354a4adf183434dd132d2dd11e2828071227270224262608222a2ae4251f1fb4dc1919aefc1818ad0a1414d7e81111b6fc1212c1e71111d6021313bdeb0a0a2b90c5c51002c7c70de8d0d0e3e2d8d8eae1dcdc04b8dbdbe6e3d9d9e3d8e2e2b0e60909c5240c0cc2350b0be02f0a0adf260c0ccc150a0af8370b0bbb110606 pre_us=0 enc_us=494857 q_us=112 pkt_us=2
[PKT] seq=134 mode=L bytes=260 pkt=01020001d911bb931810b193f6eda4961b13a79949f1af9a3802aa99fad3a1975f159e9af609e8080f28ff01121a02012333030204140002f3160302fdff0602bb4d02022d409cbc3e3f9cb83545acbc381fb1bf3701adbf22e9b0bf4c01b4bd3bf2bec4fdf3392c19eb262c0ee72c2901f72926f92d2726e7252526b0f825281bd32523dfe34e53d61a443fdd27383bcd28353ae50f373a0e1e3a3af93d3e3def2f3336ffda431febf3391feae5291dd405261cdf032f1dc01c2b1cb728271e9d261c1832f7b3bb2412c7bb36ecbfc03b27c1c2faf7c6c303f4c8c337c0c3c1471dc4c5d7fbfc0be922f90fd321000eb21a010e0008020ff906040ec814090ff735050a pre_us=0 enc_us=494862 q_us=113 pkt_us=2
[PKT] seq=135 mode=L bytes=260 pkt=01020001deeca596213ea496ef04a29c350da4a03affaea333f6a9a2fdd5a3a066ffa6a4ec20f308f8390101f02e030239290503092b0304f8220303ff160603df480303403aacc03d21acbd4b36bbc344e9c2c84df8bfc921fac0c939ffc1c74feccccf0fd63d2828092128140d2b2327092120fb13251fe3f8241fc6071f21e9e81c1add134350e520373bd92a2d36ca272c33de112d330e1d2b33093d3236f223292dedec2d1dde0c2d1ce3051e1ac62d1918cb052319c7ff1e18cb161d1a963815133eefb6bf3b29c3c04f03c4c63907c4ca04f2cecc07e8c7cc24bec5ca1026ced0d8ed000bf633fd0dde25020dac1d010ce6080a0eec0a040de122040dd33c0408 pre_us=0 enc_us=494857 q_us=113 pkt_us=2
[PKT] seq=136 mode=L bytes=260 pkt=01020001d9e2969625329396e803989b32419aa054169da238f49ca1edd89d9f6013a2a3e8180308ff540901e82d0502343d0603093e0604043a070326200503eb340403403fbbc03b05c0bd462dc5c346f0cbc84bfeccc92e1accc934f5c7c64cd5cfcf0cab30281fd52b2810e52a230fd4262007d9251f0de1251fe40925213de21d1ae3174c50df16393bd8243236c3072f33e3fe2e3305072e33f0223236f0252b2ef4f01a1de1210e1ce208131ac31a0d18ccfc0f19cdf40e18d418151a9849111340b0bebf33fabfc051d4c5c546f8c7ca03cdc8cc07c5c8cb2cb9c5c93a13cdcfe410040bf02e090de5220c0da901090c01190c0eec31090dba0e0a0dd51d0508 pre_us=0 enc_us=494851 q_us=110 pkt_us=2
[PKT] seq=137 mode=L bytes=260 pkt=01020001dfe7a4951c41a495e20da3992902a69c4d0bb29f3de0a99ee3cca29c69ffa29fdd24ef0802340001ee2606022d2c0102fe260203f626040316fc0503d14902034441a8be3316a8bb4934b7c0490bb7c44307b3c53f12bbc53bedbbc24be9c5ca0cde3f2a2213232a00012626fb0836230b1d1d22ebfe2522dc0c222413c3201ee10e4452e0183b3de42c3438c21b2536d8232f36ec323036f7423839dc3a2f31edf2301eea06301de205221bc8031e1addf42c1bd9ff221ad721201c9d3b19153ff4b1bd3620c4be4ff5c9c33831bcc60006c8c8ffe3c7c845b7c4c6242fcacbecf9fb0bef2efe0ee222080eade9010dfe0c040ffe0f040dc810050ef4260409 pre_us=0 enc_us=494855 q_us=113 pkt_us=2
[PKT] seq=138 mode=L bytes=260 pkt=01020001edeb98951a399295d82d99991efa9a9d4f05a09f3de89c9e0ed49c9c5a09a0a0e432fd08fe500601e94504022b3305030b40040305320403ef0b0503b24e01034337b7bf281fbabb3c28bec14f00c4c55106c1c53401c4c54afdc2c349fac8cb13d23a291f0a312af31d3025fb072922c4ff2a22c8272622c81b25230bdb211deb184151dd232d3ce11b2838ba332936d923293600222a35ff293338e6392c31e5e3181ef4ee121de7fb141bcd09121acaf21a1ac904151aa3231a1c9133161539cfb6be2703b2be4204bdc335fbbdc7faf9c2c9fcdbc0c843adc1c6441dc9cce8ff030bef28fe0ed827040db00a040de318060fd726020dcb13080ed9350509 pre_us=0 enc_us=494854 q_us=110 pkt_us=2
[PKT] seq=139 mode=L bytes=260 pkt=01020001def19a9514479395c5f1989a1b269c9e3b189da036fb9d9fd1c79c9d621aa1a1e133fc0805520801cd2e04021944050302490703f03c0403db100403bb4e03034141b6bf3321bbbc4c49c0c12df8c3c63bf7c7c6330bc5c63f10c2c43ae5cbcc10df3a2920172f2905dd2c25ea1d292200202321b6fe2921e3052723e9d01f1ce31f4051db212c3cd9302b37c4242b35d6102d3503182b3506413038ef312b30ece71b1de9fc121de4f4131bc3121519e00b141ab2f61619ca17191b9a33141542d8b7be3514b2bf51cbbfc43128c0c8faecc7c9fae0c5c941acc1c7122dc9cde5fd040be538ff0ef00f040da50f040df128080ee71d080de203060eed3b0409 pre_us=0 enc_us=494857 q_us=113 pkt_us=2
[PKT] seq=140 mode=L bytes=260 pkt=01020001f1d196961c349397f20d989c1f269ca148f79da424e79fa3e6c9a0a163fda5a5f9160308024b0501f32b06022b3608031b400704ff3207040c020403e83e03034433bbc13d0cbfbe4820c7c446f3ccc95a0aceca2604ccca3ff1c7c84fdbd0d1ebb5302811e02f28fbe429230acc251fd31d261e02dd221eeff52120e7d01a19df274b50d315353ae82b2f35c7162e32c6132d32f12c2f32e5403435c0412b2ce1fb1a1cde08111cde081119da270d18ce1d0b18ed041118f017191aac35131237afbdbf39efbcc052cdc4c63205cccbf5d6c8cd09d2c7cc42aec8cb2911d0d1ddf2040ae125060de703090db9e70a0cd3fb0b0ee415080de00d0a0dec190708 pre_us=0 enc_us=494855 q_us=113 pkt_us=1
[PKT] seq=141 mode=L bytes=260 pkt=01020001eed79d931427a093de0e9f9729349d995404999b32009d9ae2c497985eff9c9b0221f6080839fe01041f0101334a0402013a0802f62d040210020602e75c01023437acbd3537a6b93d4aafbd461db6c05211bfc0250ebac04216bdbe5d0bc2c5ffd9402b19022e2cf8e42d28fb013526d6322b25e30a2b26db052727fbbc2622db1a4653d31d373ee322333bb2102839dd2f263903262c39d53d363cbf3c3035f3e1291ff2f32e1ee4e2261cdcec1d1bc6f2111ce1e61d1ce8011a1eb52819182ed2b4bc3213bbbc50e7bfc01e27bac3f6f0b4c402e2bec4459fbcc22628c3c6d9ee000be527fa0fce1dfe0eacf1020ef324fe0fee19030ec406060fe63b050a pre_us=0 enc_us=494857 q_us=113 pkt_us=2
[PKT] seq=142 mode=L bytes=260 pkt=01020001eed59a95212f9695f31599992e029c9c4c099c9e2e089d9de8b5989b640b9f9ffb32fb0807420601e34703022b280602f94a0503113a05030c050603f35902023a3eb2be3c2bb4ba3f32bbc04afabfc44affc2c43511c1c44021c3c258fdc7c9f7d03c2a0d222e2a010c2d26062c2c23e9162b23d9122c23ea232924ead4211ee2194352d71f303de22c2c39c6282836d7172937f9132636e73d2f39c72f2c32eddf1e1ee1ef181eebfa181bce08181ad6fc141bdaea171ad31a121cac2a16162dd3b7bd2801b4be4605bec33002bdc6faedc0c700e6c0c74fa3bdc52425c7cadaf4040be527fd0ef21a010eb3e5020df615060fdf0b050ebf08060ee13d0309 pre_us=0 enc_us=494862 q_us=113 pkt_us=1
[PKT] seq=143 mode=L bytes=260 pkt=01020001fff79a9519309995c9f69c991fdf9c9c42fd9e9f3f139d9ee6c29b9c682aa09fed33fb08f5400501eb320502382f0502112b07030523060306f20603da4901034335b3be322eb1bb4345bac05021c0c44804c2c533f5c1c53e00c2c247d6c6ca0fd23c2a1a092d2aedf7302603273023dd072a22ac1a2622b81f2624f3d2231eed104451dc21333dd5382a38b12e2436ef2e2736fd1c2936fe323139ed232b31dff11e1eeefa1e1ddee91a1bd4fb121acef3111bc1ef161ac215181c9031171533dcb7bd30ffb9be52eabdc3300bbac604eabbc8ead8c0c843a0c0c63128c8cbeaf5030bf62bff0ecc13020eabdd010deaf2030fde13020dbdf7080ecc2c0409 pre_us=0 enc_us=494861 q_us=112 pkt_us=2
[PKT] seq=144 mode=L bytes=260 pkt=01020001e9e8a3941c22a394e7e9a69815faae9a44f9b39c32faae9bc9d7a1996200a09ce72eed080a34fd01fc3500021826fc02051bff031418010214ff0402e84702023948a6bd353ba5b9454aacbe5225abc2461fafc22cfbb2c235f2b6bf51e6c1c71bdc422b1f0b282bef012c27091c2e25f30a2124f3142324e2202526f0d12320e0094453df15393ed329333ab82e2e38d6293038f72633380533393be4343034fde6311ef2f6331eeef02b1cd7f3301be0e6311cd8fd2b1bd924251da82f1b1733f5adbc2214bebd37fcbfc13635c3c4fe0bc5c510fec8c547bac1c31d17c6c8e908f80bf02ff80ee224f90ebaeffe0df20e090fde1d030ebb0f030e002b020a pre_us=0 enc_us=494861 q_us=113 pkt_us=2
[PKT] seq=145 mode=L bytes=260 pkt=01020001e722bc92231db892e3e9b09520faaf9659faae9725eeaa97d6c2a1955e119f97f110e9080a2df901f6fcfd012d360102f0230602f8170202fef90602e653040132409cbb37439ab6395ba3ba3633a6bc4310abbc1902a9bc3103acba4afdb8c0f0f9342d0cea272ef5f32b2be5fa2b29eee62229dee52a29f3dc272bf1c12426ecea5255de0f4840df073e3dd01e3c3cde183e3c02103f3cf03e443fd62b3739f2da4820e7f2401fe7c3341edaf0311de0fe2e1eebf12c1d01032a1fbb1e221a36feb6ba1a27c6ba44dbc0be1e24c7c0ec07c7c0ecf9c5c02eb1c4be082ec3c2e304010bf229f50feb01f80fb81e040e111d0710f114fc0fe3f8050ffc3a050b pre_us=0 enc_us=494860 q_us=113 pkt_us=2
[PKT] seq=146 mode=L bytes=260 pkt=01020001e1fa9a9518339896dfdb9c9afc099e9e38ea9fa124ff9da0d1e39c9e6821a1a2f523fc0809440501ee2e04022a3605030f3706030d310503fc100503d05602033d38b7bf3c2ab5bc3c31bcc24012c2c6450ac4c727f7c6c73bf3c3c550efcacdf4ca3b291c1c2d290f072a24e7f42a21f71b2720f7062720e017272228dc211bdf084151d4242e3cdf462c37cb2f2a34dd1b2b350d182b34033a3137e12f282feae0181deaf11b1df009181add0a1619e009161acd141319df34171b9944131438c7b6be2b0db5bf46d5bfc4470cc1c80ccfc4ca10d4c4ca40c4c2c83d34c9ced7dc040be51dfe0ee81f010db0fa020df201050eecfd050dd4f4070eef320109 pre_us=0 enc_us=494861 q_us=112 pkt_us=2
[PKT] seq=147 mode=L bytes=260 pkt=010200010221a594172ba794d6eca2982715ae9b55fab09d51eca59ceec8a09a6c40a19df027f008ff2ffc010c1602022a35fe02f6240103f110020307f20403c94e00023735a7be262ea5ba4144b1bf3f2aafc24c06b1c31cf0b8c343fdb7c043d7c1c7faf03f2a2cfb2a2bf1022d27f1072b24edeb2924f0fc2924b3012826eed22520e3f74752de25383ddf0d3239cb183037eb1a33380b1d3237ed37373a000b2d33e6e6331ef8f5381eebd9251cccfa291bc3fb291cb6f91f1bb816211d942b1b172ff7b3bc241abfbd44d9bec2252bc1c5fa10c5c601cfc1c63ab3c0c42830c5c9e118010bf02cff0ed7d5fe0eb216fb0dfd05010ff3faff0eb903020ef530ff0a pre_us=0 enc_us=494861 q_us=113 pkt_us=1
[PKT] seq=148 mode=L bytes=260 pkt=01020001df1faf901116ae8fdff1a7911b209e9247f1a1923fecaa91ebc5979052009791f8f8140802262300010c110117361801fb2f0f010d081301ea020b01c75c08002c46bfb73140b0b22d55acb5302bb2b5331fabb52501a7b5390dadb2421bb3b7f2fa1b301ce510310de71f2ff2e2172f02d32b2fe8fb142fe0c92931edb9262ee7e15c57e3144e43e3104741de194a41e9114442060d4c42fd364a45e0284240fbd93922f2ec2e21f6e02521cb031d21dcf22721c6fe2e21c4fe2523af12241e29eabbb71e0ed8b638e1bfb9380ac3ba0101bdba03e1cdb93daabdb7290dbdbae1fb420cf41e3c10db211b10c5171f10f8181111f11c1610d4200f11004b0c0c pre_us=0 enc_us=494854 q_us=112 pkt_us=2
[PKT] seq=149 mode=L bytes=260 pkt=01020001f829af931c18a193f1e19d963124a49848f7ac9932eba99902dc9f9764199d99f521e508042cfc01f32003010f4c010209330102fe19010226050302ce48010239409fbc3d39a4b82f46afbc2e2aafbf451eadbf2c1eaebf4305b1bc42e3bbc3eaf7442c11fd2c2d0cdd2d2915f22e27ea002c27dffb2827bafd2a29eccc2824edfe4554d729363fde2e353cc413303ad71a333b0223353aeb2e3c3dff293036e2cc441fe2f2371ff9d3241de1f92a1cdde82c1de2e62c1cc901271e9e291d1936fcb3bb2506b7bb36c9bcbf2135bdc2f20fc3c3f3f7c3c238c8bfc0251dc0c4de09070be823fb0ffb1bfd0fc527fe0ef2290110f120010eb90c040f0622ff0a pre_us=0 enc_us=494853 q_us=110 pkt_us=2
[PKT] seq=150 mode=L bytes=260 pkt=01020001b40fb98dd637c98ccc1eab8dc9fda68cb01ca78cf568ac8bb0f7958ac578ac8ad3000508f41833fff6240d00ee091300fbf12600de5717fff83112ffcb3919ff0349ceb20a34b6ad0d17a7ad2027a5ac2049b5aa2270adaa1f70a5a828709eaa14f3ce3404ffdc37070d1b37ff0b1b38fedef8390fad103905e2263b07020c391ff8555c2806414832194548151844491204484a07d0514a0edb534d09de4a4af0d51925dfe61625daf02a25e6e02a26d5e10926d7ad1926ecaf2728e1a03824240ca0b22014bdb1120db3b223f4b7b156e7abb04b4daaaf4311aaad5e31c3ae06f62a0d100f42121122211306191b13def72c1418eb2913e5d01e141def360f pre_us=0 enc_us=494855 q_us=112 pkt_us=2
[PKT] seq=151 mode=L bytes=260 pkt=01020001b70fb18ed739c88dd809a58eddeaa18dd609a98d0e3fa68cb9cf9d8bcc6dac8be8f90208e9154000f81524000b032300f7f52800a1471e00001f1900b44106fff93fd3b3f92eb7ae0914b8ae0917b8ae0134c0ac2773c7ac0674adaa18799fade901d933f7ffe136ee090a35e7010936c8f9e937daadda37bbdb183902e3083704f4535be00e4047ed304147e9254148c01548499dfb4b49c3074b4bb3e1494812cc162518e8142423e811241aec05251ce205252caef7251ca0182706a0322315ff9db31c11c8b21118b0b321e1b2b33905aeb23f44a2b140f5aaaf5e41b4b10de1270d130a4912220d2f121af2281205ec37134ce33012f0d029130716150f pre_us=0 enc_us=494856 q_us=111 pkt_us=1
[PKT] seq=152 mode=L bytes=260 pkt=01020001c807af8d0520aa8cfa299e8ddef8978cbad8958cfb20988bafba948ac6519e8adcfb0d08e7282effe6281c00f20d3100dc05350092562fffcd1f25ff91572dfff644c6b30738b3adfb16b0adfb16c3acea35cbab1e72beaafc71b0a8da69adab1efe01341cf60637f4100e36f01b0637eefc0f39f0b61a39cae11b3b04f40139f9f3575cdbfb4f48eb1b4c48ff214c49db2d444aa1104a4ab808544db9074f4a08d62b2502ed2d2407ed1d2503e70d25f6d50c2602b3122601b01328e4da1f240a08a6b3010dc7b1ed0dbab2fefab5b112d4b3b02c25b5af26e1b2ae3038c2afdcec400df0034712f6142e13f7fa4813c0ee4d142feb4813d2d83814e5353f0f pre_us=0 enc_us=494857 q_us=113 pkt_us=2
[PKT] seq=153 mode=L bytes=260 pkt=01020001fe09b091242ab19023f7a592fdec9c93f317a793230ca292cecf9c911d429b920c02fc08fc220a001d140f0130f608012dfb0c01b9190201141b0301ca5c01012b36a8b830269fb32411abb61cf0afb73e06a9b76853a5b65346a5b45541acb9dff9312f1cee19300cd21f2efcd8292decde292e53d4322e11ed303061d6312cf2ed5957f20e5042e31d4740eb1c4440db014541bb353d40b5484443ac1c373eece54421e3074021ffe72a2007ef2920e6ec2d21c9f73020f6f42e22f51c291d21efb5b82419d3b7fce4c8ba19c1bfbb4adbc9bb6833b8bb5febbbb95a56b9bce8f3160cfc221310ec231310d8e70810ade214110515fe10c3210011eb47fc0c pre_us=0 enc_us=494860 q_us=112 pkt_us=2
[PKT] seq=154 mode=L bytes=260 pkt=01020001ef0ebd921824ae920ade9e94f4e2a696fefdac970306a796b8d2a0950c47a3960302e408fe290301151905011c10030234180602b0160102060d0402c75000012d449abb2b279cb62120b1ba1711abbc4002a9bc6961aabc4e47abb95e30b1bfecfa392d1ee2202e0fd42b2b04df2c29f3d62b2959ce2d2907fa2b2b4fed2926e9e64f55ed184940f6243b3ded0e3e3cda10403dce323a3cb8473f3fb6213539f1cd4820f60438200deb231e19e92b1df5ff2b1eccf12e1efc012820dd2e281a2cf4b0ba2315cfba05ddbdbd0ee2c1bf3cf2c9c06d1fc0bf61fdbebd6b5bc1c1e3e8f90c032b000ffb29030fed09fe0fba0605100726010fcf140310fb4ffc0b pre_us=0 enc_us=494863 q_us=113 pkt_us=1
[PKT] seq=155 mode=L bytes=260 pkt=01020001cb2cb490fd27b08f1619a69103f4a491bbd9b291fa07a390a0cd998fc72c9c90cafe0c08e31c1000ec1a0f00d0120901d0e70d018e2eff01c81d070094540900f03daeb70f33a2b20c00a5b40b18a5b410179eb3386d9fb30961a2b1ec55a7b51aff1e3000ee1932dcd92630d9f3223003151d301db53431d1d5303339bd272ff7da6458e50355440e0948421ee94d42ebf45443ce284443bd314946be184441efea4e22d4eb3e22b9012f21b7063121ad0836229fcf3622dad82823d30b261f0af2c3b60b02ddb60318c2b8f508bcb81ebed9b85a29b9b846efb7b63d48bcb8d3062d0ce0101f11e61a0b11060cfc10abeb0e1208eafb11b016fb11d743fd0d pre_us=0 enc_us=494866 q_us=112 pkt_us=2
[PKT] seq=156 mode=L bytes=260 pkt=01020001082aad920e13a0920c069a95fb0aa097e6fca998120ca697b0b69895da419b97f024e808012d0001213f01011c19010227020002af1dfc020e190202cc5b030130359ebb2c26a4b72203b0bb1cf0b1bd4616adbd6c5ca9bd4e53b1ba4a44b7c003f8422d17e82b2e06cc332afe012c28d9fe2d2856da352900f6302a3fd42e25e2fc4854e6283d40e51b353d1014373bd51e373cc429323cb44e383fbc232d38f0d34420f7f7311f09f5211ef8f8281de5df301ebce22f1df9f41c1ff61d1d1a27f5b5ba1df2bbba1804b7be19dfbec044cdc4c17013bcc05cd4b7be6952bbc2ed00080bf928fa0fe522fc0ff30efe0eb1000610fce4fb0fbcfcfc0fef46fd0b pre_us=0 enc_us=494862 q_us=113 pkt_us=2
[PKT] seq=157 mode=L bytes=260 pkt=01020001fd0fb8912219ad9121f3a19305e3a19405f4aa9514f1a494d4ca9993273d9a940707e4080226020013240101141303013a040701a62e0001fa2e0201d7560201343f99b925269bb42015a8b81afcaab93a08a5b96958a7b94f59aab65538b1bbdcf83b2e17e5252feff52f2d05df302cd3ce222c5ae1352c16dc332e54e52f29eee85056f3134a41f01b3d3ff6233f3ed40f4a3fcc333a3fb3443e42ad23343ce2d64821ec033920fceb2d1f05f5291fe6022f20b200321fedde2421d823231c2af4afb91c1ac8b8f8f0b9bb12e1bdbd34e1cfbd6a21bbbd53deb6bb5f57b9bee3f2fb0cfd23fd100227fc10f307ff0fad0f0411f7030110d113fd10db4efe0c pre_us=0 enc_us=494862 q_us=112 pkt_us=2
[PKT] seq=158 mode=L bytes=260 pkt=01020001cbf9d98cf629e18afdf2b38aebc8b389cad1b7882310b888d1c5a087e956aa87e4f70308f12825ffee1707ffe3091effd70422ffae5110ffd7490eff97590bfef537cdaf0140aca9f125a2a8fd17aba5223da9a448739fa41d6998a1047197a323f8bc381a0ede3b360d013c0efef53efe25fd400caf084017e51e424801094109f7445fe5f5414bf00b4f4d00214d4fd7fb4c50b1e45150ddea5453dad74f51f6e50728e4e61327e6ea3128ccdf1b29a8e2172ad0bd1c2adcbe312ccdbc3c290d059caff923acadde0aa2adecf3a7ab0ae7a7a9ef349fa9e923a2a7f846afa7d5f11d0ecb132914d8051215df0e2615a5152115eef50c15c6f31216e3341f12 pre_us=0 enc_us=494861 q_us=113 pkt_us=1
[PKT] seq=159 mode=L bytes=260 pkt=01020001011cbb911129af900f1c999302079e9403eba99424e2a693cbc89b9202559b93fc05fd08052d0e001b3510011f080e0123100c01b51e05010f1a0a01d95507012d37a5b92d24a4b42107b7b725e1b4b84e16aeb86956a9b84859abb5524eb0bbf601282e1bf11b300ef2242d11d4252cf9f21f2c4ebe302d05d02c2f42d4282aefe85b56ea144c42e0133f40f51c463fc9294540b33f403fab3f4442aa013c3df0dd4e21fbf736211af81a1f0cff1f1feffa3220c8f42e1f0bdd2321f609231c20f5c1b81ffeddb802f3bfbb1cccc2bc40f2cabc6a20c1bc57dabdba6152bdbdeefc1e0cfe231e10f32e0d10ed03100fbd1c15110eff0910d60c0510dd4bfd0c pre_us=0 enc_us=494854 q_us=111 pkt_us=2
[PKT] seq=160 mode=L bytes=260 pkt=01020001e913a993151da29303f39c9617e79d98fce9a699221ba099d7b898971d4a9f99f71fed080b33fd0111370101261401022e0e0202b544010213240502da5b03022b35a2bc3332a3b81f12afbc2607b5bf441bb1bf6555b1bf4f59b6bc5550b8c30ef1422c22f52f2d24ea302917d22f27e8172b2741ce312710e5302950d02a24dfff4754e01c363fe431343cec22313ac529353bba32323ab043353dab172d3605d83b1ffef6341f22f1221dffe5201cf0ee2c1dcefa251c0ee2191eef091e1924e5b7bb2312b6bb09f0b9bf1bcfb9c23dddc1c3682abfc24bccb8c05655bfc4e2f9090bf731f60ff826fb0feafcfe0eae1805101106ff0ed50b010fe156fd0a pre_us=0 enc_us=494860 q_us=113 pkt_us=1
[PKT] seq=161 mode=L bytes=260 pkt=01020001eadd98941b2f929426e9979807eb9c9bf7099d9d06179b9cd405989a30489b9d0420fc0802500501053a02021438030231280303ac3d0303023c0403da600402332fb4be2b1cb7ba1b0cbcbf240fbec24b06bfc3704ebec35233bdc0541ec5c7ecde3b2a2201302b22062e2708032a24e3202c2456d4302411052f264ede2520e4244352e528303def2c2e39e4242f37ba232c38b4342937a94c2e3aa62a2a33e7df1c1ef5fb161e01ff181c00f91b1be60a1a1bb20e171bef0c161ddf33131734bfb6bc2407b2bd02e1bbc215e6c0c546dac1c6740cbfc65f17b9c45d4fc3c9d7ec040bf934fe0e0338040ee329040da50d060feae6040ece10030edf52000a pre_us=0 enc_us=494857 q_us=112 pkt_us=2
[PKT] seq=162 mode=L bytes=260 pkt=01020001c104af8df62fbb8cf2fe9e8de6df9d8cbddca78c0314aa8babec9a8abc65a78adb040208e72a35ffef2d1800f60b1c00d0012a00924716ffc81a0bff965215fff445d1b2f62cbaadfc0ab1adff11b1ace334b8aa236ba6aafe6fa2a8ef759daa16fcd83412fbe63701fe1437fc1f1138e7ec0239e1b31139c0e7213becd11039fcf6525cebff4848f4284948f7244949ca2b454aab1f4b4ab4f74d4daced4e4a06ce172504f7142508f81425f60c1226e9de0726deb9222602b02628dab42f240cf79db2ff0eb9b1f604b2b208dcb3b10cd6aeb0373bb3af37ffa2ad4e3dbaaedde0280dea0b4212f7fc2713e9e52713bbea3f142fd22a13dec70f14de17200f pre_us=0 enc_us=494857 q_us=113 pkt_us=1
[PKT] seq=163 mode=L bytes=260 pkt=010200013fc39c9c41bd9d9d17caa6a62dc7b0b027b6b7b75acdb5b521cab2b27b0abbbbef200808e33d0202fc0f0303f5090404e923060625110505011d0505de2b05054ce3c7c73dd7c6c622bdd0d024d8d8d82a00dbdb6beddcdc61d7d9d973d2e5e5be112222ddfe2121b4081a1acbfa1414ae07121294411212a6201414d5010c0ce24c4a4af8463434fe442d2df03c2727e23d2727a7302626da3d2a2acd261f1faf3d1919bd3c1818c9321414cd1a1111cb1512128d371111a242131385580a0a10e0c5c52003c7c712e7d0d00ee3d8d80ce7dcdc4e03dcdc50ebd9d94739e2e2e8470909f0490c0cea190b0be9150a0ade2c0c0c921f0a0aa60e0b0bbb330606 pre_us=0 enc_us=494856 q_us=112 pkt_us=2
[PKT] seq=164 mode=L bytes=260 pkt=01020001f0029593fe389092ff009695daef9897f71b9798f0429698bf0c9396235d9998f527fe08fb490701102e0301101605021f150602a42f0202ff2b0502a26105022928b4bb2b17b7b72001b9bb2709babe5319bcbe624ebabe5141bbbb5d50bdc10ecc3c2c1509322d07e2342a060f3128fae32e2843b53828eb01352a55ea2c25eb184354ef25333f00282f3cf0332b3be0332d3be836283bbf442f3eb02f273804dd1a1f04f5131ffceb191dfeea1a1dd3f1181ebff3171de1f8111fbe1718191fc1b3bb2cf5b1bb1cdab8be2dc3b8c15bcabac27614b9c1690db2bf7363bbc3fcf3020b0337010f0117070fdef3040ecafa051024f0030fdd18030f0a5aff0b pre_us=0 enc_us=494863 q_us=112 pkt_us=2
[PKT] seq=165 mode=L bytes=260 pkt=01020001c9f8b490ed25b38ff0f5a590e9e7a090bffaa591f22aa690bff89f8ffe62a18fe004e308df24fd00d51a0000d51e0001c108fd019e50fd00c032fc009161fe00f82d97b6eb2195b1ea1b9eb30520a1b321409eb32a629bb30e589cb021629eb4270440312600283226072e310e0736300024323114c53231eff637332bdb2b30fffb5258d9074c44cd064343d3124043bf174144a5224443b4104346a5f74242fbe04b23edfa4222dbfe3721c3e73521a0f83a22c8e33c22c6eb3b24a50a381f10f7acb6fd1fc7b5dfe9bcb8f8d9bbb843fdb8b8352fbdb73a0eb6b54f4dc0b7d6eaf90cbd15fb11b700ff11c1fc02119810fd12de1cfc11a7f8f912bb2af80d pre_us=0 enc_us=494865 q_us=112 pkt_us=2
[PKT] seq=166 mode=L bytes=260 pkt=01020001dd2c959404379194d0169698e80d9a9ccc02999d1e1e979dbff2969b46549b9ed0320508d94a0801e6370602f4130102d51906038f400603dc270603956404020e2cbbbe091cbcba04f0c1bf22dbc1c32c0bc4c33846c7c41632c4c1343fc9c821c5302a0fd9322b03c82926e6e22a24d1ce2a23e69a2b23cbc22a2522ae231fe6f14b52e311353d011d353911213337073b3237d9353137df34353ade162f32fdfb151ed9fe111ef3ff161bd20f181aac13121b9e0d0f1abdfc121c961512161bc0bebd1be1b8bd11d3bfc228c7c4c54ac3c4c75c05c3c64ed8bfc44c3dc8cae307050be41d080ef1220a0ef6e2090dcff3090f1e0e0a0ebe200a0ef8620609 pre_us=0 enc_us=494860 q_us=113 pkt_us=1
[PKT] seq=167 mode=L bytes=260 pkt=01020001f2fda0910428a2900eed9a92fcdc9893e6f696940d359993d0e49792fc439693ee22ed080a26fd00112e0101181f01011a250301cd5600010c310201d05b0401272ba1b923299eb41f0fa9b7230cacb84c38b0b75764abb74e5fa8b55b62b0ba12e1442f15f42e300ad8382e0c27332df014342d30c4372d03ec372f4cde322bef0b4956e8123e42e52d3740e42f373fb3323440b3243340ae373a43992a303dfee9392104e93a2110e92520f7df261fdce32420e2df2b20efda2822dffe211d1de4aeb81afebbb80be8b3bb1bcdb5bc4bcdb6bc5d2cb7bb59eab5b96b4cb5bdf7fcf90cef1cf910fb0cfc10d307fd10a60c0411f32fff10b5280111b74efd0c pre_us=0 enc_us=494857 q_us=111 pkt_us=1
[PKT] seq=168 mode=L bytes=260 pkt=01020001ee0a9495032791950f039699f8f79b9ddb0c9e9fd4119c9e98f0999cda599c9fe2230508104706011c3a050204190302040503039f160303e0260303ae6505033028bcbe2008bdbb1ee7c2c01df1c3c432e9c4c5523bc4c53b51c2c2564dcbca1cb52f2a18cb322a08d92a2617ce2523efea242251a32722e3c02b2436c9221eec0e4e51ec09373df62135380a1a3336d40e3436cb3a3236b4343339a31b2d31fff8171e03fa121df2ff131be3fa181ab80e1a1ba008171ac3e5151ca6300f152eb3bdbd22cebbbe13d2bfc323b7c4c643b8c7c86bddc6c864d3c1c67357c8cbfc22050bec28080eeb220a0de60e090dacf50c0fd6fb0a0d9d01090eac5c0509 pre_us=0 enc_us=494855 q_us=113 pkt_us=1
[PKT] seq=169 mode=L bytes=260 pkt=01020001b611bb90bd2ab590b9ec9e92b8fdab92bbf6b493d969b8929df5a791b775ae92df00de08ea18fe00e918ff01e50dfd01cf12f701b664f301d934fb01c45ef400fa3996b8f33596b3092fa4b61534a0b714669cb6f77796b618779ab3f7789bb8d8fa392feaf22a31f5e9342ffa09312ee4eb302edcb0362ee9f43630fed1302c0aed54572b014a42382d3c4122123f40e50341410ade4541f9df3e44f2d0383f03d54e22dee23e21d3ee2e20d7f03820cfcd3d21cfa64420f0a83a22eb9e3e1d1e06acb82618c8b72cf5b2ba3c07c0bb5405bbbb4e4ec1ba50f6b9b85d39bdbb11f9f40c1213f710132af210070afc10e620fa112115f510eceaf711042bf20c pre_us=0 enc_us=494858 q_us=111 pkt_us=2
[PKT] seq=170 mode=L bytes=260 pkt=010200010702bf910c11af9009eea19315e39d94efe9a7942002a793b6de9e921b519d93fe13e20805250100121c0a01122cff0122230201aa42fc01f9260101dc600201293a96b9272b97b412fbaab7210eaab84522a4b8605ca2b84a65a4b55a55adba06eb392e1be3273009d8232e16e5382c0c0a2d2d54e2322deadf2f2f40de2a2aece45456f10a4b42fc2b4540e7103c3fcc184040cc223c40b83b4242ad193a3df5e94b21fdfb3c210aff2820fced2d1ff60b3020c312341fe7e02e21cb1a2a1c1b03b3b81d0fc9b808d3c3bb0dfeb8bc42f4c1bc6128bcbc62e5bcba675abdbdf1f7fa0cfb18f910022c0810ef17fb0fba08ff111bf5f910bd13fe10cb63fd0c pre_us=0 enc_us=494855 q_us=112 pkt_us=2
[PKT] seq=171 mode=L bytes=260 pkt=01020001ec12b390021ea88ffee49e91e8e1a691f6f1ad91ef08ad91a6edac90f363a690f414ea080c260000110801000f0f06010c070301aa12fa01f608ff01c65afd0029329ab72a2f98b21d02a4b41115a3b544299eb45f5d9ab44c6398b1636b9fb611ef3e300be13032f6da3430f2ee2c2fe9fe2d3043d53330ecf0303232d92b2eefee5358f40d48430b224142031b4342dc174643eb1e4442c81c4845b3194040fee74622fef03c22f0ee2e21f3eb3421ddfa3a22adef3c21e5ca3c23bcf8381e29fcb3b71d03bdb61cdab7b81cebbfb941edc2b96f30bcb863fdc3b77560beb9f206040cfd26f810faf3fe11e0150610d20d0711f605f311c9fafd11d25afb0d pre_us=0 enc_us=494861 q_us=113 pkt_us=1
[PKT] seq=172 mode=L bytes=260 pkt=0102000110ef9592191f8f9115ee93940af7949520fd959527159395da109193345a92950828fc080a490600fc3704011b2b020125310302a0440301fe440301ce6404013127b0ba2c18b4b52b05b7b82df3b6ba500cb5ba6149b7ba5a55b4b76749babdecdf3e2e0105342f11e7342cedf6342be0fc372b56c3372bfbf4382d4fda3228ef234556ec2a3341f334343ee728343ed234313ee03f2e3eb2303341a91c2f3be8d92020eaee1720e6f71a1feff01c1ec2021d1fab0e171fd1e61a21ad1e151b13c1b3b91cdeb0b91cccb7bc1ec1b8be44d9b6be6900b5be61e4b2bc6f4eb6bfedfe040ceb360110f921070fe00a050fb21006101106030fba1b0310c74c000b pre_us=0 enc_us=494867 q_us=112 pkt_us=2
[PKT] seq=173 mode=L bytes=260 pkt=01020001b406d68cbf26e58bd103b28bfcdfbe8aaee9b589f56be589baf9a388d877b488e3f7080803fc22ff1901020009ea12ffffe418ffdf5421ff0f231dffde3e10feee3cd7b0f439abaaed09a0aa0213a2a8f955b8a6e872a8a6f66da1a4eb7798a600e5ae37e10dc939e9e40f3ac7fb023cbce7d63de4b0c23eb4e11040c1f8fa3e22f9455dfe00434a08254f4be60e504dc50e484ee3d0464ed8e85751ccda524e01e80727fbe3182614fb2f27fdd5252810c00529eba611280ab8302a069642271917a0b12d25b3af1a0ba7af23ffaaad53dc9eac4b54afab3921a3a9433fb8aa10fc150e001016131621ff140dfa1714faf6111500e31c14f2d72115fb0c1f11 pre_us=0 enc_us=494862 q_us=112 pkt_us=2
[PKT] seq=174 mode=L bytes=260 pkt=0102000111ce98983f03999929efa0a011d0a6a632c8aaaa6dfea9a93ee8a6a6751aacac0dec0808f63302020e160303081f04041e180404c82804041b210404022504043cfdc3c336dbc0c024cfc8c825f5cece5e05d0d06dfbd0d063e4cdce72e4d8d8b9b82626e1ba2625d0e4201fd2db1b1b9ae21a1a3ad71a1ad5041c1c44e81414e9394d4dfb2538380926323207202f2fc4292e2ebf372e2ed0213131ca1b2727cefc1b1bba0f1b1bcf081717dffe1515bdfc16168d271515ad2117178a460f0f21a2c1c116e8c3c3f9c9caca09c0cfcf14b5d2d25c02d2d241d8d0d06408d7d7df000a0ae9150c0de81a0c0cdc260b0baf140d0dbc190c0cb92e0c0cb72e0707 pre_us=0 enc_us=494863 q_us=112 pkt_us=2
[PKT] seq=175 mode=L bytes=260 pkt=0102000132ef9898370199991ae2a0a02dd8a6a641e9abab62d5a9a914dea7a7742fadadf70f0808f01c02020a1503030b140404181d050442e2040429210404f237040443f8c3c32fc5c0c114c7c9c93ae3cfcf49ded1d16f1ed1d1660acece73ead9d9c1b82625eeba2525f6db1f1fc6cb1a1aa2e11a1aa5f51919c0de1b1b1fd61313e72c4d4df72f38380c333232f7322e2ee9252e2ea80d2e2ebb303131c5112727c7081a1bc80d1b1be4041717dd061515b60916168df51515a709171788380f0f13b9c1c215d9c3c30dc7cacafcc6d0d005d9d3d358acd2d25bdad0d05f25d8d8ee1d090af6020c0dfa080c0cf40f0b0bc41f0d0d8e1b0c0c96070c0cac1f0707 pre_us=0 enc_us=494854 q_us=113 pkt_us=1
[PKT] seq=176 mode=L bytes=260 pkt=010200011e259a96350293961ad09a9c23dea1a04ce99fa36c169da23dfc9ba06c2ea2a4f1320008f73c070108290402101c02032b2a0504e8490603f6340703d45204033e13b9c037febebd11e4c3c431f1c4c95bf9c9ca6821cbca6504ccc76906d1d0c9003528f9f62c280df82723d8db261f980e251f5d1d261f1b27242056dd1e19ea164250e735303bfa383036e6302d33d4292c33c30c2a33c2233036b328282dd7ea1b1dd600121cff11171aec041818b21f121992331018ae2e0f1a90400f131bdbbbbf15dbb8c001ccc2c6fcd1c7ca13c7c7cc66ffc8cc57d0c6ca6345cdd0f41f050af914040dfb03070de4f0060cb6f7070eb012080dda0d0a0dc1310608 pre_us=0 enc_us=494853 q_us=111 pkt_us=1
[PKT] seq=177 mode=L bytes=260 pkt=010200011006ba912a1aa7901ef89a921de19f9306e4a29322eba593ec09959121469e92fc0be808eb270100f51c0301ee0d0101f3f901019329fd01c53b02018d530201363299b827209cb317f0abb62400aab74328a6b75467a2b73157abb42f54aab9c5f73c2fd3ff2b30bed8322eb405362da004322eedc0352eb1fa3730e4d22d2cf5f3525700214542182f3b40181f3a40042d3941f7353940dd353a43de2c373ed2e14a21c8fb3b21c2f52820b4ed2e20abf4312191cf3620b6de212295122d1d16efb7b81006c4b7fadfb6ba05dcbabb3cd4b8bb6e1bbebb511eafb9655db9bcf4e7050cf61f0110fe080110f1e80610d7f902110cd40210f708fc11fd4ffc0c pre_us=0 enc_us=494853 q_us=113 pkt_us=2
[PKT] seq=178 mode=L bytes=260 pkt=01020001ceefa690dc27ae90d8e89d92cce79f92b4f0a993e900b492b704aa91cd58a292d214ea08f01f0800f8160801dd130301d0240401944af901ba2ffc018c59020001309fb8f1269bb3f2ffaab6f518a7b60f3da3b6316c9ab6f05f9ab3ea63a3b833df3e2f21fd1c31220d2e2f2ffe2f2e0d052f2e29b9322e01fe333056e0292c03f45057dcff4e43df1b4041e6163f40b30a41419e2d4441ad024444a1ed403ffcf13f2202f03c21f7f52720eafb2e20b8ff3321c7dd3d20ddd13c22b3ff2e1d1205a8b80606cdb7f5cfbdba02cbbdbb3604bdbb4645bfba1916beb82c43bebbe5eff20cc2080210c9fd0510cafc031094fb0311ec05f910a8f3fa11a324f40c pre_us=0 enc_us=494859 q_us=113 pkt_us=1
[PKT] seq=179 mode=L bytes=260 pkt=010200010615ab92fd3aa592fcf9a294ddefa596cbeea697b204a4969c199b95b8379c96f01ce508ec27fb010212fe01f713fc02040500029ef1ff02c8330102a14aff013d3d9ebb1b30a0b610fea9ba171fa9bc3911a9bb4f53aabb2c4fadb93c45b4bfedf7492d11072d2e06fa352bfdf63129021a2a294edc312a03f7302c35eb3227ebf94555fd1837401426323d061d343cfd223a3d0e34363dcf3d3a40d6342c39ddd34220e1f43d20e0fb2a1ee6e82d1ec9122e1f96e7301eebf42520b5241f1a28e8afba3421b9ba1404b6bd12e9b9bf45d1c0c071efc0bf5e08b9bd6e57b7c1f8e3030cf024ff0ff7fdf80fe512f60fd2f2fb10dad6fe0fe026fe10e349f80b pre_us=0 enc_us=494854 q_us=112 pkt_us=2
[PKT] seq=180 mode=L bytes=260 pkt=010200010f0a94953eff929537e7969917e1989c36f29b9e50f29c9d17f19b9b662c9e9f0f15060801490501132f0402103806022e300503cb1a03030e360203e54903033118bcbe3d0cbcbb30f7c0c02c0ec6c44f03c6c46a26c4c45f06c0c265f5c8c9c9c62e2afbbd302ad0e62d26aefb292397e7272354c32523f0eb272445c4201eef154f52ea1c383df21e3438ef163236ca233337af343436ba3d3639ac2b3032dfeb171ecaf9161edcf8141be9fc111ac1f0141b9c09191acb0a1b1ca030151618a6bdbd0ed3bbbef2bfc0c3ebbcc3c612bec5c86ccac4c752e2c3c55a32c8cae220050beb2d0a0ee712080ed912080da90c0c0fb9190a0ecb19090ec73b0709 pre_us=0 enc_us=494860 q_us=113 pkt_us=1
[PKT] seq=181 mode=L bytes=260 pkt=01020001180796942c22919420e397981de89b9b28d29c9d0edd9a9cdbc7969a50419c9d0724fe08f04e06010b2d0502fd280202232001039f4f0303f1390603a56103023832b6be272cb9ba13efc0bf1afbc0c24b15c0c35c56c0c34741c3c04629c6c8c0c6382a04d8322bf5d02827f6d02724c8e52b2459f03024f60e292554c5261fec0b4652f818323d092935390a183537e6253237ce2d2d37c63a353acd182e33ccdd1a1ecdf0141edffd171cd3f51b1ab0041a1b9e1c151bbc0d0f1d9531141619b6b7bd1adab5bdfdc5bec206bcc3c52bb4c4c663fac1c646ccbcc45548c8c9ddf5010bf02f020efc25090ef520090db50a090fd1ed050ec516070edc4a040a pre_us=0 enc_us=494863 q_us=113 pkt_us=1
[PKT] seq=182 mode=L bytes=260 pkt=010200010ee595963021939624dc9a9c0fe59fa031dca1a343fda0a2ecf49ea05b27a4a4061d0508ff4c0501063504021a35040336170404c5200403123a0503d94b02033a25bec137f4c0bd1fedc4c420e8c8c95500c9ca6b1cc9ca590ec7c76204cdd0c9bf2d280efe2e2814fc2723f0f4221fcdf0221f62d8241ffaef22205ed01e19e9254c50e80e363bf72e3236f1253033c12d2f33aa332e32ad423335a62c2a2dda03171ccf1b111ce8201519f3121518c90b1619a70f1418d510161aa93613131eafbfbf20e5bcc00ddec4c60cd9c8ca2bb8c9cc6cd3c9cc53f7c7ca563dd0d0e208050ae428090dfa1f0a0de01e090cad05090ec2f9080db21d090dc41e0508 pre_us=0 enc_us=494860 q_us=113 pkt_us=1
[PKT] seq=183 mode=L bytes=260 pkt=01020001129d9b9b51b69d9d41bfa6a62fc2b0b04abdb7b764b7b5b547bfb2b279e2baba16f90808e3500202f8220303fa2104040e11060620260505e2410505db3505054601c7c73ae6c6c62fe4d0d03df3d8d84ceddbdb7213dcdc6b03d8d871f3e5e5a6182222daee2121bd101a1aa90614149a1b13138d2b1212bd191414e0010c0ce6504a4a023e3535052a2d2dff312828ef252727a7342626cf372a2ac32b1f1fc0191919b23c1818bc291414ba241111a12b1212902c11119d3713138a440a0a29a5c5c50a15c7c7e6f1d0d005e4d8d8fed8dbdb37d6dbdb480bd9d92934e2e2d0380909f1540c0ceb3c0b0bd8370a0ac22e0c0c94250a0aaa360b0bbf2e0606 pre_us=0 enc_us=494862 q_us=113 pkt_us=2
[PKT] seq=184 mode=L bytes=260 pkt=01020001be20b08f042cb68f02e29e9007fba090ee129f901d25a090acd19d8fea6f9d8fd1fa1508e6242500e9271800eb0e1c00c20122018e380a00e2e50700a2470a00f44bbbb60d37a8b1ff06afb31212b3b30d1cb5b2265fa6b20c63a0b00667a5b41100203104fa0d33d4c72231bd1d1531befa1532ccbc3332acd2343419d02a31f9e45a59d2fc5544022b494307194a43fb0f5444c0234944c31e4547b8003e42fcc9412300ec3c22eef81b22d8032422d3042023c9cf2b2205b13024e4cb2c2013f7bdb6fe0ae4b5f8fbc4b70afdc4b724e7cab74834c0b74ccdbab56044bcb7d5f2460cfb0d3a1104001f11020624110f2f2e1249080e1108cf06120f33050d pre_us=0 enc_us=494858 q_us=113 pkt_us=1
[PKT] seq=185 mode=L bytes=260 pkt=01020001b5fda98fd32ab48fdbec9f90f2e4ab90bff4ab900dfcba90c1cba28fe464b38fd008e508da330c00ed410600dd2c0501d9210201b04aee001c25fc00a757f90015499db6203f99b1102ba4b33a419eb339599db2557b94b2397499b05d7b95b401e943310c041b3306ea313104002731f90a323114a93c32c9dd3033fac5263020de515822fd4d442a173f431009464305fe4044d0014444eede4746fcb54942eac64523dbf14022f0f73022e5e13a22d8df3a22f7974c22e1a23f24c79f421f16fda6b62921d0b5f90bbbb7fc0bc9b8320bbab7ff49bab709ffaeb5312ec7b708faf30c1e1a0c11192504111b220b11e72103122f0df411cf0bed122430f50d pre_us=0 enc_us=494855 q_us=111 pkt_us=2
[PKT] seq=186 mode=L bytes=260 pkt=01020001cbedad90e226b08fcee69e91cdcfa192c1cfac92f9debb919dada690d64fab91d219e608e2330100dc1c0301d31efe01c01efb018c41f401b222f8018c5dfd00f93699b7ec2496b2ea18a6b5eb23a5b5eb379db5237597b5f5729bb2db739cb72ed93d301e022b312e012e2f19ec382f0602342f15ac322fd5d4333133d52b2e05ed5357d0ff4b43e5263c41cc2b38419c3241428d3a4342ab254145910c3f40fff74422faf43c2107e4312100e23321dce13a2104a94521efa93f23cfbd3a1e0b09acb7fc0bcbb6e6d8bcb9ebf4b5baf505babaf530c4b911e4b4b70c35c4bae2fcf30cbd0cfa10d8100310c303fb109116f911eeedfe10aef3f611a33efc0c pre_us=0 enc_us=494860 q_us=112 pkt_us=2
[PKT] seq=187 mode=L bytes=260 pkt=01020001ecf2929201248f9217f192951617959705f794980d2c9497bcdd919611489398e9160408ff4e06010f390501114204021f220702b54e060212380802b45f0701281ab8bb2c0bb8b724f2bdbb2908bdbd5311c0bd6153bfbd3e4fbeba6050c5c106b3332c06c6342d0ad8302af8c82e28f9d72e2833993128daf4322a48ae2c25f11e5154ea143b40e629383ddb14373bc12f373cbe2b363cb92e3a3ea81b343800f11b20f4fa151ffd05151ef1f0171dce10121ece0b141df0f20f1fc01d0c1925abb9ba27c9b9ba0dc4bbbe1fcebfc055b0bfc16c05c0c155cbbcbf6f3ac0c3011b060bef2f080ffe260b0fd917090eaef10c1012040a0fbd210a0fdc49080b pre_us=0 enc_us=494860 q_us=112 pkt_us=2
[PKT] seq=188 mode=L bytes=260 pkt=01020001c002a48ed820ae8eccdca28fdafdad8eaef7b18eeb31a38eacd59b8dd5519c8dc818f308ec1c1000fc0a1500f4160e00c2ff0100ae571100eb2a0500994c05fff838a6b518359caf1928a7b027319fb0474697af3b72a0af2f5d9dac48629faf29ea3632160b153430e8243304e91e3431fe2a3526b21f35fc0d333724cc2d340aeb5a5aec015a4611234f45fb0a5046fd1c5047ce195247e21d4f49ea104346fbf34124f8ff4823effb2e23e3fd3b23c0f84224d9c63b24e9df3626c2e834221811a7b42c18ccb326e2c4b526fbcbb5631ec8b45455bdb340efbdb26543b9b3efff080def1b1811f00c1912ee141212df09091315271112d62a0b132e3e010e pre_us=0 enc_us=494864 q_us=113 pkt_us=1
[PKT] seq=189 mode=L bytes=260 pkt=01020001d1fe9792e1369292ccfd9395e40f9596c4f49897ef289496a8cf9195dc4d9697db25fd08f4480701f5340501e1400402bd3c030295660302d54104028e6807010322b1bb032bb3b60609b9bafc17b8bc0a39b7bc2f67b4bc0c5eb7b9fe58bcbf20dc3d2d120c342e3604362b27063229170d38291edd3629cdf8382b3beb2f2606194555d6193240e22a2d3dcf272d3ca331293d933b263ca5352c3f95202839f9e51e20f8e318200cf5161ef2f6181db0e81a1ec6c7141ed6c21020b107121a16c6b4ba13dfb3ba06d6b6bd10ddb8bf24f6b5c02e2fafc02cd4afbe4354b9c1e3f4040cc421010fd601060fc607030f91e30410cefcf90f98040010a33c000b pre_us=0 enc_us=494863 q_us=112 pkt_us=2
[PKT] seq=190 mode=L bytes=260 pkt=01020001c7fbb191d425b191e80fa193e4fda194c3e8ac95fbfbbc9496bead93d758a594cf10e208d4220600df2e0201cd1b0601b917fe018e44f701bf13fd01945cfe01f63399b9ed1f9ab4dbf2aab8e8feadb90c39a2b9176d9bb9ec6b9eb6d867a7bb2ae83e2e22011e2f2cfa302d19f32a2cf313352c32b02b2ccced302e22c9292a02ee4e56df084c41da263c3fd11c403ead193d3fa339443fab1f4042a416383cf5ee4521f9f63a20fcfd2c1fe9fc2b1fbbfd3520bdd2401fedb33821d1d0301c1005a9b90109d1b8e505bebbf70fbfbd2308bbbd3e44c4bd28dcc0bb2345c4bedaf0f20cce150010c71d0410c518040fa009fb11ef00fa10a3eaf910ad3afb0c pre_us=0 enc_us=494860 q_us=113 pkt_us=2
[PKT] seq=191 mode=L bytes=260 pkt=01020001c7ebaf91ef1fb391e701a993e9cda494a9bea794f3e6ad9496a0a492dd32a593c60ff408d4241200e81e0b01d9120701a91a040187520001ac2402018b630601f240a8b9f126a2b4e8f7a9b7f315abb9f53ea8b80c6ca3b8ee64a2b60c67a9bb1ee0322e24fb0f301ffb212d0113292cd9082e2c17c6282dc8f02f2ef9e5232af6f85656d7125342e120453fc428403fac31403f94373f3fa23a44429c203d3cf0e9412104fa3f2104fe2d1fdce42d1fc4f13020c4db391fe5cb3121ac0d291c0705adb8040cddb8e906cebbf5e8c0bc19e3bfbd1740bebc19e7beba4055c3bdd6f2080cd9251c10d3141010baff080fa4f90611dcf60010a4e7fe10bf4cff0c pre_us=0 enc_us=494866 q_us=112 pkt_us=2
[PKT] seq=192 mode=L bytes=260 pkt=0102000103dc9692131190920df49495180297970dfd979813169597a905929636409597f630fc08074e0401173d04010a3c04022c370602d03604021e310602ee5b04013133b2bb2723b4b72515b8bb3211b8bd442fbbbd685cbbbd5a49b9ba7243bec0edcb3e2c1a1f372e00f8322a0ff43328f3183228601d3729ec25302a43e23325f81f4454e12f2f40e42f2e3df22c2b3bd7262a3cb320263cab31323f9b2e2a38e5dd1d20f7ea151f09e3181eece41b1ddfde161eade2151de9f5131faa20131a1ecab3ba20eaaebafbd8b5be18ebb9c031deb8c16ffbb6c064d7b4be6f51b9c2f5fa030bec2cfe0ff027020fed18040eba2d0410b81c020f9ef1020fb035010b pre_us=0 enc_us=494862 q_us=112 pkt_us=2
[PKT] seq=193 mode=L bytes=260 pkt=01020001c9f3ac8ff41aac8e041fa390f8f79d90d5f2a48fef1ba88fa2dd9f8ef9559f8ed807f608e9161000ea2e1200c21e0d00eb110f00a1370300d8120400a95c0500f43aa7b6122a9fb001e8a6b22913abb24036a6b14b6e9cb1166c9cae2a6f9fb21be13031fcfc1533e6f52232fbe224320bef26322bba3633c9df2f3512cd2b32fff65d59ea0358450f164c4401104944db194b45c41b4645d1234848c80b4243f6f14623d4f54222c20c2d22bb092d22c1f63323b0cf3923d4c23b25bbdc35201108adb51503d3b5020ac9b620dec1b74de2c4b6632bbbb64cefbbb45447beb6d6fe0d0cde131611e8241711f2251311b8061712f8f60311bafe0212de55030d pre_us=0 enc_us=494854 q_us=110 pkt_us=2
[PKT] seq=194 mode=L bytes=260 pkt=0102000117e095953503939512ed979af9ea9b9d25fc9e9f55fa9d9ed6c19b9d683fa0a0061e0408fb45060105310402270c05031d170303c71a0303290f0503d75102033822babf3902bcbb1df2c2c12aebc6c552e1c5c66c2cc5c65b1ec4c369fcc9cbc5c03029dbcc2f2af0cd2b25bce02422a0e124223fba2522d700262341c0201dec1d4e51f022383cf1313438f4263335df1c3336bb2f3335b4343638b51d2e30d7f91a1dcb04141df3f9151be1fe1519ae09191a9408181ac7f6171b953a151518aebcbe0dd2bcbe05cbc1c321b1c4c72cbbc8c96acac8c858b7c3c66044cbcce80a050be920080ef110090dbff9090db6000c0fbff40b0d98f70b0ecb390609 pre_us=0 enc_us=494856 q_us=113 pkt_us=1
[PKT] seq=195 mode=L bytes=260 pkt=01020001dff1a9901027af8f0c06a69109faa491f806a6913121a390d2d4a28f0f4b9d90fe0ee9080820fe00150dfc002313fd01261bff01b944fb01141cfd01c954010023319cb72f2497b21c149eb427069fb44c279fb4665f9db34e589cb15e54a4b502f3423014f72e3216e833300aee3630ec0c30304cc937310508343256d92f2fe7f94f58e30c4844e7114042e20f3f42c6134143b7243f43ae2b4645a4233d4106e74222fbfb3f2214e0382102ec3521e6013a22bbfd3821fde93a23e30f301f21e2acb6211fc3b6fee9b9b81ae6b9b948ffbbb86636b5b853fdbab66b50bbb8e7e9f90cf80dfb10f10af911d8f6fb10af00fe12f823f511be15fb11df4cfe0d pre_us=0 enc_us=494864 q_us=112 pkt_us=2
[PKT] seq=196 mode=L bytes=260 pkt=01020001c0f7a98f052cb18e0806ac900af1b190cf07aa90113fa48fa2b6998eba57a08ee0fdf808dd250c00f3080600f9030e00e71111009840ff00defe0400954902000843a8b600229cb100149eb2020d9db2191aa3b13f609db1195ba0af055ea0b30ffe333116071c330df329320af61832ed0921323dc43132e80238344bef2e31fce75d59e5025544fbfa4844f5fd4f44d7004e45ccfd4545c02a4847ae0e4143fcdb4623d5014522f3f43922cb063922af0a31239ee83a22d3cb2c24a6fe34201bf3aab61323d2b5eaf0c3b704eaccb72fdcd0b64d2abbb642c7b6b45f49bcb6dddc0f0cd6141211fdf30711d1f40c11a2fa1a12e902fc11a4f5fc12a03ffd0d pre_us=0 enc_us=494857 q_us=112 pkt_us=2
[PKT] seq=197 mode=L bytes=260 pkt=01020001b8f7c78dc22ce28cbd04bf8dc00cc58caff5a88bfc5cb08b9df3a08ac971cd8adcf1ff08eafc2ffffffc0e00e3132300eff11c00c64f22fffdeb0bffb51429ff063adbb2f22eb4acf206abacf32dadab0f55aeaa046dafaa0671aaa709779eaae5eebd35db0dcc37ecf2053710f4ed38d9f10b3af0a5f43ac0e00b3cd5fbf03a05f84d5cfc0f3e48132a424900184c4acf0e4a4bc5fc514be6ef574eb50c4c4b18e20a26fee11025fc03232504f119261dc8172701b61f2614a227280c9644251b129bb22e25bcb12516acb12b06b8b04fecabaf4e53adaf450aa2ad5254d3ae29eb160d12112c1219160e130c24291315fa2414170c3313f7cd1c1427174010 pre_us=0 enc_us=494855 q_us=110 pkt_us=2
[PKT] seq=198 mode=L bytes=260 pkt=01020001d00cb892ec2db392ed12a294e604ae96b9f8aa97ed29ab9698b39e94ca66a396dc13e608f129050104250101f01b0701e41501029b46fd02d5ec02029e5904011a419aba13269ab60af3abb91508a7bb332fa9bb3c54a5bb2a5daab92454aebf1eee3b2d22f21d2efef82f2b0803242a00212d2a21d4312aead3312c46d42627ecdf4f55f30d4b40f817383e081d403de22a3c3dc835393dc03e3b40b8083a3a09e34620fefb3a200b0a2b1ef70f2f1ee311301fd504331ef5e12920d911241a28f6b1ba220ad5b90d02bbbd2a05cabf580ec0bf624bc2bf63d5b7bd6f60c7c1eceffa0cf31e010f0611000f0300040fcf1002103d19fe0fe1d2fa10fd3cfe0b pre_us=0 enc_us=494857 q_us=112 pkt_us=2
[PKT] seq=199 mode=L bytes=260 pkt=01020001cb12ad90de2ead8ff90a9c90c50ea591bce5ac91f10bac9099b5988fe26c9f90d104fb08df241900ff181100d3260901d5050d0199421300c9280700935f09000334a6b70126a5b1f9f3afb3080fa5b43b49a6b33165a6b31e62a5b1205aa5b51c0c2c302001103223f72c31fd1b25300d1e22313bcc1631f1f2383344e81e2f04e45d58e8045844f816474307174343cf264843c5275243c2244946c5f64541f0e44a22f4013922e2ff2221ce0a3421baf83922c6f53922e2e82624af082e1f16fbb3b6130adeb6fcdec4b824fec3b84c10c2b84e45d2b746dcb8b65d4ec7b8e5ee130cd91a2711db081511dc180b10ae21161212141c11b2f10412e736070d pre_us=0 enc_us=494861 q_us=113 pkt_us=1
[PKT] seq=200 mode=L bytes=260 pkt=01020001c3f5a98ecf1ab48dc032a58ef522a38e1641aa8e1926aa8dbee5938c1559928cebfcfb08ed061800f0260800f73408000b0e1000ff240800df121100e15709ff0038a7b42152a0af27439db03a5ca1af2c439eae262f98ae3046a5ab2b1aa6af1ff329332bf80b351bf62c3409b92534fcf51835fa0b2b3602f92f3822bf333503f55e5ae1f25d46ec114e46ed064a460bd35c47fbfa5147ff324b4af601454604e9462408dd4523fbf33e23e3e13624dfe64525f0e64224f6f72726e50427221aeeaeb43b22d2b34f1ac3b4352eb5b41820bdb3130bccb347ceb0b14019b3b2dbf4150de7fc2511e4180e12fe18061208120f130bee1212fb2b0b131b43020e pre_us=0 enc_us=494861 q_us=113 pkt_us=2
[PKT] seq=201 mode=L bytes=260 pkt=01020001bae7b88ad32ff688c905cc88f629bd870c1aee8611faa786bde2a4850745aa85e4f10d08df0344fdc70d3200e23435ff0aee68fefa2558fdd90d3cfed5412bfd0335eaaafc50cfa20851c1a1044fd19e254bd49d1f3bdb9d125eaf9b0c459c9bdee4bc3de507bb43f000d444ed03c546002ca3471923cc480102ed4a042eff4a0efd4d61fdf02c4ce5fb4350d5e44254e4fb3355fa193655030d5058dd28505814eb002a0ccafb2a1ece122a11cefd2ef5ce142ef4cd022e1da6253022be412e090696ac1a22b2a91518a1a6024797a4ef2ac1a3f509a2a205ee9ba0eb2da7a025e91b0d1bf5281024e62f11f8da3614e41c561602f7601606cf531814185714 pre_us=0 enc_us=494861 q_us=113 pkt_us=2
[PKT] seq=202 mode=L bytes=260 pkt=01020001bd00b991db20b890c833b0920c11ae93182fb6931905a493dd279b9218279892e702e208c823fa00ec25fe01cb4af4010429ff010e130001e7210101e84b0101f12f98b8035094b40f479cb6265c9cb71e3e9cb72e34a4b71821a6b40b0cb0b915083c2f3de622302e0a2d2e21cb382de6fe272de0f0342e16e5312f07d22f2b03e95157ddf54f42d0044240d0143840fafc4240f01d3940081e3e430614383ef9d94a21ebed4021e3e53c20eceb3a1fe3d63e20ded43220daf32f22d6f8241d12f1adb8271ec6b7310bc7ba1d38b5bb0715c9bc0bebbcbb38f5b8b90c12b7bcccdbf80cd20af110b523ff100912f110002a0011ec220110dd100111074dfa0c pre_us=0 enc_us=494859 q_us=113 pkt_us=2
[PKT] seq=203 mode=L bytes=260 pkt=01020001ba00c98daf29bf8caf25b18de23bb78cfa4fc28b1e1db18bce04a78a0d45948ad8f40f08db1023ffd7231b00e44222000ff02f00012016fff51116fffa2e15ff0d33c5b20d50bcac154aabad1155aaab113ca8aa1d41a7aa11489fa7f318a9aa05efd73515f0e5371be10337f6abf338d404da39e6daf53af4f4123cf9e5143a19fb4f5c1beb4c4823005348fbe9544af2f4584be2e4534be406534de9034f4af5e61925ecd91025ddef2425f1dd1d26fecb2f2703df212618e027281bec15241df9a8b24011b3b1492fb7b23448b5b00b23c8affd10b3af2fe5b1ad09fab3ae0ffc370d08fa3a12150731130dfe3313ff0d3d1401d92613130522141811130f pre_us=0 enc_us=494862 q_us=113 pkt_us=1
[PKT] seq=204 mode=L bytes=260 pkt=01020001b4f2a88ebf33aa8dbb38ab8edc34b08d1c42b98dfafcb48ddbf5a38c0c52a48cdaf10708e10c3700da152000e93a1c0009042400010f0c00ec071100ea1d19ff053bbdb4014fb5ae0f4dabaff648a3ae1b3c9fad283b9cad153f9baaf3f59cad09f4173306f4fb35fae80735e0b60435edeff836e1c80537ded71c39dfdd0b3615f7625b00ef5a46f4f45c46d7f35e47c2d15f48d8da6048cff05d4bd3ef5e47fee63f24f8da3b24f2e9372409ec302416e843250ffb332519f3332725122c23200daeb43f16d7b34c1ad3b4323ed3b3f519d9b20a0bdfb233ebc4b00c22deb10ff83c0d06024a120dff3d12ee122d12e9143513f8ef16121f1112132335100f pre_us=0 enc_us=494858 q_us=113 pkt_us=1
[PKT] seq=205 mode=L bytes=260 pkt=01020001c303a38dc220be8be035a48ce85bb58b053cba8a0fefa58ac7cf94890860a289db0b0008df0a36fff91a1c00cf352f000ef731fff71e00ffe70f08ffed381dff0131c9b1004bc6abf82eb6abef4db0a91d4ab9a81959b3a80c59a2a5eb1f9ba7f2f3e936e9e8ca38e6f5f039eef2f83ae72ed63cfd240c3cf4ec213efa29003c18f8595df9f54849df10514ad3f14f4ce0eb4a4ddf0e424df602514fe1f8544d03e5102605d301251ae4202611d8262706c02a2810aa37271dba38291ef5302615089bb12c16acb0293babb02750b3aefa2cb8adf83e98ad07dba0abf411cbab1cec210e19f540131a003e14012c4414f0ee4614fdba331413db1215ff251f10 pre_us=0 enc_us=494859 q_us=113 pkt_us=2
[PKT] seq=206 mode=L bytes=260 pkt=01020001b7eea98eb033c28da938af8dc41ea78dea3db98c08179e8cca0a9b8b07679d8bdcf70708d51b3100d21d1b00f0351600100e2e0009110d00e8070d00ef321cff0a3bc3b31750b2ad2a4ea8ae2860a3ad21439eab2937a4ab204a9ea903e8a0ab17eef83422f7e4361feb0c3608b11537071b0138fc1a1e3813e5253a00010d381df55f5b21ec51471cfc53470bf157490ee0594aefe94c4916f24e4c17f05749f1f22825e5e42224dce72c24e1d62825eec73a26fab12825f1e13528ec21282419f7a6b33d1cc1b25816c3b34b3dbab2193ad5b10f11adb035ecafae1d01d0af03fc2b0d0a093e120ffb3913f9e9221304df4113fdb91f1306030f14253d170f pre_us=0 enc_us=494854 q_us=111 pkt_us=1
[PKT] seq=207 mode=L bytes=260 pkt=01020001befad18bd523dc8ad81dba8ae539c2891609e6881adbb288daceb8871f4db887e9fb0608e10530ffdff722fffffd23fffadb33fff80c32fff8ff20fffc0120fe0136caae0553c9a80f59afa7f73cada4fe3cc1a3172fb2a30b3f9ba1e7f198a2eaf0c038e907a63bcf0edd3dc113d83feb42ab41e511e541ff070843ec5cfd421afc4a5ffef03c4cd401534edd004b50df113d51e30c4e51ff105954f2395652fee60728f7cc002709bf272913c8272afdbf222bffd72b2a1ac2442cfbe0542a120599af292aaaad3523a7ac1847a3aaee43aaa8d80ca6a8edfca8a6e549c1a613f2190e0dec211421ec2b15f8e52b15d4e93016dee2441510d53d17fd1f4612 pre_us=0 enc_us=494857 q_us=113 pkt_us=1
[PKT] seq=208 mode=L bytes=260 pkt=01020001b7f8b08cb434c58bbd3bb98bdd55ae8a1346b989f70eb789bb0b9a88045b9b88e4fa0508da1a34ffed0d31ffdb3f20ff080337fffc0925ffdf0416fffd3617fe0839c4b01653bbaa2242aea91750a6a7293bc1a62141a0a62053a1a3fb0d99a514f9da3713fcd03a18f4e63a03c8f63cde24d43ee809fe3e03041a40f001193f20fc5c5e1ff04a4a1df8524b13ed5a4df3f14c4ef10a554e000a5451f706534ff5df2227e7dd1526dbea2127e3e22728ecdb1b29facc3529fad7302b0dfb30271cfda1b03a1fb1af4f13c0af4540b8ad0d3bb0ab231eb3ab41f4a6a90d0bbda908ee2b0e0b06401314fc431421073b140bfe49150be541140d082a161b2f1c11 pre_us=0 enc_us=494856 q_us=111 pkt_us=2
[PKT] seq=209 mode=L bytes=260 pkt=01020001b1f5c98db93eee8cbe2db98ce93fab8bfb49c08b0ee2c58ad2f1a18a0d4b9b89d5f8f608db1b34ffef1a2200e940160001ee3400ecfc18ffef0e0eff03291dff083fd6b20756bcac114cb8acfc50b3aa0b3ec5a91e3ba3a9073b9ca7f103a4a90ff0b7350effb8381eeee638fabbf539e930ba3aedfd113bfc04183dfb170c3b20f3475c14ea324801ec4849ddef4f4bdfda4e4cccff494be918514ef508494bf7e1ff26f4d50325fdde00261ae611260cd20c2713cd242729cd3c2916f21d251e0397b23c1cb7b04508aeb1303da2b00030b8aee518a9ae03f5acacec00b2ad13f2ff0d0a0623120ae5271312ef1813f0f62f14f0e0151308001014091d1210 pre_us=0 enc_us=494852 q_us=113 pkt_us=2
[PKT] seq=210 mode=L bytes=260 pkt=01020001c2d0048dc70b0189cff3d888f004ba8710ecd18612d89f85e2dd9f851024af84d7e929fcc5043b04b21d36ffe53d27fefcf75afbf81742ffd62d49fefc3427fd0e3ef0a2185aefa02361cd9e2260d19a2e50f597254ff8991d57c09911259c99dc07084b1407ef462d05df48e00bec4b193db0501314e54b0a12f24b1642fb4d19fe2e5505e63c42e3f6414adfd54451ef063e51fef74354040d4b58072b51581fd6e22e24bee7282cb7fd2e11befb32e6c00534dace003118b72532fac64430defeb6a7ef1cc0a1ec17aba2eb5394a0ef3db59eeb10979ed003a09ed81dab9e2bf10a0925f11c0625ee190af0f1120cf3ff2f09efe74f0b06e55814f8284512 pre_us=0 enc_us=494856 q_us=113 pkt_us=2
[PKT] seq=211 mode=L bytes=260 pkt=01020001b3def48ae41be389f5f0be88ebf4bd8713e8d08610ccba86f8d9a1863244a485d9ea1206dc023801b7122dffc13725fdf6e93cfffb0028fedc2722fee7411cfd0436e5aa0856d5a63b60bea4175dcfa03359ca9e4058a79f425e9b9d172b959ee4facc3fed03b740d4fcbf40f3e3c0460134b8471a20f8450cfd0647213f0e471f002e5ef2e73a4bd7ec524fe3d74751eceb5651e8de5e53e4f16256e31251551bdbfb2521c4032529c40f2a2ac5fc2df8c5272defd2372d18bc392e07cf3c2dff099aadff1aaca8effea6a8db3396a6da45aba3e82fa1a4e109ada2c516b3a231f20f091bf2221037f0251214e40c12f3111f0fe908181408f8231605471c12 pre_us=0 enc_us=494861 q_us=112 pkt_us=2
[PKT] seq=212 mode=L bytes=260 pkt=01020001ccfec18cd829bb8ad40faa8a1649bc89144bc789171baa88ba0d9e881a5f9a87edfc1308dd1d2bffee1519ffd75031ffe0222cffe42120ffd4011affca5316fef822c4af0947baa9154aafa8004cafa61b46a2a50f2ea9a41d599da2ea1697a31cffdc3836f7cd3a2efbff3b21c2d03d0003eb3ffafc013f0afb204221bb214003fa545ee9f84d4bd500534cdcfa534fffec505007034f5003fe525201f2565005f21928fde61027f7e81328ddeb1529c4d4272ad1e31629d5c9342bdd0335280cf7a4b01d11b3ae2d04a9ae1d45aeab0e2eb9aa0207a7a934d4a7a81012bda8e0f03a0edf043914d0043015e51f3f15f70a401506fd3a15d5052b1609421812 pre_us=0 enc_us=494857 q_us=119 pkt_us=1
[PKT] seq=213 mode=L bytes=260 pkt=01020001b6f5bb8ebd39b78da624b08ed920be8efa41c18d0c0abf8df60bad8c2147ac8cdcf2f808d6090300d3fe0400001e000007f001000e09fb00f40d0400dc2707ff0b319eb4174b96ae265598af2e5893ae162690ad222291ad283492ab121c94ae0d052f3322f91c3505e21735ef9d0d35f2f1f436f6bd0e36eece1939f4c816361df3605b26ed584621de5a46efd06447fdbb6a48e9cd6548f7e7614bd7cf6047efe55624dad64c24d3f04824eee74524fdfe5425fc0c4224f0054427001140232006bbb43d22cbb35710c2b43f32d4b31e32e9b20d14e2b23707cdb0171bdcb104fe190d10030612ff1bff12ff0bf0120328f913f606f0120d2bf9132331f90f pre_us=0 enc_us=494858 q_us=113 pkt_us=2
[PKT] seq=214 mode=L bytes=260 pkt=01020001c60aab90e226ac8fc21bad91d9f5a7910e38a7921e129d91d61c9b9015239390e61aeb08d316f600cb340001bb43f901ea4bfb01f2210101d0490201c65b0100eb259cb7024e98b2173e9bb412629eb515569db42a4fa2b42b4fa1b22438afb612f9423034f23132ee022b30f6bf382fe1eb3530c3c33430ee123232ebe6352e02f54e58d9f84443c11b4642c21d3c42ece93d42000f3e42ff114245f7263740fae54322d9e04322b6fe3b21e9cc3821ebcd3b22cad42e21abe93323a5fe201e06e5b4b7160eb6b63218c6b90b0eb8b90213bab909d5b5b93ef4bbb73017b1b9ccee040cbd17f210a82bfd11de02fc10071efa11f723f710be4bff11e057fc0d pre_us=0 enc_us=494865 q_us=113 pkt_us=1
[PKT] seq=215 mode=L bytes=260 pkt=01020001c1f6b389ce21ee88d42aca87fd52ce861b21ed850eebba85e7fcca85154bc684edf6f008e5f53affdf0722fff5222ffefd0540feff0725fee40d3bfede291cfdfa21c9aafd45b7a30553b0a0fb4eab9d164ac19b2645b79b155e9a99fe468d99d7faab3de607b241d9f5b144e515b7480a3c944aef0bb54adbf8d14c0031f64d0f015763f9fe3d50d9034f54eaf35357ef0d3d5808f45658f6f25e5bdb295d5b08f10a2c09cf0c2a1ec7182d05c11e2ff7c4122feae6182f0bc034311ac359300b1294ab1e24aea82e22a1a61555a2a3fc4ca3a1043093a00613a89ff940ad9d16faee101bfc24161ff216180cf32b19fb042d1808fe17180fe4391a14183316 pre_us=0 enc_us=494862 q_us=113 pkt_us=2
[PKT] seq=216 mode=L bytes=260 pkt=01020001e9f49290f8288e8feb24909109129092194990920f168f91f1228d902c519091fc21fd08094c05000f4c0501ea5e0501035f0701fe4d0501e74a0801e1640400171bafb72e3eb0b24244b2b55362b2b52b57b1b52d51b3b54158b2b22d40b5b70eca3e3010ed3c310dfc3f2f11ea3e2ffd0a3a2fe2043d2ffa253b311abf332ef4214b57d8163443c1202c41b6342941e4082942f71f2742e3233245dc14324008e42022fdda1a21e8e21821e2c51420e7b91021d5cb1121c2e11323cee7181e12aeb1b72fd4aeb64af5afb93408aaba0b0faaba25f5abb955e4aab73517b3baeef5020cd92b0310bb180510e425fe10fa46fd11ec21fe10c8460111fc56ff0c pre_us=0 enc_us=494867 q_us=112 pkt_us=2
[PKT] seq=217 mode=L bytes=260 pkt=01020001d1ee9c8dca27b08ccc2cab8ce417a98b0858b38b032fa28aec2ca78a0056a389e40df808e30514ffd5280c00c8081200f4170700050807ffd71804ffaf3703fff92aa7b2074799ac1d489aac235e9caa235891a91e4095a91e4891a6215992a91ee83b3526fc0f380ffe233817c11d39dddb223aded6283b03c6303d0dca2d3b0bf95c5cf0f55d49ce125549d2195b4bf2ef5c4c02e4574c0cff584e020e544cfaf03b26f5d94c25dfef4726c1cf4726dcbf5527dee44027d7e44929b4d945250af3a4b22104cbb03523cab13e3db9af1727caae21feb8ae3b1abdac5228c2ade4fd080dd80c1d12cf191813cd0d111300110d14f904fb1300220214004e0310 pre_us=0 enc_us=494858 q_us=112 pkt_us=2
[PKT] seq=218 mode=L bytes=260 pkt=01020001cff9a48ece2bb38dbd09ae8de6d7aa8c1939bd8c1606a68caaed988bfa41998ad810f408de081500d70d0300d7020300ff0c0500f9e6ff00d6c30500d03c08fff72da3b300429aad185898ad1d6896ac254991ab182794ab265e99a90e439aab2aef373425f70f36f7f62a3619b01d37c7e21e38e4e03b38d6d5343bfdc22b3807f15b5becf85c47c7f75148d9085a49eef95d4a121e4b4a0320474ceb204f49f9f84225e8db4b24c4db4225cfd44325cdba4826cda94226caa53828bcdb37240bfda8b31901d0b22c08c4b23314b9b11028d7b11212bdb04db4abae3309bcafdf04070dcf092112ae060313d101f613e61c0613fd090713d017fb14d746030f pre_us=0 enc_us=494854 q_us=111 pkt_us=1
[PKT] seq=219 mode=L bytes=260 pkt=01020001b6eaa88ac121d089c511b088eb3cbf871112c18614ef9286d5eba185334e9885e4f20208da133bffe21c33fffa3442ff060562fefb2a4cfeee1745fe08484ffdf83ee0ab074bc7a5165ccda30756caa01543eb9e0434e59e1050ba9c051ccc9c10fab03b2612b13f1bdfb7410632b544f532a9461418de47f008e949ed44ed4915f8576106f53e4ffd044751d8e83354c4282255e2203256e60f4658ca2f245702ee002af8dc0629f3c7052b07c0032d03bcfe2efebf0a2d17ae182f1dd6062d130493ac242eaeaa3a239da912339ca5ed23aaa4ddf49ba30feb9da1fa1c9fa1f8ff060ff8f32d15fbd33817e0cd4517c8ea6417e1dc6617fbc25e180e126114 pre_us=0 enc_us=494856 q_us=113 pkt_us=1
[PKT] seq=220 mode=L bytes=260 pkt=01020001b4fcd68cb228cf8ba01fb58be43dc18a065ad7891222b589c31ba18824699988ddf90708d7132dffcf1c12ff072e23ff0a0432ff0b221afff30f1fff004521fe0430c8b0094fc0aa264fa7a91e52a7a7131ea6a5102ba1a5195c9da3fd1da0a517fabd3722f2b53a22ee053bf5b8e43dfb23d93e0e060a3eebe01740f5f90c3f1dfa425e22ec4a4a15eb524c02e2524ef6df4b4fe6f84e4f00ed4f51e9e0514ff8ed0c27e5de0326dde91e27e6d81328f9dc102909e31f29ffc8262b09041f281d009eb0360fafae4e23a8ae3837aaac131eb6abfa08b3aa2edda9a90113b4a906f40c0e03fd211300ee1b14fef81f14f7fb2f15f2f42514f9f42216141b1711 pre_us=0 enc_us=494854 q_us=111 pkt_us=1
[PKT] seq=221 mode=L bytes=260 pkt=01020001c7fc9f8dbd1fa08cbe22a78cdf31ad8b1860bc8b1433a98ab5029a8a085a9c89e6060508e20e25fff5151400da41190013191100112611ffe7030cfff42a0dff052cb5b22150b1ac314ea1ac33599baa2c4093a92d3398a9435e96a7353f97a921f3213524ef013817de1a380eb00d39ffff033a08f7273b05f2353dfbe2213b0e015f5c08e75e4808f45c49faf25f4becc0624cdfd7594bf1f14f4ee1f4544bfff13126f8ee2e25f0e53826edfe3e26f4e34c2708ea3727ffcd3d29f2eb3a2517f4a8b23e08bdb05225c4b15241c9b01a28dfae0811d9ae53d6b5ac350dc3adf3fb2f0dff053a1208f928131a281f13021a1d14f9fb1b13fae60a141a190910 pre_us=0 enc_us=494858 q_us=113 pkt_us=2
[PKT] seq=222 mode=L bytes=260 pkt=01020001ea01b98ee61db08dce1caa8e02089e8e2862a18e1038998dc51e978c194e948cf315e708ee10f700fe26f500c449fa00df51fa00d041fd00c23cff00ad6101ff152795b4164893af284494af335c99af1d6297ae17589aae165b99abfd489fae05f8403318fb3035f4033b34efdb3935bd033935d4e83b36de0d3c3804e63435fef6565ae9f84b46d6074346d2223f47fcd340480ceb3e47f3fd444a02194247fdee4f24f9e04723e7ea4423c0df3d24b2ba4425bcd43924bfe03926acf3302210f9b6b42908bbb34210b8b42020b3b4ec22b5b309fab2b332eab0b12224b4b2f6ee080ddd07f611c2fdf612def0f612e92afb13f30df412c70ff913f556fb0e pre_us=0 enc_us=494856 q_us=113 pkt_us=1
[PKT] seq=223 mode=L bytes=260 pkt=01020001c602ae8dd530ab8cd41aa28d133bb08c134fab8b1d1daa8bbddd9c8a0b54998ae8f80f08ec1030ffee281500ec492400011c1400052713fff2f60bffe7470afff630b7b2174db4ac2540a6ad3359a3ab20409eaa2a2f9aaa20449aa8070c9aaa1ffa103525fbfc3723ec243718b4fd38fc071939f3072739f0f12f3b1cbf283903f75f5ceaf65648dd165148dcff574a02ef584be706504a0119504d0509524a03eb3e25fadc362501fd3025e5e83326f4d9432702e23d2602e33728fc00372411f8b3b23019cfb13d0bc1b23042ceb1162fbdb0030fc2af39cfb1ad3317bdaed7fd420de0044a12e8222c130024381311172a1403f42b13f70f10142a3f0d0f pre_us=0 enc_us=494861 q_us=113 pkt_us=2
[PKT] seq=224 mode=L bytes=260 pkt=01020001bbf6a28db32ab18cb13aa48cde47a78c054fae8b1f329e8be940a38a1a68988ae100fe08dc0b27ffe01f0c00eb2d1b0013121700fb221cffe6160dffd6470fff0833adb20d50a3ac144c9fac195b9fab2c4a97a92a53a2a9084795a7fc2a9ba903ee2b3512f7fa370ff82a3703b20939df0d153af5f91e3ae1f7243c07e92a3a21f3615c29ed624817eb5749fce4634adddb654bd0e25a4beef85a4ee0dc504bf1f53f26ddd84425e3e74025ebdf4426f4df5127ecd73b26fdda4a29fd0435251ffca6b23b17d8b1481bb9b1403ac1b01919d7af1805bbae25f6c9ac2417bdad0cf6170d05f43b1205fe1913fb131913eaf92a14f2ea1e130c061b14161e0710 pre_us=0 enc_us=494863 q_us=113 pkt_us=1
[PKT] seq=225 mode=L bytes=260 pkt=01020001fff6b4903617af8f3eebac913deeb2911c29b49103dfa891302a9d8f4ffc96900b09ea08e516fc00fd24fe00bc1df701c855fe010a1bff01ea3d0501b461030024269ab7463896b248239bb4463e97b41a3596b43b3a9db43403a1b12d12adb5c3f43e30dbfd2932cafe323020cf2730cfe22430dbef3030fb012d32fcd7322ffffb5358ea0c4c43e3184742ea065142de095043e6204343ed1f4745e5303d41e7ed4722b6fd4322bc183621bb0f4121fcf93822e2e73a21ce133423db1e261f14eeb4b72c1bbfb61d1dbdb8502ab9b9092ecab927eabeb8290abcb6f922b8b9eef9050ce417f710d720f4111609e4101333f411e41f0111f73806113253050d pre_us=0 enc_us=494862 q_us=113 pkt_us=2
[PKT] seq=226 mode=L bytes=260 pkt=01020001b8f6b28fab1cb78eab29b28fd85ac38f0933bb8e1a01bb8ec8f7af8d045aa18ddcfaf608d1091200d20d0000e94400000701ff00f30cfe00e7030100e0370a00133aa1b516559aaf305198b1254a92b02d4496af2f3e94af204794ad01139eb00cf632321eef113415f42533fbd02233d7fb2434d7033034f5092836ffdf1e341fed5e5a22ef5d4521f1534510e15345feee5546f1ff5146fb075049fbf84e45f1e54e24e3dd4e23cde74723d3e94923e1d25524e5dc5323f6e348260003332120fdb2b54525d0b45a23c0b54b46d0b51034c1b40f1ac5b438eac2b22622c7b40efa110d060813110bfefc120d0b011103fc06120fe0061205080213242b040e pre_us=0 enc_us=494862 q_us=113 pkt_us=2
[PKT] seq=227 mode=L bytes=260 pkt=01020001b4ecaa8dc931b88cb2edb28de624a28c230baa8c1fd3c28bfdefac8a2e479b8ae8f1f108e5e91cffd6ea0700e1301000fdea0900e8e2f5ffe32714ffcb4c0bfffe33a4b3f84e9bad09699aad00549fac24419aab30438faa162792a824349aabd4f12d34eb0b0b37dcf72636d2e91d37fb2b123916071239f4e51f3be02a2d3905fc5f5cdff96148c4015948c9ff5849c50e654abcf7694ace225d4db426494a12d64b250ec854241eae512514da4426ffc55a2601e864261adc482812e23e24170fa7b33933d6b14611c5b2344bb7b1f64ec1b0f944d1affe08d0aef63bbcaf1fde130d14012b1216d3131306da1813e6ed1314eb1efc13fe0d131412370d0f pre_us=0 enc_us=494865 q_us=112 pkt_us=2
[PKT] seq=228 mode=L bytes=260 pkt=010200010aea93931a248f93e9fb92962af4949823409499072d92981c1191974e32979906080508024e06011e3a0801ee5e0802164e0b020d340b0203460b0200600402321cb8bc3d2ab9b84c46bfbc545dc2be2d30c3bf2e3ac6bf3622c4bc2301c3c3ddba312cf3bd342dcadc3129f9a32d2709ca2c27f7bb2e271ce62c2940b52824f2205154dafe3b3fd61e373cbe25363ae9dd3b3bf0de3b3ae605403de4033337e2ef1b1fdbfd131fd4040f1dd5ea0f1ceddc0c1deeed0b1ce105061edf031419199ebabb2ed6bbbb56c1bebf31dec1c209c5c6c21fb9c6c229c3c0c01706c3c4ee01050bd916090fb2130b0fdf2c0a0ef2350d10ea050d0ee9310f0ff84c080a pre_us=0 enc_us=494855 q_us=113 pkt_us=1
[PKT] seq=229 mode=L bytes=260 pkt=01020001b4f5b58cc138c98bb520ac8cf251b08b1735b68a1efbb18aefedac8928509a88efea0508ef0337ffe9011600f7312500f8ff36fff5081dffdc0f31ffe63926ff0430c9b1e754c2abf858b0aaef4bafa9082db5a71f25a5a71e2aa1a5fdfbb5a7defdd936dd02bd39d804f239d901ee3be026c43c0101003cf502f43ef723023d0401595dd8f94649c3f9564abcf35a4cd6ec584ddc005b4dd5265750cc1a424d1edc202617c8142622cd232618e02b27f1f62028e4f6262815e5272a0df202261a09a0b1392ab3af3c1cadb03355b8ae0938b5ad091dafac18e3c4aaef29adab31ea2c0e040039130af52a14eef13e14e5fd3a14e7f12d141afc3b15fe1b1f10 pre_us=0 enc_us=494853 q_us=111 pkt_us=1
[PKT] seq=230 mode=L bytes=260 pkt=01020001b5efc28cb437dd8bbf36c88aeb46ab891024a98915f8ab88f03caa880a5b9487dffbfc08d81b33ffe8161afff0401eff0efe36ff0d1029ff031325ff0c2a20fe053cd3af0c52c3a9234faaa81557baa61e42d5a51c3eaaa406359aa2fa0ca4a409eeb9371003b03a16faee3bf5c8d93dde2fb33ff2f7043ff1070d41e636124023f84e5e21ea394b0bf7444cfde7544ee8df4d4fe4ee544ff3085552fa0e4b50f4e70828e3d80327efda1528f4d20a2904d6012a0ae20c2916d6372b0ee11c28170398b03822b0ae4818a6ae363b9fac021fa4aa0bf0abaa16ffbba8fd0dada80cf20a0e04ff241312fc181411ec2a1500e33415f8e133150c0737160b221b11 pre_us=0 enc_us=494854 q_us=113 pkt_us=2
[PKT] seq=231 mode=L bytes=260 pkt=01020001c1e4a791c30ab691c8fea793cff4a594f722b294f70fae94defda092eede9994e513eb08c521ff00d82a00019a35fd01d03ffc01c016fd01b7410301b9560201fb34a0b9ff4397b4012ea3b72059a4b9194ba0b831359fb80b06a5b6011eb4bb19ec422e3411213030092c2d49cd342cc7ea2d2ce6e0302c0e0d282e13dc302afff74e56daff4c41da15413fbb303a3fc7fd403fed043e3ff5394342e230373c00ea3921f4f93f20e010331fc6ff321fdbd03b20bfd3381fbf283121d7181f1c13eda9b91e15c7b824fec4bb381cb7bd0623c0bd2bf6c1bc3a17bfba140fb9bed7e2f50ccb10f610c214fd10e504f40fe314fb11f2d6fd10e21e0310f445010c pre_us=0 enc_us=494856 q_us=111 pkt_us=2
[PKT] seq=232 mode=L bytes=260 pkt=0102000112c598982204989817ef9f9f4911a5a51c32a9a9fdf7a8a810eba5a54a12abab02f708080b3802022a120303ef210303cf0a04041ff1040418110404e01404043e0dc3c343f8c0c047dec8c85dd7cdcd3bc3cfcf29e7cfcf31cfcdcdf8c3d7d7dcb9262604b82626e5af202038c81c1c27a91b1b0da71b1bffd61c1c4fa61414eb384e4ecd283939d43b3333cf262f2ff13e2f2ffb3a2f2fe83c323200402828d3f81b1bd4fd1b1bd5071818a8271616de301717e0f41616df281818f73210101fa5c1c137f3c2c24ad3c9c956f3cfcf4f14d1d145d1d1d146cfcfcf3412d6d6e30f0a0acd290d0db6fc0c0cd2f10b0b2cff0e0edcfb0c0ce8130c0c23fe0707 pre_us=0 enc_us=494852 q_us=112 pkt_us=2
[PKT] seq=233 mode=L bytes=260 pkt=01020001f5f3959403219393e20894971505979a1d2b999b0ed4999a16fc989936f29b9bf52cff08084b05010f4b0602d8540202db63060304490402f9530502d64901022d1ab6bd3c3eb5b9483bbdbe5b42bdc1404abec12e38bfc11f02bdbe11ecc3c50dc43a2b1b1b392cf8f72f2840e23425ead52d25eedd2e251bfe282752e02721ed1c4753c6222c3ebe342a3abd342839c51e2b39df292c39fc21353ce92a2f34fbe9191fefe2161eeef6111cd9fc141bf6d6131cdbe3161cea0e1b1de52817171fc4b5bc37f5b2bc48f2b8c14f18b8c30106b8c51dd6bcc413eebdc2161bc4c7f102030bca29020fb915030ef40c020e0045010fd43e050efb4c050ffc30070a pre_us=0 enc_us=494855 q_us=110 pkt_us=2
[PKT] seq=234 mode=L bytes=260 pkt=01020001c1f1ae8fd52bb58ec327af8ffe2eb28f144eb38e181bab8eadde998d145a928de9f8f708de191800e5140700d14a0900f0171200f91c0a00df010900e45b0b00f235a5b5044d9eaf164a9db0075d9bb022469baf18309daf284b9fadf8f8a8b01a032b3237f606342bf529330ab81f33f20a1634f4f226350bf133372cdb2d34fef0605adff16245d7f74f45c2055246f6e25846fe014d46020e4c49f7ff474504e94d2401ea4c23f2e13f23dce44423e4d54d24efe54124f0e73026ef1b21210cf8acb51d13d9b43603cbb51742c5b50727d3b4ff0cc9b442b9b6b22616b5b4d3f30d0dd20f2611cffa1212c61f0f1110101f120a031312dd0804130444020e pre_us=0 enc_us=494857 q_us=113 pkt_us=1
[PKT] seq=235 mode=L bytes=260 pkt=01020001c5f4ac8ed625b38dc9e3ab8ee549bb8e3143b48e1c10ae8dd504ad8c29639c8ce90fe008df07f400dcf7f400d149f400e620e400ce21f700e802fc00b54804ffff3796b4094e90af096193b0f5608faf264f8fae173c90ae0c4292ab014d9aafe7e34233edf12835e2ef3934cda82634f71c333500033936c7dc3138f9e3293508f0535adfeb5446d1f44b46cde85346bcd95147c9f74e47e50c4c4aadfa494612dd4a2410cd472309b9422305d04724f3cd512508c2482418d1482618e038220c03a6b42c15bcb33befb1b43137c9b4ec37b3b3e52abcb30ef8c1b1fe22beb208fbf10d1cfae61112e9e612fcf1f212e4f2df13fbd5ed1204f2fe131435fb0e pre_us=0 enc_us=494858 q_us=113 pkt_us=2
[PKT] seq=236 mode=L bytes=260 pkt=01020001ca06b48ece1cba8dc5e3a98ee93fbd8e293ac08d22febc8dcecba78c124ca88ce708dd08effbf000f1eef700eb46e500ff1edf00f614e700f7edf800b04b07fffe3094b402518dae0b6293aff6588cae27408aad2c3c8bad0d3890abfe3793aed4f33d33e7f22a35d2e73434b4af2c35d8ef1536f2da1e36d5cb2238f6c01a3604e7575ad9e35646d1f34e46edd05a47e8bb6248e5d46148f5f35f4bc3d95f4711e050241ac848240ab84224dde64b24d3084f25eff448240af94027081134220b09a7b43314c1b346feafb43a56b9b31b41c1b3022ec4b215e7b5b01e28d7b219f8f30d13ece31210e2e312ecf8d812dc16d013fa13d7120010dc131851ee0e pre_us=0 enc_us=494857 q_us=111 pkt_us=2
[PKT] seq=237 mode=L bytes=260 pkt=01020001b5f8b08fbb2eb58eb110a98fd852af8f1d57b68f1223bb8ec1d2a38d115e988dda0de508d516f700e701f600ee39f400130df100fd23f400f306ff00d25206000b3a97b5204f92b02e5997b1276294b02b3e90b026398faf1f4995ad0215a1b002ee3e3215f828340eed3833efc73233030b2434ffd82534e7e72e3617dd2c3319f5545a15ea5045f4fb4745f4e94c45d6d25646e2d85546f4125049ecfa4b45f4e34b24e0e14723e9dd3f23e2ce4623e1e94d24f8f34423feee4025f60e2b2123f6aeb5440fc2b45406b3b55434b5b51c28beb5140bcbb439cdbdb2311ebfb407f7fe0d000bf311f300ec11fd01eb11d40be512fce0ee12fbf4f7121c36fe0e pre_us=0 enc_us=494856 q_us=112 pkt_us=2
[PKT] seq=238 mode=L bytes=260 pkt=01020001c0f3a091c6349890c1189693ee259c931d6197941d2b9993c1d893922a4f9393dc1bf008d8390200db300201f2570101193e03010c130701fb010501dd5504010232a2b91445a5b43750adb72661abb8393fadb83731afb82d29b1b52cfbb7ba17f0442f240038301f05372e0abf362cdfed392de2d0332d03f5342f0cba2c2b04104956da143642ca1f2f40c41c333fe0043140eb2a2f40f94233420119353df8e03921f4db2821d7d72220ddd5291fdfbc2120e3c5241ff6db1c21b9131a1c1bd5b2b833f4b2b84af4b2bb3725b5bc15f4b1bc23ebb6bc47b8afba4231b6bdd8f8010cd11afd10c80cfd10c123ff0feb22fe11ee050810e8f50210013f000c pre_us=0 enc_us=494855 q_us=113 pkt_us=2
[PKT] seq=239 mode=L bytes=260 pkt=01020001c1eaa390bf33a090b0169c92f450a0920e5d9c9329349e92b7d595910d579492d823ec08d81ff800e61eff01e647fe0107280201f31f0401e0080001cc4b03001333a0b8264c9cb33950a4b62f65a2b72934a6b6372ca7b6234ba9b32b0cb1b813ed462f1ef7373117fd372fe3b9362eee08382ecfe1362ee3d43930e1d3312c090c4957f9053742f81a3541f3fe3640fc0c3441f50d354109323a44fa16353ef6dd3e22efcf3a21d9db2e20c6c53120e6ce2b21d4d72a20ecd72522c3031f1d1de6b0b84003b4b75909b2ba4924b7bb2313b1bb09f0b8ba3fb0b1b84e2bb3bbf5e7020cf308f710e809f710f30ef910fc2bf8110f08fe10fcfffe112032fb0c pre_us=0 enc_us=494865 q_us=112 pkt_us=2
[PKT] seq=240 mode=L bytes=260 pkt=01020001cbf7b68eb821bc8dab1cb18ed902b58e1141bd8e2304ac8dbce4a38c2362a28cde07dd08dc05f600e110f500f70bf800031de100fb1cf600e7030100e74c0bff0c3195b41a448faf2b5992b0396190af344e8bae2c2e8fae224993ac080999af15f33e331af31d350be238340bbc2a34e9d52335eddc1e35f1ee3137eae619350df2565a13ed584605f04c4508f65546fab05e47f7dc5d47f705534a02e45746f7ea4f24e5dc4723dfdc4323c5e24424daed4d24e1113e24fce63d26e71e36221b06a8b43e0acbb35415b9b5582fbeb42b38b5b41d17b9b33fd6c0b12027d4b3f9fdf50df703ed11eff3ed12e801e51203fcd0130a00d71203ecf5132746010e pre_us=0 enc_us=494863 q_us=112 pkt_us=2
[PKT] seq=241 mode=L bytes=260 pkt=01020001c7dfa990cd30ae8fa501ac91dc04b1910e4cb8911e11af90c2eea08f32509a90de12ea08d524f900c924fb00cc2ff601f81df2010318f701f7ebfe00ce500200fd3b9cb7f54b96b20f499ab41e6598b4194395b3253398b324389db10803a7b520e043302d052c320d02363001c53430ffea3030e8f03031ffe5323324b32a2f01fd5058e1f14a44ba0e4142b3164242f3eb4643fd0443430416454604104441fee94022ebde4222def33b21d3d23f21d3c64822cfe74121e0e13723b8072d1f0eecacb61717bdb6360fbbb82125b7b8081ebab80a08bbb83bb9b6b63020bcb8dbf9f80cbe1af111a7fdf911bd0bf210ee08f712ec01f711d40df711f443fe0d pre_us=0 enc_us=494865 q_us=113 pkt_us=2
[PKT] seq=242 mode=L bytes=260 pkt=01020001f4e1959212419192221b949515179696013c999701049396d4dd9395382996970616fd08fb50060114350501ca4a05020b5d0402123c0802082d0502045b06012d24b2bb3f30b2b64a23b7ba5355b9bc2858b5bc204abebc2f3bb7b91309bdbfddd93d2d0906372e2102352b49de31290009392904da32290914332b3fea2826f2294655d91c3040d2242c3dc92d2d3cbd122c3ce227273cd337323fcc322e39eedc1d20dced1820d3ed181ee4f8181d16bb1c1e09d10f1e00ec18201114191a24b1b3ba3d08b0ba42e5b6be59fdb9c01708bac015ddb2c03dc9b4be1123bcc2eef8040cdc32000fcd23050f0518020eea230810ef2e010fcb2f03100146000b pre_us=0 enc_us=494863 q_us=112 pkt_us=2
[PKT] seq=243 mode=L bytes=260 pkt=01020001c1e0a78ccc15b48bdee2a78be520a18af40ea28914eca888b7e4a588ec489c87d9f70608d2033effb41e25ffc2272cfff2e240ffe9071fffd61d31ffc45229fe0c37baaf0059aba92063aca81d71afa6185bafa532519ba51b639ba3114c9ba4d2f50a37fa0bef3afbd70e3bdbf2023d013ee63f09f7083ffecff6410f2613400eff615efbf35a4be3f35c4ce5cb614efae6694f06c66b4ffdda655202ed5c5020d7342720c244262bc337271daf3c29e5d04c29d6ef532918c5332b06dd3428fa09a3b00308d2ae081ec8ae0739b4ac0b53d2aafa43c9aaf7ffc0a8e524c5a833de360e180a501335e442141ee14215eb0c4d15111b2f1503ec3616102c3b11 pre_us=0 enc_us=494865 q_us=113 pkt_us=1
[PKT] seq=244 mode=L bytes=260 pkt=01020001b5f1a78fb432b98eb720ad8fdf37b38f2141bc8f3a0baf8eceed9e8d2c59938ddf01ee08dc031500db0504000e1c0b001b070c00f5200b00ffff0d00ff510f000039a4b50d4f9ab0195c9eb1136099b1374797b02e399baf153e9eadfff9aab102f2313211f805340ae82133dab41a33d7fd0934fff62334b8e12936e4d927331ef45c5a14ec6145eb035045d3f25545c9ee5e46c5065246cf1a4f49b2054a45f5e64624efd44e23f9ce3f2305bf4223f8d8522402df452317e6352526ff20212009a4b53d18dcb45212c4b53825c7b50f24d7b5fd11ccb421babeb2f90ebeb408fbfe0d0efd1f110c020911e8060811dc031112f2fb1611e9080e12e23b090e pre_us=0 enc_us=494858 q_us=112 pkt_us=2
[PKT] seq=245 mode=L bytes=260 pkt=01020001b1e4ad8bc138ca8ac612ad8aea44a0890a219a8814f08d88c5d58e8723589c87edf40508d90444ffeb0c2cfffa4b30ff081f4cff031c50ffe50c48ffd74931fefc32d8aee953c8a80256b8a7015bd1a5204adaa3154b0aa31c62d0a1f12bada2e3f0d538fb12b43becfef83dceefe13fef3fd0411a1cfd41ecf9fb43fb370e420ffd595f03ed424ce700484ddede4150010b48511f073451f3154c53e91344520be20928f9ce14270ac5192800c5082ae0c9222adcd6102a14ab232c0cde3329150b98af2728bead2c0eabac20429caa1234a8a904fc9da80acca9a6e528aca617df300e01fc431403ea4c15f2c85115eee663160cf46a15f5d6631611225112 pre_us=0 enc_us=494864 q_us=112 pkt_us=2
[PKT] seq=246 mode=L bytes=260 pkt=01020001bedbd18ad3031888d4f0cf88cd40f687fd032286fbeda786d1c9af86103ad985efed1705e7094c02f22a2e03052029ff20cf54fd26c5580111122dfe120532fef545eeaaec64efa5ef63c2a4f660c6a01036e49e0a10f8a00139b89dfb08959debf3c53fe80dce45faf2b342ee42bb45ef1192490ee7d2470ad3d3471a3cde4723f2425e14cb22480ed3504e0ad33b5014e8365027f54c5218f3575626c9615510da0b270bc0fd231cc71e25eec2142dd7f8022ce215fa2908d60f2ed207442debfd9cadd525b6a8d430aea7f05a9aa5242ac5a51febaca2fceba7a20219c8a212f6030afdfa140bed0f0711d22f0f10e62c1f10f8165412edf53115ef523912 pre_us=0 enc_us=494858 q_us=111 pkt_us=2
[PKT] seq=247 mode=L bytes=260 pkt=01020001b4f8b78cbf2edb8bb11cb38be548b18a10ffba8926e8c389c3b6ad883441b888e7ef0708e0f03cffe3ff0e00ee492bff12e830ffe00021ffd6ed21ffe63019fe022ecfb0ec4cceaaeb48adaaf44abca81c4ad4a60427b1a6163da2a4f6199ea6e1faca37d010b239e5f8fd3ae5dcdc3ced3fa23d14f7d33de2f4e840f940f13e08fc565de6f63b4ad7034c4bbeee504de1124d4ee9e7574ef1086351d233544e1ae218270ec9032619d01e2727eb122805c21d29fe0d232815cf1f2a16ea402716049fb13239b5af3e2aa2af2755a4ad0841a6acf033abab12eeb0a9e148b8aa2cea1f0e17f6361310eb1c14f5fc3814fbeb31150526341417f12f1514343811 pre_us=0 enc_us=494866 q_us=113 pkt_us=2
[PKT] seq=248 mode=L bytes=260 pkt=01020001c6cff48bc7071788cee4d787d8fde08606d0408510f1d585cfedc684fb47d684e6fa25fdde094a03de1c3002e12d2dfcfdfc53000c1a3802002d35fd102934fe023fffa2f35bfe9e0961d29df76cd5960043f695002cdb971266bf95e2339996d6f2da4ded09fe490ffac14aef11ed55ea0ade5614f6bd51f3ebc8500e2cc94f22fb2b5717d7364307ec4d4d01c6404d07f2394a180452510bd653581be9625b15d8d72a08c6eb291fc0fa2d0fb6ed36f5e2e033fde9ec3014b00135fde23d33dafca9a5e11fc8a0df14a4a0ea5ba29def42e299fd17a499e60b9c9ae628ae9a1eea050afdf92403100d110cee0ee60cf61e1a0208112109e7d92b0ef15a3610 pre_us=0 enc_us=494854 q_us=110 pkt_us=2
[PKT] seq=249 mode=L bytes=260 pkt=01020001b2ebd68bc23e0d89cb1fc189ee36bb880510c38701dbaf87c3cfa3872a699a86e9f60e06db0d4302ec082e00c93b44ffd1ef47fee10b24fedefd31ffdd4049fef33bf1abe34ecea7044acaa5ec56c3a30943dda1f325aaa11745a39fed18aea005e7c53d060acd40010ae840ffced741e22bb2431a17e043f1f10345072ff94415f43c5df1eb2749d0f53b4cbcfa4450c2e94552d6116152e8f36054cc054c530de6fc2609d104241fd4ff2721be042a03ce042b08d7322b22c5212d24e80c2a100698ae1d21b4aa2902a4a9f430a7a7d32da6a7c813b1a600c8b8a5ef23b6a50de50b09faff270d0eed2712dfe64812c8da3914ceed37140bc64216161e5113 pre_us=0 enc_us=494855 q_us=113 pkt_us=1
[PKT] seq=250 mode=L bytes=260 pkt=01020001c0efbd89b91af387b923de879d1eab86d139f385e248f785a9f3ab84b546ef84e6fb1505d8074601c91f36ffc8161cfecf3038feea3121ffe0251affb3252cfcf42ad2a70644caa21a3caca0214bb79c2a57cf9a135fb19a164ea4992f54a19822f6d5421c05d644390406462a07f84a14d3b94ff4efba4f220cef4c2f28e54d1500506006f3334d11123851f2194754eb0b305307f234541e0553591116295902ee1c2af2dd0f28dcfa212ce7ee172feeeef52eebb5052bf0df2630e1cf12310a059daa1b00aaa64515b2a55c279ca152469a9f2d4a989d402d929d574b9a9ef5ec0c0bf1f7270ef9202114e210f6122321fc0e12ede20ffee606132bee2912 pre_us=0 enc_us=494859 q_us=113 pkt_us=1
[PKT] seq=251 mode=L bytes=260 pkt=01020001b7f2d78aba150188b52cd387ad23c686dc57d385084bd085c1eca084f35fc384ebff21ffe4044303ce0d2301d60523fed03032fcef0527fee80014febb2424fdf827e8a30736ce9e154fad9e125f9f9a0b62b1980e54a49900509598fc5491970cf2d44b0603ff460df0fa45eadceb4be3c1bd4edb17cc4cd204114df711f34e26013f5a25f63d4819074e510b0a5656f1f64f56eeda5558faf35f5bf8115d5cfef3ed2ae3e3ff2cddda192dd7d22432e8cf0d34f7ca1a30fcd73932eec749320c08a6a42003b6a24c11aaa35420a6a14846a09e1a489d9e3622969d3b57ad9d0df7ff060cf625050f0c2012040b07141613061121f112140be511182c143715 pre_us=0 enc_us=494856 q_us=112 pkt_us=2
[PKT] seq=252 mode=L bytes=260 pkt=010200010715a790f51ca1902e3fa0910c1c9b922312a192e72aa092eecf9690fb4d97910519eb080718f9000e350001382eff01f027fe01ee42fc011a160301ea53040020219db8343c9cb33e0aa1b54604a6b65421a2b5445aa0b5394da5b32242adb7e3fa4330f50336312e092f2fe6153a2e56ff362f09c73c2f19cb36313cd62f2df5fd4b57e80d3943cd153d41c00e3741d4223a42ba1a3541c2343b44c1fd383ff9d44322efd83c21d5133420ecfd2b20d103362110dc31210ad5282325e1251e0adbb3b731f0b4b73f25b9b93bf5b3ba5807b9ba431bb3b92ccab0b8100dbabaf7ec050ce40cf410cc1ff910aafdf610dbfbfc11ecf7f710d5fef811f02dfd0c pre_us=0 enc_us=494860 q_us=113 pkt_us=2
[PKT] seq=253 mode=L bytes=260 pkt=0102000103f9ae8e010daa8d3221a48e09f0968ef61a9f8de239a58dfff6998c3a539c8c0713e7080016fa001223fc002b2ffc00e920f900e523f700161f0000d44dfdff191b98b42d3695ae422798af50239eae564699ad4a6195ad424298ab274a99aee8f44233eafe323523f53734100f413544f838360ec8353610c53b385ec736360006535af6054a46d8124646cc323e47ce0d4248be144a48cd2c4c4bd6f24547f6ea4b24f0ed4524cbfe3e24cbfe3324ccf04125edd64424e9ee3927f3e83e220af5afb42201b9b3370cb9b44fe8abb3600db1b35c29b5b23fffb1b0262ab8b2fbf8020dee0ff712ca1ffc12aa04f612cdf5f613e312f212d90bf7130135fb0e pre_us=0 enc_us=494866 q_us=112 pkt_us=2
[PKT] seq=254 mode=L bytes=260 pkt=01020001d3feb38fdb12af8eec25a68fb4e8a18fda30a58fd545a48ee1099b8df1569b8de802f208fa051100c5250b00e5030f00a4391a00c2400e00d4290400c3480800ef24a1b508419eb0112ca1b11722a3b1133fa6b0026aa1b0fa469cade241a1b120fc30321bff143447f52a33080b273343dd1e34fad02a342cd1333634da2b3307f45c59e2f95845d6164d45b7184c45c4155046b7f54846e3104c49f6e94544fcee4e23f2e54523c3103623c1fa2b23baf93224dcba3423c0f43625c6e43321ff05afb51af8d1b43c29c4b631f4c0b64027c9b5291bbfb423f9bab3050fbdb4e1ef0d0dc80b1a11c51c0c1199f70911d80a2212ba0e0c11bc0e0312ce2a040e pre_us=0 enc_us=494865 q_us=113 pkt_us=2
[PKT] seq=255 mode=L bytes=260 pkt=010200010f1fab91fd2ba090332b999205ef9993210fa194cc3ea293fcbf9692131a9793061bec080b23fa00123eff01461f01010316fc01d735fb0122370201dc55000123249eb92f479eb43b10a8b6410aaeb84e3aa6b74a67a2b73845aab52442aebadff7402ff2fb393037f5362ed60f332d49f2382d07d0372d0ed4342f50bc322bf5024a57e8013542cf1c3540bd263940e0173540c8173540c33f3c43dd10353df4ce4621efd53821d9122620e8ed251fbde03520efd0332001f523221be1261d06e1b8b82af5b5b83915b0ba2eceb8bc59eebbbc621ab7bb26deb1b90707b7bcf5f5100cdf11f510cd26f210a110fd10c803ff11ea20f710d32efa110e42fc0c pre_us=0 enc_us=494857 q_us=112 pkt_us=2
[PKT] seq=256 mode=L bytes=260 pkt=010200010af0aa8efe10ab8d3128a08d01f99c8d0512998cec42ab8cf8e3978b1638988b0e06ef0809131500011c1800410a1700d6261400ed3517001a2b1000cd5010ff1e27a1b32d3d9dae442ba5ae42fba5ad5647a5ac38639aac38409fa92b4fa2ace1ee3334e2fe123626ef1935eb10263644ed263704c5143813d1303a53bb2837fafe5b5bf1fe5b47ce0d5447c4215448d20c5049b8f85f49c427554ccf064b48f4ec4725eeea4224cb0d3124dd092e25cf022f2605da412501f831271de6312308ffa9b32af7d2b23a18c8b345f3c9b25e1eb9b14227ceb12adec1af1914beb0f3fb030de7121e12d0201812a0fc2112e50b1213e8231b12d12614141a47130f pre_us=0 enc_us=494856 q_us=110 pkt_us=2
[PKT] seq=257 mode=L bytes=260 pkt=01020001f8f9b68ef415af8d2b29a18e0a039f8de821a08dd544a68cf3eb9b8b18549d8b04fee608fb1202000e2a0700341a0500d9250400f72ef5001a220300dc40ffff192796b32d3795ae411f9dae43179dae544799ad3e6e92ac3c4e95aa134f98ade9f43733ef05293624fa3035071138364cf0333706bd3b371bc1393954bf3237fffb5b5bf7ff5147d21a4947c8114448d0004949adec4d48bb144f4be4eb4a48fde75025eee94424d5f93a24d8ff3825deef3c2510bd462501f0392722db3d230ff6b1b3310ac3b22d0ac1b33b11b6b35e0eb8b24031afb131fbb7af1514b7b1fdf7fd0df011fe12d60d0b12aaef0712dbdc0213d307e812cb02f4131c35f80f pre_us=0 enc_us=494857 q_us=113 pkt_us=2
[PKT] seq=258 mode=L bytes=260 pkt=01020001031add8df018c68b0f3ab28cdfd2a18b031aad8ac215a58ac0ec9a89e2569389f6f91b08101022fff63015002afb2100f11821fff70f21ff220a1bfff34519ff1c29c4b12038b5ab3d30a7ab3c22aca94c33aaa83d66aba72c4b9ea5153ba4a70cfbce3606fcf53824f9ff39d8290b3a3f07f93c09cd033c0bbe243e34d91f3df9f3495dde024549c40f514ad311504cd2084f4db806564ddd20574ff7f54d4dfee8182608e00d25ee0e2826f3f31227cdfa1d2811cd182706de262a18e123260ff2a8b11fefbbb04a34b5b037d4b2ae530eafad4afda8ac43e2b9ab1408b2ab000c2e0ede0a3313d5292114b5e02a14d2da2b14d0e72714c6f42615fe3d1610 pre_us=0 enc_us=494855 q_us=112 pkt_us=2
[PKT] seq=259 mode=L bytes=260 pkt=01020001defcae8ae414bc89f940a388b7cd9c87e009b486e042c186d0009786d762a885f5ff1408010938ffc23b2dffe5f52aff9d1d38fecd403efec23322fec03330fefd24caac143bb9a50e36b1a42746ada12458bb9f0a62c29f073fa59df138a19d20f6dc3b04ffc23e250fe840f530f44309dfb045d6eeb646100f12482ee8e34805ff5c61eef84e4edd135a51c80c6053e1195455fdf13a55081854570deb525609f2192af1e00a29ca0f1c2bb6e4142ca9e8002dbbaef32dbfeb152febd81d2d04039fad1cf7aeaa3632aba924f6aba63838a4a41d28a2a424eea3a2191cb0a2eff43d0fdcfc4315d6344716a3144217f6f84017d8c84c17d6053c1802f84614 pre_us=0 enc_us=494860 q_us=113 pkt_us=1
[PKT] seq=260 mode=L bytes=260 pkt=0102000102fbae8dfe17ad8c2921ab8c0bd9998bfcf9a18af1499a8a0e079789275f978907fc110811111efff52b0200440d0b00d7150fff064a17ff0c3710ffdf4e0fff1821b0b12a3ba4ab403896ab4d299ca956569ba82a5d9ea8354498a515409ca7e4fa1436e0041b382a032e39ee18323a47e9233b07e1263c18eb333e56e5273cfe03625df1fc5349c916504abd234d4ce41e524dc0e5564dcf08544fe1e74e4dfaed4226eedb3c25d00d4526d4f93327d6ea3a280ace342703f0362907e5352606f6bab121faceb03e2bc0b045dab2af5e0fbaad3322b3ad19f5b8ab1419baacf8ff460ee3033c13ce2110149ef30a14f4ec1c14dcf91e14ee03121506221210 pre_us=0 enc_us=494863 q_us=112 pkt_us=2
[PKT] seq=261 mode=L bytes=260 pkt=01020001c0f7d389c71ada88b932d187a7f2b686d628e885f34af285f112be851c61d084edfd1108f5f937ffdb1427ffe1f931fecc282efefb2115fe022f19fedc1b2bfdfb22ceaa0b48b8a30e44a2a12357b99d1863b69c1c6bb39b004d9a9a0b469d9906f5b43d0e02b0411103d24309e8c247d6b89749d90ca24ae105fd4cf220d04c230348620af4485000054f53e2145157d31b3858d7e21e58e209525ad00f445a00f5fe2cffd50c2afaec1a2d03e3fc2f13c8f02f05a2f72f16d1233119c62630090598ab23feaaa84f27a8a654079aa344469ca1254298a01534979f124da09e13fd211008f728160b1622180b0838181f0b0c180ec606180cec2b1930163d16 pre_us=0 enc_us=494866 q_us=113 pkt_us=1
[PKT] seq=262 mode=L bytes=260 pkt=01020001d8f9aa8cdd30d78ada219f8ac51c9b89df19a289ec44a288d5089688146d9e87f3020a08f50747ffde2713ffda1d25ff9f2a43ffc34738ffd83b1fffb33c27fef42ad0af1439b3a9142aa7a83230b0a63a54cfa4fe64baa40938a5a2fe409fa31cf2d938fd08dd3a1706253cf516fd3e19edcd3fdbe8ec400df1264239f6124106fb5a5ef2fb3e4be41e4e4dc6274b4fdb2f4350f9fa4a500a07515213e7525104f21428f3dd1727cefd2728bdfb0629b6f2fc2ad0ad1829ddef1e2be2e0282902069cb020f7c5ae3d0cb9ad4718abab533da7aa0e25a8a91700a8a7291fb8a8e5ec2e0ee8094a14bf1b2a15b01331150cef5115ffee5015ecef381626113d12 pre_us=0 enc_us=494864 q_us=113 pkt_us=2
[PKT] seq=263 mode=L bytes=260 pkt=01020001faffa88ff916a78e1a2a968ffaf3938f0e3ca28fd2359e8f11fb9c8efa4f9a8e0307fe0813fc1c000e0229003fd81f00e5dc3200ef1e1800fb221600df392900141ea7b52726a9b0411cc6b14b2bc7b15a51bab14f5fadb03a33a7ae5030bcb2f5f82b32010b09333ee41532fe08143255dffc330bdd143337d924354add1032f8055c59e4055b45cb125c44ad095f45e4ef6645c10a6545c6365d48b70d554407f0442300ff3623e3261522f4101623c8223023ebfb3323fb182c25e024202108efb6b522ecd5b445f5cbb63ee1c3b66813d1b66125d3b541e7d0b3692fcdb5fb0d160dde2c2911c82c32119e182811db352a12d6361e11fa252212c5502f0e pre_us=0 enc_us=494855 q_us=113 pkt_us=1
[PKT] seq=264 mode=L bytes=260 pkt=01020001b2f8bd8ba819d088a136c68896f4d186b751f786d14cfb85af06c385bd62f484e6022cfce3ff3802bc2a3cfdc7e73ffde12e4800fe1d2b05d6052600b9143bfcf91ee6a10237d39e0c52c69b1f5fc5970b6de7950e64bf971869a19612719d9410f2da4e1ef2014622ecf94d23e0fc54f4c30954ffe4094ffaf9124ef408f6542b02495935fa4c4730fc494b1021424aeefc3e4af9df434e0bea5b57f9f54a55f7f6e52edde5042bd7e7fb33ded6f833fabdd636ffb6082fedc12f35dfa233391204b5a42bf5aea04621bda15e16ba9c513bbf993038a09a462d9d9b534dc69a10effc080cfa2704211a1c0d080e00090207010406d6f9050edd170f12f10b0d pre_us=0 enc_us=494856 q_us=111 pkt_us=2
[PKT] seq=265 mode=L bytes=260 pkt=01020001cef6a48bd10caa8aca13a18aaafea688d322a488e44cb087d030a687ca66a986f8070508f4f62cffbf2725ffc20c13ffab361affd51f1effba2417ffa73409fee516aeae0438a3a80240a4a6175597a40e619aa20d6293a2115491a0085e8fa123f81c391bfcfd3c35f51d3d130a154014d11641ef0913421a1e264420181c4314fd645fecf85f4ce20c584ead185f50c40c6152f2e36652f7f85d54e4ec5a53fff63e29f9e03d27da012b29d2e5452ae0de412bcab3582bb6d7542db7c3542af90da7af09e1cfac2f14c2ac3613bda9364fb4a8264bcaa72822bda63d37c2a5e3f1330ed7034314cb283a15a2062c16f5092d16e6de3f15cd0a3117d1052013 pre_us=0 enc_us=494859 q_us=112 pkt_us=2
[PKT] seq=266 mode=L bytes=260 pkt=01020001e6f5b18de507af8cf312a88dbd0aa68cda17b18cd953a68bd02d9b8ae76d948af410e008fc0cf8fff21cf900ef1afb00ae34f100d143f6ffe22f02ffb74401ff092794b21b3c91ad203995ad413d94ac2d598fabfd6a91aa004d94a806529bab0aea403400082d372e0235360a1a383740e83d39f1de3c392701393b42fd3a3901fa575cf3fd5048d8124b48c1114c49d5134d4ad0d94a4adafd4c4dc7f2454a09ee4f25fce14724ea034325cb044326c6ec4d26e2ac4926e5dc4028b5cf39240902a9b329fbbdb13725b6b25419b7b14943bab02818b3af25fcb7ae340eb4aff9f1f60de809f112cd25f613a90cf813ede5f914cdf0f413bf020114b012fe0f pre_us=0 enc_us=494863 q_us=113 pkt_us=2
[PKT] seq=267 mode=L bytes=260 pkt=0102000108f6af8d0506ab8ce9f5a28dd9c9a08cf90fa98cde1aa48bf912a18afa6a9c8a0311e0081415fafffe2cf7002405fe00d90ef700ed46f4ff1a2ffbff0640faff152494b3142a92ad3d3e97ad503797ac5d5092ab366691ab416291a84b6594abfee54234fafb3237f4013f36e4143c373efa393916c13c3920c8393b3cf63339fffc565ce8054e48c9214648bf2a4949ab0a4b4ab2044e4abce8524da6e94a4afded4e2502e84324f4f23f25ecec3b25dee6482614d74726fddd4428f8bd45240703a8b30901bbb13f1daeb248e1b7b15f2bb2b04539adaf3b06b9ae530ebbaffff2f50de613f112cc09ee13b7dcfa13d6ddf514deeae713cef2f514b61efa0f pre_us=0 enc_us=494865 q_us=113 pkt_us=2
[PKT] seq=268 mode=L bytes=260 pkt=01020001e401a28ed906b08dcd2ba78ec60ca08e0027a58ddb5fa88db5f1a08cd06a9a8ce91eed08f50a0a00c52eff00dc140600a2270000c03bff00cef10900ae2c00fff41f9eb4083797ae123699af2d2f9cae374397adff5793ad1c3896ab0c219aae1fe83f330f03203505f43135fc15303536d53536f0d02e3604c52c393ae52f3607f1555bebf75246d60d4946bf214847e2034a48edd85048f206534bf9fa4a47fbef4124eae64024b7014124b7f23624a0f74025bccf4124c0fb3c279ee73b230100a7b40ef5c9b33b2bbcb44213bcb34e36b6b22d0fc3b236dac2b05109beb1e6f0fa0dd2000712b5090112a7f00512f5e3fa13d508f712c5dd0113bbfafe0f pre_us=0 enc_us=494864 q_us=113 pkt_us=2
[PKT] seq=269 mode=L bytes=260 pkt=01020001d202a48dca059f8bd914a78cc1159a8bf0109f8adf46988ac4079089d2609689e317ef08f20b15ffda211800e00e2400a22626ffc93f2cffd00e1cffb22f27fff3269eb1fc3aa0ab06339cab1744a9a93262a3a8066ba8a81061a3a51865a1a727f235361a0a193835162139160a173a43d50e3c04d6043c1bcc1c3e29f00e3c0ff45d5de6f85c49cb14584abf00554cd7f7674de2b66c4df8e06a4fe1cd684dfdee4926fced3a25e4f34126b3fc2d27ab0b4228d9e43627c0f82f29a6ea2d260709a7b112f3bdb01e1aceb03205baae4540c3ad2215c0ad31e1b6ab4c08cbabe5fa060eca0b1513bdfc2c1498112714ef1b2714e60b2614c4ed1c15ba202610 pre_us=0 enc_us=494860 q_us=113 pkt_us=2
[PKT] seq=270 mode=L bytes=260 pkt=01020001e4fda98ce007a98be238af8bc7049e8ae3fda68ad250a189c6189b89d1649788f10df008f9fe16ffca260d00ba1d05ff942f0dffba4911ffbe2d13ffaa4d14fffa209fb1f9329aab022697aa163797a8335898a70b6e97a7195a97a5166299a61ef8353612ff1439170f2c390a1f383b1df71f3cd1f9223deff3263ffe072a3d09fc5e5df5fd5e4ad30c514bc21b4b4cc8125c4dd7da604dda025850d4f5534e02ef4f27f2e94726c3f94526a7f041289ef84a28b9b04c28b6f0442aabca3c27030ea8b106eacdaf222dceaf2c12b0ae4040b7ac2018c2ac340bbfaa4415beabeef70b0ed3082113bb0e1b14a2070414e1f51415c8082114bcf71e15c21b1a11 pre_us=0 enc_us=494862 q_us=113 pkt_us=1
[PKT] seq=271 mode=L bytes=260 pkt=01020001e4ffb78cd70cb88bd520a58bbd18ae8afc37aa890f57ad88ec1ea788056b9e87f1fef708f70305ffc527fbffd311fdffa03af4ffcd3af7ffc623f9ffb534f6fef6149aaffc3591a90f4a92a827498ea623608ea511628ba517518ba31d578da4190830370afe243a1aff373bf31b343d03d5353fe6f33d3f0ce73641150a3d400ffc625ef6f6594bd3124f4cbe15544ec900554fe0db584ff9f15852fbe65150f8f75727e8dc5226d8f04a27b8e34f29b7dd5029c6b85429c6e1542baebf52280207b6b009fecdae2b1fb2ae4518c1ac3d49b5aa1f3cbaaa2324baa83825b4a8ecfc190ecef10f13cc1bfd14a4100715fe10f415ecf6f715e6e8fb16e906fb11 pre_us=0 enc_us=494859 q_us=111 pkt_us=1
[PKT] seq=272 mode=L bytes=260 pkt=01020001b9feef88b90aea86c52fc285b7e5d084e311118308460483ebead2830a501c83eefb1606f1014501cf292ffeeae92efdca283b0207213100041d38fcea0f4afbf91edaa20131c19e104db8992453d7950d62d694135eb9952252aa93124ca5910cfbc2461c04d54911e7ec4ed808c255d4d1b957e6169955c80fb655e232a3572805346417fd3652010e4956da1a3259bf182f5ad904385ce20d455fce271c61fdf3f72df8df092bf7e51631f9dcf0330bce032e09a9193114c01b361ba71c38100b95a621fda5a13f229a9f5729939b33599298074b9298111e909706449c9612f9100b07f22c11101f0d13050ed513020fed0ffee2fb1605ca1c1811e92114 pre_us=0 enc_us=494857 q_us=113 pkt_us=1
[PKT] seq=273 mode=L bytes=260 pkt=01020001d102ba8bd51ec78ae72fb489ca069c88f514a987f265a187ce0f98870060a586f8021608fd0836ffce3e1efff32616ffb9363bffee4539feed371ffec72c36feef23c7ae1043b2a7103ca6a62445b2a43460b7a20a6cbaa20940a0a0024a9fa11ef3d63924fcd53c3b16033e1204f64040caed42ffcbe14208fc164413d7f54408f9575feaf54e4cd0124f4ebe0f5151d80d5152f6cc56520bfc5b5403e45a5304f1182907dd1428e5061d29dae60c2bd6e90e2bf3a9122bf1f51c2dccd8212afffaa0ae1cf9b5ac2b22b2ac1f09a4a93528a9a7161ea5a72502a8a514febfa5e1ee350ee1fd4314cd313715aafc22160bff4c1608f54c16eefe3817f3074813 pre_us=0 enc_us=494856 q_us=110 pkt_us=2
[PKT] seq=274 mode=L bytes=260 pkt=0102000104e9a78e190dac8e2df19d8e50eb978e5f01b08e190bbd8d35f2a58c2afb9c8c0411eb08011eff00111a0600fd280300f006f700cd2def00f432fe00d93cfeff1c2a9bb4312a95af4a07a0b0580da4af583f95af56668eae3b5393ac42669bafd0e64233be022a35a8e33034a1c53934f6e22835f2b12435e2fa3437c2ba3635fafd555af10e4f46ed254a45ed294346d7f85347d90c5d47d5194f4ad5224646f3ea4424ddf94023b8ff3123a6f93024a1f84924c6e54824e2db4026bed837220bf1acb41203c2b319d0bdb517dfb3b43d1fbbb45741c9b30f11beb13716b3b3f7fefa0de825f911d31f0512d21a0512cf1ff113f345e612022ef713df56f50e pre_us=0 enc_us=494858 q_us=112 pkt_us=2
[PKT] seq=275 mode=L bytes=260 pkt=0102000105e8ab8d0709ab8c3a129b8c33f9a88b54209c8b0344a28a33f998894752938908faf808021012fff9131b0008001f00cf1812ffcc3611fff5290dffda520aff1727a2b12d299aab451ba8ab592b9faa5f2a9ea84a6698a83d4697a645449aa8d8f82c35bd0d1a38c8f22238abf4103a13f72f3bc5c0273bfece353d00cd2f3cfefd625cf6045d49f0125249e001614bcf0f574cc903544cdd1d554fcdf8504cf4ed4d26e3f34625ad032b26ae0b3f2799033527c7d13c27c6f53929b4f1362605fcacb213ecd5b02df7c0b12dfdcfaf5af4c2ae4f29bbad35f9b7ac2c15b6acf9ff100dec112013d90a1f13c2122713ddeb1b14e0131013e7060a15dd440610 pre_us=0 enc_us=494857 q_us=119 pkt_us=1
[PKT] seq=276 mode=L bytes=260 pkt=0102000103e09c90fb0ba68f060d9790eff998910c129e91d63ba390fff69e8fee439b8ffc1bee08082a0000f739050027200101ec15ff01e944fa000a30fd00ec5700001e2aa2b61f2e9bb13618a8b34814a7b36440a0b3536d9cb32d549cb04450a4b403e14631fe162d3221e53231e907393049da363116b33c311cdb36332ff52f30fc124b58dc114544cf363f43be1e3b43b7254144ad153c43c4274346af123d42fcdd362307f53c22f4082821f0ee2d21c3ee3622fbbd3b220add3724eef9301f0cdca9b616fac1b53cf7b8b834d9b2b863edb7b8582db2b726fbb8b55925b8b8ff00f70ce525ff11df180111b800fd11c9e6fd12cd15f711e61bfa12b95ffa0d pre_us=0 enc_us=494865 q_us=112 pkt_us=2
[PKT] seq=277 mode=L bytes=260 pkt=0102000118f2a39018179c8f4b0b969135099991541597911526929028fd928f46489290041aec08fc2cff000e290300261cfe01ee2a0001d53f05010a3b0401f656040022149eb72e209fb24d01a9b4530aa7b46734a6b45b4cadb3411ea9b15d0dafb5ddf34330d30c3432d5ee3230b9003b30190f3a30f4b43631ecdf3b32c2df332ffe1c4d58fd1f3b44e6283d42e40e3742c22b3a43cb373743d3303c45c3113941e4e34022daf13622af032521abf72e219ef42c22bdea2021d5ed2623a80f201f07e1b3b61bf4b3b622d4b7b83edbb2b960e9b4b861f1b0b82df2b1b64818b4b8fef7050cf021f810d10cfd11b003fb10c6eafd12e00bff11db0a0311b845000d pre_us=0 enc_us=494864 q_us=112 pkt_us=2
[PKT] seq=278 mode=L bytes=260 pkt=0102000116ef9e8f150e9a8e4118969016dd9390480f949018439c8f3401948e3c3a928e071aed08012aff00e43dfe002a200200c53f0000cf4dfb00ee450200e04f06001b199fb633309fb03c15a6b25223a8b25c3da6b1465f9db13b30a2af4841abb2d1e74631ae0f3333ecfc3c329cfd383233e84132c2d43933ebd63c35cdda3632fc134c59f81a4045ea323944d7303b44de203745c2113d45e12b4347ca153a43eedf3c23d8e43422ba022c22b2ef2622a4052823cfda3723d8e92925b6f02120fbdaacb50fe0b7b53b0db4b735c0b0b76312acb6371db3b617efb1b436f9b2b6faf9fb0cea23fb11e7140011aa03fe11f6fffa12ea1ff211011bfd12d743ff0d pre_us=0 enc_us=494866 q_us=112 pkt_us=2
[PKT] seq=279 mode=L bytes=260 pkt=01020001dff6ae8aeb17c689032ca988de06a487ff09a086f95aa386e4289785fa6c9b85fdfe0d080b0a35ff002627ff121326ffbc3528fef14022fef13624fee43919fd0a23c0ac2244aca52031a6a34646aca03a53a49e166d9e9e094d9a9cf552929c16f4de3bf702df3e300e014105ffea4437d7fb46e5dd0d46100b1c4820052148fe016061f0f94f4ee80c5451d3105854e2205b55e3da5b5502fc5d58fee0595713f4222afdd91929edf7252bd2f6122dc9f5222dd5a2332de1de302fc4b5432d0b009fad2705b1aa3714b0a94b1ea3a64639a4a41520a1a31e12a9a20717b1a1f7f82f0fe7f84815d91e4217b5163b1702f34817dbf84517e2123d18cc0f3814 pre_us=0 enc_us=494857 q_us=113 pkt_us=2
[PKT] seq=280 mode=L bytes=260 pkt=01020001d7f7b18cde0db38be225aa8bb10aa68af30da58ae340b189fa179f891061a588ebf90108effd13ffb81e0300c114feffa316faffd419f0ffe12c08ffb91df5ffec27a1b1053b97ab123994aa163a93a9335492a71d638ca7073391a5092e8ea71efe2b36020712391a122c39f620383b11e0333ce1f73e3d15ee3e3f34163c3d0eed685decec6349e711554ac9244f4ceb11534dfedc564d14fc505022eb4d4dfafa5727dbe05226b3fb4e26bcef4927a2dc4a28b8ae5628cff4452ab9d05426fe0cb4b10a11d0af3023bfb03b29b6ae3e37aead313eb5ac1a2bb4aa2e3db9abe2fb1d0ecdf41713ce280914a90a0414f9eef614d8ccf314fce8021501f1fd11 pre_us=0 enc_us=494858 q_us=111 pkt_us=2
[PKT] seq=281 mode=L bytes=260 pkt=01020001cdfad08bc815d08ac71fb78aa60ba389d5fdc288cb4cc588e92ca987f85c9e87eafb0808f4032cffc81c1fffcf2918ffb82e2fffe64623ffee401affbe3e1afeea16c5af0139b1a8f730a4a71143b1a5335bc4a31e6aa9a30d3da2a11041a1a22b04c6382505d33b5504033c1810f03f31c6c14005dfd4412af3174356fbfe420f024c5fe5f7484cea19514dab244f50be2c3e51ccec4551f612445312004852fffa122801db1427eefd2528dbf3112adff3ed2ae4b1092af4f6192cf7eb1b2901ff9caf11f4b1ad2c1ab6ad3f29a5aa453e9ea93b2e9ea82c2d9fa7382fa7a6e002160ecef63414d32332159b122315f9fe3516c7ec3a15faf826161a1f2312 pre_us=0 enc_us=494860 q_us=112 pkt_us=2
[PKT] seq=282 mode=L bytes=260 pkt=010200010ae99792042494923030969507ea969736279998e731979719e79596fc0d9797fa23fc08064005010d31050125260202e6400502db5303020a3b0502d85500012a20b0bb3121b0b74bfdb6bb5504babd601db8bd6146b9bd291eb7ba3006bcc0efdd3d2cef26332e0cee302ac6fa31284e0030281ee734292ce82f2a3bdf2f25fa284754e8203240db2b303dbf2f313bc732303cba2a2c3cc947363fc5322f38ede32020ebf61d1fc2021c1ece02181da9021f1ed100191d06001b1ffb2e181a10c7b4ba2af2b2ba4cf1b8be4bc6bac064febbc16824b9c02ae2b7be4632bcc2000a030be32e000fd204020fa8e2050ec81c0610d33b040ff929040fdf38020b pre_us=0 enc_us=494861 q_us=112 pkt_us=2
[PKT] seq=283 mode=L bytes=260 pkt=0102000110eb92931a138f92501c939531e096974af596980c149598401593964c21979804100608fb480501f33c0401332f0202cf2f0402d2580402f9490502de590202250cb9bb3807b9b746e0bdbb5f1abcbd603bbcbd5044bebd39ffbdbb4f09c1c1ccb9312cb8e5332df3cf2f2a99b42e2840c12d28d2c02f2801e22d2a29da2725fe275154f90b3b3fef27383cd627373be729383bd326363be1233b3eca1a3638e5ef1b1fd1fd161fab13171da3fd1a1d9e05191ec7fb161dc50e171fb318181906a2babb16c4b9bb36debbbe35bfbec163c5bfc14df2bec130edbcbf3613c2c3f912060be62d0a0fdc240b0fa223090edc210910f146090feb3e0b0fda53090b pre_us=0 enc_us=494865 q_us=113 pkt_us=1
[PKT] seq=284 mode=L bytes=260 pkt=01020001dff4a28cfc1cbc8b05259d8b011b998a0e1aa0890a4e9e89e5019588356196880600080814123cff07191fff2c1121ffca2126ffff482aff032a16ffe84017fe142cc5b02f38aeaa3911aba95739aba7543ba6a6235aa9a528369ca33e429ba50df3fa37f9fbf03a3600133a02031d3c3cec023ef9d60e3e24d2304052e2273ff6015d5ee406504ae119544bbe0c504df2215a4fd3f8574ee5135751e8ee514f12eb1c27fae82426e7102327d4f21d28c1092929e9c42329fe02292bd4ea302712f89fb02afec3af47ebc8ae580fb4ad6438b8ab261fb5ab35e7b3a94112b6a9f2ef2e0ee3174613d51d3414af0e351409184315e31a4514d90e271600161e11 pre_us=0 enc_us=494866 q_us=112 pkt_us=2
[PKT] seq=285 mode=L bytes=260 pkt=01020001e2ef9390f51b8e8ff1279091e4e89091f3349191e6609091dd1b8d90fa668f90fa1ffd080e400600ec4403001b2d0401bb4a0701dd610601fb460901c36107000f0badb7232ab0b24230b1b4543bb0b55641b0b42a65b0b42d51b2b14059b5b619d83e30fcfc3c3224e93f30f90c3c2f38db3c30f7ca40300edf3c3236e4382ff62a4a58e4223243cd2b2e42af382e42cc323043ba012b42d7253245befc2e4014e2232203d81922e5e81921d3e51921c4f01a22e9bb1621f4da1323c3e5151f0db4b1b720c6adb650f2afb84ed7adb96310adb94705afb83be0aab65b1cb1b9f6f4030ce6230210d3ff0511a5ee0110fbfa0311da0e0211dd160311c450010d pre_us=0 enc_us=494864 q_us=113 pkt_us=2
[PKT] seq=286 mode=L bytes=260 pkt=01020001d8f3ad8ae010cd89ec1ca589bc149687de27b487d15ab886b20c9386f872b1850205040802093cfff6292aff041c2bffba353dfed43d47fedb311ffebd3855fe031dc1ac1f35aba62d29aea44548b8a13457c9a0016cc59f0756b19dfb4fbc9e19f4dc3a0f0ae43e3b06ff402a04f04349edaf44fdddc24530ebf74749f7b34706055860ef0e484edb145050d20b5353cb0b4c54cacd4a54e6f46156eed74a5610ed182a04e31a28f7051b2aebff022cd108e52de1bcfc2cf0fd092ec6f5f82c0d039bad25eabaab3c04bcaa5dfbaba756499fa52720a3a438169ea3351db1a2f0e9160fe7133f15d7163a16bd083217e7033c17c6f04f16c8f43a18dc184a14 pre_us=0 enc_us=494864 q_us=113 pkt_us=1
[PKT] seq=287 mode=L bytes=260 pkt=01020001daebb18fd501a78ed813a18fbf08a48fd513a98fd55da68faf02998eca64948ee815e908f115fc00cb2afd00e110fa00a039f800b94bf600d3300000a7490500022199b5093b98b027339db13a419ab12e5197b1046b97b0ff4a9cae0a40a7b217f23d3209fa333324023932fbfd38323ce13733ffca383309ec363532ee3232040b5559e9084645d11f3f44ba1f3e44cb284145c9ee3f45e6254448cb043d4402f24a23fae63e23c7fd3822b9ec3b23ac034223c6b24223d7eb37259fe8292105fab4b515e7bcb44015b7b64b06b4b65138bbb63916b6b532deb6b34919b6b5f0fe020dd50ef911c2fcfd11a5edf911d5e9fc12ca0ff711ba15fd12a53bff0e pre_us=0 enc_us=494866 q_us=113 pkt_us=2
[PKT] seq=288 mode=L bytes=260 pkt=01020001cef3a58fc115a28ebc1fa88f9ffba18fc72aa78ee954a28eb921988de66b978de720e608f30df700cd21f400ba1cf600ab3bf300dc51f500db2af900a84ffe0002199ab5114098af2f5297b13f609ab0386a96af2f6e97af325599ad345a9db00cef47320afb35341ffa3b330efe3f33fdc64234e9e04234041c3a360cf93934160e4d5a15023e4509153d45ec1d3a45d31f3b46e1f23846071a3b49e2073a45f9e64524edcf4323e0e24323c9db3b23efce4224eaa54323e8d43e25e1d238210bf4adb528e8b3b45219b6b56316aeb56249b1b5462eb1b45613adb25642b2b400ecfe0df805f5110809f812e0fbf31139edf81218f0fc1209fcfa133c15f90e pre_us=0 enc_us=494862 q_us=112 pkt_us=2
[PKT] seq=289 mode=L bytes=260 pkt=01020001d5f0a08ed108a08dd325a48eaef7a38ee828a18ee15ca08db10d978cd768978cea21e908eb15fa00b631f400c60df400a242f600c853f500d92aff00a74efdfff4189bb4083d98af114a97af345797af316597ae0d6b96ae195899ab27619bae18ea483302ff32351ffe3f34010d3c3423cd3e35fae43d360dff3b3835f438350d0f4d5af5054146d9113c46c8203c47cc1f3e48e0e53d47ea10404addfd3e47fee64124e5d34123bfea4323b0d84224bbdb4325d1ac4624efe23a26c3d5392204e9abb40dd9b6b33118b4b45605b0b44d36aeb3311eb6b33bf8adb1592eb5b2e7f3fa0dd70df711c70df512a403f6120300f613e2fffe12d5f5fa13ef24f80e pre_us=0 enc_us=494859 q_us=110 pkt_us=2
[PKT] seq=290 mode=L bytes=260 pkt=01020001d1dfa68dcc0fa78cdb20a68cb2eda08bde22a98bf458a28acb0b9989ec6c9989f106ef08fc0d0effcc2d0800d5110100d13d05fff74a08ffff2a07ffc33b0affef239fb1053a99ab174398ab354c95aa3c5c94a92e6d96a8274f94a63f5696a821f2353512ff203834f63038171e313a0ee52f3b0ad7273b0ed2363d3d072d3c0f025e5ceaf15749cc134d49b7124f4bb613534ccdce554cf602534fdff84e4cfff24726fce14425df024226bcf14227eee04827eeb44427fbf44029d2d43f250307a9b216eac4b03220bdb15007b4af3f46b7ae3d28b5ad4305b7ac6018beace0fd020dca040f13cb160c139ef5fe13f4070b14e4100713e5e50615ee1b0d10 pre_us=0 enc_us=494860 q_us=113 pkt_us=2
[PKT] seq=291 mode=L bytes=260 pkt=01020001efe9a08ef314ac8def249f8dd3fc9b8dd91d998ce12a998cc5f99c8b1362988bf80ff108110d1700f22c0d0016090f00b12f1100c33f0d00e91d0a00b74d0bff122aa6b3192d9cad3a38a2ae523aa0ad4b48a1ac185f9eab234798a924419dac10de3734050510362cff2a36061324373ee82938f0c02b380ade323a4dd82838fdfa5b5bed035b47cb174a47b4234e49d528504ac10b5249ea21534cd8ed4c4908f13d25ffea4224ed013424e0fb3325c1ee3326dfdd3325e3e73b28b7f433240d04a1b319ecd7b24a20c2b354fbbbb2623db9b1412fafb03df6bdae3f19bcb0fdf0fc0ddf202012d2201013acf90f12f5ef1613e6020413d70c0914db3c080f pre_us=0 enc_us=494859 q_us=112 pkt_us=2
[PKT] seq=292 mode=L bytes=260 pkt=01020001e4f0ac8dda07b38cda1cab8cbbe09d8bc91daa8bcf33a68ac407a089cf639c89f80bec080302ffffe4300000f210f800a824f3ffd140f6ffd221fcffb541faff052099b10a3892ac244a94ab395595aa25658fa907708ea80d598fa6ef6391a81fe339351e00293821e93238fb09403918e53c3be4d43e3bfddb3b3d13f2353b01ff5d5cf2fb5449d1144f49b811484bc313514cced3534cf8eb514fdae34d4c0df34d2608df4a25f7f64626c8e13f27c8d54b27d1ab4a27ced94429c9c349250802afb216ffc3b03f21beb14ff7acaf5143b3ae2b30b4ad2c12b3ac2516b3acf3f3000dd80ffd13d70e0313a4f2f013eaf8ed14c4f3eb13d6d4f115c024f410 pre_us=0 enc_us=494860 q_us=113 pkt_us=2
[PKT] seq=293 mode=L bytes=260 pkt=01020001e8f19a8fea069d8eed22a290c115a390ec259f8f01539f8fd4fd978e1159928efa20ee080218fd00da2bf800ea0ef900a644fa00c444f600e7190400a25403000714a1b6223e9db02d379cb248409ab2374f9db11b619ab112359fae1229aab20edf4731fb0c35331c0d3b32fa0f3b321cd13833e8d0403304d5313536cc383201154b59f1173e45d91a3b44c42c3b44d4303c45d6fa3845ee3245480009394304e23623eed63a23d3fe3b22c1e33c22b5fb3923c1b53d23dcea31259cfd252008dcaab529e4b6b54b27b5b65e12b4b65338b3b62c12afb52ad7b5b44421b3b6eff7f80de024f911d015f611aeebf811f914f712e11df211d618fe12e14fff0e pre_us=0 enc_us=494859 q_us=113 pkt_us=1
[PKT] seq=294 mode=L bytes=260 pkt=01020001c3f4b48bbe26eb89ad2fae89a0f9b688c819c487d351c987a9ee9f86e469bd86e8040108f10543ffc12b1bffc20215ffbb3415ffee311cfee31009feaa1f0ffe0122d7ad0f2bb1a72646bca54752a9a32d62a5a117599fa1224a989f1d568d9f01f3b93a0a0bd13d1cf6f63e1f1adf41eecbc14302f9c743feea2a451a01044521fe516025003a4d2d15464ff01a4d52da125453f3ef5753010d5655f50a5d54f2f70629dedf1528cdf4092ae4e9142bf2e7182cecbc222bf0e4332efccd552b121097ae28fcbaac4e2ba8ab61349ea85b579fa64442a6a64e259da44d54c5a408ef0d0efefa3c141c1e2a160cf805162605011603ed131609cf101749222013 pre_us=0 enc_us=494863 q_us=113 pkt_us=1
[PKT] seq=295 mode=L bytes=260 pkt=010200010dfeaf8ffefeb28e2a0fa68f0c05a28f290cb88efc4aad8e11e19e8d3541b18d030fe2080f0cfa00f92f0500201afb00c228f900f84df6001c190300f02800ff212e96b52b3d92af380f99b0542c9ab0574192af2e6892af1e3c97ac194693b0e5e53e32f3002b3431ff2b33dd1f3a3353d6283402b7313524c8323755b11f34f9f3545ae8ff5246cf1d4c45c0074746d7fe5546b5f05046de015149e8e75645f6e84b24f4e64423db2a3823dbfe3a23c912422406bf442407f23926fcd640210800a8b52101c0b43b2ac3b53a10b3b55b3ec8b4212ebcb409f5b6b20f11d6b3fdfbf40de310f011db25fd12b30ef0110903f112d832eb12de26ef13003cf80e pre_us=0 enc_us=494864 q_us=112 pkt_us=2
[PKT] seq=296 mode=L bytes=260 pkt=01020001bae8cb89b80fe187b61fb187a715ba86d742d285de4cdc85b90dae84e06edd84efff0c05ec074000e02725ffd51229fcd2492efde92d13fddf1b2cfdae3328fd0123dfa61343caa21d42ac9f344ea69b2e63b5991f68a8991e529d98206097980bf4bc4214fac8452c02fd451af9eb4c09c2a54c0201b74df60be24d1911f04e2503436119fc364d17084f53090b4955f507475703d13c5713fe575a1801435bfaf2002befd60928eafb1c2ddcfd1731e9dc0231ecb00a31e8da2332d8b63131110c96aa2803a5a5491ba3a45c18a0a1544b9d9f364d909f3e39979d4d49a79d0cecfe0a04e6250efe1c1c14fc09fc142208001210cee6120de51f16410b3714 pre_us=0 enc_us=494868 q_us=113 pkt_us=1
[PKT] seq=297 mode=L bytes=260 pkt=01020001cfeeb78ace0de888e315aa88cc06aa86e021d086dd4fc085c5189a851373ad84fdfe0608e50439ffc83a25ffd90928ff9e3532febd4f33fecd3e21fea34e44fded22ceab0d3baea4002daba2283fae9f2c5bbd9dff6ab49d0b4da09bf751a69b15f0b93cfb10c93f1a0c05420a0fca4512f8a647e6e0b44810f9024a3cf8dd4a10ff5262f2033e4fd70e4c52c70a5055dd193656f0ed4657fa085559f2ee4c5901f00a2be0e40f2ac408142caeed0f2eade7ea2ed0b2fc2ed4e71130addd0a2e040296ac17f3b0a91a15ada837f5a6a4434598a2232c99a2261498a02627aa9fe4e80c0fd5082e15ba162c17a5f8271802022918ef052d17d2002619ec274915 pre_us=0 enc_us=494865 q_us=113 pkt_us=2
[PKT] seq=298 mode=L bytes=260 pkt=01020001f603b48efa20b38d1f19a78e1d28a58e110db38df945a48df2e09e8c2f649c8c0104e408041701000e25fc002c12fd00c517f700f147f900131c0200db3c01ff1d2e96b42d3c93ae412598af4f1597af544a91ae265c93ad294096ab1a3f9aaef0f43a33f9f6223524143434071332355fe630360bd43a360cce343850cd2c36fcf5585aeff75346ce114746c2024b47e2065348bfe44a48e0174d4ae4de4947ffe15024f2e94624dc0b4024cf133e24cdfa482510d4422407ef3c2601e83b2211f7acb42e04c8b33417bdb44c24b6b45f2cc2b32321b3b220d7bbb02a0fbcb2fceffa0dec0dfc12d119fe12af0ef112f7f0f413f806ee12e719fd131331fb0e pre_us=0 enc_us=494864 q_us=113 pkt_us=2
[PKT] seq=299 mode=L bytes=260 pkt=01020001ddfca18ce115a68aee249a8ad11d9789d1249488e3559188b6299787ec739f87f704f708fe0c36ffeb2a20ff050e1dffa7172dffbc4340ffdc1325ffa83d33feff27aeaf143da8a81721a8a73726a3a53a59aea4fe68bca30e569da101529ea21af32038fefbfb3b2bfc223c010e1a3e49ee0040f5cb094006ec154240f3064203f3645ff3fe5d4beb0a544dcb0c584fe90c6350eac75e50f0ee6453ebd65e510bf44028ffe73727e10b1f28db00282aaaf1302ac7c8142ad6dd382caadb30290806a2af22f8d1ad3a0cb8ad4410adab5728b3a91f0bb9a826e3c2a73913d2a7ecf3260ee90e4a14d8143415b8fe2d15dfdf4b15e8d65415c1de4316cf054b12 pre_us=0 enc_us=494862 q_us=112 pkt_us=2
[PKT] seq=300 mode=L bytes=260 pkt=01020001bfe9ab8ce61aec8bd7f5d58bdcbcd08ae6b1d38901e02588b7b1b188d016d587c00ef308de1e34fffc140dff02f4f6fffde9f7ffaa3118fff8352bffe82e43fe1055e3affc2eb1a9ed1fb3a90818a8a60336aca52e75a1a50478c7a3347dfda4d1deba37f1f4be3a07e4b73bf7beac3deea2a83e1f87a03fdece9b41f3c48f4014da505e0506404b15eb4c4c03de574e0cc3604feb9c554fedc36252e4a93c502acbfc2713ea0926fa0a03270afc1229020e1629d6051a290dc2e22bcebbc728df0493b0f112bcaeed26acaefc1ba9ac072ea9aa3a55f3aafbd3afa8283ebca834e2fb0e1d1e2313f9400e140036f415094ef21511581e15db301a16bf6e2611 pre_us=0 enc_us=494859 q_us=110 pkt_us=2
[PKT] seq=301 mode=L bytes=260 pkt=01020001baf0a18ff5feaf8ecfaab690cda1be90e897939000dcca8fa994ac8e02e49a8ebe020008bf172800dd11fc00db03dd00de0209008b2f4400ebe23a00adf95b00104cc3b61446aeb113259eb210419ab2445debb1537ca6b13a78beaf547d00b3cee51b31000b0f330b0a2b320a1c2932e4151e3235caef32f4ccfb34fbce003107f35d59e11753440d4a4a44084c4a44ea4b3b45dd485744c70f5947a6d05d432aca2e232ada3e220bca462200ba4f22feac3a230b9468220e963a2402be412002faa7b6e91bd0b5f221bab7fb39abb7f82c9cb61c6715b60be8dbb4e35e08b638f6310c29274211180c1f110c050a11040649125d425511e0134e12eb75670d pre_us=0 enc_us=494861 q_us=112 pkt_us=2
[PKT] seq=302 mode=L bytes=260 pkt=01020001a7d8a692c538b091d6eaae94d9e8ad95bfe9bc96b70fd19597a8a794bb0bc695b509ff08e01d1800ef111801eb1e1701ebe20f0298d91301dfe01201a9f20c012659b7ba101ca7b50d0bb4b9120fb3ba1312abba38629dba2368b1b8375baabd18e62a2d1718032f07f5142c080c182ae9271c2bf037132bb32b242dab20062819e75c551f0d5c4114284a3e03284e3ddf174b3ea32b543eaf374141b933513be1f73920e2073d20f7122f1f05162c1e06df3d1feca05b1e01c53920e9df4c1b3913a6b93824e8b92132d7bc2115d8be3e1cd8bf67580abe6010bfbc5a72d8c01b05080c1935260f2011240f1c09240f13db1b1021e5310fe31715101620030b pre_us=0 enc_us=494861 q_us=113 pkt_us=2
[PKT] seq=303 mode=L bytes=260 pkt=01020001addca2940030af94e901b998d8f6b39ccff6c19db239e29d8e13bc9be952cd9ebe1cf108dd31fc01f4080702ed0bfc020115f203a506f103c01bf203aa0aec02fd43aabeeb10a1bafdfbaabff4fdaec3060aa6c44d469dc4294ea7c11220a6c827de3d2a402a262b17241b2614182c24072634234357fb23bc4432253f342a1fe3044652f0063f3df5123d39080f3237eb023037b1f54837b0242f3afb202f32eff22e1ee81d391edb0d301bf1fc2f1adafc3b1b93cd521aaff33d1c9613421624ebafbd142ec4bdfc02d1c201fdc5c51905bfc7610aefc65e47c7c46071c7cabfdcf90bdb10f90ed9fb070ef1e8fd0dc0c7fa0f99a00a0e97d4080ecbe7f409 pre_us=0 enc_us=494861 q_us=112 pkt_us=2
[PKT] seq=304 mode=L bytes=260 pkt=01020001afdab293f13bd291e4ebc691eaefb990cb0fd894dd460b9199f1c38dfb61d28cda0108fde52c2701f3f61702ffff1e00ecf1200192e21bffe6ed0c03a71f02010042eea70001dba204f4c2a502ead4a20c0be99d5033bb9e1d23a9a12d3ca3a411d4fb4045130a3c350e153c15110a3fffe90c3d6020133fed47243d3514143cf3053856f1073a43fb263843f91c3544f0e93449b2123946b420464bd4f2484a01eeeb30f91bfd2ffc0f142bf0100030cc17083992d61e37bd072e2e91f43e2b28e5afb1242ed1ad03fdd3af0d00d5ab2b01cdb06539f2ac4c2cc2aa5868d1adc5f6f10ae82e1402f0fa0d08eceb0c03bdc40e05b8dcfa0494ce0608b5d60108 pre_us=0 enc_us=494860 q_us=112 pkt_us=2
[PKT] seq=305 mode=L bytes=260 pkt=01020001c7f4a98ffe05bc8fe0d6c290d9dac090ffb8bc9029fdc190b6b0b18fc854ab8fbffcfe08c5091000f7060300f1f90301d4caf001b117ff00ff121100e52926001759afb6165098b1041d98b30e239ab3225295b34b7294b2247a98b0217cb0b4dde82e3105f00b3205c60631f3e20731f5bded31e388fc31d1b72233e8e8e2300fcf6058e4eb63440aee614304d26243e7ba6d44bea47144cbcf6246c0cf634227c6442328df4f22140545220c08422211fb5822efda522209953e24f0a7461febf1a7b6e611ddb5ea23e0b7ee11d7b8fd1ad6b7103f04b71be0e4b53d26d2b73ae60f0c28220e110538fc110233fa111d50e5122a2fec11cdd70412bd58190d pre_us=0 enc_us=494866 q_us=113 pkt_us=1
[PKT] seq=306 mode=L bytes=260 pkt=01020001c4e89b91d928af90dcecab92d2dfb093dec8c693ebd6cd93a2a3be92ef25bc93d7f1fa08dd0e1800fa051801f1ff0401d6d0020194f50f01cfed1201bc021c011047b7b9ee27a6b4fb0eaeb6f80ba8b80e389eb713779bb7fe739fb42770aabaebdb312fdafa0d30eae5182ed40b202de3202c2d00c5052db2ec1a2f9901e62bf4fd5b57de205a42eb304d40fe284640cb18534096445e40a1295a439100653e10dc2c2112f13c211cef2c2007e9361f05cf502023a260201cb44c2221dc591d34e9a4b8322bd8b81914d4ba1021c7bc352fcbbc5b59ebbb5121d6b9366fd6bc3311040c273222101b2222101211091022f80c1140090f10ef011211f05be80c pre_us=0 enc_us=494860 q_us=113 pkt_us=1
[PKT] seq=307 mode=L bytes=260 pkt=01020001b6e8aa92c823a891d3f5a794e31bb295b623bc96b925ca9597c8c094d32be895ae22f008dd3d0200f51e0701fa300201d029f1029019ef02daf1ef01ae06c1011a3da3ba18189db51dffa7b90911a2bb2f379abb646693bb435497b8494e8ebe1be93e2d17f4282f1d3b262c072f252a114c322a3f3a102af3451c2ce828232811fb4f551d1c4641080e423e1de0433d10b63f3ed7ea523dc9134b40cf1c453adb0a3a20ef1c372000342f1fec35341edb113f1fb2f04c1ef1f43f20dcd5531b3b1db0b93828c3b92a07c8bd13fcd3be3309bfbf745ecebe6029c3bc647abdc00727000c2318f90f17e3040f0de8020fffaaef101cabe20fecc8e8102cf2ca0b pre_us=0 enc_us=494869 q_us=112 pkt_us=2
[PKT] seq=308 mode=L bytes=260 pkt=01020001afd2948fce259f8ed40f9d8fbee1978fbbb98c8fafe7908f92b8968dc61a9d8ec702fa08e9283700ed1a1e00ed0a2500e5ea280096df6800ddf13c00a0f54b001452d1b51422bfb00ef9b8b1fc12ceb11e1dedb0606bf7b03969deae485defb121e720321c160434172c1432283b17320341173324210133db400535def307330407595915164c45222d47441c0a3f450a0a4045d1272945d22e4448d4195444f7ed1923effe2623f7fd1e22fbf11623e5d90d23c4923e23dfd52825b717342135f99cb52d27ceb41d25bdb61804b0b62f07a2b57231f4b56219bab36a76e9b5f10b270d141f4b1122fd341104de3e11f5c24f1228bc7011ddfc521212475d0e pre_us=0 enc_us=494857 q_us=111 pkt_us=1
[PKT] seq=309 mode=L bytes=260 pkt=01020001afe2a690f01aab90def9a191dcdda492bcf5a292aed0af9296adb790da16c791c20cf608f81d0c00f1161b01f9fe0601daeb03019adf1401f6f20b01b4f40e000e4eadb8242ca3b31310b2b514faa8b621f1a2b5615da8b5435b9fb3464ea0b723e6333023141931122b112ff42f282efc54282f3a37f42fe04b1831f507112dfdf85857ee135443172153411e0d4c410a004a42c50e5a42c2205e44d31d5c3ff8ef3a22fd083f21fe152c21e0e23720e7cb3e21cef04321efff4423ca09581e390ca9b72c39c7b71c1dc6b91b0cc4ba390ebfba7446c6b95d34d8b86377debae311090c00270b10170e1e1007c30d10fdb0041111fe0110d0020c111322040c pre_us=0 enc_us=494855 q_us=112 pkt_us=2
[PKT] seq=310 mode=L bytes=260 pkt=01020001b2dfb192de25b292d3d9b094dbc5b596b6dec397b411de969eeeb595d71fe896c511ea08eb21ff01e8100701f9100302dc01f3029cfedf02f105fb02bef5ba010d489fbb192199b612f7a4ba0e0ca3bc270d99bb655b8ebb38519bb947388dbf15e83b2d220b202e1800232beffb2529f5062a2a381f0c2aed31252ce5292c27fef95055f20c4c40152b483e101c493c04e54f3dc702553dc5254640e0203f39f1f23f20f30d3c20fc342e1ee911331ee31e3a1fc0d04b1eebea3a20c6e9511a340dafba2c2bc8ba2322cabd1213c9bf3b20cdc0735be7bf5a4cbabd5d78b3c1dd14fa0cf01ff40f1c16fc0f000af70ffbc8ea1007c4e00fd014ea1004e9c00b pre_us=0 enc_us=494855 q_us=113 pkt_us=2
[PKT] seq=311 mode=L bytes=260 pkt=010200010ec99a9a3e0a9c9c23eda4a401ceacacf5d1b2b221dab1b1d403aeae632ab5b5fc040808014d02020d1c03032812040454ee050556be0505420e0505fb3e04044f13c6c631e4c4c411e6cdcd080ad5d5351bd7d7702bd8d864eed5d555d6e0e0bde52323feb5232310bc1c1cfabe1616ddb41515d0ef1515e1ef161655c60e0edf3f4b4be8263636111f2f2fff212a2a18152a2ace112929dd2d2c2cfc212121c40f1919d2181919e9f51515f0e11313b9bd13138dd51212b13b14149e4e0c0c39b4c4c41913c6c612d4cece0eccd5d533bed8d876aed8d86904d6d6543bdeded93f0a0af33e0c0c08270b0bd62a0a0ab1460d0d8e400b0b9c090b0be3370606 pre_us=0 enc_us=494853 q_us=112 pkt_us=2
[PKT] seq=312 mode=L bytes=260 pkt=01020001bcd7b58ae50f0987f1d9e087e2cbdd86e8becd85fc065f85a9a1a584cc54f784cd040e03d3164f04d30e5302f00c4502dff23804911f670cf20a3e03e3e96707124ef8a80c2edda4051ee9a30b24f09e1e44019e3173199e14762e9d3a7d5f9be1e8d142eb05f846ffccfc4921ccf04dfab3cf4ff88acf4bd9c5a652fae89c5314eb3d5e040b144a0e1d234c08062b4f00ee4a50dfbaf553dee74153abacf35524c9042711e513201ef1072302ee0e260c10182301e3fc1e0cb0cb22f2b1ca21e9f695abf1fab5a7dbd6bfa6faffa6a306ff9ea1223ad1a525c49aa04b0ba6a033d6d609271bfd0c341d00100313e40e1a2cd30f49393b11e2daec14c0440408 pre_us=0 enc_us=494861 q_us=112 pkt_us=2
[PKT] seq=313 mode=L bytes=260 pkt=01020001b4ec9f90dd0faa8fd9d6a291e5d8a891d0de9f9107fdaa90a7a1af8fd9e8b190c708f808dc170e00ee100d00cf191301d3ef15018ee32201bce227009cc834001c3bafb71321a1b201fea9b40f13a9b41410b6b44261aeb31b64aab13d6ac4b5fde22f30f1011832ed062230c6092030dd261330ef170231ab13fc32ad11fd2f10fc5958f51f5444ea374c42d4334b42cf224d43922e5b439739644686206441edf33122f5133b2214192b2111f63021ffea2b2200be47211fcc462326db521f3a00a8b63937c9b62019c4b82322c9b9431fb9b85e57d6b8542ce1b64f7af8b819120a0c1a280d1024040d1123ec241025d4271258f52a11f1ed3711ee1a370d pre_us=0 enc_us=494866 q_us=112 pkt_us=2
[PKT] seq=314 mode=L bytes=260 pkt=0102000109dd97932f0d91931cc29497eda69799f3bb989b4b1d949ad20696985673939a2009fd080f4e04010d4e0301f75603021d6c0202435f080258550d024e5a03024609b3bd310db6b81623babd2d55bcc03067bcc0646cbfc04939bfbd6468c9c4c3f13b2b0de1332c260a342816f92f26e3f4392639362f2600312f285ee53d22e6264453f221313e070f2f3b0cfe2f39f2f52539b0cd2239f3f12b3cbcb71935cce91e1fd309151fedff151df2da171cdeb5131d97b7081cc4ef111ea2a2fb182eafb5bc2ce7b2bcf9d5b7c0f6cebcc3fee5b6c445e7b1c347e5b8c137e7b1c6cdce040be513000ff931050ee837020eb544000f9165fa0e9730070f99e9f90a pre_us=0 enc_us=494864 q_us=112 pkt_us=2
[PKT] seq=315 mode=L bytes=260 pkt=01020001bbd0a28fe217af8fe1f8ae90e4f0bd90d6eda490eafda58fa99ebc8eeccfea8fd511e808dc1f0000f206fd00eee8f400d7e4e7018ee4ee00cdeaf100a638ad00103c9db6f81f96b103169bb2151f94b3180594b2216c96b22c6b92af4b6e86b3daec4631e8003033e60a2d31ea0c3331fb19463216ec3932c9291c34ad191131e3fe4f59f2254744ea2c424303074943eb1f3a44b93b3844b714524796fd544311de3d23fbee3e2216e44122f6c24622fe96432301953f2205bd4a24edef5b202dfea7b6302ec5b51a1fbfb7230bc6b730fdb1b75a51aeb6430cbcb44e79b2b718e7f40c1e10fc110e0c031108d0f81116a8ee124e16e211ed1fe912e13db40d pre_us=0 enc_us=494864 q_us=113 pkt_us=1
[PKT] seq=316 mode=L bytes=260 pkt=01020001b9f3a38ecf24a18dd5cfa18edbb49c8dc7b1a08d09c79f8ca6a69d8b22c5a48bc50e0208dd282900ec211400e0240e00d8f72a0097f54600c0f949009eda5aff1741b5b3fe2bb7aefd0fabaef70bacae1a14d0ac1f65e5acfc61dbaa467335adffe5203308fe0236f220163505310c36de4300370e28d837c031ea39a70ed6370efe5a5b071e4d47f83b4547df333a48c71b214996522c49a6443d4b881a5348f1eb2d2502fc1d2416e0222417c90a2521a0082521981d251eb223271dd419233302a8b32825beb20a27b4b30605a6b32402a1b22e32aeb13217b2af1e7ad0b1180f270d1722401220072612f7c91a1210a1461331175312d6175b13f855620f pre_us=0 enc_us=494859 q_us=110 pkt_us=2
[PKT] seq=317 mode=L bytes=260 pkt=010200010cdc9c921a27ab91f9f2a494f2c4b895090bbc961e22c895a4ffbd944c62e9950612f9080c2002002af401013ae602012ff7f302f3d5f40233eef7021910bf013b1eacba20ff9eb615d9aab921e8a0bb3f059dbb67cc95bb4e2199b86a2d8bbe0edd3b2d2d03262f09102a2c01e4212af3c5232a5a21122af12c232c4a0a1527e1174f55e30b4741ea153e3edef64d3dddd34f3ec4d6563dbfef4e40b2cf4e3ae3f92a20030737200502311e06f8341ede083e1fa241371eda193d209fd7551b25dbb0b91d0fcab91ce4bdbd15ded5be28fdbcbf6b04d8be6621c3bd6c75c3c0dcfefc0ce717020fcae3fd0fc4cbf90fb7bce810aeb3e50f91bfed10acb9c10b pre_us=0 enc_us=494860 q_us=112 pkt_us=2
[PKT] seq=318 mode=L bytes=260 pkt=01020001afda998ec218ac8ebee6a68fbfd69d8eaaf1a08eb5eea88e95b4a08dafdea28dc7090208d82e2900e0210e00e9131000d201130095064f00dcf92200a7be55ff2345c2b52024b2af0f04aeb02212bab02805c3af5850d9af4865e0ac5a642db015d918321810f634143b1933044ef23407470f354827dc35e017d537f5fee0341501595a2f234846223938451022404608253147da433847ce2c5249c7224e46ebf41824dafc1823e7e51f23dfed1523e0c51424bcea1924e5ef0b26bf1d16222ff6a3b43e26c0b3221eadb533ffa9b54f2e9eb47256c1b3621da7b2747bc7b31107190d210d3c1113da2b12ffce2312feb53213120b5312df23371301395e0e pre_us=0 enc_us=494861 q_us=111 pkt_us=1
[PKT] seq=319 mode=L bytes=260 pkt=01020001cedf9f90fa10a78fd6faad90dc05bc91d20bc091b75ec8909802b78fec4de090ca20f108e11f030003ed0100fce5f501e9efee01acdcf000d6ebed009619bb001128a3b7f5f899b10cff9bb30a0d95b403f492b347028eb32f4691b0294188b522f042312cfb2e32fef42b3108ed1d300bc029312e3f0331b52b2b332a151530f50c5058f5134c44eff5484306ef5343e7d15543bbc75d43b4f25446d1d55741f20a3622de1b3522eef63921cfed4721b61743228ffc4e22abff4724870e571f1f04aab61811c5b606e3c3b816f1c9b82f06c4b864fdd7b75939b8b6677ab5b8e413f70cdc04fa11d4e0f911d4e0f111b3a7e7129ba7e9119acee5129de1ba0d pre_us=0 enc_us=494857 q_us=113 pkt_us=2
[PKT] seq=320 mode=L bytes=260 pkt=01020001b3ea9e8dea24a28ce8e5a78dcdd1a08cc6b9998cb9caae8b9fbe9d8acc3b918added0a08edfa39fff4061e00f3033800e3e52c0097ea63ffe4de4dffaf1d4bff023bc2b2f726bcadff12b2adfe13bfac1353c9ab2f77c0aa1a7ac1a81d7ce5abd8ed1934e8f8f337edf90337e9fa0338eb080339ebb4f939cbe30f3bc8ddea3901125c5ce4215348f32c5a4806235149d527584abf28574ab711544d9d10664a12da292515ea30251efa2f25ffea242615ce312612b54d260294402801bc41241ffaa5b32425cab10525c9b21a14c1b11c0db3b05b5513af55f5d4ad4e6fd4ae210c410d22354c12212c401305095113f8204e14441b6713e7e26014e46b5a0f pre_us=0 enc_us=494859 q_us=113 pkt_us=1
[PKT] seq=321 mode=L bytes=260 pkt=01020001bbe6a28edd1baa8de2ffa98debfaa58dc007a08cbe04b88c91d2a28be41bb18bca11fa08de1d0b00f3201800012c0e00e62a130098111700d8d71300a7e61aff0135a6b30c209aae0e14a0ae1d2e9fad33489fac5c6d95ac4c6a9ea95d69a0ac1df2353432001c360c1e1335fa0423360c221f373729fc38f447143afe18fe3702f85c5b07ff57470ffa594707e357480cc46249d2e86b49c403654cb8066e48f2033f25f30f3f24f82b3a24f6133d25e51d4126ba075d25e2dd4e27ae1e68231bfdacb31b1dc5b20f06cdb31f08c0b24012b3b16e50e4b1692bbaaf707cd7b0e4050f0d071c091213fc1d12fbcb1412f3be11130acf1712d2f00c14f829e30f pre_us=0 enc_us=494866 q_us=112 pkt_us=2
[PKT] seq=322 mode=L bytes=260 pkt=01020001c2d8a18fdf13b48ed702bd8fddfbbb8fa4f9c48fc44cce8e9205ba8dca3ada8ece0eef08e41afa00f1fcf300f0fef400cef7ea0093e9ea00dbefee00bb02b6000f2fa0b5171993b0140392b1161693b136188eb05c518cb03c5e8fae564c87b113e63e3228062b340d04333206fc273216f92e33272c0e33cb272935e51d2c33000755590c0452451b154b44030b52450fea5545ca015b45c1085648caef5344f3fd3c23f0104223f2004722fbfa4623e1fb4a23bec85523e2e04b25b707592123f7aab5282ec3b41c28beb6281abfb65826c4b57359d4b56b52bdb3717cacb5f209fa0d080cf11117eef21108f7ed11ffb0e8123cc2ea11d4e0e612ffe2b50e pre_us=0 enc_us=494864 q_us=112 pkt_us=2
[PKT] seq=323 mode=L bytes=260 pkt=01020001b4dbbb8bd101e988d2f2dd87e3d8ec86e9cae285fd165585b3b8bf84d3563884c50018ffc2194201f80f2d00fbf438fedcf5440091284f09f8284105d32962040d4feaa30c39dd9ef318c39c110ecb982445ef962a75129811780198467d5094e8ebdc4c0afcf1491bc5ec4c14b4d853fbc4f65826892c54d5d3f759cedadf5e1ce9455a06f7494420eb554907e2484beed64647e1a63d46e1cf4845c6ab06412dd2f62a19eff02c0e09062c1411ec3115fedf2f14e8d02b08a0bf27dcab9b29e4f7a1a5f608bea1ec13c4a0fd0bd39cfee9bd99324f049909cdaa972a11c1953ae2e4082c180e03163709081132f1071d28de0352332203e3cddc09d642d6fe pre_us=0 enc_us=494866 q_us=112 pkt_us=2
[PKT] seq=324 mode=L bytes=260 pkt=0102000111d593954a0a919535c2959927cb979c34e7989f6919989e1744949c7960979f20060408f64e0501da310502e2340702cc430c030f6110031e4c1003eb6510033c10bcbe3d03bcbb2308c2c02d1ec7c45048ccc56a5ccec54e1fccc26a68ddcab5ca302acfe8322abfda2e269ceb2a23a3d62722b02e2522c9f6252421a01e1ef1284e52feff373d0d2a3438fe263236d50936369ada3b36ddde3d39a7a43931c405161eb612131dcd0c101bd10e0d1ae0070a1ba015031ab102001c91ed0215229ebcbd04d7bbbed3bfbec3e8b6c5c6eabaccc80be9d0c73dd4ccc6ebedd5cbc8e4050be9f9070e05e2090edeec080dd3ee0d0f952d110da014120eac190e09 pre_us=0 enc_us=494866 q_us=112 pkt_us=2
[PKT] seq=325 mode=L bytes=260 pkt=0102000127c095933e08929224d894952cbd97973ca896986c1b9297101a9296757092981311ff08ff450301fd3b0401ed5a0302d86c03023a600802174609021a50040240fdb4bb31edb2b72924b7bb4853b8bd495fb9bd6c52bcbd6a45bdbb6f5bc3c1bee03c2cca0b362dbf23332a9dfa3228961f3a28b2413128c81c332aeeac4025f43d4854072c2f401b072c3c0c012c3bff0a243ce4d91f3bec192b3ecdcd1b38bdf71b20c1f91c1fcae8181ebad71b1db1c0121e88d5091da6e40e1f88a7021914b5b3baffe4b0bad9c8b4bee8dfb9c1e1e5b0c13a08aec154d6b2bf57f3aec3e0e1050bf21c000ff01f010fdb23020ed930ff109945f90faf17010fa3b1f90b pre_us=0 enc_us=494866 q_us=112 pkt_us=2
[PKT] seq=326 mode=L bytes=260 pkt=01020001e0ed9f930a2da993e206a296ed03b098dd19b499d961b298b247ab970565b999df18f408f810fc0104f8fd0112ebf50200eaf102cea8e902c71af502a43de1022918a9bc08f99fb80cd6aabcf8eea6be1302a8bf57eda7bf2927acbc2830a2c225d73d2c3df12b2d120b322923fc2f2711d03027312d2427f50c2a2954fc4124e7144954fd093e3fff13343c120f313a0504303bc506313ad0352d3d03f41d37fa132d1fee07381fea042b1ddfda381cc1ba3e1d8ca7511d9ce5431e88d0501932f8afbb1d04bfbb12d7babf00e3bfc21fe3b9c267c8bec26351bbc06566bdc4e3f3fc0bebedf70fe7c5f70fd9ddfa0ec7b3021098a1120ea7dd0d0fb4a4120a pre_us=0 enc_us=494854 q_us=111 pkt_us=1
[PKT] seq=327 mode=L bytes=260 pkt=010200010cce9a934e0c999233db9f9633d8a2982cceb0994828ac98ee37a4977565a6992210f60800360101f3140301df2efe022126f8025b0af602350d01020c36f7023c12acbc31f8acb71bf8b1bc1d12afbe374ba7be6d60a9be6024aebc7452b0c2b9e2412cd7f6322dc1042b2aa501352791e932278e472827b5412d29f7b83d24f1294754f81f373f151f373c18132e3a0ffe2f3bc5e62d3bf80c303ee7e11c37d1f1271fbffe261fc7f3281db8d72a1ca8ba321d8cb23e1da1d6301f85ae2b191cc1b0bb01efb6bbd6ccbfbfe0e4bbc1eeeabec24deebdc265f6c2c0622cb9c4caeffc0bea17fa0ffd0d040fed16010eb510ff10890d050f96dc0a0fa9bbfc0a pre_us=0 enc_us=494860 q_us=113 pkt_us=1
[PKT] seq=328 mode=L bytes=260 pkt=0102000128bf96965302959729d99b9c1bc79fa116aea0a456259ca332ec9ba17b12a0a524fe0508d8420301ce260302cc150403ba2c06042662100407510704be5c0803430dbdc134fbbebe1ee5c4c42c20c8c95851cbca7162d4cb582ecfc87473d6d1a9cf2d28cab02d28c1e62622b2cb231f9cb6241e82091c1e93d32520aa901c18d9314d4fe81e363af4333235d4272f32bc2f303298fa3832c3143135a0f72d2ccdf61b1cd7ee161cfbe5171913d1151705d61218b2d8ff18bddf0c19b7ba0c12109ebebfe0d2bcc0b6c5c4c6d9b0c9cbe5b5cfcdffd5d4cdfbd7c9cbc6dad4d1c9ea060afd05060d05fd090d0af9070c06da0a0e8c54100d953c0f0dde3f0608 pre_us=0 enc_us=494853 q_us=110 pkt_us=2
[PKT] seq=329 mode=L bytes=260 pkt=01020001bbe8a68ce508da8bdfbfc28adbbbbd89e6b1cf89202b1588d8eeda88e336ca87c013f208c81033fff70d15ffe8131dffe905eeff9d5330fff63e2dffd81b2bfe0b4cddaffc3bbaa9021ba8a80229ada61850bfa52c75b8a40c74b1a22e7c19a4e0dabe37ffefb43af2c0ee3bfbc0dc3ddaaea03fe08c923fedc7bc41ddc78b401ce4505e02fc484b121b534c0505524ef3d9534fd7b6474feceb3e52c6b63b5026d0f82813e5082707fa152805f40e29fff8042adfcde5290eaaf32be8c5b228ef0093b0fb04b9aeffeebaaefbf8b1ac0611a0aa2345eaaa07efaca83739a1a839e4f20e2a1d1d13152e1b14002c1215034be915324f2115f5102d16cd6c2112 pre_us=0 enc_us=494857 q_us=112 pkt_us=2
[PKT] seq=330 mode=L bytes=260 pkt=010200013ac89898570099991dcfa0a025dfa6a640b8aaaa6afda7a937d9a3a77909acac2dec0808da400202f82c0203f2160304013104044b580404183b0704f14603044bf8c3c338e2c0c124fdc7c81febcecf3c29cfd0684ecfd1560ed0ce7061d7d8a6c02626d7bf2625abe1211fb5c21c1b9bbc1c1a83061e1a98f11d1ba58a1713d8354d4d0617383800193132001d2d2eda192c2ea6da2b2edb0b2e31a5032527baf71b1bbcfc1b1bebe11817e3d11515dac216169fb71315af011217989f0e0f0e9fc1c1f3ddc2c3d5c3c9cadfc4ced0e0bfd1d214bad1d23ebaccd0e3dcd7d7bff8090a08280c0de3210a0ce005090bc2170b0d8b59090c9b29090ca3230607 pre_us=0 enc_us=494860 q_us=118 pkt_us=2
[PKT] seq=331 mode=L bytes=260 pkt=01020001c4cf9c92f1359f92d7169795d31fa096cf2bac97fb6ba6979b469e950b67aa97cd16f408e127000102010401f5dfff02ecd2fa029b070002d1210802b045f3010f22aabbe40ca5b601cfb4ba05e8afbc0af3a5bc4405a6bc231cafba3f33a9c02cd5432d35e42d2e0be8332b1db1332903a83429512c2c29e23a2e2b28153f26f4204755f10b3b40081a313dff0e2f3cdbfa323ccbf6363cc61a313ff4dc1f39eef92820e8ec2f1fdf071c1ed1d02a1daadb331e88ff301daff9241f8af0371a27daaeba0cf5bdba0cbeb8be0ecbb8c02ac9bbc062fcc6c05407c2be625ebec2dcd3fb0cd0e8fd0fdec5000fd2bffc0ea899f710a5ac000f9fca0a10b5ac050b pre_us=0 enc_us=494864 q_us=112 pkt_us=2
[PKT] seq=332 mode=L bytes=260 pkt=01020001d5d39e92fe29a091ebf6a294cdf1a495e101b096066eaa95bd21a7942367ba95f30df008152cf90022fc030124fafd0145f0f502d409eb01f1fbf901c329d6012b2aa6ba121da2b5ebfdaab9f32ba9ba2b4da1ba4d68a2ba1f18a4b82c4297bd20e7432e0dff392f1edb262c07ce332afcb4392b54fe322bfd1e262d35e45028de1b4755f1153641232a3d3e1612333d2008333e07db303e0b1638411aef253bfbe93020eaf13120e6e52d1fdbad321e9d9b3c1f87a6441e9df2442089ab541b35cfadb92720b3b906cbc0bc03d8bdbe42eebbbe6f0eaebe4e0fbdbc5051b1c0d7dcfa0cd611f10fdd0a010fc21cfd0fad0efe10a0eef50fb9cd0510b8aaf70b pre_us=0 enc_us=494864 q_us=112 pkt_us=2
[PKT] seq=333 mode=L bytes=260 pkt=01020001b4e09a8fc524ad8eca04ae8fd0f6af8fb4fba48fad3abb8f971bc98ec54fb38ec703fe08e8131200fd090b00e8070b00dbfb160095f24200ddd21700b5db0b001a3fb7b51616a2b012e79fb21f15a2b13526b9b1655faeb0395096ae574aa6b217e82a3222041633fb422232041f1732031f0533343dec33e0301435cb17023206ff5d59200a59450e214c44f40f4e44ffd75f45c4035f45bc305e48c4065b44f4012d23e7123b23fc323a22001d3a22e1293323b2e25523f5df5725ba064e2132f7a6b54131ccb43121ccb62e1fc1b65236aeb67661fab5644af6b3737ac1b50609100d0f161a111bd8161115df1111fcb61c1214be4911e8ed311213f6f70e pre_us=0 enc_us=494863 q_us=113 pkt_us=2
[PKT] seq=334 mode=L bytes=260 pkt=01020001bb0aa88ce30be28ad8dad189e7b7fc89dba9f58710e26a87c1a8b086122f1b86c8140006c51442feeb162e01d0ff2601bef212018a343d10c909250296274f000243daad0939cfa6ff12bfa62334c4a32e54dda34b79c8a73b79eaa63d7d279fd3dfdb3b0aefcb4101e8f040fde5d842f4b5b7472d8ce540ecc4b44904bb9c4a12e14e5dfa0a354714164549f7102a4cf4ed2f4bcfc3fb50cfea464eb0c5174d1ddfff2821ea092619f610251fdcfd2809e1032405b818181695e31f2fa5cf2602f397aff601b8abedf6b8a9d8e4a5aaf207a2a9fe50d5aef0e197a5e547aba82df3f90a351f090b1f27fe0d2420f80e223bc11054370f150cd4e4172f6a0606 pre_us=0 enc_us=494863 q_us=113 pkt_us=2
[PKT] seq=335 mode=L bytes=260 pkt=01020001b4cf9f8fdd19a78ef508a290ea08a290e1e9a6900620b98fa6a8a68ee104ca8eca0af008de341100fd1f1600f41a0a00cf1e0b008d2a1700d10d0a00a1f20100173faab60414a0b00102a7b20214a1b22042a0b138719bb10b689eaf3c7095b2f4db393101071d33ff141e32e71d2732d1272832061e0a33ac2c2635a32306320b075659f9155145e2174a44dce74e44bdd1544590e95c459d25554789156143f6e73623fc183a221a262a22192932220b1c36230ad74e231cc943252bcc62202effa3b52d29cdb5190cc4b61affc2b73d1cb7b6604cd3b64c18c0b44879d5b618fafe0c1d0715110ff211110bd4ff1128a6001254bf1711e8c40d12f216ee0d pre_us=0 enc_us=494866 q_us=112 pkt_us=2
[PKT] seq=336 mode=L bytes=260 pkt=01020001abe5a091e83bb390dee4a393cf04ad94bf08b594d641bf9394eea792a743d793c816ef08e230fc00ee1cfc01de12fb01d019f501930ff501e4fbf901b6fbdb01213ea4b9181d99b41a02a4b71e0ca3b845199eb8594b99b83545a2b55d5d90bb00df442e0c052130091a372d081b2e2c0716352c412f1c2db9462d2edc3e3c2a10f64b56101549421f2b3a4007153b3ffaf23e40d433453fc02a3c42b919423df4ed3221e7134121e81f301feb0e381fcf243c20bafb4b1fe7ed3c21bece571c34eaa9b83637c7b81cfbbabb2b0bbdbc541cb7bc7258cbbc610abfba7575ccbd10f8f60c1d2df81017eefa1008ebfb0ffbadf61133de0110d0c10010deb7ed0c pre_us=0 enc_us=494861 q_us=113 pkt_us=1
[PKT] seq=337 mode=L bytes=260 pkt=01020001afdda690ce35b18fd8eda791d305bd92b5feb492b125d79192dcb390bb3cdf91c40eec08df23ff00f90bfc01f112f601cf1ef8019a0adf01f816f901b10db9001f419fb8131596b21a0c9fb51c1b95b6302395b5556c8cb5346594b2606489b705e3413014022431ff18302f0cee242f06302f2f440b052fc2282531ed24292d14fb5057230a4d431422404119de4f41f8df4b42d2135e42b3055344b1eb4940eff13b22e10f3f21f51a3921e91c4320e92f3a21bfda5921efe03f23bbdc541e35faa8b73e2ac9b619f5bab92d0cc9ba4e10bbba7060d6b95e2cbdb7737bb0ba160df70c1b1ef81016f1f91005d8ee1007b1e81107d9e110b0ffe811dedbba0c pre_us=0 enc_us=494860 q_us=110 pkt_us=2
[PKT] seq=338 mode=L bytes=260 pkt=01020001bb00a392df41a391dffc9f94d521a495c02aad96d059a79592eea194ad60b695c11eee08e62cfd00f8fafe01f50bfe01f5f0f502a3f5f902faf20301c406e1011430a3ba171c9fb51bf1aab907eca9bb3feca1ba6104a4ba3743a7b862459dbe0aeb422d1c072d2ff5fa362cfdea302af6cd392a321f292bc44e322cb23046280005495502203c41f72c2f3ef91a343d0afd313ed41b353eb8243540d222243ae8fc3720f2003a20fffa2c1f0ce6301edd03371fb9053d1ef9d92f20b3d14d1b3501b0b93921beb926f2b4bc24f7bdbe56f3b7bf7227c1be62f4b9bc7570b9c0f30a000c081bfd0f18d0f80ff7cdfe0ff7a4f710159d000fc7a50110dfb1090b pre_us=0 enc_us=494855 q_us=112 pkt_us=2
[PKT] seq=339 mode=L bytes=260 pkt=01020001b8e09a92ea28a392e8f5a194e315a096e036b297ef5aa49694fca795ff68b596c023f408dd26f701eef50201dcfcfe02c1dbf40297fcf202e9f9fb02a933e401002daabbf312a0b60bdea9baf7e9acbc1defa1bc4913a7bc3843a6b9483e9ebf22dd432d3308352e13d02a2b11c6332901b432295d4a2f2aba302b2bf42e4027f8174755e4123740022c3b3d0d06323cfbfd363ddd06303dd21b3740f6f92839f3f12820e7fc3720e9042a1eb8ed2d1e97da3c1e8de03d1eade1392086ed4d1a22e2aeba1014b5ba07cabebd11e2b7bf2ddfbdc06617b5bf6207babd6f6bbac1d8f8fa0ccf07f00f02d6fd0fcfbbf90fbd9df810bdacf80fa2bcff10a5b9030b pre_us=0 enc_us=494860 q_us=110 pkt_us=2
[PKT] seq=340 mode=L bytes=260 pkt=01020001afd8968dd82ab18cd8f6ad8debd4b58cedbda78bf3f7ff8b91a79c8ab30fae8ae3fdf608e11a38ffed0d2500e8f81d00dafb1d0096ea5efff3db32ffb3e84ffffc3ed1b2f719bbac041ab7ac0a22adab1f3ce8aa2876cfaafd74c8a70476f6aadcd81235e0fedf37d7fcf837040ef238b80ac139f8e2c83aca03fb3cb7ffba3a01ff5b5ce11b4d48e9314948d22e4f4ab43b3f4b9a3e234bc6164d4e9b09574b17e008260ff9102528ee132531dc1e2620d7ec272498222618a31b2807d31d251b0299b22d29c5b10b17b7b21712b8b0332d9caf5867ecaf5bd7aaad586ccfae16f2180d1f273c122b1d39132c1830131e12371450036013e0fe4c14e55f5310 pre_us=0 enc_us=494861 q_us=112 pkt_us=2
[PKT] seq=341 mode=L bytes=260 pkt=01020001b1d69e8fc830a68ee0e3aa8fe6fea78fbe09b08eb230be8e8fd5ab8daf4cbb8dd307f708f226120005080d00e71a1300d41d1500910c2400ebef08009ff41aff1f41acb51322a0af22109eb02228a0b027229caf58719daf31619aac40619eb007dd36320c081234fe141933f4ff1133fb181734361ef235b6532337ea21fe3410fb5a5a22f85c4511085845fec4614607dd5f46cdd36846bcfc5e49c7076245f1f43624e7153f23fd3a3823ee343c23e4343624c4f25824ece44b26c309522134fba3b5382ccdb41effceb528fbbeb544f7d5b47250f2b4650dcdb27279dcb40ef0030d110b131110ee081216c508110ca8131227b22912d3b2101309fd020e pre_us=0 enc_us=494864 q_us=112 pkt_us=2
[PKT] seq=342 mode=L bytes=260 pkt=01020001bff69692f4289392e4239594d8199696d23d9c97bf63a0968cec9495d0729b96be28fd08e8440301fd170401fafa0502f6f90202a320ff020e000a02bb4cfe010828b1bb180aaeb61beab4ba2be2b6bc31f2b1bb5f31a9bb3f42b5b95947b2bf1ed33d2d230c352e16ec372b0ae53629fed636295224382acb55342ce813392700194855fc2b3440041c2d3d04202a3cf00a2d3dc9062d3dad3d2e40c9fc2339e0f91f20ec00202001f31c1ee701171ed8ed231fb6f42c1eecf51320a2ef1f1a26d2b3ba26f5b2ba21d4b5bd36c6b3bf52ecb6c07321b8bf6defb1bd7570bac1defd030c0113fe0ffec8020ffabd010fe5ae0210e8afff0fabb40010d9b7020b pre_us=0 enc_us=494863 q_us=113 pkt_us=1
[PKT] seq=343 mode=L bytes=260 pkt=01020001bcee9793e53d9193e9109497d30d9899bf2b989be459909a8ee29298e76f929bc131ff08e248050100270601f7250702f442050296540702f5190a02b2540202012eb6bd0302b7b818e2bebd2403bec0251bbdc05f5ac3c03f42c4be5e46c7c527da3b2b3517332c071d312800293026ff0a382668353426d85032271a363c22fb174453f717313eed1e2f3beb132b39f5e22639c6082639c03c283ccd191b35ecfa1b1fee10131ef128131df21b161cca07111c9e06ff1cd1f5091e9af3f9181fd6b7bc1fe5b4bc12d0bbc02fc4bdc34ad6bac47111b1c463e8b3c2736bacc6d2ee070be90cff0feccd060eeec2070ec59f020fe1cdfc0ea6b9060fcfe2f20a pre_us=0 enc_us=494865 q_us=113 pkt_us=2
[PKT] seq=344 mode=L bytes=260 pkt=01020001b4dc9d8ecc1ba28de1e0a28eebccab8ec1bda18ec524b98d928fa68cfefcbb8cca0ef708e2150d00fcfc1300e5e41600d3e9150093e71800e5ce0e00adea17ff0c44adb40823a1af1012a3b00f33a0af1641a1ae326a9aae1269a0ab3d6c9faf07e0363304101d35ec311c34de2b1834f327283507151136bc351e38b513f9350a015c5a001d5846e7255146dffd5c46cb005e47b32b5d47a6265b4a8e166946fbf23824fb0140230bec3a2305dd3f2402bd432506a85a2413c24a2601f366222c12a2b42f3cc3b326ffc6b422fcceb4400fc1b36c5ceab35be4c0b1437ad1b20d13050d191f0f1110eb181213db191206b9151350f62312dadf1013e336e30e pre_us=0 enc_us=494866 q_us=113 pkt_us=1
[PKT] seq=345 mode=L bytes=260 pkt=01020001bbf0b48bdb05eb88dcc6d589dcc2dc87cec6e086f7f85f86b8c0cb85de6ae785c20b0005c9123602f11210feec080ffddc0416ffb13b5006fb492e03d35059fd0a51f1a9f93fc4a6fc25a6a30133ab9f0d4ebd9e187ac39f027ac1a1327d139cefecc140f809ca4005f8f042e601ce4706e5ae49f1acd349d7dac44befff994e1ae2445e0b033f4a181c4a4e1b03464f0de34f50e1b70c50f1b54e51d19f205128c5ff2820da0f2509e21f2b02da1a2cfccb172a0ab1172314a2fb25e2a7cf29e6ff93adce11a7a8da1fa4a9ee1b9fa6f719a0a32441c2a603f39fa13517b2a233d2ed0a2822140d1c1906110914d5100c24d00e1f29190fe2c6ec17d04c1a0a pre_us=0 enc_us=494865 q_us=113 pkt_us=2
[PKT] seq=346 mode=L bytes=260 pkt=01020001ced5a98bdedeed89cad9d58ad4bccf89decfcb8836232b87b1bca786c86d0986e3160204f5333a03032c3afe10fe12fef6050fffc959650b203b3504090c66010358feabe74dbfa8d627b6a7e63bc1a3135ee4a124791ba5e77a0aa41c7e51a1e6ddc53e02fef83de5e8ea3ffbd2b341dbb2ad48c38fdf44cac4b848eb149b4b1bdc485c0ff13a483b00444b21d04a4d00a6474bcf971a4e06b74d4ed393fc4c17caf7271ccd12230cea102801f90b2b0206f528fdcef81a06a2d821e8a5c424ccfc94aebef3b1aac4e2c9acf305b1a9f21ca3a9fa34c8aaf8d69ca541e8b5a712e7e409ec2c190c0a4321120849ea0ff450b80d140e220fc2ca0b14b2451e08 pre_us=0 enc_us=494867 q_us=112 pkt_us=2
[PKT] seq=347 mode=L bytes=260 pkt=01020001b9e6b98be305dd89d0d1e889ceeedd88bcaff887e2d14c87a59c9985f849ed85ca05fc06c51b46fff00a2501e00f27ffdbe90000a4f1530a04ee3104f62357010857eeab0f39d5a6f40eb7a5f103bfa1fc38c8a1296cf6a10e7809a4507c499ee8ddbe3df801d243ffcbd84004acdc45f6bab649248ac145d9c2b24ccbd69b4d13e3465ef6023d482806444c1ed84b4d00bf454ddece2351e3e45d50b8a21d4e23c9fe2920e7092410040f2706090c29080f122718e2161f09b4dc1ccfcabf26f10a93aee6f5b6aaec07bfa9e61ebaa8fb34a3a5272ed4ab27b79ca33545a7a525e4f30a2a1d130b252e0f0f133b040ef84bd90f3955130fd1f7ed15c169ff07 pre_us=0 enc_us=494862 q_us=113 pkt_us=1
[PKT] seq=348 mode=L bytes=260 pkt=01020001bddebb8bcbeeeb89bbb9ab8ac9d2c389d6f9b48704430388b2aa9586e56a1a86e3150505d9374101082e2d02051a410000e53e019e3a63061a4542020d386c05f05ee8accb56e8a8d842dba7ed40f4a4fc6413a51b7d31a2ff7c21a5367d5da1e2f5c73de2fdb442e6d9fe3e17e2d44307c4ab441c98fe43cce8bf4ae613a44923db3c5c29dd2d463004474a1dfd2b4b1bde464c019c084eeeb94b4dd695dc4d0eadfb26fdd8fa22fff0e925fcf2d028f7f0d625d7bde624fe9bc61ecba7be23c7de96afaafbaeaaccd2a4abf0d0a9abfdd5a2a70e0cb6adeabaa4a558efbba805e9e509e7360e0af22f170ef22f180ff63a140f1c223f0fbecd0f14b12b2b06 pre_us=0 enc_us=494858 q_us=111 pkt_us=2
[PKT] seq=349 mode=L bytes=260 pkt=01020001bdebb58bc7f6fa89d2c5ed88d9becb870eb0c48641e44f86bdb4ea85ce563685e11510fff32d4b00021e3b02f91523ffeaf22e02a34f470801504704fef06a02f458f2a4de49e49fdd24d89fff2ed7991c4715982677f79aed790d9a1d7e6395f5e6d0490205f44cfdd7f24ad5d3fa53ada3fe55f68d3351d2baec54def7b55b23df405a16eb3a3f34f746451dd5434519c34d41fea14b4304bb3b47e891ea4318c1ea2911dcee2903f9f129f4f0dd2fca04c529c5c9c22509a8c324e9bfab2cdefc9aa7cff0cea2cf01d2a1dd10b79de521b299123b0d98e4daad9935dfca9910e6dc08f438050305380c07f63ccd07f34dc0011b371bfecdfc0308ca6bdb00 pre_us=0 enc_us=494861 q_us=113 pkt_us=2
[PKT] seq=350 mode=L bytes=260 pkt=01020001afe60e98c6f7f396bee6c58abdccc486b6bec388e924ff8ca694b485dccebb83dbf714ebe0e81602d0fc210acdfb3102cfd2ff00a1164005ebe3220ac0e64e00fc290790f345178bee1ce68f083be28efe6a11890f600f86185ec98a2273c38ee2e00551ec06e042f7f6ca47f5edda54dfe4ff52ebcfd54bfdd7c24fece19f59240afb6219f6175e1f16515e1e0c4e5e0ed52e6203ee346a05016369c70365641ff4ec5209d8f44b19ff09411fe3f14501af1851e7de2e550cce1d441ac21e40020fe7a20622e7b0fe2bd3a3f71cb59b123dcd99176a27a504f7ad9b0548cb9538fe02032a120dfa381618063c081c0d14fcf7f52e5d2af4061c2807fb593410 pre_us=0 enc_us=494856 q_us=110 pkt_us=2
[PKT] seq=351 mode=L bytes=260 pkt=01020001b8e00f8ab106f788bdfbf487b8fcd386abcecf85ef2d0e85a395a684d2fdb084ddee27ffd1f84001f5ff3a03e60140fee2f824fcb51a50fd0dd61902d1fb45fd0033e9a3f642fb9df70db29cf127b9971563d6950a52e495104dad961e5ea89607f8dc4b3517ef4c2a04174b2402e14f1409cb553e23b455e624ff4dc91fbd51260722591ef83e432515484c0d0f4b52f8084850d826464ee6186659cb26685cf4f1df29f6e9e52a00ff212ffff11b3405b8f2350ef9fb3417cb3331f2db48331308aca52333b6a0203bc59f292bb39d4a489b9b506dbd993aec989a5062b89b0d0c0a07020f11042100200a0013130e06ede40c2d3d0604fae62a10022e3713 pre_us=0 enc_us=494858 q_us=112 pkt_us=2
[PKT] seq=352 mode=L bytes=260 pkt=01020001bde9f68ad203f188d3fcd488c5ddbd87c0e9e886f4090b86ba929b85e8deb785deeb1807d6e92ffed7fa32ffcd0427ffcbce33fe9d083bfef3e71afed4f732fd072adda9ff4ac8a3f120b3a2ef2ab99f176cbc9d006eb69d185dae9c266fa49cd8eab83eedfeb341f602b44203fcc6450001b84702fc9b48e1fae849edf1a3490d0b2f60f9043c4d0421595105155554dfef4455d1094f55e8156a58be096c581aedf42a17c908291efb292b12e5102d21a1182e26cc2b2e0dc4293014c3422e0a099bac1528a5a81546b3a7031f9fa52e29a2a3256db5a21908a1a10452b7a032071d0b2e0a1011391f20141b13241727e72f163b531a16f3202718f0591a14 pre_us=0 enc_us=494866 q_us=112 pkt_us=2
[PKT] seq=353 mode=L bytes=260 pkt=01020001b5f2d08abb09d689c818d888caf7ad87ac1fbf86c9330e86a7b1b286e517b185ddf41408de052fffe51f1bffe3282bffc8192cfea2233dfef5f427fed2101cfe0534d2ac0e3eb9a50024a4a40f2fb0a13069bc9f36649d9f18539f9d284d989d1af4c13b1812b03e2503df4017f6e1432213af451142c346e055fe48c03ef24821fc48611bee494e2b054c510110545407ce4b55dd053e55d90e5757cb125b57fdf1022aefe90929f1021f2b02001e2cf6ba182decda342d0fe8322f05d3422d13059bad2e2aabaa2642a8a922279ea64a349ea4586fb4a4350b9ca22a5ea6a20efe2f0f0af9211520f31a1612eb371719bf181730dc3417facb381813df2a14 pre_us=0 enc_us=494865 q_us=112 pkt_us=2
[PKT] seq=354 mode=L bytes=260 pkt=010200010b08c78c261fb08a3209ab8a21d3a689003aa2885557ae88dcd99a883d5c948714ef1b08021426ff0f1d1bff181b25ff24111bff1b2222ff5b141aff3a3c14fe221cc1af3335b3a91c2faba82728a7a64755aca4565ba5a42e3f9ba245439ba3d805db38f8e0fa3b12d5003cfbeffe3ecee0f33f46d30140f8e7274246c32041fdfe555e03024d4b0df5524d0412554fec045550e0ed5250f4f3565206c95051e9ec2328cee11827d8e41a28e0f11d29c0bc1e2aa3c52829cce32e2cb5e327290feea9b02606bdae0701b0ad0de1b3ab4ffea8aa5418a7a92cceb2a72c08a8a7eb043d0ef0083e1400222f15f61a3615b1103a15cf133f159c1c2516cd0a0c12 pre_us=0 enc_us=494865 q_us=113 pkt_us=2
[PKT] seq=355 mode=L bytes=260 pkt=01020001bff2b78dc01aaf8bc330bd8cbfe8a28ba209ac8ae942a58ab0d29989d653b589e3f01f08dd1733ffd2262a00eb231600c81213ffbf2f27ffec251affbd1e11ff0233c6b1183cbcab12199fab1936a4a931629ea82b48a7a73236a2a5372a95a723f4ec362210f23829290239010c143a0a30133c232d003cf646243e0053173d0ff65b5d0eee4f492407574afffc554c03c15e4dfb09584df7f75550040d584dfef62726f4ee2226f7164126fdff3427dfc74728dff44628f21b372ad20d512615fbadb12d28bbb03b41d1b03213b0ae552fb6ad5a6db7ac4616aeab5065c5abf7f4450e07ed4c132bf2411410b5281407a12e1426c44614fda7351526e13010 pre_us=0 enc_us=494867 q_us=112 pkt_us=2
[PKT] seq=356 mode=L bytes=260 pkt=01020001b3f30389b80ad888cd25c387ca04b586a3fbbe85da32f285a7b0a385c61db184dbee2006e2f83b00dd172fffda0a37fed9f233fcbf0b3afef4fc20fedff62bfd0130d7a8113ccaa30618aea01631bb9e2665c79b2c5fb09b2749a59a293d979a0df8ce401b15c543230dd8441101d947011aa94b2735ad4af63b034bea26dc4b24002b601ffb404d211c4c5113204d550bef4f56ea254f55e5285e59e9296459f3f6f728e5e30228f7002d2cf7f1142ef1b71430e0da2d2ffee62d30f2e6472f19069eab312aaaa72647aba622309ca34e26a0a15d70a6a04423979f435faf9f0e02240a080224112a0c27121d184015fbdb1c130f1d2311e6f5351806233414 pre_us=0 enc_us=494856 q_us=111 pkt_us=1
[PKT] seq=357 mode=L bytes=260 pkt=01020001fafeae8bf32abf8a204aab89ec20a088cb369887175a9987bc0c9387ff6b9f8600fa0808101233ff27142dff180f35ff03112fff1c0843fe360917fef81b12fe1324c2ae2234aba70b24aca6132aaea3446bc5a24959bea221189aa0272093a00bf6da390ee7e93c30f9f23e2ae3fc40fac9db423ee0e34204fd2d445bfb1944fbf6615ffbff514c02fd534efdfe5851d3ed5c5202df595208fc595438dd545304fa2829f7e51a28f5e12229fbf01b2be3cc022bb7cd112bdefa382dbfee3b2a0e05a0ae2f05baac1304bbac1ee9b1a95b1da0a75e1ba8a745ddaca55520b4a5fff5260ee7fd4214ee0c4715d7eb4916c1e64016d8d25616afc92917fce42513 pre_us=0 enc_us=494858 q_us=112 pkt_us=2
[PKT] seq=358 mode=L bytes=260 pkt=01020001a9e0fb9dbd040d90c2150f8ac4f7ee86b4f4d886d1170787a992ad840411d883ebf012e3e7e52afcf5004003dcf845fcd3d04102a70648fff9ca2605cefc58fcf71e148de5361a8de8f6ea8ee525f28e00590d8beb5c128a1250de8c2054cd8de3e2075309f2e948e6ebf0470ae4d85af6d5d25928b3c259e9beb356d6b69c5c200b075f010028540710375cf9042959dbda485cd6cc405ce3146761c0dc57601af8dc590fdcec4a1211f64819f8dc4625c8e44923f9dc4f22e8e94020fbe7410c12dba51b1de2a61c2bcea10104c4992f1fc4984257eb972ad0a194fe2ac4932effea0b141a1bfb281c4406170e1c0829f616052d422b02070d1f031445360a pre_us=0 enc_us=494850 q_us=111 pkt_us=2
[PKT] seq=359 mode=L bytes=260 pkt=01020001b2e0119ab907fd8ddaf60e89b7dbe487a2c3d986c0021088a796a884cff8cf83ebf419edddf92d00e8f746fee8003001dae322feb1ff44f8f1e91e03b4e94cfdfb2c018f163f038f0215e38eed21e08d3658f88a3853fe872342cd8c2e41b38c21f705512625f3451a03e4542c03ed562e1fe85b2816d15af326bd57e116a05b1a0506610bfd34571e1c3157150b425d13f8355ded113661fc236164fc29636408f2e755fdecf846080d01480bf7fc48edcafc4cf0f00f5600ff0940e0f728411003dba82925c4a71e35f09e1e2abb994643c8955d7205983d2698953762b49400f7f9120a1617013e1e2007081111060fe909fc291a1af903021001283b290e pre_us=0 enc_us=494855 q_us=113 pkt_us=2
[PKT] seq=360 mode=L bytes=260 pkt=01020001c1ec138bc31c0d87de1df786bcf4d986a9f6e385f13c1984a3b79d84d525ce84e4f02dfed1124602dc143c03d81f38fbd7214ffac2254b03e61d0f01c5032afbf02be4a3ff3bef9e0715b39d0221b2983659e594283fd2962c2fa896272f9a9422faf74c3b1b074a3f25fb483c040251392cef5b4d352b550d464e52fe291f570d012758f8e82e4416074b4f09004153e7ca244cf30e344ef40a5056ff08565701fae12cf9f5f128f611302b000c1335fedcfc34effc392bf3223c30d21044340c02b6a61927bea11732b6a02424ab9e4424ba9a576cae97471693984663a599e4f9150be3ff160415ff180cfdd60910e8b2d60821dde900ebb3d60c0eefcf08 pre_us=0 enc_us=494860 q_us=112 pkt_us=2
[PKT] seq=361 mode=L bytes=260 pkt=01020001bade118bc3120887dd15f487bbdced86abd8e685d2fd0d84a69bb084d50fbb83dcee28fecb094303ea064302d2184bfec61344ffb1154c00f1042801ad0722fbf52de8a20339e29dfe1cb89a0b31ca963769e6942753cd94163aa2951e3593942cfeed4d2016044a2e24044e2a1a08550b221558262cec57f2561350ff43e3530b022058fef8374515114b4b0e04394debcb3a4de90c474fff2c5f590519655c00f5dd2cebe9f729f4fd212ff6f6fa35e6c1ff32cddd1931ee143732d60a3f350d02aea51a2cbba00832c99e0d17bd9b393bac98536db49724119e993054b19aeaf3050beffd1304021c1a0b0afa0709e8c8f904fbddf903f2fc1e0d18371411 pre_us=0 enc_us=494860 q_us=113 pkt_us=1
[PKT] seq=362 mode=L bytes=260 pkt=01020001b7df0597ccffeb9abfe7b18eb0e4c088bbdccc87ea2e2795b098b185f0d5b184d8f015e8d8ed0bf8daf80206cb042308c5f019f79c1e33fbeae02b09c1dc500300320b8ff4412a88f51d038af325eb8a1f6d1b870e6815831e5cce883f74db89e0e3fd5410faef48fff1d5450cefc14d14d9fc5e0ec0ec3eeec9b855f1c2be5d260bfd631ef50f5f2508416520084268f8d50861ede20871fd04646bba0165661eedf15307dcf95513ff084e16edf54c23affe5412cc2b6209cd174518b7164eed01ec9e091801a70126d0a5f414aea21434d792115a37aef4e5a799f946ef9438090a01271212f02f0e0dfd2c02130c28dfeaea404f26e80321fe03fd5f330d pre_us=0 enc_us=494859 q_us=113 pkt_us=1
[PKT] seq=363 mode=L bytes=260 pkt=01020001cf00a68bce189f8af635aa89d8fc9c88b515a187e2489b87a6c39587ca619986dfe42f08e31f37ffe02038ffdf0c32ffcb2728ffc81e31fefb042bfeb81c0ffef325c5ae0329b6a70b11a2a62134aba32a559ea2353da2a22324a4a0472093a028f70f3922030c3c2a07093e0a000740030220421d351242d6161844f32632440dfa615ff5f1554cfb07584ef4f75e51dbd85c52e1fb5752e2125854f2f75453f8013e29f4f03228f8013f29eff7332bcbda392bd1d4432bef022d2dafd5442a09fbb8ae110cd0ac112ad4ab2c03b8a95a29b9a75c51b4a743fbafa5674faea5e1135a0edde8541409f0531506c34b16d09d491604ad5416d49c4817e2a92e13 pre_us=0 enc_us=494867 q_us=113 pkt_us=2
[PKT] seq=364 mode=L bytes=260 pkt=01020001d100b08dd41ba48bdf189e8cdb079d8bb014a48af75da08aa3ea9b89fe5ca289e3de2a08e41831ffe2231a00e8212200b41b27ffb5241effeb0a17ffa62efcfff222beb1f92eb6abfc03abab0d10a7a92b4ca5a820169ea724149ba5451c91a7250213362d11053820021b390416183a0df8163c493b143cee322c3e142d3f3c08fb5f5de7f65449f407504ae5025a4cc9ea554de603574ddd07544fede44b4dfaf84426f7e83825ec0d3626d3132e27bdfd2928a7093d27c321322a8b0148260801c3b10d1bd1b00d20b4b01403bfae490fbdad543fc3ad44e9bbab5d4cb1abdc0d570ecae95113e7d13a14cedb3b14b8b83e14dccf3514a9b21c15b9b40310 pre_us=0 enc_us=494865 q_us=113 pkt_us=1
[PKT] seq=365 mode=L bytes=260 pkt=01020001f608bc8d0624a98c1738a48ce7039c8bd63ea68b29669e8aadfe9689066ea08905f40a08150a0eff160611002dfc0c00180afe00170d0cff38e80cff1b1301ff151ca1b22c309dac18259bac181c9baa4e5c93a9413997a9252998a64d3293a904ff25350be71e3834e221381fd82c3919b0333b49f4313bf2dd363d4fec383bf8f4675cf50159490ae95649f3f4534bdee7544cfdec4f4cf1ea504ef8df4d4c06f85926efe04325ece54026f8e53827dabe4727bcdd4027dfe839299ec242250c04c6b22c0bd0b02002c3b12dd3b7af6707b5ae601eb2ae4bb4aeac6710bdadf7042a0de6031b13fcf61413d0d10913c3b00314d6d50b139eb10215a8b50710 pre_us=0 enc_us=494866 q_us=113 pkt_us=1
[PKT] seq=366 mode=L bytes=260 pkt=01020001bed4fe9fd1dfed9ac4f9d68ac0e3d385e4e9c586f656e888adc09c85d654a383c3ed0ce5c3ea1907c50c4507dc034e01b9cd5503a4106602ebd56007d01f6f02033f118e10451f8b0a31f78ff129e88f366d388b177249882670268a37791d8cde01094cf901f235f3ebe24a110cd357e3e8ce5606cbe255f2ccdc54e6b8a8592d0002630df225601df7445d26093d5cf8b43c5ef8a2206205df5164c3ac456538d7ee5b1bd7ef5218ecea4616ebe441fdc2e44d0cd6c754fbc9d6480db4d344c0fff1a1e402e2b8e7f5c2a3df06b498e600d897f80cdf9cf1b6ab96e9fec3944f05fa053afd260d35063b11260c410b20f0380b2d285106fa0d5c06d423600d pre_us=0 enc_us=494861 q_us=113 pkt_us=1
[PKT] seq=367 mode=L bytes=260 pkt=01020001b3e9e294bbf7f293c008ca8abed6d088b2f4b088f036c58e9c92a588e015b686d4f90cedd5ee1e04cb0c3706c6003009c4df1605a3383711d8c2120fb8094e0cfd2b0894f539038fe71bda91f434df900373108c1560f6881e67d58b3171e38adaecee52e3e6e141e1e3f84703d8d74cfcc3cc5203a6b53bfdaab347e3a3ad4923fe1b5d1ee72e5725f6515c0ff44360f7ad4560f9b3506d02e55d6cb5c7506d1efae74814e7f7461b070d4022f9f74113bafa48fcf1154d0eda044521c51f49fa0bc8a1f713e5aaee13caa3fe14c2a12423d89bff52fbb60bd2bfaaf63e23a63803fa0437091a023f2f38083c102e111ffb16fc34513f091023290ff9515b07 pre_us=0 enc_us=494857 q_us=111 pkt_us=2
[PKT] seq=368 mode=L bytes=260 pkt=01020001b4f0ed8aaf0ff487b926e086cff1be85a8f1c284e745d384b4acab84e141c483f0f61afff4f13b00f90a4400f2ea31fdd8c532fcd32a41feeed530fec70954fcf61ef0a1e92de89fe90ec49dfc28bf99fc69c997ea52b4980f62a2961f6da196d9e5c84aeaedc14adce7d649dbded24edaccb55118b8ad4fddbbca4fb9a9a7501409345c08fb3f49fb074c52f1055757d6d36456c8da6558d6f26f5ca8d26d5d15fce82c0be3f1271605082b0be611320fb6143227f2113210d12a3318ce2f330807a0a5191fa7a11a2ba7a11721a39f4e3a999c305eb49c38faa99c3449d29b210cfd0510181e080f2d350f1814191313eaf90f1841181100202c1702564315 pre_us=0 enc_us=494861 q_us=113 pkt_us=2
[PKT] seq=369 mode=L bytes=260 pkt=0102000127e2949423fc94942ef497972fd89a9a34fe9c9c5c449b9bc0c9999957449c9c07fb080817130101271a02021915020222e90303240902024bcd0202350a020233f7bdbd33feb9b93604bebe390ac1c1532cc2c25e1dc2c23c30bfbf6a1ec6c6ddab2b2bea942b2bfba12828f79c2525e19125253f912525bc9a2727368c2121f52c5353f92a3e3e081b3a3afa243838f3273939d8153838f0213b3bda113434cff31e1eccd01e1ec3ca1c1ccbd01b1b9eb91c1c9bc11b1bc5bf1d1d92cc17170aa4bcbc22bfbcbc11b9c1c10fc4c4c450b4c5c54cd9c5c5539fc3c365d3c7c7ef170b0bdb1b0e0edf2b0e0edf160d0dad220f0fc4350e0e930e0e0eac230a0a pre_us=0 enc_us=494862 q_us=113 pkt_us=2
[PKT] seq=370 mode=L bytes=260 pkt=01020001bcf0e58aa800f488a5fffc87b701cc869ef40585cc4402859aa8b985c213ee84d4fa1a05ce034001dcff4502dd112d01ab2c3c00b42b4a05e7f72502ac0a3afe0828dba80c32d2a3102bbba21237ab9f3e63ca9c2a43be9f4457b89d5263a89a13fcbb41201df0462c1f004616183048211e154e37331a4ef943314dde3552501d05395f250f26491f1f314d22133c5104ff0551f7352350d21c3f54cc3d2353f9f7fa28e7eb1e24e6e83625e3e8432ae2d22f2afcec53210ad14029ccbc5f2b10059eab3026a9a73a2cb7a62925a6a35149a6a3606da8a05cfd969e6e6ea8a00e09120a1205080c11f80c0f1406f61012ecc80f3d1edf0f02c1f1111df6d00a pre_us=0 enc_us=494861 q_us=113 pkt_us=2
[PKT] seq=371 mode=L bytes=260 pkt=01020001d9f2e589e619db87ef19d486d60cc885be1fbc84eb48d5849fffb384dd60c183f1f20f08df152afeda1d24ffc72227feb2362bfd9d383afde21832fda33022fdf516c6a80729b6a1f10dac9e0329a69a1f5ab298124ba8981f3da19720419a961200ac3f1119a5431d18af47f90aaf4bff08a74d4a2ea54ef549c4500940c6510b074264f2f64052010d3f56f5fd4e5ad0da485bd104425bcdfa4f5dd3fe4b5eff03f62ee5f2fe2cdbfe082fd9ff0e31cad3fd32bbf41332e7f51834a4ee223300f395a90c17a5a6ff159ba40a0a98a03726929e4d619a9d3d0a959c4a63939aeb021910dff51917eaec0f19f1de141acca91019e6cd2a19bcb8231bc9de0618 pre_us=0 enc_us=494860 q_us=113 pkt_us=2
[PKT] seq=372 mode=L bytes=260 pkt=01020001b78a8ae3b9919008b38a8c0dc18a8ed9b68e91eaa58c9933a38686cba2829027220ccff62c02b0112f00be073bf4b6182efaad2932f0971a35f9b0e248f49dffcabeeb2ec3b2f432b4a8f412c1b3052ebfac3366b5ad3b4fa4942442948f6656e92650fcf3345119d03c601ad83b430add49361bcf4b4830de57214fd160ca40555939064c450ef8524f201e453a060e534bded75639bf1b6562e1046866a8190f0e0df80c22f8f80e280405fe11eb050c35f7c60619e9e81d3feed71441b9e8b5aefcfac6b5121eb6b20e37bdbc0d26b7af4d3dbbb2596c9aa6371a989952743203ee003c11ecff400dfd082cf0e4f64122efac380e26e9541dd4c9581d0d12 pre_us=0 enc_us=494870 q_us=113 pkt_us=2
[PKT] seq=373 mode=L bytes=260 pkt=01020001b2eceb8bab12fa89bc0ce188b1f8b986a0fab486d53612869aa1a985c513b385e6f430fdd6fd3e02e4073803de0c36fec4072cfaa7194801e2ef2101b5ff1dfd0135eea30c3bea9f081baea0092bb99c2b64c9992b50c6982647a29a3e56929919eee44b2e10084b1f08fa44230bcd482e0fda52381ff84cf12f0049e42bfa4c22fd395722fd3a3f2b25544c2919525314f14f4ff21d504ee31f6257d91f6858fcf3e72aefe7eb29f3fd312aeaf71f30e5c60a31e606143704f4302ed8df4f3114fdb7a63428bea12938cda22920a9a25440a29f5e71ce9d4bfea39f6064b69f09fa1b070e0815052b17360b18151e1108e7eb0e342c1206f7f11f1413201a13 pre_us=0 enc_us=494864 q_us=113 pkt_us=2
[PKT] seq=374 mode=L bytes=260 pkt=0102000106fbc08f3af8b28e33f7a58f24bda18f0bc1af8f5800bb8feda2a18e60c4a68e0603e108eb0ef600d4360500e8170700f610f400ac4ef300c91c0200a2450300202b94b5404094b01b219bb13126a0b1555d95b15f6090b0384499ae4d609ab2c1073c32bfed2a33d5e42832a9ce313296e82f33a1e722339ee63135b8b42432f0ff5559d9084f45da274d44dd2b4b45b81b51459e215645c9414d489c225144fad85223e9ec46230af63722f3ef3323e6d34623e8d449230bcc3b2509e9392108f5b3b5f313bab4e5f7c4b600f1bcb62513b3b6fb3ec6b5f3c7beb3df21c5b5efee020df91af0110e3efd11fe24ff11be1aea121037ee11dd1b0312144df80e pre_us=0 enc_us=494866 q_us=112 pkt_us=2
[PKT] seq=375 mode=L bytes=260 pkt=01020001f7009c932325a093090a9f97f100a19904169f9a07329e9ac7f295980e179a9afe1ef408e1250001ce250101d60c0402b41c02029e350502ea2a04029b3903022e31aabc3424a7b821fdb1bd2de0b6c05a17b6c04b1db6c0270abdbd4703c1c4c6e6402bdb142f2ced042929c4f92a26b6143026e70b2c26c3093028f9ca2922000e4553ff20363e0a42343b0f423539f4362f3ae3463439014d343cf3532d35dedd2b1fb7042d1fd422251dbd30241c9636221da6431c1ccc24141ea042161825d2b3bb3417babc2b00bec03bf2c3c36206bbc4602ec1c344debac16631bfc6ee03fe0bf021fc0f1917fe0e09e8070ee0ddfe0f1df3000eede4060f1d21010a pre_us=0 enc_us=494862 q_us=113 pkt_us=2
[PKT] seq=376 mode=L bytes=260 pkt=01020001041e979225219092020395950ecf9897fdc897984134949700b2929558d69697071f0008d9360701c0460701d00e0102b7190302895f0602ce250702915902012415b5bb3222b7b71607b8ba2206b7bd3550b8bd2953b9bd3136bbba434cbdc0abff392db911362e96df2e2b92eb352983df3529900d33298c0a302b8fc22d26e8054254d02b2d40e74a313dd13d2c3cba4b2a3cad48283cc5582e3fa94e2e38f3d11d20e0e6121feeef1b1ef4d91e1db7b9181ec0c9131defd2141fc6e8171a0fbab6ba17d7b1bafff4b7be13d5b9c03ee1b4c11b3ab0c00bbab4be061abbc2ede6070b0f17040f1437050f15e6040ee91803102423fd0ff216050f1336010b pre_us=0 enc_us=494862 q_us=113 pkt_us=1
[PKT] seq=377 mode=L bytes=260 pkt=01020001cae6f889d804df87dff2e986c4d2bd85bfd9c284ea1d0a84adabb484bd02ae83f0f51706d5093d02e3fd37fed70427fdb90731fd94fe4ffcd5f338fd9cf938fdee22e3a6ff36cea2fb1aa89ef322a59b2859b3990d5cb7980d32a997114ca2972af6bc43281ec5444812c6463922d34b092fc14c352fa34e0e48c14f3055a7500b082e61ecfd3f4f130f4b54fd185658d9f2585ad6f03e5aea075f5cda15675d09f9eb29faed0827f4fe252eee002431afcd2631b0d52432edf01533b5f23f3202fe97a90521a0a4fa26ada410279fa02b49999e3a6fb29e191f979c2d67a29be7f9110ae3053111030a2516db081016bcd52c16f8ed2c16dce13417ca1e1916 pre_us=0 enc_us=494861 q_us=111 pkt_us=2
[PKT] seq=378 mode=L bytes=260 pkt=010200011df4a78c2132a78b2b3b9b8b2810958a151c918a5d618f89d3fa95894160908809f811080c1e31ff0e1f1e00040d2aff16f53affe31243ff2ff52aff202d23ff2e24b6b1301eaeab2604acaa3321b1a85350c1a75340caa72e09a4a55af4aaa6dff71336e2080d39ff161c39f3f5113bc2c3fd3c40dcff3dc9231e3f0e0e283df607635df10e514905164b4af705514ccfef5d4ddce95c4de8076350d4ee4a4edaf44027dbee3026daeb2526dbf61927b7e60e289d051728de15272aaa0217260df9b4b11b0ed1af1bf6c2af10ddb7ae37d0b8ad5f32b6ac37a9cfaa5e09aeabf5f5470ee30b4c13f10a3b14f1ef3614b6e14e14dce75314add43e15baca2e11 pre_us=0 enc_us=494861 q_us=113 pkt_us=1
[PKT] seq=379 mode=L bytes=260 pkt=01020001e1ecab8bf62bc28af01ab189cffcae88c41ca987044cb187a5fba986c95b9f86f5031308081a33ffff1a1eff001b0dffda2a16ffb12c2bfeee1426feb32405fe0d2ac1ad1a2aaea70a03a3a612349aa312589fa12f40a5a10b20999f1e2992a01de5ea391511d33c360e153e070e184111edf3423b2dcf43e53f10452d3d2744f8ff6060f0f64e4df5054e4fecf25151c1d55752c5f85b52e4f75655d0e8515410f52429f7f315280b0a252900db312be6df1c2ba1ec262bd00f302d9efa402b0b06a3ae241ab5ac0f0cafab11f3a6a9300fa0a7515ea5a630fdafa55630a7a4f2f1380fe1fc3c14efe32e16dcc31616b7b31f16c5c13b16b2c23b17a8cd0e13 pre_us=0 enc_us=494857 q_us=112 pkt_us=2
[PKT] seq=380 mode=L bytes=260 pkt=0102000101ebb58b0527d8891938b3890b19b287dc32ad87185fb186bf17978612659e8503000108181a37ff212129ff161f2bff171c2ffe1e2033fe360c24fe142a2afe2129cdad1e21bda61908aca42e30b4a23a5cc4a05450b8a031109f9e4b06a39efaedc13a02fcb23d26f9033f1f02f1420ae4be4439f6bd45f61f18473f100346ff025660eb073c4dfc114050e9fa3b53c4ef3f54c0f43f54e01c4f56d5ee4455f7f20e2af6ec0228ffeb0b2afcd7fd2cf2c1ee2cd1d3eb2c0af2222edcdd012c130799ad1f13aeab12edadaa0deba1a74b0599a562329ca53de6a4a35b0c9ea301ef110fe0032a15f5f92d16e8dd2f17b7cb3017c0ca3016b1d52e18cdb62114 pre_us=0 enc_us=494865 q_us=112 pkt_us=2
[PKT] seq=381 mode=L bytes=260 pkt=010200011f1696923f1e909245f2949524c3989650bc989767fd949727ad93955fea97970929ff08ec490601ca4f0501f33e0202dc420402b56b0302d7520802ba6302013014b4bb482fb7b62f2ab8ba392cb7bc6463b8bc5f69b7bc4043baba4e59bbc0bced3b2dba03352ec5e1302ba403342993d533299c113529902d2e2b90c72b26f10d4255e02a2d40d333313df4372c3cb8442b3caa2b253cdb442e3fb82c2f39e3da1b20d6df1220fedb191ed7d61d1dc0c91a1ed4b3101ee1cb141feece191a03c1b5baf0e3b0bad0dcb6bef8ddb8c023e6b6c0da0eaec0cfdeb1bed0fdbbc2f0eb070cf02b020f0b3f050fe639040ed7230410f24dfb0fd5400110db58ff0b pre_us=0 enc_us=494869 q_us=113 pkt_us=1
[PKT] seq=382 mode=L bytes=260 pkt=01020001b4f2be8cb31ce58bbc21c28baf01b5899c19ba89c63ed388ada8a388ec27b687deff0208d8052fffd61217ffdd1006ffc10d0fffad3f2bfffd0308ffc7140bfefa31d2af093db5a9fb19a5a8fb2da5a60b6dbca5fb60a9a50746a3a3225398a40ee8b937131bcc3a110e093b18181c3d0727b93f2026bf3fdd481b41b2420f4023fd505e1b003a4b2422454c0a153f4ed5d23b4fc31f414fb9234352a0344850f7f20b27e8dc1226f0f92d27fedc2a2906ad142916dc2b291fd62a2b20c542281d0f9bb03120b0ae2733b0ae2b209dac572a96aa536ba5aa3efb98a8385ca8a80af40b0e0af82d13220a251408d80d15f6abf71517d51415f9b20e1600fd1a11 pre_us=0 enc_us=494864 q_us=112 pkt_us=2
[PKT] seq=383 mode=L bytes=260 pkt=0102000108fa949138228f914e0e929325f0949416f5949464059294f4b691926d2a94930d1cfe08ff4e0600f84602010e3b040122430301f46206011f5304010864fe01281db2b93c38b3b42d1fb4b72d3eb3b95e6bb4b86166b5b83231b4b65b42b4bbcbe53d2ecce03930dff3372db7ee362ca4cd3a2cd2e6362c990b322ed4c6352af71c4556f41e2f42f910303ff81d313fd3132d3fb604303fee203842c7e9313ce8d51e21cdda1521c5d9191fd2cf1d1fabc61920a3c2171fc6d71d219fce1e1c13b3b3b809e4aeb8ecd8b2bb01ccb4bc52c5b3bd1fddb1bce8bcb3bae8fab8beeeed040ce3310210f3320110d23a040fa3360411bb440110a6500510af5a000c pre_us=0 enc_us=494871 q_us=112 pkt_us=2
[PKT] seq=384 mode=L bytes=260 pkt=01020001b0e51b94cbfff990d900c98ac1f3bd86d0f7d687f84efd89a89e9c85f92ab283d9f31ef0e7e825f9e6053304de033702d2e52cfa98205cf7f7cf2603ca085efe002cfd940648228f0721f5910622e291235ef38d16641a8a1652ec8e4368c090dbea0452fa04f14d19ddd24b12d5e7500fc4f0592cabea57e7e7c453eab5cc551e01115b01ec294a03fd545611fc5558f4b94857d7be4d57fb02655fbdeb61611fefdd4b1fd7e5462f01f33e23f4ec4022cfe34d1eddff5302ddf73a10cd173afa0bcfa70413e4a2f918c19ff409ae9b0229db9a10461899fad69b97f62ccb9732f3fc0e220b14f624281f0023112f0826fbfd073e523ff8ec2827fffc4e5e0d pre_us=0 enc_us=494858 q_us=112 pkt_us=2
[PKT] seq=385 mode=L bytes=260 pkt=01020001cbeebf8cc608e68bbbeab18bc9e5b28ab8fdb9890139c3899b8e9988d11bb388cff80f08dbf02fffebfa1fffee0b1cffdef31dffac3335ffeaf415ffa42209fe0225c8b0fb35b3aaf931b2a9f745aca70569b8a50064c0a50959b3a30c6c97a5d5fad937e91bcd3ae017f53bf6f9023dd128f73fde3fd03fd6450f40ce2f143f0603545ee010404adf2d4e4ce21a4a4ec4fd3f4ead343d4ec333475194394f4f1def1e271bd61a2620cf272712bf2c280ca4182912c0342918a8292b2eaa4b280819a1b02c2bb0ae3124b3ae2e19a6ac583598ab4570a6aa36c29ca9405eb5a937fa280e29012f131df3381416d52c140cdb2914310e3f1302b6371505132511 pre_us=0 enc_us=494860 q_us=110 pkt_us=2
[PKT] seq=386 mode=L bytes=260 pkt=01020001bdefae8bc71cbf8ad8fac189c507c388aa0daf87f451c1879bb1a586bd57cf86de030b08e4132cffef0627ffe21d2affcf2b2bffb64543fef80f19feb31c14fef12dc0ad1332afa7141baca50e2eaba33b59caa1344ac7a13041a39f4f4c9fa01ef2df392210c93d2512e73e0e0cdf410012b4433619ab43e2510b450637dc4511f86060f2ff524ded194f4f020a4d51e8ed4153e2163053e2294a55cb223854fcfe2229f6f2172802081229e9fc0f2bd9ebf02cd004e92bed12142db3e90a2b130ba1ae291bb3ac2514abab301daba85f1d9ba75e5fa8a653d09fa470609fa4e5fe2c0fea003514fde43916f1e43e16d8b8361617e94216d9b82517e5ef2b13 pre_us=0 enc_us=494855 q_us=113 pkt_us=1
[PKT] seq=387 mode=L bytes=260 pkt=01020001bceaa88dc21eaf8cc706a98cc61d9c8bab219c8af558a38aa0d49c89b85ea889dcff1408e0192cfff10d1400e62f1d00cf230dffbe4029fff3211affb31f0bfff731bbb11832a6ab1c0ea0ab123aa7a9425fa3a83b47a2a82a499ea5514a94a727e91736260e07381a321f39190e183a1a07253b1a31053cda44243ed93a263c0ef9625df9f55749f91e4d4a08ff4e4cefcc524de016524de8114b4fe70d4e4d03f83b26f7f23825f7fe3726f6f32c27e9d83528d9f64627f9ff3a29bbef4b261817afb1311bd0b0300cc3b030ffbbaf5d31a9ad5d66c5ad4bedb4ab6e53c2acebfc480efaf244130ad3351409e23614eda1261424d64a14efae3215fddf2010 pre_us=0 enc_us=494859 q_us=112 pkt_us=2
[PKT] seq=388 mode=L bytes=260 pkt=01020001c8faa78cc529ad8bda15a78bd914a18ab72aa189ff68a8899dc69288ae649888df010f08e60e24fff1fb14ffea2014ffd82312ffb91e21fff01f09ffbb1811fef62db3b00c2c9faa1b229da90a399ca7315497a53a4c97a5243a97a3454094a419ed1c3721170f3a1d1b1f3b10f7273d0ff0263e2a1d023ede123e41ef3e293f10f4655ef7f3614af50d5a4c09ef594e01d0604fe3dd6a4fe9fd5b51d5eb554ffffa4027f9f24926f8f44627f9ec4228dde64c29cbfa5629f3f43d2bbcd44528110facb02b1ad3ae25f4cfae1f0fbfac5421b7ab6267d4aa48fbafa96e30bca9f0fc3b0eebf33c1301db2a1408da1f14efb6171516dc2d14ee940e16eda61611 pre_us=0 enc_us=494858 q_us=112 pkt_us=2
[PKT] seq=389 mode=L bytes=260 pkt=01020001c3e2a28cc413a38bcd0da28bb802aa89a62ca189df57ab889de9aa88c066a787e0f71408e00f2affe1170effea0e11ffcc2c0effbc2a33ff060928ffbe3413fef931bfaf0f3faba90f23a0a8173e99a62b619da53d539aa52f3b98a2534f95a422ea14372311163a28011f3b100f133d14141f3f2c33093ff5481d410a401c400dfe645e04ef5a4b140f584c09f55b4e04c8584ff3fe5e4fe3f55852e8065250fefb3827f4e34126ef014328f3e24329e0cc3f29d3d95829060a462bd0dd4a280e0aabb02324c1ae2737b6ae2e0eb7ac5335a6aa666ad5aa4b14c5a86a5ac3a8ea04480ef6ec471315f02214fbcb2815e8b3291520c45515e6b6431609d63c11 pre_us=0 enc_us=494864 q_us=113 pkt_us=1
[PKT] seq=390 mode=L bytes=260 pkt=01020001cde5b88dce20af8cdf1aa48ccb0c9d8bad3ea58af45ba78a9dfda289bd669c89da01f608de1904ffe9220100e8120400bc2502ffbd230ffff20c0dffb41ffafff92f9bb1013894ab0d1f95ab173b97a9326894a8304593a8143692a5424890a71ff131361d0c273832063639230c343a0ce62a3b16221b3cd43a333ef439413c0cf8625df2f15749f70a4c4afdf8494ce0d6554de9f45c4debf2524febf1494df6f35726f4e94f25fbf24526e4e03e27becd4b28b8e04f27e9eb4729a8c94a260b11b7b1191ebfb01718bbb02ee4b1af5a26b1ad5354cfad3dfebeab6646b3acebfb160eddf60713f9e00414e4cb0314becc021406c71b14d3ac1515d8bffe10 pre_us=0 enc_us=494869 q_us=112 pkt_us=2
[PKT] seq=391 mode=L bytes=260 pkt=01020001b7f2ad8bbf06bc8ad5f9af89bfe6bc88adf8bd87d837d0879e9aa587d420b986e0fe1008d9fe39ffe9ff29fff3ec2dffd6f622ffa81b37fef5d623febb0813fef72de0ae0e37b4a70020b4a6003aa9a31269aaa2ff5baaa20e4e9fa0206492a003e4d4391017e33cf70be33ef914e340e50beb420a21b442cc40fd44b42b064422fd585f0c104f4cfa28524eed135551e0005152ba335252c42658549e385f53f8ff0529f4e5222807f1262907cc282bf3af152b17d2322b13b7342df8b44f2a170e9aae2a26b6ac2537abab2d0eb1a95743a0a75073ada747d9a7a55066b7a50b07370e130c491420083d1507ef431603ed3d1629213016f8e13a17ea1e2b13 pre_us=0 enc_us=494869 q_us=113 pkt_us=2
[PKT] seq=392 mode=L bytes=260 pkt=01020001dbe7b58de92eb48cff24a88dca09a18cc535a18bf861a18b93e99c8acc64988aee03fe0805090fff0c030c00f7080a0008fe0100c60f0cfffbd50affd80403ff0d2ea0b2143197ac16009dad1a409bab2f5c98aa273497aa010d98a725f197aa28e12c350a021637160b1f371aef3738e7c1293924f82a3ad00f2f3c23eb3e3af8f8655cea005d48fa025148faf84c4acfe9544b02ee574be606514deaf6454a11f45525ecde5025e8f74125f0e53b26b3d243279ae84626d8f7422895f43a24100db8b22a11d2b10ef1cab22cd2beb06106b0af5c3dbaaf3fb8bcad6211acaeeded1e0dcbfe1e12eedf1913d8dc12139dc40414d7be1413aba80e14a4b3fd0f pre_us=0 enc_us=494864 q_us=112 pkt_us=2
[PKT] seq=393 mode=L bytes=260 pkt=01020001b5f1e98ab900f088cf24d788c8ded586b2fabe86de440e85a999ac85d90ec185def81305eae14102e30636ffdff021fec9d429fdad0b52fdeadd2bffb3003afdfd20e8a8fb39c3a4e727bba10b2ca99e0b6fb49cff70b99b1962a69b2f76989bd4f7b741f002dd43ebfcc343de05ce46e3f7c249ece4a74beeebe74ae4dcbd4b1306315f07103e4b0b135350f00d4f54e2f45b55df004954f2156857c60a6b5817f0f0290cd119240cf71e2c0fed1d2e0b9a2d2f06bb2e2f01bc352ffcb3542e051598ab191baba6133cb1a61623a0a43f279fa23f5fc6a119ecab9f2d51cfa02af50809220a2c0d1f2f2212220803131cd20a132e4c2210000727150a552213 pre_us=0 enc_us=494858 q_us=112 pkt_us=2
[PKT] seq=394 mode=L bytes=260 pkt=01020001c7f7b78ec418a88dd030a68ec5f89b8da6239d8df066a28ca5f49a8bd965958bd5f8fe08e3191200e9110400d0280d00c53b1700be3d1600eb1a1900a4480ffff72aa2b31b3b9fae1b0e9aaf243da2ae335da1ad3b439cac2b30a0aa3e2ea0ad280726331c0316361f162c3510f7273617e6273728311637d7362139cb2234370cef655bf0ec5f47110a5047f7f44f48ecc05949d0ec5a48dd1a524be5ff4948f7f85625f4f44924f5024424f9fd2f25eafb3025de0b4425f82a3027b6172e230c14b9b32f0bc9b2331fc0b3320eb6b35c23b8b26b59cbb14befc6af5949b7b1e8fa1e0dece81b121ad40a1215bc0812ecbb0b1320d01d12ffb219130fce0e0f pre_us=0 enc_us=494860 q_us=110 pkt_us=2
[PKT] seq=395 mode=L bytes=260 pkt=01020001b1e90e94be0cf48cc30aca88b0dcc488b4dac888ea15168ba89cb086dc25bd84e4f01cf5def33102e0fd2504d6f72501dfdc13febaf53700f7d02004d6e216fffa37fb98fc43fa97f41bb99bf940b4960a6cd393f442bc8f10409f941849929610e8fa4d1b1cef451d0ee746f8f7014cef2be05323220349ef33014ac82dd74f24001a5b13ee3b4b1717525119095455ebe64853c41b5259da21675dc3276a5c06f0e34306e2f63409f52b310ed12a3b0ba8193c27e939491ec54b37ffcb50351507cfaa252ebfa71b34b4a2142ebba14146bd9d276e02a32bfeb69d3965c39d15fe150f19070d002e1110092ce7150e14d6e205201e210503dd320eff252112 pre_us=0 enc_us=494858 q_us=113 pkt_us=1
[PKT] seq=396 mode=L bytes=260 pkt=01020001baeaf68bc90d1588cbf6e388cad2df86c5dbef87f32d3c86aa93b185fae0ba84e3f425fcddfa4303eb053e02c3ef47fec8e137fe92235a02dfd52a07b2fe2dfdfc2af9a2df4af39ffc1ac79dfa3fd098f765d695fe70ec95115db79833749896eee0d34d17fff94b01eef34817ecd54f12d01f562bd83654dae8f749d1d5ce50250a2f560bfa3b41f316584bf51d524ee9024748c7f94d44dd206954ad256e5911f2dc2b04d4ee261c041b2e2ad1fe3520a2f43811c9f7321bb9262a29a946350d16ada50826c49f1128c6a0fa17c79e0035d39b125d2898fbd6af9af83ac39c2b0c0307fe1829031f1e310a28161d0d0de4f10b2c531f05ee13300b0c4c1c10 pre_us=0 enc_us=494855 q_us=113 pkt_us=1
[PKT] seq=397 mode=L bytes=260 pkt=01020001b6e4ee8bae0ef789b300d389b4f8ee87a1d9bc87e22bf687a08d9f86e2f2ba85d8eb1e07d0fc37ffe41020ffd51439febd1023feab2333fefee30efec50a1efe0e3de3ab0944d1a5ff1ea4a3042aada02764ce9f2045bd9e1948a29e2e59999e17f9be3d2d21b5402610eb41290bea450018c4472525a446e22f1a46bd2ade462200325f20fa2a4b2e21524e140d3a50fbf04651e01a3d51e91d5855d1246255f7eaf828f1df0028f4fe332af2f31d2ceac1062cf6f6102d11cc262eefd8422c17049fad3633acaa273fb1a92823b7a64d4699a4516ea8a42ed598a23e5daaa31203250a0f091d10251511110b0f171004e10011370cee0f02d8f9150b291313 pre_us=0 enc_us=494866 q_us=112 pkt_us=2
[PKT] seq=398 mode=L bytes=260 pkt=01020001b6e0ff94c802d99fbcf8b98dc6e6c58cb8ddb288f1360591a791aa85f5f8af84d9f311eedaf205fae0061b11d9000d10c2f80d05a229350806cf160bd9ec4109fb331092014a2b88ec21f28cfc2dea8a19690e89075d02850a62be8b2c6eb98adfeff6510004e6420be8b93e25decd4519d7b95718bccd3609d2b851fccb965127fff86212e3096329fe426713f0326a04c13866efc328700ce6636ac4dd646c1ee9f24b0cd7fd54160008400ef9fd4e1cbff24c0fe71c5cffd3144112d81c47eb09df9ef61207afef17d1b0ee10d7aa0730c89b145427b7f9c9a89c0418e09c2ffa0ffd230019ed2a1d25021726160f27e0fdfa2f5043fded23fc0aef58340c pre_us=0 enc_us=494863 q_us=112 pkt_us=2
[PKT] seq=399 mode=L bytes=260 pkt=01020001c0e6138ac80b0b87bef5df87cae9d586b0bbcc85e1180485a591b384e9eccd84e9ed27ffe5e54102ecf03801feea3dfdeeb00ffbcbfe60fe12b939fedcc24ffdfe2beaa3eb3aff9ff617cb9df31bc49a0665e397e441ce97013ec7971955af97f3e8e249f907d44cf1f6be48fbf0b94cd70caa5014f6b950cc01c54eb8069b4f19082159fd0c37440d19564fe91a5454c4f85355cc155d55da2c6159be3a685b11efe22909e0eb261a04102c22ed07321fad0a341bff2b3216ca143310d73e320f08a8a62338afa0113dbaa12032a99f505c969d3972dc9c3208a49c3068c59c27060605122c150634231d0d1b1527100f01f10e0c4a370aeb1c2f150e5f3011 pre_us=0 enc_us=494860 q_us=113 pkt_us=2
[PKT] seq=400 mode=L bytes=260 pkt=01020001d2fbac8deb43e58cedf1b68cd9f9ae8bca0cc68ac70ed08aa2b9a089f86ec089e009f608d7293afff8242200eb332f00d83137ffbb4020fff3260dffae5b34ff0838d4b10924cdab04f8dfabf8dfefa90a0fdda84b5cd9a83b6acaa62c67d6a81beac236270ca13826e5c83832cdb83a11d7af3b06b5aa3ce0d9c03e32e5a83cfbfa4c5ded082e490439334a03362b4be220234cb81f184cbb31384fc706244d01eaf926e203ed25ef03d226fa0acd27dff7d428b1dcb727dac8cf29b2cccd2615ef97b11f18bbb008c6adb00dd9a8af1be5aaad5c169cad4dcd9aab5f3ba8aceceff80edd2c1913ef1a1a13eb042814c9192514b3061714b0daf115cf2d1f10 pre_us=0 enc_us=494863 q_us=113 pkt_us=2
[PKT] seq=401 mode=L bytes=260 pkt=01020001d7f5b58d023cef8c11c7b78debc6ab8cf6fdbb8cfb1fd48ba1a1988a0c6bbb8af602f708022638ff0c182900fa223000f6373700b14d2dfff71b0effb95e33ff1c41ddb22d1dd0ad18fde3adfce703ac1700e6ab4d50dfaa2f5ad3a8434dddaa0eddc9340c0ba43719dbd53726cbb83800e8bc391dc6b539dfc9da3b35fab439f7fc4b5ce6132748e9482748fc3c2f49ec2a274ac318144abf48404db615214a06e4fa25f002ea250104d125020bd026d7f9dc26a3dfb926dacadb28a5e8cf2422fc96b3331ebeb10ab6abb20dd3acb11decacb0501d9eaf45b49ead643cabaeecec080de6272412f70d2213e9123813cf142d14bbfe3113a3ef0a14b645240f pre_us=0 enc_us=494855 q_us=111 pkt_us=2
[PKT] seq=402 mode=L bytes=260 pkt=01020001e3fd9990e746a59012ea9691f5dc9e92ebfc9e92eaec8e91a2d78e9007609891eb0b0308ed2a4c00f81e3001f8203301eb113b01c4ed5d01eb393201ae623500213cc9b8231dd2b30d10e3b502ead6b60709deb5606225b54255eab2033de0b711dc1b300e08ea312deb052f28f50c2f2905f52f14bb262ff3f9123143e8052df3f25b57ef104643ee3a4041fe384141ee1d4242ae380e42b2413c44c700363f00f11b22e4fe1421ec05fb21ec280a20cd20092197e0fc21b8e4ff23a704fc1e1feca5b7360cdab708cfccb90ee1d2ba13f1cfba5bbdd0b954e2c8b7474fc3baf109240cda305710ef2b4610e11e4d10be2d51119f07711095104911bd4d490c pre_us=0 enc_us=494858 q_us=112 pkt_us=2
[PKT] seq=403 mode=L bytes=260 pkt=010200010fefa2901d39a48f31fb96911fe2939122fa999136f3a091c9dd8d90415093900608fc08f611310008d72f000ece270107e5250109a94c0128f92201f05e1e003135b6b73622beb22b24d6b41706d2b53413c8b46a5ae4b45a58d9b15a38ccb6d9e92130f504f03215f5fe3015fc0a2f19fe073015d7f830e5f1143240cf0e2ff3035c58f2075d43e9115d42fc226042f5195f43b20b5743b4216545b4fc5d41e0f33222d1122822df200a21ef401221dc211b22a61f1721d20fff23c02a0c1f17f7aab72f1bd4b613cad0b81fc9cdb929dcd8b964bae9b85dbbd1b65f4cd0b9ee0c170ce53e4310ef333e11f43c3710e83b3711aa3356119c2d3411c9542c0d pre_us=0 enc_us=494856 q_us=111 pkt_us=1
[PKT] seq=404 mode=L bytes=260 pkt=01020001e0f7a490e436a1900a019492cce49592d2e19793bacda19291aa8e91e3669c92dd150208e5122700e0f02e01f0c02501f3d12201bebc3801e3f31501a5542e00103fb7b80926bab3f122d9b5f634d1b61a3ad1b66375d0b63d74cab32761c8b81adc242f2017fb3124ea022f27e70a2e0c03092ef1d1fb2fe4fc103026d7ff2df3f25a57fa045e43fa0e5f4110f66341ef0a6041cafa6341ba206944cef15e3ffeee2e22d5192b21d83f0e20e3231520d61517219c0e2f20d5f11222ae17171d15f8adb72900d4b703f0d0ba0cb6d3ba1dc7cfba6bd7d6ba61b2c6b86955d9bbed0c1f0cce413610ea503410dd412c10d3453111ac2d3110ae0f1711de4c300c pre_us=0 enc_us=494861 q_us=113 pkt_us=1
[PKT] seq=405 mode=L bytes=260 pkt=01020001edfdad8cff3eec8b0bf8b78bf3d5b78ad6e5be8ac801e889a6deac89f773d988fa05fb0800272dff170f17000b2b29ff141923fffc310eff1c2b09ffd45810ff2537cfb12216b9ab1d1dc6aa17fae0a8240de1a76067c1a74a68b2a53c659ca6f3f0c336140cb53926efd73932d7b03b1ccea63c11b5a93df2f6c23f4bf4e13dfbf94f5df00e2c4aef14334bf02e354ce0262d4db118184daf1d3950b0fe2c4ef6e9fb27f6fcf62605f0ec260effd52811e6d028d1cfbe28e9cde52aebc50b271de798b12c0dbaaf04bba6af13cfabae2cbba9ac6af699ac57e29caa5c3fa8abf6f4fd0ee8270c13f230fa14e3251a14d1061415a9edf0149ce0d615d028ea11 pre_us=0 enc_us=494861 q_us=113 pkt_us=1
[PKT] seq=406 mode=L bytes=260 pkt=01020001d7039d8eea3de78d060eac8deeeaaa8dddfab28cdc1acf8c97bda28bd36bb38be60cfc08f2273f00062b1c00001a2800fa252600b0382900e5181400b64e25ff1b3bd1b31d29c8ad0606d0aefef3d1ad0d0dcbac5369daab246ac3a90657c1ac1cefee341311b33626f4e73624dddb3713e1e43816acd238dee6e63a1203ca38f3f0545be9052b470225344708263f48f2163c49be100e49c425404cc3ff3b4910e20325fafff324faf7e224ef05f225d7f4f2269acccf25dec5ea27aedbf3231beb98b32c17bfb205e4adb30addafb219d1b1b15b0ca1b042daa3af4d33b2b0f8e60c0de1272a12f5181f12e4212e12c91b2813a9f92a13a9e51114a823210f pre_us=0 enc_us=494864 q_us=112 pkt_us=2
[PKT] seq=407 mode=L bytes=260 pkt=01020001f106b791f835b6900bfd9b92fbf39d93e0ffa393be11a5939ddb9b91db63ab92f412e408f0200100012d0401f92a0401e01d0601b5350001f8280101bb51fc01293198b8282d95b40b09aab605f8abb70215a9b74867a2b73a6ca5b40c69a0b9f8f53c2f02061c3028e1322e30e1312d22e52a2d36c0362ef9e8352f56dc2c2bfee25257ebff4e42f6303c4001293c40f01d4140b3fd3f40a8153f43c0fd3d3ef0e94921edff3f2102f92820f4062920e6fe2f20b1e03320fecb27220dc8391d17f9afb83217d4b70ce3baba0fedbbbb1bedbfbb5f13bbbb4cf4b4b94139c5bcfcebf90ce520fc10fb1e0210f0120410d3260911a6f6fd10a5dff411e532fd0c pre_us=0 enc_us=494864 q_us=113 pkt_us=2
[PKT] seq=408 mode=L bytes=260 pkt=01020001f9eb969003439f8f19e6959002de9391def09491bdd98d909cb8898fec55918ff80bfd08e6284e0006174b0010fe4d01011a4201cff15d0002254600b85d4c00263bcdb62d1dd9b1151e06b315fefdb3191bf4b3626e21b3516710b0325b03b4f3e51d31120ae8322cda0a312dfbfa30110905310cb61931e4ec0a3344c90a30f5045758f0194344f037284307343843fa363444b7351a43af4e2f46c0102642f5ed1623e6fc192200f2f521f316fd2105f00022b8dbf422d9d9f524e2ebf31f1ef0a1b63515d6b503cdcdb817c6cfb81dd3d0b869c7ccb761cdc1b5624ac6b8f812280cfa375b11fb1f5e11f1116011e5295b12ac177011aae96012f432600d pre_us=0 enc_us=494860 q_us=113 pkt_us=1
[PKT] seq=409 mode=L bytes=260 pkt=01020001da05a88ce639e38b0822ad8bdbf0aa8ad6d7b489f509c089ade6a9882972d088e40af708d02a40ffe42e21ffe43232ffde223affd63b20fff1421fffc14b2dfeff38d7b01036d1aa0202e1a9f5f4f0a7111dd8a65266eda52167c2a30c54b5a517eac537050ca13a19e0c53b2cd7b63c03b9ba3ed5a0b13ecad1cf400bebaf3ffff0515eeb012a4a2424294c0028314ef223384fd3f60f4fe80b3b51eeea314ffcebf927d0f1e926bbf9ca27d90ccd28cbe3d92996b5ad29cec9dc2bb9d3ef280aee95b01d08b9ae12d2a2ae07d1a3ac0abdacab46f294aa32e3a0a92e29aea9e5e8ff0ed8192413fb181c14d51f2e14d4143215a8ce2514bcdb1116ea1e1d11 pre_us=0 enc_us=494858 q_us=111 pkt_us=2
[PKT] seq=410 mode=L bytes=260 pkt=01020001e9f8a391fa43a79020059f92fcf1a593f300a693edf79a9299d7949114609d92f10afe08002d410019242801161622010b0c2501fde34d011a1e3801eb5e2f01273ac0b83127cbb31a10d4b615e3c4b72bfdc4b66754ffb64e5be1b44948cfb907ea182f180cef3134e30f2e21fd022e20fb042e34db002e01ed0d304cf0032cf2065857dc124542f81d3f41f6254940001f4941cd242941c13a3b43bb0e3d3effe72b21fcfd1d21ff03052002221320e80c1821aee9f820eee7ff22e708081d2200abb8350cd6b717f9cbba16fbcbbb2eebd1bb6cc7cfba61d7c9b95d53c7bbf4082d0ce2335210fa293c10e2203810e6273b11ac226110a2ff4f11e4573e0c pre_us=0 enc_us=494858 q_us=112 pkt_us=2
[PKT] seq=411 mode=L bytes=260 pkt=01020001dd0baa8e0741ca8d26fba48e01cca18df4e5a18defeeb18ca1c79c8b1d5ea38bf9030d080523390006292b0002182e00fb142d00d3153e00fd2a1f00d4591fff1832c8b43625c7ae1f0cd3af18ebceae3414d6ad625ef6ac4557d0aa4d59bbad0df1e5330905b7351edffa3514e9f5360be7de371cbcc237def9f4392fe8fc37f3f9595be50b3c47f2283f47f9464048ee284449ba2a2548bb413a4bb30241480eea1425ec03fb24ee02e924f921fa24df05fb25aadece25d5e9dd27b3f1052319e9a6b3310ec3b20ddab8b41cc6b7b330d8b9b265f0b2b15bd9a8b06247b2b1f1fb280de8323812fd233812f02c4012e12c3d13adfa4b12a6ff2613c040220f pre_us=0 enc_us=494857 q_us=113 pkt_us=2
[PKT] seq=412 mode=L bytes=260 pkt=01020001f806bb8c083207891c0ac58a0ae6b5890602cf88e1020887a5dbb386e467ca870007120508223602182b0b01122a01000a2221ffee3006030d2a1305e351fb01222ddeac2d21d0a81ef1b9a721e5ada530ffc8a25b58d6a3455aa9a35264a3a2f9eecb3d0308cc401bdefd4014ccf84220cfd94613bdf34806d52c482df40144fff3425ce7131a47f0292a49eb2f334be4251f4bb919e24aba3a2e4da4ff244ef5f30426eefff122f40bea25050cfb28f8ebec28c9e0e821f8de0a20d3dd032614e69eaf2906aeab13c8a2ab0cc0a0a81fcca6a8671593a95cc49ba46e3c9ca5f8fae509e22ef30bed2ddd0fed1adf0ee71bdd0caf00b40cb106b410b03fbf0a pre_us=0 enc_us=494859 q_us=113 pkt_us=2
[PKT] seq=413 mode=L bytes=260 pkt=01020001dae3a190ea359f8fff0a9991d0c79a92ccf99a92bcf3a19197c79090045c9291df05ff08df082700f4df2701eecd1b01ebcc1b01b9b83401d2011601a55d23000d3eb1b7072bbab20425c8b50732c0b50135bfb55370c8b53574c6b22c60ceb71edd2b302608ff3131ea0e2f23fa122f1e17fd2f07c1fb30eadc13313ce8fd2ef8f96057edf5634302065f4202105f41db116542b3ee6942a91d6a45ae04634003fa3922ec142921ee221a21e9012421e4122e219c1e3621d8e81a23a42b131e16f1aab71e03d3b60dead5b914c9c7ba24f1c6b965d6dcb958cccab76961c4baf30f0d0cdb3b2c10f43a2e10ed0c1d10bc331b119f431d10a80a0c11b4641f0c pre_us=0 enc_us=494863 q_us=113 pkt_us=2
[PKT] seq=414 mode=L bytes=260 pkt=010200011ceaaa943d25b29337f6b69714dcb99a28ddbb9b23cfd79adcd6b2996a3ec19bff15eb080408f701fc05f602f601f902040af2031ee5e4021de4f702d023ea023522a4bd3d049eb930f7a5be1d07a9c12b0da8c16b2899c15b35abbe6a18a6c6c4f8412bdc1a272cc70b2e2898222925af373025a3382525ce1c2c2720f22f21ee164753fc143d3efb1f353a09143238010e3139c14a4239c738383cc73a3034cbf5371fb605411ebdf9381cbddf3a1bc1013a1c9ace551bbfe2391d8d12411718f8b0bc1623c0bcfe0bbdc1f7f3c4c403febac55f1fd3c46619b8c26d6bc2c7e80efd0be214fd0eeae8fc0ed4df040dd3f7f90f9cd4020ea3eafb0fd218fa0a pre_us=0 enc_us=494861 q_us=113 pkt_us=2
[PKT] seq=415 mode=L bytes=260 pkt=01020001f3f89d8d0124bd8b2309a38ceae9a08bfeedb28ad9fec28ab2f2a1892b76b289f215fd08032b34ff052a2500fb222000f9173affde2533ffeb381bffa76430ff2235c4b12f20bdab21f5bfab220cc0a92f1dd2a85262d9a7326ea8a54573bfa70bd8fd36fd18d63814fc0139e0e9f83ae5dbbe3cc2acc53ccbd80d3efedabb3df305575deb144149062d404aff26404cf634414dc712204dbd23484fb5f83d4d05eb0826f103f825d615ff26dff70127d6fcf028abc6c927e1ca0f2aa4c6f32615f29eb12a0cbab01af3b0b019daadae2ce0b5ad62e0a4ac4befa8ab6543baabfe0a140eed2e3613f2202814f00b2614e11e3d14b3e22d14c8ee2015d3482b10 pre_us=0 enc_us=494863 q_us=113 pkt_us=2
[PKT] seq=416 mode=L bytes=260 pkt=01020001dcf0aa8ed319f18df10fc88edad1c98dd0ece38daaf9f88ca1fac28bce70c88bca15f708df281400f91f1200f7f3fb00ec011e00d602f200f9290800a25ffeff0338d1b3fb23afae06f8abaefb0abaad0e1fbeac515da7ac39689ea9466da2ac1ecbda341c11c5361ef8f43522e4c9361f01ac3716bacd38f7c9f63a37daf43706f24c5bf00a3247e82739470a253148f5153349c61a1d49bc26424cb3093048def10125f9fdf82400060b24eefaee25e907f426c2dee925f3e21327b1dc09230f0898b31507b1b20606acb30bd9a0b224e7b2b165e7a0b15af6aaaf7552a3b0e6f4f90dd527f512e513f812e501e612d223f413b1fee212bc0be214c251e10f pre_us=0 enc_us=494860 q_us=113 pkt_us=1
[PKT] seq=417 mode=L bytes=260 pkt=0102000100f1a38fe8f4a78e2211a5900909b99004eba490240bb38fb9009b8e43569c8fe31afc080d071f001818150006081100ffea0e01dae12a00041d1500c46322002a34abb6212baab12effacb22d0ba0b24318abb26553abb14d4facaf6157b5b320e031310813143316021c321a02193119021b322ad50b32c5fd183403cc1231f5fe5b59e4185a44e01d4b43f40b5044ea1e5144bbfc6244b92c5847a6135743f4fc3c23f5043222ea0d2c22dcfb4222cc0734239f2a3922c6fc29249d151f201d0aacb628e2d5b51911cbb7281ed7b739f4bfb75ffee5b65bf2cfb46549d2b6031f110cc7252b11ec1b1811d7081b11d6011112b5292f11a01c1912b85d290d pre_us=0 enc_us=494855 q_us=111 pkt_us=1
[PKT] seq=418 mode=L bytes=260 pkt=01020001faf0978ffa07998f03fe9c90e0099990f10b9f90f503918fb323958efd6d9b8fe614040808283c000d123e0003062f00e1e13d01d8ed5900db3d44009a6942002d36c8b61811d1b126fedbb312f8d9b32f12d2b25c4510b2414ce2af435eddb319d119310904f633140b0c312a20fb311efbf432eada0b32c6e8093423f0f931f2fd5b59ee214c44ee27404303154943ee1f5444c0273644c02a4747a0093f42f2f91923e8010922e3060722f9190822ca261223950ff322b2f50624931104201ffaa4b61bf6c7b515d6cdb711fac8b732e9dbb75bd0d3b657f3dbb57061cfb7ff13250ccc2e4e11e5225011e3214411e21d4e129d1a6a11a22e581298624f0d pre_us=0 enc_us=494859 q_us=112 pkt_us=2
[PKT] seq=419 mode=L bytes=260 pkt=0102000115ed968f0404978f06f59e900cd8919009e38e900cd49690cf0d8c8e2f5f908ff012040812f4350028d3370012e31f0019c526011e9a54000d172200c4613300353cc7b6272dccb13113c9b32922d9b33933e5b2674decb25a5ddfaf675ad9b3f6da1e310803f733061705311be6053114f1f83204e6f732f2e70c3438d3f631f4ff5f59e00d6044db085c43e91f5e43cf0d6444b3136244ad13664796096442db002323f3141422f3181522fc260c22fb250823bf351522e013fc24c23a00201700a1b624e5ccb518c8dfb718d8beb72adebbb75dbae8b65ce1d1b5715ccdb7f81d1b0cd2384411ce1d4511e5412f11cd423412a6465c11b3433712bc69390d pre_us=0 enc_us=494861 q_us=110 pkt_us=2
[PKT] seq=420 mode=L bytes=260 pkt=01020001f000ae8de122bb8c0804a48c0608b88bc6ebb98bb302c88aa0fea68a2276bf89e015050800252eff06312800f7093900e50b2d00e52139ffed3d28ffa36531ff2638c4b20926cdac20fed6ac05eddfaa2018c7a94857daa9316bcba6345fc4a91ddfe5351603b33807ebd23827e2b539fef2bf3adcd5aa3bdacfd43d1ef4c53bf5fc545cef113f49e62940490a12394be225454cbd0e284cb90e3d4eae0b304cfcf01226fff5ef25f00ad926d60ee226e100fa27b8d3cf27d5d5dd299be1e1251c049eb22200b4b01adfabb111fab4af28e6b3ae58e9b0ae4eeea5ac604eaead0105190dcc172e12f01c2a13e4003e13c51c3614a3e84113a3fe2614b5502710 pre_us=0 enc_us=494859 q_us=113 pkt_us=2
[PKT] seq=421 mode=L bytes=260 pkt=01020001d00c0e8ddd140e8bec07d58bd6dfd58ad4d4e488ffe7e989ada9c887536e1e88d6f42bfce5033d03eb272d03f2102b0309133105f51d1cfff0131605b03931fefe37e9a6fe46e0a1f128d2a0fe36c79c0034c79c4272ac9a0c71b69b1976a798e8f6fb4beb02494af4235c47f30c4c49e9f85148c0f07151d0d3604ae624464f0ef32652fffb41370a1639381002343d0b093b41e6cd373af8e5393ccd02483e15eafd240ad4ef2900edec28fec6f02d04d0fb28d7a8e93403a60b2ae09320330722c6a6ff10fb9fef06d59feeedcd9ff2f6c69d1e2bc09d1821c79af96d2e9c2203fe060c090304082fda04060dce06f4eeef03e5e0ab09efbfc1031818d601 pre_us=0 enc_us=494852 q_us=113 pkt_us=2
[PKT] seq=422 mode=L bytes=260 pkt=010200011519969127308f90380592922bfb939305ff949410db9293d0df90926b5f9193022dfd08f44a0600f33105011533030113420501054a05011d430401b17204012413b1b93224b2b42f04b4b72e03b3b84121b3b86857b4b75861b2b56167b6bad3f83e2fe90f3830010f362eebfb3b2dba1b392dbe18352dbd0f3d2f32ce362bfe164456ff292e4200312f40f8202c3ff2332c40b53d2e40b12e30439f112a3de1d12021c8ea1621d1f51a20d2e71b1fd6ea1720b1e61620c9d21922a7f5171c0ac2b3b81ff5acb811d7b1bb17dbb2bc2eecafbc59ddb0bc58dfafba495ab1bdf7f7080cef3cff10020a0310e5e1030fc6120111ae21ff10a0010311f260fc0c pre_us=0 enc_us=494867 q_us=113 pkt_us=1
[PKT] seq=423 mode=L bytes=260 pkt=01020001e605a48cf734eb8b15eecc8cf102ce8beafac88adb10eb8a96bb9d891a71ca88ef12fa08f4252fff0f242800fb121d00fdfd2effd8f52cffe61a16ffae642aff1e3cd1b12327c6ab0403c5aa0107c7a91e0dc8a75744cea72d6ab9a5266cc9a712dcce361400a73910e4da390ef4af3b0df4b13cddc2a03cd8ccee3f28cab03defed525dec0e2d490622324a02083e4cf615454ded17224dce324450b902274dffebfd26e606f126f100ed26f009ee27d303ed2899dcc028cdcdf12aa4c5dc2617e899b12f19b4affcfab0b0090cadae1ae2b3ad62cea0ac52c6a2aa4c3da7abebfb000eda311a13fe172314e61b1214d9122414b1fe1814a4e60215bb561010 pre_us=0 enc_us=494862 q_us=113 pkt_us=2
[PKT] seq=424 mode=L bytes=260 pkt=010200010cec9f910940a29123eb9793f4d39794e6df9f95d4f29d94c2139a931f6a9f940a1bed08fd290100011d0301032dff0100240301ea15fd01023b0101bc6000012735a4b92911a2b42cfbb2b818f4b2b924fdadb96664a9b94f5ca9b65966aabbd9dd452efc26222f21ea312d0fd0332cf5e82e2cf4b33b2cf8ee2f2e39da2b2af70e4756f61a4141f629383ff435383ee7333e3fb523323fbb2b3f42ba0c373ce8d73421dffa3a20dcfd211fea00221fe5f12d20b4cb2c1fddea2a21bbeb2e1c14ddabb93109c5b816c3b9bb17d3b7bd28d1bebd6ce8b5bd5710b9bb6b4cc0bef1f4f80ce5280510fb130410d119020fd4190811adfafa10c511fb10e55bfb0c pre_us=0 enc_us=494867 q_us=112 pkt_us=2
[PKT] seq=425 mode=L bytes=260 pkt=0102000103cc9896553c93964d27979b402e9b9f421a9aa11e3896a02914959f794d9da21e09fe08f74e0601ed310802d1450903df48090345310b03f9480c03ea4f0a034716b8c03608babc260fc3c22618c7c71c08cac86018cfc85829cfc56c05d2ceacca3929b3153229a22b2b2497fa2c21a61f30208a6b2b20a3252a22d406271be9284350f20a2b3b16ec293715e2293410fc2434cdd42334f2fc2837e0de242ecbea171dbefe121dab0a0f1ab2120c19b71209199e1300199e26011b873c021431b2b7bef1f7b5bfd3c1c1c5d4d5c5c9e5ddbecb48a8baca44cdc1c845fecdced0cd030be702fe0eeddc040df0d6070cded3060e92aa010dbad4080ebfd20709 pre_us=0 enc_us=494862 q_us=113 pkt_us=1
[PKT] seq=426 mode=L bytes=260 pkt=010200011ad69f923c2aa7923cde9e943deba7963ee4b39747d3b8960af5a2956f39a2960511fb0809f7240102fa1401fe130a02191112022dd62c02f5390c02ba6112013d2daebb3c0bb6b62af5c0ba2cf9b2bc4608aebc705abfbc5243b9b96b3ebfbfc5ec382dcd06fb2ef7211b2bd1fa2329b312182997f4f82ac1f8152bd4f21927ed165055fd075940030c533d0808423cea0c473db312563dd22e5740aa184439ccef2d20b8262b20cf14181ebd0a291db81f2d1e9517311eb6fb26208f301a1a19e0b2ba1609d4bafdc7d9bd00e7c9bf0fedd4c055d6debf53f9ddbd4f58d0c1e716050cdb41270ff410220ffaf50c0fc70e1810941c290fb42c1910bb52170b pre_us=0 enc_us=494865 q_us=112 pkt_us=2
[PKT] seq=427 mode=L bytes=260 pkt=0102000100eba08ff3ebab8f14e3a8900af2a59009ffb590ebe3bd90c31eaf8e1e549a8fe71109080f202700221c2b000f1a1f00250529012aee220021472600e0621a003233d2b62526cfb13701c8b32503bfb33d10c2b26949c1b25143b0b0685dbab306e4ed3104efd9330b15f831280cfd312308ea3217fbf23204eb06344feb1031fd065759d4244944d61f4543e51d4943d20c4c44a81f3d44af2a494794174242e4fb0523f9fbf922f20efd2205160f22f4130b23c4f00322f3081724d110152019f6a4b626feb7b50ef1bbb7220ec1b730ffbeb769e2b4b75119c2b56e4fbfb70116240cc51e3411db153b11e40f2c11c10b391296e73311a4323112b05d210d pre_us=0 enc_us=494862 q_us=112 pkt_us=2
[PKT] seq=428 mode=L bytes=260 pkt=0102000119d4ac913af7c0913fdcbd9326f2b9941feebf953fbfdc94ece0ac935915bd94f51de408030dec00da14f701060ffb011ef2f40218eec901ec3bff01c73af6013c3d9db93a1591b522ef96b8250a99b932fa98b96f318cb9582999b6601199bcc4e93e2ec5f5142fe5db122dbdf91a2baf0f152c9cd9002cb1dd102ec9ce1829f4fb4f56f0dd5e4110ee5c3f05e6523efad6573fb4c35e3fb9095e41ba04573cccf33f21c2344520c832361fd615391fc5273f20963c4e1fc72627219d4b341c1304a7b90c35cbb8ef21d6bcf013c8bd0f09c8bd5338e1bd4d26c9bb5565dabef1feee0cdc36db101118e510e514e90fcf07e7119f1ed010b620e610c744e50b pre_us=0 enc_us=494866 q_us=113 pkt_us=1
[PKT] seq=429 mode=L bytes=260 pkt=01020001f4dea0924417a69142e6a99419f9b79536fbb4961aedb695fcf6a2946936aa960a18f008f923f500ea0ff9010b04f4010d0bf1022301e2020023f402b941fa012b25a5ba3e1c9eb61f0ba4b922049fbb400da3bb71419dbb5e4aa9b86a33a7beccee422dd904342fd8122f2ccf11362ac92a2f2a944c392ab3202d2cf0ec2c27f0144855eb183841fe20383e0413373def19363db8272f3dbe3c3540b22e323ae8e73420c9f93a20d4eb351edede3e1ebaed421f93bd531eabe13e209321321b20dbafb9fb1db6b9deffb8bd0affbebe2004b9bf66feb5be5e1ab1bd5f5bc0c0e3e4fc0ce509f20ff901f70fe2eefc0fd0e7ff1094b7060fa6fefc10cd2ef30b pre_us=0 enc_us=494866 q_us=113 pkt_us=2
[PKT] seq=430 mode=L bytes=260 pkt=010200011ff99d8f1b24a48e4413a0902eeaa49008fea590f0e0a88fc215988e525e998f050c0108030e1c00fc291900050b1d0020ed17011dac3000201a1a00d96017002f35b2b6331facb1150eb1b2281eb1b23616adb26a68b9b1564fadaf6b59b4b3d3e42f31f40e09331cf41a320a021631fa1c1432e6eafd32fa0416343ade1c31f0f85d59f3066044fa0b5843fafd5944e80c5a44b8036144b7156647aa0e5043dcf73423da0d3822ed162922d3152d22de003223b10b3822d9f82d24a10a1e2008eea9b62611cdb50409d0b71617ccb733efd0b76cd9d2b658e2dab46a4fc9b6f20c100ce62a251113142311e80c1d11cd1f23129b132a11a61e2212c0601b0d pre_us=0 enc_us=494862 q_us=112 pkt_us=2
[PKT] seq=431 mode=L bytes=260 pkt=01020001e7f8a691f231ad9019eb9993fdfd9893dae79c9406059a93acdd95920e399993f107fc0803131f0018ff230112d7220104d12101d2f832010b320b01bb5a1301203db1b9322aadb4181fccb72d1cd4b83e42cab8666cd6b83c52b6b54359bdba11ed2c2f1c0bfc3031e90f2e2de7082c1211072d48c8032d08182e2f4dd61c2bebf35b56d7096042e8205940ef0a5b3fe60a6040aeff6240bf295b42b2153f3d09ef3921010c3c210e241520e932181fe31f1f20b72e171ff5f61521d117191c1df5adb83618deb804d2d5bb36d5cdbc40ccd6bc68f4dabc52dad4ba5b52bebdf40e0f0cdd352d10f3452f10d5462b0fcb432811bc402e10b2071a10e0540e0c pre_us=0 enc_us=494855 q_us=111 pkt_us=2
[PKT] seq=432 mode=L bytes=260 pkt=0102000116d09995533895954811979a3def9d9e36079ca039e89a9f1be9979d7741a3a10814fe0801460301f42a0602e82a020307220a034e14010304220803d14303034005b6bf4005b7bc27f2c0c23105c1c6360ac7c76d11c4c75b1ec8c468f6c7ccb2d83729cb313829bc44272599163121b615262190663121a339202319e5261ce93d4451e527243c052c22370e1f1c3504151e35b91d1b35e9342438f31d1e2fccff1e1db8e9181dc3f0111ab1ce1319b9f3061a93d60d19a2fd081b891d15141ac1b8be0511b0bfe4ebb5c4eaddbac808d5b7ca46b7b1c94ad9b5c75d4ac5cde6de050bdd13ff0ef6fcfc0de5e3010dc907fd0e8dbbf80dac03fc0ede140009 pre_us=0 enc_us=494858 q_us=113 pkt_us=1
[PKT] seq=433 mode=L bytes=260 pkt=0102000115ab9c9c520a9d9d40f4a7a72eecb0b04ce9b7b74702b6b63fddb3b37b03bbbb2cd70808ec210202f1ee0303e0f10505f5fe06064abb0505e3e60505d31105054b23c8c838e7c6c626c9d0d022d9d9d927dadbdb66e1dcdc58d6d9d967eae5e5a3bd2222b79f2121a7db1a1a98c813139bc8121284b1121298d51313e5aa0b0bdb354a4af2193434070e2d2d130e272706142727b3ff2626e32e2a2aac131e1ebde01919bded1818c2ef1414c1d81111b9e71212a4bd1111a8f9131394ee0a0a2795c5c5eeebc8c8c6c1d0d0c7bcd8d8d2d4dcdc1e9bdcdc27d0d9d9f501e3e3b6f30909deee0c0ce4d80b0be1de0a0ac7e90c0c8cb80a0aa8c50b0bb5d70606 pre_us=0 enc_us=494846 q_us=111 pkt_us=2
[PKT] seq=434 mode=L bytes=260 pkt=01020001dd05ad8ef739e28df2cdab8ecebeb38de0cec38dec0dd68ca6b89d8b2f76c18bd620f708fe2a3900f4311a0009282d0003143700e33a27001d1f1600eb5c2eff1a4ce1b3131eccaeea09e0aeec15f5ae062ce3ad526addac236ed7aa416dc8ad2fcfcc33150cad362bf5d33534d4c83614f9ad37cfaac537d8adcd3939bac437ecea4d5bf4062f470f1f344706ff2848f80b2c49e6080e48f228374beae62b4807e4fb25e306f024d90edc24edddd225fcd6de25a2a7ac25d0bfd727b5a8e323231795b3251fc2b2f3cfaab3dabeadb3e7c0b2b251d19fb144c79eaf3e1cafb1ede80d0dd42b2812d5341d12cf1b2e12e6292813b9033012a1021313eb2f230f pre_us=0 enc_us=494858 q_us=112 pkt_us=2
[PKT] seq=435 mode=L bytes=260 pkt=01020001e3d0968ff71aa38f14f69490ebbd9190eded9590f50b9e8f9cf78d8ef25f9a8fea0403080cf33d000ec93400ffbd2a0003d72901e7ac5b000ff72d00c3513c00253ac6b62227c1b1242be0b32413ddb34225d5b26b63ecb24769ddaf6465d1b31dd9213113fef03335f103313d00ff3117fdfd3237b90832f50f0e3431e3ee31f20e5f59df075e44e4135e43e6356243db1e5f44ac035944b71167479c02614209fa222305172622012d05220b380422ed200d23b42f2022f4fbfc24ac2b0f201ff0a2b62202d9b50ac0cfb715becbb741e3d0b76ed1f2b65bc2dab57559e9b7fa171c0cd53a4911ef3f4411e4393c11db254112b2416011a8383e12a360420d pre_us=0 enc_us=494859 q_us=113 pkt_us=2
[PKT] seq=436 mode=L bytes=260 pkt=010200010bd097983a2f95992bfb9ca04af3a4a653fda3ab554da3a926dd9ea77c44a6ad2af2040805390702f9050703e4070304ef06080440da140405090804e32e0904461dc0c347f7c3c126daccc929e7cdcf2ee2d4d16c03ded15afdd9ce71edddd9b8d12c25c1d62b25a5e6221f9dbb201ba2cd201a86fa141990eb221bc6ca1713ed194a4df6f73438fe0c2f3207012b2e09052a2ec1b9342ef2133031c8ed2427bffc151bb30c0f1bd8e71017b2e51315b0010916921600159c0b0217851f050f2798c0c212d1c1c3cab2c7cad3bed1d0ddbcced23895ded236b1d1d03bfbd7d8bede040adde3090de4e00b0cd4cc090bd9d20a0d92c4120ca5bb110cb1db0607 pre_us=0 enc_us=494861 q_us=112 pkt_us=2
[PKT] seq=437 mode=L bytes=260 pkt=01020001facfa0910a12b7901de2c59205e4c393f9eaba9306dcd6939ed5a991fe2dbc92ef16f2080d09f70019f7f70117fdf7010bf9fe011ddcd9010efe0501e238fd01332ea4b82c1c95b42bf993b6301196b748129bb76b418db74d309bb4674899b9f8e1412f01f61d3020e71c2e0ff51f2d0e0e1d2d2fd4062e08d7192f3dc0152bf5124d57e4f05542eff65840db085040e3025240a7db5f40b9215943940e583eeaf53121ec1b4221ec1e3b20fe034020e11d3e20b31b4e20021d2a22d03b3a1d1eecaab82f33c1b71c17deba160ed2bb3e10c8bc6c2eddbb66f4c5b97565ddbcfb04f80cda25e810e5f7ee10de07f410d405f2119e10da10b5fef011a649ee0c pre_us=0 enc_us=494865 q_us=113 pkt_us=1
[PKT] seq=438 mode=L bytes=260 pkt=01020001f5c098910e199e901df39b93efee9f93fdf39d94f2eba893a1ca93921a519693f50100080ff62a001ce621010ff21d0117f015010dad37011dfe1801d9612b013548bcb92a1cc1b42518c7b72824c4b83c28c0b86d69c5b84d61c3b56a57d5baf7d32f2f0927f5301af9122e03250a2c142a072d2eeff22df41a182f4eec022bf6085d56e0f86442e5075f40f1e3613fcdf36340a6fa6640af31654294125b3deef02c21f12c2721fb271e20fd2f291ff3372720bc362e20f01d1821c4450d1c25e7a5b82404cfb80ddfd8bb22f6cabc28eac9bc6bc7e0bc5fb9d9ba735bd8bdfafe080cdf362710e6332910dcff1b0fccfc1311a32a23109d101b10ab5d2d0c pre_us=0 enc_us=494864 q_us=113 pkt_us=2
[PKT] seq=439 mode=L bytes=260 pkt=01020001f8d29d8fff16af8f00e4a890dcd0b890f0d4b4900c05bc90a2c1a58f0a54a68ff215f008fc1c0800061706000af605010efd0b01ca1917000a160900d7560c002938a5b6231e9cb12c1aa0b31c249ab33f249db26a679fb24466a1b0565da1b4feda3f31120e1f3320f529312d04143118051e314fcf0832e5fd25334ef31530f90a5258df0a4f44e21f4a43e3fa5643c51e5444a50c5a44ad285346a1125142f8e43423fa093b220b10342218093f22f80e3a23bc004222fedc3224db16381f19e9a7b6271fc8b51406c1b70ffbcfb832f8d2b76839d9b758edcbb56e5ccdb70005f70ce5200611f70a0011dcf4fd11d1060a12c0031711abf30912c260080d pre_us=0 enc_us=494862 q_us=113 pkt_us=2
[PKT] seq=440 mode=L bytes=260 pkt=01020001f4dca28fe6ffa08ff8e19e90f7eda690c601a890a3f2a79094d9928e1359948fde13f308f6201d0005f61d00faf11500e0031001ccb53a00e71115009c672e002f44aab6141daeb11520b9b31426aab31729a7b25271c4b2446db5b03761cdb420de32311c0d0a3319f811310b150e311c0a163214c0eb32d716193438c80331f7f85c59e9165e44e8fd5d43f5f56443f6065e44b8e66844b11a6a47c50c5e42f1ef3f2304172d22fc1b2722dd0f3c22df123b23b32f3e22d5e92524b7250a20260fa6b62509d1b5070ac3b71213c9b7341accb76ae4cdb757cfd8b55b54d2b70206040cd82b2011e60d1911de200b11cc2211129e361a11a82612120e6c300d pre_us=0 enc_us=494855 q_us=113 pkt_us=2
[PKT] seq=441 mode=L bytes=260 pkt=01020001fcd4958e012aa68d24049b8efaf39b8eeace978ddce19c8da0c38d8c1467938cf114f608012a470019063a001001380015eb370000ca5b001b153700d05f55ff2e3dc1b42c19e1ae1cfbd3af2623ddaf3832e3ad656510ad4763f7ab4a66f2aefbd023330623cf353405fc3417eaec3517f3e3362cb2e036f8e2f53842c0e736f8075a5ae0114546ef215146db1e5147c6255648a5293b48b0384d4baa0e4947f5e81924f90df524f8280624051bfb240b0df825d8f2e7240edfea27f4e8ff2217019eb42911bfb314e0d0b41cdbc0b32cd8c2b369cec7b255dab4b0624accb20203110de5344b12eb2c4c12d23a4a12ce394913b0156312b40e4f13ed635e0e pre_us=0 enc_us=494858 q_us=110 pkt_us=2
[PKT] seq=442 mode=L bytes=260 pkt=0102000105ca978e0c309d8d10f7988ef5e59d8e04f5928d01059a8d9ec68d8c265f958cf70cfb08071b41001aed310010d93a0012ce2f00efb35d0014fe2b00f55a3dff2c42bfb42317c6ae2521d0af2d24c5ae3f32d6ad6c58dfad466cd2ab5e6acbaefcd626330719ee350df702340413f6351cf1f53638ddf636feee093849d5f636f70c5d5ae0065946f0135b46e1145e47e1086348ae035a48b22f674b98fc6747f2ec2424fb131824fa1b0d2404121b24e4221625b81f1d2405f70927d718172216f9a1b41d05d6b317f0d0b40ecfd2b32becbeb36de0eeb25fc0c7b06651d2b2fe13170de8364b12e81c4512df2a4612d5373f13b33e6112a12f4013b367430f pre_us=0 enc_us=494862 q_us=112 pkt_us=2
[PKT] seq=443 mode=L bytes=260 pkt=01020001efd8948f0417a38e20db9c8f0ee4968f0bfb978f1505a28ea7dc978d2e5e968dfa0ef7080a0d370013db2d0012e82b0010ee220009e04200081a2300d55d3500242ab8b52e18bcaf2e31c3b12b30ceb04629c0af6861c2af575cb9ad6564ccb0f8d631320ff1f43428fe0a331b08ff330f0d10341ad6ef34f2080e3642cdf934f40a575ae50c5b45f2025e45e80c6045d3096246a90f6246b1345d4999085745f9e91c24f4201f23ec152023f1251223e2252124b6172023e1fd0e25c0180e211de4a2b52f19cfb40fd3d3b524dbc4b53cf1c4b569f8deb466cecfb26c5dc6b4f503090de1384111f3323c12dd343911d20c2e12a6244a12a8053a13be5a410e pre_us=0 enc_us=494859 q_us=111 pkt_us=1
[PKT] seq=444 mode=L bytes=260 pkt=01020001f7c3a2920923aa9123f3aa940ae6bb9502d2bf96e4dfbf9599bea094203fa795f21bec08042c0700131404011d10fc0116ff000208e6f90219150201b96200013341a3ba2c12a0b51b06a6b9170a9ebb3614a0ba69569dba5453a7b86552aabeebd1432d13151d2f32032d2c0818232a1f1a1f2a1a0a212bee152d2c4def2728f20c4a55e3124b41f601413eef04473dd913483eb30c4a3db4334540a5283a3af1e73020f2113120fb132e1ff4123a1ee10d381faee2401ee0f82920b0392d1b23fba5b92e23ceb90a12c2bd0d09c8be2af5ccbf6a02c7be5fdfbebc6f62c4c003f9ec0ce226000ff40afe0fd6faf70fc5fffe109ef9f80f9cedfb10c94efc0b pre_us=0 enc_us=494857 q_us=113 pkt_us=2
[PKT] seq=445 mode=L bytes=260 pkt=01020001e9f5a58f0f2eaa8efde8a18fe1f3a48fdaeea38fcd06a88e97b2958df764a38deb0e0808fd193d00fc232900f1173600df134800af065700f9062a00b75640002943c6b52619d3af0c01cab1f711d2b01416d5b05a6009af335ccead4c58e0b00ddf07322005d9341d110b331cf4f43313f5f4341bbbf034f0c9fe3640daea33e9ff585af611474504294345fd1b4645fb373f46c53c0946cc484749bb093145f9e71924d8020b23f10b1223fdfe0e23dc091824a9d7ed23eae00625b3f4ef211effa2b52d22bbb40d01b9b50112bbb51efdcab56303c8b456d0b8b26b4ab7b4ee072a0de42c4c11f70f4212e4005111e2195912c3006812b2e84112d0484c0e pre_us=0 enc_us=494858 q_us=112 pkt_us=2
[PKT] seq=446 mode=L bytes=260 pkt=01020001d3faa98ded3aca8cefedac8cdad6a68bd106a28bc707b18a96c6968af371bb89ea010008eb203aff00043000f5f63500e8043c00b72a45fff81319ffb9583cff133dc4b21320c2ac0d23d0acfd13c7aa0e39d1a95070eca9306bd7a63f6dc6a90be9e8351708ba3824d6d43830f9dd390de4dd3affb5bf3bdad8e13d1cdace3bfefc585cfb0c3e48001548490426534be007504cb10c364cc026454ebcf9354cfde71626ddfe03250201f226f415f926d40ef027aaebcb27dacbd229aac6e9251df49db22e20b8b0fad7b3b113d1b0af23c9b5ae5907b9ae56c3a5ac6235b5adedf5180de0213912fd0a3813dd263e13c02c4514ac044613a4db2214c0283810 pre_us=0 enc_us=494862 q_us=113 pkt_us=1
[PKT] seq=447 mode=L bytes=260 pkt=01020001d1f4a68de63bbb8cf6f1948ce9cc9a8cc0f7a08bd2ed988b95a78d8af762968ae8040608e51c4dfff30d3e00f0f75600e7005900a92456ffd70341ffa95356ff123ad5b2100ee6ac040afaac090404ab071500a9486426a92662ffa7396301a90edcde351610b03714e5e23722d0e53907e5da3af9a9ea3ad8d1e23c22ccd53afe00575cf50c3a48012d3b49fd372a4ae032264bac34144bb9463f4eb00f2c4bfdec0726db0ee825edfce025ee01de26d5f6dd27a0e1bf26ccd1d829a1d7da251bf49bb22718bfb1ffc6b3b116b1bab025c1bfaf50f8abae4ec5acac6447b2adeef7250dd7294a12f9115113e9056413b5116214aa0e6a13a0e25014b73c6210 pre_us=0 enc_us=494866 q_us=112 pkt_us=2
[PKT] seq=448 mode=L bytes=260 pkt=01020001f0f8ad8d0839e28c19dcae8cfbe0ba8bdcc7bb8aefefdf8aa3ae9489316ca989f20c0608012237ff0b1b20000113270007f73cfff40f3dff151f2fffd36550ff2a3dccb12e1eceab14eed3ab15f2e3aa2911e1a86149e8a83f4be0a65959fca805dfe2350d0fa7381de3c7380ddfb03af7e1ae3be4beb23bd3f2c73d44bdbb3cf3fe535de20c3149052d454a01243f4bee293d4cc526174cca434b4fb5f2284cfcf00b26f107f525f119e926e313e227eefeec28adeabd27cdf0d829aceecc261efa9cb22d1db7b00defaeb012f4a7af27c3b2ae63d9a6ad56b3a8ab672ab0acf9001a0de630231301231d13e7182b13d71e3e14af023e139e073215c34d4810 pre_us=0 enc_us=494861 q_us=113 pkt_us=2
[PKT] seq=449 mode=L bytes=260 pkt=01020001f513ac8cf43ac78b0be7b48b04fbc28af0f9b68aedfdc18999b59c890a6ca688f50b0d08ec2736ff0a102500e52535ffe6072cffaa1a3bffe1f01cffaf4c2cff2131c0b01f2ec4aafa0ad0aa1414cca82315c7a75351d1a72555bda4424ebfa60bf2ec360d01b43917e0cb390df2ba3b17fcbb3df3c1be3dd3d0f23f1fdbd83ef8f45a5df207404a0d19444b0b0d434dfe21474ed3212f4ecb3c4850bf11414ef6ea1527df01f526e102ec27df0bef28c303f12899f1d628d2cbea2a9adbf12716eca3b13117b6af0107aeaf1215b0ae22fbabac5815abac4caea7aa6338abaaf4fc2c0edb2c3713f1122e140b143814de1e3715c0d34214abc62a15b82f2f11 pre_us=0 enc_us=494863 q_us=113 pkt_us=1
[PKT] seq=450 mode=L bytes=260 pkt=010200010e00d08add19db89ce32ca88c005b087a9e7aa86de45d186b4bc9c86cf5bb38500010708fa1135ffee1d25fff9f231fff7f921fe04463cfe390a20fef74b23fe182cd9ac1335bea61a3cada4244cbca13361c39f3a67b69f245da39d1c569f9d0afab13b24f7b13e35edd84016d9cc432bd9a24530a8ab4533ca01475cfbfa47f4f7466101f23f4e16094850020f5253ea2a5054d9044354020f59570dfa3a56fbeffb2a0deb0229f5e7092bf6d9fb2c07cbfc2d00c3f32d26ba072f12b4fa2d071196ad1f04adab360ea8a93dfb9fa65b009ea55033a3a411e29aa347209aa2fdf51c0ff5f92c1509202c16f3163617d7160617ee183317e0d42618f4fe1e14 pre_us=0 enc_us=494860 q_us=113 pkt_us=1
[PKT] seq=451 mode=L bytes=260 pkt=01020001fdf4ae8be30fbb8ad11eb689b5ffa588a803ac87eb3bc087abefa287b150998600f41308ee0c33ffd11b25ffde0821ffd91527fff1412ffe030b1bfecb4515fe1624ccae0b30b6a70337a7a62046bca3305bb5a22767a9a122639c9ffd5996a0f7fcdb391cfacf3c3d03f93e2005d24023e9d44222cddd4228e3124540e12544fe025d5ffb02504cf517504ecf205551c0215552ac1e4c52d0f85655cfeb5053fef71a290aee112800f41c2904f6012bf6e7042b00bb102b1dc0292d0eea2b2a0cfda0ae1a02b5ac2b18b1ab471ca1a9602ca2a7323ba8a72ae5a4a54c22a5a501013a0ef8093d14eb163e15de1a3416be013816c3154316cbef3017c5001113 pre_us=0 enc_us=494858 q_us=110 pkt_us=2
[PKT] seq=452 mode=L bytes=260 pkt=0102000104fab48de20fc38bc130ab8cc9ecac8ba21ca18ac760a98aa6ba9a89c63c9889fffa1108f41034ffcf271a00ec021900d71f1bff013c29ff1bfa11ffe64513ff192ccfb1132eb1ab1a4ba9ab2254a2a93068a5a83069b4a72d6d9da5115f9ea700f8d4361bf9ee381de0083925d40e3a04e60f3c1bcce13c27d42a3e34e9223dfafe5a5d01fc4d490610514ae811534cda114f4dd4f0524df2ef564ff1f34b4dfef418260ded162509e223260cd8212702d319280abe0f2726b52b2a16cf20260affa1b11bfac1b03d14bbb04914b1ae692bacad4e2cadad25c3abab4417adab0001300e01fe401326213014fe022514e2182514e3153c14faba1d15fded0f10 pre_us=0 enc_us=494857 q_us=113 pkt_us=1
[PKT] seq=453 mode=L bytes=260 pkt=01020001fdeea98dde15a98cc92eb38cb70da28ba4179f8bc448a18aabfa9b89b851988900ee0908ef102fffd2211700e70e2100d01c27ffeb3e26ff001322ffd73715ff1627b8b1113cadab184a9bab2555a5aa2b67a7a8326aaba82866a4a6fa499da8fefd143516f4073837f323381aeb0a3a21dc183b2bc7073b21d3213d39e2203cffff655cfe04554906015249ea14544be00b564cd4f9534ceef8534f09f2544cfdf0432604df3625f5ed3e2601e62327fae62427fac1252706c32a2900ec2c260dfbafb225fad4b04313ceb049febfaf652fb9ae5139b7ad3cdeb8ab3f16b7ac02003c0df9054513fe172e13f3223413d6213b14e7054513f1e53a15ef171c10 pre_us=0 enc_us=494854 q_us=111 pkt_us=2
[PKT] seq=454 mode=L bytes=260 pkt=010200010fffbb8b0512af89e820bc89c7e7a288ca15a487fd41b887bef49a86b33a968609fb1a08f2132affb13218ffd5151fffc32b29ffce4828fef3220ffedc3719fe1b20c1ad1c2bb1a61e469ea5244da3a22f54a2a12764a2a02667959e0b59969fddf5da3af2f6f43d15fe0a3ff6f50a42fdfefa4307d3ed44e3e12946e4081a45ff00596008ff514df40c524fe6135452de0b5c53be0a5353d1f85756d2e85755ecf21f29daed1328c1ff282ad7f51c2bb6f31a2cc6df1e2ce9bb362ee3db2f2b07f6a4ae1af7b5ab2c29aeab3500a3a85225aea6383eada524d5a5a43dffa9a3faff3f0ff9fd3f14ea283016da0a2116be123716c0373816cdf61e17b6eb1c13 pre_us=0 enc_us=494860 q_us=113 pkt_us=2
[PKT] seq=455 mode=L bytes=260 pkt=01020001fff2af8c1008a98b3d28a18b260aa08a301b9f8a4208a489dce99689273392880af4f608fa0d19ffeb251700181a19ff052115ffca1e28ff211e14ff0f3a28ff21389fb12d3c9daa29339faa41389ca852329ca75f689ca725689ca4365ca8a6c8002e36d90611391eed2039fb08213bf302283cf5d7073dc7c9233ff9c2283dfbf7645df6fb634ae9055b4bd2115a4cce005c4db417674dd10b5c50d5ef604eefdb5627e5ed4826dd003d27d9f63d28c0053f28c4044728feb53a2aebd726271200abb11cffd0af1614c6af1e0bc1ae3c36b5ac3e02c8ac11dac4aafde9c0aaeef4100efa0b2313021f2214d11e2114cb101c15f0163014b60f1b15db3f3211 pre_us=0 enc_us=494855 q_us=119 pkt_us=2
[PKT] seq=456 mode=L bytes=260 pkt=010200010df6b38cf913c38afa3ebc8abe17aa89c817a188ef22c688bae4a887db559e8704fe0908fb1831ffd32929ffdb0f2fffdb2725ffdb3d1fff0d0b0fff0d2820fe2024c4af2030b4a91917ada83537ada54b41bba4355faea326619ea1132ca7a3d7fcd538fefed53b3704f53c11fe023e150dde4014cccb40e9c40f421bde0341fe055b5ff70b484bf50a444de3204b4fd0164d50b6214550d8014e530bfd4251e7f11b28f2f00a27c2020928ceef1229b50bff2ac5dbf62ae5c5162cd3da05290b01a0af2403b6ad370db1ad49f5b8ab623fa7a93e31a0a92cdd9fa73cf4a3a7f9fa2b0eef123914d4193715cd033b15b0152e15b7182715b9ec1516d0ef1412 pre_us=0 enc_us=494861 q_us=112 pkt_us=2
[PKT] seq=457 mode=L bytes=260 pkt=01020001fef4d98acb1fef89d82fcb88b11ba887a924bd87d349cb86a3d1aa86a935a985fff41707eb0d40fedc1f2c00d61b26fed61842fcf3424002041b3100e12e19fe142bdaab093fc2a40b46aaa3175aa6a02069ba9d1069bb9f005fa79ee34e969d06f0cb3c31fee3424bf21a422ff203443af2f24b3bb4274a24fc1a473d161f47ffff435ff9f92f4afa01454ee1074d52d6fa3d50e1d748500bdd54551ce8525400f3052918e10e280ae633290de1222c0fcd2b2e0cb6412612b5282d0ac1422d0a019ead2402b5aa2a12b7a84401aaa65026b9a4262fa7a20bf5aba20225a5a200fb270bebfd220ff9121610ee231113db1ef90fe3f4040cfcac2b15f3ec1f10 pre_us=0 enc_us=494865 q_us=113 pkt_us=2
[PKT] seq=458 mode=L bytes=260 pkt=0102000100eef28aeb15d588db2fcb87ce06c186b939b585be4fb385c1cea385ba17b28400f31907f50f35ffeb0b37ffe6112ffeee0d35fe05282afe0f0915fe0af51dfd1730dea80839baa30a3caaa10d54a49e1368bd9c176daf9b084d999afd45909afef0b83f1bf8c24100fad34316e7da47f1ffb649f5ebcb4936150d4bfe10de4cff003161f9f6484ffbfd5553ed055256d0f15258cfce5957eb0b645aebf5695afdeff12b16e90b291de4172c1dcc172f15c0072f1dba0f2f38d8323138c9442f0dfa9aab1b0fa7a72a19afa63203a4a34d259ca1433299a11c2c999f154aa39e04f5220b06f531142b10411711003918e20d3c18f5d0261701c41e19fbf71315 pre_us=0 enc_us=494866 q_us=113 pkt_us=1
[PKT] seq=459 mode=L bytes=260 pkt=01020001ffef1a8bdc06ef88c53af386ba18c685b02fcb84cc59e584a4efa983af37ba8304ef24fdf00b3e02dc174400e7143cfee61049fa01344dfe1c081b01010d2bfa141fdf9e0d37e09a1c4ac8992359ba953069cc93355fe5912d5ea794144a9391f1f6ef4d1cf5ff4b36f8d84f2fe8ee4f33e2ba572fce2958260321544206045801081e5c01fc3a4a0f013951f00a4c57df044356e5dd3552f1df595a1bfa5e5cfef8e43510e8f72e02d8fc310fdcfd380fc8ec3705cde73a23bd263310cb3d3909f1b3a71b07b5a04011b19d4b049d9b611eaa994b25ad97380395974336a59602040a0cfefa19050f0d220c0711240de6141e10ecef1c04efb8010f0bec020d pre_us=0 enc_us=494858 q_us=113 pkt_us=1
[PKT] seq=460 mode=L bytes=260 pkt=01020001f4efbd8bd612bb8ae541b58ac41f9b88bc35a488cc5aa587a7df9c87be41a98601ef1708f01229ffda2228ffe6132bfff12127fff5491dff19130dffe52012fe162fceae0e3bb0a80f49a4a61c57b2a4295ba7a23066a7a2265d9ea0f65094a1fcf5d43922fae23c3df9f93d24eef0402bedf14134c2e64229fb144441070b43fd04545ff8014e4cfcfc564ee8005950ccfe5b52cae25852e8ea5a5408f25c5302ec112910e31627fbe02a2906eb0d2a0add1d2b0cc5122b22bb272d11ca452a11f5a1af260ab1ac2d1fb6ac3deca8a95321afa8462ea2a72af79ba62238b2a5fffe3f0ef2f73b14f8124315e81b3816ce0c3f16d7042f15e6b71d17f0ea2813 pre_us=0 enc_us=494862 q_us=112 pkt_us=2
[PKT] seq=461 mode=L bytes=260 pkt=01020001f3f30c94da11ea8bdf40de89ce11ce87c327c787dd540686a6b29785c653a38400ea25f4f3142704e2232a01f1123001ea253200f5441ffe25091503fd2e19fe172ff1970f38dd980f42b598214ebc95275dc7922e5eb4912c609b94fe3e9494f6f3fc4e1cf6f84243f8f84929f9014d2dfaee503fd00f512fd73e4d570f17530002235cf5fb3e4df9f94353e4073d58c2054258bcf52756e215565cf8fb4a5cfef0eb460eedf3350bea0d370be4f83b13e7fa3d07d0f8402dc82d3728c9333712f0dbab2604c0a42d1abda239fbb39f4528b09e3e29b19c26c99d9b291aab9afe041810f0fc1f01f219230ae911220ccf211b0cc413ef07ddd0fe10e1effe11 pre_us=0 enc_us=494857 q_us=110 pkt_us=2
[PKT] seq=462 mode=L bytes=260 pkt=01020001ffffcb8cdc15c58acf1fae8aaed9a389a0ec9b88e748b388aec79887a142958704f22208f70e31ffcf1f2affe2f623ffce0f2cffe73e33ff17ff0affdb290efe141eccaf0927b3a81140aaa72951ada53369b6a423669fa32e5997a1346196a3fcfed33824fdec3b40e8fa3c26f2fe3e21eee84044c8f3401fd92e4234ff2e41ff014f5ffbfb4a4bf713594de026594fcd166150befb6150df045c53d50a5251fef311280cef11270300252807e11b2900f0162a05dc2f2a17d3382c05c033290afaa9af1c03bbad3416c1ad4c09aaab6624a7a94c41bba93ce9aba7682caaa7fe05440eebfd4514fc2e3f15ecf83115dd133915d8103f15d7d81216caec0c12 pre_us=0 enc_us=494857 q_us=112 pkt_us=2
[PKT] seq=463 mode=L bytes=260 pkt=0102000106f8bb8ef10ab48dfd0aab8dda04a68dce1ea68ce703aa8cb1e9a28bd93f9e8b0503dd08000bf800f516f700080df900f61ef500012bfb001618fc00dd30f9ff1b2092b3202c91ad2b2e95ae3a3594ad595892ac576691ab296493a9576a95acf2f83b3405fe2a362bfc35361ff13837220c3b381edc3038ffe5343a48cd3b38fefe595bf6035247db174b47d7104a48aa034d499d175349c9094f4c9f1c4949f7f0542500e94924fd044624effb4125eafd452600de462518c24627f4cb40230bfcaeb32001c1b22c1eb8b34a05b4b2652aaeb14922bfb040dabaaf6a2ab4b0fffdfb0df601f612e318f812c408f512b709e813c7fdf113bf0bfc14b823f30f pre_us=0 enc_us=494859 q_us=112 pkt_us=2
[PKT] seq=464 mode=L bytes=260 pkt=0102000118f8ce8bf00edd8adb1ec089c503a488b7fead87c33ab787c2ffa786a663a28609021008f6073dffce2a34ffd32229ffd0133affe4232efe03171dfeb83916fe2225d5ad0e35b6a70d43b4a60b62b3a30574afa1fd67a1a1095c979fef7096a0e9ebbd39fffbcc3cf2e9e53ed8dc0641d8bedd42f9dfef4304fd1c45fde41244f80148600500414de8084a4fe3f45151cfe45b52cedb5b52ebef5855dfef5354e9f8fc2904e510281de8092917c4072b09b8172b0ec61e2b0ec9352d1fa7372bff079aae0af9b1ac1be8c2ab2ce0afa94c08aca74633b0a6360eaba54a1eaca4f5fe270f040d3e141f21421616fb3f1608e43e1608cc3b16f8b5361720f32b13 pre_us=0 enc_us=494866 q_us=113 pkt_us=1
[PKT] seq=465 mode=L bytes=260 pkt=0102000107f6ed8de107ed8ce031b989c42db888b442a487d031d58cb5c7b784c04ed383020223ed04092fffee292100e4283100da2723f60f252af5250c1e07d61734f80a18f0931123d88f033bd08ffd4fdf8b1570ef8822661586255cc68a0d76a78b11f7e6581f00034931df15531cdd045621e5066232ed2c552402de53500bbb630106255e05093654fc004058edfe3b5fd4dc2c5bccc93460e4e55c67dad5585f04f6e8451be6064527daf84720ceee4d1dabda5226c1d45f34c21345329f2645ff04c79d0d02d3a21d0bd19d2d12c99a522fd3933d30ee9a372694965564d19103fbfdfd0afa200020fd110a0afa310501e2eef2e8bb33fae89825020acdf706 pre_us=0 enc_us=494863 q_us=112 pkt_us=2
[PKT] seq=466 mode=L bytes=260 pkt=0102000109f6ee8ae1010c86da28fa85cfebbf84b90ede83d222e983bfc2d783c246c68201fb23f808034807dd153ffff71a32fce01f37fa030e31fb23fe41fcd20b6dfd0717f299061dd09a0d4ebb971350bc921c6bc6900e67cb8f215ee18f1175cc8f06f2e55220f5084a30f8f5500df2d0570df2c15b291cd35e2c03c45e4d08c45bfb06355c05063d4df0013156e8ef4a5bcee23d59c9dc3857e2e54c5acfd35e6109fddc3a1ded002b35c40c3526caf9392cb6eb3a33b8e73838d0f03a4da7353afe07aca20a08b19d1908ad9d230a9b98431d93953c4c90932c409192244fc1920805f80801fa3b0726f3281310bc0f1418c7f509eacde808e4b611091eea600c pre_us=0 enc_us=494866 q_us=112 pkt_us=2
[PKT] seq=467 mode=L bytes=260 pkt=0102000105f3b88ddff8ac8dc013ad8dadefa78cb111af8cdb2eb78caaefae8bc65aa38a0108df08f70ffa00db1afa00df1bf800dc16f400ef31f5ff18f9f400b450f9ff152593b30c3892ad0e4394ad2a5793ac306191ab37698fab336e8ea92b7191ab07ef393415f32e3636f934361bf53c3722f839382fd92a3809dd333b57cb3438fefd5b5bf5074f47ee0b4c48c7164a49b7184d4aaf16534acdf0534cc2e54f49fcf054250ae2452406f2452509e84425f9dd4c260ac84e2622b54d28ffd7462406fcafb314eabdb23e19b9b24110b3b16140b6b04137c5b042ebbaae6738b8afff00fc0dea08f612dc22f813d70ff313bc0af313dc22fc13d2f5f514da16ef0f pre_us=0 enc_us=494864 q_us=112 pkt_us=2
[PKT] seq=468 mode=L bytes=260 pkt=010200010a07ac8de30fb08bce0fa18cc7ea9e8baa1b9a8ad422b18abe00a089b23a9589f7061008ff0a31ffd61f0e00e01e1500cf2c16ff06303fff220824ffb3331cff181eb9b10e21adab1544a9ab2749a1a93e5caea83c6db9a72d66a2a52e6ca3a70cfb0736190a073846f319393cef1f3a2ffa063c35dbe43c04d8193e5ec5183dfd01625df7154d49ec224a4ad325514cbc1c4f4da411494dc0ff5950d212544dfaf7392605e430260be22b2600f52627f1e9162806c30a2826b9312a07dc1f260a0cb0b115eaceb0361ab6b03d1ab4ae622aa5ad451cb1ac2aeeb8ab6810b3ab0409440ee5084c13f2212414d4102214bd1d2114b6184814c4e13815de012410 pre_us=0 enc_us=494860 q_us=113 pkt_us=2
[PKT] seq=469 mode=L bytes=260 pkt=010200011affac8c0813a78be3069e8bdceaa78afd0b9d89effd9c89b8b99b88e63a9187f4060108051a27ffff2010ffef081fffdf3d1cffe24c2bfffa1610ffcd4507fe1c20aab01919a3a93340a2a94d449ba75a5ca0a54b5fa6a52d6b96a33e6097a4f3fa1c37fa040c3aea0b1d3b0406153d09fc173efee61b3fd0ee32411ccf3440fdfd635ef412574ae40e554cd7185e4ead225c4fb031524fc9185651b9195250e9f54627f7f03226e5f63027d4033a29cf073129e7e33029f9ad3e2bcce83728040daeb012f5d0ae3e12b6ae5207c9ac5937bcab3e2cbaaa2ec3b7a86723aca90804320ef60b3f13d6191b14d50a2d15c8252f15de244514db0f2016ba320111 pre_us=0 enc_us=494859 q_us=111 pkt_us=2
[PKT] seq=470 mode=L bytes=260 pkt=010200010bfda68bee0ba589e323a289c6069d88bdfb9787dc169b87bde89e86d1559d86feea1b08f80f31ffc7321cffd02917ffc11615ffe33e2cfefe1623fead4516fe1118b9ad0e28aaa71d339ca5223999a245639fa12b699fa0296c979e1c6a929fe8050b3af9f70e3d1309253ff411224112e01443fbc91244d9e01f462d0e2645050366600602574df913554ff1255652c8185d53bd166053d4005d55bcf55855ebf24229f9e83628c9ff372ad0e9362bcbe0312cddcd312cefb93f2ed0cd432b03f6b1ae11f8d6ac3314beab2d23b2a85a2ba6a64235b7a63603b3a45543b7a4010d4e0ffdfa4f14e2193516dc063416cbfe2c16c7144b16d2e64417b6fe2f13 pre_us=0 enc_us=494862 q_us=113 pkt_us=1
[PKT] seq=471 mode=L bytes=260 pkt=0102000101f6bb8ada0eb988bf1dad88b527a286b73ba886cc4bb185c00eab85ba5fb08503fb1a08f40634ffeb0e22ffe61e25ffe42524fe042f36fe18052bfec32c28fd0f1dc5ab0f2ea9a4254a9ca2225aa29f356aa59d3d6ea59d23689c9b2470969bfeefd13c1c03e63f23fc184220ebfa4527cfde471ed3d8482006014a501bef4a080657620503564f0efc585200055955e3075a56e2d75c56dedf605910006058faf50e2b0ce8212904d5362cfdd8212efebe1e2eedbc192e1ab23330fda44e2e0af89eac1dfbb3a934f2bda84f1aa5a55f2e9da3503ca5a2332ea0a15555afa002f83b0ffaf744150ff54317f4103b18e4063618e1de4517dbbb43191de94615 pre_us=0 enc_us=494860 q_us=113 pkt_us=1
[PKT] seq=472 mode=L bytes=260 pkt=01020001fdf7a78aed0f9e89d01da488c0079a87c32e9a86e52e9f86db119f85c172958505ec2708fd0c30ffe21628ffe21a2cffde262efe042d26fe26212ffed53c29fd1322bbac152eaea51e449da32455a2a038679d9f41709a9e2968969c1971969dedf6123b0b000d3e25f9114103e508440cda10460fba054611dd0f4857ff1048050c60610203584e00f35b51e5085f54c4096155bdf76855d1df6757f5dc6457f7ed3f2af9e22f29f1e5342bf1e72d2dd9d73c2deaba432d0fb6462fffa7402d0bf0b3ad1cf8c9aa2f00bfa93d17b1a6591fb3a43c3db7a31d1dbaa2551fbba1fb0b590ff2fb4b15edfe4517db064a17b6174b17ce044217cbd04e18cf054614 pre_us=0 enc_us=494868 q_us=112 pkt_us=2
[PKT] seq=473 mode=L bytes=260 pkt=01020001140d938ff53b8d8fe0348f90ba138f90a82b8f90ed5c8c90b5e38a8ead5d8a8f032bfe08eb3b0700bc4d0700cd330800b9460801d1640500013d0300cb5606001d0cb1b61132b1b11a4bb1b32352b0b3346bb0b2266ab0b22460b0af2a6ab2b3e0fa3f3105213f330bf83e31f8f93e31fdf040321ece4332e8f04534031f4331fc1b4459ff172a4406292943ec2b2b43d4282c44c7fe2644e40c2a47d8022342e3d61c23e2cd0e22cad21322e1ca1522cbc61323c7b60c22f7b80724d1ad032004c3afb617d5a7b531f1a9b743d4a9b767feaab7481ba5b62ac0a1b562f69eb7f7ed060ceb06ff11fb1c0111e70b0011c60e0312cd04fb11dfc5f912bad8ee0d pre_us=0 enc_us=494865 q_us=112 pkt_us=2
[PKT] seq=474 mode=L bytes=260 pkt=010200010c049b901417968f2dec99913cef9591340d9392350f9a91ecb690903dcc90900722f908fd340400e83d0301fa3a030109480101b84c0301bf3d0601b36002002511a8b73630a8b2452aa7b4501cacb5663aaeb46257a6b43853acb26156b2b6d0034130cf1c3a32c624373002f1352fbef53c30e00e3730a0073b32a2d7372efb164758f0233143e4433442e0423442c32b3142bb2a3842ce3e3645ad473440e7d82f22e2e12822d2f02b21b9f92321aee42122bbe12d21edd51d23b7f81b1e0dcbb6b719fcafb60dfeb2b93cf0b2b94905aeb9410bbab9febbaeb73800b1b9f6e60b0cea180210f52e0411d8190310bd1fff11f0fe041001fc0111e132fe0d pre_us=0 enc_us=494866 q_us=113 pkt_us=1
[PKT] seq=475 mode=L bytes=260 pkt=01020001090594941ffc9294501298993cea9c9c4cd69e9e51e29d9dded79b9b5e209e9e0a0d0608fb350401ff2b02021125020231130303d41a0303e3190303cd46020227f9bbbe36fabbba3fcebfc052dfc3c36516c3c46416c3c43314c1c16906c8c9c5cc2e2ad1c62d2be2ba2726adca2323a9ed2423edb92323a5d32525b9c11f1ffd1b5052fa233a3df5233739dd283637c3173637ed3f3637d9373a3ab53b3232e7f1191ecffa191eaa0e1b1bab061a1a9bf01b1b930b1a1acff31c1c8e3116160da4bcbd1abebabd26d9c1c22cbfc5c637b5c7c762c5c6c73bb6c4c55d31cacaee15060bea260b0ee2150b0eba0d0d0d9a330e0fd11e0d0ed8210e0eb13a0909 pre_us=0 enc_us=494864 q_us=112 pkt_us=2
[PKT] seq=476 mode=L bytes=260 pkt=01020001fff4b18b0a17be891508b689f9f0a088f81a9a87fb15b087dbf3b486233f9e8607f70e08011231fff42121fff02228ff022725fff4453efe10322ffee84c29fe1826bead271fb9a73520b3a54c3eaea35d40c3a15f67c9a12e5fa59f4a52b19fd7fbdb3aeb04c03d0905f43e14ebf941060fbf43f2e7bc43cae5fa4534bbef4501035f60ff0b494df32e3d4fdf235252b8215653a5363653d11b4655bd194354f0ec2529e8f10528e9ee022ad904112bc504f72cd6cbe82bf5c3142ed4dcf22b0df4a4ae1e00b3ac23f0a4ab4f0aa8a85e2aa2a6522ca1a621efa3a44e0aa0a4f8fd300ff20d3a14fc183116dc1f3a16b7123016c6034216d60b3917cc312413 pre_us=0 enc_us=494857 q_us=111 pkt_us=2
[PKT] seq=477 mode=L bytes=260 pkt=01020001fd06aa911e189d9042ff979250ed969353099b9324389992e404979142dc95920a17e908f62a0200fe370601182a000111340301e7230301ea490401d55a000121149db83719a3b34a0baeb65910afb76422acb76729abb6373eaab45e4ab2b9c50a442fc8ff2c30c80e352ecef5372dc5ea322ee410352eb8e03230d6dd332cfc094957fa213d42ed2b3640dd283740cc0e3b41e10f3940e1353d43b43f363eebda4621d4ef3421c2092120a5fc22209aed2c219cf92920dae82922ac05201d12e3b5b811e7beb707e2b5ba36d7b5bb42e1babb6cd6b9bb24e5b8b94812b6bceae30c0ced160210e2200310bc190110b2320611c0020010d8290311c750fe0c pre_us=0 enc_us=494857 q_us=113 pkt_us=2
[PKT] seq=478 mode=L bytes=260 pkt=010200011af3b68f190fa88effef9b8f19e39a8f452f988e1c2c998ed0fe978d2621938dfc12e608fc180000ee2a0100f7210100dd370000c33bfe00d5280400ca4e02ff272d96b5222198af3f17a1b05512a1b06037a1af54519daf2d579cac4c5fa4b0dcf43d32d4122c34c9de3633da133533e2ee3a34dd093f35a9f53837d2c33934fb08555afb154846f63f4345de3d4346c6113f46cb1a3d46d9304349c92f3d45e4e14f24e2f24123d4053223bf0e36239bef3524b3da3724eac73726a7e82d2105f3b4b507fabeb43eebb7b548e8b8b54e08b2b4531ab2b426dbb3b2601ab0b300fe060df526fe11e90c0012d6ff0511c30b0112ecf1fb12e6050413c648fc0e pre_us=0 enc_us=494856 q_us=110 pkt_us=2
[PKT] seq=479 mode=L bytes=260 pkt=010200010900a98f141a9f8e20099e8f05fc9d8f1f24a38f0902a48ef8f5a08d3c1f978d0f18de08ff26fa00f722fd00f725f9000438fa00f244f5001e2af800ee3eff00201e98b5322d9bb0402f9db1553b9db1663d9ab05f5d98b01e3f98ad48429fb1d7064a32e50837340e03343314073c33f4173634ef093b34ecf9343630b63833fb104959f9133b45e5243d45d4273c45ac203f46ac2c3e46d9244449d5123e45ead34e23dfe14023d9f23a23cff53b23b6093f24cfe5402301d54525cbec302110ecabb521ffb1b42bf0b6b65508b2b55731b5b54d2cb5b40a00b6b32a06b2b4ede3070dee06fa11ea16f911d20ff611b318f712c611f511dd1aff12e60ff50e pre_us=0 enc_us=494858 q_us=112 pkt_us=2
[PKT] seq=480 mode=L bytes=260 pkt=010200011204bc8d0a00b08c2e12aa8c0305a88b1dffa58a3e0bad8af1dc9e892156958906fef008030a02ffe81ffd000d06f600e517fcffc130f3fff024fdfff348fdff1a1b98b12f2893ab362b94ab493292a9614b91a853658ea8236290a6386394a8def93136c7ff2b3809123038db11373adaef393bece73a3cc5be393edfc6413c00f9605d01015549e31d4f4ae020514bd223514cb51c514ce114514fdde44b4cecf35726d9ee4825ce074726c8f14b27acfb4628c4d75127fcc84929ccc13e260104b7b11cfec7b02819bcb0461eb6af5d26b5ae3e31b7ad0ee0b2ab3801acacfe070f0df1040313eb24ff13c013f814c413fa14f70afa14ed0cfa15d61ff110 pre_us=0 enc_us=494863 q_us=113 pkt_us=1
[PKT] seq=481 mode=L bytes=260 pkt=0102000102f8ac8cdf18c38bbc12c08bb12ba58aa931a78aba33bf89db14a688b159998806070308f70638ffcb342900e33120ffcd312eff003834ff272311ffd4321dfe1b29bdb01438b9aa1d40b6aa1e4cbea8466ac5a73b6cc0a62a549fa42b57a5a6eeeae43618f5d83937f4ef3a2deae33c27deca3d1dc3c03d2cd5153f42f00e3efb025e5d0203454a041c404bec1f3f4dd5183f4ecf15344ee3024b5000f7464efaed2527fee9ff26fa02022704e6f328f1e5e62907c2e4281eda1f2afcd912270a05a4b125ddbaaf481bb9af5b14a7ad6f2ea6ac5a31a4ab2312a5aa5efeacaafbf6220ef1143d130d2a3514f50c2814de202e15dd033714ebeb2315ee031911 pre_us=0 enc_us=494864 q_us=112 pkt_us=2
[PKT] seq=482 mode=L bytes=260 pkt=010200010ffab98e0513a68d071a9e8ed4fc988de4069d8df9f6a18ce8de9a8b151c948b0802000810110c00e8340a00f82e0300f01f0800ed4a110018330300d64201ff22299eb3252f9dae2724a1ae363a9fad60549dac56699eac1d5799aa31599cadd6f02a34eeff20361ee72d35f0f43b361eed3437fecb2a37ded737391faf3a37fc03615bf10e4f47db264a47c91e4448a9314849a52a4a49d6144c4cd80e4948eced5425ece83d24e5033524e0e93625ceeb3826e2d7352504ca3d27c9df342307f6c4b324e5cab23702c0b33ef7afb26515b7b24125beb111dab4af40ffafb0f906230de41d1512df270f12bd0cff12b90c0913cc0a1112e11e0013d234f10f pre_us=0 enc_us=494859 q_us=112 pkt_us=2
[PKT] seq=483 mode=L bytes=260 pkt=0102000100f8a68cdf18b28bd418a78bc4fea48ab603a789c60eb789c7eca788c8549d8801fb1e08ff0d40ffde2d1500f80012ffe60a31ffed382eff0b2e1fffca3f15fe172dc5b01531aeaa1933a3aa2844a0a8455fada63471a5a6166a9ba40d6e98a5f9e501371b05fd3941fa1c3a2ae90d3c30d5ed3d1ecbf73e20cd204049be213efafd625df106514adf23524bcf20584db21d574ea520544ecf045551dbea524e01f4302712e2322616062f2712ea2f2809ed142925c2242837c03d2a1cbd32270902acb11aedd4af3b15ceaf4115baad661ebcac3d30baab10f7bba94117b8aafffb490eed135213e9382d14deff2b14c6034415d2154814e60b3e15dc182011 pre_us=0 enc_us=494863 q_us=113 pkt_us=2
[PKT] seq=484 mode=L bytes=260 pkt=01020001fffdba8cdd11ca8bc606b98bace2af8aa9f5a089ef3ed989acc79c889f42a38805f51608f70e32ffc62a1100d61810ffce2d1effe14c28ff10120dffc24c24fe1623c8b00d2bb6aa083fa0a91d56aaa72a5dc0a62364aca6305f9ea42360aba5fbfcd13725fad13951f8233a3bf4033c2df4d13d3bd5c53e13d71f403f01003ffafa5b5efa01464aec23474bd11b4a4dc229584eb41d424ed3ff5051c5f73d4f01f71d270eef0a260af92b270ae91b28fd040129fac801281ad21f2b0beafb270afaa7b01efdbdaf3316b3af441fa2ad5f2fa7ab3f45aaab2ed7a6a9621aa3a9fc03350eec023f13ee1e2714e40c0e14cc301f15cd2c3414d5ed0c15bdee1c11 pre_us=0 enc_us=494866 q_us=113 pkt_us=1
[PKT] seq=485 mode=L bytes=260 pkt=0102000101faa490de189d90c91d9b92b6179692aa2f9a92c2379b92b1dd9390aa4594910128e808ff28ff00d1330301d32a0101d0410201e24c00011c120201b460010025219eb8162aa0b31e35a7b5384facb6375ba9b53a6aa6b52965a8b3306baeb7e8eb452f1317343125072f2f15e73c2e2bf1372f2ac9382f12d1393152d1382df5134a57fa163b43f02d3841df233141cb263542cb163441f0173b44f802333ff2e64022fadd3321eaf82f20dfe22420daeb2921f0d62d2107be2222caeb1e1e07f8aeb723e9b8b743febbb95afbb4ba6c2bb6ba5730b2ba37b4b0b86e1ab3baf403fd0ce31bfb10e81c0310ebf70010b60a0311df11fa10df12fa11ce3efa0c pre_us=0 enc_us=494864 q_us=113 pkt_us=1
[PKT] seq=486 mode=L bytes=260 pkt=0102000107f1b18bde10bc8abb12ac89a810af88ac23b087c33bd587a5d3a3879061a286f5081908fa1431ffe31727ffd12227ffcb2c20fff33632fe25021dfeaa452bfe1722ccae0a36b1a7224cb8a61855b3a33e69b1a2306baca22e66a0a02e74a7a00be5d6391ef9d23c1f01e33e1de7d24023e0c3422ccdbd4221ef074452f4eb44050a5a5f07074c4cfe0f4a4e05085051d90f5452e0133952def4555409f04e53f4f5102907e41228f6eafe29f2f0012bf9d9002b03bdf82b1db3232de5b0072a0c0ca1ae1afdb3ac41f9a8ac5414a4a9682da3a7563ea5a73bf1a2a56f28a2a508003b0ef7103a14071d2f15f71e3116eb072a16eb043916dab82f1705f33013 pre_us=0 enc_us=494860 q_us=112 pkt_us=2
[PKT] seq=487 mode=L bytes=260 pkt=01020001fef8a990db199d8fc7fe9691c2fea091c7399f91ea459c90afd3988fe2499790ed23e10801280100dc290200fb14fd01fe2c0101d64601010b270000c552000027249bb70b1d9fb2261fabb42c2ea1b45755a1b4585da1b32c6aa1b15266a6b5faf84630190b2f3240fd393031ef34302a0439301f033831d8f43e3233e6352ffc144958f8213e44ee393342d6303a42b60f3a43a6143843cc143a46b6133641f7e049220de43822fdfa2821e4f43821c8de3422c9e53221f2b12f23a2e9281f0df9aeb61ce5bcb637e6b1b853fdb9b96c18b7b85e36b4b837cdafb66c26b1b80bfc050cde1a0110e709ff11bdf8fd10aa00fe12c2fcf911bbfdf911a241f60d pre_us=0 enc_us=494860 q_us=110 pkt_us=2
[PKT] seq=488 mode=L bytes=260 pkt=010200012bfcac8f1812a58ef7179d901dfc9d901429a08f3a22b08fc5ae9c8e47ee978eeb14ef080e210900ff26070010170400111f0800f2230f0017170500145303002f309eb61f1e9db03914a5b25123a4b2652aa1b1603c9cb12b539eae5c56a5b2f5f43a31ea101f33f9122e3211e53332f419303314eb2333ccf0363514d23032f4f95559e6134e45e31d4544cc2b4444bff84645b2ff4f45e6274748a12e4443d0ec4823f4f63823e0fa3222c7f73422b10a3423c9003e2308ca3325b2ee2b200808adb507f5c9b539fbbdb640f6bab65b0ab8b63b0fcdb511c1b9b44df7b6b60100040de5290611d3120b11c6030811aa010012ded71811c1fefd129b56fd0e pre_us=0 enc_us=494855 q_us=112 pkt_us=2
[PKT] seq=489 mode=L bytes=260 pkt=0102000100e4b48de20ab08cc615a48cb204a38baa1ba08bc53e9f8aafd89e8aae5e9589fefffc08f90d0effd91e0200e4210900d90f0600fc3618ff230809ffc74406ff1d2b9eb2093696ac174899ac274f98aa456898a938729ba9316a96a6296b97a900ee2f3512fe203833e727382de2273925eb2b3a1fbb1e3b11e62d3d52f1363b01fe645cfe035a4901104f49f50d534bcb0b534cd0ed5e4cd8f65a4eeee34e4cfaee57260ce64d2503f04226fae83f26f6c84327f7c0442724b1452906c43b250f09b8b218fbd0b03f13bcb14c13b9af671fb3ae5f2eb7ae3aecbbac6413b0ad05f41b0df50b191205190513f5120a13e10a0814ddf91c13e3b31115edeafd10 pre_us=0 enc_us=494855 q_us=111 pkt_us=1
[PKT] seq=490 mode=L bytes=260 pkt=010200010601b48be713d189c5f1a989bdf7ad87b309a587d32bd986a8cea6869e5da185f2061608fe0b3effe4fa22ffe2303dffd32c27feea3e39fe28f91cfec14d27fe151dd4ad0916b0a62b50d1a40f48c0a23865c6a0306ba9a02d5f9c9e206baf9e02eecb3a250bd73d2ff4c93f24d8cf4226edb1442abfb24522eb0c4752fecb4607fd5860010e454de6154c50e51d4753bf235254b8224954dc025a56dbf04355f3ff0c2a0bf41628ffe6f12af7f1e32cf4edf32c04c4052c23c0232e08c4ed2c0a139ead16ffbaab3deaa8aa3d1ea2a7613699a54d43a8a541e9a3a367189fa307063a0ff00d4615f5fb3216d5074a17c7223317d91a4116d9c83118ceec2214 pre_us=0 enc_us=494863 q_us=112 pkt_us=2
[PKT] seq=491 mode=L bytes=260 pkt=010200010df4b08cdf0eaf8bea14a78cc504b38ba419b28ad12eb88ab5dbab89ac539f88f9ffff08000712ffdd2a0700c4080a00ca1a04fff22209ff1bfa06ffb84701ff182da1b1033297ab0a3699aa234993a92c6b90a72c7590a70f6c90a5f07690a704f32e361209143937e42a39270b1f3bfded293c1ed6133c08cd283f3fd4303d01ee665d00fc6049f815524ae30d5b4cbc09594dc0f2604df3e65e50eecb554df3f4562601e24f260dfc4326f0f54d2704c45428ffaa592829af552a0ab04c26080eb0b10ffcd4af201cbfb0483dc4ae5a31c1ad4d45c7ac1b0fbaaa4113b8ab05f9170ee4031e130d270d14f2190c14dbf40a14e0ff0f14f7c30a15d403fd10 pre_us=0 enc_us=494858 q_us=113 pkt_us=2
[PKT] seq=492 mode=L bytes=260 pkt=01020001feeeaa8cdf16b58ac722b28abc13a089a41aa089e636be88a7e89e88a262a187ff020908f61424ffcc2323ffcd2d29ffbf2c25ffe84033ff1f0215ffba4515fe1329b7af0428a9a9053aa6a81552afa63565b2a52069aea42d68a0a20a7097a3fde6f2381e02f23a4400013b1ae6f73d36ede33f3ac0e53f13e019425aea1240fe01635efc08524bf4114f4cdc19534fd2125750bf0e4b50d5ec5952dce1575000f42d280dec1a2705fb2128f9ec1629efe9102a02c50a291bb1342b0bc1372809ffa8b019fcbaae330dbaae3c1eb2ab6732a8aa4434a7a936f1a9a85e32b4a802f9290eed0f3414f11f3715f30d3b15d41d3615d6094715d1bc3c16c6ea2d12 pre_us=0 enc_us=494859 q_us=113 pkt_us=2
[PKT] seq=493 mode=L bytes=260 pkt=0102000108f8ac8ee625a58dbe069a8eac06a08ea424a18ecc3ea18db1dd9e8ca633918c0105ee08f8fa2000c92e1600de0d1100c22d1800f539290016f50d00b52e27ff1e28a0b40826a7af123dafb0213aa4af4563a5ae3b69adae314fa1ab2055c1af01fc2e33201501353cec26343320183421f620352ddf09361b012d3856eb0e35f9f75e5af5006146e8295346d5075546b30c5b47a8026047ce1c524ad9045a46f6ea4b2406fc3a2308012423f90b3324edf7352502e636241fd13826022514220e08a9b411e7d5b33a08c9b45024c1b46c39c0b35428d0b340ddcab16420b5b2fdee040de4212a11ef2d1d12d2060e12cd061f13c2293112d9dc1a13d423240e pre_us=0 enc_us=494865 q_us=112 pkt_us=2
[PKT] seq=494 mode=L bytes=260 pkt=0102000106f4a88de329aa8ccd1c9f8cb3f0a18baf0f9c8bc73a9e8aacda9f8aaf599b89fd050208fc1135ffcf321a00e50b1100d4212600e84026ff100f19ffba4012ff182ab2b2ff1baaac0338abac2b47a2aa3f60aba93069afa9316b9ea6046c9ba9fee818352102ff3837f71e382807123925ed153a25e3053b0fcb273d57d6213bfefa635cf7085749e4184b49d519544bb927504ca21a544cbb09564ecfec534cfdf23f2610ec2e2509f92326f2ed2c26ece0222707dc2c2720bc2e290dd52b250806acb20cdadeb02816c4b1430ab5af6324b6ae533eb9ae3edebcac6031b5ad05f2320de7184a12e4272c13d9fa2913c5004114b8294313cadd3415cb171510 pre_us=0 enc_us=494867 q_us=113 pkt_us=1
[PKT] seq=495 mode=L bytes=260 pkt=0102000106f9c68ad522e589bc2ab988c31abd87a514a687cc55ce86c0eca386a7489c8500f71308ef0d3dffe11918fff01127ffc61928fef94135fe1c2f1efed9300dfe1526d5ac1531b7a51f3da2a42150a4a13b6ec59f3462ad9e27429f9d2562949e00f5c03b2f02d33f28f7054016e7f04318d2cf462ec6cc461c0e0647371a2647fc014e6002fa3a4d110c5350eb0e4d53e80c4d53ddeb4c53e5f25556dff84d56fdf60b2915e30b290bec2d2a0cdc1e2cf4e0f72dfdd0062d24df162e1cb63f2c08fe9dad22fdb3aa4009b8a94d15aaa76d2497a55741a4a3270a9da25816a2a20103210d00fb32121e182815030b2816f6171514f0ee2d12ebad2817ecd42113 pre_us=0 enc_us=494863 q_us=112 pkt_us=2
[PKT] seq=496 mode=L bytes=260 pkt=0102000101f3fe8ad723ed88c420c487c21ec986a329b285c556dd85b0c6a9849f30b78400fa28fff0074602e91a2e00f30c36fed3153bf901343600280b20fdd20c16fc1427e2a31139e09e1939b59e1752b79b336ed4973363b3972659a4981770919703eadb4b2a02f64925f1094626d9d34928dccc543ac7f64b24fbed4e39f80b4ffe012c5a03f93c450ffb504ef2104a55e9024551d7de4f54e9ff5b5af1ed5e5a01f7e42814e7f12c0ef3122d13d6113207d2e5340dc8033430c51c3221a943330801aaa520febca137ffbba24810aaa16914a29d512e9f9c2c0c959d562fa29c02f71505fe092a07210f2a0d04172211f31c0510ede81207f1b40d16fde50311 pre_us=0 enc_us=494861 q_us=113 pkt_us=1
[PKT] seq=497 mode=L bytes=260 pkt=0102000102f51393eb0af890ca2bc38bce11ca87b923b686e435db8ac2cea284ae32b98403f920edf8031cfbe1161c06e9132fffdd3127fc001e1ffd19091704fdfb20060e1bf6910a26fa8e104acd8f075cce8c0c70da8b0b61ea881152bd8c166b928c03f2035526f8eb4a07eae74a1fd8f55726d3155c220f344f2c01f45730f50f55fd06105ffc052752f3fd465eeff43c5dcfdf2b5ac6e22b61e4015862dde3686606fce84e1fe9e64a2cc9044426b9f14c35a4f24b2fbae95b3bca13423da7534702fcdaa3150de1a112fcc0a22308b79b3a11b294324abd9f0b129d96241fc397020401080ff80cf81ef41f0a11e90c0c00c8e5faf7c81706e2c60205eef62712 pre_us=0 enc_us=494863 q_us=113 pkt_us=1
[PKT] seq=498 mode=L bytes=260 pkt=01020001faf4d08ad31ce089c42cc788b210bb87a720b186c63eb686a6d99a86a44ca685fcf91306ec0c3effdd1f31ffe50f20ffd3222cfdfc3629001b0215fdd81908fe142ed7ab0e3bbfa4153eafa41f5b9da1336eb89f2e64b09e265d9b9e1c68919efeefc03d25fcdf403af8f8402fe2f84334ddcb4739bff34715ee194740ef2147fd00465f00f23f4b09014d4fee0c5552df0e4c53e2f05652eafc5c56e90c545603f0002a0feb0e2901ee1c2a0fe22f2c02d70a2d07d0152c1dc0262e11b0492c09fc9cad23fab1a93f0ebba95315b4a76926a0a54d269fa338dc9da25a25a6a203f9190cf802320e07193c14f91b1f16e3231414f4fe1c10e7d21817e9f91413 pre_us=0 enc_us=494857 q_us=113 pkt_us=2
[PKT] seq=499 mode=L bytes=260 pkt=01020001fff2c48adf1feb89d213cc88d3efb287ab0bc086e42b0086cae4ae86b555ac85feec1808f10e26ffe81814ffef1117ffd61b30fe012306fe1f171cfec65409fe1b31cbac0b39b4a51341a3a32250c3a03369b09f3261a29e2448989c0553959dfbf1b63b19ffa83e33f6db4126f7ad4422d4b4462bbea9461bdbf648550afd48fcff5261f9fb414ef8004b51da274a54d0284b55c5133455e0ff5857f8f33b57fef4112a08e9032904f9172b0deff52dfcda032dfccdf22d25e31c2f18cdfc2d0efda1ad230ca9aa31169ea9421c95a6652ba1a43e2697a311f5a1a23a1392a102041c0fee060b15f41a0217f032fa17c92d1517db19f217ead7f318e1ebd814 pre_us=0 enc_us=494856 q_us=111 pkt_us=1
[PKT] seq=500 mode=A bytes=260 pkt=010200011a149293294f8f920e2090960340929805d79299fe269498cc0f92974e6694990d160708f2460e011c420b01160b1002f25b0b0223540802322e05021e4e0d023d27bbbc2630bdb71629c1bc1d49c6be2f5fc6be5923c1be5838bfbc6301c9c2c5c02f2cfabb322dc9b9312ac1b52827cbcc2e27c8e92d27e9ba332945d12424edfd505405d93f3f07f43a3c1bd2403a07023a3bce14373bcd18373ec4f53737cffe161fd9f90c1fe6eb091dcbd2051cd1d8061dba2d101dc503131fa52407191ca5bebb17c3c0bbf8b7c0bffb9bcac11cb6c1c26bf2c3c265c7bdc06a00c7c4e2fc060b020a0e0fed140d0fe9090f0ef1501010ad370c0f9f090c0fb93b0a0a pre_us=87734 enc_us=494695 q_us=115 pkt_us=2
[PKT] seq=501 mode=A bytes=260 pkt=0102000101e0f28bf7061a88e0e2e387c4b8fa86baeb0e85d94ad385a1d0b785cb410e84f8ea1ffdf7fe4c020aec4b0718e23d020f1552fecb1a4bfd11f92bffe00552fd1f3efda2f8291a9d0313209df918e79afe1cbf980d59da98fe4fb997f24c9997f7eed44d2002f14f2c1eda4b0c21d04f0422b64f3cf7b64ffa23cc4c421d054ef4fb2f570aeb373c030c46450ffe464e0f014652fef129531606585af70e3e5a03ebde2a19f9d3262806de2512e2fd2e10ba20332bbcf43011bd1e341bb842320a09a8a5043dd39e0135ae9e1148b29d0f38bb9d2216a09c1e09949d2845c69d07000108130118031c023c060ad4250908a52e0c34e8340f0ec12b12edee5313 pre_us=87702 enc_us=494690 q_us=113 pkt_us=2
[PKT] seq=502 mode=A bytes=260 pkt=01020001c2c4e5acc5da43cfd5ca0caedca501b1f29d469e15b63092d78afc94f68f5d891beeef1524db1f4117dd1c1d25d428331dc8ff28069059210fce0d16239c4f18d43837c0c40f2fafc21a1b9ac50f2095d3153692fd274a94af1a2a8bd5283892e5f306ded11707ccc5161f13b624f500ad25e11093250d2ad3214239974c0d394debfb614cf3fc4740f8f75c3afcfb5e29f7ec5b13c1ff5954d50c602bc0fc5709d9eb2602fbe717f9e8de33f3ece63ff1eed33dc9ce13260beffc46cfeefb34bc11f09dba012ab1aff409a9b3f317b1b70acfaccb54399d9a2bcaabb13b339d24ebe43c311e01492c15ce441e05bf5405f8cd40ee05ea2418bcbe21f8c6ee0e pre_us=87704 enc_us=494686 q_us=113 pkt_us=2
[PKT] seq=503 mode=A bytes=260 pkt=01020001f4f9ab8df730a58ce505a38cde0d9e8bc2539e8bb92c9f8a9a30a78aba669b89fdf60808ef1b38ff0d201a000a223700f7f32e009e3c20fff7f410ffbb3517ff2036b3b20138b5ac0a2eacac0a3eb9aa0e53aca94364a4a91c2b95a7314ba0a9eff411352bec0037120121380de7fe390cdd0f3a45f51e3bfc432b3d41f8153b00f1675c0cf957480702504911e4524a15ff554cdd10514bdbfa524edb084e4bf2ed452609e137250cda4225f8e73626ecbd2327c9fb2a2705de452900e630251c04b7b2182ad0b00a26b5b109fabeb02bcac3af613cbbae5207c0ac5c37c4adfcf73c0d09f5521201d3481303bc4e13ebfe4514f6213413d4cb2314011b2010 pre_us=87696 enc_us=494691 q_us=115 pkt_us=2
[PKT] seq=504 mode=A bytes=260 pkt=0102000104f3da8b0522d68ae5fdb88adae4de88c639ba88d928a587a4e0aa87cf50a986fcf21008ef1934ffef1719ff031b36fff12533ff9e4820fff4ff0fffbb3a17fe2730d2ae0338c3a80520baa60318a8a41548aba32d66aea2263f93a01b4e95a1eefab9391501b23c0b0aca3d00fdbd4015fffb414ffcef42163f22444dfb0d43f4f7455f05f3404c0cf8524efe024950eed04451c6fb5151d9ff5854d6f75353f3f502280bea02270efa17290ae4262a1de4182b11f40d2b1ded422d28ef392a11029eaf0b2bb0ad0a1aa1ac172db9aa2dd6a8a85b47a2a744fcada65043b8a501f3260e15f22f141cdb19150ba9371606b8441623f62915f8c6231711031912 pre_us=87699 enc_us=494693 q_us=114 pkt_us=2
[PKT] seq=505 mode=A bytes=260 pkt=01020001e8eaee8af921f088ea09df87cfdaed86bb1ac985c038aa85a200b685c551ae84f9f71505f70646020c043cff05f936fe062030feaf251bfd07ef2efedb3624fd1538eea80438d5a40621b9a20430af9e0c50a29d3b6fa29c225c969b164d909bf4edbd411c05c1431612b6421affbd46101bc9485610f6490d23f54a2017164b01fd2e5f09f9374c07fd46520ff547550ada5156deea5756ea066259e90a5a59ffefe9280cec03261bf5122b15e51b2e08c32a2e14cb272f19c4463004f14a2f180397ab1630a9a60819aaa6132fa9a43002a4a25d3199a14d17ac9f503cc49f02ef13090f052e0f1301321511d72917eebc201628140d15f3f53e17f3253115 pre_us=87691 enc_us=494683 q_us=113 pkt_us=1
[PKT] seq=506 mode=A bytes=260 pkt=01020001e6eae88af929ec89e5fce688bef2cf87d032cf86ce29a786a7f7a786f04fa685f6f2140800083fff010131ff0d1729ff11e12cfedc3f20fe13fc26fed9351ffd1d37e4ab042ed2a50c23c2a4f825a3a1104ca29f4862a99f3a579b9d3b2c919d07edb23c2a00a63f2cfeb0410ffdc14404cfc1453411e646001dfd4834ef0f48f8fe3260f9fb364d05f742500cec5553eced4a55b00a4e55c2fe5957ce0e5a5605f1ef2a1ceefe2917f7062a0ad71d2c0db80f2df4df0b2d0bd6262fecff3f2d1bf799ad0820ada90522a8a9000da5a61bd2a5a4580f9fa44c049ea24d2cbda1fdf01e0c0409251201f52016f4b81217e7e30f16bf1f0916badd1d18f3032013 pre_us=87698 enc_us=494692 q_us=113 pkt_us=1
[PKT] seq=507 mode=A bytes=260 pkt=01020001fee8cf8a102be48803facb88f4eccd86d51ecc86e908be85b4eba385d84ab68500e90e08e6063dfff9fd2cfff8202ffff8122bfea33d20feebf91cfeba1f32fd243ee6abf832c7a4fa29bca204239f9f1543a49d3455a29d123f9c9b1434929bd2f7aa3cf713a33f051bbb42f1f9c345e60cc2470b0dee48de3e004a030cee4af2fa406206ed3d4f0ce9555211f05555fece4756d9f74e56e2eb6059e0066359f7e5ed2b02f0022afffa0f2cfcdb242e01d60f2ed4f80a2efee72e3004f7472e16f397acfe30b0a9ed20a6a8fa29aba41ee59da3532f98a2351599a04236bea005eb260f19fe23150bee2e170cae221802b217181ec21917f2bf211920023d15 pre_us=87702 enc_us=494683 q_us=113 pkt_us=1
[PKT] seq=508 mode=A bytes=260 pkt=01020001f3e4ff9a00210492f1e4db89d5b8f786c3def187e82aa986a8b6aa85cf3dc384f7f013f0f80137fe08fc260105de400203112300b21116000ce52900d72d30fe1b431296fe3d0f920f2af8991e1cd4970b39a0952870b295155ca09619639296eee6f24d150ceb412811b64b12e7fe4d1712064d57da1a4d02fe004c03ff074ff7fe095bf5f53951f90d394d07083451fdf85256d6ee4557df14645bcd15595b04e4e7481feaf54331ece43132e5023524b8353c2daf153836b93b3532c0483510fcd7a8fc2ddcafee20aba20436b09d181dc69f2e129b9e2dfaa79d3130d89c06f70a0a0e0c290118feff0735f8220609b40b0c300cfb0dfeed3a1111363f12 pre_us=87704 enc_us=494683 q_us=112 pkt_us=2
[PKT] seq=509 mode=A bytes=260 pkt=01020001f5daff8c001c0389e7f9fa88cabdf387c0f6f287d125ce86aeb5ad85bc2dc185fbf921fef705460202fb310202eb33fffc2831ffa41216fdfcfd1f00d6262afd2046fda5fc3f0ea10520e8a00227d69d023bb29a276eab9a0a42979bfe57949af5dadd49240fe94a141ac2470604d64d0617d24b53ec014c01250e482805054bf5fc2155fdf5393d0b043b471dfb434c14f0454ed7f0384e03246056f108565502e2d7281ceae72416f2ee2907e4042c0bba163236b508302ccf463022c83e31130ba9a80633c1a1f625ada20843aaa00719b19f351f999f1909a59f2f28caa0ffe3040a14081804170410071bec16090fadfb0a3d14d70c1b0e201002292610 pre_us=87696 enc_us=494687 q_us=113 pkt_us=1
[PKT] seq=510 mode=A bytes=260 pkt=01020001f3d50c9ffd0d1b98d5fa148bccc4f087b8c20c86ea1bd085a7cec384b51ebe83fbfcfb19f8fa1b1b07fd32100acf36180be62f19b1ef201609e8400de60e3804193f1da2fb372594eb15f990fd231b90002abc8f2871c6900c58af8f105b918fe9da08211812ec2c2906d04afe04f6431102f7494ff1234a080de95034090154fa000368fef40b60240b245d10eb32630c0c3c66d1093961000c5e65f119606604e0e1481debf63e1ffaf23b0ae3fb3d1bba2b3a3998263b36ad323d27b94b3b0c0ad8affd31f0beee25daa4ff26c69d0a3bde9e1316ac9a070bac983916c49504e3f94f160914321f0a0a1419f930150dc31e1f3100001afdf34817f13b4d16 pre_us=87701 enc_us=494682 q_us=113 pkt_us=1
[PKT] seq=511 mode=A bytes=260 pkt=01020001fadbfa88111e0e8600fb0686e9cdf785dfe2ef84033cc884c2f3c384cc38c883fff51d05fbfd520502024e03f9dc2bff030d38fdb11829fd01f034fdf01a42fd1e3ffea6fa3408a20323ec9f072ed39a0934ac982371ae970c68a69714549796d9e3ba440719b24a1315aa4bfc0da84eeb17a84f22e7d84ee901c04f2110d350f503205ff9f9244c0dfc31510bed405601f95058cbda3e59ebf45b5cf81c5b5dffe1f22516e8f72112f6f1270aea042f12c121322ba40c3322ac213424ca37320e0196a9f531aaa4e11da6a1f4419c9e093da79d120d919d100f989c2326af9b02eefb0911081d0e13fe2b1119fa131210b0091137e31214f7f328180d3c4b15 pre_us=87694 enc_us=494682 q_us=113 pkt_us=1
[PKT] seq=512 mode=A bytes=260 pkt=01020001f6d7d993fd100c9af2d3f789deb00b89cbcd0a85fd3aad85aad2c784ca4afc83f5f308eefcfb1c0ef7ef320deec7370dfcff2d0aad00350d19eb3707cb0364011c422796fc2a248d052c10910d2f008b052bb38d1c6cc88d1054bb8d0761a28eeae5ec4c0c0df1302e0cc14c14fe02471106cb5454ebc84eedfcaa524fdadf57f6ff0563f9f7156217072f5c13ee276407194861daf75465f0005967e2e7516607e6e84920f4f94f29e9db3c0dda074c19be23442dae2d422bc1184238c238400afedf9af52ef7bac808c2a0ee23d0a30940cd981b22b29b18079b982837d4950bf3f4020c0f1a122b0f1f0926fa33110fcb0e0f39113f11f8e834160d256018 pre_us=87696 enc_us=494692 q_us=113 pkt_us=1
[PKT] seq=513 mode=A bytes=260 pkt=0102000109e9db8bff1d0988e7cbc689e9c8f987e5fddd87cf14af87a3e5c886be49cb86eb040c04fe0346021fe61d0017062cfe082e21feba1d23fef6df18fece2c10fd2645f7aa0338c6a6112fd6a4142fa6a2172fad9f2262b09f0557989d09618e9f04eebe401f1fd040282fbe3f1e26c242133fef454301f5460943f746301afb46eff7325ef0ff304a03ff524e03144f520ef73351f7f33f5203ff5d55e31a5f54fae4ed2725e4232426f01f2925db372b0cb3272d15c70e2c14bd492e11c5592b122296adf739bca8f3249fa9f84ab3a708099da6491698a43323a4a34b54bea308fa0e09060a270c01f310130ed0231517b2221225fb061204fa2214e8341513 pre_us=87687 enc_us=494688 q_us=113 pkt_us=2
[PKT] seq=514 mode=A bytes=260 pkt=0102000100ddc68906180287e7f1c387e9dee785db12d685e70fbc84b9f4d084be4baf8400f60608fa0048fe03ff39ff02fc3cfe023a30fea73e2ffdf80030fdc5363dfd1d3ceea8ff30c7a1072bd09f0639b99b09449f9a226daf991a579f9810709c97dff5ad3ffb1ca943eb1fa546f31ca7490138c94c321fb64c014bbd4e1428c54ff8fb4363fcfc2b510b034e5508f44259ffce425ad7e9425ade084f5ccede615dfbe4f02c0eef032c06f3032e09ea14300dcd113123d6f6311fc11c331fc52e310d0791aaff32b2a6f916a0a4f234a5a101f1a09f371d959e2d10989d4946a39c04ee110e0d072e1402f83517ffd62b19fbaf2d193d13231908fc2c1a040b3c17 pre_us=87703 enc_us=494685 q_us=112 pkt_us=2
[PKT] seq=515 mode=A bytes=260 pkt=0102000105efb88b012ccd8aea00b189e6deba88d323b187cd39a887b0f9c486c45bae86fcfa1808ff093efffa0722fff8122cfff32633ffaa4e14fef71324fec74b14fe1b32cfad0330b3a7002daba60f3ba8a30b56afa12c6fa6a11963949f246891a0f9ecd639180dd23c201a0a3e2a0fdf410f08c24247fff743081dfd4534181244f3005560fefc4a4d0bfa5a4febe75951efd14f52c7d85052c3f05a55a5eb575404f40c2916e7202823e4362926c0352b2ac8212b1fe1102b2bc13d2d31c6492b07fb9eae051ebdacfa26b4ab051bb3a91702aaa747269aa63805b8a54d4ebca406fe3e0f0d08491423ed401613a84016fcb63b16180e2216ede53617eee82f13 pre_us=87697 enc_us=494690 q_us=112 pkt_us=2
[PKT] seq=516 mode=A bytes=260 pkt=0102000103feb08cfb32d78bdb03cf8bea2eb289db2bb889ca17a788b308a088f063b587d90b0a08f41741ff0f0329ff0b1633ff0bdc31ffec2537ff14fc20ffe01e2efe1a39dbaf022dc1a90b2eb3a80146b2a6084cafa53e60bea52355a3a2443998a409ebd1372500b43a0602d83b1dcfe73d1ddcd83f2ce7d63feec7194126dff340f9ee585efd03414b0b03484cffd74e4e011f544fdc00544fd6055752c8045c50f3f60f270eed112611e11e2825d1162911b61229dae7f929ffd51b2bdcec3028171d9bb00f2dbfae0619bbaef9edadac12d5b7aa4ff2b0aa41ffa6a8572cd7a81107310e05013c1312ef40140acb4315ef2a3d15c8474215cbdf3216d62b3411 pre_us=87701 enc_us=494685 q_us=112 pkt_us=2
[PKT] seq=517 mode=A bytes=260 pkt=0102000108f7be8bfb23cb8ae0dfc889eafbb388ca249d88c54fa987a5f9b087a760b086edfe1708f11236ff0bec34ff0d2a30fff82832ffb62920fefbed20ffac451cfe1c33d4aefe25b8a70928b4a6fe25a4a40e54bba21f68a7a21668a0a0047396a1f5efce39070acc3c0425db3dff04e340f915d94236e7e942ea2503441c15f443f3ff525f0008474cfafe564e04ff5951f2d84952eaff5752cdf15554c7fa5853fbf407290cf31c2717e9252911d6322a10ce042b04ce0a2b16b11f2d11c23c2a13099faf1033b4ac101eb3ac121cb9a92be0a0a85826a6a74e1a9ea56252b9a5120b3c0e110140140ae8451510c249160abf3f1627203415f5d3371700193113 pre_us=87692 enc_us=494683 q_us=113 pkt_us=2
[PKT] seq=518 mode=A bytes=260 pkt=01020001d201a58ed943b48dcc0cb38dbd2fa78dbc27a28cb231a18ca447a58bdc6f9c8bcd070508e0143f00f7100a00f0081f00fae01c00b1401c000b0f1700b24610fffc2dbcb3ee20b0ad072fa2aeec47a6ad055ba7ab2464a5ab2d4c9ca94f619eac2cf718343ffffb3619fd2e3617b50e3717d0153834ec1c38fae6223a2bc6213808fe615b08034e47fafe484714f15349fe23534ac8155149d904514cc6044d49fcf63d25fbe33f2400d63e24f8c33125f6b42c26d4fd2825e4d03628afe231241222abb30a1addb20ffacdb31bf3c1b236e5bbb15735bdb0561bc1ae6b4bbbaff2023d0def0a531203d03313f3d03513e1233313c4372b13bedd2b14d127160f pre_us=87691 enc_us=494696 q_us=112 pkt_us=2
[PKT] seq=519 mode=A bytes=260 pkt=01020001fbe6f08f0616118ce2e7cc87dfb9d185dbecdb84f937c184b6edbc83de60de8301f421ef00f43efa15f32ffc14f12b0004112fffc80630fe0ee23600d02b4afe1731fa94fc2a158f052612910b26d18e0b3eb08e2e70b48f246bb98f2670918ef5e8e2571614e950240fb55623f9f6571e1ae25856d0f458270bd35659f5f559000b215cfe032d4d1a074851110b505ae9f24c5ccbfe485dce0e6161caf75e63fde7e44416ebec4423ebe23b14d6133f20ab223f21a4073e2fa724402ea4453d0af7c5a1fc2ce7a0ee1cb7980140ae971123a8962e1f97962e2e99963d51c79500ff00040d0c2af81efc12f819d31200efb609070bfe0d09d8fb3610fe245113 pre_us=87703 enc_us=494683 q_us=112 pkt_us=2
[PKT] seq=520 mode=A bytes=260 pkt=01020001ffe5f688fc1efd86e400e786dfdfde85e315d284cc3ecc84ad02c884c05cc083fef2190400fe4e0308f240ff081d35fe0a1d47feb61730fcfeec28fec44d46fc1e34e8a5f62feaa0fe26f19cff2aad981148b0971b6fa79600649f96126e9595e3f0bc45010cb44803149e4c0608c24ffd30c64f33e8d052eb26df512dfccc52f8032c61fdfd344e13f041530f004b58f6de415beded4859f8ef5f5ceef25f5efee9f32917ecfb2610fae52d02d51d3213bf243212b20d330fba393306c23f340efb97a80329a8a3f7289fa1f539a19d0df39b9c4513999c2f33959a4b49b79a0bf7fe0a0b052a0f09041d12ffc319120abc3c1430090214f7fb1b16ff344015 pre_us=87702 enc_us=494692 q_us=113 pkt_us=1
[PKT] seq=521 mode=A bytes=260 pkt=01020001fde9fd8703141585dde7dc85dcd0ec83cfeb01830e33d583cfd6ec83dd61f383fef51a06f9085103fafa4100f7e94401f00e41fdbc233cfdfaf54cfcc43a59fc192ce8a4002af89ef826fe990a29d796074ead942072b5931b66ba9221769b91f4f1be460d03a84d12109a510d01c2541916aa5534dbc65511ffa7563204bd5702052c6301fb285026fc42550af2425bf5f7465dc0e7435de5f24660c8d94c62faf2f12817f0e626f7f7e12e01e8072f1ead1b352ba9163624b3163919a02a380af594a6f121a6a1e310a09dfb24989a01329e99f6329198071695972e42a6960403050b110825100612191207fb2c10f4bc191419f61213f8ea3215fc324616 pre_us=87687 enc_us=494689 q_us=113 pkt_us=2
[PKT] seq=522 mode=A bytes=260 pkt=0102000105f3dc89091fde87f5f1cc87dce6c585cf28c985c212b684a3f2c984be54c38401f81308f20d38fff2fc26ffe6262ffee51937fea03c2ffdeb0c2afda64b2ffd1c2ad3a9fa2bc6a2012ec49f122ca89c0f3aaf9a3462a99a0f5b9b981e5f9398e6ebb23e11009c420315a24501f2a549f2f6a54b190dba4cd530df4e020ed24efe003f630cf4425107ed4c5509db5758f9d24b59c6f0515acbd9515cb2ff5d5cf5f6f32d07f2f92b05eeff2efce60a3008fdee30f4edf13006d1183207ef3531090397aa0321a8a7f6279da5061b9fa121e59a9f4f15999f4a16969d5c5ba99c03f6281017fe22160ce20d180ea90e1907c622191dcc2319e4b4261a0fff3217 pre_us=87705 enc_us=494686 q_us=113 pkt_us=2
[PKT] seq=523 mode=A bytes=260 pkt=01020001ece5f892fa1d048ee100ec88cedc0a86c31dda85c546bb8597e1a684b35ddd83fdf517eefe0738fe12062e0703de4e01fc243dfdb01d2dfdfce82fffc72948fe13360795f7260b910016f4960d30de93fc3dbc901c6bb3901167b69110669292f2f2f0532101e0461c04bd492f09c2502716ef565cf80c570405e75347faea53fafb115b0afc355004ff3e530ef730590be74257dcf25357daf8625dca07635f04ebdf4515f6eb4225fde1372bdffe3c19c9134022c3153c1dbb223b26ce463913ffbfa20929d0a80417ab9f1328c19c2115b8994b1cae974f099b975740d09802ebf60312081dfe1403210827e7360e06c2120a201c1103e4dd270bf13a4a10 pre_us=87688 enc_us=494688 q_us=113 pkt_us=2
[PKT] seq=524 mode=A bytes=260 pkt=01020001d5f8b48df33bb88cfb05b38ced43af8bd72bab8bc034ae8aa33fa7890473a689eaf8f408f0110dff1c030400071405001fde03ffde14f9ff060bfbffbd3bf7ff09299db1003c96abfc3095abfa4d92aa095692a9346090a82b588ea62a5d8ea82e05313530ed19382101293823cc2839f5e8263b1ff4303bf6ec363d31d6323bf401605c00f65e490af7594903cf554bf506554cca01554cd8e3564fe6df504c10e8542602d65525fbd25526fbb65227eaae4b27bbd94e27cbc74e2993c44e251606b0b21029d0b0f61ac3b1fafdc0af29e8b8ae5c20b9ad4f01b7ac5337baace7f2130df5011913f3e91213e5d00413bf1f0314a715ff13a4e0fb15b1fcf510 pre_us=87689 enc_us=494694 q_us=112 pkt_us=2
[PKT] seq=525 mode=A bytes=260 pkt=0102000120f496961be39696f4c39b9be12e9f9f330aa2a248e6a1a112139f9f4e27a3a3f1130808e1220101d8160202b2230303f93f0404f2090303cc270303b73a03032ffac0c03ff3bdbd2f1bc3c332dec8c83adcc9c95be8c9c936d7c6c646c3cfcfd5ba2828faa52828d5bf2424d4c0202006c51f1ffce41f1f21d121211ed11a1af6235050ef3d3b3bf33d3636fb233333dd263434c4103333022e3636da322e2ed2f71d1dbbfe1c1cc3e51a1aa22a18189a331919a4081818a62d1a1a8d43131315b6bfbf34cac0c02dbdc5c5551ec9c93309cbcb2cb1cbcb48e5c9c94526cfcff8370b0be5140e0ef2070d0dd4200c0ca82f0e0ecdf90d0de7180d0dbf210808 pre_us=87685 enc_us=494684 q_us=113 pkt_us=2
[PKT] seq=526 mode=A bytes=260 pkt=01020001f0ded989112df887fcfacb87031ac986e33ec685f526a785c03ab484e75ca28405f81e04ee0a4802fd012bff052b38fefae626fdac2a25fefc042afdab4326fd1e33eea60534d6a2fd22ce9f082ba79c1742a19a4563a29a1f3493993a469299d6e9b9430714c445f306b146f1f7d849e6e3fb4c35f4044bf5320a4d18f6034efd01396007fb324c15f94d520ce052560f0a4a56d80f5058db07595ad2fe5a5bf5eeee2af8e60c26f1f9062cf7e11f30edb52931c3e11c30f6dd3a32bff23c3016fc9aaa0823a9a5f520a2a4fb13a5a11fd3a29f5d19999f370eaa9e5437c19df8e4120a1201260e08f3171307bb2a13f9001812fd1e1c15ddf43119eb081c15 pre_us=87705 enc_us=494692 q_us=112 pkt_us=2
[PKT] seq=527 mode=A bytes=260 pkt=01020001daec9f8dfb39ab8bdde9ae8cef18a38bd339a78abe149a8ab335a889fc649989dffb1d08f62043ff0b042000ec183500f1f52bffb54928ff081523ffad5612ff1a32ccb10733b2ab0f32aaabfe3cb0a90d53a4a8386eada7283b9aa549529da727d014363802f438130110391be7f83a09c3113c20080e3cf6291e3e23e31c3dfbfb5f5df1fe5849fcf05d4afbe9594cddf8574db507584dc7f75850bef9514d0cfe312616ed42260eee3f2613e2382705bc2d28c8ea2228ece03c2ab3f831262219abb10622e1b0f919d0b0f6fbc8ae11c4cead4f29baac3e0dc8ab513ac1abfdf2510efc0c5513fbf3431401db4f14d6fa4514b3463e14afeb3e15d9261c10 pre_us=87693 enc_us=494686 q_us=113 pkt_us=2
[PKT] seq=528 mode=A bytes=260 pkt=01020001fdeca98d2143ac8c0b1ba48cec0e9d8bd8cf978a1805958ac1f8988943438d8910e71908ec253affff261a0004f32e00ef472eff003732ff24201fffed5f19ff2531c0b1203cb2ab0334a8ab125cb2a93d6ab1a8543bbba84729a1a55c26aaa8d5f80e3607f30238f7f11b39f3e2053ae501103b03fa0a3cf22b223e3cdc283cfc045f5d06fb4f4910f6504afb0a574bde10574dc214584cd2155e4fbf13504de6e73826ddda3425f9de2b26f3bd2627e6cd1828bb1d0f27dcfa2929af271d261eefb2b11b0bddb0e90bc1b012d8bdaf2fc3bead5a2bbdad49c8c8ab5b38b2ace7024e0e091451130c043713ea0c4814e04e4314b53d4314aa293515cb4f1b10 pre_us=87708 enc_us=494687 q_us=112 pkt_us=2
[PKT] seq=529 mode=A bytes=260 pkt=0102000106e3ad8e3d2bb78d2a0cac8e19e8a18d07c1a98d45d0a78cfde4998b6123908b0905f608e1241200e92d0500d90c0f00b8570e00053b0a0037490c00ea6a0eff2740a3b32c4497ae1f3f9cae39699ead52679bac64509bac564b9caa6949a8adb7f32f3402f51436ceff2435bae31f36bc162437fe002037c7f42f3923f23137f6fc5e5bf2ef5c4705ea4b4705f75048ebfe4f49bd1a5249c213544cbe094448ecde4c25e7e24d24e7d84024d5ae3b25dcf93c25a80d3e25dcd639279f0c25230602aab3f412ddb2c618c6b3d7d2bdb2fd04c3b23026c0b114ccc0af1d29b1b0e5f90c0d061c2212070d0e1205241112055d1213b4350b12a5401413c562060f pre_us=87691 enc_us=494694 q_us=113 pkt_us=2
[PKT] seq=530 mode=A bytes=260 pkt=01020001fa00aa900033b990d9f7a391cb07ae92bed5ae92c713a692a6eca490ee4c9591e20aee08ed2708000e21000100defd01e93dfe01c63fff011a0f0701e040ff002b34a3b8093b9ab30523a2b50d589db62e709db5454fa1b5352d9fb3550cadb711ef363026e4193100d6312f1fc82d2e10f5322f420d2e2f20082c313dde352d03f1555702025043070b4141040f4441d6044342c11f4141ca2e4b44d618393fe0ef4122f8e34621fbe03220faba3b20fbdd3921db1c3621f8ff3323b327241e27feacb71a0fd3b702e6bcb936d3c0ba4aecc1ba6a42b9ba52d8c7b86e45b4ba00fc000c031b1110ea21fc10df25f810d035fd11c731fa10ac210711c841f60c pre_us=87699 enc_us=494688 q_us=112 pkt_us=2
[PKT] seq=531 mode=A bytes=260 pkt=0102000113d798943b3e939412039899d9be9b9cd4269f9e5afd9a9d17049a9b6b09a09e091ffc08c64c0701e2340502d6140302f1f304032c1a0303ee3c0403ea440102402db4be2f1bb8ba1f09bfc03d2bc1c43ccfc0c46af4c3c43fe1c0c260ecc5c9a3df3a2aca1e342acff72926b1e12823a9e62923a2eb2c239ae12724c3cc251ee32a4252f0252a3d003a2b39e1453036cb462f37b8462c36de443439bb302c32d9dc1d1ec6ee141ee5f3151bf4f7181ad4201b1b9925141ad41d1a1ca71f17161ac0b7bd1011b2bef9f1bcc32eb1c1c6620cc3c74cd3c1c71afdbfc5191ec7cae8f2030bfb25010e0e23040e0708050de5ff070fb7dd050ec824060ecf180409 pre_us=87688 enc_us=494690 q_us=113 pkt_us=1
[PKT] seq=532 mode=A bytes=260 pkt=0102000108049591284e8e910b1f9093fc229294e8e1919513159194c5ff9193305293941522ff08fa4c0a00093e090119190a01034a0801e76004012e390401ec5e03012e1eb5b92440b5b40c32bbb71544b7b9346dbab95848b8b8412db5b66739b8bbcded3c2ef7033c30ebf1382de1cc352cd8d8352c200a362ceafe372e3aea342afc164156fc0726411213253f05092d3fe6152e3fb71e323fcc203642c80a2e3cdcce1a21e4c60b20ecca0d1fe6bb131fe6b41420ae0b151fd8dd1a219f08181c1eb8b1b909e4aab8fcd0afbb09adb3bd31b8b4bd66f0b5bd4ab7b4bb6b1eb8bee0e5050c000e001002070310e4fb030fd04c0611ae480610a12a0610bb4b010c pre_us=87690 enc_us=494692 q_us=113 pkt_us=1
[PKT] seq=533 mode=A bytes=260 pkt=0102000100f5a8902644a78f1013a390eb1aa091fae19f9134fd9790d80f978f3656948f1015e508fb1efb000f25fd000d06fe0115470001e14fff0030370200f9520100292b9ab6233a99b11233a2b30e4f9fb3426da1b35f50a5b3483ea1b0613baab4d2ea443101f53032f2e63831e1d43630c3f4353133023b31f006353337e03630fe0a4b58ff0d3d4400093243fc073a43dc1b3c44b92b3643cc0d4246cd053842e3d84823e3c94622fbd33921fea53621e2ae3422aa0b2a22d9e33024a404251f1fe3b0b618fdbeb5f9fbb6b8f3ceb5b825d4bdb86223afb744cdb8b56823b4b8e6e0040c06120911ff070311dc10f911d1570212bb3cf811ae18fe12ba3ffa0d pre_us=87705 enc_us=494686 q_us=113 pkt_us=1
[PKT] seq=534 mode=A bytes=260 pkt=01020001e6e7d18a032d0388e8eddc87dbecf586d41aae86ad1faf8699dfb085b554c385faf11405f5094c010e0c2c02081c46fefd2e2efeaa352efd0bf515febb4129fd1d42e9a80133d4a30325bca20717b09f1751b29c4170b69d2357959b40618d9be7ecb7410f12cd450f14ed4522eebb461700eb484a0be349032d134a35fffd4afff93f5f07f72a4a0bf2474f10e7455307d14c54ecf94a55dbfc5a57c9066358f8e9f72904f30a2511f722271beb1c2d00e4172feadefc2e10e13a30f6f0522e20f99aab1129b3a70118a9a5102cbba421ef99a262129da2500b9da06a4ce3a000ed060a120d1b0c0fdc0d1001ae2a13f7c8261206201813d9fa0c15ee222f13 pre_us=87708 enc_us=494691 q_us=112 pkt_us=2
[PKT] seq=535 mode=A bytes=260 pkt=01020001f7f4cb8bf517e689ebe1c889e7def888c92bae87c53ab987a614be86ae62ba86f2f60e08f30932ff15fe26ff10fc3aff020e3bffbd3424fe0ef737fec32b28fe1e3ed5ad073cc5a70227bea5103cafa31264b0a12b75a5a10246989fef6c959ffbf2ba3a1104a63d2313a83e2e2ec141200ed1434aeedd43f533f1452f05fb45f5fb4860faf53d4d06f4554f01f03b5208c85553efc75a53ff065f55f6e25c5402e406291aec052824f90c2a1ece272b1ac5272c14ba1d2b26cf3b2e10b54a2b14019aae0a2dacacfb2fa9ab0820b8a814e6a8a64820a4a63212bea43c29dea40bf01f0f15fd191407ef08160bba2d1604db3916191d20160a064117f62a3e13 pre_us=87698 enc_us=494683 q_us=114 pkt_us=1
[PKT] seq=536 mode=A bytes=260 pkt=0102000129f8ab8e2049ab8df82aad8ee93fa18edb51b08efa4ca88da9149b8cc762968cfe22e308da30f800f312f400fb04f20006e4f300b532f80006ef0000c11901ff373a97b4083793af032295b0103f98af195b92ae296294ae084a99ac2732a0afc7df453309f83535d3fa4234ddd53834cab83c3532b43535c00238370ad53735eff7515a03f047460df53d4513e53f4610074647070e4647ea0d474aeb163e46d3e44924e5e34423e5df4323d9c84524bfa74824bbd94424eec73d26bdd93522fe08aab41718bab3020db4b525e3a9b445e1b4b45e33b6b334d1b7b15d1cb4b3f0f7f90d1407f51107e9f812f6c5ec12cdf9f4130106f612dedc0113dde4010e pre_us=87707 enc_us=494694 q_us=112 pkt_us=2
[PKT] seq=537 mode=A bytes=260 pkt=01020001fdeaaf8d0a40ad8bfd1da28cfc15ac8bee559d8a05599f8aac189a89c1679289f5fff508ea2514ffe2160900e5260100f30409ffa04a09ffe5010bffb93505ff26369eb1092898ab0f2b9aab0c3893a9286296a8326b94a71a4895a5405898a7e1eb3036e5fe1338c6083339d0d6243adadc2a3c2ddd283cdc01333e05eb393d00f6625d09f95e490efd4c4a16e1544cfde3564de7ff574df103544fdbf64b4de9ea5226eaf54c25e3e04126dfdc4e27e0b74528bce24127ded0422acad73b261b09aeb10d22cfb0f9ffbbb0090ebeae38e8b2ad5e42b9ac42edbdab661fafab0aee120e130b1e1311f50c140abc0a14f7ea0b140a2f0714e6d90f15edfefd10 pre_us=87692 enc_us=494683 q_us=113 pkt_us=2
[PKT] seq=538 mode=A bytes=260 pkt=01020001f2e4b98ef73ac28dce13c18ece2bb48dc232b08dc124a68c9907a68cb363aa8bf0fbf108ee0d0800f8ff0200f517fd00f5e20c00a613fd0008f9ff00b030f9ff253c9cb4031e93ae041095af073094ae223197ad4b5395ad223e93aa394692adf3ec3433110c0635100b233502ff20350ebf1a3650f83637f313393951fb2b36fff2605b01f661470ef9554604e05347eef95648cc164f48cbe54e4bc60e4c48f1e5552404f5572407f44f24f8e2522401d24425eafa41250be44227f4fc4c232415b3b41f2fddb2181dcdb41d0cbfb33be3c5b26b41b9b25b0ab6b06d56c1b108ee0b0d09060b1208d90812fcc50012e0cd0a1303f6f812c9a4f913effff90f pre_us=87707 enc_us=494683 q_us=112 pkt_us=2
[PKT] seq=539 mode=A bytes=260 pkt=01020001efe6a08cfc3faa8be30dad8bd615af8ac4449e89c3499e899fe8a688bb66a588effa1b08f31650fff5fe2a00f51c1efff6062affb03527ff0c040affac4519fe1e36c8b0032fb8aa0229aea90b299ba71960aba64269a4a62a5a94a33e6495a5ede013370a0ef33904110f3a000a113cfdde0e3e4df3113efa202c4025f3103f01fa615e0a06544a16fe594b0fed5a4dfce24d4ee207564ee1ee5751ccfb584ff5f3322701e74726f9e24627f3cd4a28fbb53529eece2a280cc9452bdbd23e27160aa9b0151feaafff20d8af0dfecfad29d4b1ab652eb7ab4c03b6a96843c9a909e64d0e100d61130af44c1400b84214efd546150a193f14ebbc2615fb0a2a11 pre_us=87704 enc_us=494690 q_us=112 pkt_us=2
[PKT] seq=540 mode=A bytes=260 pkt=0102000104eaad8b0530d18adbfbb58ad50cbf89c441aa88e248af88a2e9ac87b459ae87fefe0d08f21546fffa051ffffc1a30fffe0d22ffaf4027fff60314ffb33914fe2233d2ae052cb7a80325b9a70632a6a51259a9a32664a5a3115997a1195d90a2e7eadd380c0cca3b0a05e23d0009d93ffbe8f74141eaf541fa1218432cf81b42f2f75b5ffefe454c12fc544d01f55650eedb5151c60b4f51caf45553b8f95852f9f315280eef1c270df2202809d4312a08c7232a15d7152a20c0352c21e6482910099caf0717c0ad0821b4ac110eb6aa32dfa5a85539a8a847f3a9a65b47c3a602ed320e1208481412e8351506ba4415ecca3b162b0d3315eec42917fa0e2412 pre_us=87696 enc_us=494683 q_us=113 pkt_us=1
[PKT] seq=541 mode=A bytes=260 pkt=01020001e7eba18df141ad8cce29af8ccc1eaa8bbd4ca78bc64ea08a9c169f89bf699989f7fefd08f5194bfffa031a00031c280008e92500aa4a24ff001716ffb03912ff1833bdb1072eb4acfd1caaab0939a7aa1a5fa7a93f5da6a8224d9ba638359ba8f1ef1a3522fbf5380a0e163805fe04390edd063b5b00153bfd0c2d3d48f91e3b07f7625c0b044e491af454490ceb544b0506584ce009554cd3f9504fcf18514cf1ed3b26ffda4225f9de3b26ebcf3a27f2b53527daff272700d53529e00f38251e14a2b22013e2b00e15cfb117f2cbaf37d8c5ae6532c5ae52f4beac6a34c0acfaf1340d03ff5d1302e13c13e9b44e13dafd4614f33c3f13c8c22d15f62d1810 pre_us=87692 enc_us=494682 q_us=113 pkt_us=2
[PKT] seq=542 mode=A bytes=260 pkt=01020001fef3ad8cf83fcf8bdf09af8be211bb8ad838a389c932a68996c2a388ad4da388fa040d08f31949ff050f27ff042531fffc1d33ffa22c27fffcfe12ffb2511ffe2337cab00629c3aa0e2ad8a9122fa3a71d44bca64163b0a6284f99a3295c9ca5f3eee6371316b53a2411e53a1905eb3c13f7ef3e57f0073ef231264031f5123ff4f35c5e04063b4a01fa414bffeb554deaf2454ee017484ec3055351b3084d4ff9ee1b270aea132624e1022716cb362813e30c29fcd710291adf312b1df32b27170b9eb01617c4af1105abaf1affc8ad2de2a8ab6028a7ab58fdada96550b8a903e72c0e0c0a451310dd43140aa94914f5d846152c0e3e14deb12516f2013111 pre_us=87692 enc_us=494692 q_us=113 pkt_us=2
[PKT] seq=543 mode=A bytes=260 pkt=01020001f9eeb48af935cf89dcfabb89da11c987c936ac87b446b08699ffab86b959ae85f3020e08f21f46ff00fa24fff71930fff2152cfea94f35fefa0626feaa451afe2332d6ac0428bda60f29b9a40228aaa11b5db7a03564b09f2b4a9b9d345a909eeeedcd3a1409c03e0713ca400b03ab4306d4cb444305cc45042b134737ed094702f5576006fe3f4e08f1515003fb4f53ebdd4a54db005054d4ef5256c6055b56f4f70c2a09ee0e280feb122a07c6192c03c6032df2eafd2c0ad1252e06ef422c100899ad1410b7ab0bfaaeaa0c0db6a72ae39ba55f3ca3a55403a3a3614dbaa207f12d0f0c00481508ee3716f5b23317ecc63b1704184116e2b93b180a162914 pre_us=87692 enc_us=494685 q_us=113 pkt_us=1
[PKT] seq=544 mode=A bytes=260 pkt=0102000106e9b98b062def89e706b989d405de88ba38bc87c029ae879ccaa086c54eaf86fa03f808e90f3effeef91bffe41c28ffef0a25ff9c3518fef40c0efea1451bfe232dd2ad0827b6a7021ebfa50f1e98a31b4ca6a1405e9fa12155959f325a8f9fdff1bb390c10b33ded0bd13ef4fdf341f601ea4334fd0743ef252b4528e50745fdf951600b013f4d1af2544f25f354520ae44b53e8135353e4f85655cf125b54eef30529f9ed1928eef5192adbdc342be2d6272ccbeb262bfbcd372ddce9472b0e0e95ae151cbcac0418a9ab1316c0a831d2a4a6603ca4a64af5a0a4654cc8a406ea030f150329140ff2231606b33316e4cf2b160dfd2416e3b81117100c2113 pre_us=87704 enc_us=494691 q_us=112 pkt_us=2
[PKT] seq=545 mode=A bytes=260 pkt=01020001f3dbe695f40f0c9bd7edca8bb8bbec89c0baf587df3ed686a2d8c684cb4bf583f5fd09eaf4071b05f7041f09f4ce3804fafc1903ba1d3807fe052e03be124800133b1e93ff29148cfa1df592f136048e0e4da98e1375c98efc68b39114779491f7def4531e04e73a1008b646fe0dcb4ff50af6524ef0da4fedf0d2500bf0e552faf9035d07fa1e5d28013f5c1ce6295cfe03505de3d84a5f0edc5560d6da5a620ce8e6491cfaf84c1afbe83a0ddde3461db32a453ba12a4124b01c3d21a149390810ce9e0127ebb9e704b3a6f915c5a0023ade9b1726b59c12019c9a1d39bc990ce2eefd160a1a052e0c1f0a1a1019080dd3040723002b0b09ce3112082c4314 pre_us=87698 enc_us=494683 q_us=113 pkt_us=2
[PKT] seq=546 mode=A bytes=260 pkt=01020001f1d6e69ff7182f9fd8d4f18bc7b50a89b0d5ff86d62caf859ab6aa84bc4c0383faf605e4fbfe1f03fcf12ffef7d44200eb0a2704b507210403de2d01c1335200183e268efb31178a0026128ff5260f8cf73ebf8e0d6eab900161ca91fc679391f1e9f9510f09fb34120cc45309ecf04f100dc45356e8f450f9f8b5524cdffc540002fd6106f90c5f260b2c54210c2b5c1222475ddf09585f01095a62d8fe506301e1ea5517f0fb5115f0de4400d5fb4b10b11b442a9d343d1aae0a3d2eb83b3b120adea2fe2d01bee50cca9f0132ce9e002abb9a180d9f9929e9959a2137cb9805f4eeff12111e052bfe180219e6370309d3010d1f062b0bf2e82e17fe285b16 pre_us=87694 enc_us=494683 q_us=113 pkt_us=2
[PKT] seq=547 mode=A bytes=260 pkt=01020001f4dd039af41c1598d9d4dd8ab2a5d687c6b11685e726c985a5a7c884bd3f2983fefa03010402220b0af82406eeda2a06fee6390ec325380a20fa4104dd265c01183e1998fc352a8efd20118ee73d308bf63ec58d1c6ec18f0a61c58d076b958ef4dd053b2610e13c2b0bba500f0301540cfcdc505bf4ce4f0cfba95546eedd57fcfdfa6902f711602c082f5a32eb34610cfb4861e9da5363edf55466c7d73d6605e3f15227efe9501f01e7430bedda4a1bd225422eb625402dba004145be2d3e0e04dba7fb26f5baea18dc9df02cac9cfd4ee3980e2fa89807e29d980909c89402e8f82511150c192f17f60027fe1d0708ec2211160d3213d8ef3517e73f5616 pre_us=87688 enc_us=494690 q_us=113 pkt_us=2
[PKT] seq=548 mode=A bytes=260 pkt=01020001e4e4c08af222ef89def4b989ddccd587cb1cb887d433b1869be5a586bd4bb485f8f20e08f50739ff01091cfff30932fff7302afeb4391efe06ea19febf3f32fe1c42dfacfd3cc2a6f927b9a40e38b6a10650afa03266a49f2060999d2052929ef8f1b83a1812a53e0b0dbc401cf7b9430316be44521cf145f52906473f12fb47f9fd4b6009f7384e10f6565003eb5253ffcc4c54d7fa5254d4e26256c0ff635601e5ff2a0fed012810f7112a10e61b2c0dd6142d09ea0f2c21c3392e2201462c1ffe98ad1033adabf91aa6aa0332a9a722f99ea5531b9ea44dfaa3a35043d2a2feea260f0f06211510ec141618ba2c17f5b8201715231e16e1d22a18f7104014 pre_us=87694 enc_us=494689 q_us=113 pkt_us=1
[PKT] seq=549 mode=A bytes=260 pkt=01020001ffee138c00180188eaf1b287c6baeb86cc01e985e93bca85a0b2aa85af2dc484f8eb32fcf400400400043400fcf232fdfa3146fc9e342cfbfce61b00b2113dfd2139eea20031fea10724e5a00334c09a0143ac990f6bb398115e9e9916649199f2f2094b1a08d9461d03d3470b0de44bf416c44d4ee0fb50e1290f4a152ff64cf5fc2b55fdf83d440200494e1704485205e04653d7ee3e51e3036158c2fd655900f0e42e1af2e72621f303290cdb173210c520312acffe331eb7403130d356300e00bea7072cb9a2fa28a0a31051aba00c17bd9f36309e9d31fc9d9d4842dc9e08ff1508190b1a0511fb300f23d42e0c0bb3210d4024fd0b04e02d11201f4413 pre_us=87702 enc_us=494685 q_us=113 pkt_us=1
[PKT] seq=550 mode=A bytes=260 pkt=01020001fef40e8a020ee688f442e387cd16ae86c734e285c4131085a99c9f85cf39ad84fcf12a02ff153402ee1f29ffed1421ff041640f903e9350307f81b01cc3b06fd1f2dd7a51832dfa21554b3a01463b29d036fe0990054cc9afd41a89bd44e8e9af6f5e94517facd4246f5c9441ccfde471418a8532a1ede4e27e0014b4ad42a4bfd06285bf402384afce94051daeb5355dec928500af43151230d61581bef5159fdf4ee2907edf62716c5112d2ab61c2f3a9df73026bb182b15d1212d32be422f0c03aca8151da4a52011a1a62b229aa3f730a0a0063c979d09db9d9efd1b999e02091f06fafd1c0b0af40e130fc21315fad8d60e0aefd8071eba041635edf413 pre_us=87692 enc_us=494693 q_us=113 pkt_us=2
[PKT] seq=551 mode=A bytes=260 pkt=01020001fbf7b68cf410c28bf243bb8bcc2cb28ad854b989bd30bc89aec99e88c334938700f41908ef0a34fff92531ffda1e26fff23e36ff001a24ff061819ffd04505fe1f31d7b0153dbaa90d5bb1a9136ea8a7ec72b7a5ee61b1a50152a1a3d36197a4f4f1d73726eddb3a19e3e93b23db0e3d04dbd23efd04ed3f06e7134138c736400005525e08014a4bf1e6524c08e2534ef6cd4a4f1ce34c4f22045a522ee75150f4f10e27fce4112613c620270aa92a291fa123290baf18290dc82e2b0bb5352811fca2b0200db2ae1718b6ae2e19b1acfc2cb0ab0621aaaa05ebb1a8f612a3a8fa03440e01fb4513020443141ae5451503eb3c15fdec3b1425cd321612090311 pre_us=87691 enc_us=494680 q_us=112 pkt_us=2
[PKT] seq=552 mode=A bytes=260 pkt=01020001f3f6b88df214b58cd938aa8dc700a88ccb4ba48cd22ba38ba6a1948ac342978afdf71208f21828ffe71a1e00f1111200d3481b00ff220dff07fd07ffd1470bff2531beb2223bb1ad2356afad295da9acea67a9aa0f5c9faa165a9ea8e04fa0aaf7fded341b06f63735e604371cd70b380dca12390ef5213919f2343b2cc82939fcfc5e5ced055248e8194e48d0194c49d3f2534ae8fa4d4af3374d4d010c474af9f02e2504f021250dc931250fcf27262cbe28260bbc3b261bc82f2811ce2c2417faaab22c13bfb1461ec0b25015b2b11e37afb02f14b1af34b5adad3225b0aefbfa300df90e3d12f21a451304f52d13f8183214e30f231300e30b14001a0d0f pre_us=87699 enc_us=494692 q_us=113 pkt_us=2
[PKT] seq=553 mode=A bytes=260 pkt=010200010200b58d0f06ad8c043da78ddd1fa88ce74db18bdd14b08bb1ab978ae000998a07fbfc08fc0b15ffcb350a00c7190000bd300400e421fbff07fb07ffbe4203ff1f239fb22a399eac314b9cad2a4e97ab0c6795aa146492aa144d99a8195b99aac4062b35fcfd1737210e283715f92938ebd32439f5ee2e3aec09363c2eb7373a00fe625cf8035a48d6174f48f81d4e4aedf6544bf8f9554bfa2f504ded284a4ae9e65625d8e84725cfef4425d9e14626feb64d27f1ca5526fcd83628f6ef3b240efcb9b228fdd0b1422cc0b24831b7b12735baaf2b35b6af28bcafad4a18b1aef1fc1e0de9ff2412e83314130b0a06131f210914f625fe13edfffc141916fd0f pre_us=87688 enc_us=494689 q_us=112 pkt_us=2
[PKT] seq=554 mode=A bytes=260 pkt=010200010504ad91f201a090f331a793bcf9a494c717ae94ca0ca394a89c9892d1d99b930718e4080715fc00e13cf901dd27fd01c145f801de44f90109020101b946fe011f219cb92a3fa1b44151a0b7425ea2b81e659fb81c64a3b8234eaab51449afbbeb02462e05f434303111302d3bfa3a2c18c6392c09ea382d0709332e50af332af80c4756ea153742cb20383fd51d333fd928343fd921323fe6403d42e841343df8d24921fadb3621f2fc3b1fece32f1f10d93b2000e1341f1bdb242107ff261c0decb3b82ce9b2b85327bdbb5d10b2bc4f3fb9bd441db2bc2da9b3ba491fb8bdf8e70d0cea12f810e334fa10d600f50f1314ff11ed40f410fb18fa100721f90c pre_us=87703 enc_us=494688 q_us=112 pkt_us=2
[PKT] seq=555 mode=A bytes=260 pkt=01020001050a048bf410c389d33bb689a8dfb288b637b787db49d487a8b79c86c742998608ef2306fb112b01ca282effe0ff21ffec2730fef83632fe10f127feed432cfe1c21ccab1f35bfa71252d1a53263b6a3106cc8a10e5ec0a11953ac9ff237a2a0e803e13d15f5fd3e48eed13f3be3de41f4d5ae431edeb34310f1054535bf1145fdfd325ef3fa454ae111444dee134b50dbed4b52ede73b52f429515421ff4d53f7ef1226fde8162617d9052af9c50c2b15b90d2c19c0f82b19bf0f2d14db122b0bf7a6ae23feb7aa3f26a3aa4b069ca83c229ea7250c9ea62eaca4a41a0aa8a4f80e1e09f1f52611f61a2d11f1d81f1400ea1414fa0c2214f1e53a1614f42f12 pre_us=87697 enc_us=494686 q_us=113 pkt_us=2
[PKT] seq=556 mode=A bytes=260 pkt=010200010008b990dc04af8ff52db391ae16ad91bd15ba91c008c091a2aca990d8199b90fe06e308f709fb00eb250000e508fd01e937f201081ae7011cc30201da4a0300222997b72b3f97b23b4b98b435489ab52a5c93b41d518fb4202c97b1fc29a8b6fb093b3011f027323ff12d3050f22d2f1bbd26300cdf1c300ee6233255ac2c2ef5f85458e6fa4e43cb094b4203064842ddf45343dfc35a42eb1a5645132c4340f8d84f22f9f53f22f2f63d21dcf73b210efb422207fd46210e042c23f015291e13f4b2b73b09bbb6512ac8b8622ebbb94c43bcb9372cbdb849a5cdb64c12bdb9fce7ff0cdd08ef10dc27fa11d318f210fe19e411d81bd411e2e0f111fe26fd0d pre_us=87692 enc_us=494690 q_us=113 pkt_us=2
[PKT] seq=557 mode=A bytes=260 pkt=010200010723b991eb04a391f241a993bdefa694cb4bb095c60e9e94b3ad9593ed049594fc10e8080613fc00d64a0001e2250001e33ff602f94703011f020401d55e010127229ab92a3ea0b5344ea2b83d5ba6b92d6c9eb9146aaab9194baeb6f13cb7bcf30d3f2e0af9302f41ef2f2d4e09312bfdde372b09c8352c090c312e3cb33229f3f64d56de1b3a41c4173b3fdc10383ec903363fdc05333ff43b3b41fc23313cf5d14b21fede382009f6351ff3d7301f0fb53d2014c0231f23d61f2116f5191c13eebbb929efb8b84d37c0bc51fcbcbd4322bfbd37fbb4bd2caab5bb1b0ab6beffea0d0cdf11fa10f02f0010d5f0fd0f0818fe11e420fb0ff908ff100639fe0b pre_us=87691 enc_us=494684 q_us=113 pkt_us=1
[PKT] seq=558 mode=A bytes=260 pkt=01020001f0fcff8cf104ce88ef48d688ca07ac86cb2af185c42dcc85a1b89a85b242a38403f62ffef3103302d82c3bfecc1932feef2143fcf2163bfded101bffb84c1dfd161adda21f37dfa10e5db39f0b66c49cf767c5980162c8990157a898cb549799eef6064917f0de4125ebda4606cedf4800e5c24e171fc74e31fb094b12f1064d06013659fdfb484ae5f04c50e8eb555403c54054f1cd3f540aff5f5914de5a59f9feed2f00efff280dcb172f27c40d3017c1f83416b8fa2f18c91e3318d7283012fbbaa72108ada42c16b4a4210c9ba21736aea01b1b9e9e27f2999d0e429a9ef8fe1a0803f2290a0f0c2e1125e12a1212ed170feed7280f12af2b1225f01214 pre_us=87697 enc_us=494692 q_us=113 pkt_us=1
[PKT] seq=559 mode=A bytes=260 pkt=01020001f7fbfa8aeafed289d93ed089b60cb688c63cc087ca24c687adb09b86d036938602f02006fb0e2601d11e31ffe90d28fff93424fefb1824fe0eeb1bfecd5619fd1221cdaa1e38c2a61f58b1a42964a7a2006cb6a01760ad9f2354999ee5399d9ff2fed63e17f1de3e48eae24041d9f84206d1b84527f2d1461dea1e4645c12546fefe355ef201464be105514ee3f75452d8d85152ecd05751f0235e5506054b5400f60c2702eb112614de212b12c4202c24bd142c1ae0182d21d12d2d13e81f2c0af7a4ad2206aaa94b23aea95014a6a7332fa1a62e14a0a431b3aba32b22a1a3fb06140aeef41710ff22271200e51b15f0fb0214f30bf9100be107150a090212 pre_us=87692 enc_us=494687 q_us=113 pkt_us=2
[PKT] seq=560 mode=A bytes=260 pkt=01020001fcfaf18bf00bd28aeb4fe48aae06c289c54bcb88c634eb88a2a39a87c8309b8704f11707ef1e2300dc2628ffe10026ffed2b2dfdf71d2bff04f614ffe0491afe1f26cead243fc0a81b55b1a72b5aa8a6f661c0a30a56bea20f3ea7a2da24b2a3ee03cc3b11efd23c3fedc83c3bd2ee3e11d0a74324fdc9421de31b4236cb0d41fdfc3c5df0fe3e4addfe414c03fa524eecd9434eefd7334d06375552250c3c50f8ee1426ffee05260cd5112802d718291dc9002b1ad6f72a14dd112b0fe2fb2912fda3af2907acac3c22aeac5108b0ab2d21b0a91ffa9aa72eb4a7a614069ca7fbfb150afaf81d11f3281f1208e8261500f30a13f4fa070d10c80e151d060611 pre_us=87691 enc_us=494685 q_us=119 pkt_us=2
[PKT] seq=561 mode=A bytes=260 pkt=01020001f8f7c48ceb09b88bec49b68bc520b08ad040ac89cd38bf89b4b5a088d22b938809f11508f81b21ffe7222a00d02623ffed3b24ff003423ff0c041bffed4e13fe172ac1b01a41b2aa335dada93367b0a70d6caea60b65a8a619519ea4f23da1a5ec02d53724f6ea3929eeed3a28d4de3c06cdd93d0ae0f33e25ec214028c9253ffbfd575ee6ff4e4ae4f7524beff1534dd2e0554ef0df464ef92750511108484ffbe626270de2192604cd1f27f8cc142820bb1a2916c00c2826cd242a23d7202710f4a9b01e04b5af4110b5af4119aead212eacab2807a3ab1abaaca915fca8a9f300350ee9fb34130023401406043b14faf63a15ef03351401fb221519230a11 pre_us=87689 enc_us=494692 q_us=113 pkt_us=1
[PKT] seq=562 mode=A bytes=260 pkt=01020001fa07158cf012f389d437ce88ad0cac87d553d386c735c5869eb19d86cc579a8504e730fef71f2c02e32b1e00eb0530fef83b2dfcf8214efe040619fed43d0bfe191cdda42234d0a21756aea1265ebb9ef76ac19bfb51d49c053d9e9ce94d929cf606f1471bf2e64238e6024030dcd547fce4d64b2d05ce4824d729483be6324902002c58f9f82f47ecf7444efdfd5252e0da38510feb3d521b1f535709fc4e57f8f5f22bfde5ea2811d8182c0cc6052f1aaafb3010cb002f0be425300fc73c2e11f8bda8250ab1a53d1ea1a75010a5a516349ba21419a3a021d19fa12d16a0a1f90c1d06f9e0130af405120f0fd82013f7e6120efaf44a0d16bf1b1505fcf813 pre_us=87694 enc_us=494686 q_us=113 pkt_us=2
[PKT] seq=563 mode=A bytes=260 pkt=010200010d14aa90fa2da690ea44a692cb16a192e82aa292ecf99c92d6bd9a91fd259a91061de208fc19f800dd2cfb01e038fd01fa47fb011b30020113050201bc50ff002a239bb833409bb330609eb5246ba1b6116d9fb6195aa5b5274ea4b31e5fabb8ec04452f12fa353140e7332f19ba372e0cc3382f16df342f2bf230315cb6392df5084857f1073943e7fb3941e2143741d1073741de133741e52a3f44ec26313fead94a22e3ce4221dfca3b2006d0322017b237210dbe2d2017cb302206cf2c1e15f2afb73403b4b74c03bab93f04b5ba0d06b7ba02e8b4ba1fb1b9b84b2fb8bbf2e9070ce2fefd10db1cfa10fe25f710e834f911cf37f810ee10fd110e3aff0c pre_us=87685 enc_us=494687 q_us=112 pkt_us=2
[PKT] seq=564 mode=A bytes=260 pkt=010200010efbb88eedf6ad8de210b08eb301a98dd038af8dceeca68cbebc968bc21f9b8b0e07e508f808f700e61cf900cc23f800cf44f200f51ff800f503fe00a742faff231e95b32b3f93ae324e94ae365694ae256791ac245c93ac325299aa336798add8ff3e3302fd33361d002c3526003836f9d83937f5df323705f93e3931c43a37f907575bf3074b47de104f47ea0d4b48ce094c49e1164c49d42e494bcf264448eae55025eae34724e7fd4624d401452503d44a25f9df472502d63b27e8f13f230af2b4b331f6b9b24f23bcb35d29b5b3463ab6b23b01b6b144b8aeaf6c43b2b1f4f4060deaf5f712dc27f812de01f6120c26f413e823f612f8f1f6130528f60f pre_us=87692 enc_us=494690 q_us=112 pkt_us=2
[PKT] seq=565 mode=A bytes=260 pkt=010200010304c490e209af8fdc33b990c7ddb091d143b891c61aa690b2b99f8fb440968f010ae008e50ef900e421f800d60ffa01e54af901fa14fa00f3020000a356ff00242694b6274696b1265c95b32f6b97b3ee6994b30a539ab3174a9db0f956a6b4f9fc373126f42b3220dc30310ec82f30fab7313106f1383125fd333349a73930fe005658f7fa4b44eff54943cf0e4a43e5ea4b4402083e43ef2f4546030f3a42f0e9532301e84422f7d8412105dc3d2114bb4022fbc63c2203e23824f3e5291f13fcb6b63807bab54c1ac6b8511cb9b83034c4b835f7b6b735c2b9b5592cb0b8f8fa020cf806f411f61bf711150eec11fd12f412e910f911fbf701122121f30d pre_us=87699 enc_us=494685 q_us=112 pkt_us=2
[PKT] seq=566 mode=A bytes=260 pkt=010200010508ab90f001a190ea39a892c004a392c636a993d8edac92c7b4a191c7fc96920118e308ed1efb00d630f901c23dfb01c146fa01ec35f301f803fd01a9620000261c9bb833439eb31f569db63457a1b610679eb6165e9db61a549fb3f95badb8f806462f12fa34313de8352f32e0342ef8d2382e02fd332e24f8303047be322cfc0e4857f1173943da113941e7293740c7053941c5223841c32a4044c036383feeda4922eae33a2105dc3d20f8fe342027c93a2117cf432027c639222fe9201d17eeb1b836f4b3b73e1ab9ba5321b5bb342bb8bb1210b7ba24bdb9b8330ab6bbf8e7090cef06f810ed2ff9100235f2101027f811e92bfc10effef9110047f70c pre_us=87701 enc_us=494692 q_us=112 pkt_us=2
[PKT] seq=567 mode=A bytes=260 pkt=0102000100f4ca8bdc0bcb89f43ccd89af2eba87cd3bbd87c808c886c0c2ac86ca5fa285ffff1908ea0d2cfff52a27ffd21915ffdd2b36fef31128fefd0335feba4e13fe1828ceac173bb6a61651b0a413669fa1f76db9a00b5ba79f184aa79edd68979e02efb93a25fcc33d31ecc83ff3d803420ddbb4441f14ca4530f9d54720cb1647fe064c60f404484edcf34450e3ec5153f3c64e54faf44d54e4095c56fee45956fff2042a15ec0f2824cc062a29bd232c1fb40e2c16c0212c2ae0192e3bab322c0c009ead2c0ca9ab230ea6aa4e189fa71f309fa51f219da52defaba30e399ca303f7260ffcfa27150cf6231629e0211718c9231702d7281610cb3b182def0f14 pre_us=87685 enc_us=494689 q_us=113 pkt_us=1
[PKT] seq=568 mode=A bytes=260 pkt=0102000111f9c08ef605b08de922ad8eba1fa38ecf3ba98ed30eb18dadc0a08cb7439c8c0a0ede0800fffa00cf2b0100c52dff00d634f500f21ff50005ebfc00c64afaff1d2092b42a4093af1f5397b025659aaf086c95ae135c91ae2a5f95ac157099afe4f63b3300f328352de12f3435c939340db8363511d3383615f9393826b83a35f9fe585af7fd5046e5094c46f1134246dafd4a47fcff4d47d71a4a4ae0174146f0f05324eddf482302e73f23fcc73d240ebd452505cf482412ba4126fdc53b220306b2b429f7bdb34212c9b55012b6b4442db0b3392ab9b349c7b6b16129b2b2f7f3fe0dec0cf311051c0412191cff120429f013ff04f212f0c5f913fc2af30e pre_us=87691 enc_us=494688 q_us=112 pkt_us=2
[PKT] seq=569 mode=A bytes=260 pkt=0102000105f6e08be610cf89bf26c289aa11b987c04cb887cd0fb586b7c1ad86a9669c85f6050e08f11133fff10c20ffd41a26ffd14821fff2162ffefd0325fea15914fe1621caad0f2ab1a61b61b1a42a6aafa2ec70aea00659aaa01a4b9c9edc75959e09f3b93a21fdd53d0e0fdc3f2ae7d04200bfcf4416f7dc442b0d014640bd2046fe043f60fa09494de1f74850eae94c53f5cb5254f7e25754ed065d56f2d85655fef7fd2a10ea13280cb2182a08c1072c21b30f2c0ed2102c16d72d2e0da9312c090999ad1a05aeab3602aaaa4e0e9ea720369aa61f19a1a528f4a9a35127a0a305001f0ffff93715ebec28161ad1201610e81a17feee33160fc8361810051414 pre_us=87699 enc_us=494691 q_us=112 pkt_us=2
[PKT] seq=570 mode=A bytes=260 pkt=010200010006f48ae80bc989d82ab488bd27ac87d04bb086cb24cf86b0d9ac86b453a28503f32006060f2e01d62729ffce3a29fedd4736fcee273e00030725feab5446fd1316caaa192ec0a51954b3a31e60afa00a6ee99d0f5cbc9e0b5b9f9c026eb59df4fdd53e14f1db3e48e1f04156d1f3451eb6ac4a2bd8d14824e7114850bede480004385ff3fc484dda0a514fe0ff4f52ddef4252fa044752f60d5356ef114f5601f10a2809f008271ce0132b0fd3132d1ab3ea2e17c9002b25c0292f1cc4072d06f9a4ac20f9afa94015a5a94421a2a53d399ca32c229ca12ff0a0a2512da6a1020b210be8fd3412f71a3114fa082c13071120110c1e381002e939161c475213 pre_us=87691 enc_us=494688 q_us=113 pkt_us=2
[PKT] seq=571 mode=A bytes=260 pkt=010200011918a4901aef9b8f43099d9111f2a091f801a692e7f6a891c1ba9b9023049d900618ef081020fe00db31fc01f520fb01bb30f701d623f60115130201ad26fe001d089fb7351ea1b24d2aa2b4552ca1b553519db43a499db42f33a2b26139a7b6d9ff4330befe3832f8f33c30fa0b372f1bfb3a30e9103230b905313230ef322efa0e4c58f4293843db2e3742c9393942cf3b3842c73c3c42d4464245be4a3940efdf4122d8f33022b2fa3221c5fd3421c8fc3b22e8eb4121ecee3123ab1b311efbe1b5b715dbb0b63f16b0b95a0ab4b9643cb3b94030b7b93dc7b6b76a30b9b9fbfd0d0ce409f710e401f510cbdef610fc0bf411f319fa10be1b0011ef1efe0d pre_us=87699 enc_us=494683 q_us=112 pkt_us=2
[PKT] seq=572 mode=A bytes=260 pkt=010200010a07cb8aee05bd89e02bb388bd1caf87dd51b086d840b086b0dda285b462998508ee2108ef161dffd6232cffd91527ffeb3b34fe02254cfe07e632fecd4b3cfd190fc6ab232eb1a52251b2a32a5caea00469bb9e1757ba9e2b62a59cfb6aad9cec04ca3b0aefee3f25dcd14115e4c944f9b7c0460ee7cf470ee9f14929bfe0490004516102044d4ff5045451f10c5654dcf54f56fbf94656d40f5758f8015658f2f9102beaf40429f1db0c2bf3d5072d0eb2f62e09c2032d10b9182f09b8062e06f6a3ac2500adaa4122a6a8511f9ea5312b9aa32d13a7a34ad4a0a15234a0a0fd0a400ff5f93415fb023f171008391702084a17fffd5817e8d948180d0b4f15 pre_us=87694 enc_us=494696 q_us=113 pkt_us=1
[PKT] seq=573 mode=A bytes=260 pkt=01020001f2f0d18bee10d08ada41b78aae1db288cf48ab88d02dc687a59e9987c341a286ffec1d08f21529ffdc231fffd4132cffed3d30fff5082bfeee0212ffb0490cfe1b2ccfae1e38b4a81455aaa61e6aafa4f06abba2ff46a4a20b449aa0e55a90a1f2f9c43918f9d03c3af4f33d12d5ea40f6e2c5411918be422b04254442d41a43fa064a5ff800464cf2f2524eefee5751efc956520cf0505203255754eef45a5301f00d2904eb0b2712d4202913c4152a10c0032b0ad1122b0bdc2a2d1ad4402a11f8a5af2616aeac4229a8ac561caaa9272ea0a8151ba8a721c9a1a53734b2a5fa08370e02fa311403fe301522e6381606e92d1605f81a1511cf0e1713100213 pre_us=87696 enc_us=494682 q_us=113 pkt_us=1
[PKT] seq=574 mode=A bytes=260 pkt=01020001140893942ef491944d04969841d99a9b54059a9dfe24979cd00a959a43fe9a9d0a1d06080b3e050101420402f73c0302e84405030e450803022e0903ed1305022909bbbd3f03bcba42f7bebf5a16c0c26437c2c25845c5c32c08c4c05ef8c8c7c5c72f2ac8e4322bf9cc2d27d4db2a243aff2b2413f22c24cc072a2641012520f6144e52e929383df31e3539d51c3338c00f3338cef13238f50a373bd3152f33e4f2181ecd07141eb20c161caaf8181b9722151ca90a0f1bbe1d0f1d8e3511170eadbcbc14bdb9bd27d7bec12abec1c553dac4c653d7c4c535bac1c459bec6c8ed1b060bdd1d090ed821080ec21c080db30f090fa70b090eb9ee0b0ea2f4070a pre_us=87705 enc_us=494683 q_us=113 pkt_us=1
[PKT] seq=575 mode=A bytes=260 pkt=010200011f0aa29321129a92492a999554269d973212a49910f5b298d8b4a49658db9d98071ded08022b0201042b03012c330302d2350402181cf90216160502072f0002291aa3bb3c0eaab7520fb2bb5d11b3be5c2cb1be4b39a8be2412afbb67f9b9c1c9ef422cb9082d2dd2e7322afa0b312850072d28e10d2e28d51a212ae5ed2c25f9044654f9273c3fef1b333cce16303bf327333bcd22363b0f2d423ed1333337d0e7361fbbff231fa503211da409241da81f271ecbf0351de2022a1f972f1d1906e4afbb1dd8b9bb3cf0b9be550abbc15c1cbbc22a24c1c1ffccc4bf4efec0c3eef8f90bdb27f90fc414000fad0e030ee5310110bd1ffc0fdf2e040fad15000b pre_us=87685 enc_us=494687 q_us=113 pkt_us=2
[PKT] seq=576 mode=A bytes=260 pkt=010200010dca989834df99995ed5a0a04fafa6a658c3aaaa2bd5a9a9c0d9a7a76cf3acac0818080805350202f23603033816040406040404fe2204043510040440f804042f02c3c33fdec1c152edc8c8640bcece5f1cd0d05c1ed0d02811cece681ad8d8bfd82626c0e92525d7cb1f1f90fb1b1b3a291a1a06c41a1aa3bd1c1cdaaa1414f83d4d4df8293838f32e3232cd242e2ebd0c2e2e01212e2e0b1e3131ee0d2727e1041b1bbb0f1b1b9f2017179d05151595051616a11e1515c7d7171786de0f0f0fb9c1c111dbc3c317e2caca12bacfcf53b9d2d24fd7d2d230c7d0d058d7d7d7eb400a0adc430d0de0360c0c99380b0b9d410d0dd42b0c0ca53d0c0ca4430707 pre_us=87709 enc_us=494686 q_us=112 pkt_us=2
[PKT] seq=577 mode=A bytes=260 pkt=01020001110bb98e21f9a88d3811a08e19ee9d8d0fde9c8d0fe2b78ce9b29d8b25d1918b07fd020804130b00de2e09001d100a00b8140f00cd2013001a030d00ac4507ff1c14a0b3352b9eae48259fae5742a1ad525aa5ac335496ac37369caa5433a3adca082734bdfb263600012e35c9f92e3612d82237d5e31837b7012c3911c43337fe035d5bf6144e47df274a47c0234b48d7315949d0276349d931544cd84d4a48ece65125d2ec3924b9103524c1ea3125b6fc3626d3f45025daeb3727b0212b23fef1c2b30fe1ceb23d1cbeb3491ab3b25a38afb23237dfb12cc5c1af5907b0b0f902240de7141612df1f0b12b3050512ef1a0813f9231f12cc0a0d130328000f pre_us=87693 enc_us=494692 q_us=112 pkt_us=2
[PKT] seq=578 mode=A bytes=260 pkt=010200010b0bbf8de50ca88cec3ab08ccb25a88ccf40b28bd725ab8bcadda78ad041bb8901f50608fc0913ffda2b1000ca110a00ea3c0900fc2004ff15ff02ffc739e8ff18209eb21d369fac155398ac2d6799ab086f92a90f6b92a9145592a7016c8ba9f304223511f51b3737d820381adb1e3906b4223a08e3293a16fb283c29990b3bfafa655cf3fc5748f4fd5849fdec594ad9d45d4becd1584bebef5b4ef9c2694bfbeb5a2601e83e25ffdb4825f1c647261cb3522714b551271bd14f2920dc562505facab224f4cfb13b25cab14f2db8b0262dcaaf241bb8ae20fdb6ac3447c3ad010d2c0dedfe1c120a141b1320080a13fe020e14f9e60413f4ddfb141850d910 pre_us=87696 enc_us=494686 q_us=112 pkt_us=2
[PKT] seq=579 mode=A bytes=260 pkt=0102000119fca692220ca2924a009c943cef9c964efca1970204af96f3da9e9462f5a296fc16ee08f824fc010329010129170201ed13fe020e07f702ff350202fe1a0301291da2ba3219a1b64f03acb95d10b0bb6439acbb562ba5bb3405acb960e2b2bfd0f0412dce0c312ecdec312ba0e3302a2f17382ad1092f2aadfd2b2cd6092c27f90e4a55fa203a40ed35363ed72f343dd5202e3dcc2b383dfd443e40e127333ad3ee3920d1ff3520a80f261e9ff3261e99f32a1fc1ee351ed8012820942d271a0bdfb4ba17fab9b935efb9bd4bcebbbf6b10b3bf5431bdbf0be8bcbd470ac0c1f5fe000cec15f50fd20dfd0fa8f4040fcd03f710c0f9f80fd626fe10c0ed040b pre_us=87699 enc_us=494683 q_us=113 pkt_us=2
[PKT] seq=580 mode=A bytes=260 pkt=01020001fe00b68bdd10d78ac827b88ab70da888cc4ec288c73bc987c1d6a487b3429686f00b0a0805122effdf1520ffe41928ffe24d2ffff31c23ff0a1b11ffba4911fe151dc9ae192ab0a8345bb6a62766b2a4056fada21063a4a21b4599a0106198a10cf1c4391705cf3c3eeed53d34cfeb4017bccf4131f9d3423701214440d525430301555ff005434cdbf7504edd005a50d4ec4c52ebd94852e8254c54f5074e5300f9142909ea0c2715dd0c2915c80e2a1bb2112b1dca162b25dd292d13d42c2a0d129eaf2affafad500ba8ac5a1aa6a93c39a6a83312a2a72ee7a0a65313a6a50a02160ee5f72614ff03271504ff331602032816f2fc0e1501f00317242efe13 pre_us=87685 enc_us=494692 q_us=112 pkt_us=2
[PKT] seq=581 mode=A bytes=260 pkt=0102000128d19f9f3fc7a1a156cdaeae69cfbbbb6fccc4c45ec8c2c225c9bfbf5cd1c9c900010808e3100303c6160404ab0f0505ea0a0707c70e0606e6ff0707f50d06064cbbcccc52b5cbcb53c5d7d760e1e2e269d7e5e55be2e6e629dde3e34eedefefbd0c1f1fb0fa1d1d9606141490f90d0d850f0c0cb3070b0bc9040c0c91060505da554646f25c3131f2482727e0442121d0492121f73c2020202e2323d9271818bb4e1616b14f1616a338111193330d0d8d390d0da02f0c0cc4230e0ebb0e050515cac9c907f3ccccf3efd7d7fbe5e0e0ffeae4e40ce6e4e4fde2e2e2d1e8ececdff60909e60a0b0bed0a0909e7d908089ee10c0cbcf60a0ae8000a0ada050707 pre_us=87690 enc_us=494679 q_us=112 pkt_us=2
[PKT] seq=582 mode=A bytes=260 pkt=010200011c109794350994945717999848089d9b5f129d9c2e34989c0fdf979a53e89f9d0825fe080b3b0501ee3a050224240402b6420403d9370303e9200902ed1ffe022d09b5bd3e03b6b95307babf5903bdc26325bfc25007c0c232e9c2c04fe8bec7c1ec3a2ac231362be72b2e27a70a29242d373624c23d2c248f262726df303020f61a4352f430293eec32273ad6342738f32f1e38ee371a3809412a3bf32e1e33dce31c1ebef0171ea104171ca5e01b1b9004111ca2ee0c1bb712101d92ee1a1706c6b6bc11efb0bd3309b6c134f1bdc5632db7c6461db0c5f0e9b7c341f6bcc8ed09040bda16010edb07020ea7f3040ddd05030fe9eef90edffc020ebbc4fe0a pre_us=87691 enc_us=494690 q_us=112 pkt_us=2
[PKT] seq=583 mode=A bytes=260 pkt=010200010ec6989828ef989857e09f9f3ac1a4a45fdfa8a81cf8a7a701e9a5a565d9aaaafb140808fc3c0202f618020229140303f31e0404f5240404f13e04041ff304042f04c2c236dcc0c051e2c7c75c05cdcd6919cece64fccfcf36e9cccc63ddd6d6d1de2626c0d62626cce1202098f51c1cf6061b1bbfd71b1baed71d1dc9141515f6414e4efc293939eb303333bf2f3030ac303030d9372f2ffa373232c71a2929e2051b1bc2101b1b9c1c1818ac081616920c1717a1251616cd1618189224101012b3c1c113eac2c22bd6c9c928c3cece61ded1d162edd0d01af5cece3acdd5d5f93f0a0ae5400d0dd12c0c0c9e2a0b0ba1380e0eb7210c0cd5350d0daa150707 pre_us=87689 enc_us=494686 q_us=112 pkt_us=2
[PKT] seq=584 mode=A bytes=260 pkt=01020001f5f7d58be305c389d935c289bd24b788cc4aaf87d22bb987a1a39786d83e968605f11b08ec0c28ffed221effdb2217ffec372bfff72323fe090210fecc5807fe1621caad2438bca62757a7a52f649ca20c6bafa11551a0a02753999e085f939ffff6c33a2bffc73d2cfaea3f40df01422ce7ba433714f4441e142e4642c73446fe044a60f3034d4ddcec524ff6ec5652d9db5b53f6f55453ea1a5656e8085055fff9062909ec082816d7212a09c9312c2dbe1d2c1ed5212c20cb2d2e27d0382c10ef9fae2d0cabab4019a8aa5730a5a82f3fa1a62c26a3a53bc59fa443359fa3f607300ff8f73215f4fd29160be41a1604f71a16fd003016f9d612172008f613 pre_us=87693 enc_us=494690 q_us=112 pkt_us=2
[PKT] seq=585 mode=A bytes=260 pkt=0102000100eca791f4faa090c714a592bb00a693d143a793d6f7a393b4a49592ac389792f61fe508f61efb00cf39f901be2ef701cd4ff901e93dfb010c0101019b58000127249db824419eb433529fb62c66a0b7ff6aa0b7145da1b71947aab4256dadb903fb472f14fa35302cfa392e17d8392dfcca352d27d8362efcfa362f53d2392b03154857e3203842e9183640c4233440c50e3540e8183740eb3c3c43db1f303eece04321fbe03821f6e937200dd5352022b7392017de322013d12022f3db241d13eeafb82aebb1b7501fb6ba5a26b5bb332fb6bc2e00b6bb2baab1b9682db5bcffeb020ceb16f110f51cf41016f3f4100824fb110234f610f703f8110336fa0c pre_us=87686 enc_us=494689 q_us=113 pkt_us=2
[PKT] seq=586 mode=A bytes=260 pkt=0102000126f1a19007e7a28ff5099d91d317a092bc13b192d3e0a691ae9c9f90c6f1a0910914eb08f919fc00e1360001c22bfb019f34f301c738fb01f7f60101a04dfc0029149fb724369cb24138a3b5434ba3b52e609ab51d5a9fb51d4d9fb23b53a3b7daff4630ebff3231fee7332f2f09382f19ec3b2ff4f42b2ff0132f314de5302eef174a57e7263d43e42d3d41b9213541c72c3a42c52c3e42cf334545b0383c40dae43c22ece93921d5f93021bbed3520e5f0422108ed3f2112d23423ec19351e03dbadb72adeb7b654f6bcb9591eb3ba5546b6ba261cb7b925aebab7633fbabaf3f7fb0ce819f410e31afe10b321f7101618f911fe25fa10ea05fa11dc2cf80c pre_us=87694 enc_us=494689 q_us=112 pkt_us=2
[PKT] seq=587 mode=A bytes=260 pkt=010200010cfcac8fe8faac8ed210ad8fb006ad8fc530a88fd323a28fafa8978eb11e948efb09fe08ff060a00cb1d0700b91f0c00d83e0a00eb2624000fdc1100bc4a04001b31a8b521469db01e579fb13762a0b11b6ca1b11161adb0163fa9ae205ea7b2deee283204fe203334ef233242ce1d32f8c2203333d00833fcf329353bbe3932f1fd6059ea055645e0124c44f4185144c3025145ede86045f23b5748db293f4402ef4a23fcdd42230ce93c22f5dc3b231ac23e2311e6322315d62725fbe82621020eb0b535e8cbb4481bc5b6602cc5b63837bcb634fccbb52ca8c7b36521b2b50407170de80e1111011e0911190b121106170f12f830281102eb1712e645fe0e pre_us=87695 enc_us=494692 q_us=112 pkt_us=2
[PKT] seq=588 mode=A bytes=260 pkt=010200010404b390ea07ab8fd21ba590b90aa791d82ea791d639a890a3a4988fbe3ca78ff31ae6080b0ffa00d52efa00c912f601d83ff701fe24f60018ecfc00bf28f900252298b6223d97b137579cb324629ab3ff6d9ab31b5a99b32158a0b023669cb406ee3e310bf732322bf8373112cd3a30f7c13a3119f4363106093a333fe1333003ff5158f10c4444df1d3c43cf263b43be173b44e5fe3c43ed303d46cd2f3b42ebeb4c23f5dd4122fce93c2108cf3d211db53d220bbf412215c23224fed63d1f1400b2b62bf2bcb55417b6b85f14b5b83d29b4b8350ab8b740b4acb56e45b7b804f1010cdb11fa11031ef9112407f311f910f512f30cfa11f2ccf412e63af70d pre_us=87687 enc_us=494694 q_us=112 pkt_us=2
[PKT] seq=589 mode=A bytes=260 pkt=010200010efbb48efc09a98dd61cad8ea7eaab8ec127a68dcd0fa38db3b9988cb327938cf805f20808130f00f9230700cd060b00bd420700e934090015f10b00a35c04ff1f299db41c2c9dae24549daf33669eae30699cad1c629dad264a9eab3064a1ae01f32f330efa1f350dff23344be41c3517d0283621f925360d032f385ad53a36f8005f5ae8145146c90a4c46e3175347c5035248d0fa5148d32f4f4bc4244347f5ef5124fde63f2406e23d24fbe23e2425db422514d73b2422db312705fe2e220c0cb3b41af4cab33a14c4b45012c0b34840bcb33a1cb8b23cbbb7b06a3cafb20107110de7151612d2230f12d71a0d1217110c13f4310612ebf60613ed3cfa0e pre_us=87689 enc_us=494687 q_us=112 pkt_us=2
[PKT] seq=590 mode=A bytes=260 pkt=0102000108f29d91f5039990d90e9592ab179593b9279793cbff9293b5b49091c7229292fc25f10806290100dd4e0301bb470401c4580201f5580601141f0501b26602012a1aa3b8213fa4b43750adb64661b0b7346cadb72265b2b72853b1b42663b4b9f9f2442f0bf8363020eb382e4303392d01cb3c2d0efe392e0aff372f4fc5352bfc134957e2233842ca2d3140e3212d40bc1c2e40c5202e40da343743c723313eeeec3521fada2c2104e82020ebda1d201bc2212011d015201fcf192211f11b1d12dcb0b821d9b5b747ffb3ba6014b2bb4b27b0bc3df7adbb38a8afb95e2db5bc00e6fe0ce116fd10e6140010f903001009060111e646fc10ee190311ef4afe0c pre_us=87694 enc_us=494695 q_us=112 pkt_us=2
[PKT] seq=591 mode=A bytes=260 pkt=0102000109f39692f40a8f91dd2f9394a5209495c4449496c11d9295aea69194a50c94950027fd080b3a0800d1500401b43f0801b3600502e956090201090402a9620101261db3ba2134b6b6354db7b93d56b9bb2163b7bb1c69babb185cb8b82260b9beeaf03d2d030a362f2ee6392c3100372a09d5372a02f7352a10f4352c39de3227fd1d4255e22c2f41dc24293ee82f243dc526253ed80d293dde3b3340c82f2e3aefd81c20f9dd1120e8dd161edfe0101e19c50d1ff8ca0f1e12cc1420f007191b0fc4b2b923c9aeb95103b4bd6611b1be502fb0bf44f0b2be33a1b2bd6821b8c000e4040cd928010fe61a040f0209010f272bff10e043020fec110410d13ffe0b pre_us=87692 enc_us=494687 q_us=113 pkt_us=1
[PKT] seq=592 mode=A bytes=260 pkt=01020001fbebaa90e912a78fe51ea890a404a191b809a591ce05a590bfc09d8fcdd593900301f208fc1e1400e9290b00c61f0201ce3707010533070017220300b05703002232a3b72830a5b13d3ca6b33c51a3b43869a3b32666a0b324469eb13051adb5e7f938310c1d13323f0929313ff3333012bd243118e6293116fd313356b5342ff7085558e41b4f44cd204443e32d3d43bf1a4a43c8fa4d43e1234a46d1393f41fad74222fbf43522f7f73421f1fe322113ec352214d4372226ed34241113211f10e9adb62ffdceb65221ceb86625b6b85a34b7b84209c1b720c7bdb65123b4b8f8f4080ce32d1a11da1c1811e009fe100cff0212e2230511e7110012fd45fe0d pre_us=87695 enc_us=494686 q_us=113 pkt_us=2
[PKT] seq=593 mode=A bytes=260 pkt=010200010bfbb58ff111ad8fd318a590a800a690ce2eae90d406ac909eb19c8fc0319b8f0210e508060bfd00ce35f800ca37f500c549f201e840fe000002fb00b94efe00212798b6203797b128539cb329649bb3147096b2136299b2275e9db00968a1b4f0f33d310efb2c3331f23b3126e13931fbb83f310bf92e320c1f3b3441c83330fb045258ed084744d1203b43da163a43c6fc3c44eb0f4144d2223f47db253b42f3e24d23f7e1422207ec3b22fcd53c2219b7412303d63e2211c138241bd732200bf6b1b625f0c3b54a23b6b7501cb2b7372cb3b72a1ebfb744bdb4b55032b5b700f2000ce013fe11ee1cf911f10ff1111612f012f940fe11ddf2fc121b3ff70d pre_us=87697 enc_us=494690 q_us=113 pkt_us=2
[PKT] seq=594 mode=A bytes=260 pkt=01020001feefa48def1eaa8ce42da78cb009aa8cc440aa8bda25a68ba7a89b8ac348968a03fe0208fd1938ffd5231b00d20e1d00cb351e00f32018ff0de514ffc5500cff1f2abcb2242cadac1f53a8ac2d61a1ab0d70a2aa0b55a2a9264f9da705629caaecfa16350504053738dd1b3719cc1538f0d4153a2adc123a0efa303c3ab7303afcfa625cf2065248e1164d49fa11534acaf2524bf5fb544bda2c534ee9064c4bfaef3a26fae8352509e22a25f9ce262617aa39271bd930261ece2d2821c132250e0ba6b226eedeb14720c8b15424bfb0362bbdaf2c12b8ae44adb8ad481cb1aefdef350df2064e120221301313fa311308f93a14011e2c13f5d3241420110910 pre_us=87696 enc_us=494687 q_us=113 pkt_us=2
[PKT] seq=595 mode=A bytes=260 pkt=01020001b1ef1496bf03f691bc1ef08dc81ce68b1611d58af0c6fd92b58e9f88ee18b585d7eb1af4e0f42601c8022a03ed242c01e5ef36f5d2fd15f7ee120305c84026ff0128fd98ef440297ec5fec98de6cda94015d0691e338048cee52fb93c46da896d9eef34cd0eeea3ec8f9c644bbd9dc4a9f33d859d50ce548b6d1ca49a1eaf34c1807125910f93a4a18ec3d5020cd375407d141491e053e543e274d5a23d25e581eefe3430fd2ec3c21bcfb3b0db1f840e8c5ef4309e0de5115bfd6371ba426350909cbab081eceac0238cba7ed32caa5d245ee99c71c0aa6c0f1999eaa2cb29e3a02030d2ff616023fe70f081ae501090afef6f117181af92ef415012113270b pre_us=87696 enc_us=494680 q_us=113 pkt_us=2
[PKT] seq=596 mode=A bytes=260 pkt=01020001f5f2b08ded13a78bdf31a58cb819aa8bcb56a58ade329e8aa8ab9589d13e948901e62108ef192bffea1f0f00d61b2100e03f18ff052a2bff110415ffc84c0aff1d27b8b11c37b0ab245ba1ab3364a0a9186fa0a81649a7a72855a2a50a5799a7f3fe0f361ff3103824e91e3938d8153b1cc4093c2202123c20002d3e50c1373dfe05615df3025349dbfc544afafa564cd7dc5d4df3f7534df4205350f1f74c4dfcee432608ea32260ed03d26fad1322718ba372818d82d281bd1272a13e4322614f4bfb12a0dd2b04018b6b05015c0ae433eb7ad2318b8ac32b4b1ab471cacabfd07510efaf94913ef132a140a043414070d3014ff004514ffe225150ffc0710 pre_us=87686 enc_us=494693 q_us=113 pkt_us=2
[PKT] seq=597 mode=A bytes=260 pkt=01020001b9bb07adc0c4139fbfdb1c90bede0490e7b9fe900ac1f696b39a9b88cae6d586f8f403fcf006170b02fc3c081dfb3c0416ce4406f2ee4016200c130723b95d02eb461098c85b2494b45f2797c4613291ea4b4d90ba3f158fb9431695b3471394ee010e38d600f529bf0fec44c62003449f1ce242c702f72ec5dcd44ba247e35143fd056140dc17584cbd1e5048a62c552fbd2d5834c72c6258ed4a584bb444541dcbe7561bc3ef4610c5fb3905cb0e46e9e00a47f7ea0f450fd3e736f7d12e34c6edeeb5b218e4c7ab2cefaabe4003a8c3482fa4b10b07c0b7139ba1a711e49e2a01f92119fa10180ffa1c0a15c81202f9e829001201321b35ce020a130e0c00 pre_us=87691 enc_us=494688 q_us=112 pkt_us=2
[PKT] seq=598 mode=A bytes=260 pkt=01020001da05df8bdf12d589db37b589cc33cf88e75ed087ec2cc687e2b29c86e95a9886f0ee1e08e31c2efed52c18ffca2026fff24133fdf81b2100e10315febf510bfeff19c5ad1b38bda5145bb1a5185da6a3fa69b8a0144fa9a01e4a9e9fe34b929f2a00c93a21f8e93f16ede63ffdd0dc41d9cabb45c604fb44d4011c45d1c23245fffc485f00fa3a4becf64b4ee2fc4a51f8d2415110ed4b51011e54541ee952540cfa1429f2ea0429f9cc222a07cb152bffb1072ce4cf1e2cebd11d2dd3da392b07f4a6ae230db5ab3319a1aa4a2da6a8142ba4a609199ba411c3a0a41d21a7a4e90a2a0df8ef2a1000ff091225f21e150a0c201301081a111dd314181b090213 pre_us=87697 enc_us=494694 q_us=113 pkt_us=1
[PKT] seq=599 mode=A bytes=260 pkt=01020001fd0fcd8df619bb8cdd28ab8cd938b28bd53ba48bdb23c28aa5b29b8ae432928901f21a08f21f22ffe32a1a00c82f3000e0393100021f30ff14e813ffe04b14ff222ac8b23037b3ac2a4ca9ac3053b6aa1764cba90a4fb3a91945a0a70c49a4a9f20ac93514f0003833fd143846ddf73921bad83a21e6e73b13fc2a3d44a9293bfdfd515cec004948db134849fc10494bde11494cee1b414beb234f4efc1d484bf4e21a26f1f4132509e32326e8eb152612bd032717be0d2716c3272914d1222517f6acb23509bcb0410db5b15635b4b03023a7ae0a0fabae34a9b1ac2e0cacadf904390deeff3b12e9182f131023401309234314e8303f13d8db2514132c1510 pre_us=87697 enc_us=494683 q_us=113 pkt_us=2
[PKT] seq=600 mode=A bytes=260 pkt=01020001f922999314369193eaeb95972b18989946149b9b480c9b9aeba7989869389b9bf32eff0803470501fe28080110520502f6490502f4360202eef70302b45e0202332eb6bd2d41b7b83b3ebdbd3e13bec046fbbfc03af2bdc0532ebbbe45ecc1c5fae8392b19f6382cf7fe2e28e3f72d2600e22926d0e02f26befc2a27e8d72522e9064353df23293ef7332c3be31e2c39df213039fc182d39e647353ce32d3135ebd81e1fead7131ee0d9141cb8fe171cccf21b1cbaee1b1cb9fb1b1e953d1a182cc8b9bc25eeb0bc41d3b8c02f08bcc30eebc0c406d7bfc44b99bcc23d43c3c6e409090bec29000fef1e050eba30040ef92e080ff818070eba0a050fef4e030a pre_us=87710 enc_us=494688 q_us=113 pkt_us=1
[PKT] seq=601 mode=A bytes=260 pkt=01020001c9eb1391d90b2c8ed9c3b18fce10c8900f2cd2922602e590b5d9b890ba4802911cd9320220df54061bed3a03191858020bec4401fa2333032711fd0138f05a00ec2f1fb2ee2007b2e64033b6de44fab60147f5b2d63be5b4be63d3b2bc53c4b6ebe1dc38fd0be138dee8f535d2c1d031b1d9d833bed5ef32eee2f532d92fbd2f34dc194f2dd5203933d0363c2fc7383f0e01293f36e81e3f55bf4b434da8413ffdd0ef1f00d7f81affd3061af8d9071dd5ba0621c3c7f51e0ab92722e5a3421ee416c2b4e600d9b2cf39b1b6df03ddb6d9e6c7b9c3e5beb7b8299fb6c20313b90ecc300514e1380719d7330c14c43d0bf006330cfbdc390d08d00c0ffbe1420b pre_us=87693 enc_us=494689 q_us=113 pkt_us=2
[PKT] seq=602 mode=A bytes=260 pkt=01020001e124989412229194e3ee9497e717979a3be0999c37e1989bf6d9979942189b9cf628fd08fb4b0601ed410502185104021346040308240402db230402bc5101023030b5bd3e3db8b93e51bdbe1e29bfc1462fbfc12d1fc0c12f01bebf3d04c3c6f5e23b2b1bdc332c0deb3528e8f92e25d5ed2e25b8cf2c25f7f62a27e0c72721e5f94253dd232e3ede2a2b3ac6212d38cf062e39f92531380136363bf02a2e34f3d01c1fe3e8131edce1111ccdf8121bdee0151cb1e7141bc5171a1da818181730bdb7bc2ae5b2bc49dab7c1390abac4dacdbdc504b7bec42cb5bdc22410c3c7daeb050bee23010ed93b050e9a25020ddf25050fcf1b060ee511080ef827030a pre_us=87694 enc_us=494688 q_us=112 pkt_us=2
[PKT] seq=603 mode=A bytes=260 pkt=01020001d9fe9f93101ca1930705a096102ba5984ceea19a24eaa1992ee89b975c2d9f99f715f0080a2ffd01fe290101174c0002043e030210190402ee220702d2400102353fa7bc343da5b83c45acbc2c1aadbf4b0cb3bf3419b2bf37f8b6bc38e1bbc3f8df432c0eed2c2d02c72f29e50a2a27da112e27b3022c27f90e2b29fbe32923e7f14554d721393fe71a333bce0b373ad70a363aff11343a0324393df5103036f1da2d1feee5341fe0ea271dd212281ccefb211daff8231cac221f1e9e151e1833c9acbb2b01bebb39f1b7bf3634c0c2eaebbfc31bc8bfc22fcdbcc02518c1c5d8e9f60be812fd0fec13f60eaa1bf80ee5100010c1f2010ed60c050ff21afe0a pre_us=87687 enc_us=494685 q_us=112 pkt_us=2
[PKT] seq=604 mode=A bytes=260 pkt=010200010220c1931f27ac93ebc7a5961c1aa4985ae9a49a2dcda7991ddda09757fca09aea14e908ff3805010416030125510602f82e060216170402e5260702cd470102363d9cbc282f9fb84858aebc3526b2bf5021b7bf2b0eb2bf3af5b3bd3e03bac3f9f8322c19e5222de4ef3129cbf21f27d6d72a26b6012b27d5f0232809d32923e7ee5354dd1d463fd418353bd71d3a3adb18363ae81d363af73c403de7293236eae4481ff7fe341fdfcd291dd303241cd8e7261dd8ea261cce11241ebd101f18320bbcbb1819cebb3dd5bebf171ac5c2ddf2c5c301e2c3c31ed7c2c12011c3c5ed16040bf53aff0feb05050eb242030eff2a0e0fc70d050eea2a060f0b2a020a pre_us=87694 enc_us=494686 q_us=112 pkt_us=2
[PKT] seq=605 mode=A bytes=260 pkt=01020001f5399a951d3991951a1b999a11379b9e26f99ea03ff69e9f17d19b9d4610a2a1f52c0108fb4e0701133b05020f5404031a2a0703001d0503f61a0503e93a0103383ababf3e4cbfbc3848c0c11b34c3c6381fc4c6391ec5c61afdc4c416dcc7ccebf0362926e12f2914df2e25ed092b22ebf22a219fff2b2100e1242318cc221cebf73f51dc1b2a3cd60e2a37b8242635d8112635ff1a2435172e3038051c2930e3ca191de2e10f1dddd0151bdcef1419f6d2141aa3db1319cd0a141bc50a171534c6babe2cf1b5bf2bdbbec42b21c0c8fad3c0c9f8d0c0c90ebbc0c70b0dc9cddd090a0bef39020ed73e060da230020dde09070fd813040df00f060e03150209 pre_us=87692 enc_us=494679 q_us=112 pkt_us=2
[PKT] seq=606 mode=A bytes=260 pkt=010200010039ae93120ba293f3d7a297230da9995900a89a39d9aa9a00cc9d986818a19ae02bed08f033ff01fd1efd010f3efa02e9180002f319fe02e80d0602b84701023235a2bc303da6b83b56acbd2639acc03f16b0c02b2daec01902b6bd34f1bac40af73e2b15e1352c0cfc3228f5fd3126d9e12826980d2d26c8142628ecdc2a22e9004853e42d323ee61d2e3bd7142f39f921333a101d31392330373c16132f35e2d7421fe2f42f1fdac7291dc9e72a1cace4281d99d12f1ca715201e8b1b201830ffbbbb2911b8bc3ef1b6c00722bbc3f0f7c0c4edefc6c31dc6bcc1151cc2c6e91c110bf123fc0fdf10f60ebc19f40efa25fb0fc727020ec812020feb2b000a pre_us=87695 enc_us=494692 q_us=112 pkt_us=2
[PKT] seq=607 mode=A bytes=260 pkt=01020001e013c492110fab92fa0ba7950ef4ad9653e9ab972fe9a59626cf9f956524a097f405e40809280101f01dfd012f1f0402f1240702ec140402d4170602c54f0401364398bb333d9cb62f44a3ba221daabc490bacbc2e02afbc3911afb934ecb7bff3f3362d10dd2a2e1bd4362bebef2b29ccd524299ae82c29c9dc282bfbd22626e9df5255db0d4840e80d3a3dca1e3c3cdf10413d04183a3c0931423f05133939efd84b20eafc3620f2dd2c1ed4ef281dc0e42d1eb5e22c1eaf002720a523231a35f1b8ba220ebfba3709b8bd271ac1bfe6e2c9c0fedbc2c020bfbfbe1324c3c2defafe0ce923f20ff71eee0fa113fc0ef6120b10dd05060fe2200610153e050b pre_us=87715 enc_us=494683 q_us=113 pkt_us=2
[PKT] seq=608 mode=A bytes=260 pkt=01020001f116b6911721b09109f3a19314ffab9449f0a89536e1b094fcd3a2935e069a94f9feff0808251200f21f0e012d250f01f028090106f51001f5100b01db490401324dacb93337a4b43b4eb0b7371fabb95218aab92c20aab8400facb63adfb5bbf802282e0ae9163003e22b2dd32c1f2ccde3292ce0161a2c04ed252edece282ae7e45f56e31c5241eb16403fde14453fe913403ffb20433ffe374842031c3c3cefd54d21e6f13c20e6e0231fc7fc2a1fc4fb2d20c9eb341fcd0e2b21a627221c2efebcb923ffe0b83707bdbb2a16cbbdfefdc2bd1bdccebc3ccbc8bbfe13bfbedd051f0ced242010001f0810b222110ff8120d11d4101810db221110063f040c pre_us=87697 enc_us=494687 q_us=113 pkt_us=1
[PKT] seq=609 mode=A bytes=260 pkt=01020001dc16c4920d0eb392f6eeac95e9ecb3973ff7bb9826cfb19717d2a3956b009e97f506e408082d0301f119fe01132601021b20030216000402f00e0802c94701012f4598bb353b9ab73553a5ba1b1aa2bd4821a2bd4119aabd39ecafba3bf3b8c0faf7362d19e6252e07df2d2ae91c2129f0f02028c20a2029e4fe252adacb2a25e5e25254d71f4840e90f3b3dcc1b443cbd04433ce5273f3c0241443ffa1d3838f8d84a20effe3a1febdb311ecf21301de4e3351ed7e2321dca1b291f9c1f201a33fab7ba2612ceba3c02bbbe3227c7c0eafad3c111decac030cec5befc2cc2c2d708fe0be32bfe0ff917f70f9e1ef40ed30f0410d712080fee110c0f0231ff0b pre_us=87686 enc_us=494687 q_us=113 pkt_us=1
[PKT] seq=610 mode=A bytes=260 pkt=01020001e92abe932228ae9326f39f961f1da7994eeba89a35e2aa9918c7a09746059d9af011ed080b320701f03e0401f74a03020a2606021a0a0702d8140602dd3e01022e3b9ebc3b37a0b8343ab1bc3431afbf4d01b2bf3c0eb3bf31fab5bd09e3bec3f7f7312c0cec1c2c03c12f2909f22326d4e72826aa03232600eb262821c72623ebec5253d4124a3fde12373bd8143d3acf173d3aee1c3b3afa46403def263636f8d9471fe7ff351fe6ea211dcf112b1cd9f1251dbcec281cd117241ed81a1b1832fdbebb2116d4bb16f8bcc03136c5c2dff4c9c312e1c8c335c8c4c10a0fc4c5e714090be93d010f0722fd0ec055fc0ee819080fc4250b0eff150a0f0c25010a pre_us=87719 enc_us=494683 q_us=113 pkt_us=1
[PKT] seq=611 mode=A bytes=260 pkt=01020001ed24be922107ac920618af95100ca79639dca99736d9af960ebea095530d9d96f606e608042a0501f52002012c380202092104021f0a0502070d0502ea470301353f9abb3a3c9db6364aa4ba3436abbc4922abbc2e24a8bc4004adb941f1b7bfe105362d10da262e03fb2d2be5eb2829dee12b29b7f32729e6f3292bd2cc2826ede35255db214740da053c3dbf1c3c3cdb203d3dea183e3cf045423fdc1c3739edd54a20e4fb3720e3d7341ee9e62c1dece02d1ed8dd321edd122a20c709201a3503b5ba2013caba3702c2bd0f20c0bfedf5c2c0fee8c8c033c2c1bef90ec2c1e6fdfe0cf027fd0fee15020fac36fd0fe41b0510ce27050fdc160710f332020b pre_us=87710 enc_us=494687 q_us=113 pkt_us=2
[PKT] seq=612 mode=A bytes=260 pkt=01020001e413b4931c18b393f6e5a3961c1da09838ffa9992ff6a498bdc99d97612c9e99f20ae8080726ff010209040123400502111e0a0204170402eaf70502bc55030239469ebc2f3b9ab83342adbc1d12b4bf3c02b5bf1bf3b4bf4017b4bc3beabcc3f4f23b2c12e4212d02d12e2913ec2727f8d72527effd2927f0f82729f0c72424e8e54d54dd124a3fe723393ccc1f373ae40a3a3b1010373afa273e3de6223637edd7401febfe391fedd5251de209211ce5e4281db9f5271cc20f241e95301e1938f6aebb2016cbbb39d2bfbf3212c0c2ffebc9c202d6c5c247a6bfc02b31c3c4e1fef80bef27f50fee11ff0fb227000ef2101210e907070ebc16060fe33d040a pre_us=87709 enc_us=494691 q_us=113 pkt_us=1
[PKT] seq=613 mode=A bytes=260 pkt=010200010814959625039296e0f3979b17db9c9f3b17a0a239f4a0a1f8ef9e9f530da3a3fc280608fa500701e83205022d2806030e2c04031b110303ed190303c43e02033e39bec0310cbfbc4535c4c33ce8c9c744e6c8c845e3c7c84ef5c5c560fecccefcc12d2821ce2e29ebbe2b24ff0a242018cb2220cbea2220e7d0232206cd1d1be4fd4c50ec21373be4353236c62e3134dc163134f7123134fb373537c4382c2eddf3151de50c111dd6ec121ad7251218dc051619ab031919c7251a1b9332141432b5bfbe25d6bdbf50bfc3c535e5c6c91dd8c8cb20bac9ca50bcc6c96217cdceda22050bfb2a0a0ee014080db4090a0ced080b0ed3140a0de0110a0dc3130609 pre_us=87693 enc_us=494679 q_us=113 pkt_us=1
[PKT] seq=614 mode=A bytes=260 pkt=01020001fcec979715f8979707cc9d9dfef8a1a13ceea5a532f7a4a43406a2a26027a6a6f8070808f7430101fd2602022d1e03030f2604041d000404d8230404b84503033515c1c13bfcbebe4308c5c53adecaca50e8cbcb4edacbcb45d2c8c858ebd2d2f6ab27272fba272719c622220edc1e1ef7bc1e1e9fd51e1ec4ce1f1f39c71818e71d4f4fdf2b3a3add403535b9323232db313232df243232ee393535cb312c2ce6ee1c1cec051c1ce4071919e30c1717cf0b1818a60f1717ad271919943e121231b4c0c02fecc1c13ecfc7c744eacbcb1ccfcece2bc5cdcd44d6cbcb672dd2d2db330a0af43c0d0de42c0d0da5100c0cf40d0e0ebcfc0d0de70b0d0dd8320808 pre_us=87721 enc_us=494689 q_us=113 pkt_us=2
[PKT] seq=615 mode=A bytes=260 pkt=01020001fe1598951f199395e4f997990ad1999c52e79c9e34e49c9d15fe9b9c60259f9ffc270008005207010940030227570702f2410403052a0403e62d0403c35401033f3db7be352cbabb3d3dbfc0423ac6c44114c4c4270bc4c539f0c1c24f09c8caf4e4352a17f3302ae6dd2f26f4f72523f0d32722aad62823dffe2624e4c8231ee5084552d6262f3de12e2c38be253036f90d3036091830360e253639ef122d31ded31d1eeaf5151ddde3161be6f3121acbe1181bace5171aba1c1a1c900d151634b9babd21ebb6be45d7bdc316e4c1c6edd1c7c8fcc7c4c742cbc2c53911c8cbd70d050beb36040eca2c040eb14b060d0e350b0fd426090ee337080ee4410609 pre_us=87719 enc_us=494682 q_us=113 pkt_us=1
[PKT] seq=616 mode=A bytes=260 pkt=01020001e3f09b921031a491db2ca094f8fd9e952403a89627f09f95fdd29b945d1d9b95ed28f008042ffe00f62b03011e4103011033fb020f1ffe02c7210201bc59ff013038a7ba2c40a1b52f4daab93c2baebb442aa5bb350aabbb3c2faeb84716b4be0edf452d15fc2a2fe7052f2cfefb342afcf3322abf09342afbfe312cf6d02e28e5064655e8173b41e10f343ec02b323dd915343ef522333de53f3c40e528333afee42c20f5d93a20e8d72c1fe701231eeaed331fc0ea281ebfff26209525221b2be0abb92309c2b943f4bfbd3320b6be110fbcbf0bedb5be46c1b8bc3439bbc0e601f70cf823030fda1d020fb825fd0ff01ff910d40ef40fda28fe10dc3cfc0b pre_us=87709 enc_us=494685 q_us=112 pkt_us=2
[PKT] seq=617 mode=A bytes=260 pkt=01020001f60097921f379192d531959514f7949656119797440896970600949563349897f92efc0806490701003f04012e480602f43f0402ee2e030205200302d85a0101382fb2bb303ab4b63254b6ba4026bbbc500ab9bc290ab8bc4b0eb7ba5211bbc0fcd33e2d1000382ee0ec362bec183329c2f33329d5ea3329ceec302bddb12d26ea104355e31d2c40e115283dca372c3cee102d3c0f182d3cf730343fea153039eed71d20ead3141fe7ca171ed3f2121db6ea181ec1e4191dbf011b1f9a091a1a27c5b3ba1bf3adba46e7b5be2e00b4c0f7e3b8c0fdc9b8c049b7b6be361bbdc2e6e9040cf01dfe0fcc0c010faf23010ef91f0510f10b030fcd120410e83c020b pre_us=87691 enc_us=494691 q_us=113 pkt_us=2
[PKT] seq=618 mode=A bytes=260 pkt=01020001edf494951d309196d91d969a40019b9e4b159ca13bfa9da012ce9d9e6727a1a2ee21050807500701e94c060205530603e63f0703e3270503d2130503c44f03033737bebf351dbfbc3336c4c245f4c7c64afbc9c729ecc9c7430bc5c531dfcbcd0fb12e2910d92f29dcc32a24ece62621dde52520b0f92521a5e4232207e21e1ce10d4d51e600373ce4173337c9213134ec0830350e15303407343537f3152d2ff0f6161de4010f1ddce9111aaa2b1219bd04111aa9001319a315191b9725141431b2bebe27d8bdbf40d6c2c42024c6c801d1c7caf9bec8ca2bb0c5c82413cdcee017050bf030090ed0360a0db13e0a0dfa1c090ee1150a0dd50c0b0eeb340609 pre_us=87716 enc_us=494681 q_us=113 pkt_us=2
[PKT] seq=619 mode=A bytes=260 pkt=0102000104f695951d1c9295c7ee969a17ba9a9e4eef9da040f99d9f0dd49c9e6410a1a1f1250508f2570701f328060229270603f2480703eb340403e6110503ad5102033f34bcbf381cbebc4044c4c2471bc8c64b0ac8c72ef1c8c74b07c4c452f5cbcc04b32f2910dc2f29d5e12c25f8f52821c4ff2321afe32521a8f32423f2cd1f1ce8124d51e811373cd9243237ce383135e62232350c153035ff273538e7392d2fe1f9181de208121de0e9111ac7120f19cb15131aacf71519a315181b8f3e151433b7bdbe30d5bdbf50b3c3c441d4c3c8f8dbc8caf0d6c8c938b1c4c74f2acbcde724050bfa2d090ede0b0a0db7ed090d00340b0ee32b0c0dca190a0ee7350609 pre_us=87688 enc_us=494682 q_us=112 pkt_us=2
[PKT] seq=620 mode=A bytes=260 pkt=01020001f211b9911023a891e700a593fb04a8944701ab9534f9a2940bdba19363259d940209ec08072bff000315fc01372ffe0115140001161ffd011c000001ed5601012f379cb937459db43a52a3b73327a4b9480ea4b93a07a8b84f14a5b65617afbbfafb3a2e18ef2f3012e0362de80f312c01f8272cd8ed362cd30b2f2ef4ca2d2aecf75156df124141cf19363fbc143a3fd20f3e3ffa10383ff42a3f42d11a373ceeda4821ede73b20fcd2311fe6ef2e1fd5f13420d8e5311fbdfb3421ac0c281c2aecbab9290ac1b83df0b6bb2924bebd06e8c2bd06e6b9bc51bdbcbb1c2bbcbedd000a0cec23ff10d801fa10a0f6fe0fe4160111e5fefc10b8f7ff10e839000c pre_us=87705 enc_us=494690 q_us=112 pkt_us=2
[PKT] seq=621 mode=A bytes=260 pkt=01020001eb1aab911609a191f8f59f931a30a1945302989543e799940bea9c9356fc9894fe18e808062ffa00162afd01254d0101fd440601f9330001f8190201e050010132359db93a3d9eb43953a5b7372ba7b95923b1b92e1aaeb84923a9b64a1db2bbeefb442e0af53730e7d3352dd2152b2ccceb352ccadb382c020c302e08cd2f2af4fb4a56de213741e425363fb8133b3fca0d343ff825323fdf403a42c73b333cead14421e6f13720ead02f1fcf002d1fcde61e20dbdd251fd8fa3021c3fe211c2ddeb4b92706b2b839f2b6bb2f23c0bdeadfb6bdf3e8b6bc56dbb8bb1914b7bee2f0070ced19f210d80df5109f21fe0fe1180311e4160310d9130510fa2afb0c pre_us=87699 enc_us=494685 q_us=113 pkt_us=1
[PKT] seq=622 mode=A bytes=260 pkt=01020001ea14c0911311ae90f3fbac9310f2ba934ce4ba9436eeb3931beba39259f99e93f604e8080d25fd00f710fe013204f2010308fd01fe14fd01ed260301c0490101324198b9354099b441589fb72b269bb8401c9cb830189db84f16a4b54d22adbaf8f5372f16f32f3015f2302efa14312cecfc1e2dcbf52b2dc505292f18d12f2beaec5556d8134742d3133e40ba20423fda124b40fd174440e5394342d12a3a3df2db4b21edfa3d21f1d53720f0e9411fe4ee3c20d0e63c1fcb093521bd04281c33f5bcb8241cc0b849fdbdbb1433bdbcf0f5c6bc06edc9bc3ce3c0ba1e1fbdbde10c060ce627f810ea12fb10adfaf30ffb0ef911eb120110ea1b04100927fd0c pre_us=87695 enc_us=494683 q_us=112 pkt_us=2
[PKT] seq=623 mode=A bytes=260 pkt=01020001f31cbe921716b19203f9a3952035a996460dad9735eca497dabb9c9562339b97f80be5080a1ffd01f72e02010b460702fb3a0902051a040202e80502d95a020131439abb343e99b63333a9ba2d0dacbc4efeaebc31f7b1bc4821b1ba43e2bac0fbfd362d10e2252e03db302bde04212907032229faf72a29e9ef2a2bfbcb2726e8e35155e00e4940ee253a3dd90c3d3cd10a3f3cfc243b3ce8363f3fdf253739f0d34920e8f03c20efea281ec0112c1dcc092e1ed2fe2a1ece01271fa2341f1a2cfdb1ba2307c7ba31f2bcbe3229c8c00207ccc017ddc4c051a1bebe3939c0c2e0fbfa0ceb19f60f0122000faf37050ef8291110f90b090fc2ff0710f243040b pre_us=87700 enc_us=494686 q_us=113 pkt_us=2
[PKT] seq=624 mode=A bytes=260 pkt=01020001f5d6a093151da593f0ffa9972cfda6994f08a99b1de9a69a24f1a198571fa49bf520f0080532fb01f62501012630fc02fe320202012a0102fa240302e33f00023d41a8bd3133a4b83327abbd4c15afc05112b0c03d20b1c03cefb3be48f3b9c4e8de422b24102a2c19fc2a2806033126f50b2726f3042e261d0928284de42a22eb134453ce20383ed638333bb92d2c39ca1a3439d1273139ea3e393cbf272c35dee52d1ffbf1381e03ff2f1dd805281cd7ee281debe92b1cd019251ec124211833e0adbc2a1cbebc340fc3c0262abac3edfcc2c418f2c0c337f1bfc13b2fc3c6e1f8f70be71efb0fe112020eb400f70eeb10fe0fd3f1010ee310030fddfdfe0a pre_us=87722 enc_us=494683 q_us=112 pkt_us=2
[PKT] seq=625 mode=A bytes=260 pkt=0102000101e097951c2b9395dfeb999a16dc9c9e55059fa01ae39c9f52149a9d5107a0a10425ff08f84a0601f824030215250503ef3b0303221f0503d62e0503d91d02033b2eb7bf3815babb4219bfc152f6c4c541e8c3c64c19c7c647cdc4c358ebcbcceec538292a122e2af3052e25efd325220bfc2721bdf52921d4e52523e5e2211ce2204551d722313cdc392d37be4c2f35ea1c2f35e4182d350d343438e52e2c30dfea191dea01171deb07171bd7131619ce00191ab9ff12199c34161b963213152cbeb7be31f9b7be45d9bec431dfc2c800e6c8c92bb9c4c93edbc2c75cdccaccd4fc030bef2b010ee0fa060dc5f1050d080b090fb507080df819080ed0e90609 pre_us=87710 enc_us=494686 q_us=113 pkt_us=1
[PKT] seq=626 mode=A bytes=260 pkt=01020001141499994b21969b4b06a0a21118a5aa27e6a7af12efa7ae20e3a8ab69f6b1b2f7230708e3340902fd0f0503eb220604e3210905f026080512210705ce2103045030c4c54ae8c8c354facdcb2fe4d4d32204d9d52001d9d531dcd5d23ee6dcdea0d52724da102724c6ed211dc5fe1d18caf51d17c7ef1b17af051918ecde1310db06484ce11f3337db272d30e20e282c0122262bf827272be02f2c2eee1c2223c906111ab1220d1a9f0c1116d0140c13d60d0914f7050913e0101115b5050d0d2ebdc5c31ce5c3c533d1cccd13e8d2d3e2c4d2d6f8c5d3d60addd1d4f4eddbdcdb01050ade070c0cc2ed0b0bd7dd080af6db0b0dedf30a0bbf190c0c07fb0506 pre_us=87725 enc_us=494677 q_us=113 pkt_us=2
[PKT] seq=627 mode=A bytes=260 pkt=0102000119d19a9a3cd29b9b2ab8a3a361ccabab51d5b0b033caafaf40ccadad70e3b3b3fc170808f1390202d1210303e03f0404d12a0505ea280505f20f0505c63304044427c5c54b03c3c34830cccc4c24d4d43af7d6d633fbd6d63de5d3d350f1dfdfacdd2424c9d32323c8e61c1cbecd1717baf016169adb1616a5fe1717e4c80f0fee2f4b4be7393636df482f2fcc282b2bfa212b2bfe2d2a2afd292d2df3272323bbfb1a1ab1111a1ab2f71616c2e41313c4f41414bcf91313ae0f1515a8190c0c2dc6c3c323e9c5c543d4cdcdd8f6d4d4d5e1d7d7f6d9d7d7fdc5d5d5f6feddddd7590a0add400c0ce4390b0bf1380a0a062d0d0dd02f0b0bd51d0c0c10200606 pre_us=87715 enc_us=494681 q_us=112 pkt_us=2
[PKT] seq=628 mode=A bytes=260 pkt=01020001ef18bb922010ae91f6e1ae942605b29548feaf963ef5aa952bf2a09465239c96fb0de9081025ff000a09fe013106f801f6fd0602f5f90602f4100702d34a020133469bba36359bb6304ea1b93f33a1bb4802a5bb2ef5aabb24e3acb836e3b7befff6392d0ed92a2ff3b82e2cfc1b322ae4d1212ab4cd2a2af90b252cf2d32d27dde55155d9154741e31a3e3ece013d3dea09453d01113f3d062a4440fafe383af3d44820eaf13a20f3cc331ec9dc351ec9ee2d1fb0ea2d1ec10e2c20a81b1f1b2cf8b3b91c03c2b938ffbebd210eb9bffce9ccbfffdfc8bf20c6c2bd051ec0c0d6fc000ce713f80fdff0f90fb2ffee0ffbf3fe10dee8080fe3180b100f21040b pre_us=87716 enc_us=494690 q_us=113 pkt_us=1
[PKT] seq=629 mode=A bytes=260 pkt=01020001eef0989416349794dc079c9810029c9b46fd9d9d3fdb9d9c1ac6999a62169e9de933fc0802480401e72903022f2e05021d3e0603e92c0603eb2a0503be5001024141b4bd2c32b2ba4746b6bf4121bbc24c0ebfc22e09bec3380cbfc04d03c2c71ace3d2a1d12302bf6083227131e2e24df0f2924aa1b2b24c2172826ebd52820e7104352d620313ddd2a2a39bf372638d9292a3802182a380234323be0262b33e8e21b1efaeb1e1ed9e41d1cddfa191bcee7181cafef191bad0f191d9612181738d3b5bc210ab4bd4eedbac13f19b9c5fdf3bcc6f2c9bfc521bbbdc42f1bc4c8e503030be92dfe0ee322020eb3f6ff0ddd11020fe2fc040ed420060ee11f030a pre_us=87689 enc_us=494687 q_us=112 pkt_us=2
[PKT] seq=630 mode=A bytes=260 pkt=01020001ef1bb9911c11b091f5e4aa9326f3b2953bddac9533d7ab9404e1a4935e1c9d94ff09f2080a190000ee22030141fff7010e1707021af90b01e3150801e2400301313fa0ba3b449cb53f53a2b83526a0ba2d05a4b92e03aab93111a8b73e00b2bcf4fc332e17e3242f10cf302cef05202b07d1262baee01d2bf4fd282d06c92c29e7e85456db0b4c41e71c3f3fccfc493ef40f493ef315473efe294841f3073a3bedd44821e7f33e20e5e92e1fd7063c1ef0f0271fc5e82d1fd1ff3121a301231b2df8b9b92215c5b94600bebc2b2eb8bdfcefc9bef4d8cdbd42ccc8bb1d1bbfbfdaf50b0cea1ffc10f012fb0fac16e80ff10cfb10d40c080fe0290e10f727000b pre_us=87716 enc_us=494682 q_us=112 pkt_us=2
[PKT] seq=631 mode=A bytes=260 pkt=01020001f0d5a1952025a6950509a29a2d10a69d3805b29f31dea89e28efa19c5f14a5a0fd23f2080930ff01012a04021b3a0503171c0603271c0303021f0403fc3b00033e3cabbf3e2eaabb3911b7c14702bbc54beeb9c54408bcc545f0bbc344dfc3cbecdc3f290d18232a14ec2b251c072222ff321e22d5082622f50523233fde261de6124351d021393ce6342f38b9312f36ce1f3336da1e2f35f43b3538db1f2931e2ea2a1ee3f6321de801201bdd1a231ae5102a1ad6fd211ac928211cae29191531e2b0be2d16c4be4401c2c3311dc7c70e0bd1c91be3c9c83bd3c3c64a2ac7ccd8f0f90bdf29020ee41e030dba1a040de70e0e0fc805050ddc18020edc120009 pre_us=87713 enc_us=494687 q_us=113 pkt_us=1
[PKT] seq=632 mode=A bytes=260 pkt=0102000107c998983c3d95994a309da05404a5a64010aaab25f2a7aa2fd3a5a761f0aead04070408de480602f53b07030e1a0404db1b0504f0190504f9280504e11603044b26bfc33af7c3c147f0ccc94ae6d0cf2cddd0d12cf7d1d133dbd0ce45d4d7d9a6ba2d25e5152b25d803211fbb111c1ac0f01b19b0e01d19aeef1c1bf5d51513e133494dee0a3238e6142f32eb062b2efd1e2c2ef4342a2df13b2f31f6292526c002171bb3210f1ba92b1017a6171315cf0f1416d3ff1215cf171417a615100f35a9c0c230fdc0c32812c9ca07dacfd0f8d1d1d314cbd0d20edbcdd02fead7d8d4e2050adf23070dcb340b0ccb190b0b03080b0df1fd090cdc1e0a0c00f50507 pre_us=87718 enc_us=494687 q_us=112 pkt_us=2
[PKT] seq=633 mode=A bytes=260 pkt=0102000114ad9c9c5b029d9d61eaa6a65adcb0b04bd9b7b72dcab5b541bfb2b257bcbbbb33c80808ed4002020c2d0303fb330404ec280606fc020505eb3805050a180505591dc7c741f1c6c655fbd0d042ffd8d82dfedbdb2d14dcdc3106d8d836fce5e59db82222d0c22121d8ee1a1addd61414aed712129fd41212bfe81414c9ee0c0cdb354a4adf183434dd132d2dd11e2828071227270224262608222a2ae4251f1fb4dc1919aefc1818ad0a1414d7e81111b6fc1212c1e71111d6021313bdeb0a0a2b90c5c51002c7c70de8d0d0e3e2d8d8eae1dcdc04b8dbdbe6e3d9d9e3d8e2e2b0e60909c5240c0cc2350b0be02f0a0adf260c0ccc150a0af8370b0bbb110606 pre_us=87711 enc_us=494677 q_us=112 pkt_us=2
[PKT] seq=634 mode=A bytes=260 pkt=01020001d911bb931810b193f6eda4961b13a79949f1af9a3802aa99fad3a1975f159e9af609e8080f28ff01121a02012333030204140002f3160302fdff0602bb4d02022d409cbc3e3f9cb83545acbc381fb1bf3701adbf22e9b0bf4c01b4bd3bf2bec4fdf3392c19eb262c0ee72c2901f72926f92d2726e7252526b0f825281bd32523dfe34e53d61a443fdd27383bcd28353ae50f373a0e1e3a3af93d3e3def2f3336ffda431febf3391feae5291dd405261cdf032f1dc01c2b1cb728271e9d261c1832f7b3bb2412c7bb36ecbfc03b27c1c2faf7c6c303f4c8c337c0c3c1471dc4c5d7fbfc0be922f90fd321000eb21a010e0008020ff906040ec814090ff735050a pre_us=87719 enc_us=494685 q_us=112 pkt_us=2
[PKT] seq=635 mode=A bytes=260 pkt=01020001deeca596213ea496ef04a29c350da4a03affaea333f6a9a2fdd5a3a066ffa6a4ec20f308f8390101f02e030239290503092b0304f8220303ff160603df480303403aacc03d21acbd4b36bbc344e9c2c84df8bfc921fac0c939ffc1c74feccccf0fd63d2828092128140d2b2327092120fb13251fe3f8241fc6071f21e9e81c1add134350e520373bd92a2d36ca272c33de112d330e1d2b33093d3236f223292dedec2d1dde0c2d1ce3051e1ac62d1918cb052319c7ff1e18cb161d1a963815133eefb6bf3b29c3c04f03c4c63907c4ca04f2cecc07e8c7cc24bec5ca1026ced0d8ed000bf633fd0dde25020dac1d010ce6080a0eec0a040de122040dd33c0408 pre_us=87694 enc_us=494684 q_us=112 pkt_us=2
[PKT] seq=636 mode=A bytes=260 pkt=01020001d9e2969625329396e803989b32419aa054169da238f49ca1edd89d9f6013a2a3e8180308ff540901e82d0502343d0603093e0604043a070326200503eb340403403fbbc03b05c0bd462dc5c346f0cbc84bfeccc92e1accc934f5c7c64cd5cfcf0cab30281fd52b2810e52a230fd4262007d9251f0de1251fe40925213de21d1ae3174c50df16393bd8243236c3072f33e3fe2e3305072e33f0223236f0252b2ef4f01a1de1210e1ce208131ac31a0d18ccfc0f19cdf40e18d418151a9849111340b0bebf33fabfc051d4c5c546f8c7ca03cdc8cc07c5c8cb2cb9c5c93a13cdcfe410040bf02e090de5220c0da901090c01190c0eec31090dba0e0a0dd51d0508 pre_us=87721 enc_us=494682 q_us=112 pkt_us=2
[PKT] seq=637 mode=A bytes=260 pkt=01020001dfe7a4951c41a495e20da3992902a69c4d0bb29f3de0a99ee3cca29c69ffa29fdd24ef0802340001ee2606022d2c0102fe260203f626040316fc0503d14902034441a8be3316a8bb4934b7c0490bb7c44307b3c53f12bbc53bedbbc24be9c5ca0cde3f2a2213232a00012626fb0836230b1d1d22ebfe2522dc0c222413c3201ee10e4452e0183b3de42c3438c21b2536d8232f36ec323036f7423839dc3a2f31edf2301eea06301de205221bc8031e1addf42c1bd9ff221ad721201c9d3b19153ff4b1bd3620c4be4ff5c9c33831bcc60006c8c8ffe3c7c845b7c4c6242fcacbecf9fb0bef2efe0ee222080eade9010dfe0c040ffe0f040dc810050ef4260409 pre_us=87716 enc_us=494676 q_us=113 pkt_us=2
[PKT] seq=638 mode=A bytes=260 pkt=01020001edeb98951a399295d82d99991efa9a9d4f05a09f3de89c9e0ed49c9c5a09a0a0e432fd08fe500601e94504022b3305030b40040305320403ef0b0503b24e01034337b7bf281fbabb3c28bec14f00c4c55106c1c53401c4c54afdc2c349fac8cb13d23a291f0a312af31d3025fb072922c4ff2a22c8272622c81b25230bdb211deb184151dd232d3ce11b2838ba332936d923293600222a35ff293338e6392c31e5e3181ef4ee121de7fb141bcd09121acaf21a1ac904151aa3231a1c9133161539cfb6be2703b2be4204bdc335fbbdc7faf9c2c9fcdbc0c843adc1c6441dc9cce8ff030bef28fe0ed827040db00a040de318060fd726020dcb13080ed9350509 pre_us=87720 enc_us=494689 q_us=113 pkt_us=1
[PKT] seq=639 mode=A bytes=260 pkt=01020001def19a9514479395c5f1989a1b269c9e3b189da036fb9d9fd1c79c9d621aa1a1e133fc0805520801cd2e04021944050302490703f03c0403db100403bb4e03034141b6bf3321bbbc4c49c0c12df8c3c63bf7c7c6330bc5c63f10c2c43ae5cbcc10df3a2920172f2905dd2c25ea1d292200202321b6fe2921e3052723e9d01f1ce31f4051db212c3cd9302b37c4242b35d6102d3503182b3506413038ef312b30ece71b1de9fc121de4f4131bc3121519e00b141ab2f61619ca17191b9a33141542d8b7be3514b2bf51cbbfc43128c0c8faecc7c9fae0c5c941acc1c7122dc9cde5fd040be538ff0ef00f040da50f040df128080ee71d080de203060eed3b0409 pre_us=87693 enc_us=494684 q_us=112 pkt_us=2
[PKT] seq=640 mode=A bytes=260 pkt=01020001f1d196961c349397f20d989c1f269ca148f79da424e79fa3e6c9a0a163fda5a5f9160308024b0501f32b06022b3608031b400704ff3207040c020403e83e03034433bbc13d0cbfbe4820c7c446f3ccc95a0aceca2604ccca3ff1c7c84fdbd0d1ebb5302811e02f28fbe429230acc251fd31d261e02dd221eeff52120e7d01a19df274b50d315353ae82b2f35c7162e32c6132d32f12c2f32e5403435c0412b2ce1fb1a1cde08111cde081119da270d18ce1d0b18ed041118f017191aac35131237afbdbf39efbcc052cdc4c63205cccbf5d6c8cd09d2c7cc42aec8cb2911d0d1ddf2040ae125060de703090db9e70a0cd3fb0b0ee415080de00d0a0dec190708 pre_us=87694 enc_us=494686 q_us=112 pkt_us=2
[PKT] seq=641 mode=A bytes=260 pkt=01020001eed79d931427a093de0e9f9729349d995404999b32009d9ae2c497985eff9c9b0221f6080839fe01041f0101334a0402013a0802f62d040210020602e75c01023437acbd3537a6b93d4aafbd461db6c05211bfc0250ebac04216bdbe5d0bc2c5ffd9402b19022e2cf8e42d28fb013526d6322b25e30a2b26db052727fbbc2622db1a4653d31d373ee322333bb2102839dd2f263903262c39d53d363cbf3c3035f3e1291ff2f32e1ee4e2261cdcec1d1bc6f2111ce1e61d1ce8011a1eb52819182ed2b4bc3213bbbc50e7bfc01e27bac3f6f0b4c402e2bec4459fbcc22628c3c6d9ee000be527fa0fce1dfe0eacf1020ef324fe0fee19030ec406060fe63b050a pre_us=87707 enc_us=494690 q_us=112 pkt_us=2
[PKT] seq=642 mode=A bytes=260 pkt=01020001eed59a95212f9695f31599992e029c9c4c099c9e2e089d9de8b5989b640b9f9ffb32fb0807420601e34703022b280602f94a0503113a05030c050603f35902023a3eb2be3c2bb4ba3f32bbc04afabfc44affc2c43511c1c44021c3c258fdc7c9f7d03c2a0d222e2a010c2d26062c2c23e9162b23d9122c23ea232924ead4211ee2194352d71f303de22c2c39c6282836d7172937f9132636e73d2f39c72f2c32eddf1e1ee1ef181eebfa181bce08181ad6fc141bdaea171ad31a121cac2a16162dd3b7bd2801b4be4605bec33002bdc6faedc0c700e6c0c74fa3bdc52425c7cadaf4040be527fd0ef21a010eb3e5020df615060fdf0b050ebf08060ee13d0309 pre_us=87699 enc_us=494686 q_us=113 pkt_us=2
[PKT] seq=643 mode=A bytes=260 pkt=01020001fff79a9519309995c9f69c991fdf9c9c42fd9e9f3f139d9ee6c29b9c682aa09fed33fb08f5400501eb320502382f0502112b07030523060306f20603da4901034335b3be322eb1bb4345bac05021c0c44804c2c533f5c1c53e00c2c247d6c6ca0fd23c2a1a092d2aedf7302603273023dd072a22ac1a2622b81f2624f3d2231eed104451dc21333dd5382a38b12e2436ef2e2736fd1c2936fe323139ed232b31dff11e1eeefa1e1ddee91a1bd4fb121acef3111bc1ef161ac215181c9031171533dcb7bd30ffb9be52eabdc3300bbac604eabbc8ead8c0c843a0c0c63128c8cbeaf5030bf62bff0ecc13020eabdd010deaf2030fde13020dbdf7080ecc2c0409 pre_us=87694 enc_us=494686 q_us=113 pkt_us=2
[PKT] seq=644 mode=A bytes=260 pkt=01020001e9e8a3941c22a394e7e9a69815faae9a44f9b39c32faae9bc9d7a1996200a09ce72eed080a34fd01fc3500021826fc02051bff031418010214ff0402e84702023948a6bd353ba5b9454aacbe5225abc2461fafc22cfbb2c235f2b6bf51e6c1c71bdc422b1f0b282bef012c27091c2e25f30a2124f3142324e2202526f0d12320e0094453df15393ed329333ab82e2e38d6293038f72633380533393be4343034fde6311ef2f6331eeef02b1cd7f3301be0e6311cd8fd2b1bd924251da82f1b1733f5adbc2214bebd37fcbfc13635c3c4fe0bc5c510fec8c547bac1c31d17c6c8e908f80bf02ff80ee224f90ebaeffe0df20e090fde1d030ebb0f030e002b020a pre_us=87690 enc_us=494688 q_us=113 pkt_us=2
[PKT] seq=645 mode=A bytes=260 pkt=01020001e722bc92231db892e3e9b09520faaf9659faae9725eeaa97d6c2a1955e119f97f110e9080a2df901f6fcfd012d360102f0230602f8170202fef90602e653040132409cbb37439ab6395ba3ba3633a6bc4310abbc1902a9bc3103acba4afdb8c0f0f9342d0cea272ef5f32b2be5fa2b29eee62229dee52a29f3dc272bf1c12426ecea5255de0f4840df073e3dd01e3c3cde183e3c02103f3cf03e443fd62b3739f2da4820e7f2401fe7c3341edaf0311de0fe2e1eebf12c1d01032a1fbb1e221a36feb6ba1a27c6ba44dbc0be1e24c7c0ec07c7c0ecf9c5c02eb1c4be082ec3c2e304010bf229f50feb01f80fb81e040e111d0710f114fc0fe3f8050ffc3a050b pre_us=87713 enc_us=494679 q_us=113 pkt_us=2
[PKT] seq=646 mode=A bytes=260 pkt=01020001e1fa9a9518339896dfdb9c9afc099e9e38ea9fa124ff9da0d1e39c9e6821a1a2f523fc0809440501ee2e04022a3605030f3706030d310503fc100503d05602033d38b7bf3c2ab5bc3c31bcc24012c2c6450ac4c727f7c6c73bf3c3c550efcacdf4ca3b291c1c2d290f072a24e7f42a21f71b2720f7062720e017272228dc211bdf084151d4242e3cdf462c37cb2f2a34dd1b2b350d182b34033a3137e12f282feae0181deaf11b1df009181add0a1619e009161acd141319df34171b9944131438c7b6be2b0db5bf46d5bfc4470cc1c80ccfc4ca10d4c4ca40c4c2c83d34c9ced7dc040be51dfe0ee81f010db0fa020df201050eecfd050dd4f4070eef320109 pre_us=87696 enc_us=494688 q_us=113 pkt_us=2
[PKT] seq=647 mode=A bytes=260 pkt=010200010221a594172ba794d6eca2982715ae9b55fab09d51eca59ceec8a09a6c40a19df027f008ff2ffc010c1602022a35fe02f6240103f110020307f20403c94e00023735a7be262ea5ba4144b1bf3f2aafc24c06b1c31cf0b8c343fdb7c043d7c1c7faf03f2a2cfb2a2bf1022d27f1072b24edeb2924f0fc2924b3012826eed22520e3f74752de25383ddf0d3239cb183037eb1a33380b1d3237ed37373a000b2d33e6e6331ef8f5381eebd9251cccfa291bc3fb291cb6f91f1bb816211d942b1b172ff7b3bc241abfbd44d9bec2252bc1c5fa10c5c601cfc1c63ab3c0c42830c5c9e118010bf02cff0ed7d5fe0eb216fb0dfd05010ff3faff0eb903020ef530ff0a pre_us=87717 enc_us=494681 q_us=112 pkt_us=2
[PKT] seq=648 mode=A bytes=260 pkt=01020001df1faf901116ae8fdff1a7911b209e9247f1a1923fecaa91ebc5979052009791f8f8140802262300010c110117361801fb2f0f010d081301ea020b01c75c08002c46bfb73140b0b22d55acb5302bb2b5331fabb52501a7b5390dadb2421bb3b7f2fa1b301ce510310de71f2ff2e2172f02d32b2fe8fb142fe0c92931edb9262ee7e15c57e3144e43e3104741de194a41e9114442060d4c42fd364a45e0284240fbd93922f2ec2e21f6e02521cb031d21dcf22721c6fe2e21c4fe2523af12241e29eabbb71e0ed8b638e1bfb9380ac3ba0101bdba03e1cdb93daabdb7290dbdbae1fb420cf41e3c10db211b10c5171f10f8181111f11c1610d4200f11004b0c0c pre_us=87694 enc_us=494685 q_us=113 pkt_us=2
[PKT] seq=649 mode=A bytes=260 pkt=01020001f829af931c18a193f1e19d963124a49848f7ac9932eba99902dc9f9764199d99f521e508042cfc01f32003010f4c010209330102fe19010226050302ce48010239409fbc3d39a4b82f46afbc2e2aafbf451eadbf2c1eaebf4305b1bc42e3bbc3eaf7442c11fd2c2d0cdd2d2915f22e27ea002c27dffb2827bafd2a29eccc2824edfe4554d729363fde2e353cc413303ad71a333b0223353aeb2e3c3dff293036e2cc441fe2f2371ff9d3241de1f92a1cdde82c1de2e62c1cc901271e9e291d1936fcb3bb2506b7bb36c9bcbf2135bdc2f20fc3c3f3f7c3c238c8bfc0251dc0c4de09070be823fb0ffb1bfd0fc527fe0ef2290110f120010eb90c040f0622ff0a pre_us=87687 enc_us=494690 q_us=112 pkt_us=2
[PKT] seq=650 mode=A bytes=260 pkt=01020001b40fb98dd637c98ccc1eab8dc9fda68cb01ca78cf568ac8bb0f7958ac578ac8ad3000508f41833fff6240d00ee091300fbf12600de5717fff83112ffcb3919ff0349ceb20a34b6ad0d17a7ad2027a5ac2049b5aa2270adaa1f70a5a828709eaa14f3ce3404ffdc37070d1b37ff0b1b38fedef8390fad103905e2263b07020c391ff8555c2806414832194548151844491204484a07d0514a0edb534d09de4a4af0d51925dfe61625daf02a25e6e02a26d5e10926d7ad1926ecaf2728e1a03824240ca0b22014bdb1120db3b223f4b7b156e7abb04b4daaaf4311aaad5e31c3ae06f62a0d100f42121122211306191b13def72c1418eb2913e5d01e141def360f pre_us=87699 enc_us=494686 q_us=112 pkt_us=2
[PKT] seq=651 mode=A bytes=260 pkt=01020001b70fb18ed739c88dd809a58eddeaa18dd609a98d0e3fa68cb9cf9d8bcc6dac8be8f90208e9154000f81524000b032300f7f52800a1471e00001f1900b44106fff93fd3b3f92eb7ae0914b8ae0917b8ae0134c0ac2773c7ac0674adaa18799fade901d933f7ffe136ee090a35e7010936c8f9e937daadda37bbdb183902e3083704f4535be00e4047ed304147e9254148c01548499dfb4b49c3074b4bb3e1494812cc162518e8142423e811241aec05251ce205252caef7251ca0182706a0322315ff9db31c11c8b21118b0b321e1b2b33905aeb23f44a2b140f5aaaf5e41b4b10de1270d130a4912220d2f121af2281205ec37134ce33012f0d029130716150f pre_us=87704 enc_us=494688 q_us=112 pkt_us=2
[PKT] seq=652 mode=A bytes=260 pkt=01020001c807af8d0520aa8cfa299e8ddef8978cbad8958cfb20988bafba948ac6519e8adcfb0d08e7282effe6281c00f20d3100dc05350092562fffcd1f25ff91572dfff644c6b30738b3adfb16b0adfb16c3acea35cbab1e72beaafc71b0a8da69adab1efe01341cf60637f4100e36f01b0637eefc0f39f0b61a39cae11b3b04f40139f9f3575cdbfb4f48eb1b4c48ff214c49db2d444aa1104a4ab808544db9074f4a08d62b2502ed2d2407ed1d2503e70d25f6d50c2602b3122601b01328e4da1f240a08a6b3010dc7b1ed0dbab2fefab5b112d4b3b02c25b5af26e1b2ae3038c2afdcec400df0034712f6142e13f7fa4813c0ee4d142feb4813d2d83814e5353f0f pre_us=87706 enc_us=494688 q_us=112 pkt_us=2
[PKT] seq=653 mode=A bytes=260 pkt=01020001fe09b091242ab19023f7a592fdec9c93f317a793230ca292cecf9c911d429b920c02fc08fc220a001d140f0130f608012dfb0c01b9190201141b0301ca5c01012b36a8b830269fb32411abb61cf0afb73e06a9b76853a5b65346a5b45541acb9dff9312f1cee19300cd21f2efcd8292decde292e53d4322e11ed303061d6312cf2ed5957f20e5042e31d4740eb1c4440db014541bb353d40b5484443ac1c373eece54421e3074021ffe72a2007ef2920e6ec2d21c9f73020f6f42e22f51c291d21efb5b82419d3b7fce4c8ba19c1bfbb4adbc9bb6833b8bb5febbbb95a56b9bce8f3160cfc221310ec231310d8e70810ade214110515fe10c3210011eb47fc0c pre_us=87711 enc_us=494683 q_us=112 pkt_us=2
[PKT] seq=654 mode=A bytes=260 pkt=01020001ef0ebd921824ae920ade9e94f4e2a696fefdac970306a796b8d2a0950c47a3960302e408fe290301151905011c10030234180602b0160102060d0402c75000012d449abb2b279cb62120b1ba1711abbc4002a9bc6961aabc4e47abb95e30b1bfecfa392d1ee2202e0fd42b2b04df2c29f3d62b2959ce2d2907fa2b2b4fed2926e9e64f55ed184940f6243b3ded0e3e3cda10403dce323a3cb8473f3fb6213539f1cd4820f60438200deb231e19e92b1df5ff2b1eccf12e1efc012820dd2e281a2cf4b0ba2315cfba05ddbdbd0ee2c1bf3cf2c9c06d1fc0bf61fdbebd6b5bc1c1e3e8f90c032b000ffb29030fed09fe0fba0605100726010fcf140310fb4ffc0b pre_us=87694 enc_us=494689 q_us=112 pkt_us=2
[PKT] seq=655 mode=A bytes=260 pkt=01020001cb2cb490fd27b08f1619a69103f4a491bbd9b291fa07a390a0cd998fc72c9c90cafe0c08e31c1000ec1a0f00d0120901d0e70d018e2eff01c81d070094540900f03daeb70f33a2b20c00a5b40b18a5b410179eb3386d9fb30961a2b1ec55a7b51aff1e3000ee1932dcd92630d9f3223003151d301db53431d1d5303339bd272ff7da6458e50355440e0948421ee94d42ebf45443ce284443bd314946be184441efea4e22d4eb3e22b9012f21b7063121ad0836229fcf3622dad82823d30b261f0af2c3b60b02ddb60318c2b8f508bcb81ebed9b85a29b9b846efb7b63d48bcb8d3062d0ce0101f11e61a0b11060cfc10abeb0e1208eafb11b016fb11d743fd0d pre_us=87714 enc_us=494687 q_us=113 pkt_us=1
[PKT] seq=656 mode=A bytes=260 pkt=01020001082aad920e13a0920c069a95fb0aa097e6fca998120ca697b0b69895da419b97f024e808012d0001213f01011c19010227020002af1dfc020e190202cc5b030130359ebb2c26a4b72203b0bb1cf0b1bd4616adbd6c5ca9bd4e53b1ba4a44b7c003f8422d17e82b2e06cc332afe012c28d9fe2d2856da352900f6302a3fd42e25e2fc4854e6283d40e51b353d1014373bd51e373cc429323cb44e383fbc232d38f0d34420f7f7311f09f5211ef8f8281de5df301ebce22f1df9f41c1ff61d1d1a27f5b5ba1df2bbba1804b7be19dfbec044cdc4c17013bcc05cd4b7be6952bbc2ed00080bf928fa0fe522fc0ff30efe0eb1000610fce4fb0fbcfcfc0fef46fd0b pre_us=87716 enc_us=494693 q_us=112 pkt_us=2
[PKT] seq=657 mode=A bytes=260 pkt=01020001fd0fb8912219ad9121f3a19305e3a19405f4aa9514f1a494d4ca9993273d9a940707e4080226020013240101141303013a040701a62e0001fa2e0201d7560201343f99b925269bb42015a8b81afcaab93a08a5b96958a7b94f59aab65538b1bbdcf83b2e17e5252feff52f2d05df302cd3ce222c5ae1352c16dc332e54e52f29eee85056f3134a41f01b3d3ff6233f3ed40f4a3fcc333a3fb3443e42ad23343ce2d64821ec033920fceb2d1f05f5291fe6022f20b200321fedde2421d823231c2af4afb91c1ac8b8f8f0b9bb12e1bdbd34e1cfbd6a21bbbd53deb6bb5f57b9bee3f2fb0cfd23fd100227fc10f307ff0fad0f0411f7030110d113fd10db4efe0c pre_us=87695 enc_us=494683 q_us=113 pkt_us=2
[PKT] seq=658 mode=A bytes=260 pkt=01020001cbf9d98cf629e18afdf2b38aebc8b389cad1b7882310b888d1c5a087e956aa87e4f70308f12825ffee1707ffe3091effd70422ffae5110ffd7490eff97590bfef537cdaf0140aca9f125a2a8fd17aba5223da9a448739fa41d6998a1047197a323f8bc381a0ede3b360d013c0efef53efe25fd400caf084017e51e424801094109f7445fe5f5414bf00b4f4d00214d4fd7fb4c50b1e45150ddea5453dad74f51f6e50728e4e61327e6ea3128ccdf1b29a8e2172ad0bd1c2adcbe312ccdbc3c290d059caff923acadde0aa2adecf3a7ab0ae7a7a9ef349fa9e923a2a7f846afa7d5f11d0ecb132914d8051215df0e2615a5152115eef50c15c6f31216e3341f12 pre_us=87708 enc_us=494687 q_us=113 pkt_us=2
[PKT] seq=659 mode=A bytes=260 pkt=01020001011cbb911129af900f1c999302079e9403eba99424e2a693cbc89b9202559b93fc05fd08052d0e001b3510011f080e0123100c01b51e05010f1a0a01d95507012d37a5b92d24a4b42107b7b725e1b4b84e16aeb86956a9b84859abb5524eb0bbf601282e1bf11b300ef2242d11d4252cf9f21f2c4ebe302d05d02c2f42d4282aefe85b56ea144c42e0133f40f51c463fc9294540b33f403fab3f4442aa013c3df0dd4e21fbf736211af81a1f0cff1f1feffa3220c8f42e1f0bdd2321f609231c20f5c1b81ffeddb802f3bfbb1cccc2bc40f2cabc6a20c1bc57dabdba6152bdbdeefc1e0cfe231e10f32e0d10ed03100fbd1c15110eff0910d60c0510dd4bfd0c pre_us=87693 enc_us=494682 q_us=113 pkt_us=1
[PKT] seq=660 mode=A bytes=260 pkt=01020001e913a993151da29303f39c9617e79d98fce9a699221ba099d7b898971d4a9f99f71fed080b33fd0111370101261401022e0e0202b544010213240502da5b03022b35a2bc3332a3b81f12afbc2607b5bf441bb1bf6555b1bf4f59b6bc5550b8c30ef1422c22f52f2d24ea302917d22f27e8172b2741ce312710e5302950d02a24dfff4754e01c363fe431343cec22313ac529353bba32323ab043353dab172d3605d83b1ffef6341f22f1221dffe5201cf0ee2c1dcefa251c0ee2191eef091e1924e5b7bb2312b6bb09f0b9bf1bcfb9c23dddc1c3682abfc24bccb8c05655bfc4e2f9090bf731f60ff826fb0feafcfe0eae1805101106ff0ed50b010fe156fd0a pre_us=87716 enc_us=494686 q_us=113 pkt_us=2
[PKT] seq=661 mode=A bytes=260 pkt=01020001eadd98941b2f929426e9979807eb9c9bf7099d9d06179b9cd405989a30489b9d0420fc0802500501053a02021438030231280303ac3d0303023c0403da600402332fb4be2b1cb7ba1b0cbcbf240fbec24b06bfc3704ebec35233bdc0541ec5c7ecde3b2a2201302b22062e2708032a24e3202c2456d4302411052f264ede2520e4244352e528303def2c2e39e4242f37ba232c38b4342937a94c2e3aa62a2a33e7df1c1ef5fb161e01ff181c00f91b1be60a1a1bb20e171bef0c161ddf33131734bfb6bc2407b2bd02e1bbc215e6c0c546dac1c6740cbfc65f17b9c45d4fc3c9d7ec040bf934fe0e0338040ee329040da50d060feae6040ece10030edf52000a pre_us=87709 enc_us=494692 q_us=113 pkt_us=1
[PKT] seq=662 mode=A bytes=260 pkt=01020001c104af8df62fbb8cf2fe9e8de6df9d8cbddca78c0314aa8babec9a8abc65a78adb040208e72a35ffef2d1800f60b1c00d0012a00924716ffc81a0bff965215fff445d1b2f62cbaadfc0ab1adff11b1ace334b8aa236ba6aafe6fa2a8ef759daa16fcd83412fbe63701fe1437fc1f1138e7ec0239e1b31139c0e7213becd11039fcf6525cebff4848f4284948f7244949ca2b454aab1f4b4ab4f74d4daced4e4a06ce172504f7142508f81425f60c1226e9de0726deb9222602b02628dab42f240cf79db2ff0eb9b1f604b2b208dcb3b10cd6aeb0373bb3af37ffa2ad4e3dbaaedde0280dea0b4212f7fc2713e9e52713bbea3f142fd22a13dec70f14de17200f pre_us=87713 enc_us=494684 q_us=112 pkt_us=2
[PKT] seq=663 mode=A bytes=260 pkt=010200013fc39c9c41bd9d9d17caa6a62dc7b0b027b6b7b75acdb5b521cab2b27b0abbbbef200808e33d0202fc0f0303f5090404e923060625110505011d0505de2b05054ce3c7c73dd7c6c622bdd0d024d8d8d82a00dbdb6beddcdc61d7d9d973d2e5e5be112222ddfe2121b4081a1acbfa1414ae07121294411212a6201414d5010c0ce24c4a4af8463434fe442d2df03c2727e23d2727a7302626da3d2a2acd261f1faf3d1919bd3c1818c9321414cd1a1111cb1512128d371111a242131385580a0a10e0c5c52003c7c712e7d0d00ee3d8d80ce7dcdc4e03dcdc50ebd9d94739e2e2e8470909f0490c0cea190b0be9150a0ade2c0c0c921f0a0aa60e0b0bbb330606 pre_us=87687 enc_us=494677 q_us=113 pkt_us=1
[PKT] seq=664 mode=A bytes=260 pkt=01020001f0029593fe389092ff009695daef9897f71b9798f0429698bf0c9396235d9998f527fe08fb490701102e0301101605021f150602a42f0202ff2b0502a26105022928b4bb2b17b7b72001b9bb2709babe5319bcbe624ebabe5141bbbb5d50bdc10ecc3c2c1509322d07e2342a060f3128fae32e2843b53828eb01352a55ea2c25eb184354ef25333f00282f3cf0332b3be0332d3be836283bbf442f3eb02f273804dd1a1f04f5131ffceb191dfeea1a1dd3f1181ebff3171de1f8111fbe1718191fc1b3bb2cf5b1bb1cdab8be2dc3b8c15bcabac27614b9c1690db2bf7363bbc3fcf3020b0337010f0117070fdef3040ecafa051024f0030fdd18030f0a5aff0b pre_us=87691 enc_us=494694 q_us=113 pkt_us=1
[PKT] seq=665 mode=A bytes=260 pkt=01020001c9f8b490ed25b38ff0f5a590e9e7a090bffaa591f22aa690bff89f8ffe62a18fe004e308df24fd00d51a0000d51e0001c108fd019e50fd00c032fc009161fe00f82d97b6eb2195b1ea1b9eb30520a1b321409eb32a629bb30e589cb021629eb4270440312600283226072e310e0736300024323114c53231eff637332bdb2b30fffb5258d9074c44cd064343d3124043bf174144a5224443b4104346a5f74242fbe04b23edfa4222dbfe3721c3e73521a0f83a22c8e33c22c6eb3b24a50a381f10f7acb6fd1fc7b5dfe9bcb8f8d9bbb843fdb8b8352fbdb73a0eb6b54f4dc0b7d6eaf90cbd15fb11b700ff11c1fc02119810fd12de1cfc11a7f8f912bb2af80d pre_us=87699 enc_us=494688 q_us=112 pkt_us=2
[PKT] seq=666 mode=A bytes=260 pkt=01020001dd2c959404379194d0169698e80d9a9ccc02999d1e1e979dbff2969b46549b9ed0320508d94a0801e6370602f4130102d51906038f400603dc270603956404020e2cbbbe091cbcba04f0c1bf22dbc1c32c0bc4c33846c7c41632c4c1343fc9c821c5302a0fd9322b03c82926e6e22a24d1ce2a23e69a2b23cbc22a2522ae231fe6f14b52e311353d011d353911213337073b3237d9353137df34353ade162f32fdfb151ed9fe111ef3ff161bd20f181aac13121b9e0d0f1abdfc121c961512161bc0bebd1be1b8bd11d3bfc228c7c4c54ac3c4c75c05c3c64ed8bfc44c3dc8cae307050be41d080ef1220a0ef6e2090dcff3090f1e0e0a0ebe200a0ef8620609 pre_us=87702 enc_us=494692 q_us=113 pkt_us=2
[PKT] seq=667 mode=A bytes=260 pkt=01020001f2fda0910428a2900eed9a92fcdc9893e6f696940d359993d0e49792fc439693ee22ed080a26fd00112e0101181f01011a250301cd5600010c310201d05b0401272ba1b923299eb41f0fa9b7230cacb84c38b0b75764abb74e5fa8b55b62b0ba12e1442f15f42e300ad8382e0c27332df014342d30c4372d03ec372f4cde322bef0b4956e8123e42e52d3740e42f373fb3323440b3243340ae373a43992a303dfee9392104e93a2110e92520f7df261fdce32420e2df2b20efda2822dffe211d1de4aeb81afebbb80be8b3bb1bcdb5bc4bcdb6bc5d2cb7bb59eab5b96b4cb5bdf7fcf90cef1cf910fb0cfc10d307fd10a60c0411f32fff10b5280111b74efd0c pre_us=87691 enc_us=494687 q_us=113 pkt_us=2
[PKT] seq=668 mode=A bytes=260 pkt=01020001ee0a9495032791950f039699f8f79b9ddb0c9e9fd4119c9e98f0999cda599c9fe2230508104706011c3a050204190302040503039f160303e0260303ae6505033028bcbe2008bdbb1ee7c2c01df1c3c432e9c4c5523bc4c53b51c2c2564dcbca1cb52f2a18cb322a08d92a2617ce2523efea242251a32722e3c02b2436c9221eec0e4e51ec09373df62135380a1a3336d40e3436cb3a3236b4343339a31b2d31fff8171e03fa121df2ff131be3fa181ab80e1a1ba008171ac3e5151ca6300f152eb3bdbd22cebbbe13d2bfc323b7c4c643b8c7c86bddc6c864d3c1c67357c8cbfc22050bec28080eeb220a0de60e090dacf50c0fd6fb0a0d9d01090eac5c0509 pre_us=87715 enc_us=494687 q_us=113 pkt_us=2
[PKT] seq=669 mode=A bytes=260 pkt=01020001b611bb90bd2ab590b9ec9e92b8fdab92bbf6b493d969b8929df5a791b775ae92df00de08ea18fe00e918ff01e50dfd01cf12f701b664f301d934fb01c45ef400fa3996b8f33596b3092fa4b61534a0b714669cb6f77796b618779ab3f7789bb8d8fa392feaf22a31f5e9342ffa09312ee4eb302edcb0362ee9f43630fed1302c0aed54572b014a42382d3c4122123f40e50341410ade4541f9df3e44f2d0383f03d54e22dee23e21d3ee2e20d7f03820cfcd3d21cfa64420f0a83a22eb9e3e1d1e06acb82618c8b72cf5b2ba3c07c0bb5405bbbb4e4ec1ba50f6b9b85d39bdbb11f9f40c1213f710132af210070afc10e620fa112115f510eceaf711042bf20c pre_us=87705 enc_us=494691 q_us=113 pkt_us=2
[PKT] seq=670 mode=A bytes=260 pkt=010200010702bf910c11af9009eea19315e39d94efe9a7942002a793b6de9e921b519d93fe13e20805250100121c0a01122cff0122230201aa42fc01f9260101dc600201293a96b9272b97b412fbaab7210eaab84522a4b8605ca2b84a65a4b55a55adba06eb392e1be3273009d8232e16e5382c0c0a2d2d54e2322deadf2f2f40de2a2aece45456f10a4b42fc2b4540e7103c3fcc184040cc223c40b83b4242ad193a3df5e94b21fdfb3c210aff2820fced2d1ff60b3020c312341fe7e02e21cb1a2a1c1b03b3b81d0fc9b808d3c3bb0dfeb8bc42f4c1bc6128bcbc62e5bcba675abdbdf1f7fa0cfb18f910022c0810ef17fb0fba08ff111bf5f910bd13fe10cb63fd0c pre_us=87707 enc_us=494691 q_us=113 pkt_us=1
[PKT] seq=671 mode=A bytes=260 pkt=01020001ec12b390021ea88ffee49e91e8e1a691f6f1ad91ef08ad91a6edac90f363a690f414ea080c260000110801000f0f06010c070301aa12fa01f608ff01c65afd0029329ab72a2f98b21d02a4b41115a3b544299eb45f5d9ab44c6398b1636b9fb611ef3e300be13032f6da3430f2ee2c2fe9fe2d3043d53330ecf0303232d92b2eefee5358f40d48430b224142031b4342dc174643eb1e4442c81c4845b3194040fee74622fef03c22f0ee2e21f3eb3421ddfa3a22adef3c21e5ca3c23bcf8381e29fcb3b71d03bdb61cdab7b81cebbfb941edc2b96f30bcb863fdc3b77560beb9f206040cfd26f810faf3fe11e0150610d20d0711f605f311c9fafd11d25afb0d pre_us=87693 enc_us=494681 q_us=113 pkt_us=1
[PKT] seq=672 mode=A bytes=260 pkt=0102000110ef9592191f8f9115ee93940af7949520fd959527159395da109193345a92950828fc080a490600fc3704011b2b020125310302a0440301fe440301ce6404013127b0ba2c18b4b52b05b7b82df3b6ba500cb5ba6149b7ba5a55b4b76749babdecdf3e2e0105342f11e7342cedf6342be0fc372b56c3372bfbf4382d4fda3228ef234556ec2a3341f334343ee728343ed234313ee03f2e3eb2303341a91c2f3be8d92020eaee1720e6f71a1feff01c1ec2021d1fab0e171fd1e61a21ad1e151b13c1b3b91cdeb0b91cccb7bc1ec1b8be44d9b6be6900b5be61e4b2bc6f4eb6bfedfe040ceb360110f921070fe00a050fb21006101106030fba1b0310c74c000b pre_us=87709 enc_us=494687 q_us=112 pkt_us=2
[PKT] seq=673 mode=A bytes=260 pkt=01020001b406d68cbf26e58bd103b28bfcdfbe8aaee9b589f56be589baf9a388d877b488e3f7080803fc22ff1901020009ea12ffffe418ffdf5421ff0f231dffde3e10feee3cd7b0f439abaaed09a0aa0213a2a8f955b8a6e872a8a6f66da1a4eb7798a600e5ae37e10dc939e9e40f3ac7fb023cbce7d63de4b0c23eb4e11040c1f8fa3e22f9455dfe00434a08254f4be60e504dc50e484ee3d0464ed8e85751ccda524e01e80727fbe3182614fb2f27fdd5252810c00529eba611280ab8302a069642271917a0b12d25b3af1a0ba7af23ffaaad53dc9eac4b54afab3921a3a9433fb8aa10fc150e001016131621ff140dfa1714faf6111500e31c14f2d72115fb0c1f11 pre_us=87702 enc_us=494688 q_us=113 pkt_us=2
[PKT] seq=674 mode=A bytes=260 pkt=0102000111ce98983f03999929efa0a011d0a6a632c8aaaa6dfea9a93ee8a6a6751aacac0dec0808f63302020e160303081f04041e180404c82804041b210404022504043cfdc3c336dbc0c024cfc8c825f5cece5e05d0d06dfbd0d063e4cdce72e4d8d8b9b82626e1ba2625d0e4201fd2db1b1b9ae21a1a3ad71a1ad5041c1c44e81414e9394d4dfb2538380926323207202f2fc4292e2ebf372e2ed0213131ca1b2727cefc1b1bba0f1b1bcf081717dffe1515bdfc16168d271515ad2117178a460f0f21a2c1c116e8c3c3f9c9caca09c0cfcf14b5d2d25c02d2d241d8d0d06408d7d7df000a0ae9150c0de81a0c0cdc260b0baf140d0dbc190c0cb92e0c0cb72e0707 pre_us=87709 enc_us=494683 q_us=113 pkt_us=2
[PKT] seq=675 mode=A bytes=260 pkt=0102000132ef9898370199991ae2a0a02dd8a6a641e9abab62d5a9a914dea7a7742fadadf70f0808f01c02020a1503030b140404181d050442e2040429210404f237040443f8c3c32fc5c0c114c7c9c93ae3cfcf49ded1d16f1ed1d1660acece73ead9d9c1b82625eeba2525f6db1f1fc6cb1a1aa2e11a1aa5f51919c0de1b1b1fd61313e72c4d4df72f38380c333232f7322e2ee9252e2ea80d2e2ebb303131c5112727c7081a1bc80d1b1be4041717dd061515b60916168df51515a709171788380f0f13b9c1c215d9c3c30dc7cacafcc6d0d005d9d3d358acd2d25bdad0d05f25d8d8ee1d090af6020c0dfa080c0cf40f0b0bc41f0d0d8e1b0c0c96070c0cac1f0707 pre_us=87710 enc_us=494680 q_us=113 pkt_us=2
[PKT] seq=676 mode=A bytes=260 pkt=010200011e259a96350293961ad09a9c23dea1a04ce99fa36c169da23dfc9ba06c2ea2a4f1320008f73c070108290402101c02032b2a0504e8490603f6340703d45204033e13b9c037febebd11e4c3c431f1c4c95bf9c9ca6821cbca6504ccc76906d1d0c9003528f9f62c280df82723d8db261f980e251f5d1d261f1b27242056dd1e19ea164250e735303bfa383036e6302d33d4292c33c30c2a33c2233036b328282dd7ea1b1dd600121cff11171aec041818b21f121992331018ae2e0f1a90400f131bdbbbbf15dbb8c001ccc2c6fcd1c7ca13c7c7cc66ffc8cc57d0c6ca6345cdd0f41f050af914040dfb03070de4f0060cb6f7070eb012080dda0d0a0dc1310608 pre_us=87696 enc_us=494692 q_us=112 pkt_us=2
[PKT] seq=677 mode=A bytes=260 pkt=010200011006ba912a1aa7901ef89a921de19f9306e4a29322eba593ec09959121469e92fc0be808eb270100f51c0301ee0d0101f3f901019329fd01c53b02018d530201363299b827209cb317f0abb62400aab74328a6b75467a2b73157abb42f54aab9c5f73c2fd3ff2b30bed8322eb405362da004322eedc0352eb1fa3730e4d22d2cf5f3525700214542182f3b40181f3a40042d3941f7353940dd353a43de2c373ed2e14a21c8fb3b21c2f52820b4ed2e20abf4312191cf3620b6de212295122d1d16efb7b81006c4b7fadfb6ba05dcbabb3cd4b8bb6e1bbebb511eafb9655db9bcf4e7050cf61f0110fe080110f1e80610d7f902110cd40210f708fc11fd4ffc0c pre_us=87683 enc_us=494691 q_us=112 pkt_us=2
[PKT] seq=678 mode=A bytes=260 pkt=01020001ceefa690dc27ae90d8e89d92cce79f92b4f0a993e900b492b704aa91cd58a292d214ea08f01f0800f8160801dd130301d0240401944af901ba2ffc018c59020001309fb8f1269bb3f2ffaab6f518a7b60f3da3b6316c9ab6f05f9ab3ea63a3b833df3e2f21fd1c31220d2e2f2ffe2f2e0d052f2e29b9322e01fe333056e0292c03f45057dcff4e43df1b4041e6163f40b30a41419e2d4441ad024444a1ed403ffcf13f2202f03c21f7f52720eafb2e20b8ff3321c7dd3d20ddd13c22b3ff2e1d1205a8b80606cdb7f5cfbdba02cbbdbb3604bdbb4645bfba1916beb82c43bebbe5eff20cc2080210c9fd0510cafc031094fb0311ec05f910a8f3fa11a324f40c pre_us=87708 enc_us=494689 q_us=112 pkt_us=2
[PKT] seq=679 mode=A bytes=260 pkt=010200010615ab92fd3aa592fcf9a294ddefa596cbeea697b204a4969c199b95b8379c96f01ce508ec27fb010212fe01f713fc02040500029ef1ff02c8330102a14aff013d3d9ebb1b30a0b610fea9ba171fa9bc3911a9bb4f53aabb2c4fadb93c45b4bfedf7492d11072d2e06fa352bfdf63129021a2a294edc312a03f7302c35eb3227ebf94555fd1837401426323d061d343cfd223a3d0e34363dcf3d3a40d6342c39ddd34220e1f43d20e0fb2a1ee6e82d1ec9122e1f96e7301eebf42520b5241f1a28e8afba3421b9ba1404b6bd12e9b9bf45d1c0c071efc0bf5e08b9bd6e57b7c1f8e3030cf024ff0ff7fdf80fe512f60fd2f2fb10dad6fe0fe026fe10e349f80b pre_us=87716 enc_us=494689 q_us=112 pkt_us=2
[PKT] seq=680 mode=A bytes=260 pkt=010200010f0a94953eff929537e7969917e1989c36f29b9e50f29c9d17f19b9b662c9e9f0f15060801490501132f0402103806022e300503cb1a03030e360203e54903033118bcbe3d0cbcbb30f7c0c02c0ec6c44f03c6c46a26c4c45f06c0c265f5c8c9c9c62e2afbbd302ad0e62d26aefb292397e7272354c32523f0eb272445c4201eef154f52ea1c383df21e3438ef163236ca233337af343436ba3d3639ac2b3032dfeb171ecaf9161edcf8141be9fc111ac1f0141b9c09191acb0a1b1ca030151618a6bdbd0ed3bbbef2bfc0c3ebbcc3c612bec5c86ccac4c752e2c3c55a32c8cae220050beb2d0a0ee712080ed912080da90c0c0fb9190a0ecb19090ec73b0709 pre_us=87714 enc_us=494691 q_us=112 pkt_us=2
[PKT] seq=681 mode=A bytes=260 pkt=01020001180796942c22919420e397981de89b9b28d29c9d0edd9a9cdbc7969a50419c9d0724fe08f04e06010b2d0502fd280202232001039f4f0303f1390603a56103023832b6be272cb9ba13efc0bf1afbc0c24b15c0c35c56c0c34741c3c04629c6c8c0c6382a04d8322bf5d02827f6d02724c8e52b2459f03024f60e292554c5261fec0b4652f818323d092935390a183537e6253237ce2d2d37c63a353acd182e33ccdd1a1ecdf0141edffd171cd3f51b1ab0041a1b9e1c151bbc0d0f1d9531141619b6b7bd1adab5bdfdc5bec206bcc3c52bb4c4c663fac1c646ccbcc45548c8c9ddf5010bf02f020efc25090ef520090db50a090fd1ed050ec516070edc4a040a pre_us=87694 enc_us=494685 q_us=113 pkt_us=1
[PKT] seq=682 mode=A bytes=260 pkt=010200010ee595963021939624dc9a9c0fe59fa031dca1a343fda0a2ecf49ea05b27a4a4061d0508ff4c0501063504021a35040336170404c5200403123a0503d94b02033a25bec137f4c0bd1fedc4c420e8c8c95500c9ca6b1cc9ca590ec7c76204cdd0c9bf2d280efe2e2814fc2723f0f4221fcdf0221f62d8241ffaef22205ed01e19e9254c50e80e363bf72e3236f1253033c12d2f33aa332e32ad423335a62c2a2dda03171ccf1b111ce8201519f3121518c90b1619a70f1418d510161aa93613131eafbfbf20e5bcc00ddec4c60cd9c8ca2bb8c9cc6cd3c9cc53f7c7ca563dd0d0e208050ae428090dfa1f0a0de01e090cad05090ec2f9080db21d090dc41e0508 pre_us=87718 enc_us=494684 q_us=112 pkt_us=2
[PKT] seq=683 mode=A bytes=260 pkt=01020001129d9b9b51b69d9d41bfa6a62fc2b0b04abdb7b764b7b5b547bfb2b279e2baba16f90808e3500202f8220303fa2104040e11060620260505e2410505db3505054601c7c73ae6c6c62fe4d0d03df3d8d84ceddbdb7213dcdc6b03d8d871f3e5e5a6182222daee2121bd101a1aa90614149a1b13138d2b1212bd191414e0010c0ce6504a4a023e3535052a2d2dff312828ef252727a7342626cf372a2ac32b1f1fc0191919b23c1818bc291414ba241111a12b1212902c11119d3713138a440a0a29a5c5c50a15c7c7e6f1d0d005e4d8d8fed8dbdb37d6dbdb480bd9d92934e2e2d0380909f1540c0ceb3c0b0bd8370a0ac22e0c0c94250a0aaa360b0bbf2e0606 pre_us=87691 enc_us=494687 q_us=112 pkt_us=2
[PKT] seq=684 mode=A bytes=260 pkt=01020001be20b08f042cb68f02e29e9007fba090ee129f901d25a090acd19d8fea6f9d8fd1fa1508e6242500e9271800eb0e1c00c20122018e380a00e2e50700a2470a00f44bbbb60d37a8b1ff06afb31212b3b30d1cb5b2265fa6b20c63a0b00667a5b41100203104fa0d33d4c72231bd1d1531befa1532ccbc3332acd2343419d02a31f9e45a59d2fc5544022b494307194a43fb0f5444c0234944c31e4547b8003e42fcc9412300ec3c22eef81b22d8032422d3042023c9cf2b2205b13024e4cb2c2013f7bdb6fe0ae4b5f8fbc4b70afdc4b724e7cab74834c0b74ccdbab56044bcb7d5f2460cfb0d3a1104001f11020624110f2f2e1249080e1108cf06120f33050d pre_us=87693 enc_us=494693 q_us=113 pkt_us=1
[PKT] seq=685 mode=A bytes=260 pkt=01020001b5fda98fd32ab48fdbec9f90f2e4ab90bff4ab900dfcba90c1cba28fe464b38fd008e508da330c00ed410600dd2c0501d9210201b04aee001c25fc00a757f90015499db6203f99b1102ba4b33a419eb339599db2557b94b2397499b05d7b95b401e943310c041b3306ea313104002731f90a323114a93c32c9dd3033fac5263020de515822fd4d442a173f431009464305fe4044d0014444eede4746fcb54942eac64523dbf14022f0f73022e5e13a22d8df3a22f7974c22e1a23f24c79f421f16fda6b62921d0b5f90bbbb7fc0bc9b8320bbab7ff49bab709ffaeb5312ec7b708faf30c1e1a0c11192504111b220b11e72103122f0df411cf0bed122430f50d pre_us=87714 enc_us=494684 q_us=113 pkt_us=1
[PKT] seq=686 mode=A bytes=260 pkt=01020001cbedad90e226b08fcee69e91cdcfa192c1cfac92f9debb919dada690d64fab91d219e608e2330100dc1c0301d31efe01c01efb018c41f401b222f8018c5dfd00f93699b7ec2496b2ea18a6b5eb23a5b5eb379db5237597b5f5729bb2db739cb72ed93d301e022b312e012e2f19ec382f0602342f15ac322fd5d4333133d52b2e05ed5357d0ff4b43e5263c41cc2b38419c3241428d3a4342ab254145910c3f40fff74422faf43c2107e4312100e23321dce13a2104a94521efa93f23cfbd3a1e0b09acb7fc0bcbb6e6d8bcb9ebf4b5baf505babaf530c4b911e4b4b70c35c4bae2fcf30cbd0cfa10d8100310c303fb109116f911eeedfe10aef3f611a33efc0c pre_us=87696 enc_us=494696 q_us=113 pkt_us=1
[PKT] seq=687 mode=A bytes=260 pkt=01020001ecf2929201248f9217f192951617959705f794980d2c9497bcdd919611489398e9160408ff4e06010f390501114204021f220702b54e060212380802b45f0701281ab8bb2c0bb8b724f2bdbb2908bdbd5311c0bd6153bfbd3e4fbeba6050c5c106b3332c06c6342d0ad8302af8c82e28f9d72e2833993128daf4322a48ae2c25f11e5154ea143b40e629383ddb14373bc12f373cbe2b363cb92e3a3ea81b343800f11b20f4fa151ffd05151ef1f0171dce10121ece0b141df0f20f1fc01d0c1925abb9ba27c9b9ba0dc4bbbe1fcebfc055b0bfc16c05c0c155cbbcbf6f3ac0c3011b060bef2f080ffe260b0fd917090eaef10c1012040a0fbd210a0fdc49080b pre_us=87688 enc_us=494685 q_us=113 pkt_us=1
[PKT] seq=688 mode=A bytes=260 pkt=01020001c002a48ed820ae8eccdca28fdafdad8eaef7b18eeb31a38eacd59b8dd5519c8dc818f308ec1c1000fc0a1500f4160e00c2ff0100ae571100eb2a0500994c05fff838a6b518359caf1928a7b027319fb0474697af3b72a0af2f5d9dac48629faf29ea3632160b153430e8243304e91e3431fe2a3526b21f35fc0d333724cc2d340aeb5a5aec015a4611234f45fb0a5046fd1c5047ce195247e21d4f49ea104346fbf34124f8ff4823effb2e23e3fd3b23c0f84224d9c63b24e9df3626c2e834221811a7b42c18ccb326e2c4b526fbcbb5631ec8b45455bdb340efbdb26543b9b3efff080def1b1811f00c1912ee141212df09091315271112d62a0b132e3e010e pre_us=87705 enc_us=494688 q_us=113 pkt_us=2
[PKT] seq=689 mode=A bytes=260 pkt=01020001d1fe9792e1369292ccfd9395e40f9596c4f49897ef289496a8cf9195dc4d9697db25fd08f4480701f5340501e1400402bd3c030295660302d54104028e6807010322b1bb032bb3b60609b9bafc17b8bc0a39b7bc2f67b4bc0c5eb7b9fe58bcbf20dc3d2d120c342e3604362b27063229170d38291edd3629cdf8382b3beb2f2606194555d6193240e22a2d3dcf272d3ca331293d933b263ca5352c3f95202839f9e51e20f8e318200cf5161ef2f6181db0e81a1ec6c7141ed6c21020b107121a16c6b4ba13dfb3ba06d6b6bd10ddb8bf24f6b5c02e2fafc02cd4afbe4354b9c1e3f4040cc421010fd601060fc607030f91e30410cefcf90f98040010a33c000b pre_us=87691 enc_us=494683 q_us=113 pkt_us=2
[PKT] seq=690 mode=A bytes=260 pkt=01020001c7fbb191d425b191e80fa193e4fda194c3e8ac95fbfbbc9496bead93d758a594cf10e208d4220600df2e0201cd1b0601b917fe018e44f701bf13fd01945cfe01f63399b9ed1f9ab4dbf2aab8e8feadb90c39a2b9176d9bb9ec6b9eb6d867a7bb2ae83e2e22011e2f2cfa302d19f32a2cf313352c32b02b2ccced302e22c9292a02ee4e56df084c41da263c3fd11c403ead193d3fa339443fab1f4042a416383cf5ee4521f9f63a20fcfd2c1fe9fc2b1fbbfd3520bdd2401fedb33821d1d0301c1005a9b90109d1b8e505bebbf70fbfbd2308bbbd3e44c4bd28dcc0bb2345c4bedaf0f20cce150010c71d0410c518040fa009fb11ef00fa10a3eaf910ad3afb0c pre_us=87714 enc_us=494686 q_us=113 pkt_us=1
[PKT] seq=691 mode=A bytes=260 pkt=01020001c7ebaf91ef1fb391e701a993e9cda494a9bea794f3e6ad9496a0a492dd32a593c60ff408d4241200e81e0b01d9120701a91a040187520001ac2402018b630601f240a8b9f126a2b4e8f7a9b7f315abb9f53ea8b80c6ca3b8ee64a2b60c67a9bb1ee0322e24fb0f301ffb212d0113292cd9082e2c17c6282dc8f02f2ef9e5232af6f85656d7125342e120453fc428403fac31403f94373f3fa23a44429c203d3cf0e9412104fa3f2104fe2d1fdce42d1fc4f13020c4db391fe5cb3121ac0d291c0705adb8040cddb8e906cebbf5e8c0bc19e3bfbd1740bebc19e7beba4055c3bdd6f2080cd9251c10d3141010baff080fa4f90611dcf60010a4e7fe10bf4cff0c pre_us=87694 enc_us=494690 q_us=112 pkt_us=2
[PKT] seq=692 mode=A bytes=260 pkt=0102000103dc9692131190920df49495180297970dfd979813169597a905929636409597f630fc08074e0401173d04010a3c04022c370602d03604021e310602ee5b04013133b2bb2723b4b72515b8bb3211b8bd442fbbbd685cbbbd5a49b9ba7243bec0edcb3e2c1a1f372e00f8322a0ff43328f3183228601d3729ec25302a43e23325f81f4454e12f2f40e42f2e3df22c2b3bd7262a3cb320263cab31323f9b2e2a38e5dd1d20f7ea151f09e3181eece41b1ddfde161eade2151de9f5131faa20131a1ecab3ba20eaaebafbd8b5be18ebb9c031deb8c16ffbb6c064d7b4be6f51b9c2f5fa030bec2cfe0ff027020fed18040eba2d0410b81c020f9ef1020fb035010b pre_us=87696 enc_us=494687 q_us=113 pkt_us=2
[PKT] seq=693 mode=A bytes=260 pkt=01020001c9f3ac8ff41aac8e041fa390f8f79d90d5f2a48fef1ba88fa2dd9f8ef9559f8ed807f608e9161000ea2e1200c21e0d00eb110f00a1370300d8120400a95c0500f43aa7b6122a9fb001e8a6b22913abb24036a6b14b6e9cb1166c9cae2a6f9fb21be13031fcfc1533e6f52232fbe224320bef26322bba3633c9df2f3512cd2b32fff65d59ea0358450f164c4401104944db194b45c41b4645d1234848c80b4243f6f14623d4f54222c20c2d22bb092d22c1f63323b0cf3923d4c23b25bbdc35201108adb51503d3b5020ac9b620dec1b74de2c4b6632bbbb64cefbbb45447beb6d6fe0d0cde131611e8241711f2251311b8061712f8f60311bafe0212de55030d pre_us=87702 enc_us=494690 q_us=112 pkt_us=2
[PKT] seq=694 mode=A bytes=260 pkt=0102000117e095953503939512ed979af9ea9b9d25fc9e9f55fa9d9ed6c19b9d683fa0a0061e0408fb45060105310402270c05031d170303c71a0303290f0503d75102033822babf3902bcbb1df2c2c12aebc6c552e1c5c66c2cc5c65b1ec4c369fcc9cbc5c03029dbcc2f2af0cd2b25bce02422a0e124223fba2522d700262341c0201dec1d4e51f022383cf1313438f4263335df1c3336bb2f3335b4343638b51d2e30d7f91a1dcb04141df3f9151be1fe1519ae09191a9408181ac7f6171b953a151518aebcbe0dd2bcbe05cbc1c321b1c4c72cbbc8c96acac8c858b7c3c66044cbcce80a050be920080ef110090dbff9090db6000c0fbff40b0d98f70b0ecb390609 pre_us=87697 enc_us=494685 q_us=113 pkt_us=1
[PKT] seq=695 mode=A bytes=260 pkt=01020001dff1a9901027af8f0c06a69109faa491f806a6913121a390d2d4a28f0f4b9d90fe0ee9080820fe00150dfc002313fd01261bff01b944fb01141cfd01c954010023319cb72f2497b21c149eb427069fb44c279fb4665f9db34e589cb15e54a4b502f3423014f72e3216e833300aee3630ec0c30304cc937310508343256d92f2fe7f94f58e30c4844e7114042e20f3f42c6134143b7243f43ae2b4645a4233d4106e74222fbfb3f2214e0382102ec3521e6013a22bbfd3821fde93a23e30f301f21e2acb6211fc3b6fee9b9b81ae6b9b948ffbbb86636b5b853fdbab66b50bbb8e7e9f90cf80dfb10f10af911d8f6fb10af00fe12f823f511be15fb11df4cfe0d pre_us=87707 enc_us=494682 q_us=113 pkt_us=2
[PKT] seq=696 mode=A bytes=260 pkt=01020001c0f7a98f052cb18e0806ac900af1b190cf07aa90113fa48fa2b6998eba57a08ee0fdf808dd250c00f3080600f9030e00e71111009840ff00defe0400954902000843a8b600229cb100149eb2020d9db2191aa3b13f609db1195ba0af055ea0b30ffe333116071c330df329320af61832ed0921323dc43132e80238344bef2e31fce75d59e5025544fbfa4844f5fd4f44d7004e45ccfd4545c02a4847ae0e4143fcdb4623d5014522f3f43922cb063922af0a31239ee83a22d3cb2c24a6fe34201bf3aab61323d2b5eaf0c3b704eaccb72fdcd0b64d2abbb642c7b6b45f49bcb6dddc0f0cd6141211fdf30711d1f40c11a2fa1a12e902fc11a4f5fc12a03ffd0d pre_us=87706 enc_us=494688 q_us=113 pkt_us=2
[PKT] seq=697 mode=A bytes=260 pkt=01020001b8f7c78dc22ce28cbd04bf8dc00cc58caff5a88bfc5cb08b9df3a08ac971cd8adcf1ff08eafc2ffffffc0e00e3132300eff11c00c64f22fffdeb0bffb51429ff063adbb2f22eb4acf206abacf32dadab0f55aeaa046dafaa0671aaa709779eaae5eebd35db0dcc37ecf2053710f4ed38d9f10b3af0a5f43ac0e00b3cd5fbf03a05f84d5cfc0f3e48132a424900184c4acf0e4a4bc5fc514be6ef574eb50c4c4b18e20a26fee11025fc03232504f119261dc8172701b61f2614a227280c9644251b129bb22e25bcb12516acb12b06b8b04fecabaf4e53adaf450aa2ad5254d3ae29eb160d12112c1219160e130c24291315fa2414170c3313f7cd1c1427174010 pre_us=87695 enc_us=494683 q_us=113 pkt_us=1
[PKT] seq=698 mode=A bytes=260 pkt=01020001d00cb892ec2db392ed12a294e604ae96b9f8aa97ed29ab9698b39e94ca66a396dc13e608f129050104250101f01b0701e41501029b46fd02d5ec02029e5904011a419aba13269ab60af3abb91508a7bb332fa9bb3c54a5bb2a5daab92454aebf1eee3b2d22f21d2efef82f2b0803242a00212d2a21d4312aead3312c46d42627ecdf4f55f30d4b40f817383e081d403de22a3c3dc835393dc03e3b40b8083a3a09e34620fefb3a200b0a2b1ef70f2f1ee311301fd504331ef5e12920d911241a28f6b1ba220ad5b90d02bbbd2a05cabf580ec0bf624bc2bf63d5b7bd6f60c7c1eceffa0cf31e010f0611000f0300040fcf1002103d19fe0fe1d2fa10fd3cfe0b pre_us=87700 enc_us=494689 q_us=113 pkt_us=2
[PKT] seq=699 mode=A bytes=260 pkt=01020001cb12ad90de2ead8ff90a9c90c50ea591bce5ac91f10bac9099b5988fe26c9f90d104fb08df241900ff181100d3260901d5050d0199421300c9280700935f09000334a6b70126a5b1f9f3afb3080fa5b43b49a6b33165a6b31e62a5b1205aa5b51c0c2c302001103223f72c31fd1b25300d1e22313bcc1631f1f2383344e81e2f04e45d58e8045844f816474307174343cf264843c5275243c2244946c5f64541f0e44a22f4013922e2ff2221ce0a3421baf83922c6f53922e2e82624af082e1f16fbb3b6130adeb6fcdec4b824fec3b84c10c2b84e45d2b746dcb8b65d4ec7b8e5ee130cd91a2711db081511dc180b10ae21161212141c11b2f10412e736070d pre_us=87692 enc_us=494686 q_us=113 pkt_us=1
[PKT] seq=700 mode=A bytes=260 pkt=01020001c3f5a98ecf1ab48dc032a58ef522a38e1641aa8e1926aa8dbee5938c1559928cebfcfb08ed061800f0260800f73408000b0e1000ff240800df121100e15709ff0038a7b42152a0af27439db03a5ca1af2c439eae262f98ae3046a5ab2b1aa6af1ff329332bf80b351bf62c3409b92534fcf51835fa0b2b3602f92f3822bf333503f55e5ae1f25d46ec114e46ed064a460bd35c47fbfa5147ff324b4af601454604e9462408dd4523fbf33e23e3e13624dfe64525f0e64224f6f72726e50427221aeeaeb43b22d2b34f1ac3b4352eb5b41820bdb3130bccb347ceb0b14019b3b2dbf4150de7fc2511e4180e12fe18061208120f130bee1212fb2b0b131b43020e pre_us=87694 enc_us=494688 q_us=113 pkt_us=1
[PKT] seq=701 mode=A bytes=260 pkt=01020001bae7b88ad32ff688c905cc88f629bd870c1aee8611faa786bde2a4850745aa85e4f10d08df0344fdc70d3200e23435ff0aee68fefa2558fdd90d3cfed5412bfd0335eaaafc50cfa20851c1a1044fd19e254bd49d1f3bdb9d125eaf9b0c459c9bdee4bc3de507bb43f000d444ed03c546002ca3471923cc480102ed4a042eff4a0efd4d61fdf02c4ce5fb4350d5e44254e4fb3355fa193655030d5058dd28505814eb002a0ccafb2a1ece122a11cefd2ef5ce142ef4cd022e1da6253022be412e090696ac1a22b2a91518a1a6024797a4ef2ac1a3f509a2a205ee9ba0eb2da7a025e91b0d1bf5281024e62f11f8da3614e41c561602f7601606cf531814185714 pre_us=87691 enc_us=494684 q_us=113 pkt_us=2
[PKT] seq=702 mode=A bytes=260 pkt=01020001bd00b991db20b890c833b0920c11ae93182fb6931905a493dd279b9218279892e702e208c823fa00ec25fe01cb4af4010429ff010e130001e7210101e84b0101f12f98b8035094b40f479cb6265c9cb71e3e9cb72e34a4b71821a6b40b0cb0b915083c2f3de622302e0a2d2e21cb382de6fe272de0f0342e16e5312f07d22f2b03e95157ddf54f42d0044240d0143840fafc4240f01d3940081e3e430614383ef9d94a21ebed4021e3e53c20eceb3a1fe3d63e20ded43220daf32f22d6f8241d12f1adb8271ec6b7310bc7ba1d38b5bb0715c9bc0bebbcbb38f5b8b90c12b7bcccdbf80cd20af110b523ff100912f110002a0011ec220110dd100111074dfa0c pre_us=87700 enc_us=494688 q_us=113 pkt_us=1
[PKT] seq=703 mode=A bytes=260 pkt=01020001ba00c98daf29bf8caf25b18de23bb78cfa4fc28b1e1db18bce04a78a0d45948ad8f40f08db1023ffd7231b00e44222000ff02f00012016fff51116fffa2e15ff0d33c5b20d50bcac154aabad1155aaab113ca8aa1d41a7aa11489fa7f318a9aa05efd73515f0e5371be10337f6abf338d404da39e6daf53af4f4123cf9e5143a19fb4f5c1beb4c4823005348fbe9544af2f4584be2e4534be406534de9034f4af5e61925ecd91025ddef2425f1dd1d26fecb2f2703df212618e027281bec15241df9a8b24011b3b1492fb7b23448b5b00b23c8affd10b3af2fe5b1ad09fab3ae0ffc370d08fa3a12150731130dfe3313ff0d3d1401d92613130522141811130f pre_us=87694 enc_us=494679 q_us=113 pkt_us=2
[PKT] seq=704 mode=A bytes=260 pkt=01020001b4f2a88ebf33aa8dbb38ab8edc34b08d1c42b98dfafcb48ddbf5a38c0c52a48cdaf10708e10c3700da152000e93a1c0009042400010f0c00ec071100ea1d19ff053bbdb4014fb5ae0f4dabaff648a3ae1b3c9fad283b9cad153f9baaf3f59cad09f4173306f4fb35fae80735e0b60435edeff836e1c80537ded71c39dfdd0b3615f7625b00ef5a46f4f45c46d7f35e47c2d15f48d8da6048cff05d4bd3ef5e47fee63f24f8da3b24f2e9372409ec302416e843250ffb332519f3332725122c23200daeb43f16d7b34c1ad3b4323ed3b3f519d9b20a0bdfb233ebc4b00c22deb10ff83c0d06024a120dff3d12ee122d12e9143513f8ef16121f1112132335100f pre_us=87695 enc_us=494688 q_us=113 pkt_us=2
[PKT] seq=705 mode=A bytes=260 pkt=01020001c303a38dc220be8be035a48ce85bb58b053cba8a0fefa58ac7cf94890860a289db0b0008df0a36fff91a1c00cf352f000ef731fff71e00ffe70f08ffed381dff0131c9b1004bc6abf82eb6abef4db0a91d4ab9a81959b3a80c59a2a5eb1f9ba7f2f3e936e9e8ca38e6f5f039eef2f83ae72ed63cfd240c3cf4ec213efa29003c18f8595df9f54849df10514ad3f14f4ce0eb4a4ddf0e424df602514fe1f8544d03e5102605d301251ae4202611d8262706c02a2810aa37271dba38291ef5302615089bb12c16acb0293babb02750b3aefa2cb8adf83e98ad07dba0abf411cbab1cec210e19f540131a003e14012c4414f0ee4614fdba331413db1215ff251f10 pre_us=87690 enc_us=494679 q_us=112 pkt_us=2
[PKT] seq=706 mode=A bytes=260 pkt=01020001b7eea98eb033c28da938af8dc41ea78dea3db98c08179e8cca0a9b8b07679d8bdcf70708d51b3100d21d1b00f0351600100e2e0009110d00e8070d00ef321cff0a3bc3b31750b2ad2a4ea8ae2860a3ad21439eab2937a4ab204a9ea903e8a0ab17eef83422f7e4361feb0c3608b11537071b0138fc1a1e3813e5253a00010d381df55f5b21ec51471cfc53470bf157490ee0594aefe94c4916f24e4c17f05749f1f22825e5e42224dce72c24e1d62825eec73a26fab12825f1e13528ec21282419f7a6b33d1cc1b25816c3b34b3dbab2193ad5b10f11adb035ecafae1d01d0af03fc2b0d0a093e120ffb3913f9e9221304df4113fdb91f1306030f14253d170f pre_us=87696 enc_us=494691 q_us=113 pkt_us=1
[PKT] seq=707 mode=A bytes=260 pkt=01020001befad18bd523dc8ad81dba8ae539c2891609e6881adbb288daceb8871f4db887e9fb0608e10530ffdff722fffffd23fffadb33fff80c32fff8ff20fffc0120fe0136caae0553c9a80f59afa7f73cada4fe3cc1a3172fb2a30b3f9ba1e7f198a2eaf0c038e907a63bcf0edd3dc113d83feb42ab41e511e541ff070843ec5cfd421afc4a5ffef03c4cd401534edd004b50df113d51e30c4e51ff105954f2395652fee60728f7cc002709bf272913c8272afdbf222bffd72b2a1ac2442cfbe0542a120599af292aaaad3523a7ac1847a3aaee43aaa8d80ca6a8edfca8a6e549c1a613f2190e0dec211421ec2b15f8e52b15d4e93016dee2441510d53d17fd1f4612 pre_us=87691 enc_us=494688 q_us=112 pkt_us=2
[PKT] seq=708 mode=A bytes=260 pkt=01020001b7f8b08cb434c58bbd3bb98bdd55ae8a1346b989f70eb789bb0b9a88045b9b88e4fa0508da1a34ffed0d31ffdb3f20ff080337fffc0925ffdf0416fffd3617fe0839c4b01653bbaa2242aea91750a6a7293bc1a62141a0a62053a1a3fb0d99a514f9da3713fcd03a18f4e63a03c8f63cde24d43ee809fe3e03041a40f001193f20fc5c5e1ff04a4a1df8524b13ed5a4df3f14c4ef10a554e000a5451f706534ff5df2227e7dd1526dbea2127e3e22728ecdb1b29facc3529fad7302b0dfb30271cfda1b03a1fb1af4f13c0af4540b8ad0d3bb0ab231eb3ab41f4a6a90d0bbda908ee2b0e0b06401314fc431421073b140bfe49150be541140d082a161b2f1c11 pre_us=87695 enc_us=494686 q_us=112 pkt_us=2
[PKT] seq=709 mode=A bytes=260 pkt=01020001b1f5c98db93eee8cbe2db98ce93fab8bfb49c08b0ee2c58ad2f1a18a0d4b9b89d5f8f608db1b34ffef1a2200e940160001ee3400ecfc18ffef0e0eff03291dff083fd6b20756bcac114cb8acfc50b3aa0b3ec5a91e3ba3a9073b9ca7f103a4a90ff0b7350effb8381eeee638fabbf539e930ba3aedfd113bfc04183dfb170c3b20f3475c14ea324801ec4849ddef4f4bdfda4e4cccff494be918514ef508494bf7e1ff26f4d50325fdde00261ae611260cd20c2713cd242729cd3c2916f21d251e0397b23c1cb7b04508aeb1303da2b00030b8aee518a9ae03f5acacec00b2ad13f2ff0d0a0623120ae5271312ef1813f0f62f14f0e0151308001014091d1210 pre_us=87691 enc_us=494684 q_us=113 pkt_us=1
[PKT] seq=710 mode=A bytes=260 pkt=01020001c2d0048dc70b0189cff3d888f004ba8710ecd18612d89f85e2dd9f851024af84d7e929fcc5043b04b21d36ffe53d27fefcf75afbf81742ffd62d49fefc3427fd0e3ef0a2185aefa02361cd9e2260d19a2e50f597254ff8991d57c09911259c99dc07084b1407ef462d05df48e00bec4b193db0501314e54b0a12f24b1642fb4d19fe2e5505e63c42e3f6414adfd54451ef063e51fef74354040d4b58072b51581fd6e22e24bee7282cb7fd2e11befb32e6c00534dace003118b72532fac64430defeb6a7ef1cc0a1ec17aba2eb5394a0ef3db59eeb10979ed003a09ed81dab9e2bf10a0925f11c0625ee190af0f1120cf3ff2f09efe74f0b06e55814f8284512 pre_us=87695 enc_us=494687 q_us=113 pkt_us=2
[PKT] seq=711 mode=A bytes=260 pkt=01020001b3def48ae41be389f5f0be88ebf4bd8713e8d08610ccba86f8d9a1863244a485d9ea1206dc023801b7122dffc13725fdf6e93cfffb0028fedc2722fee7411cfd0436e5aa0856d5a63b60bea4175dcfa03359ca9e4058a79f425e9b9d172b959ee4facc3fed03b740d4fcbf40f3e3c0460134b8471a20f8450cfd0647213f0e471f002e5ef2e73a4bd7ec524fe3d74751eceb5651e8de5e53e4f16256e31251551bdbfb2521c4032529c40f2a2ac5fc2df8c5272defd2372d18bc392e07cf3c2dff099aadff1aaca8effea6a8db3396a6da45aba3e82fa1a4e109ada2c516b3a231f20f091bf2221037f0251214e40c12f3111f0fe908181408f8231605471c12 pre_us=87685 enc_us=494691 q_us=112 pkt_us=2
[PKT] seq=712 mode=A bytes=260 pkt=01020001ccfec18cd829bb8ad40faa8a1649bc89144bc789171baa88ba0d9e881a5f9a87edfc1308dd1d2bffee1519ffd75031ffe0222cffe42120ffd4011affca5316fef822c4af0947baa9154aafa8004cafa61b46a2a50f2ea9a41d599da2ea1697a31cffdc3836f7cd3a2efbff3b21c2d03d0003eb3ffafc013f0afb204221bb214003fa545ee9f84d4bd500534cdcfa534fffec505007034f5003fe525201f2565005f21928fde61027f7e81328ddeb1529c4d4272ad1e31629d5c9342bdd0335280cf7a4b01d11b3ae2d04a9ae1d45aeab0e2eb9aa0207a7a934d4a7a81012bda8e0f03a0edf043914d0043015e51f3f15f70a401506fd3a15d5052b1609421812 pre_us=87695 enc_us=494687 q_us=113 pkt_us=2
[PKT] seq=713 mode=A bytes=260 pkt=01020001b6f5bb8ebd39b78da624b08ed920be8efa41c18d0c0abf8df60bad8c2147ac8cdcf2f808d6090300d3fe0400001e000007f001000e09fb00f40d0400dc2707ff0b319eb4174b96ae265598af2e5893ae162690ad222291ad283492ab121c94ae0d052f3322f91c3505e21735ef9d0d35f2f1f436f6bd0e36eece1939f4c816361df3605b26ed584621de5a46efd06447fdbb6a48e9cd6548f7e7614bd7cf6047efe55624dad64c24d3f04824eee74524fdfe5425fc0c4224f0054427001140232006bbb43d22cbb35710c2b43f32d4b31e32e9b20d14e2b23707cdb0171bdcb104fe190d10030612ff1bff12ff0bf0120328f913f606f0120d2bf9132331f90f pre_us=87703 enc_us=494685 q_us=113 pkt_us=1
[PKT] seq=714 mode=A bytes=260 pkt=01020001c60aab90e226ac8fc21bad91d9f5a7910e38a7921e129d91d61c9b9015239390e61aeb08d316f600cb340001bb43f901ea4bfb01f2210101d0490201c65b0100eb259cb7024e98b2173e9bb412629eb515569db42a4fa2b42b4fa1b22438afb612f9423034f23132ee022b30f6bf382fe1eb3530c3c33430ee123232ebe6352e02f54e58d9f84443c11b4642c21d3c42ece93d42000f3e42ff114245f7263740fae54322d9e04322b6fe3b21e9cc3821ebcd3b22cad42e21abe93323a5fe201e06e5b4b7160eb6b63218c6b90b0eb8b90213bab909d5b5b93ef4bbb73017b1b9ccee040cbd17f210a82bfd11de02fc10071efa11f723f710be4bff11e057fc0d pre_us=87703 enc_us=494686 q_us=113 pkt_us=2
[PKT] seq=715 mode=A bytes=260 pkt=01020001c1f6b389ce21ee88d42aca87fd52ce861b21ed850eebba85e7fcca85154bc684edf6f008e5f53affdf0722fff5222ffefd0540feff0725fee40d3bfede291cfdfa21c9aafd45b7a30553b0a0fb4eab9d164ac19b2645b79b155e9a99fe468d99d7faab3de607b241d9f5b144e515b7480a3c944aef0bb54adbf8d14c0031f64d0f015763f9fe3d50d9034f54eaf35357ef0d3d5808f45658f6f25e5bdb295d5b08f10a2c09cf0c2a1ec7182d05c11e2ff7c4122feae6182f0bc034311ac359300b1294ab1e24aea82e22a1a61555a2a3fc4ca3a1043093a00613a89ff940ad9d16faee101bfc24161ff216180cf32b19fb042d1808fe17180fe4391a14183316 pre_us=87689 enc_us=494689 q_us=113 pkt_us=1
[PKT] seq=716 mode=A bytes=260 pkt=01020001e9f49290f8288e8feb24909109129092194990920f168f91f1228d902c519091fc21fd08094c05000f4c0501ea5e0501035f0701fe4d0501e74a0801e1640400171bafb72e3eb0b24244b2b55362b2b52b57b1b52d51b3b54158b2b22d40b5b70eca3e3010ed3c310dfc3f2f11ea3e2ffd0a3a2fe2043d2ffa253b311abf332ef4214b57d8163443c1202c41b6342941e4082942f71f2742e3233245dc14324008e42022fdda1a21e8e21821e2c51420e7b91021d5cb1121c2e11323cee7181e12aeb1b72fd4aeb64af5afb93408aaba0b0faaba25f5abb955e4aab73517b3baeef5020cd92b0310bb180510e425fe10fa46fd11ec21fe10c8460111fc56ff0c pre_us=87698 enc_us=494690 q_us=113 pkt_us=2
[PKT] seq=717 mode=A bytes=260 pkt=01020001d1ee9c8dca27b08ccc2cab8ce417a98b0858b38b032fa28aec2ca78a0056a389e40df808e30514ffd5280c00c8081200f4170700050807ffd71804ffaf3703fff92aa7b2074799ac1d489aac235e9caa235891a91e4095a91e4891a6215992a91ee83b3526fc0f380ffe233817c11d39dddb223aded6283b03c6303d0dca2d3b0bf95c5cf0f55d49ce125549d2195b4bf2ef5c4c02e4574c0cff584e020e544cfaf03b26f5d94c25dfef4726c1cf4726dcbf5527dee44027d7e44929b4d945250af3a4b22104cbb03523cab13e3db9af1727caae21feb8ae3b1abdac5228c2ade4fd080dd80c1d12cf191813cd0d111300110d14f904fb1300220214004e0310 pre_us=87700 enc_us=494689 q_us=112 pkt_us=2
[PKT] seq=718 mode=A bytes=260 pkt=01020001cff9a48ece2bb38dbd09ae8de6d7aa8c1939bd8c1606a68caaed988bfa41998ad810f408de081500d70d0300d7020300ff0c0500f9e6ff00d6c30500d03c08fff72da3b300429aad185898ad1d6896ac254991ab182794ab265e99a90e439aab2aef373425f70f36f7f62a3619b01d37c7e21e38e4e03b38d6d5343bfdc22b3807f15b5becf85c47c7f75148d9085a49eef95d4a121e4b4a0320474ceb204f49f9f84225e8db4b24c4db4225cfd44325cdba4826cda94226caa53828bcdb37240bfda8b31901d0b22c08c4b23314b9b11028d7b11212bdb04db4abae3309bcafdf04070dcf092112ae060313d101f613e61c0613fd090713d017fb14d746030f pre_us=87694 enc_us=494685 q_us=113 pkt_us=1
[PKT] seq=719 mode=A bytes=260 pkt=01020001b6eaa88ac121d089c511b088eb3cbf871112c18614ef9286d5eba185334e9885e4f20208da133bffe21c33fffa3442ff060562fefb2a4cfeee1745fe08484ffdf83ee0ab074bc7a5165ccda30756caa01543eb9e0434e59e1050ba9c051ccc9c10fab03b2612b13f1bdfb7410632b544f532a9461418de47f008e949ed44ed4915f8576106f53e4ffd044751d8e83354c4282255e2203256e60f4658ca2f245702ee002af8dc0629f3c7052b07c0032d03bcfe2efebf0a2d17ae182f1dd6062d130493ac242eaeaa3a239da912339ca5ed23aaa4ddf49ba30feb9da1fa1c9fa1f8ff060ff8f32d15fbd33817e0cd4517c8ea6417e1dc6617fbc25e180e126114 pre_us=87695 enc_us=494683 q_us=113 pkt_us=2
[PKT] seq=720 mode=A bytes=260 pkt=01020001b4fcd68cb228cf8ba01fb58be43dc18a065ad7891222b589c31ba18824699988ddf90708d7132dffcf1c12ff072e23ff0a0432ff0b221afff30f1fff004521fe0430c8b0094fc0aa264fa7a91e52a7a7131ea6a5102ba1a5195c9da3fd1da0a517fabd3722f2b53a22ee053bf5b8e43dfb23d93e0e060a3eebe01740f5f90c3f1dfa425e22ec4a4a15eb524c02e2524ef6df4b4fe6f84e4f00ed4f51e9e0514ff8ed0c27e5de0326dde91e27e6d81328f9dc102909e31f29ffc8262b09041f281d009eb0360fafae4e23a8ae3837aaac131eb6abfa08b3aa2edda9a90113b4a906f40c0e03fd211300ee1b14fef81f14f7fb2f15f2f42514f9f42216141b1711 pre_us=87690 enc_us=494688 q_us=112 pkt_us=2
[PKT] seq=721 mode=A bytes=260 pkt=01020001c7fc9f8dbd1fa08cbe22a78cdf31ad8b1860bc8b1433a98ab5029a8a085a9c89e6060508e20e25fff5151400da41190013191100112611ffe7030cfff42a0dff052cb5b22150b1ac314ea1ac33599baa2c4093a92d3398a9435e96a7353f97a921f3213524ef013817de1a380eb00d39ffff033a08f7273b05f2353dfbe2213b0e015f5c08e75e4808f45c49faf25f4becc0624cdfd7594bf1f14f4ee1f4544bfff13126f8ee2e25f0e53826edfe3e26f4e34c2708ea3727ffcd3d29f2eb3a2517f4a8b23e08bdb05225c4b15241c9b01a28dfae0811d9ae53d6b5ac350dc3adf3fb2f0dff053a1208f928131a281f13021a1d14f9fb1b13fae60a141a190910 pre_us=87689 enc_us=494685 q_us=112 pkt_us=2
[PKT] seq=722 mode=A bytes=260 pkt=01020001ea01b98ee61db08dce1caa8e02089e8e2862a18e1038998dc51e978c194e948cf315e708ee10f700fe26f500c449fa00df51fa00d041fd00c23cff00ad6101ff152795b4164893af284494af335c99af1d6297ae17589aae165b99abfd489fae05f8403318fb3035f4033b34efdb3935bd033935d4e83b36de0d3c3804e63435fef6565ae9f84b46d6074346d2223f47fcd340480ceb3e47f3fd444a02194247fdee4f24f9e04723e7ea4423c0df3d24b2ba4425bcd43924bfe03926acf3302210f9b6b42908bbb34210b8b42020b3b4ec22b5b309fab2b332eab0b12224b4b2f6ee080ddd07f611c2fdf612def0f612e92afb13f30df412c70ff913f556fb0e pre_us=87693 enc_us=494694 q_us=112 pkt_us=2
[PKT] seq=723 mode=A bytes=260 pkt=01020001c602ae8dd530ab8cd41aa28d133bb08c134fab8b1d1daa8bbddd9c8a0b54998ae8f80f08ec1030ffee281500ec492400011c1400052713fff2f60bffe7470afff630b7b2174db4ac2540a6ad3359a3ab20409eaa2a2f9aaa20449aa8070c9aaa1ffa103525fbfc3723ec243718b4fd38fc071939f3072739f0f12f3b1cbf283903f75f5ceaf65648dd165148dcff574a02ef584be706504a0119504d0509524a03eb3e25fadc362501fd3025e5e83326f4d9432702e23d2602e33728fc00372411f8b3b23019cfb13d0bc1b23042ceb1162fbdb0030fc2af39cfb1ad3317bdaed7fd420de0044a12e8222c130024381311172a1403f42b13f70f10142a3f0d0f pre_us=87691 enc_us=494683 q_us=113 pkt_us=1
[PKT] seq=724 mode=A bytes=260 pkt=01020001bbf6a28db32ab18cb13aa48cde47a78c054fae8b1f329e8be940a38a1a68988ae100fe08dc0b27ffe01f0c00eb2d1b0013121700fb221cffe6160dffd6470fff0833adb20d50a3ac144c9fac195b9fab2c4a97a92a53a2a9084795a7fc2a9ba903ee2b3512f7fa370ff82a3703b20939df0d153af5f91e3ae1f7243c07e92a3a21f3615c29ed624817eb5749fce4634adddb654bd0e25a4beef85a4ee0dc504bf1f53f26ddd84425e3e74025ebdf4426f4df5127ecd73b26fdda4a29fd0435251ffca6b23b17d8b1481bb9b1403ac1b01919d7af1805bbae25f6c9ac2417bdad0cf6170d05f43b1205fe1913fb131913eaf92a14f2ea1e130c061b14161e0710 pre_us=87696 enc_us=494691 q_us=113 pkt_us=2
[PKT] seq=725 mode=A bytes=260 pkt=01020001fff6b4903617af8f3eebac913deeb2911c29b49103dfa891302a9d8f4ffc96900b09ea08e516fc00fd24fe00bc1df701c855fe010a1bff01ea3d0501b461030024269ab7463896b248239bb4463e97b41a3596b43b3a9db43403a1b12d12adb5c3f43e30dbfd2932cafe323020cf2730cfe22430dbef3030fb012d32fcd7322ffffb5358ea0c4c43e3184742ea065142de095043e6204343ed1f4745e5303d41e7ed4722b6fd4322bc183621bb0f4121fcf93822e2e73a21ce133423db1e261f14eeb4b72c1bbfb61d1dbdb8502ab9b9092ecab927eabeb8290abcb6f922b8b9eef9050ce417f710d720f4111609e4101333f411e41f0111f73806113253050d pre_us=87692 enc_us=494684 q_us=113 pkt_us=2
[PKT] seq=726 mode=A bytes=260 pkt=01020001b8f6b28fab1cb78eab29b28fd85ac38f0933bb8e1a01bb8ec8f7af8d045aa18ddcfaf608d1091200d20d0000e94400000701ff00f30cfe00e7030100e0370a00133aa1b516559aaf305198b1254a92b02d4496af2f3e94af204794ad01139eb00cf632321eef113415f42533fbd02233d7fb2434d7033034f5092836ffdf1e341fed5e5a22ef5d4521f1534510e15345feee5546f1ff5146fb075049fbf84e45f1e54e24e3dd4e23cde74723d3e94923e1d25524e5dc5323f6e348260003332120fdb2b54525d0b45a23c0b54b46d0b51034c1b40f1ac5b438eac2b22622c7b40efa110d060813110bfefc120d0b011103fc06120fe0061205080213242b040e pre_us=87693 enc_us=494691 q_us=113 pkt_us=2
[PKT] seq=727 mode=A bytes=260 pkt=01020001b4ecaa8dc931b88cb2edb28de624a28c230baa8c1fd3c28bfdefac8a2e479b8ae8f1f108e5e91cffd6ea0700e1301000fdea0900e8e2f5ffe32714ffcb4c0bfffe33a4b3f84e9bad09699aad00549fac24419aab30438faa162792a824349aabd4f12d34eb0b0b37dcf72636d2e91d37fb2b123916071239f4e51f3be02a2d3905fc5f5cdff96148c4015948c9ff5849c50e654abcf7694ace225d4db426494a12d64b250ec854241eae512514da4426ffc55a2601e864261adc482812e23e24170fa7b33933d6b14611c5b2344bb7b1f64ec1b0f944d1affe08d0aef63bbcaf1fde130d14012b1216d3131306da1813e6ed1314eb1efc13fe0d131412370d0f pre_us=87696 enc_us=494683 q_us=112 pkt_us=2
[PKT] seq=728 mode=A bytes=260 pkt=010200010aea93931a248f93e9fb92962af4949823409499072d92981c1191974e32979906080508024e06011e3a0801ee5e0802164e0b020d340b0203460b0200600402321cb8bc3d2ab9b84c46bfbc545dc2be2d30c3bf2e3ac6bf3622c4bc2301c3c3ddba312cf3bd342dcadc3129f9a32d2709ca2c27f7bb2e271ce62c2940b52824f2205154dafe3b3fd61e373cbe25363ae9dd3b3bf0de3b3ae605403de4033337e2ef1b1fdbfd131fd4040f1dd5ea0f1ceddc0c1deeed0b1ce105061edf031419199ebabb2ed6bbbb56c1bebf31dec1c209c5c6c21fb9c6c229c3c0c01706c3c4ee01050bd916090fb2130b0fdf2c0a0ef2350d10ea050d0ee9310f0ff84c080a pre_us=87692 enc_us=494684 q_us=113 pkt_us=1
[PKT] seq=729 mode=A bytes=260 pkt=01020001b4f5b58cc138c98bb520ac8cf251b08b1735b68a1efbb18aefedac8928509a88efea0508ef0337ffe9011600f7312500f8ff36fff5081dffdc0f31ffe63926ff0430c9b1e754c2abf858b0aaef4bafa9082db5a71f25a5a71e2aa1a5fdfbb5a7defdd936dd02bd39d804f239d901ee3be026c43c0101003cf502f43ef723023d0401595dd8f94649c3f9564abcf35a4cd6ec584ddc005b4dd5265750cc1a424d1edc202617c8142622cd232618e02b27f1f62028e4f6262815e5272a0df202261a09a0b1392ab3af3c1cadb03355b8ae0938b5ad091dafac18e3c4aaef29adab31ea2c0e040039130af52a14eef13e14e5fd3a14e7f12d141afc3b15fe1b1f10 pre_us=87697 enc_us=494689 q_us=113 pkt_us=1
[PKT] seq=730 mode=A bytes=260 pkt=01020001b5efc28cb437dd8bbf36c88aeb46ab891024a98915f8ab88f03caa880a5b9487dffbfc08d81b33ffe8161afff0401eff0efe36ff0d1029ff031325ff0c2a20fe053cd3af0c52c3a9234faaa81557baa61e42d5a51c3eaaa406359aa2fa0ca4a409eeb9371003b03a16faee3bf5c8d93dde2fb33ff2f7043ff1070d41e636124023f84e5e21ea394b0bf7444cfde7544ee8df4d4fe4ee544ff3085552fa0e4b50f4e70828e3d80327efda1528f4d20a2904d6012a0ae20c2916d6372b0ee11c28170398b03822b0ae4818a6ae363b9fac021fa4aa0bf0abaa16ffbba8fd0dada80cf20a0e04ff241312fc181411ec2a1500e33415f8e133150c0737160b221b11 pre_us=87696 enc_us=494679 q_us=113 pkt_us=2
[PKT] seq=731 mode=A bytes=260 pkt=01020001c1e4a791c30ab691c8fea793cff4a594f722b294f70fae94defda092eede9994e513eb08c521ff00d82a00019a35fd01d03ffc01c016fd01b7410301b9560201fb34a0b9ff4397b4012ea3b72059a4b9194ba0b831359fb80b06a5b6011eb4bb19ec422e3411213030092c2d49cd342cc7ea2d2ce6e0302c0e0d282e13dc302afff74e56daff4c41da15413fbb303a3fc7fd403fed043e3ff5394342e230373c00ea3921f4f93f20e010331fc6ff321fdbd03b20bfd3381fbf283121d7181f1c13eda9b91e15c7b824fec4bb381cb7bd0623c0bd2bf6c1bc3a17bfba140fb9bed7e2f50ccb10f610c214fd10e504f40fe314fb11f2d6fd10e21e0310f445010c pre_us=87687 enc_us=494690 q_us=113 pkt_us=1
[PKT] seq=732 mode=A bytes=260 pkt=0102000112c598982204989817ef9f9f4911a5a51c32a9a9fdf7a8a810eba5a54a12abab02f708080b3802022a120303ef210303cf0a04041ff1040418110404e01404043e0dc3c343f8c0c047dec8c85dd7cdcd3bc3cfcf29e7cfcf31cfcdcdf8c3d7d7dcb9262604b82626e5af202038c81c1c27a91b1b0da71b1bffd61c1c4fa61414eb384e4ecd283939d43b3333cf262f2ff13e2f2ffb3a2f2fe83c323200402828d3f81b1bd4fd1b1bd5071818a8271616de301717e0f41616df281818f73210101fa5c1c137f3c2c24ad3c9c956f3cfcf4f14d1d145d1d1d146cfcfcf3412d6d6e30f0a0acd290d0db6fc0c0cd2f10b0b2cff0e0edcfb0c0ce8130c0c23fe0707 pre_us=87717 enc_us=494683 q_us=113 pkt_us=1
[PKT] seq=733 mode=A bytes=260 pkt=01020001f5f3959403219393e20894971505979a1d2b999b0ed4999a16fc989936f29b9bf52cff08084b05010f4b0602d8540202db63060304490402f9530502d64901022d1ab6bd3c3eb5b9483bbdbe5b42bdc1404abec12e38bfc11f02bdbe11ecc3c50dc43a2b1b1b392cf8f72f2840e23425ead52d25eedd2e251bfe282752e02721ed1c4753c6222c3ebe342a3abd342839c51e2b39df292c39fc21353ce92a2f34fbe9191fefe2161eeef6111cd9fc141bf6d6131cdbe3161cea0e1b1de52817171fc4b5bc37f5b2bc48f2b8c14f18b8c30106b8c51dd6bcc413eebdc2161bc4c7f102030bca29020fb915030ef40c020e0045010fd43e050efb4c050ffc30070a pre_us=87694 enc_us=494688 q_us=113 pkt_us=2
[PKT] seq=734 mode=A bytes=260 pkt=01020001c1f1ae8fd52bb58ec327af8ffe2eb28f144eb38e181bab8eadde998d145a928de9f8f708de191800e5140700d14a0900f0171200f91c0a00df010900e45b0b00f235a5b5044d9eaf164a9db0075d9bb022469baf18309daf284b9fadf8f8a8b01a032b3237f606342bf529330ab81f33f20a1634f4f226350bf133372cdb2d34fef0605adff16245d7f74f45c2055246f6e25846fe014d46020e4c49f7ff474504e94d2401ea4c23f2e13f23dce44423e4d54d24efe54124f0e73026ef1b21210cf8acb51d13d9b43603cbb51742c5b50727d3b4ff0cc9b442b9b6b22616b5b4d3f30d0dd20f2611cffa1212c61f0f1110101f120a031312dd0804130444020e pre_us=87693 enc_us=494687 q_us=112 pkt_us=2
[PKT] seq=735 mode=A bytes=260 pkt=01020001c5f4ac8ed625b38dc9e3ab8ee549bb8e3143b48e1c10ae8dd504ad8c29639c8ce90fe008df07f400dcf7f400d149f400e620e400ce21f700e802fc00b54804ffff3796b4094e90af096193b0f5608faf264f8fae173c90ae0c4292ab014d9aafe7e34233edf12835e2ef3934cda82634f71c333500033936c7dc3138f9e3293508f0535adfeb5446d1f44b46cde85346bcd95147c9f74e47e50c4c4aadfa494612dd4a2410cd472309b9422305d04724f3cd512508c2482418d1482618e038220c03a6b42c15bcb33befb1b43137c9b4ec37b3b3e52abcb30ef8c1b1fe22beb208fbf10d1cfae61112e9e612fcf1f212e4f2df13fbd5ed1204f2fe131435fb0e pre_us=87686 enc_us=494688 q_us=112 pkt_us=2
[PKT] seq=736 mode=A bytes=260 pkt=01020001ca06b48ece1cba8dc5e3a98ee93fbd8e293ac08d22febc8dcecba78c124ca88ce708dd08effbf000f1eef700eb46e500ff1edf00f614e700f7edf800b04b07fffe3094b402518dae0b6293aff6588cae27408aad2c3c8bad0d3890abfe3793aed4f33d33e7f22a35d2e73434b4af2c35d8ef1536f2da1e36d5cb2238f6c01a3604e7575ad9e35646d1f34e46edd05a47e8bb6248e5d46148f5f35f4bc3d95f4711e050241ac848240ab84224dde64b24d3084f25eff448240af94027081134220b09a7b43314c1b346feafb43a56b9b31b41c1b3022ec4b215e7b5b01e28d7b219f8f30d13ece31210e2e312ecf8d812dc16d013fa13d7120010dc131851ee0e pre_us=87701 enc_us=494688 q_us=112 pkt_us=2
[PKT] seq=737 mode=A bytes=260 pkt=01020001b5f8b08fbb2eb58eb110a98fd852af8f1d57b68f1223bb8ec1d2a38d115e988dda0de508d516f700e701f600ee39f400130df100fd23f400f306ff00d25206000b3a97b5204f92b02e5997b1276294b02b3e90b026398faf1f4995ad0215a1b002ee3e3215f828340eed3833efc73233030b2434ffd82534e7e72e3617dd2c3319f5545a15ea5045f4fb4745f4e94c45d6d25646e2d85546f4125049ecfa4b45f4e34b24e0e14723e9dd3f23e2ce4623e1e94d24f8f34423feee4025f60e2b2123f6aeb5440fc2b45406b3b55434b5b51c28beb5140bcbb439cdbdb2311ebfb407f7fe0d000bf311f300ec11fd01eb11d40be512fce0ee12fbf4f7121c36fe0e pre_us=87690 enc_us=494686 q_us=113 pkt_us=2
[PKT] seq=738 mode=A bytes=260 pkt=01020001c0f3a091c6349890c1189693ee259c931d6197941d2b9993c1d893922a4f9393dc1bf008d8390200db300201f2570101193e03010c130701fb010501dd5504010232a2b91445a5b43750adb72661abb8393fadb83731afb82d29b1b52cfbb7ba17f0442f240038301f05372e0abf362cdfed392de2d0332d03f5342f0cba2c2b04104956da143642ca1f2f40c41c333fe0043140eb2a2f40f94233420119353df8e03921f4db2821d7d72220ddd5291fdfbc2120e3c5241ff6db1c21b9131a1c1bd5b2b833f4b2b84af4b2bb3725b5bc15f4b1bc23ebb6bc47b8afba4231b6bdd8f8010cd11afd10c80cfd10c123ff0feb22fe11ee050810e8f50210013f000c pre_us=87698 enc_us=494684 q_us=112 pkt_us=2
[PKT] seq=739 mode=A bytes=260 pkt=01020001c1eaa390bf33a090b0169c92f450a0920e5d9c9329349e92b7d595910d579492d823ec08d81ff800e61eff01e647fe0107280201f31f0401e0080001cc4b03001333a0b8264c9cb33950a4b62f65a2b72934a6b6372ca7b6234ba9b32b0cb1b813ed462f1ef7373117fd372fe3b9362eee08382ecfe1362ee3d43930e1d3312c090c4957f9053742f81a3541f3fe3640fc0c3441f50d354109323a44fa16353ef6dd3e22efcf3a21d9db2e20c6c53120e6ce2b21d4d72a20ecd72522c3031f1d1de6b0b84003b4b75909b2ba4924b7bb2313b1bb09f0b8ba3fb0b1b84e2bb3bbf5e7020cf308f710e809f710f30ef910fc2bf8110f08fe10fcfffe112032fb0c pre_us=87698 enc_us=494689 q_us=113 pkt_us=1
[PKT] seq=740 mode=A bytes=260 pkt=01020001cbf7b68eb821bc8dab1cb18ed902b58e1141bd8e2304ac8dbce4a38c2362a28cde07dd08dc05f600e110f500f70bf800031de100fb1cf600e7030100e74c0bff0c3195b41a448faf2b5992b0396190af344e8bae2c2e8fae224993ac080999af15f33e331af31d350be238340bbc2a34e9d52335eddc1e35f1ee3137eae619350df2565a13ed584605f04c4508f65546fab05e47f7dc5d47f705534a02e45746f7ea4f24e5dc4723dfdc4323c5e24424daed4d24e1113e24fce63d26e71e36221b06a8b43e0acbb35415b9b5582fbeb42b38b5b41d17b9b33fd6c0b12027d4b3f9fdf50df703ed11eff3ed12e801e51203fcd0130a00d71203ecf5132746010e pre_us=87685 enc_us=494693 q_us=113 pkt_us=1
[PKT] seq=741 mode=A bytes=260 pkt=01020001c7dfa990cd30ae8fa501ac91dc04b1910e4cb8911e11af90c2eea08f32509a90de12ea08d524f900c924fb00cc2ff601f81df2010318f701f7ebfe00ce500200fd3b9cb7f54b96b20f499ab41e6598b4194395b3253398b324389db10803a7b520e043302d052c320d02363001c53430ffea3030e8f03031ffe5323324b32a2f01fd5058e1f14a44ba0e4142b3164242f3eb4643fd0443430416454604104441fee94022ebde4222def33b21d3d23f21d3c64822cfe74121e0e13723b8072d1f0eecacb61717bdb6360fbbb82125b7b8081ebab80a08bbb83bb9b6b63020bcb8dbf9f80cbe1af111a7fdf911bd0bf210ee08f712ec01f711d40df711f443fe0d pre_us=87689 enc_us=494684 q_us=113 pkt_us=1
[PKT] seq=742 mode=A bytes=260 pkt=01020001f4e1959212419192221b949515179696013c999701049396d4dd9395382996970616fd08fb50060114350501ca4a05020b5d0402123c0802082d0502045b06012d24b2bb3f30b2b64a23b7ba5355b9bc2858b5bc204abebc2f3bb7b91309bdbfddd93d2d0906372e2102352b49de31290009392904da32290914332b3fea2826f2294655d91c3040d2242c3dc92d2d3cbd122c3ce227273cd337323fcc322e39eedc1d20dced1820d3ed181ee4f8181d16bb1c1e09d10f1e00ec18201114191a24b1b3ba3d08b0ba42e5b6be59fdb9c01708bac015ddb2c03dc9b4be1123bcc2eef8040cdc32000fcd23050f0518020eea230810ef2e010fcb2f03100146000b pre_us=87702 enc_us=494691 q_us=113 pkt_us=2
[PKT] seq=743 mode=A bytes=260 pkt=01020001c1e0a78ccc15b48bdee2a78be520a18af40ea28914eca888b7e4a588ec489c87d9f70608d2033effb41e25ffc2272cfff2e240ffe9071fffd61d31ffc45229fe0c37baaf0059aba92063aca81d71afa6185bafa532519ba51b639ba3114c9ba4d2f50a37fa0bef3afbd70e3bdbf2023d013ee63f09f7083ffecff6410f2613400eff615efbf35a4be3f35c4ce5cb614efae6694f06c66b4ffdda655202ed5c5020d7342720c244262bc337271daf3c29e5d04c29d6ef532918c5332b06dd3428fa09a3b00308d2ae081ec8ae0739b4ac0b53d2aafa43c9aaf7ffc0a8e524c5a833de360e180a501335e442141ee14215eb0c4d15111b2f1503ec3616102c3b11 pre_us=87693 enc_us=494685 q_us=113 pkt_us=2
[PKT] seq=744 mode=A bytes=260 pkt=01020001b5f1a78fb432b98eb720ad8fdf37b38f2141bc8f3a0baf8eceed9e8d2c59938ddf01ee08dc031500db0504000e1c0b001b070c00f5200b00ffff0d00ff510f000039a4b50d4f9ab0195c9eb1136099b1374797b02e399baf153e9eadfff9aab102f2313211f805340ae82133dab41a33d7fd0934fff62334b8e12936e4d927331ef45c5a14ec6145eb035045d3f25545c9ee5e46c5065246cf1a4f49b2054a45f5e64624efd44e23f9ce3f2305bf4223f8d8522402df452317e6352526ff20212009a4b53d18dcb45212c4b53825c7b50f24d7b5fd11ccb421babeb2f90ebeb408fbfe0d0efd1f110c020911e8060811dc031112f2fb1611e9080e12e23b090e pre_us=87693 enc_us=494687 q_us=113 pkt_us=2
[PKT] seq=745 mode=A bytes=260 pkt=01020001b1e4ad8bc138ca8ac612ad8aea44a0890a219a8814f08d88c5d58e8723589c87edf40508d90444ffeb0c2cfffa4b30ff081f4cff031c50ffe50c48ffd74931fefc32d8aee953c8a80256b8a7015bd1a5204adaa3154b0aa31c62d0a1f12bada2e3f0d538fb12b43becfef83dceefe13fef3fd0411a1cfd41ecf9fb43fb370e420ffd595f03ed424ce700484ddede4150010b48511f073451f3154c53e91344520be20928f9ce14270ac5192800c5082ae0c9222adcd6102a14ab232c0cde3329150b98af2728bead2c0eabac20429caa1234a8a904fc9da80acca9a6e528aca617df300e01fc431403ea4c15f2c85115eee663160cf46a15f5d6631611225112 pre_us=87687 enc_us=494688 q_us=112 pkt_us=2
[PKT] seq=746 mode=A bytes=260 pkt=01020001bedbd18ad3031888d4f0cf88cd40f687fd032286fbeda786d1c9af86103ad985efed1705e7094c02f22a2e03052029ff20cf54fd26c5580111122dfe120532fef545eeaaec64efa5ef63c2a4f660c6a01036e49e0a10f8a00139b89dfb08959debf3c53fe80dce45faf2b342ee42bb45ef1192490ee7d2470ad3d3471a3cde4723f2425e14cb22480ed3504e0ad33b5014e8365027f54c5218f3575626c9615510da0b270bc0fd231cc71e25eec2142dd7f8022ce215fa2908d60f2ed207442debfd9cadd525b6a8d430aea7f05a9aa5242ac5a51febaca2fceba7a20219c8a212f6030afdfa140bed0f0711d22f0f10e62c1f10f8165412edf53115ef523912 pre_us=87698 enc_us=494681 q_us=113 pkt_us=2
[PKT] seq=747 mode=A bytes=260 pkt=01020001b4f8b78cbf2edb8bb11cb38be548b18a10ffba8926e8c389c3b6ad883441b888e7ef0708e0f03cffe3ff0e00ee492bff12e830ffe00021ffd6ed21ffe63019fe022ecfb0ec4cceaaeb48adaaf44abca81c4ad4a60427b1a6163da2a4f6199ea6e1faca37d010b239e5f8fd3ae5dcdc3ced3fa23d14f7d33de2f4e840f940f13e08fc565de6f63b4ad7034c4bbeee504de1124d4ee9e7574ef1086351d233544e1ae218270ec9032619d01e2727eb122805c21d29fe0d232815cf1f2a16ea402716049fb13239b5af3e2aa2af2755a4ad0841a6acf033abab12eeb0a9e148b8aa2cea1f0e17f6361310eb1c14f5fc3814fbeb31150526341417f12f1514343811 pre_us=87689 enc_us=494689 q_us=112 pkt_us=2
[PKT] seq=748 mode=A bytes=260 pkt=01020001c6cff48bc7071788cee4d787d8fde08606d0408510f1d585cfedc684fb47d684e6fa25fdde094a03de1c3002e12d2dfcfdfc53000c1a3802002d35fd102934fe023fffa2f35bfe9e0961d29df76cd5960043f695002cdb971266bf95e2339996d6f2da4ded09fe490ffac14aef11ed55ea0ade5614f6bd51f3ebc8500e2cc94f22fb2b5717d7364307ec4d4d01c6404d07f2394a180452510bd653581be9625b15d8d72a08c6eb291fc0fa2d0fb6ed36f5e2e033fde9ec3014b00135fde23d33dafca9a5e11fc8a0df14a4a0ea5ba29def42e299fd17a499e60b9c9ae628ae9a1eea050afdf92403100d110cee0ee60cf61e1a0208112109e7d92b0ef15a3610 pre_us=87699 enc_us=494684 q_us=112 pkt_us=2
[PKT] seq=749 mode=A bytes=260 pkt=01020001b2ebd68bc23e0d89cb1fc189ee36bb880510c38701dbaf87c3cfa3872a699a86e9f60e06db0d4302ec082e00c93b44ffd1ef47fee10b24fedefd31ffdd4049fef33bf1abe34ecea7044acaa5ec56c3a30943dda1f325aaa11745a39fed18aea005e7c53d060acd40010ae840ffced741e22bb2431a17e043f1f10345072ff94415f43c5df1eb2749d0f53b4cbcfa4450c2e94552d6116152e8f36054cc054c530de6fc2609d104241fd4ff2721be042a03ce042b08d7322b22c5212d24e80c2a100698ae1d21b4aa2902a4a9f430a7a7d32da6a7c813b1a600c8b8a5ef23b6a50de50b09faff270d0eed2712dfe64812c8da3914ceed37140bc64216161e5113 pre_us=87700 enc_us=494687 q_us=113 pkt_us=2
[PKT] seq=750 mode=A bytes=260 pkt=01020001c0efbd89b91af387b923de879d1eab86d139f385e248f785a9f3ab84b546ef84e6fb1505d8074601c91f36ffc8161cfecf3038feea3121ffe0251affb3252cfcf42ad2a70644caa21a3caca0214bb79c2a57cf9a135fb19a164ea4992f54a19822f6d5421c05d644390406462a07f84a14d3b94ff4efba4f220cef4c2f28e54d1500506006f3334d11123851f2194754eb0b305307f234541e0553591116295902ee1c2af2dd0f28dcfa212ce7ee172feeeef52eebb5052bf0df2630e1cf12310a059daa1b00aaa64515b2a55c279ca152469a9f2d4a989d402d929d574b9a9ef5ec0c0bf1f7270ef9202114e210f6122321fc0e12ede20ffee606132bee2912 pre_us=87699 enc_us=494685 q_us=113 pkt_us=2
[PKT] seq=751 mode=A bytes=260 pkt=01020001b7f2d78aba150188b52cd387ad23c686dc57d385084bd085c1eca084f35fc384ebff21ffe4044303ce0d2301d60523fed03032fcef0527fee80014febb2424fdf827e8a30736ce9e154fad9e125f9f9a0b62b1980e54a49900509598fc5491970cf2d44b0603ff460df0fa45eadceb4be3c1bd4edb17cc4cd204114df711f34e26013f5a25f63d4819074e510b0a5656f1f64f56eeda5558faf35f5bf8115d5cfef3ed2ae3e3ff2cddda192dd7d22432e8cf0d34f7ca1a30fcd73932eec749320c08a6a42003b6a24c11aaa35420a6a14846a09e1a489d9e3622969d3b57ad9d0df7ff060cf625050f0c2012040b07141613061121f112140be511182c143715 pre_us=87691 enc_us=494683 q_us=113 pkt_us=2
[PKT] seq=752 mode=A bytes=260 pkt=010200010715a790f51ca1902e3fa0910c1c9b922312a192e72aa092eecf9690fb4d97910519eb080718f9000e350001382eff01f027fe01ee42fc011a160301ea53040020219db8343c9cb33e0aa1b54604a6b65421a2b5445aa0b5394da5b32242adb7e3fa4330f50336312e092f2fe6153a2e56ff362f09c73c2f19cb36313cd62f2df5fd4b57e80d3943cd153d41c00e3741d4223a42ba1a3541c2343b44c1fd383ff9d44322efd83c21d5133420ecfd2b20d103362110dc31210ad5282325e1251e0adbb3b731f0b4b73f25b9b93bf5b3ba5807b9ba431bb3b92ccab0b8100dbabaf7ec050ce40cf410cc1ff910aafdf610dbfbfc11ecf7f710d5fef811f02dfd0c pre_us=87687 enc_us=494691 q_us=113 pkt_us=2
[PKT] seq=753 mode=A bytes=260 pkt=0102000103f9ae8e010daa8d3221a48e09f0968ef61a9f8de239a58dfff6998c3a539c8c0713e7080016fa001223fc002b2ffc00e920f900e523f700161f0000d44dfdff191b98b42d3695ae422798af50239eae564699ad4a6195ad424298ab274a99aee8f44233eafe323523f53734100f413544f838360ec8353610c53b385ec736360006535af6054a46d8124646cc323e47ce0d4248be144a48cd2c4c4bd6f24547f6ea4b24f0ed4524cbfe3e24cbfe3324ccf04125edd64424e9ee3927f3e83e220af5afb42201b9b3370cb9b44fe8abb3600db1b35c29b5b23fffb1b0262ab8b2fbf8020dee0ff712ca1ffc12aa04f612cdf5f613e312f212d90bf7130135fb0e pre_us=87694 enc_us=494686 q_us=112 pkt_us=2
[PKT] seq=754 mode=A bytes=260 pkt=01020001d3feb38fdb12af8eec25a68fb4e8a18fda30a58fd545a48ee1099b8df1569b8de802f208fa051100c5250b00e5030f00a4391a00c2400e00d4290400c3480800ef24a1b508419eb0112ca1b11722a3b1133fa6b0026aa1b0fa469cade241a1b120fc30321bff143447f52a33080b273343dd1e34fad02a342cd1333634da2b3307f45c59e2f95845d6164d45b7184c45c4155046b7f54846e3104c49f6e94544fcee4e23f2e54523c3103623c1fa2b23baf93224dcba3423c0f43625c6e43321ff05afb51af8d1b43c29c4b631f4c0b64027c9b5291bbfb423f9bab3050fbdb4e1ef0d0dc80b1a11c51c0c1199f70911d80a2212ba0e0c11bc0e0312ce2a040e pre_us=87703 enc_us=494686 q_us=113 pkt_us=2
[PKT] seq=755 mode=A bytes=260 pkt=010200010f1fab91fd2ba090332b999205ef9993210fa194cc3ea293fcbf9692131a9793061bec080b23fa00123eff01461f01010316fc01d735fb0122370201dc55000123249eb92f479eb43b10a8b6410aaeb84e3aa6b74a67a2b73845aab52442aebadff7402ff2fb393037f5362ed60f332d49f2382d07d0372d0ed4342f50bc322bf5024a57e8013542cf1c3540bd263940e0173540c8173540c33f3c43dd10353df4ce4621efd53821d9122620e8ed251fbde03520efd0332001f523221be1261d06e1b8b82af5b5b83915b0ba2eceb8bc59eebbbc621ab7bb26deb1b90707b7bcf5f5100cdf11f510cd26f210a110fd10c803ff11ea20f710d32efa110e42fc0c pre_us=87682 enc_us=494688 q_us=113 pkt_us=2
[PKT] seq=756 mode=A bytes=260 pkt=010200010af0aa8efe10ab8d3128a08d01f99c8d0512998cec42ab8cf8e3978b1638988b0e06ef0809131500011c1800410a1700d6261400ed3517001a2b1000cd5010ff1e27a1b32d3d9dae442ba5ae42fba5ad5647a5ac38639aac38409fa92b4fa2ace1ee3334e2fe123626ef1935eb10263644ed263704c5143813d1303a53bb2837fafe5b5bf1fe5b47ce0d5447c4215448d20c5049b8f85f49c427554ccf064b48f4ec4725eeea4224cb0d3124dd092e25cf022f2605da412501f831271de6312308ffa9b32af7d2b23a18c8b345f3c9b25e1eb9b14227ceb12adec1af1914beb0f3fb030de7121e12d0201812a0fc2112e50b1213e8231b12d12614141a47130f pre_us=87702 enc_us=494688 q_us=112 pkt_us=2
[PKT] seq=757 mode=A bytes=260 pkt=01020001f8f9b68ef415af8d2b29a18e0a039f8de821a08dd544a68cf3eb9b8b18549d8b04fee608fb1202000e2a0700341a0500d9250400f72ef5001a220300dc40ffff192796b32d3795ae411f9dae43179dae544799ad3e6e92ac3c4e95aa134f98ade9f43733ef05293624fa3035071138364cf0333706bd3b371bc1393954bf3237fffb5b5bf7ff5147d21a4947c8114448d0004949adec4d48bb144f4be4eb4a48fde75025eee94424d5f93a24d8ff3825deef3c2510bd462501f0392722db3d230ff6b1b3310ac3b22d0ac1b33b11b6b35e0eb8b24031afb131fbb7af1514b7b1fdf7fd0df011fe12d60d0b12aaef0712dbdc0213d307e812cb02f4131c35f80f pre_us=87692 enc_us=494687 q_us=113 pkt_us=2
[PKT] seq=758 mode=A bytes=260 pkt=01020001031add8df018c68b0f3ab28cdfd2a18b031aad8ac215a58ac0ec9a89e2569389f6f91b08101022fff63015002afb2100f11821fff70f21ff220a1bfff34519ff1c29c4b12038b5ab3d30a7ab3c22aca94c33aaa83d66aba72c4b9ea5153ba4a70cfbce3606fcf53824f9ff39d8290b3a3f07f93c09cd033c0bbe243e34d91f3df9f3495dde024549c40f514ad311504cd2084f4db806564ddd20574ff7f54d4dfee8182608e00d25ee0e2826f3f31227cdfa1d2811cd182706de262a18e123260ff2a8b11fefbbb04a34b5b037d4b2ae530eafad4afda8ac43e2b9ab1408b2ab000c2e0ede0a3313d5292114b5e02a14d2da2b14d0e72714c6f42615fe3d1610 pre_us=87688 enc_us=494692 q_us=112 pkt_us=2
[PKT] seq=759 mode=A bytes=260 pkt=01020001defcae8ae414bc89f940a388b7cd9c87e009b486e042c186d0009786d762a885f5ff1408010938ffc23b2dffe5f52aff9d1d38fecd403efec23322fec03330fefd24caac143bb9a50e36b1a42746ada12458bb9f0a62c29f073fa59df138a19d20f6dc3b04ffc23e250fe840f530f44309dfb045d6eeb646100f12482ee8e34805ff5c61eef84e4edd135a51c80c6053e1195455fdf13a55081854570deb525609f2192af1e00a29ca0f1c2bb6e4142ca9e8002dbbaef32dbfeb152febd81d2d04039fad1cf7aeaa3632aba924f6aba63838a4a41d28a2a424eea3a2191cb0a2eff43d0fdcfc4315d6344716a3144217f6f84017d8c84c17d6053c1802f84614 pre_us=87688 enc_us=494687 q_us=113 pkt_us=2
[PKT] seq=760 mode=A bytes=260 pkt=0102000102fbae8dfe17ad8c2921ab8c0bd9998bfcf9a18af1499a8a0e079789275f978907fc110811111efff52b0200440d0b00d7150fff064a17ff0c3710ffdf4e0fff1821b0b12a3ba4ab403896ab4d299ca956569ba82a5d9ea8354498a515409ca7e4fa1436e0041b382a032e39ee18323a47e9233b07e1263c18eb333e56e5273cfe03625df1fc5349c916504abd234d4ce41e524dc0e5564dcf08544fe1e74e4dfaed4226eedb3c25d00d4526d4f93327d6ea3a280ace342703f0362907e5352606f6bab121faceb03e2bc0b045dab2af5e0fbaad3322b3ad19f5b8ab1419baacf8ff460ee3033c13ce2110149ef30a14f4ec1c14dcf91e14ee03121506221210 pre_us=87694 enc_us=494691 q_us=112 pkt_us=2
[PKT] seq=761 mode=A bytes=260 pkt=01020001c0f7d389c71ada88b932d187a7f2b686d628e885f34af285f112be851c61d084edfd1108f5f937ffdb1427ffe1f931fecc282efefb2115fe022f19fedc1b2bfdfb22ceaa0b48b8a30e44a2a12357b99d1863b69c1c6bb39b004d9a9a0b469d9906f5b43d0e02b0411103d24309e8c247d6b89749d90ca24ae105fd4cf220d04c230348620af4485000054f53e2145157d31b3858d7e21e58e209525ad00f445a00f5fe2cffd50c2afaec1a2d03e3fc2f13c8f02f05a2f72f16d1233119c62630090598ab23feaaa84f27a8a654079aa344469ca1254298a01534979f124da09e13fd211008f728160b1622180b0838181f0b0c180ec606180cec2b1930163d16 pre_us=87692 enc_us=494684 q_us=113 pkt_us=1
[PKT] seq=762 mode=A bytes=260 pkt=01020001d8f9aa8cdd30d78ada219f8ac51c9b89df19a289ec44a288d5089688146d9e87f3020a08f50747ffde2713ffda1d25ff9f2a43ffc34738ffd83b1fffb33c27fef42ad0af1439b3a9142aa7a83230b0a63a54cfa4fe64baa40938a5a2fe409fa31cf2d938fd08dd3a1706253cf516fd3e19edcd3fdbe8ec400df1264239f6124106fb5a5ef2fb3e4be41e4e4dc6274b4fdb2f4350f9fa4a500a07515213e7525104f21428f3dd1727cefd2728bdfb0629b6f2fc2ad0ad1829ddef1e2be2e0282902069cb020f7c5ae3d0cb9ad4718abab533da7aa0e25a8a91700a8a7291fb8a8e5ec2e0ee8094a14bf1b2a15b01331150cef5115ffee5015ecef381626113d12 pre_us=87699 enc_us=494686 q_us=113 pkt_us=2
[PKT] seq=763 mode=A bytes=260 pkt=01020001faffa88ff916a78e1a2a968ffaf3938f0e3ca28fd2359e8f11fb9c8efa4f9a8e0307fe0813fc1c000e0229003fd81f00e5dc3200ef1e1800fb221600df392900141ea7b52726a9b0411cc6b14b2bc7b15a51bab14f5fadb03a33a7ae5030bcb2f5f82b32010b09333ee41532fe08143255dffc330bdd143337d924354add1032f8055c59e4055b45cb125c44ad095f45e4ef6645c10a6545c6365d48b70d554407f0442300ff3623e3261522f4101623c8223023ebfb3323fb182c25e024202108efb6b522ecd5b445f5cbb63ee1c3b66813d1b66125d3b541e7d0b3692fcdb5fb0d160dde2c2911c82c32119e182811db352a12d6361e11fa252212c5502f0e pre_us=87684 enc_us=494690 q_us=112 pkt_us=2
[PKT] seq=764 mode=A bytes=260 pkt=01020001b2f8bd8ba819d088a136c68896f4d186b751f786d14cfb85af06c385bd62f484e6022cfce3ff3802bc2a3cfdc7e73ffde12e4800fe1d2b05d6052600b9143bfcf91ee6a10237d39e0c52c69b1f5fc5970b6de7950e64bf971869a19612719d9410f2da4e1ef2014622ecf94d23e0fc54f4c30954ffe4094ffaf9124ef408f6542b02495935fa4c4730fc494b1021424aeefc3e4af9df434e0bea5b57f9f54a55f7f6e52edde5042bd7e7fb33ded6f833fabdd636ffb6082fedc12f35dfa233391204b5a42bf5aea04621bda15e16ba9c513bbf993038a09a462d9d9b534dc69a10effc080cfa2704211a1c0d080e00090207010406d6f9050edd170f12f10b0d pre_us=87694 enc_us=494684 q_us=112 pkt_us=2
[PKT] seq=765 mode=A bytes=260 pkt=01020001cef6a48bd10caa8aca13a18aaafea688d322a488e44cb087d030a687ca66a986f8070508f4f62cffbf2725ffc20c13ffab361affd51f1effba2417ffa73409fee516aeae0438a3a80240a4a6175597a40e619aa20d6293a2115491a0085e8fa123f81c391bfcfd3c35f51d3d130a154014d11641ef0913421a1e264420181c4314fd645fecf85f4ce20c584ead185f50c40c6152f2e36652f7f85d54e4ec5a53fff63e29f9e03d27da012b29d2e5452ae0de412bcab3582bb6d7542db7c3542af90da7af09e1cfac2f14c2ac3613bda9364fb4a8264bcaa72822bda63d37c2a5e3f1330ed7034314cb283a15a2062c16f5092d16e6de3f15cd0a3117d1052013 pre_us=87693 enc_us=494693 q_us=113 pkt_us=2
[PKT] seq=766 mode=A bytes=260 pkt=01020001e6f5b18de507af8cf312a88dbd0aa68cda17b18cd953a68bd02d9b8ae76d948af410e008fc0cf8fff21cf900ef1afb00ae34f100d143f6ffe22f02ffb74401ff092794b21b3c91ad203995ad413d94ac2d598fabfd6a91aa004d94a806529bab0aea403400082d372e0235360a1a383740e83d39f1de3c392701393b42fd3a3901fa575cf3fd5048d8124b48c1114c49d5134d4ad0d94a4adafd4c4dc7f2454a09ee4f25fce14724ea034325cb044326c6ec4d26e2ac4926e5dc4028b5cf39240902a9b329fbbdb13725b6b25419b7b14943bab02818b3af25fcb7ae340eb4aff9f1f60de809f112cd25f613a90cf813ede5f914cdf0f413bf020114b012fe0f pre_us=87693 enc_us=494687 q_us=113 pkt_us=2
[PKT] seq=767 mode=A bytes=260 pkt=0102000108f6af8d0506ab8ce9f5a28dd9c9a08cf90fa98cde1aa48bf912a18afa6a9c8a0311e0081415fafffe2cf7002405fe00d90ef700ed46f4ff1a2ffbff0640faff152494b3142a92ad3d3e97ad503797ac5d5092ab366691ab416291a84b6594abfee54234fafb3237f4013f36e4143c373efa393916c13c3920c8393b3cf63339fffc565ce8054e48c9214648bf2a4949ab0a4b4ab2044e4abce8524da6e94a4afded4e2502e84324f4f23f25ecec3b25dee6482614d74726fddd4428f8bd45240703a8b30901bbb13f1daeb248e1b7b15f2bb2b04539adaf3b06b9ae530ebbaffff2f50de613f112cc09ee13b7dcfa13d6ddf514deeae713cef2f514b61efa0f pre_us=87697 enc_us=494692 q_us=112 pkt_us=2
[PKT] seq=768 mode=A bytes=260 pkt=01020001e401a28ed906b08dcd2ba78ec60ca08e0027a58ddb5fa88db5f1a08cd06a9a8ce91eed08f50a0a00c52eff00dc140600a2270000c03bff00cef10900ae2c00fff41f9eb4083797ae123699af2d2f9cae374397adff5793ad1c3896ab0c219aae1fe83f330f03203505f43135fc15303536d53536f0d02e3604c52c393ae52f3607f1555bebf75246d60d4946bf214847e2034a48edd85048f206534bf9fa4a47fbef4124eae64024b7014124b7f23624a0f74025bccf4124c0fb3c279ee73b230100a7b40ef5c9b33b2bbcb44213bcb34e36b6b22d0fc3b236dac2b05109beb1e6f0fa0dd2000712b5090112a7f00512f5e3fa13d508f712c5dd0113bbfafe0f pre_us=87694 enc_us=494689 q_us=112 pkt_us=2
[PKT] seq=769 mode=A bytes=260 pkt=01020001d202a48dca059f8bd914a78cc1159a8bf0109f8adf46988ac4079089d2609689e317ef08f20b15ffda211800e00e2400a22626ffc93f2cffd00e1cffb22f27fff3269eb1fc3aa0ab06339cab1744a9a93262a3a8066ba8a81061a3a51865a1a727f235361a0a193835162139160a173a43d50e3c04d6043c1bcc1c3e29f00e3c0ff45d5de6f85c49cb14584abf00554cd7f7674de2b66c4df8e06a4fe1cd684dfdee4926fced3a25e4f34126b3fc2d27ab0b4228d9e43627c0f82f29a6ea2d260709a7b112f3bdb01e1aceb03205baae4540c3ad2215c0ad31e1b6ab4c08cbabe5fa060eca0b1513bdfc2c1498112714ef1b2714e60b2614c4ed1c15ba202610 pre_us=87689 enc_us=494686 q_us=113 pkt_us=2
[PKT] seq=770 mode=A bytes=260 pkt=01020001e4fda98ce007a98be238af8bc7049e8ae3fda68ad250a189c6189b89d1649788f10df008f9fe16ffca260d00ba1d05ff942f0dffba4911ffbe2d13ffaa4d14fffa209fb1f9329aab022697aa163797a8335898a70b6e97a7195a97a5166299a61ef8353612ff1439170f2c390a1f383b1df71f3cd1f9223deff3263ffe072a3d09fc5e5df5fd5e4ad30c514bc21b4b4cc8125c4dd7da604dda025850d4f5534e02ef4f27f2e94726c3f94526a7f041289ef84a28b9b04c28b6f0442aabca3c27030ea8b106eacdaf222dceaf2c12b0ae4040b7ac2018c2ac340bbfaa4415beabeef70b0ed3082113bb0e1b14a2070414e1f51415c8082114bcf71e15c21b1a11 pre_us=87685 enc_us=494696 q_us=113 pkt_us=2
[PKT] seq=771 mode=A bytes=260 pkt=01020001e4ffb78cd70cb88bd520a58bbd18ae8afc37aa890f57ad88ec1ea788056b9e87f1fef708f70305ffc527fbffd311fdffa03af4ffcd3af7ffc623f9ffb534f6fef6149aaffc3591a90f4a92a827498ea623608ea511628ba517518ba31d578da4190830370afe243a1aff373bf31b343d03d5353fe6f33d3f0ce73641150a3d400ffc625ef6f6594bd3124f4cbe15544ec900554fe0db584ff9f15852fbe65150f8f75727e8dc5226d8f04a27b8e34f29b7dd5029c6b85429c6e1542baebf52280207b6b009fecdae2b1fb2ae4518c1ac3d49b5aa1f3cbaaa2324baa83825b4a8ecfc190ecef10f13cc1bfd14a4100715fe10f415ecf6f715e6e8fb16e906fb11 pre_us=87695 enc_us=494687 q_us=113 pkt_us=2
[PKT] seq=772 mode=A bytes=260 pkt=01020001b9feef88b90aea86c52fc285b7e5d084e311118308460483ebead2830a501c83eefb1606f1014501cf292ffeeae92efdca283b0207213100041d38fcea0f4afbf91edaa20131c19e104db8992453d7950d62d694135eb9952252aa93124ca5910cfbc2461c04d54911e7ec4ed808c255d4d1b957e6169955c80fb655e232a3572805346417fd3652010e4956da1a3259bf182f5ad904385ce20d455fce271c61fdf3f72df8df092bf7e51631f9dcf0330bce032e09a9193114c01b361ba71c38100b95a621fda5a13f229a9f5729939b33599298074b9298111e909706449c9612f9100b07f22c11101f0d13050ed513020fed0ffee2fb1605ca1c1811e92114 pre_us=87697 enc_us=494693 q_us=113 pkt_us=2
[PKT] seq=773 mode=A bytes=260 pkt=01020001d102ba8bd51ec78ae72fb489ca069c88f514a987f265a187ce0f98870060a586f8021608fd0836ffce3e1efff32616ffb9363bffee4539feed371ffec72c36feef23c7ae1043b2a7103ca6a62445b2a43460b7a20a6cbaa20940a0a0024a9fa11ef3d63924fcd53c3b16033e1204f64040caed42ffcbe14208fc164413d7f54408f9575feaf54e4cd0124f4ebe0f5151d80d5152f6cc56520bfc5b5403e45a5304f1182907dd1428e5061d29dae60c2bd6e90e2bf3a9122bf1f51c2dccd8212afffaa0ae1cf9b5ac2b22b2ac1f09a4a93528a9a7161ea5a72502a8a514febfa5e1ee350ee1fd4314cd313715aafc22160bff4c1608f54c16eefe3817f3074813 pre_us=87689 enc_us=494681 q_us=113 pkt_us=2
[PKT] seq=774 mode=A bytes=260 pkt=0102000104e9a78e190dac8e2df19d8e50eb978e5f01b08e190bbd8d35f2a58c2afb9c8c0411eb08011eff00111a0600fd280300f006f700cd2def00f432fe00d93cfeff1c2a9bb4312a95af4a07a0b0580da4af583f95af56668eae3b5393ac42669bafd0e64233be022a35a8e33034a1c53934f6e22835f2b12435e2fa3437c2ba3635fafd555af10e4f46ed254a45ed294346d7f85347d90c5d47d5194f4ad5224646f3ea4424ddf94023b8ff3123a6f93024a1f84924c6e54824e2db4026bed837220bf1acb41203c2b319d0bdb517dfb3b43d1fbbb45741c9b30f11beb13716b3b3f7fefa0de825f911d31f0512d21a0512cf1ff113f345e612022ef713df56f50e pre_us=87702 enc_us=494696 q_us=113 pkt_us=1
[PKT] seq=775 mode=A bytes=260 pkt=0102000105e8ab8d0709ab8c3a129b8c33f9a88b54209c8b0344a28a33f998894752938908faf808021012fff9131b0008001f00cf1812ffcc3611fff5290dffda520aff1727a2b12d299aab451ba8ab592b9faa5f2a9ea84a6698a83d4697a645449aa8d8f82c35bd0d1a38c8f22238abf4103a13f72f3bc5c0273bfece353d00cd2f3cfefd625cf6045d49f0125249e001614bcf0f574cc903544cdd1d554fcdf8504cf4ed4d26e3f34625ad032b26ae0b3f2799033527c7d13c27c6f53929b4f1362605fcacb213ecd5b02df7c0b12dfdcfaf5af4c2ae4f29bbad35f9b7ac2c15b6acf9ff100dec112013d90a1f13c2122713ddeb1b14e0131013e7060a15dd440610 pre_us=87690 enc_us=494682 q_us=113 pkt_us=1
[PKT] seq=776 mode=A bytes=260 pkt=0102000103e09c90fb0ba68f060d9790eff998910c129e91d63ba390fff69e8fee439b8ffc1bee08082a0000f739050027200101ec15ff01e944fa000a30fd00ec5700001e2aa2b61f2e9bb13618a8b34814a7b36440a0b3536d9cb32d549cb04450a4b403e14631fe162d3221e53231e907393049da363116b33c311cdb36332ff52f30fc124b58dc114544cf363f43be1e3b43b7254144ad153c43c4274346af123d42fcdd362307f53c22f4082821f0ee2d21c3ee3622fbbd3b220add3724eef9301f0cdca9b616fac1b53cf7b8b834d9b2b863edb7b8582db2b726fbb8b55925b8b8ff00f70ce525ff11df180111b800fd11c9e6fd12cd15f711e61bfa12b95ffa0d pre_us=87699 enc_us=494691 q_us=112 pkt_us=2
[PKT] seq=777 mode=A bytes=260 pkt=0102000118f2a39018179c8f4b0b969135099991541597911526929028fd928f46489290041aec08fc2cff000e290300261cfe01ee2a0001d53f05010a3b0401f656040022149eb72e209fb24d01a9b4530aa7b46734a6b45b4cadb3411ea9b15d0dafb5ddf34330d30c3432d5ee3230b9003b30190f3a30f4b43631ecdf3b32c2df332ffe1c4d58fd1f3b44e6283d42e40e3742c22b3a43cb373743d3303c45c3113941e4e34022daf13622af032521abf72e219ef42c22bdea2021d5ed2623a80f201f07e1b3b61bf4b3b622d4b7b83edbb2b960e9b4b861f1b0b82df2b1b64818b4b8fef7050cf021f810d10cfd11b003fb10c6eafd12e00bff11db0a0311b845000d pre_us=87691 enc_us=494685 q_us=112 pkt_us=2
[PKT] seq=778 mode=A bytes=260 pkt=0102000116ef9e8f150e9a8e4118969016dd9390480f949018439c8f3401948e3c3a928e071aed08012aff00e43dfe002a200200c53f0000cf4dfb00ee450200e04f06001b199fb633309fb03c15a6b25223a8b25c3da6b1465f9db13b30a2af4841abb2d1e74631ae0f3333ecfc3c329cfd383233e84132c2d43933ebd63c35cdda3632fc134c59f81a4045ea323944d7303b44de203745c2113d45e12b4347ca153a43eedf3c23d8e43422ba022c22b2ef2622a4052823cfda3723d8e92925b6f02120fbdaacb50fe0b7b53b0db4b735c0b0b76312acb6371db3b617efb1b436f9b2b6faf9fb0cea23fb11e7140011aa03fe11f6fffa12ea1ff211011bfd12d743ff0d pre_us=87694 enc_us=494689 q_us=113 pkt_us=1
[PKT] seq=779 mode=A bytes=260 pkt=01020001dff6ae8aeb17c689032ca988de06a487ff09a086f95aa386e4289785fa6c9b85fdfe0d080b0a35ff002627ff121326ffbc3528fef14022fef13624fee43919fd0a23c0ac2244aca52031a6a34646aca03a53a49e166d9e9e094d9a9cf552929c16f4de3bf702df3e300e014105ffea4437d7fb46e5dd0d46100b1c4820052148fe016061f0f94f4ee80c5451d3105854e2205b55e3da5b5502fc5d58fee0595713f4222afdd91929edf7252bd2f6122dc9f5222dd5a2332de1de302fc4b5432d0b009fad2705b1aa3714b0a94b1ea3a64639a4a41520a1a31e12a9a20717b1a1f7f82f0fe7f84815d91e4217b5163b1702f34817dbf84517e2123d18cc0f3814 pre_us=87690 enc_us=494685 q_us=112 pkt_us=2
[PKT] seq=780 mode=A bytes=260 pkt=01020001d7f7b18cde0db38be225aa8bb10aa68af30da58ae340b189fa179f891061a588ebf90108effd13ffb81e0300c114feffa316faffd419f0ffe12c08ffb91df5ffec27a1b1053b97ab123994aa163a93a9335492a71d638ca7073391a5092e8ea71efe2b36020712391a122c39f620383b11e0333ce1f73e3d15ee3e3f34163c3d0eed685decec6349e711554ac9244f4ceb11534dfedc564d14fc505022eb4d4dfafa5727dbe05226b3fb4e26bcef4927a2dc4a28b8ae5628cff4452ab9d05426fe0cb4b10a11d0af3023bfb03b29b6ae3e37aead313eb5ac1a2bb4aa2e3db9abe2fb1d0ecdf41713ce280914a90a0414f9eef614d8ccf314fce8021501f1fd11 pre_us=87693 enc_us=494684 q_us=112 pkt_us=2
[PKT] seq=781 mode=A bytes=260 pkt=01020001cdfad08bc815d08ac71fb78aa60ba389d5fdc288cb4cc588e92ca987f85c9e87eafb0808f4032cffc81c1fffcf2918ffb82e2fffe64623ffee401affbe3e1afeea16c5af0139b1a8f730a4a71143b1a5335bc4a31e6aa9a30d3da2a11041a1a22b04c6382505d33b5504033c1810f03f31c6c14005dfd4412af3174356fbfe420f024c5fe5f7484cea19514dab244f50be2c3e51ccec4551f612445312004852fffa122801db1427eefd2528dbf3112adff3ed2ae4b1092af4f6192cf7eb1b2901ff9caf11f4b1ad2c1ab6ad3f29a5aa453e9ea93b2e9ea82c2d9fa7382fa7a6e002160ecef63414d32332159b122315f9fe3516c7ec3a15faf826161a1f2312 pre_us=87687 enc_us=494691 q_us=112 pkt_us=2
[PKT] seq=782 mode=A bytes=260 pkt=010200010ae99792042494923030969507ea969736279998e731979719e79596fc0d9797fa23fc08064005010d31050125260202e6400502db5303020a3b0502d85500012a20b0bb3121b0b74bfdb6bb5504babd601db8bd6146b9bd291eb7ba3006bcc0efdd3d2cef26332e0cee302ac6fa31284e0030281ee734292ce82f2a3bdf2f25fa284754e8203240db2b303dbf2f313bc732303cba2a2c3cc947363fc5322f38ede32020ebf61d1fc2021c1ece02181da9021f1ed100191d06001b1ffb2e181a10c7b4ba2af2b2ba4cf1b8be4bc6bac064febbc16824b9c02ae2b7be4632bcc2000a030be32e000fd204020fa8e2050ec81c0610d33b040ff929040fdf38020b pre_us=87695 enc_us=494689 q_us=112 pkt_us=2
[PKT] seq=783 mode=A bytes=260 pkt=0102000110eb92931a138f92501c939531e096974af596980c149598401593964c21979804100608fb480501f33c0401332f0202cf2f0402d2580402f9490502de590202250cb9bb3807b9b746e0bdbb5f1abcbd603bbcbd5044bebd39ffbdbb4f09c1c1ccb9312cb8e5332df3cf2f2a99b42e2840c12d28d2c02f2801e22d2a29da2725fe275154f90b3b3fef27383cd627373be729383bd326363be1233b3eca1a3638e5ef1b1fd1fd161fab13171da3fd1a1d9e05191ec7fb161dc50e171fb318181906a2babb16c4b9bb36debbbe35bfbec163c5bfc14df2bec130edbcbf3613c2c3f912060be62d0a0fdc240b0fa223090edc210910f146090feb3e0b0fda53090b pre_us=87700 enc_us=494695 q_us=112 pkt_us=2
[PKT] seq=784 mode=A bytes=260 pkt=01020001dff4a28cfc1cbc8b05259d8b011b998a0e1aa0890a4e9e89e5019588356196880600080814123cff07191fff2c1121ffca2126ffff482aff032a16ffe84017fe142cc5b02f38aeaa3911aba95739aba7543ba6a6235aa9a528369ca33e429ba50df3fa37f9fbf03a3600133a02031d3c3cec023ef9d60e3e24d2304052e2273ff6015d5ee406504ae119544bbe0c504df2215a4fd3f8574ee5135751e8ee514f12eb1c27fae82426e7102327d4f21d28c1092929e9c42329fe02292bd4ea302712f89fb02afec3af47ebc8ae580fb4ad6438b8ab261fb5ab35e7b3a94112b6a9f2ef2e0ee3174613d51d3414af0e351409184315e31a4514d90e271600161e11 pre_us=87690 enc_us=494692 q_us=112 pkt_us=2
[PKT] seq=785 mode=A bytes=260 pkt=01020001e2ef9390f51b8e8ff1279091e4e89091f3349191e6609091dd1b8d90fa668f90fa1ffd080e400600ec4403001b2d0401bb4a0701dd610601fb460901c36107000f0badb7232ab0b24230b1b4543bb0b55641b0b42a65b0b42d51b2b14059b5b619d83e30fcfc3c3224e93f30f90c3c2f38db3c30f7ca40300edf3c3236e4382ff62a4a58e4223243cd2b2e42af382e42cc323043ba012b42d7253245befc2e4014e2232203d81922e5e81921d3e51921c4f01a22e9bb1621f4da1323c3e5151f0db4b1b720c6adb650f2afb84ed7adb96310adb94705afb83be0aab65b1cb1b9f6f4030ce6230210d3ff0511a5ee0110fbfa0311da0e0211dd160311c450010d pre_us=87684 enc_us=494687 q_us=113 pkt_us=1
[PKT] seq=786 mode=A bytes=260 pkt=01020001d8f3ad8ae010cd89ec1ca589bc149687de27b487d15ab886b20c9386f872b1850205040802093cfff6292aff041c2bffba353dfed43d47fedb311ffebd3855fe031dc1ac1f35aba62d29aea44548b8a13457c9a0016cc59f0756b19dfb4fbc9e19f4dc3a0f0ae43e3b06ff402a04f04349edaf44fdddc24530ebf74749f7b34706055860ef0e484edb145050d20b5353cb0b4c54cacd4a54e6f46156eed74a5610ed182a04e31a28f7051b2aebff022cd108e52de1bcfc2cf0fd092ec6f5f82c0d039bad25eabaab3c04bcaa5dfbaba756499fa52720a3a438169ea3351db1a2f0e9160fe7133f15d7163a16bd083217e7033c17c6f04f16c8f43a18dc184a14 pre_us=87696 enc_us=494693 q_us=113 pkt_us=2
[PKT] seq=787 mode=A bytes=260 pkt=01020001daebb18fd501a78ed813a18fbf08a48fd513a98fd55da68faf02998eca64948ee815e908f115fc00cb2afd00e110fa00a039f800b94bf600d3300000a7490500022199b5093b98b027339db13a419ab12e5197b1046b97b0ff4a9cae0a40a7b217f23d3209fa333324023932fbfd38323ce13733ffca383309ec363532ee3232040b5559e9084645d11f3f44ba1f3e44cb284145c9ee3f45e6254448cb043d4402f24a23fae63e23c7fd3822b9ec3b23ac034223c6b24223d7eb37259fe8292105fab4b515e7bcb44015b7b64b06b4b65138bbb63916b6b532deb6b34919b6b5f0fe020dd50ef911c2fcfd11a5edf911d5e9fc12ca0ff711ba15fd12a53bff0e pre_us=87693 enc_us=494685 q_us=112 pkt_us=2
[PKT] seq=788 mode=A bytes=260 pkt=01020001cef3a58fc115a28ebc1fa88f9ffba18fc72aa78ee954a28eb921988de66b978de720e608f30df700cd21f400ba1cf600ab3bf300dc51f500db2af900a84ffe0002199ab5114098af2f5297b13f609ab0386a96af2f6e97af325599ad345a9db00cef47320afb35341ffa3b330efe3f33fdc64234e9e04234041c3a360cf93934160e4d5a15023e4509153d45ec1d3a45d31f3b46e1f23846071a3b49e2073a45f9e64524edcf4323e0e24323c9db3b23efce4224eaa54323e8d43e25e1d238210bf4adb528e8b3b45219b6b56316aeb56249b1b5462eb1b45613adb25642b2b400ecfe0df805f5110809f812e0fbf31139edf81218f0fc1209fcfa133c15f90e pre_us=87696 enc_us=494696 q_us=112 pkt_us=2
[PKT] seq=789 mode=A bytes=260 pkt=01020001d5f0a08ed108a08dd325a48eaef7a38ee828a18ee15ca08db10d978cd768978cea21e908eb15fa00b631f400c60df400a242f600c853f500d92aff00a74efdfff4189bb4083d98af114a97af345797af316597ae0d6b96ae195899ab27619bae18ea483302ff32351ffe3f34010d3c3423cd3e35fae43d360dff3b3835f438350d0f4d5af5054146d9113c46c8203c47cc1f3e48e0e53d47ea10404addfd3e47fee64124e5d34123bfea4323b0d84224bbdb4325d1ac4624efe23a26c3d5392204e9abb40dd9b6b33118b4b45605b0b44d36aeb3311eb6b33bf8adb1592eb5b2e7f3fa0dd70df711c70df512a403f6120300f613e2fffe12d5f5fa13ef24f80e pre_us=87694 enc_us=494687 q_us=113 pkt_us=1
[PKT] seq=790 mode=A bytes=260 pkt=01020001d1dfa68dcc0fa78cdb20a68cb2eda08bde22a98bf458a28acb0b9989ec6c9989f106ef08fc0d0effcc2d0800d5110100d13d05fff74a08ffff2a07ffc33b0affef239fb1053a99ab174398ab354c95aa3c5c94a92e6d96a8274f94a63f5696a821f2353512ff203834f63038171e313a0ee52f3b0ad7273b0ed2363d3d072d3c0f025e5ceaf15749cc134d49b7124f4bb613534ccdce554cf602534fdff84e4cfff24726fce14425df024226bcf14227eee04827eeb44427fbf44029d2d43f250307a9b216eac4b03220bdb15007b4af3f46b7ae3d28b5ad4305b7ac6018beace0fd020dca040f13cb160c139ef5fe13f4070b14e4100713e5e50615ee1b0d10 pre_us=87702 enc_us=494693 q_us=112 pkt_us=2
[PKT] seq=791 mode=A bytes=260 pkt=01020001efe9a08ef314ac8def249f8dd3fc9b8dd91d998ce12a998cc5f99c8b1362988bf80ff108110d1700f22c0d0016090f00b12f1100c33f0d00e91d0a00b74d0bff122aa6b3192d9cad3a38a2ae523aa0ad4b48a1ac185f9eab234798a924419dac10de3734050510362cff2a36061324373ee82938f0c02b380ade323a4dd82838fdfa5b5bed035b47cb174a47b4234e49d528504ac10b5249ea21534cd8ed4c4908f13d25ffea4224ed013424e0fb3325c1ee3326dfdd3325e3e73b28b7f433240d04a1b319ecd7b24a20c2b354fbbbb2623db9b1412fafb03df6bdae3f19bcb0fdf0fc0ddf202012d2201013acf90f12f5ef1613e6020413d70c0914db3c080f pre_us=87684 enc_us=494690 q_us=113 pkt_us=1
[PKT] seq=792 mode=A bytes=260 pkt=01020001e4f0ac8dda07b38cda1cab8cbbe09d8bc91daa8bcf33a68ac407a089cf639c89f80bec080302ffffe4300000f210f800a824f3ffd140f6ffd221fcffb541faff052099b10a3892ac244a94ab395595aa25658fa907708ea80d598fa6ef6391a81fe339351e00293821e93238fb09403918e53c3be4d43e3bfddb3b3d13f2353b01ff5d5cf2fb5449d1144f49b811484bc313514cced3534cf8eb514fdae34d4c0df34d2608df4a25f7f64626c8e13f27c8d54b27d1ab4a27ced94429c9c349250802afb216ffc3b03f21beb14ff7acaf5143b3ae2b30b4ad2c12b3ac2516b3acf3f3000dd80ffd13d70e0313a4f2f013eaf8ed14c4f3eb13d6d4f115c024f410 pre_us=87695 enc_us=494687 q_us=113 pkt_us=2
[PKT] seq=793 mode=A bytes=260 pkt=01020001e8f19a8fea069d8eed22a290c115a390ec259f8f01539f8fd4fd978e1159928efa20ee080218fd00da2bf800ea0ef900a644fa00c444f600e7190400a25403000714a1b6223e9db02d379cb248409ab2374f9db11b619ab112359fae1229aab20edf4731fb0c35331c0d3b32fa0f3b321cd13833e8d0403304d5313536cc383201154b59f1173e45d91a3b44c42c3b44d4303c45d6fa3845ee3245480009394304e23623eed63a23d3fe3b22c1e33c22b5fb3923c1b53d23dcea31259cfd252008dcaab529e4b6b54b27b5b65e12b4b65338b3b62c12afb52ad7b5b44421b3b6eff7f80de024f911d015f611aeebf811f914f712e11df211d618fe12e14fff0e pre_us=87690 enc_us=494694 q_us=112 pkt_us=2
[PKT] seq=794 mode=A bytes=260 pkt=01020001c3f4b48bbe26eb89ad2fae89a0f9b688c819c487d351c987a9ee9f86e469bd86e8040108f10543ffc12b1bffc20215ffbb3415ffee311cfee31009feaa1f0ffe0122d7ad0f2bb1a72646bca54752a9a32d62a5a117599fa1224a989f1d568d9f01f3b93a0a0bd13d1cf6f63e1f1adf41eecbc14302f9c743feea2a451a01044521fe516025003a4d2d15464ff01a4d52da125453f3ef5753010d5655f50a5d54f2f70629dedf1528cdf4092ae4e9142bf2e7182cecbc222bf0e4332efccd552b121097ae28fcbaac4e2ba8ab61349ea85b579fa64442a6a64e259da44d54c5a408ef0d0efefa3c141c1e2a160cf805162605011603ed131609cf101749222013 pre_us=87690 enc_us=494695 q_us=112 pkt_us=2
[PKT] seq=795 mode=A bytes=260 pkt=010200010dfeaf8ffefeb28e2a0fa68f0c05a28f290cb88efc4aad8e11e19e8d3541b18d030fe2080f0cfa00f92f0500201afb00c228f900f84df6001c190300f02800ff212e96b52b3d92af380f99b0542c9ab0574192af2e6892af1e3c97ac194693b0e5e53e32f3002b3431ff2b33dd1f3a3353d6283402b7313524c8323755b11f34f9f3545ae8ff5246cf1d4c45c0074746d7fe5546b5f05046de015149e8e75645f6e84b24f4e64423db2a3823dbfe3a23c912422406bf442407f23926fcd640210800a8b52101c0b43b2ac3b53a10b3b55b3ec8b4212ebcb409f5b6b20f11d6b3fdfbf40de310f011db25fd12b30ef0110903f112d832eb12de26ef13003cf80e pre_us=87687 enc_us=494686 q_us=113 pkt_us=1
[PKT] seq=796 mode=A bytes=260 pkt=01020001bae8cb89b80fe187b61fb187a715ba86d742d285de4cdc85b90dae84e06edd84efff0c05ec074000e02725ffd51229fcd2492efde92d13fddf1b2cfdae3328fd0123dfa61343caa21d42ac9f344ea69b2e63b5991f68a8991e529d98206097980bf4bc4214fac8452c02fd451af9eb4c09c2a54c0201b74df60be24d1911f04e2503436119fc364d17084f53090b4955f507475703d13c5713fe575a1801435bfaf2002befd60928eafb1c2ddcfd1731e9dc0231ecb00a31e8da2332d8b63131110c96aa2803a5a5491ba3a45c18a0a1544b9d9f364d909f3e39979d4d49a79d0cecfe0a04e6250efe1c1c14fc09fc142208001210cee6120de51f16410b3714 pre_us=87690 enc_us=494694 q_us=112 pkt_us=2
[PKT] seq=797 mode=A bytes=260 pkt=01020001cfeeb78ace0de888e315aa88cc06aa86e021d086dd4fc085c5189a851373ad84fdfe0608e50439ffc83a25ffd90928ff9e3532febd4f33fecd3e21fea34e44fded22ceab0d3baea4002daba2283fae9f2c5bbd9dff6ab49d0b4da09bf751a69b15f0b93cfb10c93f1a0c05420a0fca4512f8a647e6e0b44810f9024a3cf8dd4a10ff5262f2033e4fd70e4c52c70a5055dd193656f0ed4657fa085559f2ee4c5901f00a2be0e40f2ac408142caeed0f2eade7ea2ed0b2fc2ed4e71130addd0a2e040296ac17f3b0a91a15ada837f5a6a4434598a2232c99a2261498a02627aa9fe4e80c0fd5082e15ba162c17a5f8271802022918ef052d17d2002619ec274915 pre_us=87689 enc_us=494688 q_us=112 pkt_us=2
[PKT] seq=798 mode=A bytes=260 pkt=01020001f603b48efa20b38d1f19a78e1d28a58e110db38df945a48df2e09e8c2f649c8c0104e408041701000e25fc002c12fd00c517f700f147f900131c0200db3c01ff1d2e96b42d3c93ae412598af4f1597af544a91ae265c93ad294096ab1a3f9aaef0f43a33f9f6223524143434071332355fe630360bd43a360cce343850cd2c36fcf5585aeff75346ce114746c2024b47e2065348bfe44a48e0174d4ae4de4947ffe15024f2e94624dc0b4024cf133e24cdfa482510d4422407ef3c2601e83b2211f7acb42e04c8b33417bdb44c24b6b45f2cc2b32321b3b220d7bbb02a0fbcb2fceffa0dec0dfc12d119fe12af0ef112f7f0f413f806ee12e719fd131331fb0e pre_us=87702 enc_us=494691 q_us=113 pkt_us=1
[PKT] seq=799 mode=A bytes=260 pkt=01020001ddfca18ce115a68aee249a8ad11d9789d1249488e3559188b6299787ec739f87f704f708fe0c36ffeb2a20ff050e1dffa7172dffbc4340ffdc1325ffa83d33feff27aeaf143da8a81721a8a73726a3a53a59aea4fe68bca30e569da101529ea21af32038fefbfb3b2bfc223c010e1a3e49ee0040f5cb094006ec154240f3064203f3645ff3fe5d4beb0a544dcb0c584fe90c6350eac75e50f0ee6453ebd65e510bf44028ffe73727e10b1f28db00282aaaf1302ac7c8142ad6dd382caadb30290806a2af22f8d1ad3a0cb8ad4410adab5728b3a91f0bb9a826e3c2a73913d2a7ecf3260ee90e4a14d8143415b8fe2d15dfdf4b15e8d65415c1de4316cf054b12 pre_us=87689 enc_us=494687 q_us=112 pkt_us=2
[PKT] seq=800 mode=A bytes=260 pkt=01020001bfe9ab8ce61aec8bd7f5d58bdcbcd08ae6b1d38901e02588b7b1b188d016d587c00ef308de1e34fffc140dff02f4f6fffde9f7ffaa3118fff8352bffe82e43fe1055e3affc2eb1a9ed1fb3a90818a8a60336aca52e75a1a50478c7a3347dfda4d1deba37f1f4be3a07e4b73bf7beac3deea2a83e1f87a03fdece9b41f3c48f4014da505e0506404b15eb4c4c03de574e0cc3604feb9c554fedc36252e4a93c502acbfc2713ea0926fa0a03270afc1229020e1629d6051a290dc2e22bcebbc728df0493b0f112bcaeed26acaefc1ba9ac072ea9aa3a55f3aafbd3afa8283ebca834e2fb0e1d1e2313f9400e140036f415094ef21511581e15db301a16bf6e2611 pre_us=87707 enc_us=494690 q_us=113 pkt_us=1
[PKT] seq=801 mode=A bytes=260 pkt=01020001baf0a18ff5feaf8ecfaab690cda1be90e897939000dcca8fa994ac8e02e49a8ebe020008bf172800dd11fc00db03dd00de0209008b2f4400ebe23a00adf95b00104cc3b61446aeb113259eb210419ab2445debb1537ca6b13a78beaf547d00b3cee51b31000b0f330b0a2b320a1c2932e4151e3235caef32f4ccfb34fbce003107f35d59e11753440d4a4a44084c4a44ea4b3b45dd485744c70f5947a6d05d432aca2e232ada3e220bca462200ba4f22feac3a230b9468220e963a2402be412002faa7b6e91bd0b5f221bab7fb39abb7f82c9cb61c6715b60be8dbb4e35e08b638f6310c29274211180c1f110c050a11040649125d425511e0134e12eb75670d pre_us=87695 enc_us=494691 q_us=113 pkt_us=2
[PKT] seq=802 mode=A bytes=260 pkt=01020001a7d8a692c538b091d6eaae94d9e8ad95bfe9bc96b70fd19597a8a794bb0bc695b509ff08e01d1800ef111801eb1e1701ebe20f0298d91301dfe01201a9f20c012659b7ba101ca7b50d0bb4b9120fb3ba1312abba38629dba2368b1b8375baabd18e62a2d1718032f07f5142c080c182ae9271c2bf037132bb32b242dab20062819e75c551f0d5c4114284a3e03284e3ddf174b3ea32b543eaf374141b933513be1f73920e2073d20f7122f1f05162c1e06df3d1feca05b1e01c53920e9df4c1b3913a6b93824e8b92132d7bc2115d8be3e1cd8bf67580abe6010bfbc5a72d8c01b05080c1935260f2011240f1c09240f13db1b1021e5310fe31715101620030b pre_us=87707 enc_us=494688 q_us=113 pkt_us=2
[PKT] seq=803 mode=A bytes=260 pkt=01020001addca2940030af94e901b998d8f6b39ccff6c19db239e29d8e13bc9be952cd9ebe1cf108dd31fc01f4080702ed0bfc020115f203a506f103c01bf203aa0aec02fd43aabeeb10a1bafdfbaabff4fdaec3060aa6c44d469dc4294ea7c11220a6c827de3d2a402a262b17241b2614182c24072634234357fb23bc4432253f342a1fe3044652f0063f3df5123d39080f3237eb023037b1f54837b0242f3afb202f32eff22e1ee81d391edb0d301bf1fc2f1adafc3b1b93cd521aaff33d1c9613421624ebafbd142ec4bdfc02d1c201fdc5c51905bfc7610aefc65e47c7c46071c7cabfdcf90bdb10f90ed9fb070ef1e8fd0dc0c7fa0f99a00a0e97d4080ecbe7f409 pre_us=87690 enc_us=494688 q_us=113 pkt_us=2
[PKT] seq=804 mode=A bytes=260 pkt=01020001afdab293f13bd291e4ebc691eaefb990cb0fd894dd460b9199f1c38dfb61d28cda0108fde52c2701f3f61702ffff1e00ecf1200192e21bffe6ed0c03a71f02010042eea70001dba204f4c2a502ead4a20c0be99d5033bb9e1d23a9a12d3ca3a411d4fb4045130a3c350e153c15110a3fffe90c3d6020133fed47243d3514143cf3053856f1073a43fb263843f91c3544f0e93449b2123946b420464bd4f2484a01eeeb30f91bfd2ffc0f142bf0100030cc17083992d61e37bd072e2e91f43e2b28e5afb1242ed1ad03fdd3af0d00d5ab2b01cdb06539f2ac4c2cc2aa5868d1adc5f6f10ae82e1402f0fa0d08eceb0c03bdc40e05b8dcfa0494ce0608b5d60108 pre_us=87711 enc_us=494678 q_us=113 pkt_us=2
[PKT] seq=805 mode=A bytes=260 pkt=01020001c7f4a98ffe05bc8fe0d6c290d9dac090ffb8bc9029fdc190b6b0b18fc854ab8fbffcfe08c5091000f7060300f1f90301d4caf001b117ff00ff121100e52926001759afb6165098b1041d98b30e239ab3225295b34b7294b2247a98b0217cb0b4dde82e3105f00b3205c60631f3e20731f5bded31e388fc31d1b72233e8e8e2300fcf6058e4eb63440aee614304d26243e7ba6d44bea47144cbcf6246c0cf634227c6442328df4f22140545220c08422211fb5822efda522209953e24f0a7461febf1a7b6e611ddb5ea23e0b7ee11d7b8fd1ad6b7103f04b71be0e4b53d26d2b73ae60f0c28220e110538fc110233fa111d50e5122a2fec11cdd70412bd58190d pre_us=87708 enc_us=494684 q_us=112 pkt_us=2
[PKT] seq=806 mode=A bytes=260 pkt=01020001c4e89b91d928af90dcecab92d2dfb093dec8c693ebd6cd93a2a3be92ef25bc93d7f1fa08dd0e1800fa051801f1ff0401d6d0020194f50f01cfed1201bc021c011047b7b9ee27a6b4fb0eaeb6f80ba8b80e389eb713779bb7fe739fb42770aabaebdb312fdafa0d30eae5182ed40b202de3202c2d00c5052db2ec1a2f9901e62bf4fd5b57de205a42eb304d40fe284640cb18534096445e40a1295a439100653e10dc2c2112f13c211cef2c2007e9361f05cf502023a260201cb44c2221dc591d34e9a4b8322bd8b81914d4ba1021c7bc352fcbbc5b59ebbb5121d6b9366fd6bc3311040c273222101b2222101211091022f80c1140090f10ef011211f05be80c pre_us=87701 enc_us=494692 q_us=113 pkt_us=1
[PKT] seq=807 mode=A bytes=260 pkt=01020001b6e8aa92c823a891d3f5a794e31bb295b623bc96b925ca9597c8c094d32be895ae22f008dd3d0200f51e0701fa300201d029f1029019ef02daf1ef01ae06c1011a3da3ba18189db51dffa7b90911a2bb2f379abb646693bb435497b8494e8ebe1be93e2d17f4282f1d3b262c072f252a114c322a3f3a102af3451c2ce828232811fb4f551d1c4641080e423e1de0433d10b63f3ed7ea523dc9134b40cf1c453adb0a3a20ef1c372000342f1fec35341edb113f1fb2f04c1ef1f43f20dcd5531b3b1db0b93828c3b92a07c8bd13fcd3be3309bfbf745ecebe6029c3bc647abdc00727000c2318f90f17e3040f0de8020fffaaef101cabe20fecc8e8102cf2ca0b pre_us=87692 enc_us=494685 q_us=113 pkt_us=1
[PKT] seq=808 mode=A bytes=260 pkt=01020001afd2948fce259f8ed40f9d8fbee1978fbbb98c8fafe7908f92b8968dc61a9d8ec702fa08e9283700ed1a1e00ed0a2500e5ea280096df6800ddf13c00a0f54b001452d1b51422bfb00ef9b8b1fc12ceb11e1dedb0606bf7b03969deae485defb121e720321c160434172c1432283b17320341173324210133db400535def307330407595915164c45222d47441c0a3f450a0a4045d1272945d22e4448d4195444f7ed1923effe2623f7fd1e22fbf11623e5d90d23c4923e23dfd52825b717342135f99cb52d27ceb41d25bdb61804b0b62f07a2b57231f4b56219bab36a76e9b5f10b270d141f4b1122fd341104de3e11f5c24f1228bc7011ddfc521212475d0e pre_us=87696 enc_us=494692 q_us=113 pkt_us=2
[PKT] seq=809 mode=A bytes=260 pkt=01020001afe2a690f01aab90def9a191dcdda492bcf5a292aed0af9296adb790da16c791c20cf608f81d0c00f1161b01f9fe0601daeb03019adf1401f6f20b01b4f40e000e4eadb8242ca3b31310b2b514faa8b621f1a2b5615da8b5435b9fb3464ea0b723e6333023141931122b112ff42f282efc54282f3a37f42fe04b1831f507112dfdf85857ee135443172153411e0d4c410a004a42c50e5a42c2205e44d31d5c3ff8ef3a22fd083f21fe152c21e0e23720e7cb3e21cef04321efff4423ca09581e390ca9b72c39c7b71c1dc6b91b0cc4ba390ebfba7446c6b95d34d8b86377debae311090c00270b10170e1e1007c30d10fdb0041111fe0110d0020c111322040c pre_us=87691 enc_us=494684 q_us=112 pkt_us=2
[PKT] seq=810 mode=A bytes=260 pkt=01020001b2dfb192de25b292d3d9b094dbc5b596b6dec397b411de969eeeb595d71fe896c511ea08eb21ff01e8100701f9100302dc01f3029cfedf02f105fb02bef5ba010d489fbb192199b612f7a4ba0e0ca3bc270d99bb655b8ebb38519bb947388dbf15e83b2d220b202e1800232beffb2529f5062a2a381f0c2aed31252ce5292c27fef95055f20c4c40152b483e101c493c04e54f3dc702553dc5254640e0203f39f1f23f20f30d3c20fc342e1ee911331ee31e3a1fc0d04b1eebea3a20c6e9511a340dafba2c2bc8ba2322cabd1213c9bf3b20cdc0735be7bf5a4cbabd5d78b3c1dd14fa0cf01ff40f1c16fc0f000af70ffbc8ea1007c4e00fd014ea1004e9c00b pre_us=87696 enc_us=494684 q_us=113 pkt_us=1
[PKT] seq=811 mode=A bytes=260 pkt=010200010ec99a9a3e0a9c9c23eda4a401ceacacf5d1b2b221dab1b1d403aeae632ab5b5fc040808014d02020d1c03032812040454ee050556be0505420e0505fb3e04044f13c6c631e4c4c411e6cdcd080ad5d5351bd7d7702bd8d864eed5d555d6e0e0bde52323feb5232310bc1c1cfabe1616ddb41515d0ef1515e1ef161655c60e0edf3f4b4be8263636111f2f2fff212a2a18152a2ace112929dd2d2c2cfc212121c40f1919d2181919e9f51515f0e11313b9bd13138dd51212b13b14149e4e0c0c39b4c4c41913c6c612d4cece0eccd5d533bed8d876aed8d86904d6d6543bdeded93f0a0af33e0c0c08270b0bd62a0a0ab1460d0d8e400b0b9c090b0be3370606 pre_us=87698 enc_us=494687 q_us=113 pkt_us=2
[PKT] seq=812 mode=A bytes=260 pkt=01020001bcd7b58ae50f0987f1d9e087e2cbdd86e8becd85fc065f85a9a1a584cc54f784cd040e03d3164f04d30e5302f00c4502dff23804911f670cf20a3e03e3e96707124ef8a80c2edda4051ee9a30b24f09e1e44019e3173199e14762e9d3a7d5f9be1e8d142eb05f846ffccfc4921ccf04dfab3cf4ff88acf4bd9c5a652fae89c5314eb3d5e040b144a0e1d234c08062b4f00ee4a50dfbaf553dee74153abacf35524c9042711e513201ef1072302ee0e260c10182301e3fc1e0cb0cb22f2b1ca21e9f695abf1fab5a7dbd6bfa6faffa6a306ff9ea1223ad1a525c49aa04b0ba6a033d6d609271bfd0c341d00100313e40e1a2cd30f49393b11e2daec14c0440408 pre_us=87705 enc_us=494686 q_us=113 pkt_us=2
[PKT] seq=813 mode=A bytes=260 pkt=01020001b4ec9f90dd0faa8fd9d6a291e5d8a891d0de9f9107fdaa90a7a1af8fd9e8b190c708f808dc170e00ee100d00cf191301d3ef15018ee32201bce227009cc834001c3bafb71321a1b201fea9b40f13a9b41410b6b44261aeb31b64aab13d6ac4b5fde22f30f1011832ed062230c6092030dd261330ef170231ab13fc32ad11fd2f10fc5958f51f5444ea374c42d4334b42cf224d43922e5b439739644686206441edf33122f5133b2214192b2111f63021ffea2b2200be47211fcc462326db521f3a00a8b63937c9b62019c4b82322c9b9431fb9b85e57d6b8542ce1b64f7af8b819120a0c1a280d1024040d1123ec241025d4271258f52a11f1ed3711ee1a370d pre_us=87690 enc_us=494692 q_us=113 pkt_us=1
[PKT] seq=814 mode=A bytes=260 pkt=0102000109dd97932f0d91931cc29497eda69799f3bb989b4b1d949ad20696985673939a2009fd080f4e04010d4e0301f75603021d6c0202435f080258550d024e5a03024609b3bd310db6b81623babd2d55bcc03067bcc0646cbfc04939bfbd6468c9c4c3f13b2b0de1332c260a342816f92f26e3f4392639362f2600312f285ee53d22e6264453f221313e070f2f3b0cfe2f39f2f52539b0cd2239f3f12b3cbcb71935cce91e1fd309151fedff151df2da171cdeb5131d97b7081cc4ef111ea2a2fb182eafb5bc2ce7b2bcf9d5b7c0f6cebcc3fee5b6c445e7b1c347e5b8c137e7b1c6cdce040be513000ff931050ee837020eb544000f9165fa0e9730070f99e9f90a pre_us=87707 enc_us=494691 q_us=112 pkt_us=2
[PKT] seq=815 mode=A bytes=260 pkt=01020001bbd0a28fe217af8fe1f8ae90e4f0bd90d6eda490eafda58fa99ebc8eeccfea8fd511e808dc1f0000f206fd00eee8f400d7e4e7018ee4ee00cdeaf100a638ad00103c9db6f81f96b103169bb2151f94b3180594b2216c96b22c6b92af4b6e86b3daec4631e8003033e60a2d31ea0c3331fb19463216ec3932c9291c34ad191131e3fe4f59f2254744ea2c424303074943eb1f3a44b93b3844b714524796fd544311de3d23fbee3e2216e44122f6c24622fe96432301953f2205bd4a24edef5b202dfea7b6302ec5b51a1fbfb7230bc6b730fdb1b75a51aeb6430cbcb44e79b2b718e7f40c1e10fc110e0c031108d0f81116a8ee124e16e211ed1fe912e13db40d pre_us=87692 enc_us=494692 q_us=112 pkt_us=2
[PKT] seq=816 mode=A bytes=260 pkt=01020001b9f3a38ecf24a18dd5cfa18edbb49c8dc7b1a08d09c79f8ca6a69d8b22c5a48bc50e0208dd282900ec211400e0240e00d8f72a0097f54600c0f949009eda5aff1741b5b3fe2bb7aefd0fabaef70bacae1a14d0ac1f65e5acfc61dbaa467335adffe5203308fe0236f220163505310c36de4300370e28d837c031ea39a70ed6370efe5a5b071e4d47f83b4547df333a48c71b214996522c49a6443d4b881a5348f1eb2d2502fc1d2416e0222417c90a2521a0082521981d251eb223271dd419233302a8b32825beb20a27b4b30605a6b32402a1b22e32aeb13217b2af1e7ad0b1180f270d1722401220072612f7c91a1210a1461331175312d6175b13f855620f pre_us=87696 enc_us=494693 q_us=112 pkt_us=2
[PKT] seq=817 mode=A bytes=260 pkt=010200010cdc9c921a27ab91f9f2a494f2c4b895090bbc961e22c895a4ffbd944c62e9950612f9080c2002002af401013ae602012ff7f302f3d5f40233eef7021910bf013b1eacba20ff9eb615d9aab921e8a0bb3f059dbb67cc95bb4e2199b86a2d8bbe0edd3b2d2d03262f09102a2c01e4212af3c5232a5a21122af12c232c4a0a1527e1174f55e30b4741ea153e3edef64d3dddd34f3ec4d6563dbfef4e40b2cf4e3ae3f92a20030737200502311e06f8341ede083e1fa241371eda193d209fd7551b25dbb0b91d0fcab91ce4bdbd15ded5be28fdbcbf6b04d8be6621c3bd6c75c3c0dcfefc0ce717020fcae3fd0fc4cbf90fb7bce810aeb3e50f91bfed10acb9c10b pre_us=87703 enc_us=494689 q_us=113 pkt_us=2
[PKT] seq=818 mode=A bytes=260 pkt=01020001afda998ec218ac8ebee6a68fbfd69d8eaaf1a08eb5eea88e95b4a08dafdea28dc7090208d82e2900e0210e00e9131000d201130095064f00dcf92200a7be55ff2345c2b52024b2af0f04aeb02212bab02805c3af5850d9af4865e0ac5a642db015d918321810f634143b1933044ef23407470f354827dc35e017d537f5fee0341501595a2f234846223938451022404608253147da433847ce2c5249c7224e46ebf41824dafc1823e7e51f23dfed1523e0c51424bcea1924e5ef0b26bf1d16222ff6a3b43e26c0b3221eadb533ffa9b54f2e9eb47256c1b3621da7b2747bc7b31107190d210d3c1113da2b12ffce2312feb53213120b5312df23371301395e0e pre_us=87698 enc_us=494697 q_us=112 pkt_us=2
[PKT] seq=819 mode=A bytes=260 pkt=01020001cedf9f90fa10a78fd6faad90dc05bc91d20bc091b75ec8909802b78fec4de090ca20f108e11f030003ed0100fce5f501e9efee01acdcf000d6ebed009619bb001128a3b7f5f899b10cff9bb30a0d95b403f492b347028eb32f4691b0294188b522f042312cfb2e32fef42b3108ed1d300bc029312e3f0331b52b2b332a151530f50c5058f5134c44eff5484306ef5343e7d15543bbc75d43b4f25446d1d55741f20a3622de1b3522eef63921cfed4721b61743228ffc4e22abff4724870e571f1f04aab61811c5b606e3c3b816f1c9b82f06c4b864fdd7b75939b8b6677ab5b8e413f70cdc04fa11d4e0f911d4e0f111b3a7e7129ba7e9119acee5129de1ba0d pre_us=87685 enc_us=494693 q_us=113 pkt_us=2
[PKT] seq=820 mode=A bytes=260 pkt=01020001b3ea9e8dea24a28ce8e5a78dcdd1a08cc6b9998cb9caae8b9fbe9d8acc3b918added0a08edfa39fff4061e00f3033800e3e52c0097ea63ffe4de4dffaf1d4bff023bc2b2f726bcadff12b2adfe13bfac1353c9ab2f77c0aa1a7ac1a81d7ce5abd8ed1934e8f8f337edf90337e9fa0338eb080339ebb4f939cbe30f3bc8ddea3901125c5ce4215348f32c5a4806235149d527584abf28574ab711544d9d10664a12da292515ea30251efa2f25ffea242615ce312612b54d260294402801bc41241ffaa5b32425cab10525c9b21a14c1b11c0db3b05b5513af55f5d4ad4e6fd4ae210c410d22354c12212c401305095113f8204e14441b6713e7e26014e46b5a0f pre_us=87694 enc_us=494688 q_us=113 pkt_us=2
[PKT] seq=821 mode=A bytes=260 pkt=01020001bbe6a28edd1baa8de2ffa98debfaa58dc007a08cbe04b88c91d2a28be41bb18bca11fa08de1d0b00f3201800012c0e00e62a130098111700d8d71300a7e61aff0135a6b30c209aae0e14a0ae1d2e9fad33489fac5c6d95ac4c6a9ea95d69a0ac1df2353432001c360c1e1335fa0423360c221f373729fc38f447143afe18fe3702f85c5b07ff57470ffa594707e357480cc46249d2e86b49c403654cb8066e48f2033f25f30f3f24f82b3a24f6133d25e51d4126ba075d25e2dd4e27ae1e68231bfdacb31b1dc5b20f06cdb31f08c0b24012b3b16e50e4b1692bbaaf707cd7b0e4050f0d071c091213fc1d12fbcb1412f3be11130acf1712d2f00c14f829e30f pre_us=87689 enc_us=494690 q_us=113 pkt_us=1
[PKT] seq=822 mode=A bytes=260 pkt=01020001c2d8a18fdf13b48ed702bd8fddfbbb8fa4f9c48fc44cce8e9205ba8dca3ada8ece0eef08e41afa00f1fcf300f0fef400cef7ea0093e9ea00dbefee00bb02b6000f2fa0b5171993b0140392b1161693b136188eb05c518cb03c5e8fae564c87b113e63e3228062b340d04333206fc273216f92e33272c0e33cb272935e51d2c33000755590c0452451b154b44030b52450fea5545ca015b45c1085648caef5344f3fd3c23f0104223f2004722fbfa4623e1fb4a23bec85523e2e04b25b707592123f7aab5282ec3b41c28beb6281abfb65826c4b57359d4b56b52bdb3717cacb5f209fa0d080cf11117eef21108f7ed11ffb0e8123cc2ea11d4e0e612ffe2b50e pre_us=87706 enc_us=494686 q_us=112 pkt_us=2
[PKT] seq=823 mode=A bytes=260 pkt=01020001b4dbbb8bd101e988d2f2dd87e3d8ec86e9cae285fd165585b3b8bf84d3563884c50018ffc2194201f80f2d00fbf438fedcf5440091284f09f8284105d32962040d4feaa30c39dd9ef318c39c110ecb982445ef962a75129811780198467d5094e8ebdc4c0afcf1491bc5ec4c14b4d853fbc4f65826892c54d5d3f759cedadf5e1ce9455a06f7494420eb554907e2484beed64647e1a63d46e1cf4845c6ab06412dd2f62a19eff02c0e09062c1411ec3115fedf2f14e8d02b08a0bf27dcab9b29e4f7a1a5f608bea1ec13c4a0fd0bd39cfee9bd99324f049909cdaa972a11c1953ae2e4082c180e03163709081132f1071d28de0352332203e3cddc09d642d6fe pre_us=87708 enc_us=494692 q_us=113 pkt_us=1
[PKT] seq=824 mode=A bytes=260 pkt=0102000111d593954a0a919535c2959927cb979c34e7989f6919989e1744949c7960979f20060408f64e0501da310502e2340702cc430c030f6110031e4c1003eb6510033c10bcbe3d03bcbb2308c2c02d1ec7c45048ccc56a5ccec54e1fccc26a68ddcab5ca302acfe8322abfda2e269ceb2a23a3d62722b02e2522c9f6252421a01e1ef1284e52feff373d0d2a3438fe263236d50936369ada3b36ddde3d39a7a43931c405161eb612131dcd0c101bd10e0d1ae0070a1ba015031ab102001c91ed0215229ebcbd04d7bbbed3bfbec3e8b6c5c6eabaccc80be9d0c73dd4ccc6ebedd5cbc8e4050be9f9070e05e2090edeec080dd3ee0d0f952d110da014120eac190e09 pre_us=87703 enc_us=494694 q_us=112 pkt_us=2
[PKT] seq=825 mode=A bytes=260 pkt=0102000127c095933e08929224d894952cbd97973ca896986c1b9297101a9296757092981311ff08ff450301fd3b0401ed5a0302d86c03023a600802174609021a50040240fdb4bb31edb2b72924b7bb4853b8bd495fb9bd6c52bcbd6a45bdbb6f5bc3c1bee03c2cca0b362dbf23332a9dfa3228961f3a28b2413128c81c332aeeac4025f43d4854072c2f401b072c3c0c012c3bff0a243ce4d91f3bec192b3ecdcd1b38bdf71b20c1f91c1fcae8181ebad71b1db1c0121e88d5091da6e40e1f88a7021914b5b3baffe4b0bad9c8b4bee8dfb9c1e1e5b0c13a08aec154d6b2bf57f3aec3e0e1050bf21c000ff01f010fdb23020ed930ff109945f90faf17010fa3b1f90b pre_us=87690 enc_us=494690 q_us=113 pkt_us=1
[PKT] seq=826 mode=A bytes=260 pkt=01020001e0ed9f930a2da993e206a296ed03b098dd19b499d961b298b247ab970565b999df18f408f810fc0104f8fd0112ebf50200eaf102cea8e902c71af502a43de1022918a9bc08f99fb80cd6aabcf8eea6be1302a8bf57eda7bf2927acbc2830a2c225d73d2c3df12b2d120b322923fc2f2711d03027312d2427f50c2a2954fc4124e7144954fd093e3fff13343c120f313a0504303bc506313ad0352d3d03f41d37fa132d1fee07381fea042b1ddfda381cc1ba3e1d8ca7511d9ce5431e88d0501932f8afbb1d04bfbb12d7babf00e3bfc21fe3b9c267c8bec26351bbc06566bdc4e3f3fc0bebedf70fe7c5f70fd9ddfa0ec7b3021098a1120ea7dd0d0fb4a4120a pre_us=87706 enc_us=494694 q_us=113 pkt_us=1
[PKT] seq=827 mode=A bytes=260 pkt=010200010cce9a934e0c999233db9f9633d8a2982cceb0994828ac98ee37a4977565a6992210f60800360101f3140301df2efe022126f8025b0af602350d01020c36f7023c12acbc31f8acb71bf8b1bc1d12afbe374ba7be6d60a9be6024aebc7452b0c2b9e2412cd7f6322dc1042b2aa501352791e932278e472827b5412d29f7b83d24f1294754f81f373f151f373c18132e3a0ffe2f3bc5e62d3bf80c303ee7e11c37d1f1271fbffe261fc7f3281db8d72a1ca8ba321d8cb23e1da1d6301f85ae2b191cc1b0bb01efb6bbd6ccbfbfe0e4bbc1eeeabec24deebdc265f6c2c0622cb9c4caeffc0bea17fa0ffd0d040fed16010eb510ff10890d050f96dc0a0fa9bbfc0a pre_us=87700 enc_us=494693 q_us=112 pkt_us=2
[PKT] seq=828 mode=A bytes=260 pkt=0102000128bf96965302959729d99b9c1bc79fa116aea0a456259ca332ec9ba17b12a0a524fe0508d8420301ce260302cc150403ba2c06042662100407510704be5c0803430dbdc134fbbebe1ee5c4c42c20c8c95851cbca7162d4cb582ecfc87473d6d1a9cf2d28cab02d28c1e62622b2cb231f9cb6241e82091c1e93d32520aa901c18d9314d4fe81e363af4333235d4272f32bc2f303298fa3832c3143135a0f72d2ccdf61b1cd7ee161cfbe5171913d1151705d61218b2d8ff18bddf0c19b7ba0c12109ebebfe0d2bcc0b6c5c4c6d9b0c9cbe5b5cfcdffd5d4cdfbd7c9cbc6dad4d1c9ea060afd05060d05fd090d0af9070c06da0a0e8c54100d953c0f0dde3f0608 pre_us=87691 enc_us=494687 q_us=113 pkt_us=1
[PKT] seq=829 mode=A bytes=260 pkt=01020001bbe8a68ce508da8bdfbfc28adbbbbd89e6b1cf89202b1588d8eeda88e336ca87c013f208c81033fff70d15ffe8131dffe905eeff9d5330fff63e2dffd81b2bfe0b4cddaffc3bbaa9021ba8a80229ada61850bfa52c75b8a40c74b1a22e7c19a4e0dabe37ffefb43af2c0ee3bfbc0dc3ddaaea03fe08c923fedc7bc41ddc78b401ce4505e02fc484b121b534c0505524ef3d9534fd7b6474feceb3e52c6b63b5026d0f82813e5082707fa152805f40e29fff8042adfcde5290eaaf32be8c5b228ef0093b0fb04b9aeffeebaaefbf8b1ac0611a0aa2345eaaa07efaca83739a1a839e4f20e2a1d1d13152e1b14002c1215034be915324f2115f5102d16cd6c2112 pre_us=87703 enc_us=494690 q_us=112 pkt_us=2
[PKT] seq=830 mode=A bytes=260 pkt=010200013ac89898570099991dcfa0a025dfa6a640b8aaaa6afda7a937d9a3a77909acac2dec0808da400202f82c0203f2160304013104044b580404183b0704f14603044bf8c3c338e2c0c124fdc7c81febcecf3c29cfd0684ecfd1560ed0ce7061d7d8a6c02626d7bf2625abe1211fb5c21c1b9bbc1c1a83061e1a98f11d1ba58a1713d8354d4d0617383800193132001d2d2eda192c2ea6da2b2edb0b2e31a5032527baf71b1bbcfc1b1bebe11817e3d11515dac216169fb71315af011217989f0e0f0e9fc1c1f3ddc2c3d5c3c9cadfc4ced0e0bfd1d214bad1d23ebaccd0e3dcd7d7bff8090a08280c0de3210a0ce005090bc2170b0d8b59090c9b29090ca3230607 pre_us=87697 enc_us=494692 q_us=112 pkt_us=2
[PKT] seq=831 mode=A bytes=260 pkt=01020001c4cf9c92f1359f92d7169795d31fa096cf2bac97fb6ba6979b469e950b67aa97cd16f408e127000102010401f5dfff02ecd2fa029b070002d1210802b045f3010f22aabbe40ca5b601cfb4ba05e8afbc0af3a5bc4405a6bc231cafba3f33a9c02cd5432d35e42d2e0be8332b1db1332903a83429512c2c29e23a2e2b28153f26f4204755f10b3b40081a313dff0e2f3cdbfa323ccbf6363cc61a313ff4dc1f39eef92820e8ec2f1fdf071c1ed1d02a1daadb331e88ff301daff9241f8af0371a27daaeba0cf5bdba0cbeb8be0ecbb8c02ac9bbc062fcc6c05407c2be625ebec2dcd3fb0cd0e8fd0fdec5000fd2bffc0ea899f710a5ac000f9fca0a10b5ac050b pre_us=87707 enc_us=494686 q_us=113 pkt_us=1
[PKT] seq=832 mode=A bytes=260 pkt=01020001d5d39e92fe29a091ebf6a294cdf1a495e101b096066eaa95bd21a7942367ba95f30df008152cf90022fc030124fafd0145f0f502d409eb01f1fbf901c329d6012b2aa6ba121da2b5ebfdaab9f32ba9ba2b4da1ba4d68a2ba1f18a4b82c4297bd20e7432e0dff392f1edb262c07ce332afcb4392b54fe322bfd1e262d35e45028de1b4755f1153641232a3d3e1612333d2008333e07db303e0b1638411aef253bfbe93020eaf13120e6e52d1fdbad321e9d9b3c1f87a6441e9df2442089ab541b35cfadb92720b3b906cbc0bc03d8bdbe42eebbbe6f0eaebe4e0fbdbc5051b1c0d7dcfa0cd611f10fdd0a010fc21cfd0fad0efe10a0eef50fb9cd0510b8aaf70b pre_us=87706 enc_us=494693 q_us=113 pkt_us=2
[PKT] seq=833 mode=A bytes=260 pkt=01020001b4e09a8fc524ad8eca04ae8fd0f6af8fb4fba48fad3abb8f971bc98ec54fb38ec703fe08e8131200fd090b00e8070b00dbfb160095f24200ddd21700b5db0b001a3fb7b51616a2b012e79fb21f15a2b13526b9b1655faeb0395096ae574aa6b217e82a3222041633fb422232041f1732031f0533343dec33e0301435cb17023206ff5d59200a59450e214c44f40f4e44ffd75f45c4035f45bc305e48c4065b44f4012d23e7123b23fc323a22001d3a22e1293323b2e25523f5df5725ba064e2132f7a6b54131ccb43121ccb62e1fc1b65236aeb67661fab5644af6b3737ac1b50609100d0f161a111bd8161115df1111fcb61c1214be4911e8ed311213f6f70e pre_us=87705 enc_us=494686 q_us=113 pkt_us=2
[PKT] seq=834 mode=A bytes=260 pkt=01020001bb0aa88ce30be28ad8dad189e7b7fc89dba9f58710e26a87c1a8b086122f1b86c8140006c51442feeb162e01d0ff2601bef212018a343d10c909250296274f000243daad0939cfa6ff12bfa62334c4a32e54dda34b79c8a73b79eaa63d7d279fd3dfdb3b0aefcb4101e8f040fde5d842f4b5b7472d8ce540ecc4b44904bb9c4a12e14e5dfa0a354714164549f7102a4cf4ed2f4bcfc3fb50cfea464eb0c5174d1ddfff2821ea092619f610251fdcfd2809e1032405b818181695e31f2fa5cf2602f397aff601b8abedf6b8a9d8e4a5aaf207a2a9fe50d5aef0e197a5e547aba82df3f90a351f090b1f27fe0d2420f80e223bc11054370f150cd4e4172f6a0606 pre_us=87700 enc_us=494686 q_us=112 pkt_us=2
[PKT] seq=835 mode=A bytes=260 pkt=01020001b4cf9f8fdd19a78ef508a290ea08a290e1e9a6900620b98fa6a8a68ee104ca8eca0af008de341100fd1f1600f41a0a00cf1e0b008d2a1700d10d0a00a1f20100173faab60414a0b00102a7b20214a1b22042a0b138719bb10b689eaf3c7095b2f4db393101071d33ff141e32e71d2732d1272832061e0a33ac2c2635a32306320b075659f9155145e2174a44dce74e44bdd1544590e95c459d25554789156143f6e73623fc183a221a262a22192932220b1c36230ad74e231cc943252bcc62202effa3b52d29cdb5190cc4b61affc2b73d1cb7b6604cd3b64c18c0b44879d5b618fafe0c1d0715110ff211110bd4ff1128a6001254bf1711e8c40d12f216ee0d pre_us=87689 enc_us=494692 q_us=113 pkt_us=2
[PKT] seq=836 mode=A bytes=260 pkt=01020001abe5a091e83bb390dee4a393cf04ad94bf08b594d641bf9394eea792a743d793c816ef08e230fc00ee1cfc01de12fb01d019f501930ff501e4fbf901b6fbdb01213ea4b9181d99b41a02a4b71e0ca3b845199eb8594b99b83545a2b55d5d90bb00df442e0c052130091a372d081b2e2c0716352c412f1c2db9462d2edc3e3c2a10f64b56101549421f2b3a4007153b3ffaf23e40d433453fc02a3c42b919423df4ed3221e7134121e81f301feb0e381fcf243c20bafb4b1fe7ed3c21bece571c34eaa9b83637c7b81cfbbabb2b0bbdbc541cb7bc7258cbbc610abfba7575ccbd10f8f60c1d2df81017eefa1008ebfb0ffbadf61133de0110d0c10010deb7ed0c pre_us=87698 enc_us=494691 q_us=112 pkt_us=2
[PKT] seq=837 mode=A bytes=260 pkt=01020001afdda690ce35b18fd8eda791d305bd92b5feb492b125d79192dcb390bb3cdf91c40eec08df23ff00f90bfc01f112f601cf1ef8019a0adf01f816f901b10db9001f419fb8131596b21a0c9fb51c1b95b6302395b5556c8cb5346594b2606489b705e3413014022431ff18302f0cee242f06302f2f440b052fc2282531ed24292d14fb5057230a4d431422404119de4f41f8df4b42d2135e42b3055344b1eb4940eff13b22e10f3f21f51a3921e91c4320e92f3a21bfda5921efe03f23bbdc541e35faa8b73e2ac9b619f5bab92d0cc9ba4e10bbba7060d6b95e2cbdb7737bb0ba160df70c1b1ef81016f1f91005d8ee1007b1e81107d9e110b0ffe811dedbba0c pre_us=87695 enc_us=494693 q_us=113 pkt_us=1
[PKT] seq=838 mode=A bytes=260 pkt=01020001bb00a392df41a391dffc9f94d521a495c02aad96d059a79592eea194ad60b695c11eee08e62cfd00f8fafe01f50bfe01f5f0f502a3f5f902faf20301c406e1011430a3ba171c9fb51bf1aab907eca9bb3feca1ba6104a4ba3743a7b862459dbe0aeb422d1c072d2ff5fa362cfdea302af6cd392a321f292bc44e322cb23046280005495502203c41f72c2f3ef91a343d0afd313ed41b353eb8243540d222243ae8fc3720f2003a20fffa2c1f0ce6301edd03371fb9053d1ef9d92f20b3d14d1b3501b0b93921beb926f2b4bc24f7bdbe56f3b7bf7227c1be62f4b9bc7570b9c0f30a000c081bfd0f18d0f80ff7cdfe0ff7a4f710159d000fc7a50110dfb1090b pre_us=87694 enc_us=494686 q_us=113 pkt_us=2
[PKT] seq=839 mode=A bytes=260 pkt=01020001b8e09a92ea28a392e8f5a194e315a096e036b297ef5aa49694fca795ff68b596c023f408dd26f701eef50201dcfcfe02c1dbf40297fcf202e9f9fb02a933e401002daabbf312a0b60bdea9baf7e9acbc1defa1bc4913a7bc3843a6b9483e9ebf22dd432d3308352e13d02a2b11c6332901b432295d4a2f2aba302b2bf42e4027f8174755e4123740022c3b3d0d06323cfbfd363ddd06303dd21b3740f6f92839f3f12820e7fc3720e9042a1eb8ed2d1e97da3c1e8de03d1eade1392086ed4d1a22e2aeba1014b5ba07cabebd11e2b7bf2ddfbdc06617b5bf6207babd6f6bbac1d8f8fa0ccf07f00f02d6fd0fcfbbf90fbd9df810bdacf80fa2bcff10a5b9030b pre_us=87693 enc_us=494683 q_us=113 pkt_us=2
[PKT] seq=840 mode=A bytes=260 pkt=01020001afd8968dd82ab18cd8f6ad8debd4b58cedbda78bf3f7ff8b91a79c8ab30fae8ae3fdf608e11a38ffed0d2500e8f81d00dafb1d0096ea5efff3db32ffb3e84ffffc3ed1b2f719bbac041ab7ac0a22adab1f3ce8aa2876cfaafd74c8a70476f6aadcd81235e0fedf37d7fcf837040ef238b80ac139f8e2c83aca03fb3cb7ffba3a01ff5b5ce11b4d48e9314948d22e4f4ab43b3f4b9a3e234bc6164d4e9b09574b17e008260ff9102528ee132531dc1e2620d7ec272498222618a31b2807d31d251b0299b22d29c5b10b17b7b21712b8b0332d9caf5867ecaf5bd7aaad586ccfae16f2180d1f273c122b1d39132c1830131e12371450036013e0fe4c14e55f5310 pre_us=87700 enc_us=494694 q_us=113 pkt_us=2
[PKT] seq=841 mode=A bytes=260 pkt=01020001b1d69e8fc830a68ee0e3aa8fe6fea78fbe09b08eb230be8e8fd5ab8daf4cbb8dd307f708f226120005080d00e71a1300d41d1500910c2400ebef08009ff41aff1f41acb51322a0af22109eb02228a0b027229caf58719daf31619aac40619eb007dd36320c081234fe141933f4ff1133fb181734361ef235b6532337ea21fe3410fb5a5a22f85c4511085845fec4614607dd5f46cdd36846bcfc5e49c7076245f1f43624e7153f23fd3a3823ee343c23e4343624c4f25824ece44b26c309522134fba3b5382ccdb41effceb528fbbeb544f7d5b47250f2b4650dcdb27279dcb40ef0030d110b131110ee081216c508110ca8131227b22912d3b2101309fd020e pre_us=87709 enc_us=494686 q_us=112 pkt_us=2
[PKT] seq=842 mode=A bytes=260 pkt=01020001bff69692f4289392e4239594d8199696d23d9c97bf63a0968cec9495d0729b96be28fd08e8440301fd170401fafa0502f6f90202a320ff020e000a02bb4cfe010828b1bb180aaeb61beab4ba2be2b6bc31f2b1bb5f31a9bb3f42b5b95947b2bf1ed33d2d230c352e16ec372b0ae53629fed636295224382acb55342ce813392700194855fc2b3440041c2d3d04202a3cf00a2d3dc9062d3dad3d2e40c9fc2339e0f91f20ec00202001f31c1ee701171ed8ed231fb6f42c1eecf51320a2ef1f1a26d2b3ba26f5b2ba21d4b5bd36c6b3bf52ecb6c07321b8bf6defb1bd7570bac1defd030c0113fe0ffec8020ffabd010fe5ae0210e8afff0fabb40010d9b7020b pre_us=87694 enc_us=494688 q_us=112 pkt_us=2
[PKT] seq=843 mode=A bytes=260 pkt=01020001bcee9793e53d9193e9109497d30d9899bf2b989be459909a8ee29298e76f929bc131ff08e248050100270601f7250702f442050296540702f5190a02b2540202012eb6bd0302b7b818e2bebd2403bec0251bbdc05f5ac3c03f42c4be5e46c7c527da3b2b3517332c071d312800293026ff0a382668353426d85032271a363c22fb174453f717313eed1e2f3beb132b39f5e22639c6082639c03c283ccd191b35ecfa1b1fee10131ef128131df21b161cca07111c9e06ff1cd1f5091e9af3f9181fd6b7bc1fe5b4bc12d0bbc02fc4bdc34ad6bac47111b1c463e8b3c2736bacc6d2ee070be90cff0feccd060eeec2070ec59f020fe1cdfc0ea6b9060fcfe2f20a pre_us=87683 enc_us=494691 q_us=113 pkt_us=2
[PKT] seq=844 mode=A bytes=260 pkt=01020001b4dc9d8ecc1ba28de1e0a28eebccab8ec1bda18ec524b98d928fa68cfefcbb8cca0ef708e2150d00fcfc1300e5e41600d3e9150093e71800e5ce0e00adea17ff0c44adb40823a1af1012a3b00f33a0af1641a1ae326a9aae1269a0ab3d6c9faf07e0363304101d35ec311c34de2b1834f327283507151136bc351e38b513f9350a015c5a001d5846e7255146dffd5c46cb005e47b32b5d47a6265b4a8e166946fbf23824fb0140230bec3a2305dd3f2402bd432506a85a2413c24a2601f366222c12a2b42f3cc3b326ffc6b422fcceb4400fc1b36c5ceab35be4c0b1437ad1b20d13050d191f0f1110eb181213db191206b9151350f62312dadf1013e336e30e pre_us=87695 enc_us=494688 q_us=113 pkt_us=1
[PKT] seq=845 mode=A bytes=260 pkt=01020001bbf0b48bdb05eb88dcc6d589dcc2dc87cec6e086f7f85f86b8c0cb85de6ae785c20b0005c9123602f11210feec080ffddc0416ffb13b5006fb492e03d35059fd0a51f1a9f93fc4a6fc25a6a30133ab9f0d4ebd9e187ac39f027ac1a1327d139cefecc140f809ca4005f8f042e601ce4706e5ae49f1acd349d7dac44befff994e1ae2445e0b033f4a181c4a4e1b03464f0de34f50e1b70c50f1b54e51d19f205128c5ff2820da0f2509e21f2b02da1a2cfccb172a0ab1172314a2fb25e2a7cf29e6ff93adce11a7a8da1fa4a9ee1b9fa6f719a0a32441c2a603f39fa13517b2a233d2ed0a2822140d1c1906110914d5100c24d00e1f29190fe2c6ec17d04c1a0a pre_us=87694 enc_us=494690 q_us=113 pkt_us=1
[PKT] seq=846 mode=A bytes=260 pkt=01020001ced5a98bdedeed89cad9d58ad4bccf89decfcb8836232b87b1bca786c86d0986e3160204f5333a03032c3afe10fe12fef6050fffc959650b203b3504090c66010358feabe74dbfa8d627b6a7e63bc1a3135ee4a124791ba5e77a0aa41c7e51a1e6ddc53e02fef83de5e8ea3ffbd2b341dbb2ad48c38fdf44cac4b848eb149b4b1bdc485c0ff13a483b00444b21d04a4d00a6474bcf971a4e06b74d4ed393fc4c17caf7271ccd12230cea102801f90b2b0206f528fdcef81a06a2d821e8a5c424ccfc94aebef3b1aac4e2c9acf305b1a9f21ca3a9fa34c8aaf8d69ca541e8b5a712e7e409ec2c190c0a4321120849ea0ff450b80d140e220fc2ca0b14b2451e08 pre_us=87700 enc_us=494688 q_us=113 pkt_us=1
[PKT] seq=847 mode=A bytes=260 pkt=01020001b9e6b98be305dd89d0d1e889ceeedd88bcaff887e2d14c87a59c9985f849ed85ca05fc06c51b46fff00a2501e00f27ffdbe90000a4f1530a04ee3104f62357010857eeab0f39d5a6f40eb7a5f103bfa1fc38c8a1296cf6a10e7809a4507c499ee8ddbe3df801d243ffcbd84004acdc45f6bab649248ac145d9c2b24ccbd69b4d13e3465ef6023d482806444c1ed84b4d00bf454ddece2351e3e45d50b8a21d4e23c9fe2920e7092410040f2706090c29080f122718e2161f09b4dc1ccfcabf26f10a93aee6f5b6aaec07bfa9e61ebaa8fb34a3a5272ed4ab27b79ca33545a7a525e4f30a2a1d130b252e0f0f133b040ef84bd90f3955130fd1f7ed15c169ff07 pre_us=87698 enc_us=494684 q_us=113 pkt_us=1
[PKT] seq=848 mode=A bytes=260 pkt=01020001bddebb8bcbeeeb89bbb9ab8ac9d2c389d6f9b48704430388b2aa9586e56a1a86e3150505d9374101082e2d02051a410000e53e019e3a63061a4542020d386c05f05ee8accb56e8a8d842dba7ed40f4a4fc6413a51b7d31a2ff7c21a5367d5da1e2f5c73de2fdb442e6d9fe3e17e2d44307c4ab441c98fe43cce8bf4ae613a44923db3c5c29dd2d463004474a1dfd2b4b1bde464c019c084eeeb94b4dd695dc4d0eadfb26fdd8fa22fff0e925fcf2d028f7f0d625d7bde624fe9bc61ecba7be23c7de96afaafbaeaaccd2a4abf0d0a9abfdd5a2a70e0cb6adeabaa4a558efbba805e9e509e7360e0af22f170ef22f180ff63a140f1c223f0fbecd0f14b12b2b06 pre_us=87700 enc_us=494696 q_us=113 pkt_us=1
[PKT] seq=849 mode=A bytes=260 pkt=01020001bdebb58bc7f6fa89d2c5ed88d9becb870eb0c48641e44f86bdb4ea85ce563685e11510fff32d4b00021e3b02f91523ffeaf22e02a34f470801504704fef06a02f458f2a4de49e49fdd24d89fff2ed7991c4715982677f79aed790d9a1d7e6395f5e6d0490205f44cfdd7f24ad5d3fa53ada3fe55f68d3351d2baec54def7b55b23df405a16eb3a3f34f746451dd5434519c34d41fea14b4304bb3b47e891ea4318c1ea2911dcee2903f9f129f4f0dd2fca04c529c5c9c22509a8c324e9bfab2cdefc9aa7cff0cea2cf01d2a1dd10b79de521b299123b0d98e4daad9935dfca9910e6dc08f438050305380c07f63ccd07f34dc0011b371bfecdfc0308ca6bdb00 pre_us=87697 enc_us=494687 q_us=112 pkt_us=2
[PKT] seq=850 mode=A bytes=260 pkt=01020001afe60e98c6f7f396bee6c58abdccc486b6bec388e924ff8ca694b485dccebb83dbf714ebe0e81602d0fc210acdfb3102cfd2ff00a1164005ebe3220ac0e64e00fc290790f345178bee1ce68f083be28efe6a11890f600f86185ec98a2273c38ee2e00551ec06e042f7f6ca47f5edda54dfe4ff52ebcfd54bfdd7c24fece19f59240afb6219f6175e1f16515e1e0c4e5e0ed52e6203ee346a05016369c70365641ff4ec5209d8f44b19ff09411fe3f14501af1851e7de2e550cce1d441ac21e40020fe7a20622e7b0fe2bd3a3f71cb59b123dcd99176a27a504f7ad9b0548cb9538fe02032a120dfa381618063c081c0d14fcf7f52e5d2af4061c2807fb593410 pre_us=87702 enc_us=494685 q_us=113 pkt_us=2
[PKT] seq=851 mode=A bytes=260 pkt=01020001b8e00f8ab106f788bdfbf487b8fcd386abcecf85ef2d0e85a395a684d2fdb084ddee27ffd1f84001f5ff3a03e60140fee2f824fcb51a50fd0dd61902d1fb45fd0033e9a3f642fb9df70db29cf127b9971563d6950a52e495104dad961e5ea89607f8dc4b3517ef4c2a04174b2402e14f1409cb553e23b455e624ff4dc91fbd51260722591ef83e432515484c0d0f4b52f8084850d826464ee6186559cb26685cf4f1df29f6e9e52a00ff212ffff11b3405b8f2350ef9fb3417cb3331f2db48331308aca52333b6a0203bc59f292bb39d4a489b9b506dbd993aec989a5062b89b0d0c0a07020f11042100200a0013130e06ede40c2d3d0604fae62a10022e3713 pre_us=87692 enc_us=494690 q_us=113 pkt_us=1
[PKT] seq=852 mode=A bytes=260 pkt=01020001bde9f68ad203f188d3fcd488c5ddbd87c0e9e886f4090b86ba929b85e8deb785deeb1807d6e92ffed7fa32ffcd0427ffcbce33fe9d083bfef3e71afed4f732fd072adda9ff4ac8a3f120b3a2ef2ab99f176cbc9d006eb69d185dae9c266fa49cd8eab83eedfeb341f602b44203fcc6450001b84702fc9b48e1fae849edf1a3490d0b2f60f9043c4d0421595105155554dfef4455d1094f55e8156a58be096c581aedf42a17c908291efb292b12e5102d21a1182e26cc2b2e0dc4293014c3422e0a099bac1528a5a81546b3a7031f9fa52e29a2a3256db5a21908a1a10452b7a032071d0b2e0a1011391f20141b13241727e72f163b531a16f3202718f0591a14 pre_us=87697 enc_us=494692 q_us=112 pkt_us=2
[PKT] seq=853 mode=A bytes=260 pkt=01020001b5f2d08abb09d689c818d888caf7ad87ac1fbf86c9330e86a7b1b286e517b185ddf41408de052fffe51f1bffe3282bffc8192cfea2233dfef5f427fed2101cfe0534d2ac0e3eb9a50024a4a40f2fb0a13069bc9f36649d9f18539f9d284d989d1af4c13b1812b03e2503df4017f6e1432213af451142c346e055fe48c03ef24821fc48611bee494e2b054c510110545407ce4b55dd053e55d90e5757cb125b57fdf1022aefe90929f1021f2b02001e2cf6ba182decda342d0fe8322f05d3422d13059bad2e2aabaa2642a8a922279ea64a349ea4586fb4a4350b9ca22a5ea6a20efe2f0f0af9211520f31a1612eb371719bf181730dc3417facb381813df2a14 pre_us=87694 enc_us=494687 q_us=113 pkt_us=2
[PKT] seq=854 mode=A bytes=260 pkt=010200010b08c78c261fb08a3209ab8a21d3a689003aa2885557ae88dcd99a883d5c948714ef1b08021426ff0f1d1bff181b25ff24111bff1b2222ff5b141aff3a3c14fe221cc1af3335b3a91c2faba82728a7a64755aca4565ba5a42e3f9ba245439ba3d805db38f8e0fa3b12d5003cfbeffe3ecee0f33f46d30140f8e7274246c32041fdfe555e03024d4b0df5524d0412554fec045550e0ed5250f4f3565206c95051e9ec2328cee11827d8e41a28e0f11d29c0bc1e2aa3c52829cce32e2cb5e327290feea9b02606bdae0701b0ad0de1b3ab4ffea8aa5418a7a92cceb2a72c08a8a7eb043d0ef0083e1400222f15f61a3615b1103a15cf133f159c1c2516cd0a0c12 pre_us=87692 enc_us=494696 q_us=112 pkt_us=2
[PKT] seq=855 mode=A bytes=260 pkt=01020001bff2b78dc01aaf8bc330bd8cbfe8a28ba209ac8ae942a58ab0d29989d653b589e3f01f08dd1733ffd2262a00eb231600c81213ffbf2f27ffec251affbd1e11ff0233c6b1183cbcab12199fab1936a4a931629ea82b48a7a73236a2a5372a95a723f4ec362210f23829290239010c143a0a30133c232d003cf646243e0053173d0ff65b5d0eee4f492407574afffc554c03c15e4dfb09584df7f75550040d584dfef62726f4ee2226f7164126fdff3427dfc74728dff44628f21b372ad20d512615fbadb12d28bbb03b41d1b03213b0ae552fb6ad5a6db7ac4616aeab5065c5abf7f4450e07ed4c132bf2411410b5281407a12e1426c44614fda7351526e13010 pre_us=87691 enc_us=494687 q_us=112 pkt_us=2
[PKT] seq=856 mode=A bytes=260 pkt=01020001b3f30389b80ad888cd25c387ca04b586a3fbbe85da32f285a7b0a385c61db184dbee2006e2f83b00dd172fffda0a37fed9f233fcbf0b3afef4fc20fedff62bfd0130d7a8113ccaa30618aea01631bb9e2665c79b2c5fb09b2749a59a293d979a0df8ce401b15c543230dd8441101d947011aa94b2735ad4af63b034bea26dc4b24002b601ffb404d211c4c5113204d550bef4f56ea254f55e5285e59e9296459f3f6f728e5e30228f7002d2cf7f1142ef1b71430e0da2d2ffee62d30f2e6472f19069eab312aaaa72647aba622309ca34e26a0a15d70a6a04423979f435faf9f0e02240a080224112a0c27121d184015fbdb1c130f1d2311e6f5351806233414 pre_us=87703 enc_us=494691 q_us=112 pkt_us=2
[PKT] seq=857 mode=A bytes=260 pkt=01020001fafeae8bf32abf8a204aab89ec20a088cb369887175a9987bc0c9387ff6b9f8600fa0808101233ff27142dff180f35ff03112fff1c0843fe360917fef81b12fe1324c2ae2234aba70b24aca6132aaea3446bc5a24959bea221189aa0272093a00bf6da390ee7e93c30f9f23e2ae3fc40fac9db423ee0e34204fd2d445bfb1944fbf6615ffbff514c02fd534efdfe5851d3ed5c5202df595208fc595438dd545304fa2829f7e51a28f5e12229fbf01b2be3cc022bb7cd112bdefa382dbfee3b2a0e05a0ae2f05baac1304bbac1ee9b1a95b1da0a75e1ba8a745ddaca55520b4a5fff5260ee7fd4214ee0c4715d7eb4916c1e64016d8d25616afc92917fce42513 pre_us=87689 enc_us=494690 q_us=113 pkt_us=2
[PKT] seq=858 mode=A bytes=260 pkt=01020001a9e0fb9dbd040d90c2150f8ac4f7ee86b4f4d886d1170787a992ad840411d883ebf012e3e7e52afcf5004003dcf845fcd3d04102a70648fff9ca2605cefc58fcf71e148de5361a8de8f6ea8ee525f28e00590d8beb5c128a1250de8c2054cd8de3e2075309f2e948e6ebf0470ae4d85af6d5d25928b3c259e9beb356d6b69c5c200b075f010028540710375cf9042959dbda485cd6cc405ce3146761c0dc57601af8dc590fdcec4a1211f64819f8dc4625c8e44923f9dc4f22e8e94020fbe7410c12dba51b1de2a61c2bcea10104c4992f1fc4984257eb972ad0a194fe2ac4932effea0b141a1bfb281c4406170e1c0829f616052d422b02070d1f031445360a pre_us=87695 enc_us=494686 q_us=113 pkt_us=2
[PKT] seq=859 mode=A bytes=260 pkt=01020001b2e0119ab907fd8ddaf60e89b7dbe487a2c3d986c0021088a796a884cff8cf83ebf419edddf92d00e8f746fee8003001dae322feb1ff44f8f1e91e03b4e94cfdfb2c018f163f038f0215e38eed21e08d3658f88a3853fe872342cd8c2e41b38c21f705512625f3451a03e4542c03ed562e1fe85b2816d15af326bd57e116a05b1a0506610bfd34571e1c3157150b425d13f8355ded113661fc236164fc29636408f2e755fdecf846080d01480bf7fc48edcafc4cf0f00f5600ff0940e0f728411003dba82925c4a71e35f09e1e2abb994643c8955d7205983d2698953762b49400f7f9120a1617013e1e2007081111060fe909fc291a1af903021001283b290e pre_us=87692 enc_us=494686 q_us=113 pkt_us=2
[PKT] seq=860 mode=A bytes=260 pkt=01020001c1ec138bc31c0d87de1df786bcf4d986a9f6e385f13c1984a3b79d84d525ce84e4f02dfed1124602dc143c03d81f38fbd7214ffac2254b03e61d0f01c5032afbf02be4a3ff3bef9e0715b39d0221b2983659e594283fd2962c2fa896272f9a9422faf74c3b1b074a3f25fb483c040251392cef5b4d352b550d464e52fe291f570d012758f8e82e4416074b4f09004153e7ca244cf30e344ef40a5056ff08565701fae12cf9f5f128f611302b000c1335fedcfc34effc392bf3223c30d21044340c02b6a61927bea11732b6a02424ab9e4424ba9a576cae97471693984663a599e4f9150be3ff160415ff180cfdd60910e8b2d60821dde900ebb3d60c0eefcf08 pre_us=87707 enc_us=494687 q_us=112 pkt_us=2
[PKT] seq=861 mode=A bytes=260 pkt=01020001bade118bc3120887dd15f487bbdced86abd8e685d2fd0d84a69bb084d50fbb83dcee28fecb094303ea064302d2184bfec61344ffb1154c00f1042801ad0722fbf52de8a20339e29dfe1cb89a0b31ca963769e6942753cd94163aa2951e3593942cfeed4d2016044a2e24044e2a1a08550b221558262cec57f2561350ff43e3530b022058fef8374515114b4b0e04394debcb3a4de90c474fff2c5f590519655c00f5dd2cebe9f729f4fd212ff6f6fa35e6c1ff32cddd1931ee143732d60a3f350d02aea51a2cbba00832c99e0d17bd9b393bac98536db49724119e993054b19aeaf3050beffd1304021c1a0b0afa0709e8c8f904fbddf903f2fc1e0d18371411 pre_us=87691 enc_us=494687 q_us=112 pkt_us=2
[PKT] seq=862 mode=A bytes=260 pkt=01020001b7df0597ccffeb9abfe7b18eb0e4c088bbdccc87ea2e2795b098b185f0d5b184d8f015e8d8ed0bf8daf80206cb042308c5f019f79c1e33fbeae02b09c1dc500300320b8ff4412a88f51d038af325eb8a1f6d1b870e6815831e5cce883f74db89e0e3fd5410faef48fff1d5450cefc14d14d9fc5e0ec0ec3eeec9b855f1c2be5d260bfd631ef50f5f2508416520084268f8d50861ede20871fd04646bba0165661eedf15307dcf95513ff084e16edf54c23affe5412cc2b6209cd174518b7164eed01ec9e091801a70126d0a5f414aea21434d792115a37aef4e5a799f946ef9438090a01271212f02f0e0dfd2c02130c28dfeaea404f26e80321fe03fd5f330d pre_us=87699 enc_us=494690 q_us=113 pkt_us=1
[PKT] seq=863 mode=A bytes=260 pkt=01020001cf00a68bce189f8af635aa89d8fc9c88b515a187e2489b87a6c39587ca619986dfe42f08e31f37ffe02038ffdf0c32ffcb2728ffc81e31fefb042bfeb81c0ffef325c5ae0329b6a70b11a2a62134aba32a559ea2353da2a22324a4a0472093a028f70f3922030c3c2a07093e0a000740030220421d351242d6161844f32632440dfa615ff5f1554cfb07584ef4f75e51dbd85c52e1fb5752e2125854f2f75453f8013e29f4f03228f8013f29eff7332bcbda392bd1d4432bef022d2dafd5442a09fbb8ae110cd0ac112ad4ab2c03b8a95a29b9a75c51b4a743fbafa5674faea5e1135a0edde8541409f0531506c34b16d09d491604ad5416d49c4817e2a92e13 pre_us=87691 enc_us=494689 q_us=113 pkt_us=2
[PKT] seq=864 mode=A bytes=260 pkt=01020001d100b08dd41ba48bdf189e8cdb079d8bb014a48af75da08aa3ea9b89fe5ca289e3de2a08e41831ffe2231a00e8212200b41b27ffb5241effeb0a17ffa62efcfff222beb1f92eb6abfc03abab0d10a7a92b4ca5a820169ea724149ba5451c91a7250213362d11053820021b390416183a0df8163c493b143cee322c3e142d3f3c08fb5f5de7f65449f407504ae5025a4cc9ea554de603574ddd07544fede44b4dfaf84426f7e83825ec0d3626d3132e27bdfd2928a7093d27c321322a8b0148260801c3b10d1bd1b00d20b4b01403bfae490fbdad543fc3ad44e9bbab5d4cb1abdc0d570ecae95113e7d13a14cedb3b14b8b83e14dccf3514a9b21c15b9b40310 pre_us=87701 enc_us=494694 q_us=113 pkt_us=1
[PKT] seq=865 mode=A bytes=260 pkt=01020001f608bc8d0624a98c1738a48ce7039c8bd63ea68b29669e8aadfe9689066ea08905f40a08150a0eff160611002dfc0c00180afe00170d0cff38e80cff1b1301ff151ca1b22c309dac18259bac181c9baa4e5c93a9413997a9252998a64d3293a904ff25350be71e3834e221381fd82c3919b0333b49f4313bf2dd363d4fec383bf8f4675cf50159490ae95649f3f4534bdee7544cfdec4f4cf1ea504ef8df4d4c06f85926efe04325ece54026f8e53827dabe4727bcdd4027dfe839299ec242250c04c6b22c0bd0b02002c3b12dd3b7af6707b5ae601eb2ae4bb4aeac6710bdadf7042a0de6031b13fcf61413d0d10913c3b00314d6d50b139eb10215a8b50710 pre_us=87701 enc_us=494686 q_us=113 pkt_us=2
[PKT] seq=866 mode=A bytes=260 pkt=01020001bed4fe9fd1dfed9ac4f9d68ac0e3d385e4e9c586f656e888adc09c85d654a383c3ed0ce5c3ea1907c50c4507dc034e01b9cd5503a4106602ebd56007d01f6f02033f118e10451f8b0a31f78ff129e88f366d388b177249882670268a37791d8cde01094cf901f235f3ebe24a110cd357e3e8ce5606cbe255f2ccdc54e6b8a8592d0002630df225601df7445d26093d5cf8b43c5ef8a2206205df5164c3ac456538d7ee5b1bd7ef5218ecea4616ebe441fdc2e44d0cd6c754fbc9d6480db4d344c0fff1a1e402e2b8e7f5c2a3df06b498e600d897f80cdf9cf1b6ab96e9fec3944f05fa053afd260d35063b11260c410b20f0380b2d285106fa0d5c06d423600d pre_us=87703 enc_us=494694 q_us=113 pkt_us=2
[PKT] seq=867 mode=A bytes=260 pkt=01020001b3e9e294bbf7f293c008ca8abed6d088b2f4b088f036c58e9c92a588e015b686d4f90cedd5ee1e04cb0c3706c6003009c4df1605a3383711d8c2120fb8094e0cfd2b0894f539038fe71bda91f434df900373108c1560f6881e67d58b3171e38adaecee52e3e6e141e1e3f84703d8d74cfcc3cc5203a6b53bfdaab347e3a3ad4923fe1b5d1ee72e5725f6515c0ff44360f7ad4560f9b3506d02e55d6cb5c7506d1efae74814e7f7461b070d4022f9f74113bafa48fcf1154d0eda044521c51f49fa0bc8a1f713e5aaee13caa3fe14c2a12423d89bff52fbb60bd2bfaaf63e23a63803fa0437091a023f2f38083c102e111ffb16fc34513f091023290ff9515b07 pre_us=87690 enc_us=494689 q_us=113 pkt_us=2
[PKT] seq=868 mode=A bytes=260 pkt=01020001b4f0ed8aaf0ff487b926e086cff1be85a8f1c284e745d384b4acab84e141c483f0f61afff4f13b00f90a4400f2ea31fdd8c532fcd32a41feeed530fec70954fcf61ef0a1e92de89fe90ec49dfc28bf99fc69c997ea52b4980f62a2961f6da196d9e5c84aeaedc14adce7d649dbded24edaccb55118b8ad4fddbbca4fb9a9a7501409345c08fb3f49fb074c52f1055757d6d36456c8da6558d6f26f5ca8d26d5d15fce82c0be3f1271605082b0be611320fb6143227f2113210d12a3318ce2f330807a0a5191fa7a11a2ba7a11721a39f4e3a999c305eb49c38faa99c3449d29b210cfd0510181e080f2d350f1814191313eaf90f1841181100202c1702564315 pre_us=87696 enc_us=494687 q_us=113 pkt_us=2
[PKT] seq=869 mode=A bytes=260 pkt=0102000127e2949423fc94942ef497972fd89a9a34fe9c9c5c449b9bc0c9999957449c9c07fb080817130101271a02021915020222e90303240902024bcd0202350a020233f7bdbd33feb9b93604bebe390ac1c1532cc2c25e1dc2c23c30bfbf6a1ec6c6ddab2b2bea942b2bfba12828f79c2525e19125253f912525bc9a2727368c2121f52c5353f92a3e3e081b3a3afa243838f3273939d8153838f0213b3bda113434cff31e1eccd01e1ec3ca1c1ccbd01b1b9eb91c1c9bc11b1bc5bf1d1d92cc17170aa4bcbc22bfbcbc11b9c1c10fc4c4c450b4c5c54cd9c5c5539fc3c365d3c7c7ef170b0bdb1b0e0edf2b0e0edf160d0dad220f0fc4350e0e930e0e0eac230a0a pre_us=87688 enc_us=494693 q_us=112 pkt_us=2
[PKT] seq=870 mode=A bytes=260 pkt=01020001bcf0e58aa800f488a5fffc87b701cc869ef40585cc4402859aa8b985c213ee84d4fa1a05ce034001dcff4502dd112d01ab2c3c00b42b4a05e7f72502ac0a3afe0828dba80c32d2a3102bbba21237ab9f3e63ca9c2a43be9f4457b89d5263a89a13fcbb41201df0462c1f004616183048211e154e37331a4ef943314dde3552501d05395f250f26491f1f314d22133c5104ff0551f7352350d21c3f54cc3d2353f9f7fa28e7eb1e24e6e83625e3e8432ae2d22f2afcec53210ad14029ccbc5f2b10059eab3026a9a73a2cb7a62925a6a35149a6a3606da8a05cfd969e6e6ea8a00e09120a1205080c11f80c0f1406f61012ecc80f3d1edf0f02c1f1111df6d00a pre_us=87704 enc_us=494690 q_us=112 pkt_us=2
[PKT] seq=871 mode=A bytes=260 pkt=01020001d9f2e589e619db87ef19d486d60cc885be1fbc84eb48d5849fffb384dd60c183f1f20f08df152afeda1d24ffc72227feb2362bfd9d383afde21832fda33022fdf516c6a80729b6a1f10dac9e0329a69a1f5ab298124ba8981f3da19720419a961200ac3f1119a5431d18af47f90aaf4bff08a74d4a2ea54ef549c4500940c6510b074264f2f64052010d3f56f5fd4e5ad0da485bd104425bcdfa4f5dd3fe4b5eff03f62ee5f2fe2cdbfe082fd9ff0e31cad3fd32bbf41332e7f51834a4ee223300f395a90c17a5a6ff159ba40a0a98a03726929e4d619a9d3d0a959c4a63939aeb021910dff51917eaec0f19f1de141acca91019e6cd2a19bcb8231bc9de0618 pre_us=87690 enc_us=494690 q_us=119 pkt_us=1
[PKT] seq=872 mode=A bytes=260 pkt=01020001b78a8ae3b9919008b38a8c0dc18a8ed9b68e91eaa58c9933a38686cba2829027220ccff62c02b0112f00be073bf4b6182efaad2932f0971a35f9b0e248f49dffcabeeb2ec3b2f432b4a8f412c1b3052ebfac3366b5ad3b4fa4942442948f6656e92650fcf3345119d03c601ad83b430add49361bcf4b4830de57214fd160ca40555939064c450ef8524f201e453a060e534bded75639bf1b6562e1046866a8190f0e0df80c22f8f80e280405fe11eb050c35f7c60619e9e81d3feed71441b9e8b5aefcfac6b5121eb6b20e37bdbc0d26b7af4d3dbbb2596c9aa6371a989952743203ee003c11ecff400dfd082cf0e4f64122efac380e26e9541dd4c9581d0d12 pre_us=87702 enc_us=494691 q_us=113 pkt_us=2
[PKT] seq=873 mode=A bytes=260 pkt=01020001b2eceb8bab12fa89bc0ce188b1f8b986a0fab486d53612869aa1a985c513b385e6f430fdd6fd3e02e4073803de0c36fec4072cfaa7194801e2ef2101b5ff1dfd0135eea30c3bea9f081baea0092bb99c2b64c9992b50c6982647a29a3e56929919eee44b2e10084b1f08fa44230bcd482e0fda52381ff84cf12f0049e42bfa4c22fd395722fd3a3f2b25544c2919525314f14f4ff21d504ee31f6257d91f6858fcf3e72aefe7eb29f3fd312aeaf71f30e5c60a31e606143704f4302ed8df4f3114fdb7a63428bea12938cda22920a9a25440a29f5e71ce9d4bfea39f6064b69f09fa1b070e0815052b17360b18151e1108e7eb0e342c1206f7f11f1413201a13 pre_us=87694 enc_us=494683 q_us=113 pkt_us=2
[PKT] seq=874 mode=A bytes=260 pkt=0102000106fbc08f3af8b28e33f7a58f24bda18f0bc1af8f5800bb8feda2a18e60c4a68e0603e108eb0ef600d4360500e8170700f610f400ac4ef300c91c0200a2450300202b94b5404094b01b219bb13126a0b1555d95b15f6090b0384499ae4d609ab2c1073c32bfed2a33d5e42832a9ce313296e82f33a1e722339ee63135b8b42432f0ff5559d9084f45da274d44dd2b4b45b81b51459e215645c9414d489c225144fad85223e9ec46230af63722f3ef3323e6d34623e8d449230bcc3b2509e9392108f5b3b5f313bab4e5f7c4b600f1bcb62513b3b6fb3ec6b5f3c7beb3df21c5b5efee020df91af0110e3efd11fe24ff11be1aea121037ee11dd1b0312144df80e pre_us=87691 enc_us=494694 q_us=112 pkt_us=2
[PKT] seq=875 mode=A bytes=260 pkt=01020001f7009c932325a093090a9f97f100a19904169f9a07329e9ac7f295980e179a9afe1ef408e1250001ce250101d60c0402b41c02029e350502ea2a04029b3903022e31aabc3424a7b821fdb1bd2de0b6c05a17b6c04b1db6c0270abdbd4703c1c4c6e6402bdb142f2ced042929c4f92a26b6143026e70b2c26c3093028f9ca2922000e4553ff20363e0a42343b0f423539f4362f3ae3463439014d343cf3532d35dedd2b1fb7042d1fd422251dbd30241c9636221da6431c1ccc24141ea042161825d2b3bb3417babc2b00bec03bf2c3c36206bbc4602ec1c344debac16631bfc6ee03fe0bf021fc0f1917fe0e09e8070ee0ddfe0f1df3000eede4060f1d21010a pre_us=87716 enc_us=494685 q_us=112 pkt_us=2
[PKT] seq=876 mode=A bytes=260 pkt=01020001041e979225219092020395950ecf9897fdc897984134949700b2929558d69697071f0008d9360701c0460701d00e0102b7190302895f0602ce250702915902012415b5bb3222b7b71607b8ba2206b7bd3550b8bd2953b9bd3136bbba434cbdc0abff392db911362e96df2e2b92eb352983df3529900d33298c0a302b8fc22d26e8054254d02b2d40e74a313dd13d2c3cba4b2a3cad48283cc5582e3fa94e2e38f3d11d20e0e6121feeef1b1ef4d91e1db7b9181ec0c9131defd2141fc6e8171a0fbab6ba17d7b1bafff4b7be13d5b9c03ee1b4c11b3ab0c00bbab4be061abbc2ede6070b0f17040f1437050f15e6040ee91803102423fd0ff216050f1336010b pre_us=87694 enc_us=494692 q_us=113 pkt_us=1
[PKT] seq=877 mode=A bytes=260 pkt=01020001cae6f889d804df87dff2e986c4d2bd85bfd9c284ea1d0a84adabb484bd02ae83f0f51706d5093d02e3fd37fed70427fdb90731fd94fe4ffcd5f338fd9cf938fdee22e3a6ff36cea2fb1aa89ef322a59b2859b3990d5cb7980d32a997114ca2972af6bc43281ec5444812c6463922d34b092fc14c352fa34e0e48c14f3055a7500b082e61ecfd3f4f130f4b54fd185658d9f2585ad6f03e5aea075f5cda15675d09f9eb29faed0827f4fe252eee002431afcd2631b0d52432edf01533b5f23f3202fe97a90521a0a4fa26ada410279fa02b49999e3a6fb29e191f979c2d67a29be7f9110ae3053111030a2516db081016bcd52c16f8ed2c16dce13417ca1e1916 pre_us=87695 enc_us=494691 q_us=113 pkt_us=2
[PKT] seq=878 mode=A bytes=260 pkt=010200011df4a78c2132a78b2b3b9b8b2810958a151c918a5d618f89d3fa95894160908809f811080c1e31ff0e1f1e00040d2aff16f53affe31243ff2ff52aff202d23ff2e24b6b1301eaeab2604acaa3321b1a85350c1a75340caa72e09a4a55af4aaa6dff71336e2080d39ff161c39f3f5113bc2c3fd3c40dcff3dc9231e3f0e0e283df607635df10e514905164b4af705514ccfef5d4ddce95c4de8076350d4ee4a4edaf44027dbee3026daeb2526dbf61927b7e60e289d051728de15272aaa0217260df9b4b11b0ed1af1bf6c2af10ddb7ae37d0b8ad5f32b6ac37a9cfaa5e09aeabf5f5470ee30b4c13f10a3b14f1ef3614b6e14e14dce75314add43e15baca2e11 pre_us=87702 enc_us=494688 q_us=113 pkt_us=2
[PKT] seq=879 mode=A bytes=260 pkt=01020001e1ecab8bf62bc28af01ab189cffcae88c41ca987044cb187a5fba986c95b9f86f5031308081a33ffff1a1eff001b0dffda2a16ffb12c2bfeee1426feb32405fe0d2ac1ad1a2aaea70a03a3a612349aa312589fa12f40a5a10b20999f1e2992a01de5ea391511d33c360e153e070e184111edf3423b2dcf43e53f10452d3d2744f8ff6060f0f64e4df5054e4fecf25151c1d55752c5f85b52e4f75655d0e8515410f52429f7f315280b0a252900db312be6df1c2ba1ec262bd00f302d9efa402b0b06a3ae241ab5ac0f0cafab11f3a6a9300fa0a7515ea5a630fdafa55630a7a4f2f1380fe1fc3c14efe32e16dcc31616b7b31f16c5c13b16b2c23b17a8cd0e13 pre_us=87701 enc_us=494691 q_us=112 pkt_us=2
[PKT] seq=880 mode=A bytes=260 pkt=0102000101ebb58b0527d8891938b3890b19b287dc32ad87185fb186bf17978612659e8503000108181a37ff212129ff161f2bff171c2ffe1e2033fe360c24fe142a2afe2129cdad1e21bda61908aca42e30b4a23a5cc4a05450b8a031109f9e4b06a39efaedc13a02fcb23d26f9033f1f02f1420ae4be4439f6bd45f61f18473f100346ff025660eb073c4dfc114050e9fa3b53c4ef3f54c0f43f54e01c4f56d5ee4455f7f20e2af6ec0228ffeb0b2afcd7fd2cf2c1ee2cd1d3eb2c0af2222edcdd012c130799ad1f13aeab12edadaa0deba1a74b0599a562329ca53de6a4a35b0c9ea301ef110fe0032a15f5f92d16e8dd2f17b7cb3017c0ca3016b1d52e18cdb62114 pre_us=87700 enc_us=494691 q_us=113 pkt_us=2
[PKT] seq=881 mode=A bytes=260 pkt=010200011f1696923f1e909245f2949524c3989650bc989767fd949727ad93955fea97970929ff08ec490601ca4f0501f33e0202dc420402b56b0302d7520802ba6302013014b4bb482fb7b62f2ab8ba392cb7bc6463b8bc5f69b7bc4043baba4e59bbc0bced3b2dba03352ec5e1302ba403342993d533299c113529902d2e2b90c72b26f10d4255e02a2d40d333313df4372c3cb8442b3caa2b253cdb442e3fb82c2f39e3da1b20d6df1220fedb191ed7d61d1dc0c91a1ed4b3101ee1cb141feece191a03c1b5baf0e3b0bad0dcb6bef8ddb8c023e6b6c0da0eaec0cfdeb1bed0fdbbc2f0eb070cf02b020f0b3f050fe639040ed7230410f24dfb0fd5400110db58ff0b pre_us=87690 enc_us=494689 q_us=113 pkt_us=1
[PKT] seq=882 mode=A bytes=260 pkt=01020001b4f2be8cb31ce58bbc21c28baf01b5899c19ba89c63ed388ada8a388ec27b687deff0208d8052fffd61217ffdd1006ffc10d0fffad3f2bfffd0308ffc7140bfefa31d2af093db5a9fb19a5a8fb2da5a60b6dbca5fb60a9a50746a3a3225398a40ee8b937131bcc3a110e093b18181c3d0727b93f2026bf3fdd481b41b2420f4023fd505e1b003a4b2422454c0a153f4ed5d23b4fc31f414fb9234352a0344850f7f20b27e8dc1226f0f92d27fedc2a2906ad142916dc2b291fd62a2b20c542281d0f9bb03120b0ae2733b0ae2b209dac572a96aa536ba5aa3efb98a8385ca8a80af40b0e0af82d13220a251408d80d15f6abf71517d51415f9b20e1600fd1a11 pre_us=87696 enc_us=494695 q_us=113 pkt_us=2
[PKT] seq=883 mode=A bytes=260 pkt=0102000108fa949138228f914e0e929325f0949416f5949464059294f4b691926d2a94930d1cfe08ff4e0600f84602010e3b040122430301f46206011f5304010864fe01281db2b93c38b3b42d1fb4b72d3eb3b95e6bb4b86166b5b83231b4b65b42b4bbcbe53d2ecce03930dff3372db7ee362ca4cd3a2cd2e6362c990b322ed4c6352af71c4556f41e2f42f910303ff81d313fd3132d3fb604303fee203842c7e9313ce8d51e21cdda1521c5d9191fd2cf1d1fabc61920a3c2171fc6d71d219fce1e1c13b3b3b809e4aeb8ecd8b2bb01ccb4bc52c5b3bd1fddb1bce8bcb3bae8fab8beeeed040ce3310210f3320110d23a040fa3360411bb440110a6500510af5a000c pre_us=87686 enc_us=494688 q_us=113 pkt_us=1
[PKT] seq=884 mode=A bytes=260 pkt=01020001b0e51b94cbfff990d900c98ac1f3bd86d0f7d687f84efd89a89e9c85f92ab283d9f31ef0e7e825f9e6053304de033702d2e52cfa98205cf7f7cf2603ca085efe002cfd940648228f0721f5910622e291235ef38d16641a8a1652ec8e4368c090dbea0452fa04f14d19ddd24b12d5e7500fc4f0592cabea57e7e7c453eab5cc551e01115b01ec294a03fd545611fc5558f4b94857d7be4d57fb02655fbdeb61611fefdd4b1fd7e5462f01f33e23f4ec4022cfe34d1eddff5302ddf73a10cd173afa0bcfa70413e4a2f918c19ff409ae9b0229db9a10461899fad69b97f62ccb9732f3fc0e220b14f624281f0023112f0826fbfd073e523ff8ec2827fffc4e5e0d pre_us=87705 enc_us=494691 q_us=113 pkt_us=2
[PKT] seq=885 mode=A bytes=260 pkt=01020001cbeebf8cc608e68bbbeab18bc9e5b28ab8fdb9890139c3899b8e9988d11bb388cff80f08dbf02fffebfa1fffee0b1cffdef31dffac3335ffeaf415ffa42209fe0225c8b0fb35b3aaf931b2a9f745aca70569b8a50064c0a50959b3a30c6c97a5d5fad937e91bcd3ae017f53bf6f9023dd128f73fde3fd03fd6450f40ce2f143f0603545ee010404adf2d4e4ce21a4a4ec4fd3f4ead343d4ec333475194394f4f1def1e271bd61a2620cf272712bf2c280ca4182912c0342918a8292b2eaa4b280819a1b02c2bb0ae3124b3ae2e19a6ac583598ab4570a6aa36c29ca9405eb5a937fa280e29012f131df3381416d52c140cdb2914310e3f1302b6371505132511 pre_us=87688 enc_us=494692 q_us=113 pkt_us=2
[PKT] seq=886 mode=A bytes=260 pkt=01020001bdefae8bc71cbf8ad8fac189c507c388aa0daf87f451c1879bb1a586bd57cf86de030b08e4132cffef0627ffe21d2affcf2b2bffb64543fef80f19feb31c14fef12dc0ad1332afa7141baca50e2eaba33b59caa1344ac7a13041a39f4f4c9fa01ef2df392210c93d2512e73e0e0cdf410012b4433619ab43e2510b450637dc4511f86060f2ff524ded194f4f020a4d51e8ed4153e2163053e2294a55cb223854fcfe2229f6f2172802081229e9fc0f2bd9ebf02cd004e92bed12142db3e90a2b130ba1ae291bb3ac2514abab301daba85f1d9ba75e5fa8a653d09fa470609fa4e5fe2c0fea003514fde43916f1e43e16d8b8361617e94216d9b82517e5ef2b13 pre_us=87689 enc_us=494696 q_us=113 pkt_us=1
[PKT] seq=887 mode=A bytes=260 pkt=01020001bceaa88dc21eaf8cc706a98cc61d9c8bab219c8af558a38aa0d49c89b85ea889dcff1408e0192cfff10d1400e62f1d00cf230dffbe4029fff3211affb31f0bfff731bbb11832a6ab1c0ea0ab123aa7a9425fa3a83b47a2a82a499ea5514a94a727e91736260e07381a321f39190e183a1a07253b1a31053cda44243ed93a263c0ef9625df9f55749f91e4d4a08ff4e4cefcc524de016524de8114b4fe70d4e4d03f83b26f7f23825f7fe3726f6f32c27e9d83528d9f64627f9ff3a29bbef4b261817afb1311bd0b0300cc3b030ffbbaf5d31a9ad5d66c5ad4bedb4ab6e53c2acebfc480efaf244130ad3351409e23614eda1261424d64a14efae3215fddf2010 pre_us=87701 enc_us=494689 q_us=112 pkt_us=2
[PKT] seq=888 mode=A bytes=260 pkt=01020001c8faa78cc529ad8bda15a78bd914a18ab72aa189ff68a8899dc69288ae649888df010f08e60e24fff1fb14ffea2014ffd82312ffb91e21fff01f09ffbb1811fef62db3b00c2c9faa1b229da90a399ca7315497a53a4c97a5243a97a3454094a419ed1c3721170f3a1d1b1f3b10f7273d0ff0263e2a1d023ede123e41ef3e293f10f4655ef7f3614af50d5a4c09ef594e01d0604fe3dd6a4fe9fd5b51d5eb554ffffa4027f9f24926f8f44627f9ec4228dde64c29cbfa5629f3f43d2bbcd44528110facb02b1ad3ae25f4cfae1f0fbfac5421b7ab6267d4aa48fbafa96e30bca9f0fc3b0eebf33c1301db2a1408da1f14efb6171516dc2d14ee940e16eda61611 pre_us=87697 enc_us=494696 q_us=112 pkt_us=2
[PKT] seq=889 mode=A bytes=260 pkt=01020001c3e2a28cc413a38bcd0da28bb802aa89a62ca189df57ab889de9aa88c066a787e0f71408e00f2affe1170effea0e11ffcc2c0effbc2a33ff060928ffbe3413fef931bfaf0f3faba90f23a0a8173e99a62b619da53d539aa52f3b98a2534f95a422ea14372311163a28011f3b100f133d14141f3f2c33093ff5481d410a401c400dfe645e04ef5a4b140f584c09f55b4e04c8584ff3fe5e4fe3f55852e8065250fefb3827f4e34126ef014328f3e24329e0cc3f29d3d95829060a462bd0dd4a280e0aabb02324c1ae2737b6ae2e0eb7ac5335a6aa666ad5aa4b14c5a86a5ac3a8ea04480ef6ec471315f02214fbcb2815e8b3291520c45515e6b6431609d63c11 pre_us=87687 enc_us=494695 q_us=112 pkt_us=2
[PKT] seq=890 mode=A bytes=260 pkt=01020001cde5b88dce20af8cdf1aa48ccb0c9d8bad3ea58af45ba78a9dfda289bd669c89da01f608de1904ffe9220100e8120400bc2502ffbd230ffff20c0dffb41ffafff92f9bb1013894ab0d1f95ab173b97a9326894a8304593a8143692a5424890a71ff131361d0c273832063639230c343a0ce62a3b16221b3cd43a333ef439413c0cf8625df2f15749f70a4c4afdf8494ce0d6554de9f45c4debf2524febf1494df6f35726f4e94f25fbf24526e4e03e27becd4b28b8e04f27e9eb4729a8c94a260b11b7b1191ebfb01718bbb02ee4b1af5a26b1ad5354cfad3dfebeab6646b3acebfb160eddf60713f9e00414e4cb0314becc021406c71b14d3ac1515d8bffe10 pre_us=87706 enc_us=494689 q_us=112 pkt_us=2
[PKT] seq=891 mode=A bytes=260 pkt=01020001b7f2ad8bbf06bc8ad5f9af89bfe6bc88adf8bd87d837d0879e9aa587d420b986e0fe1008d9fe39ffe9ff29fff3ec2dffd6f622ffa81b37fef5d623febb0813fef72de0ae0e37b4a70020b4a6003aa9a31269aaa2ff5baaa20e4e9fa0206492a003e4d4391017e33cf70be33ef914e340e50beb420a21b442cc40fd44b42b064422fd585f0c104f4cfa28524eed135551e0005152ba335252c42658549e385f53f8ff0529f4e5222807f1262907cc282bf3af152b17d2322b13b7342df8b44f2a170e9aae2a26b6ac2537abab2d0eb1a95743a0a75073ada747d9a7a55066b7a50b07370e130c491420083d1507ef431603ed3d1629213016f8e13a17ea1e2b13 pre_us=87704 enc_us=494690 q_us=112 pkt_us=2
[PKT] seq=892 mode=A bytes=260 pkt=01020001dbe7b58de92eb48cff24a88dca09a18cc535a18bf861a18b93e99c8acc64988aee03fe0805090fff0c030c00f7080a0008fe0100c60f0cfffbd50affd80403ff0d2ea0b2143197ac16009dad1a409bab2f5c98aa273497aa010d98a725f197aa28e12c350a021637160b1f371aef3738e7c1293924f82a3ad00f2f3c23eb3e3af8f8655cea005d48fa025148faf84c4acfe9544b02ee574be606514deaf6454a11f45525ecde5025e8f74125f0e53b26b3d243279ae84626d8f7422895f43a24100db8b22a11d2b10ef1cab22cd2beb06106b0af5c3dbaaf3fb8bcad6211acaeeded1e0dcbfe1e12eedf1913d8dc12139dc40414d7be1413aba80e14a4b3fd0f pre_us=87686 enc_us=494692 q_us=113 pkt_us=2
[PKT] seq=893 mode=A bytes=260 pkt=01020001b5f1e98ab900f088cf24d788c8ded586b2fabe86de440e85a999ac85d90ec185def81305eae14102e30636ffdff021fec9d429fdad0b52fdeadd2bffb3003afdfd20e8a8fb39c3a4e727bba10b2ca99e0b6fb49cff70b99b1962a69b2f76989bd4f7b741f002dd43ebfcc343de05ce46e3f7c249ece4a74beeebe74ae4dcbd4b1306315f07103e4b0b135350f00d4f54e2f45b55df004954f2156857c60a6b5817f0f0290cd119240cf71e2c0fed1d2e0b9a2d2f06bb2e2f01bc352ffcb3542e051598ab191baba6133cb1a61623a0a43f279fa23f5fc6a119ecab9f2d51cfa02af50809220a2c0d1f2f2212220803131cd20a132e4c2210000727150a552213 pre_us=87698 enc_us=494684 q_us=113 pkt_us=2
[PKT] seq=894 mode=A bytes=260 pkt=01020001c7f7b78ec418a88dd030a68ec5f89b8da6239d8df066a28ca5f49a8bd965958bd5f8fe08e3191200e9110400d0280d00c53b1700be3d1600eb1a1900a4480ffff72aa2b31b3b9fae1b0e9aaf243da2ae335da1ad3b439cac2b30a0aa3e2ea0ad280726331c0316361f162c3510f7273617e6273728311637d7362139cb2234370cef655bf0ec5f47110a5047f7f44f48ecc05949d0ec5a48dd1a524be5ff4948f7f85625f4f44924f5024424f9fd2f25eafb3025de0b4425f82a3027b6172e230c14b9b32f0bc9b2331fc0b3320eb6b35c23b8b26b59cbb14befc6af5949b7b1e8fa1e0dece81b121ad40a1215bc0812ecbb0b1320d01d12ffb219130fce0e0f pre_us=87708 enc_us=494695 q_us=113 pkt_us=1
[PKT] seq=895 mode=A bytes=260 pkt=01020001b1e90e94be0cf48cc30aca88b0dcc488b4dac888ea15168ba89cb086dc25bd84e4f01cf5def33102e0fd2504d6f72501dfdc13febaf53700f7d02004d6e216fffa37fb98fc43fa97f41bb99bf940b4960a6cd393f442bc8f10409f941849929610e8fa4d1b1cef451d0ee746f8f7014cef2be05323220349ef33014ac82dd74f24001a5b13ee3b4b1717525119095455ebe64853c41b5259da21675dc3276a5c06f0e34306e2f63409f52b310ed12a3b0ba8193c27e939491ec54b37ffcb50351507cfaa252ebfa71b34b4a2142ebba14146bd9d276e02a32bfeb69d3965c39d15fe150f19070d002e1110092ce7150e14d6e205201e210503dd320eff252112 pre_us=87697 enc_us=494684 q_us=112 pkt_us=2
[PKT] seq=896 mode=A bytes=260 pkt=01020001baeaf68bc90d1588cbf6e388cad2df86c5dbef87f32d3c86aa93b185fae0ba84e3f425fcddfa4303eb053e02c3ef47fec8e137fe92235a02dfd52a07b2fe2dfdfc2af9a2df4af39ffc1ac79dfa3fd098f765d695fe70ec95115db79833749896eee0d34d17fff94b01eef34817ecd54f12d01f562bd83654dae8f749d1d5ce50250a2f560bfa3b41f316584bf51d524ee9024748c7f94d44dd206954ad256e5911f2dc2b04d4ee261c041b2e2ad1fe3520a2f43811c9f7321bb9262a29a946350d16ada50826c49f1128c6a0fa17c79e0035d39b125d2898fbd6af9af83ac39c2b0c0307fe1829031f1e310a28161d0d0de4f10b2c531f05ee13300b0c4c1c10 pre_us=87701 enc_us=494693 q_us=113 pkt_us=2
[PKT] seq=897 mode=A bytes=260 pkt=01020001b6e4ee8bae0ef789b300d389b4f8ee87a1d9bc87e22bf687a08d9f86e2f2ba85d8eb1e07d0fc37ffe41020ffd51439febd1023feab2333fefee30efec50a1efe0e3de3ab0944d1a5ff1ea4a3042aada02764ce9f2045bd9e1948a29e2e59999e17f9be3d2d21b5402610eb41290bea450018c4472525a446e22f1a46bd2ade462200325f20fa2a4b2e21524e140d3a50fbf04651e01a3d51e91d5855d1246255f7eaf828f1df0028f4fe332af2f31d2ceac1062cf6f6102d11cc262eefd8422c17049fad3633acaa273fb1a92823b7a64d4699a4516ea8a42ed598a23e5daaa31203250a0f091d10251511110b0f171004e10011370cee0f02d8f9150b291313 pre_us=87703 enc_us=494685 q_us=113 pkt_us=2
[PKT] seq=898 mode=A bytes=260 pkt=01020001b6e0ff94c802d99fbcf8b98dc6e6c58cb8ddb288f1360591a791aa85f5f8af84d9f311eedaf205fae0061b11d9000d10c2f80d05a229350806cf160bd9ec4109fb331092014a2b88ec21f28cfc2dea8a19690e89075d02850a62be8b2c6eb98adfeff6510004e6420be8b93e25decd4519d7b95718bccd3609d2b851fccb965127fff86212e3096329fe426713f0326a04c13866efc328700ce6636ac4dd646c1ee9f24b0cd7fd54160008400ef9fd4e1cbff24c0fe71c5cffd3144112d81c47eb09df9ef61207afef17d1b0ee10d7aa0730c89b145427b7f9c9a89c0418e09c2ffa0ffd230019ed2a1d25021726160f27e0fdfa2f5043fded23fc0aef58340c pre_us=87695 enc_us=494687 q_us=112 pkt_us=2
[PKT] seq=899 mode=A bytes=260 pkt=01020001c0e6138ac80b0b87bef5df87cae9d586b0bbcc85e1180485a591b384e9eccd84e9ed27ffe5e54102ecf03801feea3dfdeeb00ffbcbfe60fe12b939fedcc24ffdfe2beaa3eb3aff9ff617cb9df31bc49a0665e397e441ce97013ec7971955af97f3e8e249f907d44cf1f6be48fbf0b94cd70caa5014f6b950cc01c54eb8069b4f19082159fd0c37440d19564fe91a5454c4f85355cc155d55da2c6159be3a685b11efe22909e0eb261a04102c22ed07321fad0a341bff2b3216ca143310d73e320f08a8a62338afa0113dbaa12032a99f505c969d3972dc9c3208a49c3068c59c27060605122c150634231d0d1b1527100f01f10e0c4a370aeb1c2f150e5f3011 pre_us=87697 enc_us=494689 q_us=113 pkt_us=1
[PKT] seq=900 mode=A bytes=260 pkt=01020001d2fbac8deb43e58cedf1b68cd9f9ae8bca0cc68ac70ed08aa2b9a089f86ec089e009f608d7293afff8242200eb332f00d83137ffbb4020fff3260dffae5b34ff0838d4b10924cdab04f8dfabf8dfefa90a0fdda84b5cd9a83b6acaa62c67d6a81beac236270ca13826e5c83832cdb83a11d7af3b06b5aa3ce0d9c03e32e5a83cfbfa4c5ded082e490439334a03362b4be220234cb81f184cbb31384fc706244d01eaf926e203ed25ef03d226fa0acd27dff7d428b1dcb727dac8cf29b2cccd2615ef97b11f18bbb008c6adb00dd9a8af1be5aaad5c169cad4dcd9aab5f3ba8aceceff80edd2c1913ef1a1a13eb042814c9192514b3061714b0daf115cf2d1f10 pre_us=87698 enc_us=494684 q_us=113 pkt_us=2
[PKT] seq=901 mode=A bytes=260 pkt=01020001d7f5b58d023cef8c11c7b78debc6ab8cf6fdbb8cfb1fd48ba1a1988a0c6bbb8af602f708022638ff0c182900fa223000f6373700b14d2dfff71b0effb95e33ff1c41ddb22d1dd0ad18fde3adfce703ac1700e6ab4d50dfaa2f5ad3a8434dddaa0eddc9340c0ba43719dbd53726cbb83800e8bc391dc6b539dfc9da3b35fab439f7fc4b5ce6132748e9482748fc3c2f49ec2a274ac318144abf48404db615214a06e4fa25f002ea250104d125020bd026d7f9dc26a3dfb926dacadb28a5e8cf2422fc96b3331ebeb10ab6abb20dd3acb11decacb0501d9eaf45b49ead643cabaeecec080de6272412f70d2213e9123813cf142d14bbfe3113a3ef0a14b645240f pre_us=87695 enc_us=494691 q_us=112 pkt_us=2
[PKT] seq=902 mode=A bytes=260 pkt=01020001e3fd9990e746a59012ea9691f5dc9e92ebfc9e92eaec8e91a2d78e9007609891eb0b0308ed2a4c00f81e3001f8203301eb113b01c4ed5d01eb393201ae623500213cc9b8231dd2b30d10e3b502ead6b60709deb5606225b54255eab2033de0b711dc1b300e08ea312deb052f28f50c2f2905f52f14bb262ff3f9123143e8052df3f25b57ef104643ee3a4041fe384141ee1d4242ae380e42b2413c44c700363f00f11b22e4fe1421ec05fb21ec280a20cd20092197e0fc21b8e4ff23a704fc1e1feca5b7360cdab708cfccb90ee1d2ba13f1cfba5bbdd0b954e2c8b7474fc3baf109240cda305710ef2b4610e11e4d10be2d51119f07711095104911bd4d490c pre_us=87711 enc_us=494687 q_us=113 pkt_us=1
[PKT] seq=903 mode=A bytes=260 pkt=010200010fefa2901d39a48f31fb96911fe2939122fa999136f3a091c9dd8d90415093900608fc08f611310008d72f000ece270107e5250109a94c0128f92201f05e1e003135b6b73622beb22b24d6b41706d2b53413c8b46a5ae4b45a58d9b15a38ccb6d9e92130f504f03215f5fe3015fc0a2f19fe073015d7f830e5f1143240cf0e2ff3035c58f2075d43e9115d42fc226042f5195f43b20b5743b4216545b4fc5d41e0f33222d1122822df200a21ef401221dc211b22a61f1721d20fff23c02a0c1f17f7aab72f1bd4b613cad0b81fc9cdb929dcd8b964bae9b85dbbd1b65f4cd0b9ee0c170ce53e4310ef333e11f43c3710e83b3711aa3356119c2d3411c9542c0d pre_us=87703 enc_us=494685 q_us=113 pkt_us=2
[PKT] seq=904 mode=A bytes=260 pkt=01020001e0f7a490e436a1900a019492cce49592d2e19793bacda19291aa8e91e3669c92dd150208e5122700e0f02e01f0c02501f3d12201bebc3801e3f31501a5542e00103fb7b80926bab3f122d9b5f634d1b61a3ad1b66375d0b63d74cab32761c8b81adc242f2017fb3124ea022f27e70a2e0c03092ef1d1fb2fe4fc103026d7ff2df3f25a57fa045e43fa0e5f4110f66341ef0a6041cafa6341ba206944cef15e3ffeee2e22d5192b21d83f0e20e3231520d61517219c0e2f20d5f11222ae17171d15f8adb72900d4b703f0d0ba0cb6d3ba1dc7cfba6bd7d6ba61b2c6b86955d9bbed0c1f0cce413610ea503410dd412c10d3453111ac2d3110ae0f1711de4c300c pre_us=87717 enc_us=494695 q_us=112 pkt_us=2
[PKT] seq=905 mode=A bytes=260 pkt=01020001edfdad8cff3eec8b0bf8b78bf3d5b78ad6e5be8ac801e889a6deac89f773d988fa05fb0800272dff170f17000b2b29ff141923fffc310eff1c2b09ffd45810ff2537cfb12216b9ab1d1dc6aa17fae0a8240de1a76067c1a74a68b2a53c659ca6f3f0c336140cb53926efd73932d7b03b1ccea63c11b5a93df2f6c23f4bf4e13dfbf94f5df00e2c4aef14334bf02e354ce0262d4db118184daf1d3950b0fe2c4ef6e9fb27f6fcf62605f0ec260effd52811e6d028d1cfbe28e9cde52aebc50b271de798b12c0dbaaf04bba6af13cfabae2cbba9ac6af699ac57e29caa5c3fa8abf6f4fd0ee8270c13f230fa14e3251a14d1061415a9edf0149ce0d615d028ea11 pre_us=87709 enc_us=494683 q_us=113 pkt_us=1
[PKT] seq=906 mode=A bytes=260 pkt=01020001d7039d8eea3de78d060eac8deeeaaa8dddfab28cdc1acf8c97bda28bd36bb38be60cfc08f2273f00062b1c00001a2800fa252600b0382900e5181400b64e25ff1b3bd1b31d29c8ad0606d0aefef3d1ad0d0dcbac5369daab246ac3a90657c1ac1cefee341311b33626f4e73624dddb3713e1e43816acd238dee6e63a1203ca38f3f0545be9052b470225344708263f48f2163c49be100e49c425404cc3ff3b4910e20325fafff324faf7e224ef05f225d7f4f2269acccf25dec5ea27aedbf3231beb98b32c17bfb205e4adb30addafb219d1b1b15b0ca1b042daa3af4d33b2b0f8e60c0de1272a12f5181f12e4212e12c91b2813a9f92a13a9e51114a823210f pre_us=87694 enc_us=494687 q_us=112 pkt_us=2
[PKT] seq=907 mode=A bytes=260 pkt=01020001f106b791f835b6900bfd9b92fbf39d93e0ffa393be11a5939ddb9b91db63ab92f412e408f0200100012d0401f92a0401e01d0601b5350001f8280101bb51fc01293198b8282d95b40b09aab605f8abb70215a9b74867a2b73a6ca5b40c69a0b9f8f53c2f02061c3028e1322e30e1312d22e52a2d36c0362ef9e8352f56dc2c2bfee25257ebff4e42f6303c4001293c40f01d4140b3fd3f40a8153f43c0fd3d3ef0e94921edff3f2102f92820f4062920e6fe2f20b1e03320fecb27220dc8391d17f9afb83217d4b70ce3baba0fedbbbb1bedbfbb5f13bbbb4cf4b4b94139c5bcfcebf90ce520fc10fb1e0210f0120410d3260911a6f6fd10a5dff411e532fd0c pre_us=87685 enc_us=494690 q_us=112 pkt_us=2
[PKT] seq=908 mode=A bytes=260 pkt=01020001f9eb969003439f8f19e6959002de9391def09491bdd98d909cb8898fec55918ff80bfd08e6284e0006174b0010fe4d01011a4201cff15d0002254600b85d4c00263bcdb62d1dd9b1151e06b315fefdb3191bf4b3626e21b3516710b0325b03b4f3e51d31120ae8322cda0a312dfbfa30110905310cb61931e4ec0a3344c90a30f5045758f0194344f037284307343843fa363444b7351a43af4e2f46c0102642f5ed1623e6fc192200f2f521f316fd2105f00022b8dbf422d9d9f524e2ebf31f1ef0a1b63515d6b503cdcdb817c6cfb81dd3d0b869c7ccb761cdc1b5624ac6b8f812280cfa375b11fb1f5e11f1116011e5295b12ac177011aae96012f432600d pre_us=87714 enc_us=494684 q_us=113 pkt_us=2
[PKT] seq=909 mode=A bytes=260 pkt=01020001da05a88ce639e38b0822ad8bdbf0aa8ad6d7b489f509c089ade6a9882972d088e40af708d02a40ffe42e21ffe43232ffde223affd63b20fff1421fffc14b2dfeff38d7b01036d1aa0202e1a9f5f4f0a7111dd8a65266eda52167c2a30c54b5a517eac537050ca13a19e0c53b2cd7b63c03b9ba3ed5a0b13ecad1cf400bebaf3ffff0515eeb012a4a2424294c0028314ef223384fd3f60f4fe80b3b51eeea314ffcebf927d0f1e926bbf9ca27d90ccd28cbe3d92996b5ad29cec9dc2bb9d3ef280aee95b01d08b9ae12d2a2ae07d1a3ac0abdacab46f294aa32e3a0a92e29aea9e5e8ff0ed8192413fb181c14d51f2e14d4143215a8ce2514bcdb1116ea1e1d11 pre_us=87704 enc_us=494683 q_us=113 pkt_us=2
[PKT] seq=910 mode=A bytes=260 pkt=01020001e9f8a391fa43a79020059f92fcf1a593f300a693edf79a9299d7949114609d92f10afe08002d410019242801161622010b0c2501fde34d011a1e3801eb5e2f01273ac0b83127cbb31a10d4b615e3c4b72bfdc4b66754ffb64e5be1b44948cfb907ea182f180cef3134e30f2e21fd022e20fb042e34db002e01ed0d304cf0032cf2065857dc124542f81d3f41f6254940001f4941cd242941c13a3b43bb0e3d3effe72b21fcfd1d21ff03052002221320e80c1821aee9f820eee7ff22e708081d2200abb8350cd6b717f9cbba16fbcbbb2eebd1bb6cc7cfba61d7c9b95d53c7bbf4082d0ce2335210fa293c10e2203810e6273b11ac226110a2ff4f11e4573e0c pre_us=87709 enc_us=494687 q_us=113 pkt_us=2
[PKT] seq=911 mode=A bytes=260 pkt=01020001dd0baa8e0741ca8d26fba48e01cca18df4e5a18defeeb18ca1c79c8b1d5ea38bf9030d080523390006292b0002182e00fb142d00d3153e00fd2a1f00d4591fff1832c8b43625c7ae1f0cd3af18ebceae3414d6ad625ef6ac4557d0aa4d59bbad0df1e5330905b7351edffa3514e9f5360be7de371cbcc237def9f4392fe8fc37f3f9595be50b3c47f2283f47f9464048ee284449ba2a2548bb413a4bb30241480eea1425ec03fb24ee02e924f921fa24df05fb25aadece25d5e9dd27b3f1052319e9a6b3310ec3b20ddab8b41cc6b7b330d8b9b265f0b2b15bd9a8b06247b2b1f1fb280de8323812fd233812f02c4012e12c3d13adfa4b12a6ff2613c040220f pre_us=87690 enc_us=494683 q_us=113 pkt_us=1
[PKT] seq=912 mode=A bytes=260 pkt=01020001f806bb8c083207891c0ac58a0ae6b5890602cf88e1020887a5dbb386e467ca870007120508223602182b0b01122a01000a2221ffee3006030d2a1305e351fb01222ddeac2d21d0a81ef1b9a721e5ada530ffc8a25b58d6a3455aa9a35264a3a2f9eecb3d0308cc401bdefd4014ccf84220cfd94613bdf34806d52c482df40144fff3425ce7131a47f0292a49eb2f334be4251f4bb919e24aba3a2e4da4ff244ef5f30426eefff122f40bea25050cfb28f8ebec28c9e0e821f8de0a20d3dd032614e69eaf2906aeab13c8a2ab0cc0a0a81fcca6a8671593a95cc49ba46e3c9ca5f8fae509e22ef30bed2ddd0fed1adf0ee71bdd0caf00b40cb106b410b03fbf0a pre_us=87695 enc_us=494689 q_us=113 pkt_us=2
[PKT] seq=913 mode=A bytes=260 pkt=01020001dae3a190ea359f8fff0a9991d0c79a92ccf99a92bcf3a19197c79090045c9291df05ff08df082700f4df2701eecd1b01ebcc1b01b9b83401d2011601a55d23000d3eb1b7072bbab20425c8b50732c0b50135bfb55370c8b53574c6b22c60ceb71edd2b302608ff3131ea0e2f23fa122f1e17fd2f07c1fb30eadc13313ce8fd2ef8f96057edf5634302065f4202105f41db116542b3ee6942a91d6a45ae04634003fa3922ec142921ee221a21e9012421e4122e219c1e3621d8e81a23a42b131e16f1aab71e03d3b60dead5b914c9c7ba24f1c6b965d6dcb958cccab76961c4baf30f0d0cdb3b2c10f43a2e10ed0c1d10bc331b119f431d10a80a0c11b4641f0c pre_us=87696 enc_us=494684 q_us=112 pkt_us=2
[PKT] seq=914 mode=A bytes=260 pkt=010200011ceaaa943d25b29337f6b69714dcb99a28ddbb9b23cfd79adcd6b2996a3ec19bff15eb080408f701fc05f602f601f902040af2031ee5e4021de4f702d023ea023522a4bd3d049eb930f7a5be1d07a9c12b0da8c16b2899c15b35abbe6a18a6c6c4f8412bdc1a272cc70b2e2898222925af373025a3382525ce1c2c2720f22f21ee164753fc143d3efb1f353a09143238010e3139c14a4239c738383cc73a3034cbf5371fb605411ebdf9381cbddf3a1bc1013a1c9ace551bbfe2391d8d12411718f8b0bc1623c0bcfe0bbdc1f7f3c4c403febac55f1fd3c46619b8c26d6bc2c7e80efd0be214fd0eeae8fc0ed4df040dd3f7f90f9cd4020ea3eafb0fd218fa0a pre_us=87696 enc_us=494685 q_us=113 pkt_us=2
[PKT] seq=915 mode=A bytes=260 pkt=01020001f3f89d8d0124bd8b2309a38ceae9a08bfeedb28ad9fec28ab2f2a1892b76b289f215fd08032b34ff052a2500fb222000f9173affde2533ffeb381bffa76430ff2235c4b12f20bdab21f5bfab220cc0a92f1dd2a85262d9a7326ea8a54573bfa70bd8fd36fd18d63814fc0139e0e9f83ae5dbbe3cc2acc53ccbd80d3efedabb3df305575deb144149062d404aff26404cf634414dc712204dbd23484fb5f83d4d05eb0826f103f825d615ff26dff70127d6fcf028abc6c927e1ca0f2aa4c6f32615f29eb12a0cbab01af3b0b019daadae2ce0b5ad62e0a4ac4befa8ab6543baabfe0a140eed2e3613f2202814f00b2614e11e3d14b3e22d14c8ee2015d3482b10 pre_us=87685 enc_us=494691 q_us=113 pkt_us=1
[PKT] seq=916 mode=A bytes=260 pkt=01020001dcf0aa8ed319f18df10fc88edad1c98dd0ece38daaf9f88ca1fac28bce70c88bca15f708df281400f91f1200f7f3fb00ec011e00d602f200f9290800a25ffeff0338d1b3fb23afae06f8abaefb0abaad0e1fbeac515da7ac39689ea9466da2ac1ecbda341c11c5361ef8f43522e4c9361f01ac3716bacd38f7c9f63a37daf43706f24c5bf00a3247e82739470a253148f5153349c61a1d49bc26424cb3093048def10125f9fdf82400060b24eefaee25e907f426c2dee925f3e21327b1dc09230f0898b31507b1b20606acb30bd9a0b224e7b2b165e7a0b15af6aaaf7552a3b0e6f4f90dd527f512e513f812e501e612d223f413b1fee212bc0be214c251e10f pre_us=87711 enc_us=494684 q_us=113 pkt_us=1
[PKT] seq=917 mode=A bytes=260 pkt=0102000100f1a38fe8f4a78e2211a5900909b99004eba490240bb38fb9009b8e43569c8fe31afc080d071f001818150006081100ffea0e01dae12a00041d1500c46322002a34abb6212baab12effacb22d0ba0b24318abb26553abb14d4facaf6157b5b320e031310813143316021c321a02193119021b322ad50b32c5fd183403cc1231f5fe5b59e4185a44e01d4b43f40b5044ea1e5144bbfc6244b92c5847a6135743f4fc3c23f5043222ea0d2c22dcfb4222cc0734239f2a3922c6fc29249d151f201d0aacb628e2d5b51911cbb7281ed7b739f4bfb75ffee5b65bf2cfb46549d2b6031f110cc7252b11ec1b1811d7081b11d6011112b5292f11a01c1912b85d290d pre_us=87693 enc_us=494687 q_us=112 pkt_us=2
[PKT] seq=918 mode=A bytes=260 pkt=01020001faf0978ffa07998f03fe9c90e0099990f10b9f90f503918fb323958efd6d9b8fe614040808283c000d123e0003062f00e1e13d01d8ed5900db3d44009a6942002d36c8b61811d1b126fedbb312f8d9b32f12d2b25c4510b2414ce2af435eddb319d119310904f633140b0c312a20fb311efbf432eada0b32c6e8093423f0f931f2fd5b59ee214c44ee27404303154943ee1f5444c0273644c02a4747a0093f42f2f91923e8010922e3060722f9190822ca261223950ff322b2f50624931104201ffaa4b61bf6c7b515d6cdb711fac8b732e9dbb75bd0d3b657f3dbb57061cfb7ff13250ccc2e4e11e5225011e3214411e21d4e129d1a6a11a22e581298624f0d pre_us=87700 enc_us=494691 q_us=112 pkt_us=2
[PKT] seq=919 mode=A bytes=260 pkt=0102000115ed968f0404978f06f59e900cd8919009e38e900cd49690cf0d8c8e2f5f908ff012040812f4350028d3370012e31f0019c526011e9a54000d172200c4613300353cc7b6272dccb13113c9b32922d9b33933e5b2674decb25a5ddfaf675ad9b3f6da1e310803f733061705311be6053114f1f83204e6f732f2e70c3438d3f631f4ff5f59e00d6044db085c43e91f5e43cf0d6444b3136244ad13664796096442db002323f3141422f3181522fc260c22fb250823bf351522e013fc24c23a00201700a1b624e5ccb518c8dfb718d8beb72adebbb75dbae8b65ce1d1b5715ccdb7f81d1b0cd2384411ce1d4511e5412f11cd423412a6465c11b3433712bc69390d pre_us=87692 enc_us=494687 q_us=112 pkt_us=2
[PKT] seq=920 mode=A bytes=260 pkt=01020001f000ae8de122bb8c0804a48c0608b88bc6ebb98bb302c88aa0fea68a2276bf89e015050800252eff06312800f7093900e50b2d00e52139ffed3d28ffa36531ff2638c4b20926cdac20fed6ac05eddfaa2018c7a94857daa9316bcba6345fc4a91ddfe5351603b33807ebd23827e2b539fef2bf3adcd5aa3bdacfd43d1ef4c53bf5fc545cef113f49e62940490a12394be225454cbd0e284cb90e3d4eae0b304cfcf01226fff5ef25f00ad926d60ee226e100fa27b8d3cf27d5d5dd299be1e1251c049eb22200b4b01adfabb111fab4af28e6b3ae58e9b0ae4eeea5ac604eaead0105190dcc172e12f01c2a13e4003e13c51c3614a3e84113a3fe2614b5502710 pre_us=87696 enc_us=494692 q_us=113 pkt_us=2
[PKT] seq=921 mode=A bytes=260 pkt=01020001d00c0e8ddd140e8bec07d58bd6dfd58ad4d4e488ffe7e989ada9c887536e1e88d6f42bfce5033d03eb272d03f2102b0309133105f51d1cfff0131605b03931fefe37e9a6fe46e0a1f128d2a0fe36c79c0034c79c4272ac9a0c71b69b1976a798e8f6fb4beb02494af4235c47f30c4c49e9f85148c0f07151d0d3604ae624464f0ef32652fffb41370a1639381002343d0b093b41e6cd373af8e5393ccd02483e15eafd240ad4ef2900edec28fec6f02d04d0fb28d7a8e93403a60b2ae09320330722c6a6ff10fb9fef06d59feeedcd9ff2f6c69d1e2bc09d1821c79af96d2e9c2203fe060c090304082fda04060dce06f4eeef03e5e0ab09efbfc1031818d601 pre_us=87691 enc_us=494684 q_us=113 pkt_us=2
[PKT] seq=922 mode=A bytes=260 pkt=010200011519969127308f90380592922bfb939305ff949410db9293d0df90926b5f9193022dfd08f44a0600f33105011533030113420501054a05011d430401b17204012413b1b93224b2b42f04b4b72e03b3b84121b3b86857b4b75861b2b56167b6bad3f83e2fe90f3830010f362eebfb3b2dba1b392dbe18352dbd0f3d2f32ce362bfe164456ff292e4200312f40f8202c3ff2332c40b53d2e40b12e30439f112a3de1d12021c8ea1621d1f51a20d2e71b1fd6ea1720b1e61620c9d21922a7f5171c0ac2b3b81ff5acb811d7b1bb17dbb2bc2eecafbc59ddb0bc58dfafba495ab1bdf7f7080cef3cff10020a0310e5e1030fc6120111ae21ff10a0010311f260fc0c pre_us=87694 enc_us=494688 q_us=113 pkt_us=1
[PKT] seq=923 mode=A bytes=260 pkt=01020001e605a48cf734eb8b15eecc8cf102ce8beafac88adb10eb8a96bb9d891a71ca88ef12fa08f4252fff0f242800fb121d00fdfd2effd8f52cffe61a16ffae642aff1e3cd1b12327c6ab0403c5aa0107c7a91e0dc8a75744cea72d6ab9a5266cc9a712dcce361400a73910e4da390ef4af3b0df4b13cddc2a03cd8ccee3f28cab03defed525dec0e2d490622324a02083e4cf615454ded17224dce324450b902274dffebfd26e606f126f100ed26f009ee27d303ed2899dcc028cdcdf12aa4c5dc2617e899b12f19b4affcfab0b0090cadae1ae2b3ad62cea0ac52c6a2aa4c3da7abebfb000eda311a13fe172314e61b1214d9122414b1fe1814a4e60215bb561010 pre_us=87713 enc_us=494686 q_us=112 pkt_us=2
[PKT] seq=924 mode=A bytes=260 pkt=010200010cec9f910940a29123eb9793f4d39794e6df9f95d4f29d94c2139a931f6a9f940a1bed08fd290100011d0301032dff0100240301ea15fd01023b0101bc6000012735a4b92911a2b42cfbb2b818f4b2b924fdadb96664a9b94f5ca9b65966aabbd9dd452efc26222f21ea312d0fd0332cf5e82e2cf4b33b2cf8ee2f2e39da2b2af70e4756f61a4141f629383ff435383ee7333e3fb523323fbb2b3f42ba0c373ce8d73421dffa3a20dcfd211fea00221fe5f12d20b4cb2c1fddea2a21bbeb2e1c14ddabb93109c5b816c3b9bb17d3b7bd28d1bebd6ce8b5bd5710b9bb6b4cc0bef1f4f80ce5280510fb130410d119020fd4190811adfafa10c511fb10e55bfb0c pre_us=87704 enc_us=494694 q_us=113 pkt_us=1
[PKT] seq=925 mode=A bytes=260 pkt=0102000103cc9896553c93964d27979b402e9b9f421a9aa11e3896a02914959f794d9da21e09fe08f74e0601ed310802d1450903df48090345310b03f9480c03ea4f0a034716b8c03608babc260fc3c22618c7c71c08cac86018cfc85829cfc56c05d2ceacca3929b3153229a22b2b2497fa2c21a61f30208a6b2b20a3252a22d406271be9284350f20a2b3b16ec293715e2293410fc2434cdd42334f2fc2837e0de242ecbea171dbefe121dab0a0f1ab2120c19b71209199e1300199e26011b873c021431b2b7bef1f7b5bfd3c1c1c5d4d5c5c9e5ddbecb48a8baca44cdc1c845fecdced0cd030be702fe0eeddc040df0d6070cded3060e92aa010dbad4080ebfd20709 pre_us=87691 enc_us=494684 q_us=113 pkt_us=2
[PKT] seq=926 mode=A bytes=260 pkt=010200011ad69f923c2aa7923cde9e943deba7963ee4b39747d3b8960af5a2956f39a2960511fb0809f7240102fa1401fe130a02191112022dd62c02f5390c02ba6112013d2daebb3c0bb6b62af5c0ba2cf9b2bc4608aebc705abfbc5243b9b96b3ebfbfc5ec382dcd06fb2ef7211b2bd1fa2329b312182997f4f82ac1f8152bd4f21927ed165055fd075940030c533d0808423cea0c473db312563dd22e5740aa184439ccef2d20b8262b20cf14181ebd0a291db81f2d1e9517311eb6fb26208f301a1a19e0b2ba1609d4bafdc7d9bd00e7c9bf0fedd4c055d6debf53f9ddbd4f58d0c1e716050cdb41270ff410220ffaf50c0fc70e1810941c290fb42c1910bb52170b pre_us=87694 enc_us=494693 q_us=112 pkt_us=2
[PKT] seq=927 mode=A bytes=260 pkt=0102000100eba08ff3ebab8f14e3a8900af2a59009ffb590ebe3bd90c31eaf8e1e549a8fe71109080f202700221c2b000f1a1f00250529012aee220021472600e0621a003233d2b62526cfb13701c8b32503bfb33d10c2b26949c1b25143b0b0685dbab306e4ed3104efd9330b15f831280cfd312308ea3217fbf23204eb06344feb1031fd065759d4244944d61f4543e51d4943d20c4c44a81f3d44af2a494794174242e4fb0523f9fbf922f20efd2205160f22f4130b23c4f00322f3081724d110152019f6a4b626feb7b50ef1bbb7220ec1b730ffbeb769e2b4b75119c2b56e4fbfb70116240cc51e3411db153b11e40f2c11c10b391296e73311a4323112b05d210d pre_us=87687 enc_us=494688 q_us=113 pkt_us=1
[PKT] seq=928 mode=A bytes=260 pkt=0102000119d4ac913af7c0913fdcbd9326f2b9941feebf953fbfdc94ece0ac935915bd94f51de408030dec00da14f701060ffb011ef2f40218eec901ec3bff01c73af6013c3d9db93a1591b522ef96b8250a99b932fa98b96f318cb9582999b6601199bcc4e93e2ec5f5142fe5db122dbdf91a2baf0f152c9cd9002cb1dd102ec9ce1829f4fb4f56f0dd5e4110ee5c3f05e6523efad6573fb4c35e3fb9095e41ba04573cccf33f21c2344520c832361fd615391fc5273f20963c4e1fc72627219d4b341c1304a7b90c35cbb8ef21d6bcf013c8bd0f09c8bd5338e1bd4d26c9bb5565dabef1feee0cdc36db101118e510e514e90fcf07e7119f1ed010b620e610c744e50b pre_us=87714 enc_us=494686 q_us=112 pkt_us=2
[PKT] seq=929 mode=A bytes=260 pkt=01020001f4dea0924417a69142e6a99419f9b79536fbb4961aedb695fcf6a2946936aa960a18f008f923f500ea0ff9010b04f4010d0bf1022301e2020023f402b941fa012b25a5ba3e1c9eb61f0ba4b922049fbb400da3bb71419dbb5e4aa9b86a33a7beccee422dd904342fd8122f2ccf11362ac92a2f2a944c392ab3202d2cf0ec2c27f0144855eb183841fe20383e0413373def19363db8272f3dbe3c3540b22e323ae8e73420c9f93a20d4eb351edede3e1ebaed421f93bd531eabe13e209321321b20dbafb9fb1db6b9deffb8bd0affbebe2004b9bf66feb5be5e1ab1bd5f5bc0c0e3e4fc0ce509f20ff901f70fe2eefc0fd0e7ff1094b7060fa6fefc10cd2ef30b pre_us=87692 enc_us=494690 q_us=113 pkt_us=1
[PKT] seq=930 mode=A bytes=260 pkt=010200011ff99d8f1b24a48e4413a0902eeaa49008fea590f0e0a88fc215988e525e998f050c0108030e1c00fc291900050b1d0020ed17011dac3000201a1a00d96017002f35b2b6331facb1150eb1b2281eb1b23616adb26a68b9b1564fadaf6b59b4b3d3e42f31f40e09331cf41a320a021631fa1c1432e6eafd32fa0416343ade1c31f0f85d59f3066044fa0b5843fafd5944e80c5a44b8036144b7156647aa0e5043dcf73423da0d3822ed162922d3152d22de003223b10b3822d9f82d24a10a1e2008eea9b62611cdb50409d0b71617ccb733efd0b76cd9d2b658e2dab46a4fc9b6f20c100ce62a251113142311e80c1d11cd1f23129b132a11a61e2212c0601b0d pre_us=87699 enc_us=494685 q_us=113 pkt_us=1
[PKT] seq=931 mode=A bytes=260 pkt=01020001e7f8a691f231ad9019eb9993fdfd9893dae79c9406059a93acdd95920e399993f107fc0803131f0018ff230112d7220104d12101d2f832010b320b01bb5a1301203db1b9322aadb4181fccb72d1cd4b83e42cab8666cd6b83c52b6b54359bdba11ed2c2f1c0bfc3031e90f2e2de7082c1211072d48c8032d08182e2f4dd61c2bebf35b56d7096042e8205940ef0a5b3fe60a6040aeff6240bf295b42b2153f3d09ef3921010c3c210e241520e932181fe31f1f20b72e171ff5f61521d117191c1df5adb83618deb804d2d5bb36d5cdbc40ccd6bc68f4dabc52dad4ba5b52bebdf40e0f0cdd352d10f3452f10d5462b0fcb432811bc402e10b2071a10e0540e0c pre_us=87690 enc_us=494685 q_us=113 pkt_us=2
[PKT] seq=932 mode=A bytes=260 pkt=0102000116d09995533895954811979a3def9d9e36079ca039e89a9f1be9979d7741a3a10814fe0801460301f42a0602e82a020307220a034e14010304220803d14303034005b6bf4005b7bc27f2c0c23105c1c6360ac7c76d11c4c75b1ec8c468f6c7ccb2d83729cb313829bc44272599163121b615262190663121a339202319e5261ce93d4451e527243c052c22370e1f1c3504151e35b91d1b35e9342438f31d1e2fccff1e1db8e9181dc3f0111ab1ce1319b9f3061a93d60d19a2fd081b891d15141ac1b8be0511b0bfe4ebb5c4eaddbac808d5b7ca46b7b1c94ad9b5c75d4ac5cde6de050bdd13ff0ef6fcfc0de5e3010dc907fd0e8dbbf80dac03fc0ede140009 pre_us=87690 enc_us=494692 q_us=113 pkt_us=1
[PKT] seq=933 mode=A bytes=260 pkt=0102000115ab9c9c520a9d9d40f4a7a72eecb0b04ce9b7b74702b6b63fddb3b37b03bbbb2cd70808ec210202f1ee0303e0f10505f5fe06064abb0505e3e60505d31105054b23c8c838e7c6c626c9d0d022d9d9d927dadbdb66e1dcdc58d6d9d967eae5e5a3bd2222b79f2121a7db1a1a98c813139bc8121284b1121298d51313e5aa0b0bdb354a4af2193434070e2d2d130e272706142727b3ff2626e32e2a2aac131e1ebde01919bded1818c2ef1414c1d81111b9e71212a4bd1111a8f9131394ee0a0a2795c5c5eeebc8c8c6c1d0d0c7bcd8d8d2d4dcdc1e9bdcdc27d0d9d9f501e3e3b6f30909deee0c0ce4d80b0be1de0a0ac7e90c0c8cb80a0aa8c50b0bb5d70606 pre_us=87697 enc_us=494681 q_us=113 pkt_us=1
[PKT] seq=934 mode=A bytes=260 pkt=01020001dd05ad8ef739e28df2cdab8ecebeb38de0cec38dec0dd68ca6b89d8b2f76c18bd620f708fe2a3900f4311a0009282d0003143700e33a27001d1f1600eb5c2eff1a4ce1b3131eccaeea09e0aeec15f5ae062ce3ad526addac236ed7aa416dc8ad2fcfcc33150cad362bf5d33534d4c83614f9ad37cfaac537d8adcd3939bac437ecea4d5bf4062f470f1f344706ff2848f80b2c49e6080e48f228374beae62b4807e4fb25e306f024d90edc24edddd225fcd6de25a2a7ac25d0bfd727b5a8e323231795b3251fc2b2f3cfaab3dabeadb3e7c0b2b251d19fb144c79eaf3e1cafb1ede80d0dd42b2812d5341d12cf1b2e12e6292813b9033012a1021313eb2f230f pre_us=87723 enc_us=494689 q_us=112 pkt_us=2
[PKT] seq=935 mode=A bytes=260 pkt=01020001e3d0968ff71aa38f14f69490ebbd9190eded9590f50b9e8f9cf78d8ef25f9a8fea0403080cf33d000ec93400ffbd2a0003d72901e7ac5b000ff72d00c3513c00253ac6b62227c1b1242be0b32413ddb34225d5b26b63ecb24769ddaf6465d1b31dd9213113fef03335f103313d00ff3117fdfd3237b90832f50f0e3431e3ee31f20e5f59df075e44e4135e43e6356243db1e5f44ac035944b71167479c02614209fa222305172622012d05220b380422ed200d23b42f2022f4fbfc24ac2b0f201ff0a2b62202d9b50ac0cfb715becbb741e3d0b76ed1f2b65bc2dab57559e9b7fa171c0cd53a4911ef3f4411e4393c11db254112b2416011a8383e12a360420d pre_us=87689 enc_us=494690 q_us=112 pkt_us=2
[PKT] seq=936 mode=A bytes=260 pkt=010200010bd097983a2f95992bfb9ca04af3a4a653fda3ab554da3a926dd9ea77c44a6ad2af2040805390702f9050703e4070304ef06080440da140405090804e32e0904461dc0c347f7c3c126daccc929e7cdcf2ee2d4d16c03ded15afdd9ce71edddd9b8d12c25c1d62b25a5e6221f9dbb201ba2cd201a86fa141990eb221bc6ca1713ed194a4df6f73438fe0c2f3207012b2e09052a2ec1b9342ef2133031c8ed2427bffc151bb30c0f1bd8e71017b2e51315b0010916921600159c0b0217851f050f2798c0c212d1c1c3cab2c7cad3bed1d0ddbcced23895ded236b1d1d03bfbd7d8bede040adde3090de4e00b0cd4cc090bd9d20a0d92c4120ca5bb110cb1db0607 pre_us=87696 enc_us=494686 q_us=112 pkt_us=2
[PKT] seq=937 mode=A bytes=260 pkt=01020001facfa0910a12b7901de2c59205e4c393f9eaba9306dcd6939ed5a991fe2dbc92ef16f2080d09f70019f7f70117fdf7010bf9fe011ddcd9010efe0501e238fd01332ea4b82c1c95b42bf993b6301196b748129bb76b418db74d309bb4674899b9f8e1412f01f61d3020e71c2e0ff51f2d0e0e1d2d2fd4062e08d7192f3dc0152bf5124d57e4f05542eff65840db085040e3025240a7db5f40b9215943940e583eeaf53121ec1b4221ec1e3b20fe034020e11d3e20b31b4e20021d2a22d03b3a1d1eecaab82f33c1b71c17deba160ed2bb3e10c8bc6c2eddbb66f4c5b97565ddbcfb04f80cda25e810e5f7ee10de07f410d405f2119e10da10b5fef011a649ee0c pre_us=87693 enc_us=494687 q_us=113 pkt_us=1
[PKT] seq=938 mode=A bytes=260 pkt=01020001f5c098910e199e901df39b93efee9f93fdf39d94f2eba893a1ca93921a519693f50100080ff62a001ce621010ff21d0117f015010dad37011dfe1801d9612b013548bcb92a1cc1b42518c7b72824c4b83c28c0b86d69c5b84d61c3b56a57d5baf7d32f2f0927f5301af9122e03250a2c142a072d2eeff22df41a182f4eec022bf6085d56e0f86442e5075f40f1e3613fcdf36340a6fa6640af31654294125b3deef02c21f12c2721fb271e20fd2f291ff3372720bc362e20f01d1821c4450d1c25e7a5b82404cfb80ddfd8bb22f6cabc28eac9bc6bc7e0bc5fb9d9ba735bd8bdfafe080cdf362710e6332910dcff1b0fccfc1311a32a23109d101b10ab5d2d0c pre_us=87717 enc_us=494689 q_us=113 pkt_us=1
[PKT] seq=939 mode=A bytes=260 pkt=01020001f8d29d8fff16af8f00e4a890dcd0b890f0d4b4900c05bc90a2c1a58f0a54a68ff215f008fc1c0800061706000af605010efd0b01ca1917000a160900d7560c002938a5b6231e9cb12c1aa0b31c249ab33f249db26a679fb24466a1b0565da1b4feda3f31120e1f3320f529312d04143118051e314fcf0832e5fd25334ef31530f90a5258df0a4f44e21f4a43e3fa5643c51e5444a50c5a44ad285346a1125142f8e43423fa093b220b10342218093f22f80e3a23bc004222fedc3224db16381f19e9a7b6271fc8b51406c1b70ffbcfb832f8d2b76839d9b758edcbb56e5ccdb70005f70ce5200611f70a0011dcf4fd11d1060a12c0031711abf30912c260080d pre_us=87702 enc_us=494685 q_us=113 pkt_us=1
[PKT] seq=940 mode=A bytes=260 pkt=01020001f4dca28fe6ffa08ff8e19e90f7eda690c601a890a3f2a79094d9928e1359948fde13f308f6201d0005f61d00faf11500e0031001ccb53a00e71115009c672e002f44aab6141daeb11520b9b31426aab31729a7b25271c4b2446db5b03761cdb420de32311c0d0a3319f811310b150e311c0a163214c0eb32d716193438c80331f7f85c59e9165e44e8fd5d43f5f56443f6065e44b8e66844b11a6a47c50c5e42f1ef3f2304172d22fc1b2722dd0f3c22df123b23b32f3e22d5e92524b7250a20260fa6b62509d1b5070ac3b71213c9b7341accb76ae4cdb757cfd8b55b54d2b70206040cd82b2011e60d1911de200b11cc2211129e361a11a82612120e6c300d pre_us=87705 enc_us=494694 q_us=113 pkt_us=1
[PKT] seq=941 mode=A bytes=260 pkt=01020001fcd4958e012aa68d24049b8efaf39b8eeace978ddce19c8da0c38d8c1467938cf114f608012a470019063a001001380015eb370000ca5b001b153700d05f55ff2e3dc1b42c19e1ae1cfbd3af2623ddaf3832e3ad656510ad4763f7ab4a66f2aefbd023330623cf353405fc3417eaec3517f3e3362cb2e036f8e2f53842c0e736f8075a5ae0114546ef215146db1e5147c6255648a5293b48b0384d4baa0e4947f5e81924f90df524f8280624051bfb240b0df825d8f2e7240edfea27f4e8ff2217019eb42911bfb314e0d0b41cdbc0b32cd8c2b369cec7b255dab4b0624accb20203110de5344b12eb2c4c12d23a4a12ce394913b0156312b40e4f13ed635e0e pre_us=87706 enc_us=494689 q_us=112 pkt_us=2
[PKT] seq=942 mode=A bytes=260 pkt=0102000105ca978e0c309d8d10f7988ef5e59d8e04f5928d01059a8d9ec68d8c265f958cf70cfb08071b41001aed310010d93a0012ce2f00efb35d0014fe2b00f55a3dff2c42bfb42317c6ae2521d0af2d24c5ae3f32d6ad6c58dfad466cd2ab5e6acbaefcd626330719ee350df702340413f6351cf1f53638ddf636feee093849d5f636f70c5d5ae0065946f0135b46e1145e47e1086348ae035a48b22f674b98fc6747f2ec2424fb131824fa1b0d2404121b24e4221625b81f1d2405f70927d718172216f9a1b41d05d6b317f0d0b40ecfd2b32becbeb36de0eeb25fc0c7b06651d2b2fe13170de8364b12e81c4512df2a4612d5373f13b33e6112a12f4013b367430f pre_us=87706 enc_us=494688 q_us=112 pkt_us=2
[PKT] seq=943 mode=A bytes=260 pkt=01020001efd8948f0417a38e20db9c8f0ee4968f0bfb978f1505a28ea7dc978d2e5e968dfa0ef7080a0d370013db2d0012e82b0010ee220009e04200081a2300d55d3500242ab8b52e18bcaf2e31c3b12b30ceb04629c0af6861c2af575cb9ad6564ccb0f8d631320ff1f43428fe0a331b08ff330f0d10341ad6ef34f2080e3642cdf934f40a575ae50c5b45f2025e45e80c6045d3096246a90f6246b1345d4999085745f9e91c24f4201f23ec152023f1251223e2252124b6172023e1fd0e25c0180e211de4a2b52f19cfb40fd3d3b524dbc4b53cf1c4b569f8deb466cecfb26c5dc6b4f503090de1384111f3323c12dd343911d20c2e12a6244a12a8053a13be5a410e pre_us=87685 enc_us=494693 q_us=112 pkt_us=2
[PKT] seq=944 mode=A bytes=260 pkt=01020001f7c3a2920923aa9123f3aa940ae6bb9502d2bf96e4dfbf9599bea094203fa795f21bec08042c0700131404011d10fc0116ff000208e6f90219150201b96200013341a3ba2c12a0b51b06a6b9170a9ebb3614a0ba69569dba5453a7b86552aabeebd1432d13151d2f32032d2c0818232a1f1a1f2a1a0a212bee152d2c4def2728f20c4a55e3124b41f601413eef04473dd913483eb30c4a3db4334540a5283a3af1e73020f2113120fb132e1ff4123a1ee10d381faee2401ee0f82920b0392d1b23fba5b92e23ceb90a12c2bd0d09c8be2af5ccbf6a02c7be5fdfbebc6f62c4c003f9ec0ce226000ff40afe0fd6faf70fc5fffe109ef9f80f9cedfb10c94efc0b pre_us=87701 enc_us=494683 q_us=113 pkt_us=1
[PKT] seq=945 mode=A bytes=260 pkt=01020001e9f5a58f0f2eaa8efde8a18fe1f3a48fdaeea38fcd06a88e97b2958df764a38deb0e0808fd193d00fc232900f1173600df134800af065700f9062a00b75640002943c6b52619d3af0c01cab1f711d2b01416d5b05a6009af335ccead4c58e0b00ddf07322005d9341d110b331cf4f43313f5f4341bbbf034f0c9fe3640daea33e9ff585af611474504294345fd1b4645fb373f46c53c0946cc484749bb093145f9e71924d8020b23f10b1223fdfe0e23dc091824a9d7ed23eae00625b3f4ef211effa2b52d22bbb40d01b9b50112bbb51efdcab56303c8b456d0b8b26b4ab7b4ee072a0de42c4c11f70f4212e4005111e2195912c3006812b2e84112d0484c0e pre_us=87697 enc_us=494687 q_us=113 pkt_us=1
[PKT] seq=946 mode=A bytes=260 pkt=01020001d3faa98ded3aca8cefedac8cdad6a68bd106a28bc707b18a96c6968af371bb89ea010008eb203aff00043000f5f63500e8043c00b72a45fff81319ffb9583cff133dc4b21320c2ac0d23d0acfd13c7aa0e39d1a95070eca9306bd7a63f6dc6a90be9e8351708ba3824d6d43830f9dd390de4dd3affb5bf3bdad8e13d1cdace3bfefc585cfb0c3e48001548490426534be007504cb10c364cc026454ebcf9354cfde71626ddfe03250201f226f415f926d40ef027aaebcb27dacbd229aac6e9251df49db22e20b8b0fad7b3b113d1b0af23c9b5ae5907b9ae56c3a5ac6235b5adedf5180de0213912fd0a3813dd263e13c02c4514ac044613a4db2214c0283810 pre_us=87700 enc_us=494690 q_us=113 pkt_us=2
[PKT] seq=947 mode=A bytes=260 pkt=01020001d1f4a68de63bbb8cf6f1948ce9cc9a8cc0f7a08bd2ed988b95a78d8af762968ae8040608e51c4dfff30d3e00f0f75600e7005900a92456ffd70341ffa95356ff123ad5b2100ee6ac040afaac090404ab071500a9486426a92662ffa7396301a90edcde351610b03714e5e23722d0e53907e5da3af9a9ea3ad8d1e23c22ccd53afe00575cf50c3a48012d3b49fd372a4ae032264bac34144bb9463f4eb00f2c4bfdec0726db0ee825edfce025ee01de26d5f6dd27a0e1bf26ccd1d829a1d7da251bf49bb22718bfb1ffc6b3b116b1bab025c1bfaf50f8abae4ec5acac6447b2adeef7250dd7294a12f9115113e9056413b5116214aa0e6a13a0e25014b73c6210 pre_us=87704 enc_us=494687 q_us=112 pkt_us=2
[PKT] seq=948 mode=A bytes=260 pkt=01020001f0f8ad8d0839e28c19dcae8cfbe0ba8bdcc7bb8aefefdf8aa3ae9489316ca989f20c0608012237ff0b1b20000113270007f73cfff40f3dff151f2fffd36550ff2a3dccb12e1eceab14eed3ab15f2e3aa2911e1a86149e8a83f4be0a65959fca805dfe2350d0fa7381de3c7380ddfb03af7e1ae3be4beb23bd3f2c73d44bdbb3cf3fe535de20c3149052d454a01243f4bee293d4cc526174cca434b4fb5f2284cfcf00b26f107f525f119e926e313e227eefeec28adeabd27cdf0d829aceecc261efa9cb22d1db7b00defaeb012f4a7af27c3b2ae63d9a6ad56b3a8ab672ab0acf9001a0de630231301231d13e7182b13d71e3e14af023e139e073215c34d4810 pre_us=87705 enc_us=494691 q_us=112 pkt_us=2
[PKT] seq=949 mode=A bytes=260 pkt=01020001f513ac8cf43ac78b0be7b48b04fbc28af0f9b68aedfdc18999b59c890a6ca688f50b0d08ec2736ff0a102500e52535ffe6072cffaa1a3bffe1f01cffaf4c2cff2131c0b01f2ec4aafa0ad0aa1414cca82315c7a75351d1a72555bda4424ebfa60bf2ec360d01b43917e0cb390df2ba3b17fcbb3df3c1be3dd3d0f23f1fdbd83ef8f45a5df207404a0d19444b0b0d434dfe21474ed3212f4ecb3c4850bf11414ef6ea1527df01f526e102ec27df0bef28c303f12899f1d628d2cbea2a9adbf12716eca3b13117b6af0107aeaf1215b0ae22fbabac5815abac4caea7aa6338abaaf4fc2c0edb2c3713f1122e140b143814de1e3715c0d34214abc62a15b82f2f11 pre_us=87703 enc_us=494680 q_us=113 pkt_us=1
[PKT] seq=950 mode=A bytes=260 pkt=010200010e00d08add19db89ce32ca88c005b087a9e7aa86de45d186b4bc9c86cf5bb38500010708fa1135ffee1d25fff9f231fff7f921fe04463cfe390a20fef74b23fe182cd9ac1335bea61a3cada4244cbca13361c39f3a67b69f245da39d1c569f9d0afab13b24f7b13e35edd84016d9cc432bd9a24530a8ab4533ca01475cfbfa47f4f7466101f23f4e16094850020f5253ea2a5054d9044354020f59570dfa3a56fbeffb2a0deb0229f5e7092bf6d9fb2c07cbfc2d00c3f32d26ba072f12b4fa2d071196ad1f04adab360ea8a93dfb9fa65b009ea55033a3a411e29aa347209aa2fdf51c0ff5f92c1509202c16f3163617d7160617ee183317e0d42618f4fe1e14 pre_us=87698 enc_us=494695 q_us=113 pkt_us=1
[PKT] seq=951 mode=A bytes=260 pkt=01020001fdf4ae8be30fbb8ad11eb689b5ffa588a803ac87eb3bc087abefa287b150998600f41308ee0c33ffd11b25ffde0821ffd91527fff1412ffe030b1bfecb4515fe1624ccae0b30b6a70337a7a62046bca3305bb5a22767a9a122639c9ffd5996a0f7fcdb391cfacf3c3d03f93e2005d24023e9d44222cddd4228e3124540e12544fe025d5ffb02504cf517504ecf205551c0215552ac1e4c52d0f85655cfeb5053fef71a290aee112800f41c2904f6012bf6e7042b00bb102b1dc0292d0eea2b2a0cfda0ae1a02b5ac2b18b1ab471ca1a9602ca2a7323ba8a72ae5a4a54c22a5a501013a0ef8093d14eb163e15de1a3416be013816c3154316cbef3017c5001113 pre_us=87691 enc_us=494683 q_us=113 pkt_us=2
[PKT] seq=952 mode=A bytes=260 pkt=0102000104fab48de20fc38bc130ab8cc9ecac8ba21ca18ac760a98aa6ba9a89c63c9889fffa1108f41034ffcf271a00ec021900d71f1bff013c29ff1bfa11ffe64513ff192ccfb1132eb1ab1a4ba9ab2254a2a93068a5a83069b4a72d6d9da5115f9ea700f8d4361bf9ee381de0083925d40e3a04e60f3c1bcce13c27d42a3e34e9223dfafe5a5d01fc4d490610514ae811534cda114f4dd4f0524df2ef564ff1f34b4dfef418260ded162509e223260cd8212702d319280abe0f2726b52b2a16cf20260affa1b11bfac1b03d14bbb04914b1ae692bacad4e2cadad25c3abab4417adab0001300e01fe401326213014fe022514e2182514e3153c14faba1d15fded0f10 pre_us=87694 enc_us=494685 q_us=112 pkt_us=2
[PKT] seq=953 mode=A bytes=260 pkt=01020001fdeea98dde15a98cc92eb38cb70da28ba4179f8bc448a18aabfa9b89b851988900ee0908ef102fffd2211700e70e2100d01c27ffeb3e26ff001322ffd73715ff1627b8b1113cadab184a9bab2555a5aa2b67a7a8326aaba82866a4a6fa499da8fefd143516f4073837f323381aeb0a3a21dc183b2bc7073b21d3213d39e2203cffff655cfe04554906015249ea14544be00b564cd4f9534ceef8534f09f2544cfdf0432604df3625f5ed3e2601e62327fae62427fac1252706c32a2900ec2c260dfbafb225fad4b04313ceb049febfaf652fb9ae5139b7ad3cdeb8ab3f16b7ac02003c0df9054513fe172e13f3223413d6213b14e7054513f1e53a15ef171c10 pre_us=87687 enc_us=494691 q_us=112 pkt_us=2
[PKT] seq=954 mode=A bytes=260 pkt=010200010fffbb8b0512af89e820bc89c7e7a288ca15a487fd41b887bef49a86b33a968609fb1a08f2132affb13218ffd5151fffc32b29ffce4828fef3220ffedc3719fe1b20c1ad1c2bb1a61e469ea5244da3a22f54a2a12764a2a02667959e0b59969fddf5da3af2f6f43d15fe0a3ff6f50a42fdfefa4307d3ed44e3e12946e4081a45ff00596008ff514df40c524fe6135452de0b5c53be0a5353d1f85756d2e85755ecf21f29daed1328c1ff282ad7f51c2bb6f31a2cc6df1e2ce9bb362ee3db2f2b07f6a4ae1af7b5ab2c29aeab3500a3a85225aea6383eada524d5a5a43dffa9a3faff3f0ff9fd3f14ea283016da0a2116be123716c0373816cdf61e17b6eb1c13 pre_us=87695 enc_us=494688 q_us=113 pkt_us=1
[PKT] seq=955 mode=A bytes=260 pkt=01020001fff2af8c1008a98b3d28a18b260aa08a301b9f8a4208a489dce99689273392880af4f608fa0d19ffeb251700181a19ff052115ffca1e28ff211e14ff0f3a28ff21389fb12d3c9daa29339faa41389ca852329ca75f689ca725689ca4365ca8a6c8002e36d90611391eed2039fb08213bf302283cf5d7073dc7c9233ff9c2283dfbf7645df6fb634ae9055b4bd2115a4cce005c4db417674dd10b5c50d5ef604eefdb5627e5ed4826dd003d27d9f63d28c0053f28c4044728feb53a2aebd726271200abb11cffd0af1614c6af1e0bc1ae3c36b5ac3e02c8ac11dac4aafde9c0aaeef4100efa0b2313021f2214d11e2114cb101c15f0163014b60f1b15db3f3211 pre_us=87700 enc_us=494691 q_us=113 pkt_us=1
[PKT] seq=956 mode=A bytes=260 pkt=010200010df6b38cf913c38afa3ebc8abe17aa89c817a188ef22c688bae4a887db559e8704fe0908fb1831ffd32929ffdb0f2fffdb2725ffdb3d1fff0d0b0fff0d2820fe2024c4af2030b4a91917ada83537ada54b41bba4355faea326619ea1132ca7a3d7fcd538fefed53b3704f53c11fe023e150dde4014cccb40e9c40f421bde0341fe055b5ff70b484bf50a444de3204b4fd0164d50b6214550d8014e530bfd4251e7f11b28f2f00a27c2020928ceef1229b50bff2ac5dbf62ae5c5162cd3da05290b01a0af2403b6ad370db1ad49f5b8ab623fa7a93e31a0a92cdd9fa73cf4a3a7f9fa2b0eef123914d4193715cd033b15b0152e15b7182715b9ec1516d0ef1412 pre_us=87690 enc_us=494693 q_us=113 pkt_us=2
[PKT] seq=957 mode=A bytes=260 pkt=01020001fef4d98acb1fef89d82fcb88b11ba887a924bd87d349cb86a3d1aa86a935a985fff41707eb0d40fedc1f2c00d61b26fed61842fcf3424002041b3100e12e19fe142bdaab093fc2a40b46aaa3175aa6a02069ba9d1069bb9f005fa79ee34e969d06f0cb3c31fee3424bf21a422ff203443af2f24b3bb4274a24fc1a473d161f47ffff435ff9f92f4afa01454ee1074d52d6fa3d50e1d748500bdd54551ce8525400f3052918e10e280ae633290de1222c0fcd2b2e0cb6412612b5282d0ac1422d0a019ead2402b5aa2a12b7a84401aaa65026b9a4262fa7a20bf5aba20225a5a200fb270bebfd220ff9121610ee231113db1ef90fe3f4040cfcac2b15f3ec1f10 pre_us=87694 enc_us=494688 q_us=113 pkt_us=1
[PKT] seq=958 mode=A bytes=260 pkt=0102000100eef28aeb15d588db2fcb87ce06c186b939b585be4fb385c1cea385ba17b28400f31907f50f35ffeb0b37ffe6112ffeee0d35fe05282afe0f0915fe0af51dfd1730dea80839baa30a3caaa10d54a49e1368bd9c176daf9b084d999afd45909afef0b83f1bf8c24100fad34316e7da47f1ffb649f5ebcb4936150d4bfe10de4cff003161f9f6484ffbfd5553ed055256d0f15258cfce5957eb0b645aebf5695afdeff12b16e90b291de4172c1dcc172f15c0072f1dba0f2f38d8323138c9442f0dfa9aab1b0fa7a72a19afa63203a4a34d259ca1433299a11c2c999f154aa39e04f5220b06f531142b10411711003918e20d3c18f5d0261701c41e19fbf71315 pre_us=87693 enc_us=494682 q_us=113 pkt_us=8
[PKT] seq=959 mode=A bytes=260 pkt=01020001ffef1a8bdc06ef88c53af386ba18c685b02fcb84cc59e584a4efa983af37ba8304ef24fdf00b3e02dc174400e7143cfee61049fa01344dfe1c081b01010d2bfa141fdf9e0d37e09a1c4ac8992359ba953069cc93355fe5912d5ea794144a9391f1f6ef4d1cf5ff4b36f8d84f2fe8ee4f33e2ba572fce2958260321544206045801081e5c01fc3a4a0f013951f00a4c57df044356e5dd3552f1df595a1bfa5e5cfef8e43510e8f72e02d8fc310fdcfd380fc8ec3705cde73a23bd263310cb3d3909f1b3a71b07b5a04011b19d4b049d9b611eaa994b25ad97380395974336a59602040a0cfefa19050f0d220c0711240de6141e10ecef1c04efb8010f0bec020d pre_us=87685 enc_us=494689 q_us=113 pkt_us=2
[PKT] seq=960 mode=A bytes=260 pkt=01020001f4efbd8bd612bb8ae541b58ac41f9b88bc35a488cc5aa587a7df9c87be41a98601ef1708f01229ffda2228ffe6132bfff12127fff5491dff19130dffe52012fe162fceae0e3bb0a80f49a4a61c57b2a4295ba7a23066a7a2265d9ea0f65094a1fcf5d43922fae23c3df9f93d24eef0402bedf14134c2e64229fb144441070b43fd04545ff8014e4cfcfc564ee8005950ccfe5b52cae25852e8ea5a5408f25c5302ec112910e31627fbe02a2906eb0d2a0add1d2b0cc5122b22bb272d11ca452a11f5a1af260ab1ac2d1fb6ac3deca8a95321afa8462ea2a72af79ba62238b2a5fffe3f0ef2f73b14f8124315e81b3816ce0c3f16d7042f15e6b71d17f0ea2813 pre_us=87691 enc_us=494688 q_us=112 pkt_us=2
[PKT] seq=961 mode=A bytes=260 pkt=01020001f3f30c94da11ea8bdf40de89ce11ce87c327c787dd540686a6b29785c653a38400ea25f4f3142704e2232a01f1123001ea253200f5441ffe25091503fd2e19fe172ff1970f38dd980f42b598214ebc95275dc7922e5eb4912c609b94fe3e9494f6f3fc4e1cf6f84243f8f84929f9014d2dfaee503fd00f512fd73e4d570f17530002235cf5fb3e4df9f94353e4073d58c2054258bcf52756e215565cf8fb4a5cfef0eb460eedf3350bea0d370be4f83b13e7fa3d07d0f8402dc82d3728c9333712f0dbab2604c0a42d1abda239fbb39f4528b09e3e29b19c26c99d9b291aab9afe041810f0fc1f01f219230ae911220ccf211b0cc413ef07ddd0fe10e1effe11 pre_us=87685 enc_us=494683 q_us=113 pkt_us=1
[PKT] seq=962 mode=A bytes=260 pkt=01020001ffffcb8cdc15c58acf1fae8aaed9a389a0ec9b88e748b388aec79887a142958704f22208f70e31ffcf1f2affe2f623ffce0f2cffe73e33ff17ff0affdb290efe141eccaf0927b3a81140aaa72951ada53369b6a423669fa32e5997a1346196a3fcfed33824fdec3b40e8fa3c26f2fe3e21eee84044c8f3401fd92e4234ff2e41ff014f5ffbfb4a4bf713594de026594fcd166150befb6150df045c53d50a5251fef311280cef11270300252807e11b2900f0162a05dc2f2a17d3382c05c033290afaa9af1c03bbad3416c1ad4c09aaab6624a7a94c41bba93ce9aba7682caaa7fe05440eebfd4514fc2e3f15ecf83115dd133915d8103f15d7d81216caec0c12 pre_us=87702 enc_us=494694 q_us=113 pkt_us=2
[PKT] seq=963 mode=A bytes=260 pkt=0102000106f8bb8ef10ab48dfd0aab8dda04a68dce1ea68ce703aa8cb1e9a28bd93f9e8b0503dd08000bf800f516f700080df900f61ef500012bfb001618fc00dd30f9ff1b2092b3202c91ad2b2e95ae3a3594ad595892ac576691ab296493a9576a95acf2f83b3405fe2a362bfc35361ff13837220c3b381edc3038ffe5343a48cd3b38fefe595bf6035247db174b47d7104a48aa034d499d175349c9094f4c9f1c4949f7f0542500e94924fd044624effb4125eafd452600de462518c24627f4cb40230bfcaeb32001c1b22c1eb8b34a05b4b2652aaeb14922bfb040dabaaf6a2ab4b0fffdfb0df601f612e318f812c408f512b709e813c7fdf113bf0bfc14b823f30f pre_us=87687 enc_us=494693 q_us=112 pkt_us=2
[PKT] seq=964 mode=A bytes=260 pkt=0102000118f8ce8bf00edd8adb1ec089c503a488b7fead87c33ab787c2ffa786a663a28609021008f6073dffce2a34ffd32229ffd0133affe4232efe03171dfeb83916fe2225d5ad0e35b6a70d43b4a60b62b3a30574afa1fd67a1a1095c979fef7096a0e9ebbd39fffbcc3cf2e9e53ed8dc0641d8bedd42f9dfef4304fd1c45fde41244f80148600500414de8084a4fe3f45151cfe45b52cedb5b52ebef5855dfef5354e9f8fc2904e510281de8092917c4072b09b8172b0ec61e2b0ec9352d1fa7372bff079aae0af9b1ac1be8c2ab2ce0afa94c08aca74633b0a6360eaba54a1eaca4f5fe270f040d3e141f21421616fb3f1608e43e1608cc3b16f8b5361720f32b13 pre_us=87695 enc_us=494691 q_us=112 pkt_us=2
[PKT] seq=965 mode=A bytes=260 pkt=0102000107f6ed8de107ed8ce031b989c42db888b442a487d031d58cb5c7b784c04ed383020223ed04092fffee292100e4283100da2723f60f252af5250c1e07d61734f80a18f0931123d88f033bd08ffd4fdf8b1570ef8822661586255cc68a0d76a78b11f7e6581f00034931df15531cdd045621e5066232ed2c552402de53500bbb630106255e05093654fc004058edfe3b5fd4dc2c5bccc93460e4e55c67dad5585f04f6e8451be6064527daf84720ceee4d1dabda5226c1d45f34c21345329f2645ff04c79d0d02d3a21d0bd19d2d12c99a522fd3933d30ee9a372694965564d19103fbfdfd0afa200020fd110a0afa310501e2eef2e8bb33fae89825020acdf706 pre_us=87691 enc_us=494681 q_us=113 pkt_us=1
[PKT] seq=966 mode=A bytes=260 pkt=0102000109f6ee8ae1010c86da28fa85cfebbf84b90ede83d222e983bfc2d783c246c68201fb23f808034807dd153ffff71a32fce01f37fa030e31fb23fe41fcd20b6dfd0717f299061dd09a0d4ebb971350bc921c6bc6900e67cb8f215ee18f1175cc8f06f2e55220f5084a30f8f5500df2d0570df2c15b291cd35e2c03c45e4d08c45bfb06355c05063d4df0013156e8ef4a5bcee23d59c9dc3857e2e54c5acfd35e6109fddc3a1ded002b35c40c3526caf9392cb6eb3a33b8e73838d0f03a4da7353afe07aca20a08b19d1908ad9d230a9b98431d93953c4c90932c409192244fc1920805f80801fa3b0726f3281310bc0f1418c7f509eacde808e4b611091eea600c pre_us=87699 enc_us=494695 q_us=113 pkt_us=2
[PKT] seq=967 mode=A bytes=260 pkt=0102000105f3b88ddff8ac8dc013ad8dadefa78cb111af8cdb2eb78caaefae8bc65aa38a0108df08f70ffa00db1afa00df1bf800dc16f400ef31f5ff18f9f400b450f9ff152593b30c3892ad0e4394ad2a5793ac306191ab37698fab336e8ea92b7191ab07ef393415f32e3636f934361bf53c3722f839382fd92a3809dd333b57cb3438fefd5b5bf5074f47ee0b4c48c7164a49b7184d4aaf16534acdf0534cc2e54f49fcf054250ae2452406f2452509e84425f9dd4c260ac84e2622b54d28ffd7462406fcafb314eabdb23e19b9b24110b3b16140b6b04137c5b042ebbaae6738b8afff00fc0dea08f612dc22f813d70ff313bc0af313dc22fc13d2f5f514da16ef0f pre_us=87689 enc_us=494684 q_us=113 pkt_us=1
[PKT] seq=968 mode=A bytes=260 pkt=010200010a07ac8de30fb08bce0fa18cc7ea9e8baa1b9a8ad422b18abe00a089b23a9589f7061008ff0a31ffd61f0e00e01e1500cf2c16ff06303fff220824ffb3331cff181eb9b10e21adab1544a9ab2749a1a93e5caea83c6db9a72d66a2a52e6ca3a70cfb0736190a073846f319393cef1f3a2ffa063c35dbe43c04d8193e5ec5183dfd01625df7154d49ec224a4ad325514cbc1c4f4da411494dc0ff5950d212544dfaf7392605e430260be22b2600f52627f1e9162806c30a2826b9312a07dc1f260a0cb0b115eaceb0361ab6b03d1ab4ae622aa5ad451cb1ac2aeeb8ab6810b3ab0409440ee5084c13f2212414d4102214bd1d2114b6184814c4e13815de012410 pre_us=87693 enc_us=494688 q_us=113 pkt_us=1
[PKT] seq=969 mode=A bytes=260 pkt=010200011affac8c0813a78be3069e8bdceaa78afd0b9d89effd9c89b8b99b88e63a9187f4060108051a27ffff2010ffef081fffdf3d1cffe24c2bfffa1610ffcd4507fe1c20aab01919a3a93340a2a94d449ba75a5ca0a54b5fa6a52d6b96a33e6097a4f3fa1c37fa040c3aea0b1d3b0406153d09fc173efee61b3fd0ee32411ccf3440fdfd635ef412574ae40e554cd7185e4ead225c4fb031524fc9185651b9195250e9f54627f7f03226e5f63027d4033a29cf073129e7e33029f9ad3e2bcce83728040daeb012f5d0ae3e12b6ae5207c9ac5937bcab3e2cbaaa2ec3b7a86723aca90804320ef60b3f13d6191b14d50a2d15c8252f15de244514db0f2016ba320111 pre_us=87699 enc_us=494691 q_us=113 pkt_us=2
[PKT] seq=970 mode=A bytes=260 pkt=010200010bfda68bee0ba589e323a289c6069d88bdfb9787dc169b87bde89e86d1559d86feea1b08f80f31ffc7321cffd02917ffc11615ffe33e2cfefe1623fead4516fe1118b9ad0e28aaa71d339ca5223999a245639fa12b699fa0296c979e1c6a929fe8050b3af9f70e3d1309253ff411224112e01443fbc91244d9e01f462d0e2645050366600602574df913554ff1255652c8185d53bd166053d4005d55bcf55855ebf24229f9e83628c9ff372ad0e9362bcbe0312cddcd312cefb93f2ed0cd432b03f6b1ae11f8d6ac3314beab2d23b2a85a2ba6a64235b7a63603b3a45543b7a4010d4e0ffdfa4f14e2193516dc063416cbfe2c16c7144b16d2e64417b6fe2f13 pre_us=87696 enc_us=494690 q_us=112 pkt_us=2
[PKT] seq=971 mode=A bytes=260 pkt=0102000101f6bb8ada0eb988bf1dad88b527a286b73ba886cc4bb185c00eab85ba5fb08503fb1a08f40634ffeb0e22ffe61e25ffe42524fe042f36fe18052bfec32c28fd0f1dc5ab0f2ea9a4254a9ca2225aa29f356aa59d3d6ea59d23689c9b2470969bfeefd13c1c03e63f23fc184220ebfa4527cfde471ed3d8482006014a501bef4a080657620503564f0efc585200055955e3075a56e2d75c56dedf605910006058faf50e2b0ce8212904d5362cfdd8212efebe1e2eedbc192e1ab23330fda44e2e0af89eac1dfbb3a934f2bda84f1aa5a55f2e9da3503ca5a2332ea0a15555afa002f83b0ffaf744150ff54317f4103b18e4063618e1de4517dbbb43191de94615 pre_us=87700 enc_us=494696 q_us=113 pkt_us=2
[PKT] seq=972 mode=A bytes=260 pkt=01020001fdf7a78aed0f9e89d01da488c0079a87c32e9a86e52e9f86db119f85c172958505ec2708fd0c30ffe21628ffe21a2cffde262efe042d26fe26212ffed53c29fd1322bbac152eaea51e449da32455a2a038679d9f41709a9e2968969c1971969dedf6123b0b000d3e25f9114103e508440cda10460fba054611dd0f4857ff1048050c60610203584e00f35b51e5085f54c4096155bdf76855d1df6757f5dc6457f7ed3f2af9e22f29f1e5342bf1e72d2dd9d73c2deaba432d0fb6462fffa7402d0bf0b3ad1cf8c9aa2f00bfa93d17b1a6591fb3a43c3db7a31d1dbaa2551fbba1fb0b590ff2fb4b15edfe4517db064a17b6174b17ce044217cbd04e18cf054614 pre_us=87695 enc_us=494691 q_us=113 pkt_us=2
[PKT] seq=973 mode=A bytes=260 pkt=01020001140d938ff53b8d8fe0348f90ba138f90a82b8f90ed5c8c90b5e38a8ead5d8a8f032bfe08eb3b0700bc4d0700cd330800b9460801d1640500013d0300cb5606001d0cb1b61132b1b11a4bb1b32352b0b3346bb0b2266ab0b22460b0af2a6ab2b3e0fa3f3105213f330bf83e31f8f93e31fdf040321ece4332e8f04534031f4331fc1b4459ff172a4406292943ec2b2b43d4282c44c7fe2644e40c2a47d8022342e3d61c23e2cd0e22cad21322e1ca1522cbc61323c7b60c22f7b80724d1ad032004c3afb617d5a7b531f1a9b743d4a9b767feaab7481ba5b62ac0a1b562f69eb7f7ed060ceb06ff11fb1c0111e70b0011c60e0312cd04fb11dfc5f912bad8ee0d pre_us=87689 enc_us=494687 q_us=112 pkt_us=2
[PKT] seq=974 mode=A bytes=260 pkt=010200010c049b901417968f2dec99913cef9591340d9392350f9a91ecb690903dcc90900722f908fd340400e83d0301fa3a030109480101b84c0301bf3d0601b36002002511a8b73630a8b2452aa7b4501cacb5663aaeb46257a6b43853acb26156b2b6d0034130cf1c3a32c624373002f1352fbef53c30e00e3730a0073b32a2d7372efb164758f0233143e4433442e0423442c32b3142bb2a3842ce3e3645ad473440e7d82f22e2e12822d2f02b21b9f92321aee42122bbe12d21edd51d23b7f81b1e0dcbb6b719fcafb60dfeb2b93cf0b2b94905aeb9410bbab9febbaeb73800b1b9f6e60b0cea180210f52e0411d8190310bd1fff11f0fe041001fc0111e132fe0d pre_us=87690 enc_us=494694 q_us=112 pkt_us=2
[PKT] seq=975 mode=A bytes=260 pkt=01020001090594941ffc9294501298993cea9c9c4cd69e9e51e29d9dded79b9b5e209e9e0a0d0608fb350401ff2b02021125020231130303d41a0303e3190303cd46020227f9bbbe36fabbba3fcebfc052dfc3c36516c3c46416c3c43314c1c16906c8c9c5cc2e2ad1c62d2be2ba2726adca2323a9ed2423edb92323a5d32525b9c11f1ffd1b5052fa233a3df5233739dd283637c3173637ed3f3637d9373a3ab53b3232e7f1191ecffa191eaa0e1b1bab061a1a9bf01b1b930b1a1acff31c1c8e3116160da4bcbd1abebabd26d9c1c22cbfc5c637b5c7c762c5c6c73bb6c4c55d31cacaee15060bea260b0ee2150b0eba0d0d0d9a330e0fd11e0d0ed8210e0eb13a0909 pre_us=87701 enc_us=494684 q_us=113 pkt_us=2
[PKT] seq=976 mode=A bytes=260 pkt=01020001fff4b18b0a17be891508b689f9f0a088f81a9a87fb15b087dbf3b486233f9e8607f70e08011231fff42121fff02228ff022725fff4453efe10322ffee84c29fe1826bead271fb9a73520b3a54c3eaea35d40c3a15f67c9a12e5fa59f4a52b19fd7fbdb3aeb04c03d0905f43e14ebf941060fbf43f2e7bc43cae5fa4534bbef4501035f60ff0b494df32e3d4fdf235252b8215653a5363653d11b4655bd194354f0ec2529e8f10528e9ee022ad904112bc504f72cd6cbe82bf5c3142ed4dcf22b0df4a4ae1e00b3ac23f0a4ab4f0aa8a85e2aa2a6522ca1a621efa3a44e0aa0a4f8fd300ff20d3a14fc183116dc1f3a16b7123016c6034216d60b3917cc312413 pre_us=87699 enc_us=494688 q_us=113 pkt_us=2
[PKT] seq=977 mode=A bytes=260 pkt=01020001fd06aa911e189d9042ff979250ed969353099b9324389992e404979142dc95920a17e908f62a0200fe370601182a000111340301e7230301ea490401d55a000121149db83719a3b34a0baeb65910afb76422acb76729abb6373eaab45e4ab2b9c50a442fc8ff2c30c80e352ecef5372dc5ea322ee410352eb8e03230d6dd332cfc094957fa213d42ed2b3640dd283740cc0e3b41e10f3940e1353d43b43f363eebda4621d4ef3421c2092120a5fc22209aed2c219cf92920dae82922ac05201d12e3b5b811e7beb707e2b5ba36d7b5bb42e1babb6cd6b9bb24e5b8b94812b6bceae30c0ced160210e2200310bc190110b2320611c0020010d8290311c750fe0c pre_us=87690 enc_us=494690 q_us=113 pkt_us=2
[PKT] seq=978 mode=A bytes=260 pkt=010200011af3b68f190fa88effef9b8f19e39a8f452f988e1c2c998ed0fe978d2621938dfc12e608fc180000ee2a0100f7210100dd370000c33bfe00d5280400ca4e02ff272d96b5222198af3f17a1b05512a1b06037a1af54519daf2d579cac4c5fa4b0dcf43d32d4122c34c9de3633da133533e2ee3a34dd093f35a9f53837d2c33934fb08555afb154846f63f4345de3d4346c6113f46cb1a3d46d9304349c92f3d45e4e14f24e2f24123d4053223bf0e36239bef3524b3da3724eac73726a7e82d2105f3b4b507fabeb43eebb7b548e8b8b54e08b2b4531ab2b426dbb3b2601ab0b300fe060df526fe11e90c0012d6ff0511c30b0112ecf1fb12e6050413c648fc0e pre_us=87693 enc_us=494688 q_us=112 pkt_us=2
[PKT] seq=979 mode=A bytes=260 pkt=010200010900a98f141a9f8e20099e8f05fc9d8f1f24a38f0902a48ef8f5a08d3c1f978d0f18de08ff26fa00f722fd00f725f9000438fa00f244f5001e2af800ee3eff00201e98b5322d9bb0402f9db1553b9db1663d9ab05f5d98b01e3f98ad48429fb1d7064a32e50837340e03343314073c33f4173634ef093b34ecf9343630b63833fb104959f9133b45e5243d45d4273c45ac203f46ac2c3e46d9244449d5123e45ead34e23dfe14023d9f23a23cff53b23b6093f24cfe5402301d54525cbec302110ecabb521ffb1b42bf0b6b65508b2b55731b5b54d2cb5b40a00b6b32a06b2b4ede3070dee06fa11ea16f911d20ff611b318f712c611f511dd1aff12e60ff50e pre_us=87695 enc_us=494692 q_us=112 pkt_us=2
[PKT] seq=980 mode=A bytes=260 pkt=010200011204bc8d0a00b08c2e12aa8c0305a88b1dffa58a3e0bad8af1dc9e892156958906fef008030a02ffe81ffd000d06f600e517fcffc130f3fff024fdfff348fdff1a1b98b12f2893ab362b94ab493292a9614b91a853658ea8236290a6386394a8def93136c7ff2b3809123038db11373adaef393bece73a3cc5be393edfc6413c00f9605d01015549e31d4f4ae020514bd223514cb51c514ce114514fdde44b4cecf35726d9ee4825ce074726c8f14b27acfb4628c4d75127fcc84929ccc13e260104b7b11cfec7b02819bcb0461eb6af5d26b5ae3e31b7ad0ee0b2ab3801acacfe070f0df1040313eb24ff13c013f814c413fa14f70afa14ed0cfa15d61ff110 pre_us=87696 enc_us=494686 q_us=113 pkt_us=2
[PKT] seq=981 mode=A bytes=260 pkt=0102000102f8ac8cdf18c38bbc12c08bb12ba58aa931a78aba33bf89db14a688b159998806070308f70638ffcb342900e33120ffcd312eff003834ff272311ffd4321dfe1b29bdb01438b9aa1d40b6aa1e4cbea8466ac5a73b6cc0a62a549fa42b57a5a6eeeae43618f5d83937f4ef3a2deae33c27deca3d1dc3c03d2cd5153f42f00e3efb025e5d0203454a041c404bec1f3f4dd5183f4ecf15344ee3024b5000f7464efaed2527fee9ff26fa02022704e6f328f1e5e62907c2e4281eda1f2afcd912270a05a4b125ddbaaf481bb9af5b14a7ad6f2ea6ac5a31a4ab2312a5aa5efeacaafbf6220ef1143d130d2a3514f50c2814de202e15dd033714ebeb2315ee031911 pre_us=87703 enc_us=494685 q_us=112 pkt_us=2
[PKT] seq=982 mode=A bytes=260 pkt=010200010ffab98e0513a68d071a9e8ed4fc988de4069d8df9f6a18ce8de9a8b151c948b0802000810110c00e8340a00f82e0300f01f0800ed4a110018330300d64201ff22299eb3252f9dae2724a1ae363a9fad60549dac56699eac1d5799aa31599cadd6f02a34eeff20361ee72d35f0f43b361eed3437fecb2a37ded737391faf3a37fc03615bf10e4f47db264a47c91e4448a9314849a52a4a49d6144c4cd80e4948eced5425ece83d24e5033524e0e93625ceeb3826e2d7352504ca3d27c9df342307f6c4b324e5cab23702c0b33ef7afb26515b7b24125beb111dab4af40ffafb0f906230de41d1512df270f12bd0cff12b90c0913cc0a1112e11e0013d234f10f pre_us=87694 enc_us=494693 q_us=113 pkt_us=1
[PKT] seq=983 mode=A bytes=260 pkt=0102000100f8a68cdf18b28bd418a78bc4fea48ab603a789c60eb789c7eca788c8549d8801fb1e08ff0d40ffde2d1500f80012ffe60a31ffed382eff0b2e1fffca3f15fe172dc5b01531aeaa1933a3aa2844a0a8455fada63471a5a6166a9ba40d6e98a5f9e501371b05fd3941fa1c3a2ae90d3c30d5ed3d1ecbf73e20cd204049be213efafd625df106514adf23524bcf20584db21d574ea520544ecf045551dbea524e01f4302712e2322616062f2712ea2f2809ed142925c2242837c03d2a1cbd32270902acb11aedd4af3b15ceaf4115baad661ebcac3d30baab10f7bba94117b8aafffb490eed135213e9382d14deff2b14c6034415d2154814e60b3e15dc182011 pre_us=87691 enc_us=494688 q_us=113 pkt_us=2
[PKT] seq=984 mode=A bytes=260 pkt=01020001fffdba8cdd11ca8bc606b98bace2af8aa9f5a089ef3ed989acc79c889f42a38805f51608f70e32ffc62a1100d61810ffce2d1effe14c28ff10120dffc24c24fe1623c8b00d2bb6aa083fa0a91d56aaa72a5dc0a62364aca6305f9ea42360aba5fbfcd13725fad13951f8233a3bf4033c2df4d13d3bd5c53e13d71f403f01003ffafa5b5efa01464aec23474bd11b4a4dc229584eb41d424ed3ff5051c5f73d4f01f71d270eef0a260af92b270ae91b28fd040129fac801281ad21f2b0beafb270afaa7b01efdbdaf3316b3af441fa2ad5f2fa7ab3f45aaab2ed7a6a9621aa3a9fc03350eec023f13ee1e2714e40c0e14cc301f15cd2c3414d5ed0c15bdee1c11 pre_us=87704 enc_us=494694 q_us=113 pkt_us=2
[PKT] seq=985 mode=A bytes=260 pkt=0102000101faa490de189d90c91d9b92b6179692aa2f9a92c2379b92b1dd9390aa4594910128e808ff28ff00d1330301d32a0101d0410201e24c00011c120201b460010025219eb8162aa0b31e35a7b5384facb6375ba9b53a6aa6b52965a8b3306baeb7e8eb452f1317343125072f2f15e73c2e2bf1372f2ac9382f12d1393152d1382df5134a57fa163b43f02d3841df233141cb263542cb163441f0173b44f802333ff2e64022fadd3321eaf82f20dfe22420daeb2921f0d62d2107be2222caeb1e1e07f8aeb723e9b8b743febbb95afbb4ba6c2bb6ba5730b2ba37b4b0b86e1ab3baf403fd0ce31bfb10e81c0310ebf70010b60a0311df11fa10df12fa11ce3efa0c pre_us=87692 enc_us=494685 q_us=112 pkt_us=2
[PKT] seq=986 mode=A bytes=260 pkt=0102000107f1b18bde10bc8abb12ac89a810af88ac23b087c33bd587a5d3a3879061a286f5081908fa1431ffe31727ffd12227ffcb2c20fff33632fe25021dfeaa452bfe1722ccae0a36b1a7224cb8a61855b3a33e69b1a2306baca22e66a0a02e74a7a00be5d6391ef9d23c1f01e33e1de7d24023e0c3422ccdbd4221ef074452f4eb44050a5a5f07074c4cfe0f4a4e05085051d90f5452e0133952def4555409f04e53f4f5102907e41228f6eafe29f2f0012bf9d9002b03bdf82b1db3232de5b0072a0c0ca1ae1afdb3ac41f9a8ac5414a4a9682da3a7563ea5a73bf1a2a56f28a2a508003b0ef7103a14071d2f15f71e3116eb072a16eb043916dab82f1705f33013 pre_us=87701 enc_us=494688 q_us=112 pkt_us=2
[PKT] seq=987 mode=A bytes=260 pkt=01020001fef8a990db199d8fc7fe9691c2fea091c7399f91ea459c90afd3988fe2499790ed23e10801280100dc290200fb14fd01fe2c0101d64601010b270000c552000027249bb70b1d9fb2261fabb42c2ea1b45755a1b4585da1b32c6aa1b15266a6b5faf84630190b2f3240fd393031ef34302a0439301f033831d8f43e3233e6352ffc144958f8213e44ee393342d6303a42b60f3a43a6143843cc143a46b6133641f7e049220de43822fdfa2821e4f43821c8de3422c9e53221f2b12f23a2e9281f0df9aeb61ce5bcb637e6b1b853fdb9b96c18b7b85e36b4b837cdafb66c26b1b80bfc050cde1a0110e709ff11bdf8fd10aa00fe12c2fcf911bbfdf911a241f60d pre_us=87690 enc_us=494693 q_us=113 pkt_us=2
[PKT] seq=988 mode=A bytes=260 pkt=010200012bfcac8f1812a58ef7179d901dfc9d901429a08f3a22b08fc5ae9c8e47ee978eeb14ef080e210900ff26070010170400111f0800f2230f0017170500145303002f309eb61f1e9db03914a5b25123a4b2652aa1b1603c9cb12b539eae5c56a5b2f5f43a31ea101f33f9122e3211e53332f419303314eb2333ccf0363514d23032f4f95559e6134e45e31d4544cc2b4444bff84645b2ff4f45e6274748a12e4443d0ec4823f4f63823e0fa3222c7f73422b10a3423c9003e2308ca3325b2ee2b200808adb507f5c9b539fbbdb640f6bab65b0ab8b63b0fcdb511c1b9b44df7b6b60100040de5290611d3120b11c6030811aa010012ded71811c1fefd129b56fd0e pre_us=87688 enc_us=494692 q_us=112 pkt_us=2
[PKT] seq=989 mode=A bytes=260 pkt=0102000100e4b48de20ab08cc615a48cb204a38baa1ba08bc53e9f8aafd89e8aae5e9589fefffc08f90d0effd91e0200e4210900d90f0600fc3618ff230809ffc74406ff1d2b9eb2093696ac174899ac274f98aa456898a938729ba9316a96a6296b97a900ee2f3512fe203833e727382de2273925eb2b3a1fbb1e3b11e62d3d52f1363b01fe645cfe035a4901104f49f50d534bcb0b534cd0ed5e4cd8f65a4eeee34e4cfaee57260ce64d2503f04226fae83f26f6c84327f7c0442724b1452906c43b250f09b8b218fbd0b03f13bcb14c13b9af671fb3ae5f2eb7ae3aecbbac6413b0ad05f41b0df50b191205190513f5120a13e10a0814ddf91c13e3b31115edeafd10 pre_us=87700 enc_us=494687 q_us=113 pkt_us=1
[PKT] seq=990 mode=A bytes=260 pkt=010200010601b48be713d189c5f1a989bdf7ad87b309a587d32bd986a8cea6869e5da185f2061608fe0b3effe4fa22ffe2303dffd32c27feea3e39fe28f91cfec14d27fe151dd4ad0916b0a62b50d1a40f48c0a23865c6a0306ba9a02d5f9c9e206baf9e02eecb3a250bd73d2ff4c93f24d8cf4226edb1442abfb24522eb0c4752fecb4607fd5860010e454de6154c50e51d4753bf235254b8224954dc025a56dbf04355f3ff0c2a0bf41628ffe6f12af7f1e32cf4edf32c04c4052c23c0232e08c4ed2c0a139ead16ffbaab3deaa8aa3d1ea2a7613699a54d43a8a541e9a3a367189fa307063a0ff00d4615f5fb3216d5074a17c7223317d91a4116d9c83118ceec2214 pre_us=87696 enc_us=494690 q_us=113 pkt_us=1
[PKT] seq=991 mode=A bytes=260 pkt=010200010df4b08cdf0eaf8bea14a78cc504b38ba419b28ad12eb88ab5dbab89ac539f88f9ffff08000712ffdd2a0700c4080a00ca1a04fff22209ff1bfa06ffb84701ff182da1b1033297ab0a3699aa234993a92c6b90a72c7590a70f6c90a5f07690a704f32e361209143937e42a39270b1f3bfded293c1ed6133c08cd283f3fd4303d01ee665d00fc6049f815524ae30d5b4cbc09594dc0f2604df3e65e50eecb554df3f4562601e24f260dfc4326f0f54d2704c45428ffaa592829af552a0ab04c26080eb0b10ffcd4af201cbfb0483dc4ae5a31c1ad4d45c7ac1b0fbaaa4113b8ab05f9170ee4031e130d270d14f2190c14dbf40a14e0ff0f14f7c30a15d403fd10 pre_us=87690 enc_us=494688 q_us=112 pkt_us=2
[PKT] seq=992 mode=A bytes=260 pkt=01020001feeeaa8cdf16b58ac722b28abc13a089a41aa089e636be88a7e89e88a262a187ff020908f61424ffcc2323ffcd2d29ffbf2c25ffe84033ff1f0215ffba4515fe1329b7af0428a9a9053aa6a81552afa63565b2a52069aea42d68a0a20a7097a3fde6f2381e02f23a4400013b1ae6f73d36ede33f3ac0e53f13e019425aea1240fe01635efc08524bf4114f4cdc19534fd2125750bf0e4b50d5ec5952dce1575000f42d280dec1a2705fb2128f9ec1629efe9102a02c50a291bb1342b0bc1372809ffa8b019fcbaae330dbaae3c1eb2ab6732a8aa4434a7a936f1a9a85e32b4a802f9290eed0f3414f11f3715f30d3b15d41d3615d6094715d1bc3c16c6ea2d12 pre_us=87694 enc_us=494690 q_us=113 pkt_us=1
[PKT] seq=993 mode=A bytes=260 pkt=0102000108f8ac8ee625a58dbe069a8eac06a08ea424a18ecc3ea18db1dd9e8ca633918c0105ee08f8fa2000c92e1600de0d1100c22d1800f539290016f50d00b52e27ff1e28a0b40826a7af123dafb0213aa4af4563a5ae3b69adae314fa1ab2055c1af01fc2e33201501353cec26343320183421f620352ddf09361b012d3856eb0e35f9f75e5af5006146e8295346d5075546b30c5b47a8026047ce1c524ad9045a46f6ea4b2406fc3a2308012423f90b3324edf7352502e636241fd13826022514220e08a9b411e7d5b33a08c9b45024c1b46c39c0b35428d0b340ddcab16420b5b2fdee040de4212a11ef2d1d12d2060e12cd061f13c2293112d9dc1a13d423240e pre_us=87702 enc_us=494685 q_us=112 pkt_us=2
[PKT] seq=994 mode=A bytes=260 pkt=0102000106f4a88de329aa8ccd1c9f8cb3f0a18baf0f9c8bc73a9e8aacda9f8aaf599b89fd050208fc1135ffcf321a00e50b1100d4212600e84026ff100f19ffba4012ff182ab2b2ff1baaac0338abac2b47a2aa3f60aba93069afa9316b9ea6046c9ba9fee818352102ff3837f71e382807123925ed153a25e3053b0fcb273d57d6213bfefa635cf7085749e4184b49d519544bb927504ca21a544cbb09564ecfec534cfdf23f2610ec2e2509f92326f2ed2c26ece0222707dc2c2720bc2e290dd52b250806acb20cdadeb02816c4b1430ab5af6324b6ae533eb9ae3edebcac6031b5ad05f2320de7184a12e4272c13d9fa2913c5004114b8294313cadd3415cb171510 pre_us=87692 enc_us=494689 q_us=113 pkt_us=1
[PKT] seq=995 mode=A bytes=260 pkt=0102000106f9c68ad522e589bc2ab988c31abd87a514a687cc55ce86c0eca386a7489c8500f71308ef0d3dffe11918fff01127ffc61928fef94135fe1c2f1efed9300dfe1526d5ac1531b7a51f3da2a42150a4a13b6ec59f3462ad9e27429f9d2562949e00f5c03b2f02d33f28f7054016e7f04318d2cf462ec6cc461c0e0647371a2647fc014e6002fa3a4d110c5350eb0e4d53e80c4d53ddeb4c53e5f25556dff84d56fdf60b2915e30b290bec2d2a0cdc1e2cf4e0f72dfdd0062d24df162e1cb63f2c08fe9dad22fdb3aa4009b8a94d15aaa76d2497a55741a4a3270a9da25816a2a20103210d00fb32121e182815030b2816f6171514f0ee2d12ebad2817ecd42113 pre_us=87685 enc_us=494693 q_us=112 pkt_us=2
[PKT] seq=996 mode=A bytes=260 pkt=0102000101f3fe8ad723ed88c420c487c21ec986a329b285c556dd85b0c6a9849f30b78400fa28fff0074602e91a2e00f30c36fed3153bf901343600280b20fdd20c16fc1427e2a31139e09e1939b59e1752b79b336ed4973363b3972659a4981770919703eadb4b2a02f64925f1094626d9d34928dccc543ac7f64b24fbed4e39f80b4ffe012c5a03f93c450ffb504ef2104a55e9024551d7de4f54e9ff5b5af1ed5e5a01f7e42814e7f12c0ef3122d13d6113207d2e5340dc8033430c51c3221a943330801aaa520febca137ffbba24810aaa16914a29d512e9f9c2c0c959d562fa29c02f71505fe092a07210f2a0d04172211f31c0510ede81207f1b40d16fde50311 pre_us=87692 enc_us=494687 q_us=113 pkt_us=1
[PKT] seq=997 mode=A bytes=260 pkt=0102000102f51393eb0af890ca2bc38bce11ca87b923b686e435db8ac2cea284ae32b98403f920edf8031cfbe1161c06e9132fffdd3127fc001e1ffd19091704fdfb20060e1bf6910a26fa8e104acd8f075cce8c0c70da8b0b61ea881152bd8c166b928c03f2035526f8eb4a07eae74a1fd8f55726d3155c220f344f2c01f45730f50f55fd06105ffc052752f3fd465eeff43c5dcfdf2b5ac6e22b61e4015862dde3686606fce84e1fe9e64a2cc9044426b9f14c35a4f24b2fbae95b3bca13423da7534702fcdaa3150de1a112fcc0a22308b79b3a11b294324abd9f0b129d96241fc397020401080ff80cf81ef41f0a11e90c0c00c8e5faf7c81706e2c60205eef62712 pre_us=87693 enc_us=494691 q_us=112 pkt_us=2
[PKT] seq=998 mode=A bytes=260 pkt=01020001faf4d08ad31ce089c42cc788b210bb87a720b186c63eb686a6d99a86a44ca685fcf91306ec0c3effdd1f31ffe50f20ffd3222cfdfc3629001b0215fdd81908fe142ed7ab0e3bbfa4153eafa41f5b9da1336eb89f2e64b09e265d9b9e1c68919efeefc03d25fcdf403af8f8402fe2f84334ddcb4739bff34715ee194740ef2147fd00465f00f23f4b09014d4fee0c5552df0e4c53e2f05652eafc5c56e90c545603f0002a0feb0e2901ee1c2a0fe22f2c02d70a2d07d0152c1dc0262e11b0492c09fc9cad23fab1a93f0ebba95315b4a76926a0a54d269fa338dc9da25a25a6a203f9190cf802320e07193c14f91b1f16e3231414f4fe1c10e7d21817e9f91413 pre_us=87696 enc_us=494688 q_us=113 pkt_us=2
[PKT] seq=999 mode=A bytes=260 pkt=01020001fff2c48adf1feb89d213cc88d3efb287ab0bc086e42b0086cae4ae86b555ac85feec1808f10e26ffe81814ffef1117ffd61b30fe012306fe1f171cfec65409fe1b31cbac0b39b4a51341a3a32250c3a03369b09f3261a29e2448989c0553959dfbf1b63b19ffa83e33f6db4126f7ad4422d4b4462bbea9461bdbf648550afd48fcff5261f9fb414ef8004b51da274a54d0284b55c5133455e0ff5857f8f33b57fef4112a08e9032904f9172b0deff52dfcda032dfccdf22d25e31c2f18cdfc2d0efda1ad230ca9aa31169ea9421c95a6652ba1a43e2697a311f5a1a23a1392a102041c0fee060b15f41a0217f032fa17c92d1517db19f217ead7f318e1ebd814 pre_us=87691 enc_us=494683 q_us=113 pkt_us=2
