ESP-ROM:esp32s3-20210327
Build:Mar 27 2021
rst:0x15 (USB_UART_CHIP_RESET),boot:0x8 (SPI_FAST_FLASH_BOOT)
Saved PC:0x42008b7c
SPIWP:0xee
mode:DIO, clock div:1
load:0x3fce2820,len:0x1530
load:0x403c8700,len:0xcec
load:0x403cb700,len:0x2ef8
entry 0x403c8920
I (24) boot: ESP-IDF v5.5.5 2nd stage bootloader
I (24) boot: compile time Oct  5 2026 19:23:09
I (25) boot: Multicore bootloader
I (25) boot: chip revision: v0.2
I (25) boot: efuse block revision: v1.4
I (25) boot.esp32s3: Boot SPI Speed : 80MHz
I (25) boot.esp32s3: SPI Mode       : DIO
I (26) boot.esp32s3: SPI Flash Size : 4MB
I (26) boot: Enabling RNG early entropy source...
I (26) boot: Partition Table:
I (26) boot: ## Label            Usage          Type ST Offset   Length
I (26) boot:  0 nvs              WiFi data        01 02 00009000 00006000
I (27) boot:  1 phy_init         RF data          01 01 0000f000 00001000
I (27) boot:  2 factory          factory app      00 00 00010000 00177000
I (28) boot: End of partition table
I (28) esp_image: segment 0: paddr=00010020 vaddr=3c020020 size=d1020h (856096) map
I (184) esp_image: segment 1: paddr=000e1048 vaddr=3fc92b00 size=02fd8h ( 12248) load
I (187) esp_image: segment 2: paddr=000e4028 vaddr=40374000 size=0bff0h ( 49136) load
I (199) esp_image: segment 3: paddr=000f0020 vaddr=42000020 size=13d10h ( 81168) map
I (214) esp_image: segment 4: paddr=00103d38 vaddr=4037fff0 size=02adch ( 10972) load
I (217) esp_image: segment 5: paddr=0010681c vaddr=50000000 size=00020h (    32) load
I (223) boot: Loaded app from partition at offset 0x10000
I (223) boot: Disabling RNG early entropy source...
I (225) octal_psram: vendor id    : 0x0d (AP)
I (225) octal_psram: dev id       : 0x02 (generation 3)
I (225) octal_psram: density      : 0x03 (64 Mbit)
I (225) octal_psram: good-die     : 0x01 (Pass)
I (225) octal_psram: Latency      : 0x01 (Fixed)
I (226) octal_psram: VCC          : 0x01 (3V)
I (226) octal_psram: SRF          : 0x01 (Fast Refresh)
I (226) octal_psram: BurstType    : 0x01 (Hybrid Wrap)
I (226) octal_psram: BurstLen     : 0x01 (32 Byte)
I (226) octal_psram: Readlatency  : 0x02 (10 cycles@Fixed)
I (227) octal_psram: DriveStrength: 0x00 (1/1)
I (227) esp_psram: Found 8MB PSRAM device
I (227) esp_psram: Speed: 40MHz
I (227) cpu_start: Multicore app
I (958) esp_psram: SPI SRAM memory test OK
I (967) cpu_start: Pro cpu start user code
I (967) cpu_start: cpu freq: 240000000 Hz
I (967) app_init: Application information:
I (968) app_init: Project name:     c3_node
I (968) app_init: App version:      1
I (968) app_init: Compile time:     Oct  5 2026 19:22:58
I (968) app_init: ELF file SHA256:  ab0668daa...
I (968) app_init: ESP-IDF:          v5.5.5
I (968) efuse_init: Min chip rev:     v0.0
I (968) efuse_init: Max chip rev:     v0.99 
I (969) efuse_init: Chip rev:         v0.2
I (969) heap_init: Initializing. RAM available for dynamic allocation:
I (969) heap_init: At 3FC9AC58 len 0004EAB8 (314 KiB): RAM
I (969) heap_init: At 3FCE9710 len 00005724 (21 KiB): RAM
I (969) heap_init: At 3FCF0000 len 00008000 (32 KiB): DRAM
I (969) heap_init: At 600FE000 len 00001FE8 (7 KiB): RTCRAM
I (970) esp_psram: Adding pool of 8192K of PSRAM memory to heap allocator
I (971) spi_flash: detected chip: gd
I (971) spi_flash: flash io: dio
W (971) spi_flash: Detected size(16384k) larger than the size in the binary image header(4096k). Using the size in the binary image header.
I (971) sleep_gpio: Configure to isolate all GPIO pins in sleep state
I (972) sleep_gpio: Enable automatic switching of GPIO sleep configuration
I (972) main_task: Started on CPU0
I (972) esp_psram: Reserving pool of 32K of internal memory for DMA/internal allocations
I (972) main_task: Calling app_main()

[MODEL]
name=Task-AE_d64_fold1_seed0
d=64
r=2
input=1x64x32
latent=64
dtype=INT8 latent, float32 weights/activations
encoder_params=92930
model_size_bytes=371720
preproc_fold=1
[BOARD]
chip=ESP32-S3 rev=2 cores=2
console=usb_serial_jtag
cpu_mhz=240
flash_bytes=4194304
idf=v5.5.5
compiler=14.2.0
opt=-O2 (perf)
[MEM] stage=boot free_heap=8749219 min_free_heap=8717188 internal_free=363027 largest_internal_block=262144 psram_total=8388608 psram_free=8386192
[MEM] activation_buffers_bytes=141060
[MEM] stage=after_model_init free_heap=8607819 min_free_heap=8575788 internal_free=221627 largest_internal_block=135168 psram_total=8388608 psram_free=8386192
[CHECK] sample=000 label=0 L1_exact=64/64 L1_max_q_diff=0 L2_logmel_max_abs_err=0.000007 L2_exact=64/64 L2_max_q_diff=0 status=PASS
[CHECK] sample=001 label=0 L1_exact=64/64 L1_max_q_diff=0 L2_logmel_max_abs_err=0.000010 L2_exact=64/64 L2_max_q_diff=0 status=PASS
[CHECK] sample=002 label=1 L1_exact=64/64 L1_max_q_diff=0 L2_logmel_max_abs_err=0.000006 L2_exact=64/64 L2_max_q_diff=0 status=PASS
[CHECK] sample=003 label=1 L1_exact=64/64 L1_max_q_diff=0 L2_logmel_max_abs_err=0.000002 L2_exact=64/64 L2_max_q_diff=0 status=PASS
[CHECK] sample=004 label=2 L1_exact=64/64 L1_max_q_diff=0 L2_logmel_max_abs_err=0.000003 L2_exact=64/64 L2_max_q_diff=0 status=PASS
[CHECK] sample=005 label=2 L1_exact=64/64 L1_max_q_diff=0 L2_logmel_max_abs_err=0.000003 L2_exact=64/64 L2_max_q_diff=0 status=PASS
[CHECK] sample=006 label=3 L1_exact=64/64 L1_max_q_diff=0 L2_logmel_max_abs_err=0.000003 L2_exact=64/64 L2_max_q_diff=0 status=PASS
[CHECK] sample=007 label=3 L1_exact=64/64 L1_max_q_diff=0 L2_logmel_max_abs_err=0.000004 L2_exact=64/64 L2_max_q_diff=0 status=PASS
[CHECK] sample=008 label=4 L1_exact=64/64 L1_max_q_diff=0 L2_logmel_max_abs_err=0.000016 L2_exact=64/64 L2_max_q_diff=0 status=PASS
[CHECK] sample=009 label=4 L1_exact=64/64 L1_max_q_diff=0 L2_logmel_max_abs_err=0.000003 L2_exact=64/64 L2_max_q_diff=0 status=PASS
[CHECK] summary pass=10/10
[BENCH] warmup=50 runs=1000 batch=1 input=embedded_vector_0 mode=audio->preproc->encoder->int8->packet
[RUN] 0 95394 489025 31 1
[RUN] 1 95393 489022 28 2
[RUN] 2 95392 489022 31 1
[RUN] 3 95392 489020 29 1
[RUN] 4 95392 489020 29 1
[RUN] 5 95392 489022 31 1
[RUN] 6 95394 489021 28 2
[RUN] 7 95392 489020 29 1
[RUN] 8 95392 489022 31 1
[RUN] 9 95392 489020 29 1
[RUN] 10 95392 489020 29 1
[RUN] 11 95392 489022 31 1
[RUN] 12 95392 489020 29 1
[RUN] 13 95392 489020 29 1
[RUN] 14 95392 489022 31 1
[RUN] 15 95392 489020 29 1
[RUN] 16 95392 489020 29 1
[RUN] 17 95392 489022 31 1
[RUN] 18 95392 489020 29 1
[RUN] 19 95392 489020 29 1
[RUN] 20 95392 489022 31 1
[RUN] 21 95392 489020 29 1
[RUN] 22 95392 489020 29 1
[RUN] 23 95392 489022 31 1
[RUN] 24 95392 489020 29 1
[RUN] 25 95392 489020 29 1
[RUN] 26 95392 489022 31 1
[RUN] 27 95392 489020 29 1
[RUN] 28 95392 489020 29 1
[RUN] 29 95392 489022 31 1
[RUN] 30 95392 489020 29 1
[RUN] 31 95392 489020 29 1
[RUN] 32 95392 489022 31 1
[RUN] 33 95392 489020 29 1
[RUN] 34 95392 489020 29 1
[RUN] 35 95392 489022 31 1
[RUN] 36 95392 489020 29 1
[RUN] 37 95392 489020 29 1
[RUN] 38 95392 489022 31 1
[RUN] 39 95394 489021 28 2
[RUN] 40 95392 489020 29 1
[RUN] 41 95392 489022 31 1
[RUN] 42 95392 489020 29 1
[RUN] 43 95392 489020 29 1
[RUN] 44 95392 489022 31 1
[RUN] 45 95392 489020 29 1
[RUN] 46 95392 489020 29 1
[RUN] 47 95392 489022 31 1
[RUN] 48 95392 489020 29 1
[RUN] 49 95392 489020 29 1
[RUN] 50 95392 489022 31 1
[RUN] 51 95392 489020 29 1
[RUN] 52 95392 489020 29 1
[RUN] 53 95392 489022 31 1
[RUN] 54 95392 489020 29 1
[RUN] 55 95392 489020 29 1
[RUN] 56 95392 489022 31 1
[RUN] 57 95392 489020 29 1
[RUN] 58 95392 489020 29 1
[RUN] 59 95392 489022 31 1
[RUN] 60 95392 489020 29 1
[RUN] 61 95392 489020 29 1
[RUN] 62 95392 489022 31 1
[RUN] 63 95392 489020 29 1
[RUN] 64 95392 489020 29 1
[RUN] 65 95392 489022 31 1
[RUN] 66 95392 489020 29 1
[RUN] 67 95392 489020 29 1
[RUN] 68 95392 489022 31 1
[RUN] 69 95392 489020 29 1
[RUN] 70 95392 489020 29 1
[RUN] 71 95392 489022 31 1
[RUN] 72 95392 489020 29 1
[RUN] 73 95392 489020 29 1
[RUN] 74 95392 489022 31 1
[RUN] 75 95392 489020 29 1
[RUN] 76 95392 489020 29 1
[RUN] 77 95392 489022 31 1
[RUN] 78 95392 489020 29 1
[RUN] 79 95392 489020 29 1
[RUN] 80 95392 489022 31 1
[RUN] 81 95392 489020 29 1
[RUN] 82 95392 489020 29 1
[RUN] 83 95392 489022 31 1
[RUN] 84 95392 489020 29 1
[RUN] 85 95392 489020 29 1
[RUN] 86 95392 489022 31 1
[RUN] 87 95392 489020 29 1
[RUN] 88 95392 489020 29 1
[RUN] 89 95392 489022 31 1
[RUN] 90 95392 489020 29 1
[RUN] 91 95392 489020 29 1
[RUN] 92 95392 489022 31 1
[RUN] 93 95392 489020 29 1
[RUN] 94 95392 489020 29 1
[RUN] 95 95392 489022 31 1
[RUN] 96 95392 489020 29 1
[RUN] 97 95392 489020 29 1
[RUN] 98 95392 489022 31 1
[RUN] 99 95392 489020 29 1
[RUN] 100 95392 489020 29 1
[RUN] 101 95392 489022 31 1
[RUN] 102 95392 489020 29 1
[RUN] 103 95392 489020 29 1
[RUN] 104 95392 489022 31 1
[RUN] 105 95392 489020 29 1
[RUN] 106 95392 489020 29 1
[RUN] 107 95392 489022 31 1
[RUN] 108 95392 489020 29 1
[RUN] 109 95392 489020 29 1
[RUN] 110 95392 489022 31 1
[RUN] 111 95392 489020 29 1
[RUN] 112 95392 489020 29 1
[RUN] 113 95392 489022 31 1
[RUN] 114 95392 489020 29 1
[RUN] 115 95392 489020 29 1
[RUN] 116 95392 489022 31 1
[RUN] 117 95392 489020 29 1
[RUN] 118 95392 489020 29 1
[RUN] 119 95392 489022 31 1
[RUN] 120 95392 489020 29 1
[RUN] 121 95392 489020 29 1
[RUN] 122 95392 489022 31 1
[RUN] 123 95392 489020 29 1
[RUN] 124 95392 489020 29 1
[RUN] 125 95392 489022 31 1
[RUN] 126 95392 489020 29 1
[RUN] 127 95392 489020 29 1
[RUN] 128 95392 489022 31 1
[RUN] 129 95392 489020 29 1
[RUN] 130 95392 489020 29 1
[RUN] 131 95392 489022 31 1
[RUN] 132 95392 489020 29 1
[RUN] 133 95392 489020 29 1
[RUN] 134 95392 489022 31 1
[RUN] 135 95392 489020 29 1
[RUN] 136 95392 489020 29 1
[RUN] 137 95392 489022 31 1
[RUN] 138 95392 489020 29 1
[RUN] 139 95392 489020 29 1
[RUN] 140 95392 489022 31 1
[RUN] 141 95392 489020 29 1
[RUN] 142 95392 489020 29 1
[RUN] 143 95392 489022 31 1
[RUN] 144 95392 489020 29 1
[RUN] 145 95392 489020 29 1
[RUN] 146 95392 489022 31 1
[RUN] 147 95392 489020 29 1
[RUN] 148 95392 489020 29 1
[RUN] 149 95394 489023 30 2
[RUN] 150 95392 489020 29 1
[RUN] 151 95392 489020 29 1
[RUN] 152 95392 489022 31 1
[RUN] 153 95392 489020 29 1
[RUN] 154 95392 489020 29 1
[RUN] 155 95392 489022 31 1
[RUN] 156 95392 489020 29 1
[RUN] 157 95392 489020 29 1
[RUN] 158 95392 489022 31 1
[RUN] 159 95392 489020 29 1
[RUN] 160 95392 489020 29 1
[RUN] 161 95392 489022 31 1
[RUN] 162 95394 489021 28 2
[RUN] 163 95392 489020 29 1
[RUN] 164 95392 489022 31 1
[RUN] 165 95392 489020 29 1
[RUN] 166 95392 489020 29 1
[RUN] 167 95392 489022 31 1
[RUN] 168 95392 489020 29 1
[RUN] 169 95392 489020 29 1
[RUN] 170 95392 489022 31 1
[RUN] 171 95392 489020 29 1
[RUN] 172 95392 489020 29 1
[RUN] 173 95392 489022 31 1
[RUN] 174 95392 489020 29 1
[RUN] 175 95392 489020 29 1
[RUN] 176 95392 489022 31 1
[RUN] 177 95392 489020 29 1
[RUN] 178 95392 489020 29 1
[RUN] 179 95392 489022 31 1
[RUN] 180 95392 489020 29 1
[RUN] 181 95392 489020 29 1
[RUN] 182 95392 489022 31 1
[RUN] 183 95392 489020 29 1
[RUN] 184 95392 489020 29 1
[RUN] 185 95392 489022 31 1
[RUN] 186 95392 489020 29 1
[RUN] 187 95392 489020 29 1
[RUN] 188 95392 489022 31 1
[RUN] 189 95392 489020 29 1
[RUN] 190 95392 489020 29 1
[RUN] 191 95392 489022 31 1
[RUN] 192 95392 489020 29 1
[RUN] 193 95392 489020 29 1
[RUN] 194 95392 489022 31 1
[RUN] 195 95392 489020 29 1
[RUN] 196 95392 489020 29 1
[RUN] 197 95392 489022 31 1
[RUN] 198 95392 489020 29 1
[RUN] 199 95392 489020 29 1
[RUN] 200 95392 489022 31 1
[RUN] 201 95392 489020 29 1
[RUN] 202 95392 489020 29 1
[RUN] 203 95392 489022 31 1
[RUN] 204 95392 489020 29 1
[RUN] 205 95392 489020 29 1
[RUN] 206 95392 489022 31 1
[RUN] 207 95392 489020 29 1
[RUN] 208 95392 489020 29 1
[RUN] 209 95392 489022 31 1
[RUN] 210 95392 489020 29 1
[RUN] 211 95392 489020 29 1
[RUN] 212 95392 489022 31 1
[RUN] 213 95392 489020 29 1
[RUN] 214 95392 489020 29 1
[RUN] 215 95392 489022 31 1
[RUN] 216 95392 489020 29 1
[RUN] 217 95392 489020 29 1
[RUN] 218 95392 489022 31 1
[RUN] 219 95392 489020 29 1
[RUN] 220 95392 489020 29 1
[RUN] 221 95392 489022 31 1
[RUN] 222 95392 489020 29 1
[RUN] 223 95392 489020 29 1
[RUN] 224 95392 489022 31 1
[RUN] 225 95392 489020 29 1
[RUN] 226 95392 489020 29 1
[RUN] 227 95392 489022 31 1
[RUN] 228 95392 489020 29 1
[RUN] 229 95392 489020 29 1
[RUN] 230 95392 489022 31 1
[RUN] 231 95392 489020 29 1
[RUN] 232 95392 489020 29 1
[RUN] 233 95392 489022 31 1
[RUN] 234 95392 489020 29 1
[RUN] 235 95392 489020 29 1
[RUN] 236 95392 489022 31 1
[RUN] 237 95392 489020 29 1
[RUN] 238 95392 489020 29 1
[RUN] 239 95392 489022 31 1
[RUN] 240 95392 489020 29 1
[RUN] 241 95392 489020 29 1
[RUN] 242 95392 489022 31 1
[RUN] 243 95392 489020 29 1
[RUN] 244 95392 489020 29 1
[RUN] 245 95392 489022 31 1
[RUN] 246 95392 489020 29 1
[RUN] 247 95392 489020 29 1
[RUN] 248 95392 489022 31 1
[RUN] 249 95392 489020 29 1
[RUN] 250 95392 489020 29 1
[RUN] 251 95392 489022 31 1
[RUN] 252 95392 489020 29 1
[RUN] 253 95392 489020 29 1
[RUN] 254 95392 489022 31 1
[RUN] 255 95392 489020 29 1
[RUN] 256 95392 489020 29 1
[RUN] 257 95392 489022 31 1
[RUN] 258 95392 489020 29 1
[RUN] 259 95392 489020 29 1
[RUN] 260 95392 489022 31 1
[RUN] 261 95392 489020 29 1
[RUN] 262 95392 489020 29 1
[RUN] 263 95394 489023 30 2
[RUN] 264 95392 489020 29 1
[RUN] 265 95392 489020 29 1
[RUN] 266 95394 489023 30 2
[RUN] 267 95392 489020 29 1
[RUN] 268 95392 489020 29 1
[RUN] 269 95392 489022 31 1
[RUN] 270 95392 489020 29 1
[RUN] 271 95392 489020 29 1
[RUN] 272 95392 489022 31 1
[RUN] 273 95392 489020 29 1
[RUN] 274 95392 489020 29 1
[RUN] 275 95392 489022 31 1
[RUN] 276 95392 489020 29 1
[RUN] 277 95392 489020 29 1
[RUN] 278 95392 489022 31 1
[RUN] 279 95392 489020 29 1
[RUN] 280 95392 489020 29 1
[RUN] 281 95392 489022 31 1
[RUN] 282 95394 489021 28 2
[RUN] 283 95392 489020 29 1
[RUN] 284 95392 489022 31 1
[RUN] 285 95392 489020 29 1
[RUN] 286 95392 489020 29 1
[RUN] 287 95392 489022 31 1
[RUN] 288 95392 489020 29 1
[RUN] 289 95392 489020 29 1
[RUN] 290 95392 489022 31 1
[RUN] 291 95392 489020 29 1
[RUN] 292 95392 489020 29 1
[RUN] 293 95392 489022 31 1
[RUN] 294 95392 489020 29 1
[RUN] 295 95392 489020 29 1
[RUN] 296 95392 489022 31 1
[RUN] 297 95392 489020 29 1
[RUN] 298 95392 489020 29 1
[RUN] 299 95392 489022 31 1
[RUN] 300 95392 489020 29 1
[RUN] 301 95392 489020 29 1
[RUN] 302 95392 489022 31 1
[RUN] 303 95392 489020 29 1
[RUN] 304 95392 489020 29 1
[RUN] 305 95392 489022 31 1
[RUN] 306 95392 489020 29 1
[RUN] 307 95392 489020 29 1
[RUN] 308 95392 489022 31 1
[RUN] 309 95392 489020 29 1
[RUN] 310 95392 489020 29 1
[RUN] 311 95392 489022 31 1
[RUN] 312 95392 489020 29 1
[RUN] 313 95392 489020 29 1
[RUN] 314 95392 489022 31 1
[RUN] 315 95392 489020 29 1
[RUN] 316 95392 489020 29 1
[RUN] 317 95392 489022 31 1
[RUN] 318 95392 489020 29 1
[RUN] 319 95392 489020 29 1
[RUN] 320 95392 489022 31 1
[RUN] 321 95392 489020 29 1
[RUN] 322 95392 489020 29 1
[RUN] 323 95392 489022 31 1
[RUN] 324 95392 489020 29 1
[RUN] 325 95392 489020 29 1
[RUN] 326 95392 489022 31 1
[RUN] 327 95392 489020 29 1
[RUN] 328 95392 489020 29 1
[RUN] 329 95392 489022 31 1
[RUN] 330 95392 489020 29 1
[RUN] 331 95392 489020 29 1
[RUN] 332 95392 489022 31 1
[RUN] 333 95392 489020 29 1
[RUN] 334 95392 489020 29 1
[RUN] 335 95394 489023 30 2
[RUN] 336 95392 489020 29 1
[RUN] 337 95392 489020 29 1
[RUN] 338 95392 489022 31 1
[RUN] 339 95392 489020 29 1
[RUN] 340 95392 489020 29 1
[RUN] 341 95392 489022 31 1
[RUN] 342 95392 489020 29 1
[RUN] 343 95392 489020 29 1
[RUN] 344 95392 489022 31 1
[RUN] 345 95392 489020 29 1
[RUN] 346 95392 489020 29 1
[RUN] 347 95392 489022 31 1
[RUN] 348 95392 489020 29 1
[RUN] 349 95392 489020 29 1
[RUN] 350 95392 489022 31 1
[RUN] 351 95392 489020 29 1
[RUN] 352 95392 489020 29 1
[RUN] 353 95392 489022 31 1
[RUN] 354 95392 489020 29 1
[RUN] 355 95392 489020 29 1
[RUN] 356 95392 489022 31 1
[RUN] 357 95392 489020 29 1
[RUN] 358 95392 489020 29 1
[RUN] 359 95392 489022 31 1
[RUN] 360 95392 489020 29 1
[RUN] 361 95392 489020 29 1
[RUN] 362 95392 489022 31 1
[RUN] 363 95392 489020 29 1
[RUN] 364 95392 489020 29 1
[RUN] 365 95392 489022 31 1
[RUN] 366 95392 489020 29 1
[RUN] 367 95392 489020 29 1
[RUN] 368 95392 489022 31 1
[RUN] 369 95392 489020 29 1
[RUN] 370 95392 489020 29 1
[RUN] 371 95392 489022 31 1
[RUN] 372 95392 489020 29 1
[RUN] 373 95392 489020 29 1
[RUN] 374 95392 489022 31 1
[RUN] 375 95392 489020 29 1
[RUN] 376 95392 489020 29 1
[RUN] 377 95392 489022 31 1
[RUN] 378 95392 489020 29 1
[RUN] 379 95394 489021 28 2
[RUN] 380 95392 489022 31 1
[RUN] 381 95392 489020 29 1
[RUN] 382 95392 489020 29 1
[RUN] 383 95392 489022 31 1
[RUN] 384 95392 489020 29 1
[RUN] 385 95392 489020 29 1
[RUN] 386 95392 489022 31 1
[RUN] 387 95392 489020 29 1
[RUN] 388 95392 489020 29 1
[RUN] 389 95392 489022 31 1
[RUN] 390 95392 489020 29 1
[RUN] 391 95392 489020 29 1
[RUN] 392 95392 489022 31 1
[RUN] 393 95392 489020 29 1
[RUN] 394 95392 489020 29 1
[RUN] 395 95392 489022 31 1
[RUN] 396 95392 489020 29 1
[RUN] 397 95392 489020 29 1
[RUN] 398 95392 489022 31 1
[RUN] 399 95392 489020 29 1
[RUN] 400 95392 489020 29 1
[RUN] 401 95392 489022 31 1
[RUN] 402 95394 489021 28 2
[RUN] 403 95392 489020 29 1
[RUN] 404 95392 489022 31 1
[RUN] 405 95392 489020 29 1
[RUN] 406 95392 489020 29 1
[RUN] 407 95392 489022 31 1
[RUN] 408 95392 489020 29 1
[RUN] 409 95392 489020 29 1
[RUN] 410 95392 489022 31 1
[RUN] 411 95392 489020 29 1
[RUN] 412 95392 489020 29 1
[RUN] 413 95392 489022 31 1
[RUN] 414 95392 489020 29 1
[RUN] 415 95392 489020 29 1
[RUN] 416 95392 489022 31 1
[RUN] 417 95392 489020 29 1
[RUN] 418 95392 489020 29 1
[RUN] 419 95392 489022 31 1
[RUN] 420 95392 489020 29 1
[RUN] 421 95392 489020 29 1
[RUN] 422 95392 489022 31 1
[RUN] 423 95392 489020 29 1
[RUN] 424 95392 489020 29 1
[RUN] 425 95392 489022 31 1
[RUN] 426 95392 489020 29 1
[RUN] 427 95394 489021 28 2
[RUN] 428 95392 489022 31 1
[RUN] 429 95392 489020 29 1
[RUN] 430 95392 489020 29 1
[RUN] 431 95392 489022 31 1
[RUN] 432 95392 489020 29 1
[RUN] 433 95392 489020 29 1
[RUN] 434 95392 489022 31 1
[RUN] 435 95392 489020 29 1
[RUN] 436 95392 489020 29 1
[RUN] 437 95392 489022 31 1
[RUN] 438 95392 489020 29 1
[RUN] 439 95392 489020 29 1
[RUN] 440 95392 489022 31 1
[RUN] 441 95392 489020 29 1
[RUN] 442 95392 489020 29 1
[RUN] 443 95392 489022 31 1
[RUN] 444 95392 489020 29 1
[RUN] 445 95392 489020 29 1
[RUN] 446 95392 489022 31 1
[RUN] 447 95392 489020 29 1
[RUN] 448 95392 489020 29 1
[RUN] 449 95392 489022 31 1
[RUN] 450 95392 489020 29 1
[RUN] 451 95392 489020 29 1
[RUN] 452 95392 489022 31 1
[RUN] 453 95392 489020 29 1
[RUN] 454 95392 489020 29 1
[RUN] 455 95392 489022 31 1
[RUN] 456 95392 489020 29 1
[RUN] 457 95392 489020 29 1
[RUN] 458 95392 489022 31 1
[RUN] 459 95392 489020 29 1
[RUN] 460 95392 489020 29 1
[RUN] 461 95394 489023 30 2
[RUN] 462 95392 489020 29 1
[RUN] 463 95392 489020 29 1
[RUN] 464 95392 489022 31 1
[RUN] 465 95392 489020 29 1
[RUN] 466 95392 489020 29 1
[RUN] 467 95392 489022 31 1
[RUN] 468 95392 489020 29 1
[RUN] 469 95392 489020 29 1
[RUN] 470 95394 489023 30 2
[RUN] 471 95392 489020 29 1
[RUN] 472 95392 489020 29 1
[RUN] 473 95392 489022 31 1
[RUN] 474 95392 489020 29 1
[RUN] 475 95392 489020 29 1
[RUN] 476 95392 489022 31 1
[RUN] 477 95392 489020 29 1
[RUN] 478 95392 489020 29 1
[RUN] 479 95392 489022 31 1
[RUN] 480 95392 489020 29 1
[RUN] 481 95392 489020 29 1
[RUN] 482 95392 489022 31 1
[RUN] 483 95392 489020 29 1
[RUN] 484 95392 489020 29 1
[RUN] 485 95392 489022 31 1
[RUN] 486 95392 489020 29 1
[RUN] 487 95392 489020 29 1
[RUN] 488 95392 489022 31 1
[RUN] 489 95392 489020 29 1
[RUN] 490 95392 489020 29 1
[RUN] 491 95392 489022 31 1
[RUN] 492 95392 489020 29 1
[RUN] 493 95392 489020 29 1
[RUN] 494 95392 489022 31 1
[RUN] 495 95392 489020 29 1
[RUN] 496 95392 489020 29 1
[RUN] 497 95392 489022 31 1
[RUN] 498 95392 489020 29 1
[RUN] 499 95392 489020 29 1
[RUN] 500 95392 489022 31 1
[RUN] 501 95392 489020 29 1
[RUN] 502 95392 489020 29 1
[RUN] 503 95392 489022 31 1
[RUN] 504 95392 489020 29 1
[RUN] 505 95392 489020 29 1
[RUN] 506 95392 489022 31 1
[RUN] 507 95392 489020 29 1
[RUN] 508 95392 489020 29 1
[RUN] 509 95392 489022 31 1
[RUN] 510 95392 489020 29 1
[RUN] 511 95392 489020 29 1
[RUN] 512 95392 489022 31 1
[RUN] 513 95392 489020 29 1
[RUN] 514 95392 489020 29 1
[RUN] 515 95392 489022 31 1
[RUN] 516 95392 489020 29 1
[RUN] 517 95392 489020 29 1
[RUN] 518 95392 489022 31 1
[RUN] 519 95392 489020 29 1
[RUN] 520 95392 489020 29 1
[RUN] 521 95392 489022 31 1
[RUN] 522 95392 489020 29 1
[RUN] 523 95392 489020 29 1
[RUN] 524 95392 489022 31 1
[RUN] 525 95392 489020 29 1
[RUN] 526 95392 489020 29 1
[RUN] 527 95392 489022 31 1
[RUN] 528 95392 489020 29 1
[RUN] 529 95392 489020 29 1
[RUN] 530 95392 489022 31 1
[RUN] 531 95392 489020 29 1
[RUN] 532 95392 489020 29 1
[RUN] 533 95392 489022 31 1
[RUN] 534 95392 489020 29 1
[RUN] 535 95392 489020 29 1
[RUN] 536 95392 489022 31 1
[RUN] 537 95392 489020 29 1
[RUN] 538 95392 489020 29 1
[RUN] 539 95392 489022 31 1
[RUN] 540 95392 489020 29 1
[RUN] 541 95392 489020 29 1
[RUN] 542 95392 489022 31 1
[RUN] 543 95392 489020 29 1
[RUN] 544 95392 489020 29 1
[RUN] 545 95392 489022 31 1
[RUN] 546 95392 489020 29 1
[RUN] 547 95392 489020 29 1
[RUN] 548 95392 489022 31 1
[RUN] 549 95392 489020 29 1
[RUN] 550 95392 489020 29 1
[RUN] 551 95392 489022 31 1
[RUN] 552 95394 489021 28 2
[RUN] 553 95392 489020 29 1
[RUN] 554 95392 489022 31 1
[RUN] 555 95394 489021 28 2
[RUN] 556 95392 489020 29 1
[RUN] 557 95392 489022 31 1
[RUN] 558 95392 489020 29 1
[RUN] 559 95392 489020 29 1
[RUN] 560 95392 489022 31 1
[RUN] 561 95392 489020 29 1
[RUN] 562 95392 489020 29 1
[RUN] 563 95392 489022 31 1
[RUN] 564 95392 489020 29 1
[RUN] 565 95392 489020 29 1
[RUN] 566 95392 489022 31 1
[RUN] 567 95392 489020 29 1
[RUN] 568 95392 489020 29 1
[RUN] 569 95392 489022 31 1
[RUN] 570 95394 489021 28 2
[RUN] 571 95392 489020 29 1
[RUN] 572 95392 489022 31 1
[RUN] 573 95392 489020 29 1
[RUN] 574 95392 489020 29 1
[RUN] 575 95392 489022 31 1
[RUN] 576 95392 489020 29 1
[RUN] 577 95392 489020 29 1
[RUN] 578 95394 489023 30 2
[RUN] 579 95392 489020 29 1
[RUN] 580 95392 489020 29 1
[RUN] 581 95392 489022 31 1
[RUN] 582 95392 489020 29 1
[RUN] 583 95392 489020 29 1
[RUN] 584 95392 489022 31 1
[RUN] 585 95392 489020 29 1
[RUN] 586 95392 489020 29 1
[RUN] 587 95392 489022 31 1
[RUN] 588 95392 489020 29 1
[RUN] 589 95392 489020 29 1
[RUN] 590 95392 489022 31 1
[RUN] 591 95392 489020 29 1
[RUN] 592 95394 489021 28 2
[RUN] 593 95392 489022 31 1
[RUN] 594 95392 489020 29 1
[RUN] 595 95392 489020 29 1
[RUN] 596 95392 489022 31 1
[RUN] 597 95392 489020 29 1
[RUN] 598 95392 489020 29 1
[RUN] 599 95392 489022 31 1
[RUN] 600 95392 489020 29 1
[RUN] 601 95392 489020 29 1
[RUN] 602 95392 489022 31 1
[RUN] 603 95392 489020 29 1
[RUN] 604 95392 489020 29 1
[RUN] 605 95392 489022 31 1
[RUN] 606 95392 489020 29 1
[RUN] 607 95392 489020 29 1
[RUN] 608 95392 489022 31 1
[RUN] 609 95392 489020 29 1
[RUN] 610 95392 489020 29 1
[RUN] 611 95392 489022 31 1
[RUN] 612 95394 489021 28 2
[RUN] 613 95392 489020 29 1
[RUN] 614 95392 489022 31 1
[RUN] 615 95392 489020 29 1
[RUN] 616 95392 489020 29 1
[RUN] 617 95392 489022 31 1
[RUN] 618 95392 489020 29 1
[RUN] 619 95392 489020 29 1
[RUN] 620 95392 489022 31 1
[RUN] 621 95392 489020 29 1
[RUN] 622 95392 489020 29 1
[RUN] 623 95392 489022 31 1
[RUN] 624 95392 489020 29 1
[RUN] 625 95392 489020 29 1
[RUN] 626 95392 489022 31 1
[RUN] 627 95392 489020 29 1
[RUN] 628 95392 489020 29 1
[RUN] 629 95392 489022 31 1
[RUN] 630 95392 489020 29 1
[RUN] 631 95392 489020 29 1
[RUN] 632 95392 489022 31 1
[RUN] 633 95392 489020 29 1
[RUN] 634 95392 489020 29 1
[RUN] 635 95392 489022 31 1
[RUN] 636 95392 489020 29 1
[RUN] 637 95392 489020 29 1
[RUN] 638 95392 489022 31 1
[RUN] 639 95392 489020 29 1
[RUN] 640 95392 489020 29 1
[RUN] 641 95392 489022 31 1
[RUN] 642 95392 489020 29 1
[RUN] 643 95392 489020 29 1
[RUN] 644 95392 489022 31 1
[RUN] 645 95392 489020 29 1
[RUN] 646 95392 489020 29 1
[RUN] 647 95392 489022 31 1
[RUN] 648 95392 489020 29 1
[RUN] 649 95392 489020 29 1
[RUN] 650 95392 489022 31 1
[RUN] 651 95392 489020 29 1
[RUN] 652 95392 489020 29 1
[RUN] 653 95392 489022 31 1
[RUN] 654 95394 489021 28 2
[RUN] 655 95392 489020 29 1
[RUN] 656 95392 489022 31 1
[RUN] 657 95392 489020 29 1
[RUN] 658 95392 489020 29 1
[RUN] 659 95392 489022 31 1
[RUN] 660 95392 489020 29 1
[RUN] 661 95392 489020 29 1
[RUN] 662 95392 489022 31 1
[RUN] 663 95392 489020 29 1
[RUN] 664 95392 489020 29 1
[RUN] 665 95392 489022 31 1
[RUN] 666 95392 489020 29 1
[RUN] 667 95392 489020 29 1
[RUN] 668 95392 489022 31 1
[RUN] 669 95392 489020 29 1
[RUN] 670 95392 489020 29 1
[RUN] 671 95392 489022 31 1
[RUN] 672 95392 489020 29 1
[RUN] 673 95392 489020 29 1
[RUN] 674 95392 489022 31 1
[RUN] 675 95392 489020 29 1
[RUN] 676 95392 489020 29 1
[RUN] 677 95392 489022 31 1
[RUN] 678 95392 489020 29 1
[RUN] 679 95392 489020 29 1
[RUN] 680 95392 489022 31 1
[RUN] 681 95392 489020 29 1
[RUN] 682 95392 489020 29 1
[RUN] 683 95392 489022 31 1
[RUN] 684 95392 489020 29 1
[RUN] 685 95392 489020 29 1
[RUN] 686 95392 489022 31 1
[RUN] 687 95392 489020 29 1
[RUN] 688 95392 489020 29 1
[RUN] 689 95392 489022 31 1
[RUN] 690 95392 489020 29 1
[RUN] 691 95392 489020 29 1
[RUN] 692 95392 489022 31 1
[RUN] 693 95392 489020 29 1
[RUN] 694 95392 489020 29 1
[RUN] 695 95392 489022 31 1
[RUN] 696 95392 489020 29 1
[RUN] 697 95392 489020 29 1
[RUN] 698 95392 489022 31 1
[RUN] 699 95392 489020 29 1
[RUN] 700 95392 489020 29 1
[RUN] 701 95392 489022 31 1
[RUN] 702 95392 489020 29 1
[RUN] 703 95392 489020 29 1
[RUN] 704 95392 489022 31 1
[RUN] 705 95392 489020 29 1
[RUN] 706 95392 489020 29 1
[RUN] 707 95392 489022 31 1
[RUN] 708 95392 489020 29 1
[RUN] 709 95392 489020 29 1
[RUN] 710 95392 489022 31 1
[RUN] 711 95392 489020 29 1
[RUN] 712 95392 489020 29 1
[RUN] 713 95392 489022 31 1
[RUN] 714 95392 489020 29 1
[RUN] 715 95392 489020 29 1
[RUN] 716 95392 489022 31 1
[RUN] 717 95392 489020 29 1
[RUN] 718 95392 489020 29 1
[RUN] 719 95392 489022 31 1
[RUN] 720 95392 489020 29 1
[RUN] 721 95392 489020 29 1
[RUN] 722 95394 489023 30 2
[RUN] 723 95392 489020 29 1
[RUN] 724 95392 489020 29 1
[RUN] 725 95392 489022 31 1
[RUN] 726 95392 489020 29 1
[RUN] 727 95392 489020 29 1
[RUN] 728 95394 489023 30 2
[RUN] 729 95392 489020 29 1
[RUN] 730 95392 489020 29 1
[RUN] 731 95392 489022 31 1
[RUN] 732 95392 489020 29 1
[RUN] 733 95392 489020 29 1
[RUN] 734 95392 489022 31 1
[RUN] 735 95392 489020 29 1
[RUN] 736 95392 489020 29 1
[RUN] 737 95392 489022 31 1
[RUN] 738 95392 489020 29 1
[RUN] 739 95392 489020 29 1
[RUN] 740 95392 489022 31 1
[RUN] 741 95392 489020 29 1
[RUN] 742 95392 489020 29 1
[RUN] 743 95392 489022 31 1
[RUN] 744 95392 489020 29 1
[RUN] 745 95392 489020 29 1
[RUN] 746 95392 489022 31 1
[RUN] 747 95392 489020 29 1
[RUN] 748 95392 489020 29 1
[RUN] 749 95392 489022 31 1
[RUN] 750 95392 489020 29 1
[RUN] 751 95392 489020 29 1
[RUN] 752 95392 489022 31 1
[RUN] 753 95392 489020 29 1
[RUN] 754 95392 489020 29 1
[RUN] 755 95392 489022 31 1
[RUN] 756 95392 489020 29 1
[RUN] 757 95392 489020 29 1
[RUN] 758 95392 489022 31 1
[RUN] 759 95392 489020 29 1
[RUN] 760 95392 489020 29 1
[RUN] 761 95392 489022 31 1
[RUN] 762 95392 489020 29 1
[RUN] 763 95392 489020 29 1
[RUN] 764 95392 489022 31 1
[RUN] 765 95392 489020 29 1
[RUN] 766 95392 489020 29 1
[RUN] 767 95392 489022 31 1
[RUN] 768 95392 489020 29 1
[RUN] 769 95392 489020 29 1
[RUN] 770 95392 489022 31 1
[RUN] 771 95392 489020 29 1
[RUN] 772 95392 489020 29 1
[RUN] 773 95392 489022 31 1
[RUN] 774 95392 489020 29 1
[RUN] 775 95392 489020 29 1
[RUN] 776 95392 489022 31 1
[RUN] 777 95392 489020 29 1
[RUN] 778 95392 489020 29 1
[RUN] 779 95392 489022 31 1
[RUN] 780 95392 489020 29 1
[RUN] 781 95392 489020 29 1
[RUN] 782 95392 489022 31 1
[RUN] 783 95392 489020 29 1
[RUN] 784 95392 489020 29 1
[RUN] 785 95392 489022 31 1
[RUN] 786 95392 489020 29 1
[RUN] 787 95392 489020 29 1
[RUN] 788 95392 489022 31 1
[RUN] 789 95392 489020 29 1
[RUN] 790 95392 489020 29 1
[RUN] 791 95392 489022 31 1
[RUN] 792 95392 489020 29 1
[RUN] 793 95392 489020 29 1
[RUN] 794 95392 489022 31 1
[RUN] 795 95392 489020 29 1
[RUN] 796 95392 489020 29 1
[RUN] 797 95394 489023 30 2
[RUN] 798 95392 489020 29 1
[RUN] 799 95394 489021 28 2
[RUN] 800 95392 489022 31 1
[RUN] 801 95392 489020 29 1
[RUN] 802 95392 489020 29 1
[RUN] 803 95392 489022 31 1
[RUN] 804 95392 489020 29 1
[RUN] 805 95392 489020 29 1
[RUN] 806 95392 489022 31 1
[RUN] 807 95392 489020 29 1
[RUN] 808 95392 489020 29 1
[RUN] 809 95392 489022 31 1
[RUN] 810 95392 489020 29 1
[RUN] 811 95392 489020 29 1
[RUN] 812 95392 489022 31 1
[RUN] 813 95392 489020 29 1
[RUN] 814 95392 489020 29 1
[RUN] 815 95392 489022 31 1
[RUN] 816 95392 489020 29 1
[RUN] 817 95392 489020 29 1
[RUN] 818 95392 489022 31 1
[RUN] 819 95392 489020 29 1
[RUN] 820 95392 489020 29 1
[RUN] 821 95392 489022 31 1
[RUN] 822 95392 489020 29 1
[RUN] 823 95392 489020 29 1
[RUN] 824 95392 489022 31 1
[RUN] 825 95392 489020 29 1
[RUN] 826 95392 489020 29 1
[RUN] 827 95392 489022 31 1
[RUN] 828 95392 489020 29 1
[RUN] 829 95394 489021 28 2
[RUN] 830 95392 489022 31 1
[RUN] 831 95392 489020 29 1
[RUN] 832 95392 489020 29 1
[RUN] 833 95392 489022 31 1
[RUN] 834 95392 489020 29 1
[RUN] 835 95392 489020 29 1
[RUN] 836 95392 489022 31 1
[RUN] 837 95392 489020 29 1
[RUN] 838 95392 489020 29 1
[RUN] 839 95392 489022 31 1
[RUN] 840 95392 489020 29 1
[RUN] 841 95392 489020 29 1
[RUN] 842 95392 489022 31 1
[RUN] 843 95392 489020 29 1
[RUN] 844 95392 489020 29 1
[RUN] 845 95392 489022 31 1
[RUN] 846 95392 489020 29 1
[RUN] 847 95392 489020 29 1
[RUN] 848 95392 489022 31 1
[RUN] 849 95392 489020 29 1
[RUN] 850 95392 489020 29 1
[RUN] 851 95392 489022 31 1
[RUN] 852 95392 489020 29 1
[RUN] 853 95392 489020 29 1
[RUN] 854 95392 489022 31 1
[RUN] 855 95392 489020 29 1
[RUN] 856 95392 489020 29 1
[RUN] 857 95392 489022 31 1
[RUN] 858 95392 489020 29 1
[RUN] 859 95392 489020 29 1
[RUN] 860 95392 489022 31 1
[RUN] 861 95392 489020 29 1
[RUN] 862 95392 489020 29 1
[RUN] 863 95392 489022 31 1
[RUN] 864 95392 489020 29 1
[RUN] 865 95392 489020 29 1
[RUN] 866 95392 489022 31 1
[RUN] 867 95392 489020 29 1
[RUN] 868 95392 489020 29 1
[RUN] 869 95392 489022 31 1
[RUN] 870 95392 489020 29 1
[RUN] 871 95392 489020 29 1
[RUN] 872 95392 489022 31 1
[RUN] 873 95392 489020 29 1
[RUN] 874 95392 489020 29 1
[RUN] 875 95392 489022 31 1
[RUN] 876 95392 489020 29 1
[RUN] 877 95392 489020 29 1
[RUN] 878 95392 489022 31 1
[RUN] 879 95392 489020 29 1
[RUN] 880 95392 489020 29 1
[RUN] 881 95392 489022 31 1
[RUN] 882 95392 489020 29 1
[RUN] 883 95392 489020 29 1
[RUN] 884 95394 489023 30 2
[RUN] 885 95392 489020 29 1
[RUN] 886 95392 489020 29 1
[RUN] 887 95392 489022 31 1
[RUN] 888 95392 489020 29 1
[RUN] 889 95392 489020 29 1
[RUN] 890 95392 489022 31 1
[RUN] 891 95392 489020 29 1
[RUN] 892 95392 489020 29 1
[RUN] 893 95392 489022 31 1
[RUN] 894 95392 489020 29 1
[RUN] 895 95392 489020 29 1
[RUN] 896 95392 489022 31 1
[RUN] 897 95392 489020 29 1
[RUN] 898 95392 489020 29 1
[RUN] 899 95392 489022 31 1
[RUN] 900 95392 489020 29 1
[RUN] 901 95392 489020 29 1
[RUN] 902 95392 489022 31 1
[RUN] 903 95392 489020 29 1
[RUN] 904 95392 489020 29 1
[RUN] 905 95392 489022 31 1
[RUN] 906 95392 489020 29 1
[RUN] 907 95392 489020 29 1
[RUN] 908 95392 489022 31 1
[RUN] 909 95394 489021 28 2
[RUN] 910 95392 489020 29 1
[RUN] 911 95392 489022 31 1
[RUN] 912 95392 489020 29 1
[RUN] 913 95392 489020 29 1
[RUN] 914 95392 489022 31 1
[RUN] 915 95392 489020 29 1
[RUN] 916 95392 489020 29 1
[RUN] 917 95392 489022 31 1
[RUN] 918 95392 489020 29 1
[RUN] 919 95392 489020 29 1
[RUN] 920 95392 489022 31 1
[RUN] 921 95392 489020 29 1
[RUN] 922 95392 489020 29 1
[RUN] 923 95392 489022 31 1
[RUN] 924 95392 489020 29 1
[RUN] 925 95392 489020 29 1
[RUN] 926 95392 489022 31 1
[RUN] 927 95392 489020 29 1
[RUN] 928 95392 489020 29 1
[RUN] 929 95392 489022 31 1
[RUN] 930 95392 489020 29 1
[RUN] 931 95392 489020 29 1
[RUN] 932 95392 489022 31 1
[RUN] 933 95392 489020 29 1
[RUN] 934 95392 489020 29 1
[RUN] 935 95392 489022 31 1
[RUN] 936 95392 489020 29 1
[RUN] 937 95392 489020 29 1
[RUN] 938 95392 489022 31 1
[RUN] 939 95392 489020 29 1
[RUN] 940 95392 489020 29 1
[RUN] 941 95392 489022 31 1
[RUN] 942 95392 489020 29 1
[RUN] 943 95392 489020 29 1
[RUN] 944 95392 489022 31 1
[RUN] 945 95392 489020 29 1
[RUN] 946 95392 489020 29 1
[RUN] 947 95392 489022 31 1
[RUN] 948 95392 489020 29 1
[RUN] 949 95392 489020 29 1
[RUN] 950 95392 489022 31 1
[RUN] 951 95392 489020 29 1
[RUN] 952 95392 489020 29 1
[RUN] 953 95392 489022 31 1
[RUN] 954 95394 489021 28 2
[RUN] 955 95392 489020 29 1
[RUN] 956 95392 489022 31 1
[RUN] 957 95392 489020 29 1
[RUN] 958 95392 489020 29 1
[RUN] 959 95392 489022 31 1
[RUN] 960 95392 489020 29 1
[RUN] 961 95392 489020 29 1
[RUN] 962 95392 489022 31 1
[RUN] 963 95392 489020 29 1
[RUN] 964 95392 489020 29 1
[RUN] 965 95392 489022 31 1
[RUN] 966 95392 489020 29 1
[RUN] 967 95392 489020 29 1
[RUN] 968 95392 489022 31 1
[RUN] 969 95392 489020 29 1
[RUN] 970 95392 489020 29 1
[RUN] 971 95392 489022 31 1
[RUN] 972 95392 489020 29 1
[RUN] 973 95392 489020 29 1
[RUN] 974 95392 489022 31 1
[RUN] 975 95394 489021 28 2
[RUN] 976 95392 489020 29 1
[RUN] 977 95392 489022 31 1
[RUN] 978 95392 489020 29 1
[RUN] 979 95392 489020 29 1
[RUN] 980 95392 489022 31 1
[RUN] 981 95392 489020 29 1
[RUN] 982 95392 489020 29 1
[RUN] 983 95392 489022 31 1
[RUN] 984 95392 489020 29 1
[RUN] 985 95392 489020 29 1
[RUN] 986 95392 489022 31 1
[RUN] 987 95392 489020 29 1
[RUN] 988 95392 489020 29 1
[RUN] 989 95392 489022 31 1
[RUN] 990 95392 489020 29 1
[RUN] 991 95392 489020 29 1
[RUN] 992 95392 489022 31 1
[RUN] 993 95392 489020 29 1
[RUN] 994 95394 489021 28 2
[RUN] 995 95394 489023 30 2
[RUN] 996 95394 489021 28 2
[RUN] 997 95392 489020 29 1
[RUN] 998 95394 489023 30 2
[RUN] 999 95392 489020 29 1
[BENCH] done
[MEM] stage=after_benchmark free_heap=8570099 min_free_heap=8538068 internal_free=216679 largest_internal_block=135168 psram_total=8388608 psram_free=8353420
[PACKET]
payload_bytes=64
header_bytes=4
total_bytes=68
[READY]
[MODEL]
name=Task-AE_d64_fold1_seed0
d=64
r=2
input=1x64x32
latent=64
dtype=INT8 latent, float32 weights/activations
encoder_params=92930
model_size_bytes=371720
preproc_fold=1
[BOARD]
chip=ESP32-S3 rev=2 cores=2
console=usb_serial_jtag
cpu_mhz=240
flash_bytes=4194304
idf=v5.5.5
compiler=14.2.0
opt=-O2 (perf)
[MEM] stage=info free_heap=8570099 min_free_heap=8538068 internal_free=216679 largest_internal_block=135168 psram_total=8388608 psram_free=8353420
[READY]
[MODEL]
name=Task-AE_d64_fold1_seed0
d=64
r=2
input=1x64x32
latent=64
dtype=INT8 latent, float32 weights/activations
encoder_params=92930
model_size_bytes=371720
preproc_fold=1
[BOARD]
chip=ESP32-S3 rev=2 cores=2
console=usb_serial_jtag
cpu_mhz=240
flash_bytes=4194304
idf=v5.5.5
compiler=14.2.0
opt=-O2 (perf)
[MEM] stage=info free_heap=8570099 min_free_heap=8538068 internal_free=216679 largest_internal_block=135168 psram_total=8388608 psram_free=8353420
[READY]
[MODEL]
name=Task-AE_d64_fold1_seed0
d=64
r=2
input=1x64x32
latent=64
dtype=INT8 latent, float32 weights/activations
encoder_params=92930
model_size_bytes=371720
preproc_fold=1
[BOARD]
chip=ESP32-S3 rev=2 cores=2
console=usb_serial_jtag
cpu_mhz=240
flash_bytes=4194304
idf=v5.5.5
compiler=14.2.0
opt=-O2 (perf)
[MEM] stage=info free_heap=8570099 min_free_heap=8538068 internal_free=216679 largest_internal_block=135168 psram_total=8388608 psram_free=8353420
[READY]
[MODEL]
name=Task-AE_d64_fold1_seed0
d=64
r=2
input=1x64x32
latent=64
dtype=INT8 latent, float32 weights/activations
encoder_params=92930
model_size_bytes=371720
preproc_fold=1
[BOARD]
chip=ESP32-S3 rev=2 cores=2
console=usb_serial_jtag
cpu_mhz=240
flash_bytes=4194304
idf=v5.5.5
compiler=14.2.0
opt=-O2 (perf)
[MEM] stage=info free_heap=8570099 min_free_heap=8538068 internal_free=216679 largest_internal_block=135168 psram_total=8388608 psram_free=8353420
[READY]
[MODEL]
name=Task-AE_d64_fold1_seed0
d=64
r=2
input=1x64x32
latent=64
dtype=INT8 latent, float32 weights/activations
encoder_params=92930
model_size_bytes=371720
preproc_fold=1
[BOARD]
chip=ESP32-S3 rev=2 cores=2
console=usb_serial_jtag
cpu_mhz=240
flash_bytes=4194304
idf=v5.5.5
compiler=14.2.0
opt=-O2 (perf)
[MEM] stage=info free_heap=8570099 min_free_heap=8538068 internal_free=216679 largest_internal_block=135168 psram_total=8388608 psram_free=8353420
[READY]
[PKT] seq=0 mode=L bytes=68 pkt=01024000f3c4c8b124f6c3b3e5dec5b6ded9c9b80ca1c1b948c6c4b84ae1c1b66702c3ba2f0d8c9210108b9318fe8e95082d8d97261792966bf39096581590955de3949a pre_us=0 enc_us=489218 q_us=40 pkt_us=2
[PKT] seq=1 mode=L bytes=68 pkt=01024000f7ebb3aef62fd2b6e61bb3a9d02fb3a3e14bdda02527cb9ff0369d9c324aba9a081b0387d81b0485d1f0fe85d7f7d985db0fbc85af44c485da30b485ba22a485 pre_us=0 enc_us=489207 q_us=35 pkt_us=1
[PKT] seq=2 mode=L bytes=68 pkt=01024000af07e390a92a25a7aa121196a707189bc615fd97ce6ef29b8f32289cc46a169bc2201cc7bdd016aec6d7069ed1ba0795ebc9198d3cfc318ae6b3ff8503dd2a85 pre_us=0 enc_us=489194 q_us=31 pkt_us=1
[PKT] seq=3 mode=L bytes=68 pkt=01024000fbeb8baa19258eaaf70391aa020a95a810ee9da773d29ca73844a6a57114a6a60f1ab18ded32ab8ce91ea68ce221a28cfd40968bf841978b011c898ae52b8c8b pre_us=0 enc_us=489202 q_us=35 pkt_us=1
[PKT] seq=4 mode=L bytes=68 pkt=01024000f8edaaa70c23b6a6fb0599a50831bca3101eaba26a02ada236379aa06b159da01314dd8cf323c48ad30ac58ad309b689f32e9d88e94c9e88eb038e87cd298e88 pre_us=0 enc_us=489196 q_us=31 pkt_us=1
[PKT] seq=5 mode=L bytes=68 pkt=01024000f3e9b0ab162ebda9f60ca6a3f9169ca00e35ac9e7013a59e2a34989c632c989b0120ff89e121d287d5fccf87d411d287e92f9d86d846a286f64b9b85e6158b86 pre_us=0 enc_us=489198 q_us=33 pkt_us=1
[PKT] seq=6 mode=L bytes=68 pkt=01024000f7e3b4a81628c6a7060f9ea4ed1dc0a10901b29f65f2b79f3d3ba29d681a9a9d071cf68af222e089e404e088d80fa8880630b0873737a087373b98861e0b8e86 pre_us=0 enc_us=489199 q_us=30 pkt_us=2
[PKT] seq=7 mode=L bytes=68 pkt=01024000f5e4aca50733bfa4e41493a2ea25b59f071fbc9d600aaf9d2a4b979c5927949b0927f08aea18d289ee02df88ee0fa887f41cad86fa3ca486ef1c9a86c31c9386 pre_us=0 enc_us=489194 q_us=33 pkt_us=1
[PKT] seq=8 mode=L bytes=68 pkt=01024000f8e5d893ff35ce9ae405a69df312aa9dfe3ad198590dab9900d18e99501f9a98002efd8cdb1be987d6f4f987cf0bd585db1b9b86b5559d85f44ca785a82f9285 pre_us=0 enc_us=489194 q_us=31 pkt_us=1
[PKT] seq=9 mode=L bytes=68 pkt=01024000fbeec4b4fd38d5b1e60bb3a6dc1ea9a4f23ce9a15213c6a0f4d4979e2f149c9d0b360387d01bde86ccebef87cf0de386da18a586a152a886c1259b85ae2e9486 pre_us=0 enc_us=489197 q_us=33 pkt_us=1
[PKT] seq=10 mode=L bytes=68 pkt=01024000f6e0ee8ff639e88cd012ba92cf13b08ee737d58c3e26b78de31d9c8f360e918ff83b039cd513f590c8d9fc86ca0ef686d314be86a759a385e041af84c6299484 pre_us=0 enc_us=489199 q_us=31 pkt_us=1
[PKT] seq=11 mode=L bytes=68 pkt=01024000f8e0bbb2f83cc8abd111a7a4d9209ea0f240cf9d4033b49cf92d9f9a25299f9800350b87ee0be886dfedf786db10e885dc25ae85c25cb085fc50a984c21b9f84 pre_us=0 enc_us=489199 q_us=33 pkt_us=1
[PKT] seq=12 mode=L bytes=68 pkt=01024000f7dccb8dee3cf48dc70dae91d328ab8fed38c08e482f9d8de41094903c389590f634168fed050189c5d5ff86dc00f784db1ab584ab4faa84e84ad483a344c883 pre_us=0 enc_us=489195 q_us=30 pkt_us=2
[PKT] seq=13 mode=L bytes=68 pkt=0102400005eea3a9f440e3abda1797a7df38a9a2ef39cea3501db3a2184da5a06438989f0d30fe8af513ca88e4fac888d3f8ba88e501a487d041a387ed239b86c1399087 pre_us=0 enc_us=489197 q_us=33 pkt_us=1
[PKT] seq=14 mode=L bytes=68 pkt=01024000f8e89ea40035dba4dc13a2a0e22fa59cf521ca9a5f2ebb9a1747b19963479f980028fb89f610d588f401d587e80fc886e71ca985c63eb285f922a985b3439985 pre_us=0 enc_us=489201 q_us=33 pkt_us=1
[PKT] seq=15 mode=L bytes=68 pkt=01024000f7e59aa7fa27a1a6f81390a5f332a3a20b40afa16d13afa1333aa29f6f4ca89f0412d48bf117b58ad70aa989ee12a688f636a288ec54a2880b439687ff5f8887 pre_us=0 enc_us=489201 q_us=30 pkt_us=1
[PKT] seq=16 mode=L bytes=68 pkt=010240000fe394a80732b0a8eb189ea7f6029fa509d79da457bd9da42f0a98a26f1e9ba2042cdf8cf11fcc8bea1dc08bde36a88a0336b5891139b58924489e883f1e9689 pre_us=0 enc_us=489202 q_us=32 pkt_us=2
[PKT] seq=17 mode=L bytes=68 pkt=0102400002dc9ca70e25a2a6f5268ea50120a4a31710afa26c00a8a13738a3a0784faba0fd1dde8bd417bb8ae706c68ad914a589de3ca288d05c9f88fa529c87c65c8b88 pre_us=0 enc_us=489199 q_us=31 pkt_us=1
[PKT] seq=18 mode=L bytes=68 pkt=0102400003df8eab172094ab010799ab16109daa2feb97a971e098a94f349fa77b22a8a8e60eb58edf16a38de421998dd83e978df8409e8c16419a8c2840908b3c458d8c pre_us=0 enc_us=489203 q_us=33 pkt_us=1
[PKT] seq=19 mode=L bytes=68 pkt=01024000f5dbc996f42ce998c90ba293dc1c9a92033dd492632cbc92184895926b48a891fe1ffa89e506f085d9f5f485d80ac784f01fab84ef5baf842042b683f1599483 pre_us=0 enc_us=489201 q_us=31 pkt_us=1
[PKT] seq=20 mode=L bytes=68 pkt=01024000f6e0b8abf92fbca7da17a6a2e725b79efd32bb9b5d1bc69b1c51989a6839a397f725ff87ee10e486e0fff486e711c685f022a484c056ab84fb45ac84cc5c9884 pre_us=0 enc_us=489192 q_us=33 pkt_us=1
[PKT] seq=21 mode=L bytes=68 pkt=01024000f1e5b9acee22cca7d80c9ca0ea129d9df839cc9a3a2cae99f32db1976657b7950215ff86d109ed85d7ef0d85ec11ea84e928b284cb5eb983084ed383d766a383 pre_us=0 enc_us=489198 q_us=30 pkt_us=2
[PKT] seq=22 mode=L bytes=68 pkt=01024000f5edaba3021cbaa2f5169e9f0521b39c161fbf9b5bfcbe9a464faa997843a6980616e789e31bd788d906de87e213b786d721c486f848b285e738a785c84d9585 pre_us=0 enc_us=489202 q_us=32 pkt_us=2
[PKT] seq=23 mode=L bytes=68 pkt=01024000f1ecd6980c2fd79ce507ac99e423ae970d37d494630fb794312994957243a29503250389d412e486d3f8fa86c114eb85ca20a685c350a384f15ab184c74b9e84 pre_us=0 enc_us=489200 q_us=31 pkt_us=1
[PKT] seq=24 mode=L bytes=68 pkt=01024000f8f090aa282293a9f51495a9041fa1a818f794a7660095a7532f9ea57138aaa6ed0c9d8df126908cf51b8f8ced3b888b093e8e8b312b8b8b3457878a2f3b858b pre_us=0 enc_us=489203 q_us=33 pkt_us=1
[PKT] seq=25 mode=L bytes=68 pkt=01024000fbbfb5b534b5b7b70f99bcbc53c3bfbf52dfc0c026bdbfbf4fc7bdbd5dc3c3c31df7959528e0969617089a9a2efc9d9d42b69d9d57cd9d9d04dd9b9b43afa3a3 pre_us=0 enc_us=489198 q_us=31 pkt_us=1
[PKT] seq=26 mode=L bytes=68 pkt=01024000efe2a8a90d2fcaa8e00c99a3e318b49ffce8bf9e68d3a79d3c43a39b6d0c969912290089001dc987ef12db87f427a5861022a3852f4d9a8503099085182f8d85 pre_us=0 enc_us=489197 q_us=33 pkt_us=1
[PKT] seq=27 mode=L bytes=68 pkt=0102400005d689a9242c90a9ea108ba9f51492a70dd397a66fdf93a64f4899a477119ba5f129c38df01ea58cf913ac8cd927a28b0a4c9d8a304ba08a2c249289372d908a pre_us=0 enc_us=489200 q_us=31 pkt_us=1
[PKT] seq=28 mode=L bytes=68 pkt=01024000f3de8ca9221592a9e4f597a9faf194a722a896a760d18ea62cff9ba469eb9fa51c0cba8d0c1fa58ce9209d8c0c37a28b34309f8b5917ab8a49038f8a58fc908a pre_us=0 enc_us=489202 q_us=33 pkt_us=1
[PKT] seq=29 mode=L bytes=68 pkt=01024000eaee8fab19139aabcbff9daceaba9eabf3a094aa3cc091aaf2db9ca857dba3a91e24a18e1216908d0613918d00538f8d5a29948c6815978c612a8c8b6001908d pre_us=0 enc_us=489202 q_us=33 pkt_us=1
[PKT] seq=30 mode=L bytes=68 pkt=010240000ddc99ae2a119fafecbf9fb114d7a4b248d4a3b273eba0b152f6a0af73f9abb2091a9990f50d9190150f9491f5378f9215368f913110919124018f903aef9393 pre_us=0 enc_us=489198 q_us=31 pkt_us=1
[PKT] seq=31 mode=L bytes=68 pkt=01024000eeacc8b338fac6b5e6c9bdba0892c0bc44c7c3bd4ccdc4bc03cabeba46bbc2c02b148d942be98d940ff196982b06989a41c8979a70b9979a35ee969968c59e9f pre_us=0 enc_us=489203 q_us=33 pkt_us=1
[PKT] seq=32 mode=L bytes=68 pkt=01024000f2c9d6b01ffbd0b1ebe1c7b3d7cdcbb412a6c2b46bc1bfb439fbbcb16dedc1b5210e8791180c8791fd128a931e32899326408c935b0e8e93502a8d925cf69095 pre_us=0 enc_us=489200 q_us=30 pkt_us=2
[PKT] seq=33 mode=L bytes=68 pkt=01024000f2dda1ad2105aeaeeddda7b0f0c7b1b00aabb2af63b5acaf391ab1ad67f7b0af1a0e8f901907898f021c8e90103b8b904d438b905d068e904b1e8a8e55fc8f91 pre_us=0 enc_us=489198 q_us=33 pkt_us=1
[PKT] seq=34 mode=L bytes=68 pkt=01024000fad9a3a71b31cfaae60da0a7f929b9a21415b0a06c02c0a0372c949e78179c9c0c2af18ae912d287ec02c687e211c586f72ba686e149a786fe189986ea428c86 pre_us=0 enc_us=489198 q_us=33 pkt_us=1
[PKT] seq=35 mode=L bytes=68 pkt=01024000fee5a7a60f2cbfa6eb1699a4f237c5a2fd209aa15d06a3a00e449c9f5026a79e0523d78bce23d58adb0ddf89d516b788de46ab88d868a788f11c9e87b7448e87 pre_us=0 enc_us=489198 q_us=33 pkt_us=1
[PKT] seq=36 mode=L bytes=68 pkt=0102400002d59aac0f0da6acdf06aaad010faeac1bfaaaac69fca2ab0d0fada96f16b6ab0e26908ef81e888efe09898e0432878e155c888d071e898d1e35878c1123888e pre_us=0 enc_us=489198 q_us=33 pkt_us=1
[PKT] seq=37 mode=L bytes=68 pkt=01024000fee78ea91b2199a9e7fe9ca9ff13a3a71e2ea4a672039ba62118a3a47316aea50728a18df1128e8c02fc8c8cf62e888b1750898a18488b8a103387890d47878a pre_us=0 enc_us=489199 q_us=30 pkt_us=2
[PKT] seq=38 mode=L bytes=68 pkt=0102400005f18dab1f2c94abfe1792ac0f259dab280297ab74f39caa45459ba87b2ca3aa0a2ea38ee90e928ddb05948ee7178b8d0730918d0c2f8b8d01258a8cf530898d pre_us=0 enc_us=489202 q_us=33 pkt_us=1
[PKT] seq=39 mode=L bytes=68 pkt=01024000f7db88a822278ca8f21d8ca8032396a61b2b97a572029ba42e3997a37a30a6a3022ec48ce41fa98bdd0ea78be719978af846978aec53988a0a368d89ed508989 pre_us=0 enc_us=489201 q_us=33 pkt_us=1
[PKT] seq=40 mode=L bytes=68 pkt=01024000f8e891a70a25a8a7f11593a60333a9a41b2aa2a2710cafa22e30a2a0762aa2a00d29d58ced15b98bdb17be8ae019a389f143a089e94f9e88003a9188d2468988 pre_us=0 enc_us=489199 q_us=33 pkt_us=1
[PKT] seq=41 mode=L bytes=68 pkt=01024000f9e98aaa272994aa021393a90c2399a8211199a773f59ca73a25a4a57916a7a60520bc8df028a58cd515a28cfb319b8bf8489e8b032b988b0d3e8c8af91b8b8b pre_us=0 enc_us=489202 q_us=33 pkt_us=1
[PKT] seq=42 mode=L bytes=68 pkt=01024000fef092a81229b9a8fc0e9aa70628aaa61521a6a56ff1a4a43f0c9da37a20aaa30f2dcf8cea12b88bda0cce8bd916a28ae40ea68aea4ba78afd179089d14d8e89 pre_us=0 enc_us=489198 q_us=30 pkt_us=1
[PKT] seq=43 mode=L bytes=68 pkt=01024000f6e594a6111eada5fa0a99a3011ebaa122189fa07119a79f423da29e7725969d0921da8be915be8ae409c389f018b388e04ab987f43bb187f92f9887df458f87 pre_us=0 enc_us=489202 q_us=33 pkt_us=1
[PKT] seq=44 mode=L bytes=68 pkt=01024000f2ed9ba60d2cc3a6f90e95a40428aca21c2da6a171fa9fa03116949f7917999e0a1fde8bf91dbd8ad70dbe89f10d9f88fb21a088e73e9c88f73c9187d13f8c87 pre_us=0 enc_us=489198 q_us=31 pkt_us=1
[PKT] seq=45 mode=L bytes=68 pkt=01024000f1e5c890f932ea8fd502a393d122b091ee3daf8f2b37b691f30a9f9457589a94f8350d8bc314f387c4fdf286c510fc85ca22b185a160a984c462b984a568a784 pre_us=0 enc_us=489199 q_us=33 pkt_us=1
[PKT] seq=46 mode=L bytes=68 pkt=01024000f6ebc98cfb39058ed604b493e227c193e92dd9913f1ea29301e492944a35ab94fd27118dcd13e786c6e90986cc12f884d41baf849d53a284db49cf84994fa883 pre_us=0 enc_us=489197 q_us=31 pkt_us=1
[PKT] seq=47 mode=L bytes=68 pkt=01024000f6e3e78df137e88bd3089d8fc72cb992df48b68f3b30af8fe6a69c903b35b991fd390391d00d0689c3db1686c0131383e311d684b05ba7840952e283b24eb083 pre_us=0 enc_us=489202 q_us=33 pkt_us=1
[PKT] seq=48 mode=L bytes=68 pkt=01024000fddf9ea61233c7a5ed0899a3f628a2a10f2fbca06c16b19f3336959e712d9d9d062be18bd721d68ad306c989dd16c788e728a487ee369f870e439a87d7288d87 pre_us=0 enc_us=489197 q_us=33 pkt_us=1
[PKT] seq=49 mode=L bytes=68 pkt=01024000f8ebceb60821cfabeffc91a4f82f96a10747ce9f640dbda01115969d6745919b0a19f186db16df87ce14d987c31cdd86d226a386ab54ae85de459a85973e9485 pre_us=0 enc_us=489200 q_us=32 pkt_us=2
[PKT] seq=50 mode=L bytes=68 pkt=01024000f6e5c6ad0d11c6a91a16cba42d09a0a0024dcaa3f445d0a4dab99a9e2722a19b0612ea880318d287f44db987e862b386d061c585d235bb85da2fa4859f398c85 pre_us=0 enc_us=489194 q_us=31 pkt_us=1
[PKT] seq=51 mode=L bytes=68 pkt=01024000f8e497a81a0b9ba8111d9aa71df89da50f34a7a4012a9fa4e2e898a21cf9a2a20616d48cfa2ec58bcc55ab8bdc68a98aa374ac89cc54a789cb3a9788a1478989 pre_us=0 enc_us=489203 q_us=33 pkt_us=1
[PKT] seq=52 mode=L bytes=68 pkt=01024000f7ef94aa280797aa470697aa43da9ea93e1c9ca9250c9ba8149f9ba65a16a4a70e13c18d0820af8df63ea38dec459d8cad649b8c0d54948cfa2b8d8a9f398e8c pre_us=0 enc_us=489199 q_us=31 pkt_us=1
[PKT] seq=53 mode=L bytes=68 pkt=01024000ecec92aa11fd90aa5b0b97aa470d95a932339aa81c0c91a8f6a492a66dd19aa714009c8d2720978d2317918de533908cb9618d8b084c8f8b20138f8ac9428d8c pre_us=0 enc_us=489203 q_us=32 pkt_us=2
[PKT] seq=54 mode=L bytes=68 pkt=01024000f6e5aaaf0feda4b06301b2b353ebadb45ff8adb44ecea7b30eaea5b16dc8aab512078d9123178e912e1f8c9221419093d15a8d930e468f9311009191d0289695 pre_us=0 enc_us=489199 q_us=31 pkt_us=1
[PKT] seq=55 mode=L bytes=68 pkt=01024000f2eec3ae12fca3aa5711b5a743e4a5a44541a7a21d17b5a2faab9fa04913a69f10fcd68a1028b989ef29bd89ef52b188c563c088f046c888152b9c87b2019587 pre_us=0 enc_us=489196 q_us=33 pkt_us=1
[PKT] seq=56 mode=L bytes=68 pkt=01024000faf59eae2ef891af60ff9db05aef97b1610e91b0342b90b010b093ae6de1a6b111048f901a209290232d8e9101349291c2519390143192900ff2908fd0149192 pre_us=0 enc_us=489198 q_us=31 pkt_us=1
[PKT] seq=57 mode=L bytes=68 pkt=01024000fbf4acb01be2a8b15d0eb1b33fc9b3b45c20beb527c8bdb4fdb0bbb258e0b5b6170c8d9120188d91152a8e931e4b8e94ea598b931b638b9315fc8d92be119596 pre_us=0 enc_us=489202 q_us=33 pkt_us=1
[PKT] seq=58 mode=L bytes=68 pkt=01024000ede6ccac1202a5a74423b0a32a0b9ba00f39c2a01242b69f16d5979d44459c9a0502ea88072dd087e14caf87b54fb986c761cc86e74ebe85d9429c8592519485 pre_us=0 enc_us=489196 q_us=31 pkt_us=1
[PKT] seq=59 mode=L bytes=68 pkt=01024000eee8c1ab11fda7a95d159ba648e8a0a32e3da3a2291ca1a307b09ca05301a59f0202dc8a0928c489ef2bbd89e359a088e163b787f240bd8700239086af198e87 pre_us=0 enc_us=489200 q_us=32 pkt_us=2
[PKT] seq=60 mode=L bytes=68 pkt=01024000f2f1b7ad20fbb5aa4f1eb5a840d2a7a53539b6a41523c6a7089e9fa33505b3a20f02d98b1032c08a0227bc8ade51a489bf59c989ec41ca88e90e96889d039a88 pre_us=0 enc_us=489198 q_us=31 pkt_us=1
[PKT] seq=61 mode=L bytes=68 pkt=01024000f2ee9ca816049ea854179ca849f2a0a64133a4a5220cb0a5ffb1a3a33703a4a3120cc78c112bb28b0e4aaa8bfd57b28ab964a78af95ba88afa209289ad058f89 pre_us=0 enc_us=489196 q_us=33 pkt_us=1
[PKT] seq=62 mode=L bytes=68 pkt=01024000f4eedfaf1708d0a83e12bfa54714a5a22e45cfa1fd2cc3a1029b9d9e5520a59d06f4de88091ace88f443a388cf4ead87eb6ebd87f243c886de2a9286ad3a8786 pre_us=0 enc_us=489198 q_us=30 pkt_us=2
[PKT] seq=63 mode=L bytes=68 pkt=01024000fceaa6ae23fca8af4f04b4b152d8b5b224e8bdb2f8c5b6b100a5afaf71dbb3b21c068d901f1a8b900f488b91ef598c92e85a89912c358c91121e8c90f4348f93 pre_us=0 enc_us=489201 q_us=32 pkt_us=2
[PKT] seq=64 mode=L bytes=68 pkt=01024000f3de94ab18ed98ab57fa94ac5de09bab650f9aaa33d79baa28bea2a87adca2a91003938e18188b8d1c258e8d04438b8dc65a8a8d2c408a8c2125898bf55c8b8d pre_us=0 enc_us=489198 q_us=30 pkt_us=2
[PKT] seq=65 mode=L bytes=68 pkt=01024000fceb95ad2bf297ae4c029db056b298b0460aa2af18e5a9af1fb5a4ad77f2aeaf0703959002238d8ffe478d90e2599090b0668a90032e8a90f9138c8ea5548e91 pre_us=0 enc_us=489202 q_us=32 pkt_us=2
[PKT] seq=66 mode=L bytes=68 pkt=01024000fce8a5af2ae2a6af5502abb25fb0acb257f9b4b22be69eb211bba4af71c5b0b214008e90151d8c9010328d91f9408e92ac5e8c92163b9092152b8c90d0479093 pre_us=0 enc_us=489199 q_us=31 pkt_us=1
[PKT] seq=67 mode=L bytes=68 pkt=01024000f6e3a3a61707afa52e1ebea44f02a6a13547aba01040ae9f1dda999e3c44a69d000fdd8bfc25c48af254ae89b86d9e88a06fb887ee4cc187e931b087936d8d87 pre_us=0 enc_us=489200 q_us=33 pkt_us=1
[PKT] seq=68 mode=L bytes=68 pkt=01024000f3e292ac0bee91ac4ae6a0ad59c3a7ac52fb9bac31f49cab23bba0a97604a8ab0e02958e1e278e8efd3e8b8ed9598a8edd638c8dfa54898d0c3a898cc3608a8e pre_us=0 enc_us=489203 q_us=30 pkt_us=2
[PKT] seq=69 mode=L bytes=68 pkt=01024000f8e5b3a60608a9a52024aaa44d11b3a13c3bada01930a1a013e3969e6d30a59eff04e18bf714bd8a0549ab89dc60a988a672b487f346aa87e7329d87a0758b87 pre_us=0 enc_us=489202 q_us=32 pkt_us=2
[PKT] seq=70 mode=L bytes=68 pkt=01024000eaecc1aa01fda0a85108a0a556f1aba2471bada22003a4a20cdf989f73169c9dfef2da8a081fc589f92db488f153a887e56bd987e758d08604489f86a94db086 pre_us=0 enc_us=489200 q_us=31 pkt_us=1
[PKT] seq=71 mode=L bytes=68 pkt=01024000efebaaaef6bea8af47f5aab13be0a5b15cfca1b147129cb010caa0ae73c0a1b102f68d9031fb8e9046038e914e018f912d369091261c909144f8908f58109592 pre_us=0 enc_us=489199 q_us=33 pkt_us=1
[PKT] seq=72 mode=L bytes=68 pkt=01024000f0eca2a50bee9da44b0a9ba24ef4a1a03723a69e1f1fb09e20d1989c6f28a39c05f3cd8a0e17b789f93cb788db45b387d567c0870553b787124ca286a75fa186 pre_us=0 enc_us=489199 q_us=31 pkt_us=1
[PKT] seq=73 mode=L bytes=68 pkt=01024000f5e6a2a71c07aaa6431fa2a5530d9ea3343aa1a20535afa2089191a05e2994a0080dd88b0628c18aee40a48acc67aa89c16bb988ee31b688e51e97879f4a8b88 pre_us=0 enc_us=489200 q_us=33 pkt_us=1
[PKT] seq=74 mode=L bytes=68 pkt=01024000f0c4bfb310bdbcb50fdebfb912c1c0bb62b6c7bc550bc8bb33fcc0b963c4c4be1f0390943fd891943fd9949761e997995de893993cfa92992fd6949854ad9a9e pre_us=0 enc_us=489198 q_us=31 pkt_us=1
[PKT] seq=75 mode=L bytes=68 pkt=01024000f2dca9b10fe5aeb337ebbbb63ff2bab859d7aeb81ff79ab8ecc6a1b54fb0b1ba1401909237df8f9247d4919563d5949632f69896460c9f961fc5969468a99b99 pre_us=0 enc_us=489202 q_us=33 pkt_us=1
[PKT] seq=76 mode=L bytes=68 pkt=01024000f3a7b7b701b8baba24c4c0c0e2bcc4c45cb9c5c540bfc4c4d4dac1c155e7caca1fed97973ac998984ac19e9e72c3a2a25fc2a2a234e3a3a34809a1a173c9abab pre_us=0 enc_us=489199 q_us=31 pkt_us=1
[PKT] seq=77 mode=L bytes=68 pkt=01024000eeef99abf6c995ab46db98ac30e793ab59e48baa3ef28aaa05c591a868999ca908ef978e3008948d42f3928d532c988d21499f8c2137988c51f5928b330f8f8d pre_us=0 enc_us=489204 q_us=33 pkt_us=1
[PKT] seq=78 mode=L bytes=68 pkt=01024000f5f092aa0ffb8faa520f97aa4e1898a8222498a8161b9ca7070390a5571489a608f89b8d0a26988ce63a918cde51908cfd728d8b0e648b8b0c30908aab64958b pre_us=0 enc_us=489201 q_us=31 pkt_us=1
[PKT] seq=79 mode=L bytes=68 pkt=01024000f7d0a5b007eaa8b22fd9acb52ddbb4b662e3a7b6480f98b6f8dca6b346bfa9b80c04929231ec909243c9939464e5939554f69995460c99951fd492935dad9b97 pre_us=0 enc_us=489200 q_us=33 pkt_us=1
[PKT] seq=80 mode=L bytes=68 pkt=01024000f9e39ba70909baa64306a3a555f796a3582db8a22428c3a219daa6a068eca3a0f401d28c0910ba8af947b68ae059b289cc6fa888f74fa788fb129287b8538b88 pre_us=0 enc_us=489200 q_us=31 pkt_us=1
[PKT] seq=81 mode=L bytes=68 pkt=010240000d91bebe0e9bc1c1f6aecaca28a2d1d10cc3d3d31db2d2d2e2bdcfcfe8d1dbdb3ca99d9d459fa0a036a4aaaa4fb1b4b47b98b5b558a8b6b629b0b3b347b6c6c6 pre_us=0 enc_us=489203 q_us=33 pkt_us=1
[PKT] seq=82 mode=L bytes=68 pkt=01024000efccc7b305e3c4b53ae8bfb90d06c0bb64e8d0bc4024cfbbd5dfbab950eacbbe1bfa8d943ed88d944ac592975ce695994ae4909935ef8e991bba979750b0969d pre_us=0 enc_us=489198 q_us=31 pkt_us=1
[PKT] seq=83 mode=L bytes=68 pkt=01024000f79fb7b707bfb9b92fb4bfbf09a5c3c367b2c4c45ec9c3c319c4c0c041bcc8c818ef979728d998984eb99d9d6ccda1a16bd3a1a148e9a2a224dba0a067a6a9a9 pre_us=0 enc_us=489197 q_us=33 pkt_us=1
[PKT] seq=84 mode=L bytes=68 pkt=01024000f2dda6a61ffc9ea53a18a2a45d069ea23c3ba4a01625a2a00fa3929e6d1d9f9e0309d98b001bc88a0347a989e4619c88b465a788f034a6880c2d9287ad568787 pre_us=0 enc_us=489199 q_us=31 pkt_us=1
[PKT] seq=85 mode=L bytes=68 pkt=01024000fed3a2af1de7a7b04edfadb25dddafb34d1cb8b332bfb0b2ff9facb079d0c2b401fe9091151e8c900c398e92db608c93a8678a9208428e9210028f91d85b8c94 pre_us=0 enc_us=489202 q_us=33 pkt_us=1
[PKT] seq=86 mode=L bytes=68 pkt=01024000f6d0a2ae07cfa3af45c6aeb166e8a9b16fffa1b145e0a1b10ea49faf7acda1b111f99090270d8e9031208e9138369191ef4c8f9104408e9122fc928f30399592 pre_us=0 enc_us=489197 q_us=31 pkt_us=1
[PKT] seq=87 mode=L bytes=68 pkt=0102400001dc8fad0ced94ad47df95ae65c897ae540d9dae3c1693adfba298ab74c7a5adf414a58f1927968e043b968fe258968fb767938f01349b8efdee948de74c918f pre_us=0 enc_us=489201 q_us=33 pkt_us=1
[PKT] seq=88 mode=L bytes=68 pkt=01024000ffd89bad0beaa1ae4cdda7b05db5a6b0550fb0af2e21b3af0caba9ad78069caf060191901b178c8f07418c90c2608d90de678990153c889014168a8ef6439291 pre_us=0 enc_us=489201 q_us=33 pkt_us=1
[PKT] seq=89 mode=L bytes=68 pkt=01024000fee491ab0ef496ac31eb93ac5ca694ac69f89aab49259bab17c49aa97bdfa5aa0a079f8e0f0e928e223c968e0654978e9e63908d0e3d908d210d8f8cfe4d8d8d pre_us=0 enc_us=489202 q_us=33 pkt_us=1
[PKT] seq=90 mode=L bytes=68 pkt=01024000fbceb1af0de1b7b04dd7c3b269d7c8b362f1c9b347c5c3b215a7bab075ddc1b30d008c91181a8b90213b8a92f4508a92bc6c89920f418a921e258d91f1428e94 pre_us=0 enc_us=489200 q_us=32 pkt_us=2
[PKT] seq=91 mode=L bytes=68 pkt=01024000f7c5d2b015d1c1b155e0cab467bbccb666decdb64dd7c7b513b5bcb37acbc2b7090b889224078b9219368b94fe438b95ac658a9412528c941a158f93fa3d9297 pre_us=0 enc_us=489201 q_us=33 pkt_us=1
[PKT] seq=92 mode=L bytes=68 pkt=01024000f8d498ae2bf99aae59f7a1b060c9a3b068f0a3b0500aa1af05d2a5ad6eaeabb0151b9a90220f968f19149490ff419190ee6b9290154d90901feb8d8ef3249191 pre_us=0 enc_us=489200 q_us=31 pkt_us=1
[PKT] seq=93 mode=L bytes=68 pkt=01024000f5dd97ad13eba0ae57efa7af58cea3af4ff2aaaf2ef4a4af1ca6a9ac760cabaf0d06938f16138c8f093b8c90f3598c90c6708a8ff2408b8f20348a8ea93d8d91 pre_us=0 enc_us=489199 q_us=33 pkt_us=1
[PKT] seq=94 mode=L bytes=68 pkt=01024000f3ea8baa160996aa4c0593aa4fe995a942349ca81e0298a8149d97a66c15a4a70e18bc8d1520a38cfc30a08cd7519f8ccc6c958bf6329a8b1532918aa0638b8b pre_us=0 enc_us=489204 q_us=33 pkt_us=1
[PKT] seq=95 mode=L bytes=68 pkt=01024000f6dbdea01011b99a153bce960428c594ea47bc8fcb13d78ad0b0a2930345a598a825f8899a45ec899154cc89966add88e93ddc89d4fb0188a63cde85915a9f86 pre_us=0 enc_us=489201 q_us=33 pkt_us=1
[PKT] seq=96 mode=L bytes=68 pkt=01024000f3e18ca920068ea9420b96a954ed95a7592897a6182f99a602a596a46604a7a50a03b38d0922a88c064c978cf65f9c8bbb6d968af5319d8a0d1d9289bf4b898a pre_us=0 enc_us=489201 q_us=30 pkt_us=2
[PKT] seq=97 mode=L bytes=68 pkt=01024000c4f0e693d71dd992d54cd39ebe49d598cc5ee691ba26e98ea0f79b95b15cc99fa821f891973efa8c9b480c88b74c0f87f31d4089e804e08aad2cd186bc13dd85 pre_us=0 enc_us=489203 q_us=32 pkt_us=2
[PKT] seq=98 mode=L bytes=68 pkt=01024000f2e1a7a72b09aea84717afa65905b3a32233c1a2fb16b6a3f4af9a9f4f1ba29feafbd18bf728c28aee4ea689b756aa88dc6bb688153bac87f8229687b73f8787 pre_us=0 enc_us=489199 q_us=31 pkt_us=1
[PKT] seq=99 mode=L bytes=68 pkt=01024000f8faaaaa30f79daa47fca6aa62fc9fa838139fa71311ada7019ea0a55ffba1a61206c68d1c21b28c0c389d8ce840ad8cc253bd8b012bb28b1b1c918aba1e918b pre_us=0 enc_us=489203 q_us=33 pkt_us=1
[PKT] seq=100 mode=L bytes=68 pkt=010240000bcecdb23df6c6b41dbbc0b821e6c3ba28e7c0baecdfbdba378cbab769e5c0bc221a8b931f018b93181b929655e1949831df959832e696984501949652de999c pre_us=0 enc_us=489201 q_us=31 pkt_us=1
[PKT] seq=101 mode=L bytes=68 pkt=01024000b914aabcbf32e6b9c0058db6b90bb6b4e2e5bab5bed9c1b5a22e94b1ba58bdb2df200b8cd822e98cc7350c8fce4cd18ff745ea8f2839d98fbc4db28ead4fb892 pre_us=0 enc_us=489198 q_us=33 pkt_us=1
[PKT] seq=102 mode=L bytes=68 pkt=0102400008cbd1b346f5c2b43aacc3b83f19c6bad6bbc4bbe7b5c1bb1ea4bdb841bdc1bd28238a932a118d941f2b929734f993994fef94982bf495991dcf94972cfc9b9d pre_us=0 enc_us=489197 q_us=31 pkt_us=1
[PKT] seq=103 mode=L bytes=68 pkt=0102400005c6a9b24310b0b329dab4b72c1ab5b9efe6b8b9e7e2b9b932ceb3b639f2b5bb1f3591932d168d931f2b939545e794974ada949738e0949726c4959530d89b9b pre_us=0 enc_us=489202 q_us=32 pkt_us=2
[PKT] seq=104 mode=L bytes=68 pkt=010240000eec9bb23df89eb313a4aeb73016b4b9f6c5b1b9d6cfa9b91cb2acb63dc1b3bb232598931efe9393374f959646d895973cfe999749e39b9728dc959530e09d9b pre_us=0 enc_us=489202 q_us=31 pkt_us=1
[PKT] seq=105 mode=L bytes=68 pkt=010240000ededbb446eec3b619bcc6bb3100cbbedfe7cbbee4cac9bef5bcbfbb16efc4c12c1e899534158e952a1894993613949c41eb959c17fa969c18cb989a07e0a0a1 pre_us=0 enc_us=489199 q_us=33 pkt_us=1
[PKT] seq=106 mode=L bytes=68 pkt=0102400018f2acb242e5abb41ec8b0b71bffb0b9ffddaebad5e1b1ba00cdb1b73aecb4bc191d90931cfd9193284193964205959830e196983fef96981ec1959635da9d9b pre_us=0 enc_us=489198 q_us=30 pkt_us=1
[PKT] seq=107 mode=L bytes=68 pkt=010240000aed96b1410097b222daa2b50a0899b7eed1a2b7d0d9a7b61fb9a8b442edaeb82538999228039392113594944ffb9b953de29795370098952dec949330d29a98 pre_us=0 enc_us=489200 q_us=33 pkt_us=1
[PKT] seq=108 mode=L bytes=68 pkt=01024000080595b03c0299b124bf9bb3fcf89bb409da9fb4dbde9bb433b6a1b130e7acb52134a09122009891122c9e9360f19d9340e6999337f79e9323d394911ec19895 pre_us=0 enc_us=489199 q_us=30 pkt_us=2
[PKT] seq=109 mode=L bytes=68 pkt=0102400008ef95b143f697b220cd9eb63ff49fb703019eb7d8cc9bb71dada3b52fdeadb9222c9a9226fa9392143e97943cce97963ff6989640f39c9620c7959433cd9c99 pre_us=0 enc_us=489202 q_us=33 pkt_us=1
[PKT] seq=110 mode=L bytes=68 pkt=0102400001f0a2b23ff79eb311b2abb736e3abb9e0d9a9badfd7aab924a5acb723d6b5bc1d2294932efd93932439969649fe99974fde999745e59a9713ca969612cf9c9b pre_us=0 enc_us=489200 q_us=31 pkt_us=1
[PKT] seq=111 mode=L bytes=68 pkt=0102400002ff9eb13ee598b216e4a1b51902a2b6ead4a0b7d4c2a0b618a2a8b427e7afb82c2c93922b0093922642949454f597953efa99953604999524ca939326d29a98 pre_us=0 enc_us=489203 q_us=33 pkt_us=1
[PKT] seq=112 mode=L bytes=68 pkt=010240000eeb9bb2410a9ab315acaab72907b4b8f5e3adb9e8e5aeb82899afb65bf0b6bb2437969329fc92931537959543ea94972fdc99970ed698972ee7949533e29a9a pre_us=0 enc_us=489201 q_us=33 pkt_us=1
[PKT] seq=113 mode=L bytes=68 pkt=010240000cb6c7b53ed7beb72db6c3bc28bcc4bf22e9c3bf00dfc1bf3cb0bfbc6bcac5c3301b8f9523db9396281f959a4db59a9d32d89a9d39d59c9d3bdd999b5edca1a3 pre_us=0 enc_us=489199 q_us=33 pkt_us=1
[PKT] seq=114 mode=L bytes=68 pkt=010240000faeb6b639c6b8b82e9dbdbd36cec0c01acec1c100cdc1c142c4bebe6fbcc5c52905969628e697972ee49b9b46d09f9f37d39f9f4ecb9f9f43db9d9d58d8a6a6 pre_us=0 enc_us=489202 q_us=32 pkt_us=1
[PKT] seq=115 mode=L bytes=68 pkt=010240000cbaceb43fe9c1b523bcc5ba08c3c3bcecb8c3bdd6cdc2bd2dc0beba4fdac2c02d228c942df38f952c1a9398590f969a30fc989a30ed989b38da96993afc9e9f pre_us=0 enc_us=489198 q_us=30 pkt_us=1
[PKT] seq=116 mode=L bytes=68 pkt=0102400008c0a6b03a0bb2b125f2b9b42bd1b1b60decacb6e9e0a7b53ba0a7b361e7afb71526919214168b922c258f934d0093953cf2939435ed96943507939341f19797 pre_us=0 enc_us=489199 q_us=33 pkt_us=1
[PKT] seq=117 mode=L bytes=68 pkt=01024000ffc1ccb131ffc6b226edc9b520ecc4b705dfc1b7d2eac1b723c0bbb45becbcb925198a92220b8a9231328c9454f38f9546e191952aea919542e8919443039698 pre_us=0 enc_us=489199 q_us=32 pkt_us=2
[PKT] seq=118 mode=L bytes=68 pkt=010240000caac4b441efc1b62bd1c3bb39cec4be12e3c6bfe1e0c5be20a5c0bc53e5c6c2201e909526fb90952a2695994aca999c38df989c22d7999c3bd6989a41c8a0a2 pre_us=0 enc_us=489202 q_us=32 pkt_us=1
[PKT] seq=119 mode=L bytes=68 pkt=010240000ea8c1b43feac0b626bbc5bb30cdc3befccbc5beeee8c3be22a6bfbc64c5c4c22213919526f59095321c949947ba999c34de979c19d99a9c4edd989a50e1a0a1 pre_us=0 enc_us=489199 q_us=31 pkt_us=1
[PKT] seq=120 mode=L bytes=68 pkt=01024000fde39eaf38faaab129e4a9b30d1ba6b407eba2b4dcdfa5b425aca4b15bf4a9b5251c939124068c91243891935fe992933ddf959321f1959351e992913df39695 pre_us=0 enc_us=489201 q_us=32 pkt_us=2
[PKT] seq=121 mode=L bytes=68 pkt=01024000fee2abb036f5a9b11cdab2b31d10b8b4f4c4b9b4cdceb2b427a3a9b14adeafb5241e8e912bf88e9124438d9361f68e9353e790932e02929347f891912dea9495 pre_us=0 enc_us=489199 q_us=30 pkt_us=2
[PKT] seq=122 mode=L bytes=68 pkt=010240000ae396af3afc96b02dcaa1b30a2f97b3e5ef93b3dbd69cb31fb09fb149c8a5b42228989124fd91912a40909255f496933ede97933afd949257ef939137fb9795 pre_us=0 enc_us=489198 q_us=32 pkt_us=1
[PKT] seq=123 mode=L bytes=68 pkt=0102400005fc9ab138049ab21bbda9b516ffabb71ee7a6b7eddda7b72c8fadb45ef1b4b8232e949223029092101a94945600969539d7999519d797953dfa939439e09898 pre_us=0 enc_us=489202 q_us=33 pkt_us=1
[PKT] seq=124 mode=L bytes=68 pkt=010240000fa7a3b24319a7b428f1aeb81dfdaeba0701b1baf5deb4ba2bc8aeb755e4b3bc2a2c969332068f932cf695965ae1989849e8969835fe969828be969646bb9d9c pre_us=0 enc_us=489197 q_us=30 pkt_us=1
[PKT] seq=125 mode=L bytes=68 pkt=01024000079fbfb446f8c1b61db5c2bb2fbbc2bd11e7c6bef6c1c4be4ddcc1bb54b3c5c1301390952eed909538eb96994dc9989b36da989b55e7999c35be969a54c39fa1 pre_us=0 enc_us=489202 q_us=32 pkt_us=1
[PKT] seq=126 mode=L bytes=68 pkt=0102400018b0ccb937e1c4bc1dbfc8c2f2f7d0c6dee3cfc8ddc8cfc7e7cac8c41cded0cd4b16919840bf959a51d49ea030eb9fa608d9a1a622f7a1a73cb4a2a425c7afb0 pre_us=0 enc_us=489197 q_us=30 pkt_us=1
[PKT] seq=127 mode=L bytes=68 pkt=0102400001a2b9b93ea8bcbc2f91c3c3eec6c7c7cabdc8c8d8b0c8c8f8bdc5c533cccece3dfd999942d39a9a360ea1a15bf6a6a634d8a7a716e0a8a83db4a5a540cbb2b2 pre_us=0 enc_us=489201 q_us=33 pkt_us=1
[PKT] seq=128 mode=L bytes=68 pkt=0102400004f69bb03c0098b214bda0b401239db6faf19bb6e3e3a0b51fdaa9b32feeaeb72734959229fb9392204895945f15969546ce979422f498941ecf92931cd09a97 pre_us=0 enc_us=489200 q_us=31 pkt_us=1
[PKT] seq=129 mode=L bytes=68 pkt=0102400017a4c3b33d0dc1b52dc6c2b94b0bc8bb0dfac4bcd8dec4bb1fbdbeb94fd3c0be171c8d9420f98d94361f929742de919931e593992de895992dd495983edf9c9e pre_us=0 enc_us=489199 q_us=33 pkt_us=1
[PKT] seq=130 mode=L bytes=68 pkt=0102400004f79fb0360794b131bda2b41b3497b5e1db97b5dbde9bb41db5a2b23df8a8b6292d95912c1298911e37949351e79a942ce898942cef98942ef1949232d89a96 pre_us=0 enc_us=489199 q_us=30 pkt_us=1
[PKT] seq=131 mode=L bytes=68 pkt=010240000aaaa6b44515abb62bd2b6ba38e0b8bd0ceab1bef7cab3bd34bbb7bb4cddb8c12c2696943c0591952fec97994ada9a9b3ac29e9b47d69d9b31c698993fbfa3a0 pre_us=0 enc_us=489202 q_us=32 pkt_us=2
[PKT] seq=132 mode=L bytes=68 pkt=010240000994c1b84b02c4ba26e6c7c003e3c8c4d8dcc9c5deb0c9c509c2c5c234d2cbca430b94973ad4939942cb9b9e40b5a1a31fdea1a339f2a1a42bae9fa12ec0abac pre_us=0 enc_us=489194 q_us=31 pkt_us=1
[PKT] seq=133 mode=L bytes=68 pkt=01024000f898bbbb49f6bebe02c9c5c5debecacac5d4ccccd3b5cbcbf7c1c8c8ecdfd2d25dfa9a9a51d19c9c5ccea3a339fcaaaa37e6abab2ef9acac20d0a9a943beb8b8 pre_us=0 enc_us=489197 q_us=33 pkt_us=1
[PKT] seq=134 mode=L bytes=68 pkt=0102400006e798b23dff99b31cb5abb73d06a8b9dae8a5bad8efa9b91096afb755d9b9bc26329a93290292932c18959641f699973dd69b9714be99973ecb959645d39b9b pre_us=0 enc_us=489202 q_us=30 pkt_us=1
[PKT] seq=135 mode=L bytes=68 pkt=010240001ca9abb54e15b3b72dbabcbc4bfabdbf11e1bac0e6dfbac007a0bbbd39d2c4c41b1a95952dfb92963a10989a3ca79c9d32d59e9d11df9e9e23d89a9c39baa3a4 pre_us=0 enc_us=489201 q_us=33 pkt_us=1
[PKT] seq=136 mode=L bytes=68 pkt=010240001f9cc1b549f9bfb72da4c4bc520cc8bf06e2c8c0e2cfc8bf04bbc2bd46d5c8c3162291952ee591962f16969a4ccb989d3bf5999d28f9989e3ec0999c45baa0a3 pre_us=0 enc_us=489198 q_us=31 pkt_us=1
[PKT] seq=137 mode=L bytes=68 pkt=0102400022a4a6b4471daeb62fc9baba4b17bfbd0c05afbddab9b1bd109eb4ba45c4bec01d2895942aea9195351a95984ad0999b37d4989a3aef9c9b36c198993dc8a0a0 pre_us=0 enc_us=489203 q_us=33 pkt_us=1
[PKT] seq=138 mode=L bytes=68 pkt=010240001fa1c6b43c03c4b62fdcc9ba3fedc2bd0ee1c5bed9ddc5bd28aabebb5eb7c2c11a128e941ef48e953514919950bc989b3efa979b36d0979b26c5979943d79fa0 pre_us=0 enc_us=489196 q_us=31 pkt_us=1
[PKT] seq=139 mode=L bytes=68 pkt=0102400024a4cfb44c0fc2b6399dc5bb5617c7be0ddbc7bee0d7c6be2893c1bb3ddbc4c218228c952ae68f95233a94994abb979c34e1979c0fea999c1fda979a2ac19fa1 pre_us=0 enc_us=489201 q_us=33 pkt_us=1
[PKT] seq=140 mode=L bytes=68 pkt=010240001297bfb64cfec1b828b0c6bd44ffccc0f9ccc9c1e8bcc6c00997c1be46aac6c52d16929636f09197390a969b40d3979e4ce19a9e17e89b9f2fd59b9d40c6a3a5 pre_us=0 enc_us=489202 q_us=30 pkt_us=1
[PKT] seq=141 mode=L bytes=68 pkt=010240000aafacb24707b5b430c5bbb83b1dd1baf7e5c2bae3e7c2ba1994bbb75cb7bebd2423939330fb8e933936929657de8d9843e992980ee7939843e6949648ef9b9c pre_us=0 enc_us=489201 q_us=33 pkt_us=1
[PKT] seq=142 mode=L bytes=68 pkt=0102400006a7bcb4450ec3b52df3c5ba220ecabc09f2c7bde7ebcabd2b9bbfba5ad6c3c02c278f9432e98e95240b929856d0949a42e8959a22f2949a3fcf96994bd59d9f pre_us=0 enc_us=489197 q_us=30 pkt_us=2
[PKT] seq=143 mode=L bytes=68 pkt=0102400010b1c1b43f03c0b638c4c5ba3c01c9bdf6f8c5bdd4efc7bd0b9fbfba52d7c2c021098e9427f78f95341f939855c4949b3adf969a26dc959b3cc7979949c49ea0 pre_us=0 enc_us=489200 q_us=32 pkt_us=1
[PKT] seq=144 mode=L bytes=68 pkt=010240000dbea6b34011acb417d1b2b83817b9bb000aa8bbe5eca8bb13abafb847c6bbbe1a2e949323008f943f22949753e3939943ec989920d29c9937c5979735cc9d9d pre_us=0 enc_us=489195 q_us=30 pkt_us=1
[PKT] seq=145 mode=L bytes=68 pkt=0102400003f69db13f0398b21cc8a1b5280ba4b7eddea0b7c6d8a1b7fb94a7b441dfb1b926289492260491922152939449df95963cef9a950df099952df2949430ea9a98 pre_us=0 enc_us=489203 q_us=32 pkt_us=2
[PKT] seq=146 mode=L bytes=68 pkt=010240000cb6c8b54a10c3b62fb0c2bb3ef7c7beede5c9bfece7c7be0b9cc0bc57d7c6c22d2a8d9534ef8e9523f4969939f4979c41d0979c07d2989c35cf989b43c89fa2 pre_us=0 enc_us=489199 q_us=31 pkt_us=1
[PKT] seq=147 mode=L bytes=68 pkt=010240000ddca7b341fba3b519c9bcb92416abbb18f0a6bce2dfacbb17a7b3b95bf2babe2923949415fa93943337919759db9e9941c59c9920d89b993fce979843d49e9e pre_us=0 enc_us=489194 q_us=33 pkt_us=1
[PKT] seq=148 mode=L bytes=68 pkt=01024000fc0293ae350b92af19bb9cb13e1ba6b107e49db1e1e29cb12194a4ae53c3aab12436af901c13a99014389d9139df989125fe999120d0999127f5938f3bfa9692 pre_us=0 enc_us=489199 q_us=30 pkt_us=2
[PKT] seq=149 mode=L bytes=68 pkt=010240000ae7a6b23ff9a6b31bb7b4b739fdb5b9e0efaab9d3d8a8b800aeadb64bddb7bb2e23919333fc8f930f3792954a07959749ea999721ec9a9754e8959534c79a9a pre_us=0 enc_us=489196 q_us=32 pkt_us=2
[PKT] seq=150 mode=L bytes=68 pkt=010240000bfca2aa2426a7aa06dfa4aa0ae1a1a92addada86a2fa7a8140f9ea66c59bda7d31fc58dd21db38dd6f09a8df1f1968cf637a18cd27aa08b076e938ae86b8a8c pre_us=0 enc_us=489199 q_us=30 pkt_us=1
[PKT] seq=151 mode=L bytes=68 pkt=010240000905a0ab2925b1ab0ee4b3ac11ceb2ab1ef1a4aa6afdb2aa2e13a5a8774ab6a9c52fc08eb41eb08dbaea9e8dc6f19e8dd830b38dd578b18c136f968b04778c8d pre_us=0 enc_us=489198 q_us=32 pkt_us=2
[PKT] seq=152 mode=L bytes=68 pkt=01024000040297aa2c1797aaf4faa8abf4f596aa0fcf92a965ec9fa835efa3a77333aaa8f423b58e0023a68d02f3958de4f6b18c121daf8cf9749e8c1e67968bf347978c pre_us=0 enc_us=489200 q_us=30 pkt_us=1
[PKT] seq=153 mode=L bytes=68 pkt=01024000f7f398af33fd99b0f4c1a0b2eedda5b30ddba4b36dbca6b249b0a3b070f6adb328219d9129f5979025f699921cd9959248ee98924f4193924a1991903c279394 pre_us=0 enc_us=489202 q_us=32 pkt_us=1
[PKT] seq=154 mode=L bytes=68 pkt=0102400001f699b13afd98b2eba8a6b5e8d0a3b6fbdea2b771ada8b64faea7b472ffadb82930959221ee9392190c969408ed999553ec9895473796953e2b93934f159998 pre_us=0 enc_us=489201 q_us=30 pkt_us=2
[PKT] seq=155 mode=L bytes=68 pkt=010240000f0894ae310294ae0df998b0e5f592b023ca96b075d1a7af57dea3ad73eba3b0f526a090ff109a8ffdde9b900904a1901ceb9790046a919024578f8f063b9791 pre_us=0 enc_us=489204 q_us=33 pkt_us=1
[PKT] seq=156 mode=L bytes=68 pkt=0102400009f1abb12ee2a7b20ad4aeb6dddcadb70fd1a9b76dceb4b754b0b4b57303bab926228f921df8919209f9949429fa969652f09896504592963e3691942b2c9699 pre_us=0 enc_us=489198 q_us=30 pkt_us=2
[PKT] seq=157 mode=L bytes=68 pkt=0102400000f198b02ffd95b1e4bea0b3f2cfa1b4f9d8a1b472aca6b455dfacb270fcb2b52b2a959121f4929115fe94930ee896935cf495935138959337388f924e1e9395 pre_us=0 enc_us=489200 q_us=33 pkt_us=1
[PKT] seq=158 mode=L bytes=68 pkt=0102400003f7b7a8211eb7a7fc099aa6ffe694a434e59da35805a6a30defa0a1492fa9a1f517d68c031bb38b00f5a58a0100ad891508ab891f73a08923598f88e7438b88 pre_us=0 enc_us=489199 q_us=30 pkt_us=1
[PKT] seq=159 mode=L bytes=68 pkt=01024000fbfb99af26f79eb0f4d4a6b3eed3a6b409b99fb469a4a1b344b3a9b1710db1b4221d9d9121fc95910ee5999218e4979357ea9c934d3c99934054929146329695 pre_us=0 enc_us=489205 q_us=33 pkt_us=1
[PKT] seq=160 mode=L bytes=68 pkt=0102400001daabb235f8a9b3fac2b4b7edc4b2b9f8bfacb96abebfb82fa3bcb66effbdbb1c2591931df9909310fd93952bf6979763ea99974a46919747499295491f979a pre_us=0 enc_us=489199 q_us=31 pkt_us=1
[PKT] seq=161 mode=L bytes=68 pkt=010240000daac4b33cffc0b5f3c7bdb9f8cfbfbb17c4c4bc75b1c7bb62edc1b96df2c5be2d178d9425e28e9418d9959723e9979961e8959958329499431793984e19999e pre_us=0 enc_us=489202 q_us=32 pkt_us=1
[PKT] seq=162 mode=L bytes=68 pkt=010240000600a3aa25199faa02e7aeaa03da9ea907dea2a966e2a6a83e1da6a67742aca7f628bd8deb10b68de2ea988df4dd9e8c192aa98cff6e988c176e8f8a10768d8c pre_us=0 enc_us=489200 q_us=30 pkt_us=1
[PKT] seq=163 mode=L bytes=68 pkt=01024000068dbbbb1f9abebeda9dc5c5e7a8cacaf094cccc509dcbcb3fb8c8c86bc5d2d23ab49a9a29c19c9c1bbda4a421beaaaa38d7abab7ab4acac5db8aaaa739eb8b8 pre_us=0 enc_us=489202 q_us=32 pkt_us=1
[PKT] seq=164 mode=L bytes=68 pkt=01024000feb9cab126f0bfb3f5c6bdb6ffc0c3b82adec2b873c4cbb85bebc0b57af5c6ba13138b9215e28d9213e5929520ee919644ea91963c408e96432a90945a319399 pre_us=0 enc_us=489200 q_us=33 pkt_us=1
[PKT] seq=165 mode=L bytes=68 pkt=010240000ad396ad381296ae0fe7a0b023deaab05fd7a0af71fba4af58f0adad7a07b6aff00b939009ef8e8f0fe3909010e98d903a0f90902b5a8c903c528a8e46558b91 pre_us=0 enc_us=489198 q_us=31 pkt_us=1
[PKT] seq=166 mode=L bytes=68 pkt=0102400013c8ccb33ce4c0b512c4bfb91bc5bfbc32b0c6bc6aa4c6bc3ed0c0ba78d4c5bff5178c9405fc8f94dde69598e6da989a1ded949a1858959a2f1c959839369b9e pre_us=0 enc_us=489200 q_us=33 pkt_us=1
[PKT] seq=167 mode=L bytes=68 pkt=0102400004cba6af1e00a9b0fbc5acb2f4c7b5b32bb2bab36eeebab352bab6b078f4bab40c0f909115fe8d9111f791922ee98e9357108e92485c8e9253538d91604e9094 pre_us=0 enc_us=489200 q_us=31 pkt_us=1
[PKT] seq=168 mode=L bytes=68 pkt=010240000db4c2b41ee4bfb603d3bfba04dec0bd35c4c1bd74aac2bd69bfc0ba7e03c7c00e128f940fe0909519e396980bd9989b36d9999b2f3e999b3b5996995e419ba0 pre_us=0 enc_us=489202 q_us=32 pkt_us=2
[PKT] seq=169 mode=L bytes=68 pkt=0102400015e59aaf26109ab024c7a4b226dda6b245da9fb27117b0b239e4baaf763dc7b3c2299290c70f8d90c6028f91dfff8f92ef429192bb7988920d6d8790b1748793 pre_us=0 enc_us=489200 q_us=30 pkt_us=1
[PKT] seq=170 mode=L bytes=68 pkt=01024000fff093af1cf797b0f6bfa5b3f5c9a4b30fd2a8b46be2b1b358c8adb1790faeb41a1f99911af2909109ed929220ff98934cec90933e388f933e578f9162339495 pre_us=0 enc_us=489203 q_us=33 pkt_us=1
[PKT] seq=171 mode=L bytes=68 pkt=01024000ffeb97ae20f099affec39eb0f1cb9ab115cb98b06bb79ab052f69cae7c19a6b1141194900cff8e9006f2929126f4959141f49390294c92903c5e8c8f634a8f92 pre_us=0 enc_us=489203 q_us=33 pkt_us=1
[PKT] seq=172 mode=L bytes=68 pkt=01024000f9b8c8b01eecbeb109b6bab4f8bfbdb524c1c0b56daec1b55acebfb27907c1b6220c8a9127de8c9112e591932fea919458d990943c2f8e9451428d9267359196 pre_us=0 enc_us=489198 q_us=31 pkt_us=1
[PKT] seq=173 mode=L bytes=68 pkt=0102400005f4aea91b25bea801e093a80bdf95a615d8a7a56d45b4a5feee9ca3615baca3c229df8cbd23b38cbceea48bd1f4a58afb4bb48ad078bb8a1470a189dd6e8a8a pre_us=0 enc_us=489200 q_us=33 pkt_us=1
[PKT] seq=174 mode=L bytes=68 pkt=01024000fba2b8b730e7bbbadcd6c0c0cfc2c4c4fcacc5c571b4c4c43ccfc1c168becac930f8979730cb989815c69d9e1ad5a2a26ddca2a270bda3a356c0a1a16daaabab pre_us=0 enc_us=489198 q_us=31 pkt_us=1
[PKT] seq=175 mode=L bytes=68 pkt=01024000feb3b9b818e0bbbad0d3c1c0f1bfc4c4e9d0c5c54eb9c5c55bd8c2c26cd6caca34e0979723ce989912cc9e9e22d2a2a35fcba3a37bcaa3a360e8a1a16eb9acac pre_us=0 enc_us=489200 q_us=33 pkt_us=1
[PKT] seq=176 mode=L bytes=68 pkt=0102400001cfccb515d4bfb7c7b0c1bddfcec3c0f0d6cac070dbcbc052cfc4bd6dd9c9c42cff8d952fd2929600ce989a28d19c9e67d4989e69bc989e41dc999c5fdaa1a4 pre_us=0 enc_us=489200 q_us=31 pkt_us=1
[PKT] seq=177 mode=L bytes=68 pkt=01024000fbe19baf20faa2b0e9c4a8b2e7cda5b30ea7a2b36eb4b0b26806afb075fea9b3122393911af48e9006df929225e8959244f8949233618d9200388d9018369494 pre_us=0 enc_us=489204 q_us=32 pkt_us=1
[PKT] seq=178 mode=L bytes=68 pkt=0102400007d099af3213a0af08d4a8b227d4a7b25eea9eb277e69eb2582da5af790eb6b2ed289690fb07909010d19491fbf39392271896922c69909131548b90384f8c93 pre_us=0 enc_us=489191 q_us=31 pkt_us=1
[PKT] seq=179 mode=L bytes=68 pkt=010240000fdfa8b13b13a5b202e29fb505d5a3b62cbbabb672c6b4b66be3b2b47aecaeb8172d8f920cf98e9205d799940c00969518d69495f02e9195cd299093ef189998 pre_us=0 enc_us=489200 q_us=32 pkt_us=2
[PKT] seq=180 mode=L bytes=68 pkt=01024000f7bfc1b41ec6bcb5d5c3c1bac8c3c4bcf7cac2bd71a2c0bd53c9beba65c4c2c02e0a909434d892952bf194983cf8969a6be4979a60e9989a4ae3979960d39d9f pre_us=0 enc_us=489198 q_us=31 pkt_us=1
[PKT] seq=181 mode=L bytes=68 pkt=01024000fbbecab331ebbfb5f5cebeb9f4debebb09b6c2bc6ea5c9bc59e0beb970f1c5bf2e208c9425f48f9406d1959706e8989a45dc97994317939a2de19498420f9b9e pre_us=0 enc_us=489199 q_us=32 pkt_us=2
[PKT] seq=182 mode=L bytes=68 pkt=01024000ffa4c3b533efbeb7fcc9c2bdddc0c3c010c3c5c0709ac5c05eeac1bd6bdbc7c4360b919535d092960ccc989b17d19b9e5fc99b9e59ef9c9e4ce2999c5ccfa3a4 pre_us=0 enc_us=489200 q_us=30 pkt_us=2
[PKT] seq=183 mode=L bytes=68 pkt=01024000f788bbbb2fa4bebecda8c5c5e7a8cacaecaccccc44a2cbcb45aac8c850bed2d250d49a9a2dbc9c9c27b9a3a33bc8aaaa5dbcabab7dc1acac65c5a9a96eadb8b8 pre_us=0 enc_us=489204 q_us=33 pkt_us=1
[PKT] seq=184 mode=L bytes=68 pkt=01024000130594ad2b1994aefcb4a1aff1db9faf0ad094af62ba9eae24ebafac7723bcaff82da58ffb0b9f8fdef59790f4e59d90f913a48fe768918ffb658a8e0f5a8b91 pre_us=0 enc_us=489194 q_us=31 pkt_us=1
[PKT] seq=185 mode=L bytes=68 pkt=0102400009ea9bad3516a0aef3c6a4af12d6a5af10cca2af36eca3afdcfea0ad6a2cbfafde39938fdd168e8fe2f19190f70e909017409090e8768b8f616d8b8e14768791 pre_us=0 enc_us=489198 q_us=33 pkt_us=1
[PKT] seq=186 mode=L bytes=68 pkt=0102400008bf95ae280b9faf04c7a8b111b99eb143ca9bb167b0a1b14cdaa5ae771db6b1ed29979007fe8c90ffeb909109149591352b929137768d912f6b8b8f37668a92 pre_us=0 enc_us=489197 q_us=30 pkt_us=1
[PKT] seq=187 mode=L bytes=68 pkt=0102400009a5bbb127dcbcb2ffb9bcb606d0bfb73aa7c1b86fd2c3b745c7bfb578bec3b90b128f921efb8e9221d792952ffd929659ef91964a64909647288f9463569399 pre_us=0 enc_us=489203 q_us=32 pkt_us=2
[PKT] seq=188 mode=L bytes=68 pkt=010240000ae696ac301091ac19bd93ad2bda91ad56c392ac740d9dac2dc2a0aa77e8a6abdf289b8ff419998ef1e09b8ef3099a8e102f958ece718f8e29428c8cf74d8e8e pre_us=0 enc_us=489198 q_us=31 pkt_us=1
[PKT] seq=189 mode=L bytes=68 pkt=0102400009afc8b138ffc4b21acdbfb52ae4c3b765dac2b775fed1b656ebc2b47b03c9b8f2138a920b018a920ae0909408f390953f18919535658995454b8c9346478f98 pre_us=0 enc_us=489202 q_us=32 pkt_us=2
[PKT] seq=190 mode=L bytes=68 pkt=0102400013d198b0320f9ab110eba5b30bdfa1b44dbc9ab472cfa0b446eaa6b17a1cb7b5f325969102039091fed3949301eb989332239a931f6d90933f5f8e9219428e95 pre_us=0 enc_us=489192 q_us=31 pkt_us=1
[PKT] seq=191 mode=L bytes=68 pkt=0102400011c999af310a99b007cd9eb311d8a0b4389fa1b475dba6b34bd4a9b17a0cb0b5f83b9f91fe04999101e19a9218e798932a2d979332659493324690912d3b9495 pre_us=0 enc_us=489198 q_us=33 pkt_us=1
[PKT] seq=192 mode=L bytes=68 pkt=0102400002adc2b12bf9c2b2eedbbeb6f8c9c6b702ccc8b86cc6cab76313c1b578f7c4b91a168c921fe48b9220ed91942dfb90964af88e9656168d9659198e946c139399 pre_us=0 enc_us=489199 q_us=31 pkt_us=1
[PKT] seq=193 mode=L bytes=68 pkt=010240000dd190ad2d0a94ad07f39aaf14c29dae44c899ae74e1a3ae50fca7ab780faaaefc2fa58ffc0f978ffbcf988f06f4968f340f988f18718f8f145a8a8d35478e90 pre_us=0 enc_us=489200 q_us=32 pkt_us=1
[PKT] seq=194 mode=L bytes=68 pkt=01024000f5a7bdb429d7bdb6e2c2c0bbd8b7c2bd1fdbc2be6daac2bd4fd4bfbb70d9c3c1330a919432d6929510ea969946e0989b5dc4999b690c9a9b58ec979a67e39fa0 pre_us=0 enc_us=489197 q_us=31 pkt_us=1
[PKT] seq=195 mode=L bytes=68 pkt=01024000f9cd9aae310a9daee6d89cb0f7e4a1b01edfa0b071dda4b042d1a4ae76fcacb0162193901df98d8f13fa929027e9909157fb909056518f90493c8c8f513d8f92 pre_us=0 enc_us=489195 q_us=33 pkt_us=1
[PKT] seq=196 mode=L bytes=68 pkt=0102400008f795ad451a96adf1eb98af07f295af4be99aae7507a7ae3ebaa4ac7b06a9aef62f9b8f01fd968feff0968f07da9a8f2bfd958f1b578d8f2b458d8e31498e90 pre_us=0 enc_us=489197 q_us=31 pkt_us=1
[PKT] seq=197 mode=L bytes=68 pkt=0102400009f99daa2d1fb3aa17c09daa1edda3a935c4a1a87114a1a82cfb9da67663aea7b931db8db51cbb8dbdeeac8cc615ab8cd555a08be072a48b05739d8aac6c938b pre_us=0 enc_us=489201 q_us=33 pkt_us=1
[PKT] seq=198 mode=L bytes=68 pkt=010240000ce19db0400ba0b20bc8a7b51acaa2b643c2a3b673c1b1b64eadaeb37c11b9b8f73a9492f9038f92ccda9694eade98952e099795f5438f950857909309349297 pre_us=0 enc_us=489197 q_us=31 pkt_us=1
[PKT] seq=199 mode=L bytes=68 pkt=010240000ffb99ae3b0897ae0af09eb020e09eb058e094b0730696af46afa3ad7a21b5b0ee149890010a9a8f0fd39790fcfa96903219a0900c53989037568f8f06328d91 pre_us=0 enc_us=489199 q_us=33 pkt_us=1
[PKT] seq=200 mode=L bytes=68 pkt=01024000fee093ac4e2791ac4cfe9cad46fe9eac002899abf30ca5ab22af9ca958eba5abee1ba18ef53f9a8ef70d908e0849918e2b2c928d1b0c8c8d0e138f8c17078e8e pre_us=0 enc_us=489200 q_us=30 pkt_us=2
[PKT] seq=201 mode=L bytes=68 pkt=01024000f6dc98a62a32d0a72414afa63c46aba1f446ac9fee0da59efc009a9d263ba09bbe33e78ab143d288af45be87c741c386230eef860f11c086de47a686b91c9486 pre_us=0 enc_us=489200 q_us=33 pkt_us=1
[PKT] seq=202 mode=L bytes=68 pkt=0102400004f297af590a92b04f02a8b25a07abb3ef26a6b3f9bdacb21ce2aeb023faaeb4fc159491073991901b298c92063a8e933b208e9225108f9214ff8d91faf59394 pre_us=0 enc_us=489199 q_us=31 pkt_us=1
[PKT] seq=203 mode=L bytes=68 pkt=0102400003efa7aa3e1c98aa5404a0aa412c9ba9f8479ca8f0f2a5a812d2a1a62a16a9a7d615c58dd34bbc8dce22a48dcc48b18c0e40af8b0444a08bf134968ac3e3938c pre_us=0 enc_us=489199 q_us=33 pkt_us=1
[PKT] seq=204 mode=L bytes=68 pkt=0102400006e28cab3f1f8dac4d0594ac471e8fabf02a92abf0ef8caa16c592a83d1497aad024b48ec94aad8dc638a18ec740aa8d412ea68d2634a68df536958cbce3948d pre_us=0 enc_us=489193 q_us=31 pkt_us=1
[PKT] seq=205 mode=L bytes=68 pkt=010240000af4a0a93322a0a940259fa95d2da5a7f84da4a6ee3ea2a6f4e99aa43a2fb7a5c925b98db34dc48ca914ad8caf3aa58b2034ac8a0c23a38aea448f89d2eb8a8a pre_us=0 enc_us=489200 q_us=32 pkt_us=1
[PKT] seq=206 mode=L bytes=68 pkt=0102400001e291ab4a209aab540ba0ab4d0d93aafb44a2a9fe2da1a918029aa7381da7a8e117c18ee246b58ddf2b9b8de559a58d0d2c968c1720948cf62b918bcdc28e8c pre_us=0 enc_us=489199 q_us=31 pkt_us=1
[PKT] seq=207 mode=L bytes=68 pkt=0102400005ecaba72f33bda7352da1a62a3aaaa4f650b3a2e51099a2cd0395a00e3c9fa0d524d08cc945cb8bbf3cb38ade28a9892d04bd89040fb788f329a188e4d69088 pre_us=0 enc_us=489201 q_us=32 pkt_us=2
[PKT] seq=208 mode=L bytes=68 pkt=01024000fff099a84424a1a84014a3a861159da6f647a0a5091a9aa426e699a32e16a5a3dc16c18ce042ba8bde24ac8bc64fa58a2f22b18a0d25a78af7379489c4e58b89 pre_us=0 enc_us=489198 q_us=31 pkt_us=1
[PKT] seq=209 mode=L bytes=68 pkt=010240000bf3aaaa412bdbaa3804c0aa501fada8f441a9a7de019da7fdf89ca5000eada6d02cde8dcc4cc88cdc39ac8ca44aa28c161eb78b1332b08bea23928acbcb908b pre_us=0 enc_us=489201 q_us=33 pkt_us=1
[PKT] seq=210 mode=L bytes=68 pkt=01024000d1f1c8b4052ad4a80f12c7a31638aca0f754bf9feb0b96a0e0049c9df0239f9bb525ee86aa42d587b242c287fc49bb8629f7e2861c27d685ec2eaa8502ed9385 pre_us=0 enc_us=489191 q_us=31 pkt_us=1
[PKT] seq=211 mode=L bytes=68 pkt=01024000eaf0b6ae1c2fb6aa1901a1a50525aea3e255a5a3df1c8ca1e901959fec1ca59eb326e889a44ccd88bb49cc88c251c8873814c786312ead87053e958607ed8e87 pre_us=0 enc_us=489193 q_us=33 pkt_us=1
[PKT] seq=212 mode=L bytes=68 pkt=01024000f7f3a0a845119ea73ff49da75722a3a52430a1a40304a4a327dfa2a24e089ba2f303c68c0136bd8b0d35a98bfe3fb48a0f2ba4890312a189093b9088e2e58c89 pre_us=0 enc_us=489189 q_us=31 pkt_us=1
[PKT] seq=213 mode=L bytes=68 pkt=0102400000f593ab461996ac510091ac40168cabf9348fabfef48baa17dc8da834ff94aae10a9c8ed83b8f8de633958ef05c9b8d2711998d19319b8d091d928c030e918d pre_us=0 enc_us=489193 q_us=33 pkt_us=1
[PKT] seq=214 mode=L bytes=68 pkt=0102400000e0a2ae5103a3af54ffa1b13deba7b11b24bcb1fbccb1b038e3b4ae5df6afb1f90f8f900f318c901d048f9114518e911f44889125348c91220c8a8f1c129192 pre_us=0 enc_us=489196 q_us=31 pkt_us=1
[PKT] seq=215 mode=L bytes=68 pkt=01024000fcea9da41f28cea34020ada03849aa9dfb55c39cee1d939c06209f9a1e489899c513d78abd2fca89ad4bb687dc3aba8620fbcc860c19bc86e54aa985e71f8f85 pre_us=0 enc_us=489201 q_us=33 pkt_us=1
[PKT] seq=216 mode=L bytes=68 pkt=01024000f6b8c3ae2be5c1af46dcc4b14fdac8b12c16cbb1ffdbcab13ec3bcae60fcbab1fe128a902613899042188a9139558991202987912c1e889143218a8f2e228f92 pre_us=0 enc_us=489199 q_us=31 pkt_us=1
[PKT] seq=217 mode=L bytes=68 pkt=01024000f9db94aa390d95aa4e0592a959068da81c3898a70e0496a72bd993a564fd95a6ec0d998df82d928c1126958c1547998b064c8a8b101a8e8bf4358b8a0d368d8b pre_us=0 enc_us=489200 q_us=33 pkt_us=1
[PKT] seq=218 mode=L bytes=68 pkt=01024000fed993ab3f1095ab390593ab4ee88daa122791a902ed95a920b592a7640a9aa8e80f9b8efd2b938d242f938d0954988c1f32908c121c8e8c21468d8b0a238d8c pre_us=0 enc_us=489198 q_us=31 pkt_us=1
[PKT] seq=219 mode=L bytes=68 pkt=0102400000ea99a52e2ac7a43c10aca2264dbda0f848b59ed6f7959ef4f99b9c2c39b09cdc12d38ad928c989e653c7880c43c4872c00ec870a20c187fb42b18603e7a886 pre_us=0 enc_us=489199 q_us=33 pkt_us=1
[PKT] seq=220 mode=L bytes=68 pkt=0102400001f7b5a83a1db1a84e139ca73b2ea4a6013eb8a4f7fda6a40bbda6a23b2dafa3db13d08cce43ca8bde2eab8bf047ad8a1420a489101b9b890e599089f2df8c89 pre_us=0 enc_us=489194 q_us=31 pkt_us=1
[PKT] seq=221 mode=L bytes=68 pkt=01024000fee492aa35138eaa460990aa6b008fa80d3a9ca7fd059ba725d99ea5541da4a6e00aa98def35a88cf5379e8cd84c998c36338f8b28258d8b174c888a14ff8a8b pre_us=0 enc_us=489201 q_us=32 pkt_us=1
[PKT] seq=222 mode=L bytes=68 pkt=01024000f8e599ac39039dac3f0ca9ad42f9b5ac1031bfab05e9baab2ff4b4a96104b1abf60b908e06268a8e2216888e1a45878e1651858d113d868d1d32868c000a898e pre_us=0 enc_us=489199 q_us=31 pkt_us=1
[PKT] seq=223 mode=L bytes=68 pkt=01024000ffe790aa461f8faa47d995aa540e97a9073698a8fc069fa806a492a657f29ca7f00aaf8dfe3aab8d06189a8d0f4a9c8c1a2f948c16178f8b0e2e928ae2008e8c pre_us=0 enc_us=489203 q_us=33 pkt_us=1
[PKT] seq=224 mode=L bytes=68 pkt=01024000fedf8eaa3c2690aa451796aa4e1f8da9073a9da809219aa7200e9fa64c0baaa6dd22a88dd8429d8cda22948ce0459d8c322b8a8b2830918bf1288a8ae91a8a8b pre_us=0 enc_us=489201 q_us=31 pkt_us=1
[PKT] seq=225 mode=L bytes=68 pkt=01024000eddd94ae40f296ae25e395b0430291b0260d99b007c19cb02df5a3ae1fbaaab01c0d97903e0c8e8f3feb949025279491f8298e90301191902deb8e8f0df49292 pre_us=0 enc_us=489201 q_us=33 pkt_us=1
[PKT] seq=226 mode=L bytes=68 pkt=01024000ffe992ac461c91ad590899ad612f9badfd3697adfe1994ac0fed98aa470ca2acd8219e8fde3c978ee13a918fce3e8f8e1f33928e0f17918efd208c8dddf0908f pre_us=0 enc_us=489199 q_us=31 pkt_us=1
[PKT] seq=227 mode=L bytes=68 pkt=0102400003e991aa3e3390aa3e2192ab5a3c9faaff4e8fa9053187a8100596a62015a3a8b936a18eb4459a8dd257948dc753908c3804938c2fff998cff278c8b15078a8c pre_us=0 enc_us=489205 q_us=33 pkt_us=1
[PKT] seq=228 mode=L bytes=68 pkt=01024000ffa9bdb233ddc0b329bdc2b74ec0c3b81bfbc7b9e7cfc7b814b0bdb633f3c0bb1d168f9336218d9353149095475592971e1a8f9737278f9732ec91951bec979a pre_us=0 enc_us=489197 q_us=31 pkt_us=1
[PKT] seq=229 mode=L bytes=68 pkt=01024000edf599a93e27aba93e0d9ca84d539ea7fc359aa6ff0d93a6f400a4a40e0fb6a4c222c38dac4abd8cc949a88cf72da38b2705bb8a2702b18a02169b89fcdf9b8a pre_us=0 enc_us=489199 q_us=33 pkt_us=1
[PKT] seq=230 mode=L bytes=68 pkt=0102400002eba3a8402cc3a8460ab5a7471aa7a5ee45a1a4e9f49ba30710a3a2fe0baba2d925d68cd949c78bd938a78bd85ead8a2918bf890a2ba789f4199088e0ec8d89 pre_us=0 enc_us=489199 q_us=30 pkt_us=2
[PKT] seq=231 mode=L bytes=68 pkt=01024000fecb98af5a0d98b150fba4b372dbabb4400da5b42f04a7b450e2a8b13ebcadb5f4249791071a919111ff91930c469293e43f90932a208f9301f29091f0fb9595 pre_us=0 enc_us=489203 q_us=32 pkt_us=2
[PKT] seq=232 mode=L bytes=68 pkt=01024000019cb7b73fd8baba26d1c0c052c8c3c34ad8c4c410c7c4c42dc4c1c12cd0c9c928f5979744f398984cd09d9d4cc8a1a10affa2a231e8a2a22bc4a0a005c6aaaa pre_us=0 enc_us=489198 q_us=31 pkt_us=1
[PKT] seq=233 mode=L bytes=68 pkt=01024000ffb4bfb23cdec8b435cac4b861c3c9ba35f6c6bbfaaac2ba24d5beb826bfbebd17058f933a088b934b169096441e91981c4892984a1c959818d3939711c89b9c pre_us=0 enc_us=489202 q_us=33 pkt_us=1
[PKT] seq=234 mode=L bytes=68 pkt=01024000feef90ac501c92ac47019bad5b1d98ad0d33a3acf9069aac27a7a2aa550cabacf816a18f0634978e0f3a928f0b47948e271e8d8e0d07928e061d8c8de0e68e8f pre_us=0 enc_us=489201 q_us=32 pkt_us=2
[PKT] seq=235 mode=L bytes=68 pkt=0102400002ca95ac2c1d96ac40e39cad5b15a0ac09429facf606a1ab0ef89ea94b0eb2abc033928ecb498b8ed9578b8ed864898e4a38878d252a868df139888cf52e888e pre_us=0 enc_us=489203 q_us=33 pkt_us=1
[PKT] seq=236 mode=L bytes=68 pkt=0102400000e591ab271e95ac44ed96ac53378fac143a8eab051a8cabfad08ba9610997aab423958ed44b8b8edb518c8ed8688e8e3b268e8d17178e8d03288f8ce7238d8d pre_us=0 enc_us=489203 q_us=33 pkt_us=1
[PKT] seq=237 mode=L bytes=68 pkt=0102400008c596ac4a0a99ad42e39aae6222a2ad1930a3adfc0499ac0dafa2aa5b13adacda2b938fe12d8b8ef7478d8f055d898f392b888e271f8b8e0e2e898de7fa8b8f pre_us=0 enc_us=489202 q_us=33 pkt_us=1
[PKT] seq=238 mode=L bytes=68 pkt=010240000db5acaf4df1bbb052dec0b36804bab30c15cbb406cac1b311a4b4b15ff8b5b4f2168e91052b899120438b921f4b8d93462488932a1b8b9313168e910dfc9295 pre_us=0 enc_us=489198 q_us=30 pkt_us=2
[PKT] seq=239 mode=L bytes=68 pkt=010240000cc9a9af4700b3b04de6b4b25f0dc0b2091bbdb204d8b4b212a4b3af6402b3b3ec0d8d90eb35899008348b91fa648a92350c8a9217178c9206458c90120e9193 pre_us=0 enc_us=489199 q_us=33 pkt_us=1
[PKT] seq=240 mode=L bytes=68 pkt=01024000fbdc90ac440e8fac470996ad532190ac1e2992ac02fc8dab0fb79ca9571ca3abe60b968edf378e8ef53c8c8e0e408f8e21488b8d20198e8d0335888cf0de8d8e pre_us=0 enc_us=489200 q_us=30 pkt_us=2
[PKT] seq=241 mode=L bytes=68 pkt=0102400003b896ae5011a0ae51ed9eb060eea0b01536a1b0ffefa2b017b99fad5c0da5b0f826969009258b8f28398f9020598e91232e8b901c108c9012168e8f07f29091 pre_us=0 enc_us=489200 q_us=32 pkt_us=2
[PKT] seq=242 mode=L bytes=68 pkt=01024000fda6c0b146f0c2b22dddc2b558cbc5b73108d4b7fcb5c3b611b9beb445fec1b822188c923f068b9244f08f94373d8e951a4489952b268f953a098f941cea9398 pre_us=0 enc_us=489201 q_us=33 pkt_us=1
[PKT] seq=243 mode=L bytes=68 pkt=01024000ecec8fa81b2d93a827f08da72f4f8ea5025e87a4052d86a4fff991a221279aa2b334b98ca03da48ba35da58bb36e9e8a1130ac891d1ea989db569d88c80a8c89 pre_us=0 enc_us=489204 q_us=33 pkt_us=1
[PKT] seq=244 mode=L bytes=68 pkt=0102400004dc90ac452698ad490998ae3c289eadfc3197adfa0197acf0bba4aa1f1baaacd729a08fc641918ed343958f055d928f4f20948e3516918e1d348c8d32d48f8f pre_us=0 enc_us=489202 q_us=30 pkt_us=1
[PKT] seq=245 mode=L bytes=68 pkt=01024000f7ee97a73641aaa72d019ba63b3aada4f8489ea2fa058ba205db8ea01b339ca0c232d58cb83ec28bd045b68ad961bb89230fb8890505d788f355ab88e3ee9588 pre_us=0 enc_us=489201 q_us=33 pkt_us=1
[PKT] seq=246 mode=L bytes=68 pkt=01024000d7eb9caaf230c8adfdfda1a70a4cb9a4024cb9a400f493a3d4de999f18299f9fbf36ee8aad4ee388d057ca88fd3ad1870fd2118705ecdb86f446ba86f3dfa586 pre_us=0 enc_us=489199 q_us=33 pkt_us=1
[PKT] seq=247 mode=L bytes=68 pkt=01024000f5ed9ba93539b5a84603a6a85732a4a6f55c9ca5f0198ca505f793a33339a2a3bc22c58ca246ce8ca43faa8bbe49b18a2702c58afddcc28aed35ad89dada988a pre_us=0 enc_us=489198 q_us=31 pkt_us=1
[PKT] seq=248 mode=L bytes=68 pkt=01024000ccf1bab0f528cfaefaf2b3a32040b29fe252f3a7ed01ad9debeea89a032ba699b9340187ac4bdc85b546cb86db51d68518f20383fd0cd985e661be84e500a384 pre_us=0 enc_us=489197 q_us=32 pkt_us=1
[PKT] seq=249 mode=L bytes=68 pkt=01024000fceba2ac3936daac2708b1a8441fa9a4ca47a3a2d21393a202cb97a03535b79fcd33f38aba43c689d331bb89ed5ac488441fcc880a01ae88f0519f87e0ea9388 pre_us=0 enc_us=489199 q_us=30 pkt_us=1
[PKT] seq=250 mode=L bytes=68 pkt=01024000f6eb9ba51f20c1a856f4ada459f3aca16c02c8a1313cd6a02109a99d5f3fce9be316dc89ec29c887e519b187f641a886a950e385f764c585f231ad85d72ea285 pre_us=0 enc_us=489198 q_us=33 pkt_us=1
[PKT] seq=251 mode=L bytes=68 pkt=01024000f3e6b0a71718d4aa49f5a3a353f9989e6827b09e1a4aa69c11ed949a62419c99d314f389d923c886d442ae86de4dae86b661bd85f850a385f6459f85bf399085 pre_us=0 enc_us=489201 q_us=33 pkt_us=1
[PKT] seq=252 mode=L bytes=68 pkt=01024000f6e3b0ae1afdacaf4dfeaeb11204adb24feaadb14700b8b110bfb1af4602b7b214128b9031138b903fdb8d9157f790922fed8e91295c8b913f258b900d0e8e93 pre_us=0 enc_us=489197 q_us=31 pkt_us=1
[PKT] seq=253 mode=L bytes=68 pkt=01024000f2d796ab09f19aac35f1a3ac35dda8ac53ffa0ab63029caa3aef9fa951fba5aa0702928e2a118b8e3fe38b8e4de38a8d3a2e8b8d3b598b8d3e218a8c1b188a8d pre_us=0 enc_us=489200 q_us=32 pkt_us=2
[PKT] seq=254 mode=L bytes=68 pkt=01024000f8f093ac2a1094ad62f995ae48dc96ad65f5a2ad5affa5ad48f8a4ab3b05aeadf70f9d8f0b28958e0ff6978f2ffa998f193e918e1b6c8e8e20fa8c8dfc078d8f pre_us=0 enc_us=489197 q_us=31 pkt_us=1
[PKT] seq=255 mode=L bytes=68 pkt=01024000f7e5b3af0d02b1b048f5aeb2f5daaab344e9b0b361f2b7b31cb8acb02cddb3b4180e8b91371d8b9039d88f9259ee9293300290922b598c92480b9091050f9294 pre_us=0 enc_us=489200 q_us=32 pkt_us=2
[PKT] seq=256 mode=L bytes=68 pkt=01024000f1e091ab060195ab48f795ab1fe295ab50eb94aa521195a914c098a844ec9ea911109d8e2f1b948d43ed988d4ee1958d3739968c2959928c49028f8b071d918d pre_us=0 enc_us=489200 q_us=31 pkt_us=1
[PKT] seq=257 mode=L bytes=68 pkt=01024000f1db90ab1a0192ab39e9a3ac1df99fab560ba9aa57219faa2ce69ba83001a3a90b06988e271d8e8d40e08b8e4be6908d3431888d326d8a8c4322898bf2208b8d pre_us=0 enc_us=489204 q_us=33 pkt_us=1
[PKT] seq=258 mode=L bytes=68 pkt=01024000fcedb2a9fafea7a951fb9ca9f1d899a75905a3a63e19a0a638e5a0a42d06a6a5060ac48d2422af8c3d08a18c58fba38b30029d8a285d9e8a23289089e6f88e8a pre_us=0 enc_us=489199 q_us=30 pkt_us=2
[PKT] seq=259 mode=L bytes=68 pkt=01024000f2e595a51b08a0a55a1092a33a028ca0600d9e9f2c3bc09f29e09f9d2f27a99ded0ac98b0229c08a1109b3892bffb088f849c8870864bb8712189686d7129687 pre_us=0 enc_us=489199 q_us=33 pkt_us=1
[PKT] seq=260 mode=L bytes=68 pkt=01024000efe890a9ff0b93a94ff295a921f49aa74fef97a6461da0a607ee9ea42f04a6a50a06ad8d2e219a8c45f7908c52ea8f8b2d3e928a24618b8a3c138a89020d8a8a pre_us=0 enc_us=489202 q_us=33 pkt_us=1
[PKT] seq=261 mode=L bytes=68 pkt=01024000f3e9a8a40f1bb3a35507aaa148d7a09e5801bf9c1551db9c1824ac9a2b3fb599d50fdf8aea37c089c721b388da48bf86bd66df86216abb86fa35aa85db129b85 pre_us=0 enc_us=489200 q_us=31 pkt_us=1
[PKT] seq=262 mode=L bytes=68 pkt=01024000f6f598a81b1daba751e396a74eeca5a56609a1a33f2da6a309f69da12e15b4a2f014cc8c0321b18b18fe998a38189e8a0048c989c75aaa890b1a9688df178d89 pre_us=0 enc_us=489201 q_us=32 pkt_us=1
[PKT] seq=263 mode=L bytes=68 pkt=01024000efda94ad01f591ad46e991ae26f28cae601187ae5efe89ad48c494ab6ff797ad03fc9f8f30ef9e8e3bd8a48f56ebab8f3325ae8f3b47a78e310a958d430e9f8f pre_us=0 enc_us=489202 q_us=31 pkt_us=1
[PKT] seq=264 mode=L bytes=68 pkt=01024000f4ecb7a51908aaa6550daaa151d1ab9e642ee6a1313ad19f3c0ca19c685fb39ad30be589d222ca87c334b687db46c586af65cf84fc66b884e95ea584d0679885 pre_us=0 enc_us=489199 q_us=33 pkt_us=1
[PKT] seq=265 mode=L bytes=68 pkt=01024000f1f78ca712fc8fa65cf18da558f48fa369128ba23b4f8ea13e2394a060369ca0ecf9b38cff23a28a091da08a2f429489045b9d880f609288102a8b870b448788 pre_us=0 enc_us=489198 q_us=31 pkt_us=1
[PKT] seq=266 mode=L bytes=68 pkt=01024000f2db91aa18ff96aa56ef93ab57fb96a96d149ea94823aea84514aba66c1dbaa8ee0e948e0b178a8d1a088e8d341e8b8c014e888c0f6e858c2024868b2841858c pre_us=0 enc_us=489202 q_us=33 pkt_us=1
[PKT] seq=267 mode=L bytes=68 pkt=01024000f5db93aafbf895aa28e098ab23d09baa651595a95a209ea83d0ba2a7642fb3a8ff0a938e190c8c8d3f098b8d57138a8c43338c8c1d6a878c4148878b4751868c pre_us=0 enc_us=489204 q_us=33 pkt_us=1
[PKT] seq=268 mode=L bytes=68 pkt=01024000f8e99bab1d0597ac57019cac530ba1ab6b049bab4b22a8aa35cd9ba86c1dabaaef03928e081e918d1c0a8e8e3afd8d8d0c4c8c8df055888d17218d8c1515898d pre_us=0 enc_us=489199 q_us=31 pkt_us=1
[PKT] seq=269 mode=L bytes=68 pkt=01024000fae898a9240491a93d1098a9561791a772ff89a63f328ca634f690a46c2797a5ebfb948dfd14958c1404908c29119a8b034aa08a065e978a1a3e9289163f8e8a pre_us=0 enc_us=489201 q_us=33 pkt_us=1
[PKT] seq=270 mode=L bytes=68 pkt=01024000f5ec91a9100191a9450f94a8510197a76f098ca6553da0a544e99ba46c26a8a4e8fd9b8dfb12948c1801918b2e088c8b034e958a006a898a23408a892046888a pre_us=0 enc_us=489202 q_us=31 pkt_us=1
[PKT] seq=271 mode=L bytes=68 pkt=01024000f2f391a8130491a850f895a7570996a5661191a43d359fa4320996a25627aaa2eff2998cfe1c8e8b0e248b8b2f1b898a075f8a8912608489123b8688023c8489 pre_us=0 enc_us=489204 q_us=33 pkt_us=1
[PKT] seq=272 mode=L bytes=68 pkt=01024000f6e8b0a70f10baa45109ada041e4b79d5023ca9dfc4dd69ae528c3971f4fe495d40cec87d819c186d42fc085f422da84e84ceb83254db8832037b983e921b183 pre_us=0 enc_us=489200 q_us=33 pkt_us=1
[PKT] seq=273 mode=L bytes=68 pkt=01024000f5e79aa71c169ca659009fa545119ca35afb99a22038a1a107cb9ca02810a39ff70dcc8bff34b98a1402a38a2613a489155bb088eb71a688061d9787fb3c9488 pre_us=0 enc_us=489198 q_us=31 pkt_us=1
[PKT] seq=274 mode=L bytes=68 pkt=01024000efc794ac05f895ac00caa0ad1ad4a0ac3ee590ac5ae78cab250c96a944ba98ab0813958e35fe8e8e4bde8e8e57e1908e6310948d2d5c918d29268a8c3a48908e pre_us=0 enc_us=489198 q_us=32 pkt_us=2
[PKT] seq=275 mode=L bytes=68 pkt=01024000ebea8da9f5fc92a91bd990a923e98ba85de794a7580c95a738f398a54efd9fa6020da48d2c03948c4ce79a8c58ef9e8b550c8f8b2669908b3c1d8c8a3c278b8b pre_us=0 enc_us=489201 q_us=31 pkt_us=1
[PKT] seq=276 mode=L bytes=68 pkt=01024000f9be9ead03eda5ae3ac7acb000bda7b066cdaaaf6908abaf37f6a8ad66f5a6af021191902b0c8b8f30f68e905bfd91904b2e8d90366f8c9031248b8e4b299191 pre_us=0 enc_us=489200 q_us=33 pkt_us=1
[PKT] seq=277 mode=L bytes=68 pkt=01024000f3d4a6aefee0aaae21deabb025dfa7b057ddb6b05beeb8b03ae9b0ae56e3b3b007028f9027f88c8f42c58f904ddb92915e018b9035578c903ff28d8f65008f92 pre_us=0 enc_us=489200 q_us=31 pkt_us=1
[PKT] seq=278 mode=L bytes=68 pkt=01024000f1cfa1adfce1adad3ce5b0af0db1acaf5ac9aeae5103afae1ef0aeac48dab2ae070c8f8f290f8a8f40e58c8f5cec8e8f49158d8f255f8a8f36f68a8e4a278d90 pre_us=0 enc_us=489200 q_us=33 pkt_us=1
[PKT] seq=279 mode=L bytes=68 pkt=01024000eff395a503149aa4490c99a3450393a06205949f29319c9e1c0d969d2729a09cee05c38b1a2eb8891cfda0883c2cac87194ca387077194870b289186fb328886 pre_us=0 enc_us=489201 q_us=31 pkt_us=1
[PKT] seq=280 mode=L bytes=68 pkt=01024000f6f98da918188ea959fd93a84f0d93a75e0493a63b439da5212194a43522a5a4f105a18d0823958c0f108f8b280a8c8b03438b8a0c68868afc0e8a89ef0c858a pre_us=0 enc_us=489202 q_us=33 pkt_us=1
[PKT] seq=281 mode=L bytes=68 pkt=01024000f8e8aaa71f06a7a75cfb9aa65feb9da46af3b1a35531b8a24022aca14905b2a1ecf7cf8c0129bb8b0110a08a302fa5890755c289236fb28901019888d4039188 pre_us=0 enc_us=489199 q_us=31 pkt_us=1
[PKT] seq=282 mode=L bytes=68 pkt=01024000fcadbdb111ebbeb23ff5beb61ac1bdb768d7c3b86bdec2b739cebab550b1bdb90e0a8d9236f58d9242cf909463e2939648f591964e3e919629df91942af59699 pre_us=0 enc_us=489203 q_us=33 pkt_us=1
[PKT] seq=283 mode=L bytes=68 pkt=01024000f4abbab107c8bcb33cd1bbb616c0bcb85da9beb854c2c0b831dabbb54ac1bdba0b0b8f9231fc8e9245c8929563e99496470193962b4992963ed8929445ef9899 pre_us=0 enc_us=489203 q_us=31 pkt_us=1
[PKT] seq=284 mode=L bytes=68 pkt=01024000f1ec95a8071098a83fd89da739f895a665038da5361996a41bc49ca3510da8a3f213ba8c3118b18b29ce958b551aa08a2a1da78a1c5c9e8926ff8d8928268a89 pre_us=0 enc_us=489202 q_us=33 pkt_us=1
[PKT] seq=285 mode=L bytes=68 pkt=01024000f1c2c2ae06d0c0af4bdec3b041d6bfb16ef0c4b05b03cdb03ce7bfae73f0c1b1f0058a901b0e898f370e8a9154158b913a3b89902a7087902835888f40398b92 pre_us=0 enc_us=489197 q_us=31 pkt_us=1
[PKT] seq=286 mode=L bytes=68 pkt=01024000f2f19aa61701aca54de79ca357f59ca1730ea3a04e389f9f46f9969e6631a69de80ac48b0409aa8a11ff9d891e2aa5880548ce871874c2871b2da287fd2cb387 pre_us=0 enc_us=489201 q_us=32 pkt_us=2
[PKT] seq=287 mode=L bytes=68 pkt=01024000f6cf95ad1be2a3ad5df2aaae5be9a5ae72fea9ae5f1fb1ad47d9adab720dadadebfb958f081d8b8e220d8c8f3a268d8f17448a8f0570888e181e888d2f2c8d8f pre_us=0 enc_us=489201 q_us=31 pkt_us=1
[PKT] seq=288 mode=L bytes=68 pkt=01024000f7d99fac16fda7ad56f2a5ae5ed7a5ad7004aaad4b2ac2ac3ee2b0aa6d1dc3ace5048f8ff41e898ee2368b8f003f8a8eca65898e1d70858e0d39878df34b868f pre_us=0 enc_us=489203 q_us=33 pkt_us=1
[PKT] seq=289 mode=L bytes=68 pkt=01024000fad49eac15eea5ac59f5a4ad55d89eac72fba4ab4c21c2ab39d6b0a97214beabf0088f8e0419898e122d8b8e2f318b8e035f898d016e858d0b3e878cff4f868e pre_us=0 enc_us=489200 q_us=33 pkt_us=1
[PKT] seq=290 mode=L bytes=68 pkt=01024000fbe58faa20fb98a95df996a95deb95a8691495a74736a2a72deba1a56819b1a6f2f99e8dff1d8f8c1221908c311c8d8b145b8d8b2d6c898b1932888a2131868b pre_us=0 enc_us=489203 q_us=33 pkt_us=1
[PKT] seq=291 mode=L bytes=68 pkt=01024000f4e593ab000898ab4be498ab45e397aa6f129aa95b12a0a93ff79ca76808a5a8f4159c8e150c938d3008948d4d10948d2040908c0a678d8c17218c8b27128c8c pre_us=0 enc_us=489200 q_us=31 pkt_us=1
[PKT] seq=292 mode=L bytes=68 pkt=01024000f3d88faa14f292aa52fa95a950d498a8710995a74a219ea73b1e9ba55c22a7a6ed059a8df8168e8c16258c8c392b8c8b0153898b0d72868b1440878a114a868b pre_us=0 enc_us=489203 q_us=33 pkt_us=1
[PKT] seq=293 mode=L bytes=68 pkt=01024000f3cca1ad17e4a9ad5df8a6ae5405a9ae69e6a7ae4f04b2ad23d2a9ab68eeb0aef3068f8f12188a8f2b0d8d8f3b258b8f1e4c8b8f0a64898f17058b8d050b8d90 pre_us=0 enc_us=489198 q_us=31 pkt_us=1
[PKT] seq=294 mode=L bytes=68 pkt=01024000f8f099a6141ecba657fba2a459efa1a26b12a0a1414eaaa036d5949f6a3e9c9edc12e08be615b88ad222af89f032ad88b25eb8880961a488e83d9587c4338a87 pre_us=0 enc_us=489204 q_us=33 pkt_us=1
[PKT] seq=295 mode=L bytes=68 pkt=01024000f2e294ac070392ac41d999ad1c0394ad640190ac411799acf0d996aa1bee94ac0d14938f2e1a8e8e38dc8f8e5c0d918e3b3c8f8e2e688b8e3b0c8c8d0718908e pre_us=0 enc_us=489200 q_us=31 pkt_us=1
[PKT] seq=296 mode=L bytes=68 pkt=01024000e5f0a1a7141fc1a74ffea2a252eeaa9f6c12c19e2f53c99e2527a99b633dbd99d715f189e924c487e020a487f23aa886ca60c9850767b585fe36a385de4c9385 pre_us=0 enc_us=489196 q_us=33 pkt_us=1
[PKT] seq=297 mode=L bytes=68 pkt=01024000f1f8a0a51f0bbfa447f7a1a24c16a29f6c22c69d4026bf9d2ee4a49c5b25c69bee10d48a0d13be891bfd9f882708ab87f94ecf86e168ba86153d9886003b9286 pre_us=0 enc_us=489196 q_us=31 pkt_us=1
[PKT] seq=298 mode=L bytes=68 pkt=01024000f2e895ab170595ac37ed9fac3b0e97ac61f693ab3b21a5abf7c2a2a948fda9aa0c0e938e2a178e8e3ee68c8e4de58f8e28268d8d1860878d3b16898c0f178b8e pre_us=0 enc_us=489196 q_us=33 pkt_us=1
[PKT] seq=299 mode=L bytes=68 pkt=01024000f2ee8ca7170e8da748e696a6420590a46a118fa34a2c8fa31b1898a1672fa6a1ec0fab8c0224a58b12ef978a310b9b890b2a9b89da70a689203690880f478e88 pre_us=0 enc_us=489202 q_us=31 pkt_us=1
[PKT] seq=300 mode=L bytes=68 pkt=01024000eae79ca8142ac6a8fcc7ada7f2ef9aa5ff1793a45d46aaa405c697a25a35a5a29557e08ca62fce8bcb09cb8bd9f5d78af1ead789dd5f0289086fdb88e45b1f89 pre_us=0 enc_us=489200 q_us=32 pkt_us=1
[PKT] seq=301 mode=L bytes=68 pkt=010240000ed091ad1a2591ad03db91af001c92af00118aae5d5695ae12b58aac5c5184ae9b4eb48f9825aa8fd3faa38fdaf6a38f1e2dc48fc146a88f136ec48ee64cec90 pre_us=0 enc_us=489199 q_us=31 pkt_us=1
[PKT] seq=302 mode=L bytes=68 pkt=0102400022c28fb04e289eb116d092b414bd95b5220f9cb57242b1b55c1b91b377409ab7ca42ac91bfec9891bde9af93c8dba594d604a194ef3c9094e946ab92dc26a297 pre_us=0 enc_us=489200 q_us=33 pkt_us=1
[PKT] seq=303 mode=L bytes=68 pkt=010240001aa6a5b35821a6b510049fb9fae7a2bc1406a7bc6f56b8bc7445abba7148acbff9369594f7db9294fecc9c98eef0a09a08d4979a361f8d9a2030959820ff949e pre_us=0 enc_us=489202 q_us=33 pkt_us=1
[PKT] seq=304 mode=L bytes=68 pkt=0102400008acb69f5120c7a309e5aba30edead9c2813bd9b7730d59f663c9fa0734ea5a0fa38d890f3dbb68cefd0aa8defccc48e13e5d58c3b30ad8b30eba18a2b329f8c pre_us=0 enc_us=489198 q_us=30 pkt_us=2
[PKT] seq=305 mode=L bytes=68 pkt=01024000f3f890ad122292aeecb48daff9f78aaf02fa84af592287affae497ad644f90af9950a28fa527998fe20aa490da01a690c107a5900c78a59023798f8e1e6a9f91 pre_us=0 enc_us=489198 q_us=33 pkt_us=1
[PKT] seq=306 mode=L bytes=68 pkt=0102400018ab94af4b1694b02bb495b209dd92b32b1395b36e468bb3500b8fb0715d87b4bb40a39199159b90a8eca392daf0a693c51d9f92b568a592f96a9e913753b094 pre_us=0 enc_us=489200 q_us=30 pkt_us=1
[PKT] seq=307 mode=L bytes=68 pkt=010240001f9b95b04cf5a0b111ebacb40905b5b6271fbbb67656a5b55c4297b3745497b7d3169c92c3e88e92dcd09293ecdc8e95fa0c8a9425478b940b209693ed359197 pre_us=0 enc_us=489201 q_us=32 pkt_us=2
[PKT] seq=308 mode=L bytes=68 pkt=0102400011aa90ac461792ad180998ae081096ae162f93ad6c60a4ad67178dab7b4d86ade636b98fc805ad8ec0d9a38fcdecad8fff03b08e1b35b28efa2fc08d0623d48f pre_us=0 enc_us=489199 q_us=33 pkt_us=1
[PKT] seq=309 mode=L bytes=68 pkt=010240001eb794ae4e1792af08fd94b10d0f9eb2172ca8b16a418cb163348caf774189b2eb37a390ef049c90cee5a091dfef9692f9f59091232ba8910100a1900433a393 pre_us=0 enc_us=489196 q_us=31 pkt_us=1
[PKT] seq=310 mode=L bytes=68 pkt=0102400021a993b14a0d96b21ab597b50bc694b612e093b670549fb6653b91b46c4d9cb8f02f9d92eef49192bcc69a94e8e19d9507f09a9532428d95da09989314268f98 pre_us=0 enc_us=489202 q_us=33 pkt_us=1
[PKT] seq=311 mode=L bytes=68 pkt=010240001d8fbaba3be1bdbde4e7c3c3eacfc8c8f0c5c9c94ce1c9c963ecc6c65dd8cfcf4aea999927db9b9b00dfa1a115eaa7a738fea8a877f4a9a959cba6a63db4b3b3 pre_us=0 enc_us=489198 q_us=31 pkt_us=1
[PKT] seq=312 mode=L bytes=68 pkt=01024000e3eba8ad102ae9aeeeb8c4a9fbbdbfa906bf9ea95e20f7ac10bd98a66d47a3aba351f089a51ccf87b8ffd787e315e985de2408859b7125841d730885356e5a83 pre_us=0 enc_us=489201 q_us=33 pkt_us=1
[PKT] seq=313 mode=L bytes=68 pkt=0102400019ac95ae49fb92ae0ca995b02add98b0260d95b06d2992b055468bad786484b0cc2da290b1f79c8fa9ca9c90aaeb9e91c7faab900c49a190ff4caa8f4e4dc091 pre_us=0 enc_us=489203 q_us=32 pkt_us=2
[PKT] seq=314 mode=L bytes=68 pkt=0102400003b1c7b238f0beb4e2e3c0b7d2bec5bae8acd5ba39eed0ba1f02cab73814f2bc3cf28c932ac28e9304fa9396191392983f548c986e1d8b9862e28d966652889c pre_us=0 enc_us=489198 q_us=30 pkt_us=1
[PKT] seq=315 mode=L bytes=68 pkt=0102400011a198ad451c96ae13e396af100897af2329a8af70199dae43ef8dac76578aaebc3c938fa80e8e8fb6e98f90e6f88f90d20f878fdb51898f2744948e5f3b8f90 pre_us=0 enc_us=489198 q_us=32 pkt_us=2
[PKT] seq=316 mode=L bytes=68 pkt=010240001bb097ab3e0e98ab0c03a1ac1120abab2052c3aa5848b6aa270d8fa8716a85a9c63da98eab0ca58db4e39f8dd8f4a28dd411a78d0333b18c284ecb8b62580c8d pre_us=0 enc_us=489190 q_us=31 pkt_us=1
[PKT] seq=317 mode=L bytes=68 pkt=0102400004a99bb02b009eb1f5ec9db4eee995b6071094b6691196b55b3795b372649ab727f9999213d092921fc4989429d69c9549e69a9451c395944d1695935d308d97 pre_us=0 enc_us=489204 q_us=32 pkt_us=1
[PKT] seq=318 mode=L bytes=68 pkt=010240000ca99aac4c18a5ac1c11acad1919a5ad3740a7ac763e99ac602d8daa7d6585acda2aaa8fca04a88ec9d59d8eedeba98eed0cae8e082ac68e153ed38c2123048e pre_us=0 enc_us=489197 q_us=30 pkt_us=2
[PKT] seq=319 mode=L bytes=68 pkt=010240000fa695ad41fc98ae09f896b019ff91b037118fb0724e9aaf65458fad7d5b8eb0f9fd9890f7d9908f0ee79490fad493900e0894902f3f8c903218918e42348e91 pre_us=0 enc_us=489202 q_us=32 pkt_us=2
[PKT] seq=320 mode=L bytes=68 pkt=0102400016ba90aa34138daa0ed88bab1aed8aa923f587a9700585a8560d88a67b5484a7bc30ba8ea6f9b68db1fcb38dd300bd8cf539be8cc26dd18c1476bc8b1062d08c pre_us=0 enc_us=489196 q_us=31 pkt_us=1
[PKT] seq=321 mode=L bytes=68 pkt=010240000bc091ab37088fab0a0695ab0a069bab212b98aa70548fa967378aa87c5e84a9f318a08ee0f4978dc1e7958df5f7918d070f908c223d958c14489d8b393aa18d pre_us=0 enc_us=489200 q_us=32 pkt_us=2
[PKT] seq=322 mode=L bytes=68 pkt=01024000049f93ac3d0890ad100691ae16fe8dae3c1b92ad744d9bad67438dab785f8badee12988fdef1908ecee7918fe0e3958ff2108d8e0e4d888e0d3d908d38358c8f pre_us=0 enc_us=489199 q_us=31 pkt_us=1
[PKT] seq=323 mode=L bytes=68 pkt=01024000dbdfa7a4111fcaaaefe4a7a5e9c7b8a3fefac0ab660be8b4fee2d2a96945c4be984bef8aa021da86c2f9d586dd0be485c2280984a17a1c832275d683fa715682 pre_us=0 enc_us=489199 q_us=33 pkt_us=1
[PKT] seq=324 mode=L bytes=68 pkt=01024000f5adc1b42df0c0b5c7bfc1bac9c0c8bde2c5ccbd3cf7cdbd340dc7ba39f7d1c036f3909434cf9095f3e595982c05939b5a22929a7c01919b46e89299715493a0 pre_us=0 enc_us=489198 q_us=30 pkt_us=2
[PKT] seq=325 mode=L bytes=68 pkt=01024000f7a8b7b106f5c0b3c2dac0b6c8ccc7b7d5d6d4b82f0bd0b743e6c6b55422f0ba26db909232d98d9205f390954b0f8f9662218a967bed8a9657e98b946c5e8799 pre_us=0 enc_us=489202 q_us=33 pkt_us=1
[PKT] seq=326 mode=L bytes=68 pkt=0102400012a59db23a07a2b30ae9a9b7110ba7b82500a3b96b49adb87649a3b67756c0bb04f29993f9db9393fdd69695f3d1969701e1959744118d972d3990952ff88c9a pre_us=0 enc_us=489199 q_us=30 pkt_us=1
[PKT] seq=327 mode=L bytes=68 pkt=01024000f8aca8b110f7abb3d1eaaeb6d2ebb0b8cae4b6b9231dc0b85822c0b66c27d4ba37f4949233d4929306d595952900989756328f967c1e8b975eec8b956c428d9a pre_us=0 enc_us=489203 q_us=33 pkt_us=1
[PKT] seq=328 mode=L bytes=68 pkt=01024000f1a6b7b609e3bdb8c1c6c1bdd5abc5c0e399d0c100ceccc110d4c5be3093d4c549ec959639eb9397e4e6989b061e9c9e4d56969e7e37979f68f39a9d72709aa5 pre_us=0 enc_us=489200 q_us=31 pkt_us=1
[PKT] seq=329 mode=L bytes=68 pkt=01024000f3dea2a81b1dbda8f6a1a6a7fdc29ca514d194a45b1adea302cec0a2633298a2994bd78c9e34cf8bc50db38bde15bd8ae338f789d0720d890d74d188285e4289 pre_us=0 enc_us=489200 q_us=32 pkt_us=2
[PKT] seq=330 mode=L bytes=68 pkt=01024000f8b4b8b716edbbbac0c8c2c0ddcbc5c4d69ec7c5e5d6c8c418bac7c221b8cdca4bda979727de9899ffdd9d9e06eca1a24638a1a37e29a1a36dd29da1796ca9ab pre_us=0 enc_us=489199 q_us=31 pkt_us=1
[PKT] seq=331 mode=L bytes=68 pkt=0102400015a4a4b1481db5b213e7bab51bf4afb73c22b5b77944d4b7683cc8b4774dd7b9f20e9492eeeb8c92fad49194fef29795170790952f4788951e168b94342b8a98 pre_us=0 enc_us=489200 q_us=33 pkt_us=1
[PKT] seq=332 mode=L bytes=68 pkt=010240000eaca1b04218a5b1f4e6a7b4ffd0a7b521f9abb5743eb5b55c2aa8b36a46c2b70315949100ee8f9105dc9293072a97941f198f94374e8b9411ce8c9202418a97 pre_us=0 enc_us=489197 q_us=30 pkt_us=2
[PKT] seq=333 mode=L bytes=68 pkt=0102400009a490ad480a8ead170a99ae0ff98fae2d1e89ae7a6490ad624393ab79558baddb20aa8fccf0a08ee6cb938fece9a38f0a06b18f164fa38ef135978d2e289f8f pre_us=0 enc_us=489194 q_us=33 pkt_us=1
[PKT] seq=334 mode=L bytes=68 pkt=010240000ed9a5a80918c2acf3c1b6abe5c9c2a90dc9aeae501c09b2fecfaba65936b6ad9f4ac68c9713d789bd05c389d115d688bd21fb87aa76fc850376d187a6684486 pre_us=0 enc_us=489198 q_us=30 pkt_us=1
[PKT] seq=335 mode=L bytes=68 pkt=010240000fa095ad43149bad1eef9daf0bf4a4ae2826aaae6f53a5ae453e94ac77658baec43c9d8fabf7928fb5d0968fd2f4908fd80c8d8f205e8e8ff546968d54559990 pre_us=0 enc_us=489204 q_us=32 pkt_us=2
[PKT] seq=336 mode=L bytes=68 pkt=0102400013a49eaf4c1399b004c6a2b31af09db44407a7b47729aeb35013a5b17a60afb4d2369491d1f39091eada9292f0df969308f38e93123489931a1c8d914a3c8995 pre_us=0 enc_us=489201 q_us=31 pkt_us=1
[PKT] seq=337 mode=L bytes=68 pkt=0102400015a494ae460f99af05dd9eb117ef94b13205a7b1764f9ab15c2b8faf7c5f93b1d2329990d0ec8e90dcd49291e3f89591fcf68a91fe548c91353c938f514f8c92 pre_us=0 enc_us=489202 q_us=33 pkt_us=1
[PKT] seq=338 mode=L bytes=68 pkt=010240001da9a0b0440ab0b107e4aab408fdadb52504b4b66e31c9b54938bab37959c5b7ec149492d4eb8b91ddca9393f8f290941f0e8f94333488942b2d8c93482d8997 pre_us=0 enc_us=489199 q_us=31 pkt_us=1
[PKT] seq=339 mode=L bytes=68 pkt=0102400017a0a8b1410ea7b210e3a8b523faaab6431daeb77635beb65a38a5b47c55c4b8ec0c9292fae78f92fbdb9494f7d597951af98f953843899525258f9343368a98 pre_us=0 enc_us=489201 q_us=32 pkt_us=2
[PKT] seq=340 mode=L bytes=68 pkt=0102400012c294aa3c24a1aa08c69daa14bd98a922dda0a87048dba84afc90a67a5a8ba7b54cc08da816b78dbd01af8cc10dae8cd230df8bef67db8bf85dbc8ad434ee8b pre_us=0 enc_us=489201 q_us=33 pkt_us=1
[PKT] seq=341 mode=L bytes=68 pkt=0102400006b391ac472598ac08fd92ad08fa92ad3114a5ac736298ac594f8eaa7d578bacdd32a28fc7fd938ededd9b8ff6ee9a8efdf58c8efc55948e0f3c988d06429d8e pre_us=0 enc_us=489200 q_us=33 pkt_us=1
[PKT] seq=342 mode=L bytes=68 pkt=010240001b9fbbb13bf6bfb20cfac6b514d6c2b633fcc8b67618d7b65c17c6b47b46e2b8ed0c8d92e9e08c92f4d88d94fecd90951b098c95374487952a0e8a934a338798 pre_us=0 enc_us=489199 q_us=33 pkt_us=1
[PKT] seq=343 mode=L bytes=68 pkt=0102400018a2c7b245fdc2b413eec4b816dac9ba3df8deba7a12dcba5aeac5b77c38eebcf00e8c93e8d38c9306c9909613d4919816f08a98363a87981a0b8e964628889c pre_us=0 enc_us=489199 q_us=31 pkt_us=1
[PKT] seq=344 mode=L bytes=68 pkt=0102400018ae91ac3f2093ac18fa95ad081391ac373297ac784a94ab48e389a9785e84abc03fa28ead09968ed3e3958eda049c8ed821938db852948d1045a18c5042a38e pre_us=0 enc_us=489204 q_us=33 pkt_us=1
[PKT] seq=345 mode=L bytes=68 pkt=01024000e2ffa0a8fb2ccbaaefdba1a7f50da7a50305a6a54146f9ab03d5c5a3634eb6a39c44e38a9f24c688b905c888cb06c587d12cd986b27205850d77b086196f0e86 pre_us=0 enc_us=489196 q_us=31 pkt_us=1
[PKT] seq=346 mode=L bytes=68 pkt=01024000d0e798a9f40dd5ade4ccb8a9e8edaca70ee699ac40dfeaafc8b0a6a7544e99ada753f38bb038b889aafbba8ac60ddd88cf521e87c47e06863c79e68707725b85 pre_us=0 enc_us=489201 q_us=32 pkt_us=2
[PKT] seq=347 mode=L bytes=68 pkt=01024000f2d79ba7ff2bc6abe7c6ada9f1d6a8a8080098a95349e2af10be95a56c4ba3ab9c5af58baa1fce89c1fdd688b311e187ca16f087b23815852075e88641555885 pre_us=0 enc_us=489192 q_us=31 pkt_us=1
[PKT] seq=348 mode=L bytes=68 pkt=01024000d5ebbeaaf81ed4ade2b5bbabe2d7c7aaffdc94a83ad4c6b0e3a7a1a75151a3b2a653d08ba733d889b706bb89de0ae788e33b1f88b27d36863979db8729725e85 pre_us=0 enc_us=489193 q_us=33 pkt_us=1
[PKT] seq=349 mode=L bytes=68 pkt=01024000d8edada6f31aecafdcccb5a6dfcab4a8ee02b8ae231e1cb4e2b5c7a83233b8bba653e08ab12cd886c200e587dc23e285f72b1984e377fa831677fc84056b6282 pre_us=0 enc_us=489189 q_us=31 pkt_us=1
[PKT] seq=350 mode=L bytes=68 pkt=01024000e4e7e1900828d08d030a9f90f7ff9d8f1c41958a5d60d087f2cc968c504d8b8eb42cf88a9e2afa8696f5e485a527de85b24ef785a5180185fc3dbf83c431dd84 pre_us=0 enc_us=489200 q_us=33 pkt_us=1
[PKT] seq=351 mode=L bytes=68 pkt=0102400001e3caaf2b2ac7ab2010a5a31b199a9e3434b19c705ddc9f15058a9c6b4d8998cf14f787cd1dea86b3e4bc86c80cbf85e049c985bf0af484ef30ac84e22aa985 pre_us=0 enc_us=489198 q_us=30 pkt_us=1
[PKT] seq=352 mode=L bytes=68 pkt=01024000f1e6b9a91f1eb1a7211491a4100893a02937969f635c9a9f08c9889d4d48899cba24f189a835d98898fecc88a226c687bd55d0878f35e6860e39b186f22bb586 pre_us=0 enc_us=489201 q_us=33 pkt_us=1
[PKT] seq=353 mode=L bytes=68 pkt=01024000fee9a0a52a23afa52b1fa7a314179ca0413fa89f7066c59f1747979d5644979dd517dd8bda1dc78abc0cb689cc13b188e556b687c236bc87f70ca786b9199686 pre_us=0 enc_us=489200 q_us=31 pkt_us=1
[PKT] seq=354 mode=L bytes=68 pkt=01024000f5e69fa8120498a7f9ef9ba6f0d895a506079aa34a279aa3dacc9aa130fea5a213fec48c2615b08b19fca48a17f9a28a5545a3894c39a3895ad28e8830078e89 pre_us=0 enc_us=489201 q_us=33 pkt_us=1
[PKT] seq=355 mode=L bytes=68 pkt=01024000fae992a9342896a9332998a91c1894a73c5392a66b6296a60b3c94a45b49a0a5e211c48de71eb48cb3faa28cd7149e8bf03b968ae128a18a28039889e3038f8a pre_us=0 enc_us=489201 q_us=30 pkt_us=2
[PKT] seq=356 mode=L bytes=68 pkt=0102400000e8baab301caea7221daaa41a169da02a37a39e7255b5a01e21939c5e48949bd713ea89dc1fd488baf4b587d40dbc86fc48c686ee29c7851117a285e3079c85 pre_us=0 enc_us=489200 q_us=33 pkt_us=1
[PKT] seq=357 mode=L bytes=68 pkt=01024000f3f291a7130e9da613119ea50cea9aa33e0b99a1523a93a1121696a04e23a89f000ac68b1220b08a10fea38a1609a189365bb688344fb08830f18d87f6f68888 pre_us=0 enc_us=489195 q_us=31 pkt_us=1
[PKT] seq=358 mode=L bytes=68 pkt=01024000e2d6df952020c6981d04c5940cf0c6912e29ae916d40c7910fb593914533a591b1250487aa26ff859ae1ef85ae22f184ae5d0b839a402483f91ce083d91cfa83 pre_us=0 enc_us=489201 q_us=32 pkt_us=2
[PKT] seq=359 mode=L bytes=68 pkt=01024000f3e5e3962c21be961316be910d00b78c3b29a78a6f5fdf891c21988d573d988fdd16f787e418e686bfd7e286ce05da85e735f485c2200184fb06bf83dc00d083 pre_us=0 enc_us=489202 q_us=33 pkt_us=1
[PKT] seq=360 mode=L bytes=68 pkt=01024000fce9cbb13420cfac2324b0a41a19ae9f433ecba46758e4a62918979d5641a39cee0ff386f11ad686cdf0ba86cffcb585032ed384d41eb883fdf99784cd15a084 pre_us=0 enc_us=489197 q_us=33 pkt_us=1
[PKT] seq=361 mode=L bytes=68 pkt=01024000ffe9cdb03522d3ab1422a9a31116c19f4842c3a16f5fdba21122919c4e2e9498e50af586e616d686e7e5b886e007c6850934c684eb29c984e2dfa784c3099c84 pre_us=0 enc_us=489199 q_us=31 pkt_us=1
[PKT] seq=362 mode=L bytes=68 pkt=01024000dbe8e48d1021dc8908f39b89f6f9a88c2336b4884b5b0c85ebaa938b42418d89ad25f48aae1dfb87a702e8859f22e784ac5bf88597340e84104fc583d736ef83 pre_us=0 enc_us=489202 q_us=33 pkt_us=1
[PKT] seq=363 mode=L bytes=68 pkt=01024000ffdd8aa7200e8ba6262191a513098aa3533593a1665f97a115128e9f6c42a69fedfcbc8bfb1cae8adb009d8afc08a68917499888002e948829f99f871c2f8688 pre_us=0 enc_us=489201 q_us=31 pkt_us=1
[PKT] seq=364 mode=L bytes=68 pkt=0102400000e98aa9301a8fa9241691a91f0e93a7562196a66c45a9a63f0f97a47444a7a5f2f7b68d0312aa8cf4e99f8c11f19b8b29349d8a0a058c8a22d18e892018868a pre_us=0 enc_us=489203 q_us=33 pkt_us=1
[PKT] seq=365 mode=L bytes=68 pkt=01024000eef28caa0d0691aa11ff99a904ea98a8581d9fa75749a7a710119fa57235b4a60601a38d2116948c09f28f8c14008e8b2b60898b2d25898b4307898a302c858b pre_us=0 enc_us=489198 q_us=31 pkt_us=1
[PKT] seq=366 mode=L bytes=68 pkt=01024000cce0e88df416d28e08fab192e2f4a393102b9b8d212dbe8de5b7968e34148e8d9a1af48ca3270987a216ee85baf0f484c25a2384a9663b831d5ffd83eb7b1483 pre_us=0 enc_us=489201 q_us=33 pkt_us=1
[PKT] seq=367 mode=L bytes=68 pkt=01024000e4e1c390fc18cb8f0f0599920001a0912d378d8b4d47a48808aa908b5c558c88af1b048c9833fd888d07d686971fe685a36f0486ad31ee85e64de684b24f0785 pre_us=0 enc_us=489201 q_us=31 pkt_us=1
[PKT] seq=368 mode=L bytes=68 pkt=01024000e4d8b7ad0a03a9a823089ba314f6969e3f4e8a9e6852949d23c8889a68588898b91b0087ac29f0869c04d886be28ce85c763e885a438ca84ed4fbb84f261d584 pre_us=0 enc_us=489201 q_us=33 pkt_us=1
[PKT] seq=369 mode=L bytes=68 pkt=01024000f6bab3b30ad4b4b4f8d7b8b8e1bdbbbb17bbbbbb50ebbbbbe4bdb8b868e6bdbd17f593932efd94942bfe97973e0899995934999952f79999622697975cea9d9d pre_us=0 enc_us=489201 q_us=31 pkt_us=1
[PKT] seq=370 mode=L bytes=68 pkt=01024000fce1b1a82f18caac3328c1a82719a5a4582be6a87350e4a73524a7a17a51d2a4d903ea8aca0dd187cefdbe87de01ad86f22bc685b81fb1852334ae8513309b85 pre_us=0 enc_us=489201 q_us=32 pkt_us=2
[PKT] seq=371 mode=L bytes=68 pkt=01024000f0e1b8a21f0fc0a1181dc09e0c14b49b4d34c2996f5ac9993d3fb2987047bb96f102e2890508ca8800eac4870215b9852345b9851b1fae852116ad8419249984 pre_us=0 enc_us=489196 q_us=31 pkt_us=1
[PKT] seq=372 mode=L bytes=68 pkt=010240009daaf4d89cb2291b93a6211d9cbe24089db4504596b5735d8e9f354a8a9a7452cf969e11c18faa0bbd8c9fefcc8fc504c08ad039c38ccf2bb284c318ac823521 pre_us=0 enc_us=489198 q_us=33 pkt_us=1
[PKT] seq=373 mode=L bytes=68 pkt=01024000fae8baab3a1bcfab210c9ca4190894a04332a59f7457d5a125ea8d9d713e909bd817f688d61bdd87c1e6b387ce01c086eb4abc86c620cb850120a485f7229586 pre_us=0 enc_us=489197 q_us=31 pkt_us=1
[PKT] seq=374 mode=L bytes=68 pkt=01024000eceb98ad07e78fadefc898aee9ad96ae11b28fae5df98eadd29798ab2aa496ad140b918f2f19928e060b908f2a19948f6e53938f5040918e4f2c8d8d5146948f pre_us=0 enc_us=489203 q_us=33 pkt_us=1
[PKT] seq=375 mode=L bytes=68 pkt=01024000f8c4b7b23aedb1b417ccb2b7219db3b956c4b9ba6904c7b935e2bdb767a4bfbc1c0d8e932eeb9093fed7949600cb989849fc969821088f9812ce939612e9999b pre_us=0 enc_us=489191 q_us=31 pkt_us=1
[PKT] seq=376 mode=L bytes=68 pkt=01024000f1ced5b125dbc0b20cc4bdb5e2acbfb73e99c0b76ffed0b7f1afbdb463a4bdb91e11889227fe8c92d7079194070b92964b4e91953a418a955b15909439359698 pre_us=0 enc_us=489202 q_us=33 pkt_us=1
[PKT] seq=377 mode=L bytes=68 pkt=01024000f4e6b8aa2a1db9a71516a5a11a089b9d4c46979b6f62ae9b2141999a634d9498ed0ff988fe09ce87e2e5ba86f900b5861923bb85f535d4851007af840902a485 pre_us=0 enc_us=489190 q_us=31 pkt_us=1
[PKT] seq=378 mode=L bytes=68 pkt=01024000f8e28ea9141397a90205a5a8e8ea9ca720f892a65e398ea5f1f695a4550fafa41001b08d2cf69e8c1de5938b2cfc998b5b3bac8a4f21a88a4fd08f8953df8f8a pre_us=0 enc_us=489194 q_us=33 pkt_us=1
[PKT] seq=379 mode=L bytes=68 pkt=01024000f4e390a7291ea7a612009aa508139fa24a29a9a16f5fa8a13d3f9a9f723ba29ff217c88b0811b38a01f69f8911179388204d98882526a1880af69787280c8987 pre_us=0 enc_us=489198 q_us=30 pkt_us=2
[PKT] seq=380 mode=L bytes=68 pkt=01024000f6ec9ba61015c9a505f9baa4f2fabea12a20c2a05e42bc9f0e38999e5d22c69d020fd78b210fc08a15f299892417a288454fb8874847ab873f0f948734038d87 pre_us=0 enc_us=489198 q_us=33 pkt_us=1
[PKT] seq=381 mode=L bytes=68 pkt=01024000ebd3d1b10dcdc1b2dfc0bcb5d6a4bdb7149dc0b729f3cfb7bfabb9b40fa2bab81e0389923c088b92190e9194261093957157909560458b95542291945b3f9598 pre_us=0 enc_us=489195 q_us=31 pkt_us=1
[PKT] seq=382 mode=L bytes=68 pkt=0102400004e49da83129cda8251ba8a71b14a7a54d4fb5a47461cba42a299ca2624ea2a2d124db8cc820b98bb2eb9f8bd5149a8ad65db089b347b089d11c998809289089 pre_us=0 enc_us=489202 q_us=33 pkt_us=1
[PKT] seq=383 mode=L bytes=68 pkt=01024000f2bccbaf17dfc1b0e2e8beb3dbbabfb42aacc3b43be0c3b3b5adb7b138e2bbb51a118991340e8a912ad88e92331c8f93634d8d936c4d8c9363f98f916a109295 pre_us=0 enc_us=489201 q_us=30 pkt_us=2
[PKT] seq=384 mode=L bytes=68 pkt=01024000e1e7e5a00725d0950a029a93eceb9a931c1e9e8e4d47c78ce9b18c90452c8993b02dfc87a530f987a1fcf386b421e785b35303859e3706851b2fd084df40de84 pre_us=0 enc_us=489198 q_us=33 pkt_us=1
[PKT] seq=385 mode=L bytes=68 pkt=0102400001d294a82925b1a8341aa2a72d27a0a65048ada5705fc1a5110e99a37558a0a3a81ecf8ca425bb8bae22ab8bb13ca58ac952a589b532ac890b2d9b88b44b8c89 pre_us=0 enc_us=489204 q_us=30 pkt_us=1
[PKT] seq=386 mode=L bytes=68 pkt=0102400002e192a6341ea5a61613a2a42a11a7a2532dbaa17048c8a11fd8a09f793cc19fee16cb8bec1bb78aebf1b089d913b1881544c588f82cba882e059c87222f9a87 pre_us=0 enc_us=489199 q_us=33 pkt_us=1
[PKT] seq=387 mode=L bytes=68 pkt=0102400001d989a9362191a92114a2a9220fa1a75a38a0a66d58a0a60d269ea47540aca5e620c08de121a38cdfeb928ce514938bfd48908afe23928a3a158f89212d878a pre_us=0 enc_us=489196 q_us=31 pkt_us=1
[PKT] seq=388 mode=L bytes=68 pkt=01024000ffe18aa8222193a81d1496a71b1395a549319aa46d5c97a4131796a27354afa3e218b48ce910958be706908bd8108e8afa438b89023f8c891a168b890f438489 pre_us=0 enc_us=489199 q_us=32 pkt_us=2
[PKT] seq=389 mode=L bytes=68 pkt=01024000fed789a82d248ca8212291a71a2b95a54a439ca46c6095a4143f91a2754aa6a2e813be8cdf20a28bcf06988be115938afa4e8f89ef399089250395880b3d8889 pre_us=0 enc_us=489199 q_us=31 pkt_us=1
[PKT] seq=390 mode=L bytes=68 pkt=0102400000ec8da9301c97a9171c9ea9190aa2a76525a3a66555a8a619319ca4733eb8a5f112a18df11b8d8cfa048a8c0013898b1a61898afc3d868a0afe8889093c848a pre_us=0 enc_us=489198 q_us=33 pkt_us=1
[PKT] seq=391 mode=L bytes=68 pkt=0102400003dd94a72f189fa62c1099a519199aa3592ca5a1735fb0a117f7939f764c969fca1edc8bc31ab98ab3f4b38ad326af89d254ac88ba36b0880d309e87fa408e88 pre_us=0 enc_us=489203 q_us=31 pkt_us=1
[PKT] seq=392 mode=L bytes=68 pkt=01024000f8ef8daa2d1e96aa070296aa21ed9ba9592a9aa8654aa5a8131e9ba67329a9a7ef0ea48d070d908d18ee938dfd208d8c3b518d8b2543898b23f28c8a3012898c pre_us=0 enc_us=489204 q_us=32 pkt_us=2
[PKT] seq=393 mode=L bytes=68 pkt=01024000f1e1aeaa1819b4a92c1898a51b079aa1413a939f655d9fa005b78a9e6b4c8b9caf22f889af2ad2879d06cb87af11c987b267be86a147f286f74bb285b94ca686 pre_us=0 enc_us=489201 q_us=31 pkt_us=1
[PKT] seq=394 mode=L bytes=68 pkt=01024000fffb90ab2e1694ab2821a2ac24fca7ab5d24a4aa6f5cb2aa2229a1a86d21bfa9e806a08eef1a938dcaec8c8ee70e8c8ded4b8d8d132f888c15fb8e8bfb1d868d pre_us=0 enc_us=489195 q_us=39 pkt_us=1
[PKT] seq=395 mode=L bytes=68 pkt=01024000fee8da9b2b26c49d18119f9e0a209696404dab905f64bd8f08208c96634e9296cc22ef8abe28d687abffbb87a832b487b756bd87b016cb8600149d85c1239a85 pre_us=0 enc_us=489199 q_us=31 pkt_us=1
[PKT] seq=396 mode=L bytes=68 pkt=01024000f8d9bcb11c1ecdac10ed95a3090c999d242bbe9f6355e8a5f2ae8c9a573a8a99c024fe87ba31d886aaf5c486a524d286c157d085ae4dec831e4cb384d343a785 pre_us=0 enc_us=489198 q_us=33 pkt_us=1
[PKT] seq=397 mode=L bytes=68 pkt=0102400000ebb2ab3a23c7a929139fa71e0db5a54a3ea9a37259d6a3050b91a0644a939ed412ed8ace20cd89bee0b488cb11c187e744be87bf1bc5871129a586ff209a87 pre_us=0 enc_us=489196 q_us=30 pkt_us=2
[PKT] seq=398 mode=L bytes=68 pkt=01024000daeed88f052ddb88f60aa089f6f6b8871839a1865055eb85dea38f8a3c348a8aaf27f98bab32f588a7f9f586c21cef86b155fa859a2a0f852739bc83fe28dd84 pre_us=0 enc_us=489192 q_us=32 pkt_us=2
[PKT] seq=399 mode=L bytes=68 pkt=01024000f4d8c9b42227c4ac0e0695a30bee949e3f47879d6f63a69f050d8a9c5f51879ac524f986ae24ec86a0f7cf86ac23d286d446ee85a8e7ed850429c085bc0bcf85 pre_us=0 enc_us=489198 q_us=31 pkt_us=1
[PKT] seq=400 mode=L bytes=68 pkt=01024000fce2aea94c1ddaa907dacda91ec2c9a731d0caa76cc7d3a647d3bea47b3fdba5ef2fc98d0503d58cf9d6c08ce8dfc78b0c0bc68b425bda8a4767b18a3650b38a pre_us=0 enc_us=489189 q_us=33 pkt_us=1
[PKT] seq=401 mode=L bytes=68 pkt=0102400001e4a7aa3924e8aaf7b4ccaa09b9c5a924cfc7a968ddd8a839a5b1a67b2ed5a7fa32da8e18f3d98d14c6be8d01ccca8c1008c68c4049db8c4152b08b5635b18c pre_us=0 enc_us=489195 q_us=30 pkt_us=1
[PKT] seq=402 mode=L bytes=68 pkt=0102400006d391ae4d0f98af12d4a3b11fc3a0b138e397b16db096b167eda0af762fa8b20128b9900fffb7900ecfb191febeb19105d7c191533be9914643a7902f1cb493 pre_us=0 enc_us=489197 q_us=33 pkt_us=1
[PKT] seq=403 mode=L bytes=68 pkt=01024000f8d591ae2d088daf14e58eb0ffcc8db118cb8db04cb187b056e58eae700d93b0230cad9030eeb88f1ecbb9910cb5b3911cbdb4906201cd905912a98f5f24ab92 pre_us=0 enc_us=489194 q_us=31 pkt_us=1
[PKT] seq=404 mode=L bytes=68 pkt=0102400009c995af450a92af1dec8bb10fe18ab21fc48cb26ac885b160c88baf7d2c8eb2f336ad9002f4a790f7cdb991f3d4b49211f4b891462eb9913d5aa590164cae93 pre_us=0 enc_us=489197 q_us=33 pkt_us=1
[PKT] seq=405 mode=L bytes=68 pkt=01024000fbe2aca92c1ee7a9f9e0d0a80ecbc9a710c8c7a669c4cfa55d0cc8a47a45dba40b2acc8d1bdfc18c0adcb78bfaeecd8b12f7d68a5469e28a4f5aaf893a579c8a pre_us=0 enc_us=489194 q_us=31 pkt_us=1
[PKT] seq=406 mode=L bytes=68 pkt=01024000fdf5a6ab441fccab07fbcaab10d4b3aa20dcbaaa73dcdaa949f9b9a77639d5a8f72fb68e0afbc28d06dbb08d01dcb48d0304b18c3466c58c385da68b2f2c9c8c pre_us=0 enc_us=489197 q_us=33 pkt_us=1
[PKT] seq=407 mode=L bytes=68 pkt=01024000feeb98af390c9cb00ad8acb21ad7a8b32bd2a3b371ceabb263ffb0b07430b9b304229591200d8f900ce09192fcdd939205f7949239639092335b8c91fe5a8c94 pre_us=0 enc_us=489201 q_us=30 pkt_us=1
[PKT] seq=408 mode=L bytes=68 pkt=0102400000cd90ad420e95ae04e99bb009da95b00dd19baf6b9a93af63d796ad79289caf1821bc9021fabe8f05dac790fdd0d19003fbbf905059e8905255bc8e3051c291 pre_us=0 enc_us=489203 q_us=33 pkt_us=1
[PKT] seq=409 mode=L bytes=68 pkt=01024000fcf0a9a8421ad4a816fecfa720d3c2a61dccc2a45ed1d2a42d18b7a2663ecca3f931c48c0810cf8b01d5c48bfbeebf8a0804bf8a2d72e0893660a5891a27a089 pre_us=0 enc_us=489198 q_us=31 pkt_us=1
[PKT] seq=410 mode=L bytes=68 pkt=0102400005db92af3c139bb010f09fb20cce9bb21ae59bb25fb39ab25ad8a3b07827abb30d1fb79029feb19012ccb1920fc6b19208d8b3925121d5924655ab904329ac93 pre_us=0 enc_us=489199 q_us=32 pkt_us=1
[PKT] seq=411 mode=L bytes=68 pkt=01024000f8f29eab3904b7ab10d5b3ac08a8b7ab19b2b5aa66b8c3aa58d3bea87928baa90219be8e27f6c58d18e3b68e0ccca88d23fab38d584cd98d4e51ac8b5c489f8d pre_us=0 enc_us=489202 q_us=31 pkt_us=1
[PKT] seq=412 mode=L bytes=68 pkt=01024000f7ebb7ab2206eeae10c5dbabfbb9cca809d7d2a95cb5d8b057ecd1a87b23d7a60a16d28b2bf4c7891dcab78919e9b38824f2cd884f4fea863c4fa0875656aa87 pre_us=0 enc_us=489200 q_us=33 pkt_us=1
[PKT] seq=413 mode=L bytes=68 pkt=0102400001c790ae44098baf0ef28ab116d389b1360d89b171e384b166018aae7d238db1f51ea890fefda990f3cfb091fedbb0910de2b091422eb491375ca68f5238ac92 pre_us=0 enc_us=489197 q_us=31 pkt_us=1
[PKT] seq=414 mode=L bytes=68 pkt=01024000f9ba9bb2260997b4f4ef96b8bfec9cbae2fb9abb47fd9aba5a1893b8771b96bd27fb9a9331c7969417d6a09630eb9d9837bca09871d8999850fda29767fca99c pre_us=0 enc_us=489201 q_us=33 pkt_us=1
[PKT] seq=415 mode=L bytes=68 pkt=0102400000c99fa91605c0a91be8b1a903b8b0a71cceb6a651b0d5a65209aca47a3fcba50227b38d2cedae8c14cfa58c09f1a78b1f09bb8a4866c28a366393895866a88a pre_us=0 enc_us=489200 q_us=31 pkt_us=1
[PKT] seq=416 mode=L bytes=68 pkt=010240000bd7a7ab320dd7ab0ce9cbab06dcc4ab22c7cdaa63a8bba964fcbfa87e1dd1a9f639ca8ef405c38d02d1b38defddcd8dfffedf8c3d5ede8c335bae8b415caa8d pre_us=0 enc_us=489198 q_us=32 pkt_us=1
[PKT] seq=417 mode=L bytes=68 pkt=010240000cc891ad1cf091ae18f194af1cf18faf29d18dae63cd8aae55ed92ac7a129aae0207a48f1ff29c8f20d39e901bdaa39032e6a38f541ea68f4b319a8e6e479c90 pre_us=0 enc_us=489200 q_us=31 pkt_us=1
[PKT] seq=418 mode=L bytes=68 pkt=010240000bc490ad2a0791ae10e597af0ee393af37ba8eaf5ec492ae600f97ac7e279aaf051cbb8f10ebbb8f1accb89000d0be9013e9c18f5523dc8f4d46ae8e6b43b990 pre_us=0 enc_us=489202 q_us=33 pkt_us=1
[PKT] seq=419 mode=L bytes=68 pkt=0102400007c38fad1ef889ae01d58caf0dc58daf0ed187af40c484ae5b0a89ac7b128baf1513b38f25ecba8f33ceb49018c7b69034dfc28f63d2d68f4c3bad8e7048b890 pre_us=0 enc_us=489198 q_us=30 pkt_us=2
[PKT] seq=420 mode=L bytes=68 pkt=0102400004dda5aa290dc1aa12d7bda915f9c1a819bbb2a756ced7a75ff1b8a57c3edda6f125bf8dfef6c08c17e4bd8cfbd1ce8b1b0cc08b3e58cc8b3d61b28a553ca48b pre_us=0 enc_us=489197 q_us=33 pkt_us=1
[PKT] seq=421 mode=L bytes=68 pkt=0102400004ffc5b10c1cf8b2f8f2e3a3f104dfa0eaf7dba11f20e3aa1927ce99646feb9eb725e188bc33c786d9fbb188e409ac87f50fac86295bb3850261a887f6699a86 pre_us=0 enc_us=489197 q_us=33 pkt_us=1
[PKT] seq=422 mode=L bytes=68 pkt=01024000f4d6ccaf18e0bfb00adebfb2f8e8c4b3fbd6c4b354abc3b358eac0b1780bc7b41206899129f18b911fd28d921ae28c9344f78c926a2b8c92564d8b91693e8c94 pre_us=0 enc_us=489202 q_us=33 pkt_us=1
[PKT] seq=423 mode=L bytes=68 pkt=01024000fee0a8a9431fd7a900f5bca80cf4b4a719f1bda655c7d7a647c0b6a47b39d6a40239c68d13fdd58c04dec78cfdedcf8b06e8cf8a3631e58a3b69a5893f4ea88a pre_us=0 enc_us=489195 q_us=31 pkt_us=1
[PKT] seq=424 mode=L bytes=68 pkt=01024000f7c2a2b02715abb109ceb1b30fb9adb414afaab466a9aeb46118b0b17a15bbb51a29929124e18c9120cd929316da959320f494935862939348478e925e4d9095 pre_us=0 enc_us=489200 q_us=33 pkt_us=1
[PKT] seq=425 mode=L bytes=68 pkt=01024000fea4c3b5240fccb7c1f2d1bcbcdbd6bec6dfdabf0d08e9bf5116ccbc68ffd8c340ff8f9538ca8b9625e48e9a3cfc909c30e68d9c79e9899d52ea909b6cac94a2 pre_us=0 enc_us=489198 q_us=31 pkt_us=1
[PKT] seq=426 mode=L bytes=68 pkt=0102400005aa98b1210795b2ddcc99b5ecdd9db6f2d79ab741bf8eb65d0f98b476ffa1b826069f922dcaa49214b5a39417c7a09544c6a1957a19b295500ea0937126a898 pre_us=0 enc_us=489201 q_us=33 pkt_us=1
[PKT] seq=427 mode=L bytes=68 pkt=0102400005bda0ad1bf0a1ae02caa9af15ec98af18da9caf47bdafae6117acac7a10abaf0a08be8f2ef7c38f34c8b2900ed5b29038dabf8f6a2db98f4b2b9e8e6e449d90 pre_us=0 enc_us=489198 q_us=30 pkt_us=2
[PKT] seq=428 mode=L bytes=68 pkt=01024000f9c592b01e138db1e10290b3d3fd92b4e20392b441d987b45c3799b2700491b51d189c913bdb97910dc399931bed999439c0999378039993430f979264029e96 pre_us=0 enc_us=489202 q_us=33 pkt_us=1
[PKT] seq=429 mode=L bytes=68 pkt=01024000f4bca2b02507a1b2d8ef9ab4e5fb99b602fb99b64f209db567299ab3750fa1b72b0f939236e3909209d5979422e49a9547d3959479129094550a92936e199b97 pre_us=0 enc_us=489198 q_us=31 pkt_us=1
[PKT] seq=430 mode=L bytes=68 pkt=01024000f5d694ad1b068dae0af992aff9f78daf0ae28eae4bd886ae5b2b8eac79099bae1b13a08f2feca48f0fdb9e9017dea8903bd0a58f6a1bb18f54109b8e6b3e9c90 pre_us=0 enc_us=489203 q_us=33 pkt_us=1
[PKT] seq=431 mode=L bytes=68 pkt=0102400003db92af3d0690b008db93b320cd8db325d18bb36ecd87b353f496b1780aa4b40a25a7912401a4910dcaab9219c8b59328f1b3935a2bb892391f9891403ba195 pre_us=0 enc_us=489199 q_us=31 pkt_us=1
[PKT] seq=432 mode=L bytes=68 pkt=01024000f8a2bbb4230bcdb6cdf5c3bbcbe9d5bee8dfcabe29ffdbbe45febbbb70f0c9c232f191953de08c9518ca92993900909c4ccf959c7ac48e9c5ce1989a63d19ba1 pre_us=0 enc_us=489200 q_us=33 pkt_us=1
[PKT] seq=433 mode=L bytes=68 pkt=01024000f995bbbb31efbebec3dbc5c5c1e4cacad1e5cccce2e5cccc37e4c9c95decd3d35c0b9a9a39dd9c9c21e0a4a41be1abab44d7acac7cf5acac65ddaaaa70aab8b8 pre_us=0 enc_us=489194 q_us=31 pkt_us=1
[PKT] seq=434 mode=L bytes=68 pkt=0102400019fcaaab3632e1ab0ce6caac02dbc8ab00c5c7aa49bee1aa2cd3b7a86e39dda9f348d08e07e4cd8df7c5b98eebf0ca8de627ce8d2866da8c4460ae8b345ba38d pre_us=0 enc_us=489201 q_us=32 pkt_us=1
[PKT] seq=435 mode=L bytes=68 pkt=0102400002b28dad240c8baefdcd8baf11a38baf2bbd89af67cf84ae5e0189ac7d218baff115b98f19f7b88f1dd1bb9011b4bb902ae8c28f5914db8f413fab8e6c51b790 pre_us=0 enc_us=489198 q_us=30 pkt_us=1
[PKT] seq=436 mode=L bytes=68 pkt=01024000f7a9c3b82af8c4bac1e8c6c0dbe8cbc4d4ddcec51bfad6c506d4c9c271e9d4ca470093973dca9399f7d19b9e16e49ea245da9da37adf97a361db9fa173aea2ac pre_us=0 enc_us=489199 q_us=33 pkt_us=1
[PKT] seq=437 mode=L bytes=68 pkt=0102400005a596af2d1091b008028eb2fade91b328e890b35b1189b25c0496b07c1693b30f0f999129e2949024cf9a9230eb979231d39792601e9992431495916f4d9a94 pre_us=0 enc_us=489200 q_us=32 pkt_us=1
[PKT] seq=438 mode=L bytes=68 pkt=0102400004bd8eaf2f148bb002e58ab3f8ee88b318068ab35cf186b35ff58eb17d1491b41027af9129e1ab9121c0b29226dab59331e1b0925f15b5924c17a3917147ae95 pre_us=0 enc_us=489197 q_us=30 pkt_us=1
[PKT] seq=439 mode=L bytes=68 pkt=01024000ffba97ad320d95ae04e794aff0eb8faf22c290af70f48eaf52d892ad7c219caf0920998f23f6958f1eef98901dfa9d9036f99c90595a9f8f4b54978e602e9691 pre_us=0 enc_us=489204 q_us=33 pkt_us=1
[PKT] seq=440 mode=L bytes=68 pkt=0102400011d78fad370490ae07f68caf140689af2ee68baf6ce584ae65018aac7c1694af0326a48f00f69d8f11deac9004e3ac900b0fa68f4b36b38f4b4f9e8e242ca190 pre_us=0 enc_us=489201 q_us=32 pkt_us=1
[PKT] seq=441 mode=L bytes=68 pkt=0102400004c393ab25149fac12ec9bac13bd97ac09c290ab60b096ab50dc91a97a1e91aa0e35af8e2ef3c68e17b5b58e1cf1bf8e3bfbcd8d564df98d3c56c08c4d50c28d pre_us=0 enc_us=489200 q_us=32 pkt_us=2
[PKT] seq=442 mode=L bytes=68 pkt=01024000ffb98dab210f8fac01ef8baceace8aac23d687ab63e486aa5bf28aa97b2288aa0d2eb58e26f0b18e23ddbc8e32f0b78d28ddbd8d5624ca8d3c43aa8c6744b18d pre_us=0 enc_us=489201 q_us=30 pkt_us=1
[PKT] seq=443 mode=L bytes=68 pkt=01024000fcc094ac2b048dad02d98aae11dc89ad30ee89ad58e287ac5ed497aa7c2693ac0f18a78f23d6b48e1bc9b38f25c7b88e36eaaf8e6235bc8e52349d8d6d58b18f pre_us=0 enc_us=489202 q_us=33 pkt_us=1
[PKT] seq=444 mode=L bytes=68 pkt=0102400006ad95b038159cb106f39bb4fbf794b51de892b65ecb91b55bca9fb37d17adb716359c922de6939115d49a931ed59b9422c59b94582d9c944e2b939368369697 pre_us=0 enc_us=489202 q_us=33 pkt_us=1
[PKT] seq=445 mode=L bytes=68 pkt=0102400004d698ac3c229dad06d498ae06f692ad2aea95ad69b8acac4bb6a7aa7c27b1ac0733bd8f14eec78e07d9b48ff5edc88ffef5be8e493ceb8e3155a88d4a48c18f pre_us=0 enc_us=489198 q_us=31 pkt_us=1
[PKT] seq=446 mode=L bytes=68 pkt=01024000ffe19caa401bb4aafed6a6aa1fcc9ea839df9ca770c6b4a754e4b6a57b39d3a6f32ac08d05f5c28ceaf4c48cf7e1be8c0917c68b3d67e48b4464aa8a4160a28b pre_us=0 enc_us=489200 q_us=33 pkt_us=1
[PKT] seq=447 mode=L bytes=68 pkt=01024000fed69aaa4215abaa02ea9eaa17c7a9a93fcfb4a871caa5a74db79aa57d2fafa6f22fd38d09ece28cf2ead08c01e6e58c1310e78b40570b8b3e65cb8a4955de8b pre_us=0 enc_us=489198 q_us=31 pkt_us=1
[PKT] seq=448 mode=L bytes=68 pkt=0102400004d49fa9331cc6a906dbb9a90ed3c1a808cabda75abfd2a647cdb6a57915d4a50c37cb8d29edd58c10c2c48c0cddd88b1fdcdb8b5636f58b4a27bc8a624eca8b pre_us=0 enc_us=489201 q_us=33 pkt_us=1
[PKT] seq=449 mode=L bytes=68 pkt=01024000fff1a0a9420cb3a904f9a5a810f2a9a727edaba666d9c5a53ad6b5a37b2dc0a4081db98d10fccc8c08e4cc8bfdf5ce8b06e4cc8a2f40d48a3d53a3894a45a48a pre_us=0 enc_us=489196 q_us=30 pkt_us=2
[PKT] seq=450 mode=L bytes=68 pkt=01024000faefa5a60512c0a53d02aea329ee9da13fd8ab9f6618be9fd9b3a39d562bcc9d0c11e48bfc1fc98ada14af89f331bb88074cc987075fd78731579c86ec459087 pre_us=0 enc_us=489196 q_us=33 pkt_us=1
[PKT] seq=451 mode=L bytes=68 pkt=01024000f4e293a70ffd9da646f4a0a548ea9aa369e898a16d25aba120da9e9f6d13a99f0106ce8bfd1ec08af11ca88a0827b7891d55b9881d56ac8824559687fd468b88 pre_us=0 enc_us=489201 q_us=30 pkt_us=2
[PKT] seq=452 mode=L bytes=68 pkt=01024000f6e897a90afc98a94dfe9ba937f499a75be8a2a66526a4a6f6d29ea45e2faca5080ccf8df91fb88cd4299f8cec32a08b175a978aff60a58a1a5c9289c4398b8a pre_us=0 enc_us=489201 q_us=33 pkt_us=1
[PKT] seq=453 mode=L bytes=68 pkt=01024000f5e28ba914058ea9540399a941ea95a867e291a7681298a727f59aa55f1ea2a5030cb88dfc30a68ce026938cf2389c8b065aa38bff67a18b0959948abd0b8e8b pre_us=0 enc_us=489199 q_us=31 pkt_us=1
[PKT] seq=454 mode=L bytes=68 pkt=01024000eee898a609049aa655fa9aa433ea96a2550397a06708a6a01befa09e5629a69e0b09c78b0c18af8aff14a289011e9d8827349d88314d9f88355b8c8713328987 pre_us=0 enc_us=489199 q_us=33 pkt_us=1
[PKT] seq=455 mode=L bytes=68 pkt=01024000edf98ea9080d8da926f891a809ee8ea72b138ca652008aa500d395a336068fa418199d8d2b19988c2903958b4700968b4c0d988a4a4b9a8a335c8c89251b938a pre_us=0 enc_us=489202 q_us=30 pkt_us=1
[PKT] seq=456 mode=L bytes=68 pkt=01024000f3eb9da80e03a9a74dffb7a649edaca4680c9ca364ffb0a31500a4a14a1abea10d08c48c1c10b78b14ee9f8a1a189b893e21b3893351b18940469888fefa9288 pre_us=0 enc_us=489200 q_us=33 pkt_us=1
[PKT] seq=457 mode=L bytes=68 pkt=01024000f6e7a5aa1310bdaa4706ada83dd8a2a3600faea34915b8a5e80fa4a0303ea89f0212e58afb2fc689e125a288eb42a087fd56b787ef73bc86045f9c86b82b9086 pre_us=0 enc_us=489196 q_us=31 pkt_us=1
[PKT] seq=458 mode=L bytes=68 pkt=01024000f6ecb5a81012aca526169aa12ee7a59e5726a29c4e409e9cfd32909b1e44909aff15f289ef28c488bd2dba88cc44ab87db5ac186006daa86e320a085c8289985 pre_us=0 enc_us=489201 q_us=33 pkt_us=1
[PKT] seq=459 mode=L bytes=68 pkt=01024000efe1d5a80502b0a44712c9a03dfdb59c5cfeb59a5e27cd9f11229f9a483d9c97fc03ed87f62cdc86da32c185e432b084015ad1840061d183164d9a83ce2b9483 pre_us=0 enc_us=489197 q_us=30 pkt_us=1
[PKT] seq=460 mode=L bytes=68 pkt=01024000f5e199a7150e9fa650119ca536f09ea35f019ca26514a5a107199ca044439ba00215d48bfe28b48aea2ea68a0537a089094ca4880c6aa58815539387c8348d88 pre_us=0 enc_us=489200 q_us=33 pkt_us=1
[PKT] seq=461 mode=L bytes=68 pkt=01024000f6e5de991603c89b4a0ebc9931f1b4965d09b595681fdd970aadab984b30ad950411e58a0128cf88eb27b4870b2bb3860f3fb4851b59b5851f4a8e84dd268985 pre_us=0 enc_us=489200 q_us=31 pkt_us=1
[PKT] seq=462 mode=L bytes=68 pkt=01024000f2e8a1a807099ba74dfa92a642d291a461e28ea3713294a316d193a16f1ea2a10105d78c0017bd8be10fad8af028aa890e55ae89155da78926458f88004a8888 pre_us=0 enc_us=489202 q_us=33 pkt_us=1
[PKT] seq=463 mode=L bytes=68 pkt=01024000f6df90ab09fa91ab3aec94ab3ce198aa6afd96a9641199a932f19ea7790a9aa80700968e120d8d8d1ef78e8d241c8c8d433b8c8c4154898c2c55888b464e8b8c pre_us=0 enc_us=489195 q_us=31 pkt_us=1
[PKT] seq=464 mode=L bytes=68 pkt=01024000f4e3a6a7fefdafa620dcada533c9a6a25cf094a15745a2a1252da29f6446a99f070be28beb22bf8abd2da989cb63a388d073b588ea66a488ff428f87a46d8987 pre_us=0 enc_us=489203 q_us=33 pkt_us=1
[PKT] seq=465 mode=L bytes=68 pkt=01024000efe9d393f506dc91280ac58d34fed6895027d0864750e1840545ad8b6b6b9e8aeafbf689ee0fc287d630ac87ce41b9850072c386055fd7852252b483d96dac84 pre_us=0 enc_us=489192 q_us=37 pkt_us=1
[PKT] seq=466 mode=L bytes=68 pkt=01024000eee6c2acf201daa42722c89e2014af984130c8984351be991d49a59752679994eafdfc85f015d085c02fac85ce3bb584f965c6831b52c8831344e883b667c883 pre_us=0 enc_us=489202 q_us=32 pkt_us=2
[PKT] seq=467 mode=L bytes=68 pkt=01024000f5d48fab04db94ab4ceb95ab4ed094aa6ff298a9681996a923e297a77a24a4a8fe02968efe1f8c8df6238e8d11478c8c2651898c1f55898c305f888b0e63878c pre_us=0 enc_us=489201 q_us=31 pkt_us=1
[PKT] seq=468 mode=L bytes=68 pkt=01024000f9e38fa903fa9aa93bfc92a946c996a76ceb9aa66a21a1a61e2b93a474f29fa506f8b68d0003a28cf21aa08c162d978b264b9f8a2d5faf8a37519a890855928a pre_us=0 enc_us=489204 q_us=32 pkt_us=2
[PKT] seq=469 mode=L bytes=68 pkt=01024000f7e98da8feff95a823ef8da741e48da56afc8ca4590a91a427d995a2790398a202fdaf8c17009b8b2d149f8b38169a8a58459f8941449b892d538d884e468c89 pre_us=0 enc_us=489202 q_us=31 pkt_us=1
[PKT] seq=470 mode=L bytes=68 pkt=01024000f0e88ba601fa8ca641fd92a42e0491a25ce48ca061218ca02013919f76429d9efff7b58bfc1aaa8afd0b948901049588375b9d88275c9f884065928738588887 pre_us=0 enc_us=489194 q_us=33 pkt_us=1
[PKT] seq=471 mode=L bytes=68 pkt=01024000f4e69aa5040498a421fd94a254f9969f64109b9e592e979d1c4f949c6c579a9bf804d68af506b089ec349a88e44b9f87f962a7871e6fae861e5ba086d1599186 pre_us=0 enc_us=489202 q_us=31 pkt_us=1
[PKT] seq=472 mode=L bytes=68 pkt=01024000f0db8aa506048ba42e048ea34cf18aa069f08d9f5f2a899eff248e9d65409f9cff0bb78b0712a489fd2ba0890243a5872b5a9987306ba087386b9286fb4f8886 pre_us=0 enc_us=489204 q_us=32 pkt_us=2
[PKT] seq=473 mode=L bytes=68 pkt=01024000f5c9d1ad0aedc8ae4adec6af37e2c4af66c8c8af7014d0ae0ccac6ac6e25dcaf0903878f0b0b878fed1f8890023889902366878f2266868f3a55868e2a588490 pre_us=0 enc_us=489197 q_us=31 pkt_us=1
[PKT] seq=474 mode=L bytes=68 pkt=01024000efd8c4ae07e6b5af19dcb1b134d4b2b135dfbbb15a06c2b019d7baae6aadb9b11900899039038b9032ed8d9142da8e9164198c91483c8991122f8b8f60378e92 pre_us=0 enc_us=489199 q_us=33 pkt_us=1
[PKT] seq=475 mode=L bytes=68 pkt=01024000efc4bcb305bfbab52beebdba0dc5bdbc2ab3bdbd5aa2bdbc2fb2baba73b5c0bf18fb919430e792943ac4969856d0999a69d29a9a4ae5999a2d0a989870fc9e9f pre_us=0 enc_us=489201 q_us=31 pkt_us=1
[PKT] seq=476 mode=L bytes=68 pkt=01024000f0e896a605fda7a610e4aca43fb598a261fd9fa15ff6b1a02823a59f67f3b79e0a0dc48b24fdbd8a2ae8a9893a1ca788572db4884d63bf88354b9e874b2e9b87 pre_us=0 enc_us=489200 q_us=33 pkt_us=1
[PKT] seq=477 mode=L bytes=68 pkt=01024000e8e1acaf00deabb008d3b1b219beadb336deacb360e7bab243efafb065b2aeb31fff8d9137f18d9044d890925dd7929268f6929253228d921a2f8f905f1e9394 pre_us=0 enc_us=489201 q_us=33 pkt_us=1
[PKT] seq=478 mode=L bytes=68 pkt=01024000f7d198ac02f59aac1ec2a0ad2aa6a2ad4fd8a9ac580bb6ac38ffaeaa6cdfa8ac0308928f16f98d8e3ae98f8f52e98f8e562f8c8e3843888e0f4c888d5c368d8e pre_us=0 enc_us=489201 q_us=32 pkt_us=2
[PKT] seq=479 mode=L bytes=68 pkt=01024000f1e5a0ac0dfea3ad19daa6ae48daa3ad6605a0ad58019fad1f259bab44dfa7ad17068d8f2e028a8e3af48d8f46128e8f5f248d8e51548d8e1f038a8d370e8d8f pre_us=0 enc_us=489202 q_us=33 pkt_us=1
[PKT] seq=480 mode=L bytes=68 pkt=01024000efea8fa9f8ec8ea939f593a9260e8fa851ef8fa75a0895a61be597a54d01a9a506f99b8d240a908c37f98d8c380a8d8b51238c8b4252898b0f57888a424f868b pre_us=0 enc_us=489199 q_us=31 pkt_us=1
[PKT] seq=481 mode=L bytes=68 pkt=01024000f4ee97a90df8ada850e1aea84feec2a66bd9bca56315c9a52027ada35e0db3a40e16c08d0518b78cd918b08bde38a68a1a5bb08a0b66bd8a1c289489ed42908a pre_us=0 enc_us=489201 q_us=33 pkt_us=1
[PKT] seq=482 mode=L bytes=68 pkt=01024000f3df91ab08ef9bab41dd9cac2fbb9eab63cfa1aa60e29eaa0a019ca863e6a0a9100a9e8e2307918d2303928d341d908d58398d8c445e8f8c34348b8b2e3c8c8d pre_us=0 enc_us=489202 q_us=30 pkt_us=1
[PKT] seq=483 mode=L bytes=68 pkt=01024000f4e18ba9070193a84beb90a83ee98fa662e992a5640d9ba5270c96a36510a5a30614c38c011dab8cfb079a8b042da08a2e59ae8a1b61ab8a1c5a9489f5648b8a pre_us=0 enc_us=489204 q_us=33 pkt_us=1
[PKT] seq=484 mode=L bytes=68 pkt=01024000f2e997a80dfda0a84ef59aa84ae698a665dc9ea56d1bc0a414dc9ea37415c6a30606cf8c0113c28bea119e8bf329a58a1a49ae8a1c4fb18a294b95890b489489 pre_us=0 enc_us=489191 q_us=31 pkt_us=1
[PKT] seq=485 mode=L bytes=68 pkt=01024000fccca2ae07edafaf4ad1b4b159d2beb272f8c0b26c0bbdb10ee8baaf79f6beb20a0290900ffe8a90f5178d91073e8c921d498a910e638b912a418a900c4f8d93 pre_us=0 enc_us=489199 q_us=32 pkt_us=2
[PKT] seq=486 mode=L bytes=68 pkt=01024000fde199a709fdaaa629d0b3a556dea0a36afbaaa16626cba10618a0a07941bb9ffeffd68bf919b38ae02fa88ae13fba89ee60ae880362b0882f579b87d66c9588 pre_us=0 enc_us=489201 q_us=31 pkt_us=1
[PKT] seq=487 mode=L bytes=68 pkt=01024000fdd49dae05e8aeae40b3afb05ae9a8b07001b6b0740db8b0240ab3ad7a11b1b0f2ff919008fa898f08018e900af98f913a408a904154899048548a8f57368d91 pre_us=0 enc_us=489201 q_us=33 pkt_us=1
[PKT] seq=488 mode=L bytes=68 pkt=0102400000d997adf7fc9cad1ad8a1ae3dd29fae4ffb9dae4e279fadeacc9eab63c5a4ae0b0b978f26fe908f39e4938f41f5938f5cf0928f531c8f8f323b8e8d6e188f90 pre_us=0 enc_us=489202 q_us=31 pkt_us=1
[PKT] seq=489 mode=L bytes=68 pkt=01024000f8f48caa040a96aa40e994a949f894a864ea9da76a2c97a711179ca5703aaca6ff02a48dfe11908ce12c918cee2b918b0c628c8b13718e8b23628a8ae458868b pre_us=0 enc_us=489201 q_us=32 pkt_us=2
[PKT] seq=490 mode=L bytes=68 pkt=01024000fbe098a606fda6a525dfa1a452f4a6a169eca2a06d23b9a0060d9d9e7630c79dfdfbda8bfcfdb58a032dbc89f63cc688185bc9871161bb872d4d9787fc5e9887 pre_us=0 enc_us=489198 q_us=31 pkt_us=1
[PKT] seq=491 mode=L bytes=68 pkt=01024000f8f28aa9010d92a933f090a84cf190a7611d94a6664793a6062494a4622ba4a40213a78dfb12928ce00f958cf330938b0b5e8c8a1d6d8d8a14618b89db6c878a pre_us=0 enc_us=489202 q_us=32 pkt_us=2
[PKT] seq=492 mode=L bytes=68 pkt=01024000f4e191a80cfda4a843f09fa749ec9aa566e99aa4691aa3a3081697a27840a3a20008c18cfa0ba58bef1aa08bf32ea38a1557a989135fb58930619688f46a8b89 pre_us=0 enc_us=489202 q_us=33 pkt_us=1
[PKT] seq=493 mode=L bytes=68 pkt=01024000f8ec94ac0d0596ac42cb93ad4eeb95ac710f94ac6f1c92ab26ef96a974f997ab0b059a8e03fb978eee159d8e0709978e2758988d2d54958d2525928c02259b8e pre_us=0 enc_us=489199 q_us=31 pkt_us=1
[PKT] seq=494 mode=L bytes=68 pkt=01024000f5e88daa03009caa39e496a93fd592a86bf393a7711991a733f198a57729a2a60112b68dfa029c8cf70d9f8c1331a08b2b4ea68b2c5da48b2263928a055a8e8b pre_us=0 enc_us=489202 q_us=33 pkt_us=1
[PKT] seq=495 mode=L bytes=68 pkt=01024000f4e49ea60f0dbaa742f59da438f0a3a162d2aaa16837c0a1fd28aa9e5c3bab9e0408db8bf618b889d325a088e434a3880365b2870065b28620339586e7498887 pre_us=0 enc_us=489202 q_us=30 pkt_us=1
[PKT] seq=496 mode=L bytes=68 pkt=01024000f3ebc0ac0e0fcea732eea4a235eea7a05febb69d6530cb9ffd22a29b59489c9bfd0ff788f520cc87d22aac86e239ba86fd62bf86fd64b285193b9e85d4599085 pre_us=0 enc_us=489197 q_us=33 pkt_us=1
[PKT] seq=497 mode=L bytes=68 pkt=01024000eee2e4960204ed8e140cc88d2b0bc68d4506db8b5658d788f5339d8c2c40978bf600ec88ea19e488ae48b786de44c785f272b684f150bb841c2fa583eb559783 pre_us=0 enc_us=489196 q_us=31 pkt_us=1
[PKT] seq=498 mode=L bytes=68 pkt=01024000f5e5a3a6120daaa942fc9ea54ae19aa269e6a3a06524b0a20bee9b9f66309a9eff15e68bf625cb89dd1faf88e545a188fe5ebc87f460b1861a439386d84b8b87 pre_us=0 enc_us=489203 q_us=32 pkt_us=2
[PKT] seq=499 mode=L bytes=68 pkt=01024000f8ea9ea5150fc3a43ef8a8a340eab4a069cba49f631eca9ef8f1b29d4f0fd39c0411d38b0325d689f424c089fb31c987185dc6871942d9871b329b86e01b9186 pre_us=0 enc_us=489199 q_us=31 pkt_us=1
[PKT] seq=500 mode=A bytes=68 pkt=01024000f3c4c8b124f6c3b3e5dec5b6ded9c9b80ca1c1b948c6c4b84ae1c1b66702c3ba2f0d8c9210108b9318fe8e95082d8d97261792966bf39096581590955de3949a pre_us=87327 enc_us=489032 q_us=35 pkt_us=2
[PKT] seq=501 mode=A bytes=68 pkt=01024000f7ebb3aef62fd2b6e61bb3a9d02fb3a3e14bdda02527cb9ff0369d9c324aba9a081b0387d81b0485d1f0fe85d7f7d985db0fbc85af44c485da30b485ba22a485 pre_us=87288 enc_us=489027 q_us=33 pkt_us=1
[PKT] seq=502 mode=A bytes=68 pkt=01024000af07e390a92a25a7aa121196a707189bc615fd97ce6ef29b8f32289cc46a169bc2201cc7bdd016aec6d7069ed1ba0795ebc9198d3cfc318ae6b3ff8503dd2a85 pre_us=87296 enc_us=489023 q_us=33 pkt_us=1
[PKT] seq=503 mode=A bytes=68 pkt=01024000fbeb8baa19258eaaf70391aa020a95a810ee9da773d29ca73844a6a57114a6a60f1ab18ded32ab8ce91ea68ce221a28cfd40968bf841978b011c898ae52b8c8b pre_us=87293 enc_us=489032 q_us=36 pkt_us=1
[PKT] seq=504 mode=A bytes=68 pkt=01024000f8edaaa70c23b6a6fb0599a50831bca3101eaba26a02ada236379aa06b159da01314dd8cf323c48ad30ac58ad309b689f32e9d88e94c9e88eb038e87cd298e88 pre_us=87299 enc_us=489031 q_us=35 pkt_us=1
[PKT] seq=505 mode=A bytes=68 pkt=01024000f3e9b0ab162ebda9f60ca6a3f9169ca00e35ac9e7013a59e2a34989c632c989b0120ff89e121d287d5fccf87d411d287e92f9d86d846a286f64b9b85e6158b86 pre_us=87283 enc_us=489029 q_us=32 pkt_us=2
[PKT] seq=506 mode=A bytes=68 pkt=01024000f7e3b4a81628c6a7060f9ea4ed1dc0a10901b29f65f2b79f3d3ba29d681a9a9d071cf68af222e089e404e088d80fa8880630b0873737a087373b98861e0b8e86 pre_us=87290 enc_us=489027 q_us=33 pkt_us=1
[PKT] seq=507 mode=A bytes=68 pkt=01024000f5e4aca50733bfa4e41493a2ea25b59f071fbc9d600aaf9d2a4b979c5927949b0927f08aea18d289ee02df88ee0fa887f41cad86fa3ca486ef1c9a86c31c9386 pre_us=87296 enc_us=489026 q_us=33 pkt_us=1
[PKT] seq=508 mode=A bytes=68 pkt=01024000f8e5d893ff35ce9ae405a69df312aa9dfe3ad198590dab9900d18e99501f9a98002efd8cdb1be987d6f4f987cf0bd585db1b9b86b5559d85f44ca785a82f9285 pre_us=87299 enc_us=489031 q_us=33 pkt_us=1
[PKT] seq=509 mode=A bytes=68 pkt=01024000fbeec4b4fd38d5b1e60bb3a6dc1ea9a4f23ce9a15213c6a0f4d4979e2f149c9d0b360387d01bde86ccebef87cf0de386da18a586a152a886c1259b85ae2e9486 pre_us=87294 enc_us=489026 q_us=33 pkt_us=1
[PKT] seq=510 mode=A bytes=68 pkt=01024000f6e0ee8ff639e88cd012ba92cf13b08ee737d58c3e26b78de31d9c8f360e918ff83b039cd513f590c8d9fc86ca0ef686d314be86a759a385e041af84c6299484 pre_us=87286 enc_us=489027 q_us=33 pkt_us=1
[PKT] seq=511 mode=A bytes=68 pkt=01024000f8e0bbb2f83cc8abd111a7a4d9209ea0f240cf9d4033b49cf92d9f9a25299f9800350b87ee0be886dfedf786db10e885dc25ae85c25cb085fc50a984c21b9f84 pre_us=87281 enc_us=489025 q_us=33 pkt_us=1
[PKT] seq=512 mode=A bytes=68 pkt=01024000f7dccb8dee3cf48dc70dae91d328ab8fed38c08e482f9d8de41094903c389590f634168fed050189c5d5ff86dc00f784db1ab584ab4faa84e84ad483a344c883 pre_us=87283 enc_us=489028 q_us=32 pkt_us=2
[PKT] seq=513 mode=A bytes=68 pkt=0102400005eea3a9f440e3abda1797a7df38a9a2ef39cea3501db3a2184da5a06438989f0d30fe8af513ca88e4fac888d3f8ba88e501a487d041a387ed239b86c1399087 pre_us=87282 enc_us=489024 q_us=32 pkt_us=2
[PKT] seq=514 mode=A bytes=68 pkt=01024000f8e89ea40035dba4dc13a2a0e22fa59cf521ca9a5f2ebb9a1747b19963479f980028fb89f610d588f401d587e80fc886e71ca985c63eb285f922a985b3439985 pre_us=87300 enc_us=489025 q_us=33 pkt_us=1
[PKT] seq=515 mode=A bytes=68 pkt=01024000f7e59aa7fa27a1a6f81390a5f332a3a20b40afa16d13afa1333aa29f6f4ca89f0412d48bf117b58ad70aa989ee12a688f636a288ec54a2880b439687ff5f8887 pre_us=87290 enc_us=489023 q_us=33 pkt_us=1
[PKT] seq=516 mode=A bytes=68 pkt=010240000fe394a80732b0a8eb189ea7f6029fa509d79da457bd9da42f0a98a26f1e9ba2042cdf8cf11fcc8bea1dc08bde36a88a0336b5891139b58924489e883f1e9689 pre_us=87294 enc_us=489026 q_us=32 pkt_us=2
[PKT] seq=517 mode=A bytes=68 pkt=0102400002dc9ca70e25a2a6f5268ea50120a4a31710afa26c00a8a13738a3a0784faba0fd1dde8bd417bb8ae706c68ad914a589de3ca288d05c9f88fa529c87c65c8b88 pre_us=87287 enc_us=489030 q_us=32 pkt_us=1
[PKT] seq=518 mode=A bytes=68 pkt=0102400003df8eab172094ab010799ab16109daa2feb97a971e098a94f349fa77b22a8a8e60eb58edf16a38de421998dd83e978df8409e8c16419a8c2840908b3c458d8c pre_us=87293 enc_us=489029 q_us=32 pkt_us=1
[PKT] seq=519 mode=A bytes=68 pkt=01024000f5dbc996f42ce998c90ba293dc1c9a92033dd492632cbc92184895926b48a891fe1ffa89e506f085d9f5f485d80ac784f01fab84ef5baf842042b683f1599483 pre_us=87295 enc_us=489029 q_us=32 pkt_us=2
[PKT] seq=520 mode=A bytes=68 pkt=01024000f6e0b8abf92fbca7da17a6a2e725b79efd32bb9b5d1bc69b1c51989a6839a397f725ff87ee10e486e0fff486e711c685f022a484c056ab84fb45ac84cc5c9884 pre_us=87296 enc_us=489023 q_us=33 pkt_us=1
[PKT] seq=521 mode=A bytes=68 pkt=01024000f1e5b9acee22cca7d80c9ca0ea129d9df839cc9a3a2cae99f32db1976657b7950215ff86d109ed85d7ef0d85ec11ea84e928b284cb5eb983084ed383d766a383 pre_us=87286 enc_us=489028 q_us=32 pkt_us=1
[PKT] seq=522 mode=A bytes=68 pkt=01024000f5edaba3021cbaa2f5169e9f0521b39c161fbf9b5bfcbe9a464faa997843a6980616e789e31bd788d906de87e213b786d721c486f848b285e738a785c84d9585 pre_us=87296 enc_us=489027 q_us=33 pkt_us=1
[PKT] seq=523 mode=A bytes=68 pkt=01024000f1ecd6980c2fd79ce507ac99e423ae970d37d494630fb794312994957243a29503250389d412e486d3f8fa86c114eb85ca20a685c350a384f15ab184c74b9e84 pre_us=87284 enc_us=489028 q_us=32 pkt_us=2
[PKT] seq=524 mode=A bytes=68 pkt=01024000f8f090aa282293a9f51495a9041fa1a818f794a7660095a7532f9ea57138aaa6ed0c9d8df126908cf51b8f8ced3b888b093e8e8b312b8b8b3457878a2f3b858b pre_us=87288 enc_us=489032 q_us=33 pkt_us=1
[PKT] seq=525 mode=A bytes=68 pkt=01024000fbbfb5b534b5b7b70f99bcbc53c3bfbf52dfc0c026bdbfbf4fc7bdbd5dc3c3c31df7959528e0969617089a9a2efc9d9d42b69d9d57cd9d9d04dd9b9b43afa3a3 pre_us=87275 enc_us=489028 q_us=33 pkt_us=1
[PKT] seq=526 mode=A bytes=68 pkt=01024000efe2a8a90d2fcaa8e00c99a3e318b49ffce8bf9e68d3a79d3c43a39b6d0c969912290089001dc987ef12db87f427a5861022a3852f4d9a8503099085182f8d85 pre_us=87291 enc_us=489030 q_us=33 pkt_us=1
[PKT] seq=527 mode=A bytes=68 pkt=0102400005d689a9242c90a9ea108ba9f51492a70dd397a66fdf93a64f4899a477119ba5f129c38df01ea58cf913ac8cd927a28b0a4c9d8a304ba08a2c249289372d908a pre_us=87288 enc_us=489024 q_us=33 pkt_us=1
[PKT] seq=528 mode=A bytes=68 pkt=01024000f3de8ca9221592a9e4f597a9faf194a722a896a760d18ea62cff9ba469eb9fa51c0cba8d0c1fa58ce9209d8c0c37a28b34309f8b5917ab8a49038f8a58fc908a pre_us=87304 enc_us=489032 q_us=33 pkt_us=1
[PKT] seq=529 mode=A bytes=68 pkt=01024000eaee8fab19139aabcbff9daceaba9eabf3a094aa3cc091aaf2db9ca857dba3a91e24a18e1216908d0613918d00538f8d5a29948c6815978c612a8c8b6001908d pre_us=87280 enc_us=489028 q_us=33 pkt_us=1
[PKT] seq=530 mode=A bytes=68 pkt=010240000ddc99ae2a119fafecbf9fb114d7a4b248d4a3b273eba0b152f6a0af73f9abb2091a9990f50d9190150f9491f5378f9215368f913110919124018f903aef9393 pre_us=87289 enc_us=489029 q_us=33 pkt_us=1
[PKT] seq=531 mode=A bytes=68 pkt=01024000eeacc8b338fac6b5e6c9bdba0892c0bc44c7c3bd4ccdc4bc03cabeba46bbc2c02b148d942be98d940ff196982b06989a41c8979a70b9979a35ee969968c59e9f pre_us=87278 enc_us=489025 q_us=33 pkt_us=1
[PKT] seq=532 mode=A bytes=68 pkt=01024000f2c9d6b01ffbd0b1ebe1c7b3d7cdcbb412a6c2b46bc1bfb439fbbcb16dedc1b5210e8791180c8791fd128a931e32899326408c935b0e8e93502a8d925cf69095 pre_us=87285 enc_us=489030 q_us=33 pkt_us=1
[PKT] seq=533 mode=A bytes=68 pkt=01024000f2dda1ad2105aeaeeddda7b0f0c7b1b00aabb2af63b5acaf391ab1ad67f7b0af1a0e8f901907898f021c8e90103b8b904d438b905d068e904b1e8a8e55fc8f91 pre_us=87289 enc_us=489026 q_us=33 pkt_us=1
[PKT] seq=534 mode=A bytes=68 pkt=01024000fad9a3a71b31cfaae60da0a7f929b9a21415b0a06c02c0a0372c949e78179c9c0c2af18ae912d287ec02c687e211c586f72ba686e149a786fe189986ea428c86 pre_us=87294 enc_us=489030 q_us=33 pkt_us=1
[PKT] seq=535 mode=A bytes=68 pkt=01024000fee5a7a60f2cbfa6eb1699a4f237c5a2fd209aa15d06a3a00e449c9f5026a79e0523d78bce23d58adb0ddf89d516b788de46ab88d868a788f11c9e87b7448e87 pre_us=87286 enc_us=489029 q_us=33 pkt_us=1
[PKT] seq=536 mode=A bytes=68 pkt=0102400002d59aac0f0da6acdf06aaad010faeac1bfaaaac69fca2ab0d0fada96f16b6ab0e26908ef81e888efe09898e0432878e155c888d071e898d1e35878c1123888e pre_us=87304 enc_us=489029 q_us=32 pkt_us=2
[PKT] seq=537 mode=A bytes=68 pkt=01024000fee78ea91b2199a9e7fe9ca9ff13a3a71e2ea4a672039ba62118a3a47316aea50728a18df1128e8c02fc8c8cf62e888b1750898a18488b8a103387890d47878a pre_us=87283 enc_us=489030 q_us=33 pkt_us=1
[PKT] seq=538 mode=A bytes=68 pkt=0102400005f18dab1f2c94abfe1792ac0f259dab280297ab74f39caa45459ba87b2ca3aa0a2ea38ee90e928ddb05948ee7178b8d0730918d0c2f8b8d01258a8cf530898d pre_us=87299 enc_us=489031 q_us=33 pkt_us=1
[PKT] seq=539 mode=A bytes=68 pkt=01024000f7db88a822278ca8f21d8ca8032396a61b2b97a572029ba42e3997a37a30a6a3022ec48ce41fa98bdd0ea78be719978af846978aec53988a0a368d89ed508989 pre_us=87296 enc_us=489029 q_us=33 pkt_us=1
[PKT] seq=540 mode=A bytes=68 pkt=01024000f8e891a70a25a8a7f11593a60333a9a41b2aa2a2710cafa22e30a2a0762aa2a00d29d58ced15b98bdb17be8ae019a389f143a089e94f9e88003a9188d2468988 pre_us=87285 enc_us=489028 q_us=33 pkt_us=1
[PKT] seq=541 mode=A bytes=68 pkt=01024000f9e98aaa272994aa021393a90c2399a8211199a773f59ca73a25a4a57916a7a60520bc8df028a58cd515a28cfb319b8bf8489e8b032b988b0d3e8c8af91b8b8b pre_us=87288 enc_us=489028 q_us=33 pkt_us=1
[PKT] seq=542 mode=A bytes=68 pkt=01024000fef092a81229b9a8fc0e9aa70628aaa61521a6a56ff1a4a43f0c9da37a20aaa30f2dcf8cea12b88bda0cce8bd916a28ae40ea68aea4ba78afd179089d14d8e89 pre_us=87288 enc_us=489028 q_us=33 pkt_us=1
[PKT] seq=543 mode=A bytes=68 pkt=01024000f6e594a6111eada5fa0a99a3011ebaa122189fa07119a79f423da29e7725969d0921da8be915be8ae409c389f018b388e04ab987f43bb187f92f9887df458f87 pre_us=87285 enc_us=489027 q_us=33 pkt_us=1
[PKT] seq=544 mode=A bytes=68 pkt=01024000f2ed9ba60d2cc3a6f90e95a40428aca21c2da6a171fa9fa03116949f7917999e0a1fde8bf91dbd8ad70dbe89f10d9f88fb21a088e73e9c88f73c9187d13f8c87 pre_us=87297 enc_us=489029 q_us=33 pkt_us=1
[PKT] seq=545 mode=A bytes=68 pkt=01024000f1e5c890f932ea8fd502a393d122b091ee3daf8f2b37b691f30a9f9457589a94f8350d8bc314f387c4fdf286c510fc85ca22b185a160a984c462b984a568a784 pre_us=87286 enc_us=489028 q_us=33 pkt_us=1
[PKT] seq=546 mode=A bytes=68 pkt=01024000f6ebc98cfb39058ed604b493e227c193e92dd9913f1ea29301e492944a35ab94fd27118dcd13e786c6e90986cc12f884d41baf849d53a284db49cf84994fa883 pre_us=87290 enc_us=489026 q_us=33 pkt_us=1
[PKT] seq=547 mode=A bytes=68 pkt=01024000f6e3e78df137e88bd3089d8fc72cb992df48b68f3b30af8fe6a69c903b35b991fd390391d00d0689c3db1686c0131383e311d684b05ba7840952e283b24eb083 pre_us=87289 enc_us=489027 q_us=33 pkt_us=1
[PKT] seq=548 mode=A bytes=68 pkt=01024000fddf9ea61233c7a5ed0899a3f628a2a10f2fbca06c16b19f3336959e712d9d9d062be18bd721d68ad306c989dd16c788e728a487ee369f870e439a87d7288d87 pre_us=87288 enc_us=489032 q_us=33 pkt_us=1
[PKT] seq=549 mode=A bytes=68 pkt=01024000f8ebceb60821cfabeffc91a4f82f96a10747ce9f640dbda01115969d6745919b0a19f186db16df87ce14d987c31cdd86d226a386ab54ae85de459a85973e9485 pre_us=87297 enc_us=489028 q_us=33 pkt_us=1
[PKT] seq=550 mode=A bytes=68 pkt=01024000f6e5c6ad0d11c6a91a16cba42d09a0a0024dcaa3f445d0a4dab99a9e2722a19b0612ea880318d287f44db987e862b386d061c585d235bb85da2fa4859f398c85 pre_us=87288 enc_us=489028 q_us=32 pkt_us=2
[PKT] seq=551 mode=A bytes=68 pkt=01024000f8e497a81a0b9ba8111d9aa71df89da50f34a7a4012a9fa4e2e898a21cf9a2a20616d48cfa2ec58bcc55ab8bdc68a98aa374ac89cc54a789cb3a9788a1478989 pre_us=87285 enc_us=489028 q_us=32 pkt_us=1
[PKT] seq=552 mode=A bytes=68 pkt=01024000f7ef94aa280797aa470697aa43da9ea93e1c9ca9250c9ba8149f9ba65a16a4a70e13c18d0820af8df63ea38dec459d8cad649b8c0d54948cfa2b8d8a9f398e8c pre_us=87292 enc_us=489030 q_us=33 pkt_us=1
[PKT] seq=553 mode=A bytes=68 pkt=01024000ecec92aa11fd90aa5b0b97aa470d95a932339aa81c0c91a8f6a492a66dd19aa714009c8d2720978d2317918de533908cb9618d8b084c8f8b20138f8ac9428d8c pre_us=87280 enc_us=489032 q_us=32 pkt_us=2
[PKT] seq=554 mode=A bytes=68 pkt=01024000f6e5aaaf0feda4b06301b2b353ebadb45ff8adb44ecea7b30eaea5b16dc8aab512078d9123178e912e1f8c9221419093d15a8d930e468f9311009191d0289695 pre_us=87296 enc_us=489029 q_us=33 pkt_us=1
[PKT] seq=555 mode=A bytes=68 pkt=01024000f2eec3ae12fca3aa5711b5a743e4a5a44541a7a21d17b5a2faab9fa04913a69f10fcd68a1028b989ef29bd89ef52b188c563c088f046c888152b9c87b2019587 pre_us=87290 enc_us=489025 q_us=33 pkt_us=1
[PKT] seq=556 mode=A bytes=68 pkt=01024000faf59eae2ef891af60ff9db05aef97b1610e91b0342b90b010b093ae6de1a6b111048f901a209290232d8e9101349291c2519390143192900ff2908fd0149192 pre_us=87290 enc_us=489030 q_us=33 pkt_us=1
[PKT] seq=557 mode=A bytes=68 pkt=01024000fbf4acb01be2a8b15d0eb1b33fc9b3b45c20beb527c8bdb4fdb0bbb258e0b5b6170c8d9120188d91152a8e931e4b8e94ea598b931b638b9315fc8d92be119596 pre_us=87278 enc_us=489027 q_us=32 pkt_us=2
[PKT] seq=558 mode=A bytes=68 pkt=01024000ede6ccac1202a5a74423b0a32a0b9ba00f39c2a01242b69f16d5979d44459c9a0502ea88072dd087e14caf87b54fb986c761cc86e74ebe85d9429c8592519485 pre_us=87295 enc_us=489025 q_us=32 pkt_us=2
[PKT] seq=559 mode=A bytes=68 pkt=01024000eee8c1ab11fda7a95d159ba648e8a0a32e3da3a2291ca1a307b09ca05301a59f0202dc8a0928c489ef2bbd89e359a088e163b787f240bd8700239086af198e87 pre_us=87284 enc_us=489029 q_us=33 pkt_us=1
[PKT] seq=560 mode=A bytes=68 pkt=01024000f2f1b7ad20fbb5aa4f1eb5a840d2a7a53539b6a41523c6a7089e9fa33505b3a20f02d98b1032c08a0227bc8ade51a489bf59c989ec41ca88e90e96889d039a88 pre_us=87289 enc_us=489027 q_us=33 pkt_us=1
[PKT] seq=561 mode=A bytes=68 pkt=01024000f2ee9ca816049ea854179ca849f2a0a64133a4a5220cb0a5ffb1a3a33703a4a3120cc78c112bb28b0e4aaa8bfd57b28ab964a78af95ba88afa209289ad058f89 pre_us=87280 enc_us=489026 q_us=33 pkt_us=1
[PKT] seq=562 mode=A bytes=68 pkt=01024000f4eedfaf1708d0a83e12bfa54714a5a22e45cfa1fd2cc3a1029b9d9e5520a59d06f4de88091ace88f443a388cf4ead87eb6ebd87f243c886de2a9286ad3a8786 pre_us=87290 enc_us=489030 q_us=33 pkt_us=1
[PKT] seq=563 mode=A bytes=68 pkt=01024000fceaa6ae23fca8af4f04b4b152d8b5b224e8bdb2f8c5b6b100a5afaf71dbb3b21c068d901f1a8b900f488b91ef598c92e85a89912c358c91121e8c90f4348f93 pre_us=87282 enc_us=489027 q_us=33 pkt_us=1
[PKT] seq=564 mode=A bytes=68 pkt=01024000f3de94ab18ed98ab57fa94ac5de09bab650f9aaa33d79baa28bea2a87adca2a91003938e18188b8d1c258e8d04438b8dc65a8a8d2c408a8c2125898bf55c8b8d pre_us=87287 enc_us=489034 q_us=33 pkt_us=1
[PKT] seq=565 mode=A bytes=68 pkt=01024000fceb95ad2bf297ae4c029db056b298b0460aa2af18e5a9af1fb5a4ad77f2aeaf0703959002238d8ffe478d90e2599090b0668a90032e8a90f9138c8ea5548e91 pre_us=87293 enc_us=489029 q_us=33 pkt_us=1
[PKT] seq=566 mode=A bytes=68 pkt=01024000fce8a5af2ae2a6af5502abb25fb0acb257f9b4b22be69eb211bba4af71c5b0b214008e90151d8c9010328d91f9408e92ac5e8c92163b9092152b8c90d0479093 pre_us=87294 enc_us=489029 q_us=33 pkt_us=1
[PKT] seq=567 mode=A bytes=68 pkt=01024000f6e3a3a61707afa52e1ebea44f02a6a13547aba01040ae9f1dda999e3c44a69d000fdd8bfc25c48af254ae89b86d9e88a06fb887ee4cc187e931b087936d8d87 pre_us=87280 enc_us=489030 q_us=33 pkt_us=1
[PKT] seq=568 mode=A bytes=68 pkt=01024000f3e292ac0bee91ac4ae6a0ad59c3a7ac52fb9bac31f49cab23bba0a97604a8ab0e02958e1e278e8efd3e8b8ed9598a8edd638c8dfa54898d0c3a898cc3608a8e pre_us=87283 enc_us=489025 q_us=33 pkt_us=1
[PKT] seq=569 mode=A bytes=68 pkt=01024000f8e5b3a60608a9a52024aaa44d11b3a13c3bada01930a1a013e3969e6d30a59eff04e18bf714bd8a0549ab89dc60a988a672b487f346aa87e7329d87a0758b87 pre_us=87293 enc_us=489028 q_us=32 pkt_us=2
[PKT] seq=570 mode=A bytes=68 pkt=01024000eaecc1aa01fda0a85108a0a556f1aba2471bada22003a4a20cdf989f73169c9dfef2da8a081fc589f92db488f153a887e56bd987e758d08604489f86a94db086 pre_us=87287 enc_us=489028 q_us=33 pkt_us=1
[PKT] seq=571 mode=A bytes=68 pkt=01024000efebaaaef6bea8af47f5aab13be0a5b15cfca1b147129cb010caa0ae73c0a1b102f68d9031fb8e9046038e914e018f912d369091261c909144f8908f58109592 pre_us=87284 enc_us=489025 q_us=33 pkt_us=1
[PKT] seq=572 mode=A bytes=68 pkt=01024000f0eca2a50bee9da44b0a9ba24ef4a1a03723a69e1f1fb09e20d1989c6f28a39c05f3cd8a0e17b789f93cb788db45b387d567c0870553b787124ca286a75fa186 pre_us=87288 enc_us=489023 q_us=33 pkt_us=1
[PKT] seq=573 mode=A bytes=68 pkt=01024000f5e6a2a71c07aaa6431fa2a5530d9ea3343aa1a20535afa2089191a05e2994a0080dd88b0628c18aee40a48acc67aa89c16bb988ee31b688e51e97879f4a8b88 pre_us=87289 enc_us=489027 q_us=32 pkt_us=2
[PKT] seq=574 mode=A bytes=68 pkt=01024000f0c4bfb310bdbcb50fdebfb912c1c0bb62b6c7bc550bc8bb33fcc0b963c4c4be1f0390943fd891943fd9949761e997995de893993cfa92992fd6949854ad9a9e pre_us=87300 enc_us=489031 q_us=32 pkt_us=2
[PKT] seq=575 mode=A bytes=68 pkt=01024000f2dca9b10fe5aeb337ebbbb63ff2bab859d7aeb81ff79ab8ecc6a1b54fb0b1ba1401909237df8f9247d4919563d5949632f69896460c9f961fc5969468a99b99 pre_us=87283 enc_us=489028 q_us=32 pkt_us=2
[PKT] seq=576 mode=A bytes=68 pkt=01024000f3a7b7b701b8baba24c4c0c0e2bcc4c45cb9c5c540bfc4c4d4dac1c155e7caca1fed97973ac998984ac19e9e72c3a2a25fc2a2a234e3a3a34809a1a173c9abab pre_us=87300 enc_us=489027 q_us=33 pkt_us=1
[PKT] seq=577 mode=A bytes=68 pkt=01024000eeef99abf6c995ab46db98ac30e793ab59e48baa3ef28aaa05c591a868999ca908ef978e3008948d42f3928d532c988d21499f8c2137988c51f5928b330f8f8d pre_us=87281 enc_us=489031 q_us=33 pkt_us=1
[PKT] seq=578 mode=A bytes=68 pkt=01024000f5f092aa0ffb8faa520f97aa4e1898a8222498a8161b9ca7070390a5571489a608f89b8d0a26988ce63a918cde51908cfd728d8b0e648b8b0c30908aab64958b pre_us=87280 enc_us=489033 q_us=33 pkt_us=1
[PKT] seq=579 mode=A bytes=68 pkt=01024000f7d0a5b007eaa8b22fd9acb52ddbb4b662e3a7b6480f98b6f8dca6b346bfa9b80c04929231ec909243c9939464e5939554f69995460c99951fd492935dad9b97 pre_us=87292 enc_us=489027 q_us=33 pkt_us=1
[PKT] seq=580 mode=A bytes=68 pkt=01024000f9e39ba70909baa64306a3a555f796a3582db8a22428c3a219daa6a068eca3a0f401d28c0910ba8af947b68ae059b289cc6fa888f74fa788fb129287b8538b88 pre_us=87287 enc_us=489028 q_us=33 pkt_us=1
[PKT] seq=581 mode=A bytes=68 pkt=010240000d91bebe0e9bc1c1f6aecaca28a2d1d10cc3d3d31db2d2d2e2bdcfcfe8d1dbdb3ca99d9d459fa0a036a4aaaa4fb1b4b47b98b5b558a8b6b629b0b3b347b6c6c6 pre_us=87277 enc_us=489028 q_us=33 pkt_us=1
[PKT] seq=582 mode=A bytes=68 pkt=01024000efccc7b305e3c4b53ae8bfb90d06c0bb64e8d0bc4024cfbbd5dfbab950eacbbe1bfa8d943ed88d944ac592975ce695994ae4909935ef8e991bba979750b0969d pre_us=87279 enc_us=489031 q_us=33 pkt_us=1
[PKT] seq=583 mode=A bytes=68 pkt=01024000f79fb7b707bfb9b92fb4bfbf09a5c3c367b2c4c45ec9c3c319c4c0c041bcc8c818ef979728d998984eb99d9d6ccda1a16bd3a1a148e9a2a224dba0a067a6a9a9 pre_us=87283 enc_us=489024 q_us=33 pkt_us=1
[PKT] seq=584 mode=A bytes=68 pkt=01024000f2dda6a61ffc9ea53a18a2a45d069ea23c3ba4a01625a2a00fa3929e6d1d9f9e0309d98b001bc88a0347a989e4619c88b465a788f034a6880c2d9287ad568787 pre_us=87288 enc_us=489029 q_us=33 pkt_us=1
[PKT] seq=585 mode=A bytes=68 pkt=01024000fed3a2af1de7a7b04edfadb25dddafb34d1cb8b332bfb0b2ff9facb079d0c2b401fe9091151e8c900c398e92db608c93a8678a9208428e9210028f91d85b8c94 pre_us=87289 enc_us=489027 q_us=33 pkt_us=1
[PKT] seq=586 mode=A bytes=68 pkt=01024000f6d0a2ae07cfa3af45c6aeb166e8a9b16fffa1b145e0a1b10ea49faf7acda1b111f99090270d8e9031208e9138369191ef4c8f9104408e9122fc928f30399592 pre_us=87281 enc_us=489031 q_us=33 pkt_us=1
[PKT] seq=587 mode=A bytes=68 pkt=0102400001dc8fad0ced94ad47df95ae65c897ae540d9dae3c1693adfba298ab74c7a5adf414a58f1927968e043b968fe258968fb767938f01349b8efdee948de74c918f pre_us=87290 enc_us=489024 q_us=33 pkt_us=1
[PKT] seq=588 mode=A bytes=68 pkt=01024000ffd89bad0beaa1ae4cdda7b05db5a6b0550fb0af2e21b3af0caba9ad78069caf060191901b178c8f07418c90c2608d90de678990153c889014168a8ef6439291 pre_us=87285 enc_us=489031 q_us=33 pkt_us=1
[PKT] seq=589 mode=A bytes=68 pkt=01024000fee491ab0ef496ac31eb93ac5ca694ac69f89aab49259bab17c49aa97bdfa5aa0a079f8e0f0e928e223c968e0654978e9e63908d0e3d908d210d8f8cfe4d8d8d pre_us=87283 enc_us=489028 q_us=33 pkt_us=1
[PKT] seq=590 mode=A bytes=68 pkt=01024000fbceb1af0de1b7b04dd7c3b269d7c8b362f1c9b347c5c3b215a7bab075ddc1b30d008c91181a8b90213b8a92f4508a92bc6c89920f418a921e258d91f1428e94 pre_us=87285 enc_us=489032 q_us=33 pkt_us=1
[PKT] seq=591 mode=A bytes=68 pkt=01024000f7c5d2b015d1c1b155e0cab467bbccb666decdb64dd7c7b513b5bcb37acbc2b7090b889224078b9219368b94fe438b95ac658a9412528c941a158f93fa3d9297 pre_us=87280 enc_us=489026 q_us=33 pkt_us=1
[PKT] seq=592 mode=A bytes=68 pkt=01024000f8d498ae2bf99aae59f7a1b060c9a3b068f0a3b0500aa1af05d2a5ad6eaeabb0151b9a90220f968f19149490ff419190ee6b9290154d90901feb8d8ef3249191 pre_us=87284 enc_us=489031 q_us=33 pkt_us=1
[PKT] seq=593 mode=A bytes=68 pkt=01024000f5dd97ad13eba0ae57efa7af58cea3af4ff2aaaf2ef4a4af1ca6a9ac760cabaf0d06938f16138c8f093b8c90f3598c90c6708a8ff2408b8f20348a8ea93d8d91 pre_us=87291 enc_us=489031 q_us=33 pkt_us=1
[PKT] seq=594 mode=A bytes=68 pkt=01024000f3ea8baa160996aa4c0593aa4fe995a942349ca81e0298a8149d97a66c15a4a70e18bc8d1520a38cfc30a08cd7519f8ccc6c958bf6329a8b1532918aa0638b8b pre_us=87290 enc_us=489031 q_us=33 pkt_us=1
[PKT] seq=595 mode=A bytes=68 pkt=01024000f6dbdea01011b99a153bce960428c594ea47bc8fcb13d78ad0b0a2930345a598a825f8899a45ec899154cc89966add88e93ddc89d4fb0188a63cde85915a9f86 pre_us=87284 enc_us=489028 q_us=32 pkt_us=1
[PKT] seq=596 mode=A bytes=68 pkt=01024000f3e18ca920068ea9420b96a954ed95a7592897a6182f99a602a596a46604a7a50a03b38d0922a88c064c978cf65f9c8bbb6d968af5319d8a0d1d9289bf4b898a pre_us=87289 enc_us=489024 q_us=33 pkt_us=1
[PKT] seq=597 mode=A bytes=68 pkt=01024000c4f0e693d71dd992d54cd39ebe49d598cc5ee691ba26e98ea0f79b95b15cc99fa821f891973efa8c9b480c88b74c0f87f31d4089e804e08aad2cd186bc13dd85 pre_us=87284 enc_us=489027 q_us=33 pkt_us=1
[PKT] seq=598 mode=A bytes=68 pkt=01024000f2e1a7a72b09aea84717afa65905b3a32233c1a2fb16b6a3f4af9a9f4f1ba29feafbd18bf728c28aee4ea689b756aa88dc6bb688153bac87f8229687b73f8787 pre_us=87290 enc_us=489031 q_us=33 pkt_us=1
[PKT] seq=599 mode=A bytes=68 pkt=01024000f8faaaaa30f79daa47fca6aa62fc9fa838139fa71311ada7019ea0a55ffba1a61206c68d1c21b28c0c389d8ce840ad8cc253bd8b012bb28b1b1c918aba1e918b pre_us=87285 enc_us=489025 q_us=33 pkt_us=1
[PKT] seq=600 mode=A bytes=68 pkt=010240000bcecdb23df6c6b41dbbc0b821e6c3ba28e7c0baecdfbdba378cbab769e5c0bc221a8b931f018b93181b929655e1949831df959832e696984501949652de999c pre_us=87307 enc_us=489026 q_us=32 pkt_us=1
[PKT] seq=601 mode=A bytes=68 pkt=01024000b914aabcbf32e6b9c0058db6b90bb6b4e2e5bab5bed9c1b5a22e94b1ba58bdb2df200b8cd822e98cc7350c8fce4cd18ff745ea8f2839d98fbc4db28ead4fb892 pre_us=87291 enc_us=489028 q_us=32 pkt_us=2
[PKT] seq=602 mode=A bytes=68 pkt=0102400008cbd1b346f5c2b43aacc3b83f19c6bad6bbc4bbe7b5c1bb1ea4bdb841bdc1bd28238a932a118d941f2b929734f993994fef94982bf495991dcf94972cfc9b9d pre_us=87289 enc_us=489032 q_us=33 pkt_us=1
[PKT] seq=603 mode=A bytes=68 pkt=0102400005c6a9b24310b0b329dab4b72c1ab5b9efe6b8b9e7e2b9b932ceb3b639f2b5bb1f3591932d168d931f2b939545e794974ada949738e0949726c4959530d89b9b pre_us=87279 enc_us=489028 q_us=32 pkt_us=2
[PKT] seq=604 mode=A bytes=68 pkt=010240000eec9bb23df89eb313a4aeb73016b4b9f6c5b1b9d6cfa9b91cb2acb63dc1b3bb232598931efe9393374f959646d895973cfe999749e39b9728dc959530e09d9b pre_us=87283 enc_us=489033 q_us=32 pkt_us=2
[PKT] seq=605 mode=A bytes=68 pkt=010240000ededbb446eec3b619bcc6bb3100cbbedfe7cbbee4cac9bef5bcbfbb16efc4c12c1e899534158e952a1894993613949c41eb959c17fa969c18cb989a07e0a0a1 pre_us=87288 enc_us=489028 q_us=32 pkt_us=1
[PKT] seq=606 mode=A bytes=68 pkt=0102400018f2acb242e5abb41ec8b0b71bffb0b9ffddaebad5e1b1ba00cdb1b73aecb4bc191d90931cfd9193284193964205959830e196983fef96981ec1959635da9d9b pre_us=87293 enc_us=489028 q_us=32 pkt_us=1
[PKT] seq=607 mode=A bytes=68 pkt=010240000aed96b1410097b222daa2b50a0899b7eed1a2b7d0d9a7b61fb9a8b442edaeb82538999228039392113594944ffb9b953de29795370098952dec949330d29a98 pre_us=87301 enc_us=489031 q_us=32 pkt_us=2
[PKT] seq=608 mode=A bytes=68 pkt=01024000080595b03c0299b124bf9bb3fcf89bb409da9fb4dbde9bb433b6a1b130e7acb52134a09122009891122c9e9360f19d9340e6999337f79e9323d394911ec19895 pre_us=87288 enc_us=489030 q_us=33 pkt_us=1
[PKT] seq=609 mode=A bytes=68 pkt=0102400008ef95b143f697b220cd9eb63ff49fb703019eb7d8cc9bb71dada3b52fdeadb9222c9a9226fa9392143e97943cce97963ff6989640f39c9620c7959433cd9c99 pre_us=87286 enc_us=489027 q_us=33 pkt_us=1
[PKT] seq=610 mode=A bytes=68 pkt=0102400001f0a2b23ff79eb311b2abb736e3abb9e0d9a9badfd7aab924a5acb723d6b5bc1d2294932efd93932439969649fe99974fde999745e59a9713ca969612cf9c9b pre_us=87311 enc_us=489032 q_us=33 pkt_us=1
[PKT] seq=611 mode=A bytes=68 pkt=0102400002ff9eb13ee598b216e4a1b51902a2b6ead4a0b7d4c2a0b618a2a8b427e7afb82c2c93922b0093922642949454f597953efa99953604999524ca939326d29a98 pre_us=87298 enc_us=489028 q_us=32 pkt_us=2
[PKT] seq=612 mode=A bytes=68 pkt=010240000eeb9bb2410a9ab315acaab72907b4b8f5e3adb9e8e5aeb82899afb65bf0b6bb2437969329fc92931537959543ea94972fdc99970ed698972ee7949533e29a9a pre_us=87302 enc_us=489031 q_us=32 pkt_us=1
[PKT] seq=613 mode=A bytes=68 pkt=010240000cb6c7b53ed7beb72db6c3bc28bcc4bf22e9c3bf00dfc1bf3cb0bfbc6bcac5c3301b8f9523db9396281f959a4db59a9d32d89a9d39d59c9d3bdd999b5edca1a3 pre_us=87287 enc_us=489029 q_us=33 pkt_us=1
[PKT] seq=614 mode=A bytes=68 pkt=010240000faeb6b639c6b8b82e9dbdbd36cec0c01acec1c100cdc1c142c4bebe6fbcc5c52905969628e697972ee49b9b46d09f9f37d39f9f4ecb9f9f43db9d9d58d8a6a6 pre_us=87315 enc_us=489032 q_us=32 pkt_us=1
[PKT] seq=615 mode=A bytes=68 pkt=010240000cbaceb43fe9c1b523bcc5ba08c3c3bcecb8c3bdd6cdc2bd2dc0beba4fdac2c02d228c942df38f952c1a9398590f969a30fc989a30ed989b38da96993afc9e9f pre_us=87310 enc_us=489029 q_us=33 pkt_us=1
[PKT] seq=616 mode=A bytes=68 pkt=0102400008c0a6b03a0bb2b125f2b9b42bd1b1b60decacb6e9e0a7b53ba0a7b361e7afb71526919214168b922c258f934d0093953cf2939435ed96943507939341f19797 pre_us=87298 enc_us=489031 q_us=32 pkt_us=1
[PKT] seq=617 mode=A bytes=68 pkt=01024000ffc1ccb131ffc6b226edc9b520ecc4b705dfc1b7d2eac1b723c0bbb45becbcb925198a92220b8a9231328c9454f38f9546e191952aea919542e8919443039698 pre_us=87277 enc_us=489029 q_us=33 pkt_us=1
[PKT] seq=618 mode=A bytes=68 pkt=010240000caac4b441efc1b62bd1c3bb39cec4be12e3c6bfe1e0c5be20a5c0bc53e5c6c2201e909526fb90952a2695994aca999c38df989c22d7999c3bd6989a41c8a0a2 pre_us=87313 enc_us=489028 q_us=33 pkt_us=1
[PKT] seq=619 mode=A bytes=68 pkt=010240000ea8c1b43feac0b626bbc5bb30cdc3befccbc5beeee8c3be22a6bfbc64c5c4c22213919526f59095321c949947ba999c34de979c19d99a9c4edd989a50e1a0a1 pre_us=87285 enc_us=489027 q_us=33 pkt_us=1
[PKT] seq=620 mode=A bytes=68 pkt=01024000fde39eaf38faaab129e4a9b30d1ba6b407eba2b4dcdfa5b425aca4b15bf4a9b5251c939124068c91243891935fe992933ddf959321f1959351e992913df39695 pre_us=87303 enc_us=489031 q_us=33 pkt_us=1
[PKT] seq=621 mode=A bytes=68 pkt=01024000fee2abb036f5a9b11cdab2b31d10b8b4f4c4b9b4cdceb2b427a3a9b14adeafb5241e8e912bf88e9124438d9361f68e9353e790932e02929347f891912dea9495 pre_us=87290 enc_us=489029 q_us=33 pkt_us=1
[PKT] seq=622 mode=A bytes=68 pkt=010240000ae396af3afc96b02dcaa1b30a2f97b3e5ef93b3dbd69cb31fb09fb149c8a5b42228989124fd91912a40909255f496933ede97933afd949257ef939137fb9795 pre_us=87287 enc_us=489031 q_us=32 pkt_us=1
[PKT] seq=623 mode=A bytes=68 pkt=0102400005fc9ab138049ab21bbda9b516ffabb71ee7a6b7eddda7b72c8fadb45ef1b4b8232e949223029092101a94945600969539d7999519d797953dfa939439e09898 pre_us=87291 enc_us=489026 q_us=32 pkt_us=2
[PKT] seq=624 mode=A bytes=68 pkt=010240000fa7a3b24319a7b428f1aeb81dfdaeba0701b1baf5deb4ba2bc8aeb755e4b3bc2a2c969332068f932cf695965ae1989849e8969835fe969828be969646bb9d9c pre_us=87316 enc_us=489025 q_us=32 pkt_us=2
[PKT] seq=625 mode=A bytes=68 pkt=01024000079fbfb446f8c1b61db5c2bb2fbbc2bd11e7c6bef6c1c4be4ddcc1bb54b3c5c1301390952eed909538eb96994dc9989b36da989b55e7999c35be969a54c39fa1 pre_us=87306 enc_us=489030 q_us=32 pkt_us=1
[PKT] seq=626 mode=A bytes=68 pkt=0102400018b0ccb937e1c4bc1dbfc8c2f2f7d0c6dee3cfc8ddc8cfc7e7cac8c41cded0cd4b16919840bf959a51d49ea030eb9fa608d9a1a622f7a1a73cb4a2a425c7afb0 pre_us=87319 enc_us=489028 q_us=33 pkt_us=1
[PKT] seq=627 mode=A bytes=68 pkt=0102400001a2b9b93ea8bcbc2f91c3c3eec6c7c7cabdc8c8d8b0c8c8f8bdc5c533cccece3dfd999942d39a9a360ea1a15bf6a6a634d8a7a716e0a8a83db4a5a540cbb2b2 pre_us=87311 enc_us=489028 q_us=32 pkt_us=1
[PKT] seq=628 mode=A bytes=68 pkt=0102400004f69bb03c0098b214bda0b401239db6faf19bb6e3e3a0b51fdaa9b32feeaeb72734959229fb9392204895945f15969546ce979422f498941ecf92931cd09a97 pre_us=87305 enc_us=489033 q_us=32 pkt_us=1
[PKT] seq=629 mode=A bytes=68 pkt=0102400017a4c3b33d0dc1b52dc6c2b94b0bc8bb0dfac4bcd8dec4bb1fbdbeb94fd3c0be171c8d9420f98d94361f929742de919931e593992de895992dd495983edf9c9e pre_us=87285 enc_us=489029 q_us=33 pkt_us=1
[PKT] seq=630 mode=A bytes=68 pkt=0102400004f79fb0360794b131bda2b41b3497b5e1db97b5dbde9bb41db5a2b23df8a8b6292d95912c1298911e37949351e79a942ce898942cef98942ef1949232d89a96 pre_us=87307 enc_us=489032 q_us=32 pkt_us=2
[PKT] seq=631 mode=A bytes=68 pkt=010240000aaaa6b44515abb62bd2b6ba38e0b8bd0ceab1bef7cab3bd34bbb7bb4cddb8c12c2696943c0591952fec97994ada9a9b3ac29e9b47d69d9b31c698993fbfa3a0 pre_us=87308 enc_us=489027 q_us=32 pkt_us=2
[PKT] seq=632 mode=A bytes=68 pkt=010240000994c1b84b02c4ba26e6c7c003e3c8c4d8dcc9c5deb0c9c509c2c5c234d2cbca430b94973ad4939942cb9b9e40b5a1a31fdea1a339f2a1a42bae9fa12ec0abac pre_us=87316 enc_us=489030 q_us=32 pkt_us=2
[PKT] seq=633 mode=A bytes=68 pkt=01024000f898bbbb49f6bebe02c9c5c5debecacac5d4ccccd3b5cbcbf7c1c8c8ecdfd2d25dfa9a9a51d19c9c5ccea3a339fcaaaa37e6abab2ef9acac20d0a9a943beb8b8 pre_us=87299 enc_us=489027 q_us=33 pkt_us=1
[PKT] seq=634 mode=A bytes=68 pkt=0102400006e798b23dff99b31cb5abb73d06a8b9dae8a5bad8efa9b91096afb755d9b9bc26329a93290292932c18959641f699973dd69b9714be99973ecb959645d39b9b pre_us=87314 enc_us=489027 q_us=32 pkt_us=1
[PKT] seq=635 mode=A bytes=68 pkt=010240001ca9abb54e15b3b72dbabcbc4bfabdbf11e1bac0e6dfbac007a0bbbd39d2c4c41b1a95952dfb92963a10989a3ca79c9d32d59e9d11df9e9e23d89a9c39baa3a4 pre_us=87289 enc_us=489026 q_us=32 pkt_us=2
[PKT] seq=636 mode=A bytes=68 pkt=010240001f9cc1b549f9bfb72da4c4bc520cc8bf06e2c8c0e2cfc8bf04bbc2bd46d5c8c3162291952ee591962f16969a4ccb989d3bf5999d28f9989e3ec0999c45baa0a3 pre_us=87313 enc_us=489033 q_us=33 pkt_us=1
[PKT] seq=637 mode=A bytes=68 pkt=0102400022a4a6b4471daeb62fc9baba4b17bfbd0c05afbddab9b1bd109eb4ba45c4bec01d2895942aea9195351a95984ad0999b37d4989a3aef9c9b36c198993dc8a0a0 pre_us=87313 enc_us=489027 q_us=33 pkt_us=1
[PKT] seq=638 mode=A bytes=68 pkt=010240001fa1c6b43c03c4b62fdcc9ba3fedc2bd0ee1c5bed9ddc5bd28aabebb5eb7c2c11a128e941ef48e953514919950bc989b3efa979b36d0979b26c5979943d79fa0 pre_us=87306 enc_us=489029 q_us=33 pkt_us=1
[PKT] seq=639 mode=A bytes=68 pkt=0102400024a4cfb44c0fc2b6399dc5bb5617c7be0ddbc7bee0d7c6be2893c1bb3ddbc4c218228c952ae68f95233a94994abb979c34e1979c0fea999c1fda979a2ac19fa1 pre_us=87283 enc_us=489028 q_us=33 pkt_us=1
[PKT] seq=640 mode=A bytes=68 pkt=010240001297bfb64cfec1b828b0c6bd44ffccc0f9ccc9c1e8bcc6c00997c1be46aac6c52d16929636f09197390a969b40d3979e4ce19a9e17e89b9f2fd59b9d40c6a3a5 pre_us=87286 enc_us=489031 q_us=33 pkt_us=1
[PKT] seq=641 mode=A bytes=68 pkt=010240000aafacb24707b5b430c5bbb83b1dd1baf7e5c2bae3e7c2ba1994bbb75cb7bebd2423939330fb8e933936929657de8d9843e992980ee7939843e6949648ef9b9c pre_us=87308 enc_us=489023 q_us=32 pkt_us=1
[PKT] seq=642 mode=A bytes=68 pkt=0102400006a7bcb4450ec3b52df3c5ba220ecabc09f2c7bde7ebcabd2b9bbfba5ad6c3c02c278f9432e98e95240b929856d0949a42e8959a22f2949a3fcf96994bd59d9f pre_us=87290 enc_us=489031 q_us=33 pkt_us=1
[PKT] seq=643 mode=A bytes=68 pkt=0102400010b1c1b43f03c0b638c4c5ba3c01c9bdf6f8c5bdd4efc7bd0b9fbfba52d7c2c021098e9427f78f95341f939855c4949b3adf969a26dc959b3cc7979949c49ea0 pre_us=87289 enc_us=489026 q_us=33 pkt_us=1
[PKT] seq=644 mode=A bytes=68 pkt=010240000dbea6b34011acb417d1b2b83817b9bb000aa8bbe5eca8bb13abafb847c6bbbe1a2e949323008f943f22949753e3939943ec989920d29c9937c5979735cc9d9d pre_us=87289 enc_us=489027 q_us=32 pkt_us=2
[PKT] seq=645 mode=A bytes=68 pkt=0102400003f69db13f0398b21cc8a1b5280ba4b7eddea0b7c6d8a1b7fb94a7b441dfb1b926289492260491922152939449df95963cef9a950df099952df2949430ea9a98 pre_us=87307 enc_us=489030 q_us=33 pkt_us=1
[PKT] seq=646 mode=A bytes=68 pkt=010240000cb6c8b54a10c3b62fb0c2bb3ef7c7beede5c9bfece7c7be0b9cc0bc57d7c6c22d2a8d9534ef8e9523f4969939f4979c41d0979c07d2989c35cf989b43c89fa2 pre_us=87284 enc_us=489031 q_us=33 pkt_us=1
[PKT] seq=647 mode=A bytes=68 pkt=010240000ddca7b341fba3b519c9bcb92416abbb18f0a6bce2dfacbb17a7b3b95bf2babe2923949415fa93943337919759db9e9941c59c9920d89b993fce979843d49e9e pre_us=87310 enc_us=489028 q_us=33 pkt_us=1
[PKT] seq=648 mode=A bytes=68 pkt=01024000fc0293ae350b92af19bb9cb13e1ba6b107e49db1e1e29cb12194a4ae53c3aab12436af901c13a99014389d9139df989125fe999120d0999127f5938f3bfa9692 pre_us=87289 enc_us=489032 q_us=33 pkt_us=1
[PKT] seq=649 mode=A bytes=68 pkt=010240000ae7a6b23ff9a6b31bb7b4b739fdb5b9e0efaab9d3d8a8b800aeadb64bddb7bb2e23919333fc8f930f3792954a07959749ea999721ec9a9754e8959534c79a9a pre_us=87282 enc_us=489027 q_us=32 pkt_us=2
[PKT] seq=650 mode=A bytes=68 pkt=010240000bfca2aa2426a7aa06dfa4aa0ae1a1a92addada86a2fa7a8140f9ea66c59bda7d31fc58dd21db38dd6f09a8df1f1968cf637a18cd27aa08b076e938ae86b8a8c pre_us=87292 enc_us=489032 q_us=32 pkt_us=1
[PKT] seq=651 mode=A bytes=68 pkt=010240000905a0ab2925b1ab0ee4b3ac11ceb2ab1ef1a4aa6afdb2aa2e13a5a8774ab6a9c52fc08eb41eb08dbaea9e8dc6f19e8dd830b38dd578b18c136f968b04778c8d pre_us=87296 enc_us=489027 q_us=32 pkt_us=1
[PKT] seq=652 mode=A bytes=68 pkt=01024000040297aa2c1797aaf4faa8abf4f596aa0fcf92a965ec9fa835efa3a77333aaa8f423b58e0023a68d02f3958de4f6b18c121daf8cf9749e8c1e67968bf347978c pre_us=87305 enc_us=489028 q_us=33 pkt_us=1
[PKT] seq=653 mode=A bytes=68 pkt=01024000f7f398af33fd99b0f4c1a0b2eedda5b30ddba4b36dbca6b249b0a3b070f6adb328219d9129f5979025f699921cd9959248ee98924f4193924a1991903c279394 pre_us=87304 enc_us=489027 q_us=33 pkt_us=1
[PKT] seq=654 mode=A bytes=68 pkt=0102400001f699b13afd98b2eba8a6b5e8d0a3b6fbdea2b771ada8b64faea7b472ffadb82930959221ee9392190c969408ed999553ec9895473796953e2b93934f159998 pre_us=87288 enc_us=489028 q_us=33 pkt_us=1
[PKT] seq=655 mode=A bytes=68 pkt=010240000f0894ae310294ae0df998b0e5f592b023ca96b075d1a7af57dea3ad73eba3b0f526a090ff109a8ffdde9b900904a1901ceb9790046a919024578f8f063b9791 pre_us=87305 enc_us=489021 q_us=32 pkt_us=1
[PKT] seq=656 mode=A bytes=68 pkt=0102400009f1abb12ee2a7b20ad4aeb6dddcadb70fd1a9b76dceb4b754b0b4b57303bab926228f921df8919209f9949429fa969652f09896504592963e3691942b2c9699 pre_us=87308 enc_us=489031 q_us=33 pkt_us=1
[PKT] seq=657 mode=A bytes=68 pkt=0102400000f198b02ffd95b1e4bea0b3f2cfa1b4f9d8a1b472aca6b455dfacb270fcb2b52b2a959121f4929115fe94930ee896935cf495935138959337388f924e1e9395 pre_us=87290 enc_us=489029 q_us=33 pkt_us=1
[PKT] seq=658 mode=A bytes=68 pkt=0102400003f7b7a8211eb7a7fc099aa6ffe694a434e59da35805a6a30defa0a1492fa9a1f517d68c031bb38b00f5a58a0100ad891508ab891f73a08923598f88e7438b88 pre_us=87304 enc_us=489027 q_us=32 pkt_us=2
[PKT] seq=659 mode=A bytes=68 pkt=01024000fbfb99af26f79eb0f4d4a6b3eed3a6b409b99fb469a4a1b344b3a9b1710db1b4221d9d9121fc95910ee5999218e4979357ea9c934d3c99934054929146329695 pre_us=87279 enc_us=489029 q_us=33 pkt_us=1
[PKT] seq=660 mode=A bytes=68 pkt=0102400001daabb235f8a9b3fac2b4b7edc4b2b9f8bfacb96abebfb82fa3bcb66effbdbb1c2591931df9909310fd93952bf6979763ea99974a46919747499295491f979a pre_us=87310 enc_us=489029 q_us=33 pkt_us=1
[PKT] seq=661 mode=A bytes=68 pkt=010240000daac4b33cffc0b5f3c7bdb9f8cfbfbb17c4c4bc75b1c7bb62edc1b96df2c5be2d178d9425e28e9418d9959723e9979961e8959958329499431793984e19999e pre_us=87303 enc_us=489029 q_us=33 pkt_us=1
[PKT] seq=662 mode=A bytes=68 pkt=010240000600a3aa25199faa02e7aeaa03da9ea907dea2a966e2a6a83e1da6a67742aca7f628bd8deb10b68de2ea988df4dd9e8c192aa98cff6e988c176e8f8a10768d8c pre_us=87303 enc_us=489028 q_us=33 pkt_us=1
[PKT] seq=663 mode=A bytes=68 pkt=01024000068dbbbb1f9abebeda9dc5c5e7a8cacaf094cccc509dcbcb3fb8c8c86bc5d2d23ab49a9a29c19c9c1bbda4a421beaaaa38d7abab7ab4acac5db8aaaa739eb8b8 pre_us=87277 enc_us=489029 q_us=32 pkt_us=2
[PKT] seq=664 mode=A bytes=68 pkt=01024000feb9cab126f0bfb3f5c6bdb6ffc0c3b82adec2b873c4cbb85bebc0b57af5c6ba13138b9215e28d9213e5929520ee919644ea91963c408e96432a90945a319399 pre_us=87291 enc_us=489031 q_us=32 pkt_us=2
[PKT] seq=665 mode=A bytes=68 pkt=010240000ad396ad381296ae0fe7a0b023deaab05fd7a0af71fba4af58f0adad7a07b6aff00b939009ef8e8f0fe3909010e98d903a0f90902b5a8c903c528a8e46558b91 pre_us=87291 enc_us=489028 q_us=33 pkt_us=1
[PKT] seq=666 mode=A bytes=68 pkt=0102400013c8ccb33ce4c0b512c4bfb91bc5bfbc32b0c6bc6aa4c6bc3ed0c0ba78d4c5bff5178c9405fc8f94dde69598e6da989a1ded949a1858959a2f1c959839369b9e pre_us=87302 enc_us=489029 q_us=33 pkt_us=1
[PKT] seq=667 mode=A bytes=68 pkt=0102400004cba6af1e00a9b0fbc5acb2f4c7b5b32bb2bab36eeebab352bab6b078f4bab40c0f909115fe8d9111f791922ee98e9357108e92485c8e9253538d91604e9094 pre_us=87279 enc_us=489027 q_us=32 pkt_us=1
[PKT] seq=668 mode=A bytes=68 pkt=010240000db4c2b41ee4bfb603d3bfba04dec0bd35c4c1bd74aac2bd69bfc0ba7e03c7c00e128f940fe0909519e396980bd9989b36d9999b2f3e999b3b5996995e419ba0 pre_us=87309 enc_us=489023 q_us=32 pkt_us=2
[PKT] seq=669 mode=A bytes=68 pkt=0102400015e59aaf26109ab024c7a4b226dda6b245da9fb27117b0b239e4baaf763dc7b3c2299290c70f8d90c6028f91dfff8f92ef429192bb7988920d6d8790b1748793 pre_us=87298 enc_us=489030 q_us=33 pkt_us=1
[PKT] seq=670 mode=A bytes=68 pkt=01024000fff093af1cf797b0f6bfa5b3f5c9a4b30fd2a8b46be2b1b358c8adb1790faeb41a1f99911af2909109ed929220ff98934cec90933e388f933e578f9162339495 pre_us=87305 enc_us=489030 q_us=33 pkt_us=1
[PKT] seq=671 mode=A bytes=68 pkt=01024000ffeb97ae20f099affec39eb0f1cb9ab115cb98b06bb79ab052f69cae7c19a6b1141194900cff8e9006f2929126f4959141f49390294c92903c5e8c8f634a8f92 pre_us=87285 enc_us=489030 q_us=33 pkt_us=2
[PKT] seq=672 mode=A bytes=68 pkt=01024000f9b8c8b01eecbeb109b6bab4f8bfbdb524c1c0b56daec1b55acebfb27907c1b6220c8a9127de8c9112e591932fea919458d990943c2f8e9451428d9267359196 pre_us=87303 enc_us=489032 q_us=33 pkt_us=1
[PKT] seq=673 mode=A bytes=68 pkt=0102400005f4aea91b25bea801e093a80bdf95a615d8a7a56d45b4a5feee9ca3615baca3c229df8cbd23b38cbceea48bd1f4a58afb4bb48ad078bb8a1470a189dd6e8a8a pre_us=87297 enc_us=489027 q_us=33 pkt_us=1
[PKT] seq=674 mode=A bytes=68 pkt=01024000fba2b8b730e7bbbadcd6c0c0cfc2c4c4fcacc5c571b4c4c43ccfc1c168becac930f8979730cb989815c69d9e1ad5a2a26ddca2a270bda3a356c0a1a16daaabab pre_us=87299 enc_us=489030 q_us=33 pkt_us=1
[PKT] seq=675 mode=A bytes=68 pkt=01024000feb3b9b818e0bbbad0d3c1c0f1bfc4c4e9d0c5c54eb9c5c55bd8c2c26cd6caca34e0979723ce989912cc9e9e22d2a2a35fcba3a37bcaa3a360e8a1a16eb9acac pre_us=87304 enc_us=489026 q_us=33 pkt_us=1
[PKT] seq=676 mode=A bytes=68 pkt=0102400001cfccb515d4bfb7c7b0c1bddfcec3c0f0d6cac070dbcbc052cfc4bd6dd9c9c42cff8d952fd2929600ce989a28d19c9e67d4989e69bc989e41dc999c5fdaa1a4 pre_us=87290 enc_us=489030 q_us=33 pkt_us=1
[PKT] seq=677 mode=A bytes=68 pkt=01024000fbe19baf20faa2b0e9c4a8b2e7cda5b30ea7a2b36eb4b0b26806afb075fea9b3122393911af48e9006df929225e8959244f8949233618d9200388d9018369494 pre_us=87280 enc_us=489029 q_us=33 pkt_us=1
[PKT] seq=678 mode=A bytes=68 pkt=0102400007d099af3213a0af08d4a8b227d4a7b25eea9eb277e69eb2582da5af790eb6b2ed289690fb07909010d19491fbf39392271896922c69909131548b90384f8c93 pre_us=87299 enc_us=489033 q_us=32 pkt_us=2
[PKT] seq=679 mode=A bytes=68 pkt=010240000fdfa8b13b13a5b202e29fb505d5a3b62cbbabb672c6b4b66be3b2b47aecaeb8172d8f920cf98e9205d799940c00969518d69495f02e9195cd299093ef189998 pre_us=87309 enc_us=489026 q_us=32 pkt_us=1
[PKT] seq=680 mode=A bytes=68 pkt=01024000f7bfc1b41ec6bcb5d5c3c1bac8c3c4bcf7cac2bd71a2c0bd53c9beba65c4c2c02e0a909434d892952bf194983cf8969a6be4979a60e9989a4ae3979960d39d9f pre_us=87306 enc_us=489030 q_us=32 pkt_us=1
[PKT] seq=681 mode=A bytes=68 pkt=01024000fbbecab331ebbfb5f5cebeb9f4debebb09b6c2bc6ea5c9bc59e0beb970f1c5bf2e208c9425f48f9406d1959706e8989a45dc97994317939a2de19498420f9b9e pre_us=87286 enc_us=489029 q_us=32 pkt_us=2
[PKT] seq=682 mode=A bytes=68 pkt=01024000ffa4c3b533efbeb7fcc9c2bdddc0c3c010c3c5c0709ac5c05eeac1bd6bdbc7c4360b919535d092960ccc989b17d19b9e5fc99b9e59ef9c9e4ce2999c5ccfa3a4 pre_us=87315 enc_us=489030 q_us=33 pkt_us=1
[PKT] seq=683 mode=A bytes=68 pkt=01024000f788bbbb2fa4bebecda8c5c5e7a8cacaecaccccc44a2cbcb45aac8c850bed2d250d49a9a2dbc9c9c27b9a3a33bc8aaaa5dbcabab7dc1acac65c5a9a96eadb8b8 pre_us=87284 enc_us=489028 q_us=33 pkt_us=1
[PKT] seq=684 mode=A bytes=68 pkt=01024000130594ad2b1994aefcb4a1aff1db9faf0ad094af62ba9eae24ebafac7723bcaff82da58ffb0b9f8fdef59790f4e59d90f913a48fe768918ffb658a8e0f5a8b91 pre_us=87288 enc_us=489031 q_us=33 pkt_us=1
[PKT] seq=685 mode=A bytes=68 pkt=0102400009ea9bad3516a0aef3c6a4af12d6a5af10cca2af36eca3afdcfea0ad6a2cbfafde39938fdd168e8fe2f19190f70e909017409090e8768b8f616d8b8e14768791 pre_us=87298 enc_us=489028 q_us=33 pkt_us=1
[PKT] seq=686 mode=A bytes=68 pkt=0102400008bf95ae280b9faf04c7a8b111b99eb143ca9bb167b0a1b14cdaa5ae771db6b1ed29979007fe8c90ffeb909109149591352b929137768d912f6b8b8f37668a92 pre_us=87293 enc_us=489024 q_us=33 pkt_us=1
[PKT] seq=687 mode=A bytes=68 pkt=0102400009a5bbb127dcbcb2ffb9bcb606d0bfb73aa7c1b86fd2c3b745c7bfb578bec3b90b128f921efb8e9221d792952ffd929659ef91964a64909647288f9463569399 pre_us=87282 enc_us=489028 q_us=33 pkt_us=1
[PKT] seq=688 mode=A bytes=68 pkt=010240000ae696ac301091ac19bd93ad2bda91ad56c392ac740d9dac2dc2a0aa77e8a6abdf289b8ff419998ef1e09b8ef3099a8e102f958ece718f8e29428c8cf74d8e8e pre_us=87303 enc_us=489030 q_us=32 pkt_us=2
[PKT] seq=689 mode=A bytes=68 pkt=0102400009afc8b138ffc4b21acdbfb52ae4c3b765dac2b775fed1b656ebc2b47b03c9b8f2138a920b018a920ae0909408f390953f18919535658995454b8c9346478f98 pre_us=87286 enc_us=489029 q_us=32 pkt_us=1
[PKT] seq=690 mode=A bytes=68 pkt=0102400013d198b0320f9ab110eba5b30bdfa1b44dbc9ab472cfa0b446eaa6b17a1cb7b5f325969102039091fed3949301eb989332239a931f6d90933f5f8e9219428e95 pre_us=87300 enc_us=489031 q_us=33 pkt_us=1
[PKT] seq=691 mode=A bytes=68 pkt=0102400011c999af310a99b007cd9eb311d8a0b4389fa1b475dba6b34bd4a9b17a0cb0b5f83b9f91fe04999101e19a9218e798932a2d979332659493324690912d3b9495 pre_us=87287 enc_us=489024 q_us=33 pkt_us=1
[PKT] seq=692 mode=A bytes=68 pkt=0102400002adc2b12bf9c2b2eedbbeb6f8c9c6b702ccc8b86cc6cab76313c1b578f7c4b91a168c921fe48b9220ed91942dfb90964af88e9656168d9659198e946c139399 pre_us=87290 enc_us=489028 q_us=33 pkt_us=1
[PKT] seq=693 mode=A bytes=68 pkt=010240000dd190ad2d0a94ad07f39aaf14c29dae44c899ae74e1a3ae50fca7ab780faaaefc2fa58ffc0f978ffbcf988f06f4968f340f988f18718f8f145a8a8d35478e90 pre_us=87294 enc_us=489030 q_us=33 pkt_us=1
[PKT] seq=694 mode=A bytes=68 pkt=01024000f5a7bdb429d7bdb6e2c2c0bbd8b7c2bd1fdbc2be6daac2bd4fd4bfbb70d9c3c1330a919432d6929510ea969946e0989b5dc4999b690c9a9b58ec979a67e39fa0 pre_us=87289 enc_us=489031 q_us=33 pkt_us=1
[PKT] seq=695 mode=A bytes=68 pkt=01024000f9cd9aae310a9daee6d89cb0f7e4a1b01edfa0b071dda4b042d1a4ae76fcacb0162193901df98d8f13fa929027e9909157fb909056518f90493c8c8f513d8f92 pre_us=87303 enc_us=489029 q_us=33 pkt_us=1
[PKT] seq=696 mode=A bytes=68 pkt=0102400008f795ad451a96adf1eb98af07f295af4be99aae7507a7ae3ebaa4ac7b06a9aef62f9b8f01fd968feff0968f07da9a8f2bfd958f1b578d8f2b458d8e31498e90 pre_us=87301 enc_us=489029 q_us=33 pkt_us=1
[PKT] seq=697 mode=A bytes=68 pkt=0102400009f99daa2d1fb3aa17c09daa1edda3a935c4a1a87114a1a82cfb9da67663aea7b931db8db51cbb8dbdeeac8cc615ab8cd555a08be072a48b05739d8aac6c938b pre_us=87291 enc_us=489023 q_us=33 pkt_us=1
[PKT] seq=698 mode=A bytes=68 pkt=010240000ce19db0400ba0b20bc8a7b51acaa2b643c2a3b673c1b1b64eadaeb37c11b9b8f73a9492f9038f92ccda9694eade98952e099795f5438f950857909309349297 pre_us=87290 enc_us=489033 q_us=33 pkt_us=1
[PKT] seq=699 mode=A bytes=68 pkt=010240000ffb99ae3b0897ae0af09eb020e09eb058e094b0730696af46afa3ad7a21b5b0ee149890010a9a8f0fd39790fcfa96903219a0900c53989037568f8f06328d91 pre_us=87284 enc_us=489027 q_us=33 pkt_us=1
[PKT] seq=700 mode=A bytes=68 pkt=01024000fee093ac4e2791ac4cfe9cad46fe9eac002899abf30ca5ab22af9ca958eba5abee1ba18ef53f9a8ef70d908e0849918e2b2c928d1b0c8c8d0e138f8c17078e8e pre_us=87292 enc_us=489029 q_us=33 pkt_us=1
[PKT] seq=701 mode=A bytes=68 pkt=01024000f6dc98a62a32d0a72414afa63c46aba1f446ac9fee0da59efc009a9d263ba09bbe33e78ab143d288af45be87c741c386230eef860f11c086de47a686b91c9486 pre_us=87277 enc_us=489029 q_us=32 pkt_us=2
[PKT] seq=702 mode=A bytes=68 pkt=0102400004f297af590a92b04f02a8b25a07abb3ef26a6b3f9bdacb21ce2aeb023faaeb4fc159491073991901b298c92063a8e933b208e9225108f9214ff8d91faf59394 pre_us=87301 enc_us=489025 q_us=33 pkt_us=1
[PKT] seq=703 mode=A bytes=68 pkt=0102400003efa7aa3e1c98aa5404a0aa412c9ba9f8479ca8f0f2a5a812d2a1a62a16a9a7d615c58dd34bbc8dce22a48dcc48b18c0e40af8b0444a08bf134968ac3e3938c pre_us=87285 enc_us=489026 q_us=33 pkt_us=1
[PKT] seq=704 mode=A bytes=68 pkt=0102400006e28cab3f1f8dac4d0594ac471e8fabf02a92abf0ef8caa16c592a83d1497aad024b48ec94aad8dc638a18ec740aa8d412ea68d2634a68df536958cbce3948d pre_us=87290 enc_us=489033 q_us=32 pkt_us=1
[PKT] seq=705 mode=A bytes=68 pkt=010240000af4a0a93322a0a940259fa95d2da5a7f84da4a6ee3ea2a6f4e99aa43a2fb7a5c925b98db34dc48ca914ad8caf3aa58b2034ac8a0c23a38aea448f89d2eb8a8a pre_us=87283 enc_us=489027 q_us=33 pkt_us=1
[PKT] seq=706 mode=A bytes=68 pkt=0102400001e291ab4a209aab540ba0ab4d0d93aafb44a2a9fe2da1a918029aa7381da7a8e117c18ee246b58ddf2b9b8de559a58d0d2c968c1720948cf62b918bcdc28e8c pre_us=87285 enc_us=489030 q_us=33 pkt_us=1
[PKT] seq=707 mode=A bytes=68 pkt=0102400005ecaba72f33bda7352da1a62a3aaaa4f650b3a2e51099a2cd0395a00e3c9fa0d524d08cc945cb8bbf3cb38ade28a9892d04bd89040fb788f329a188e4d69088 pre_us=87288 enc_us=489025 q_us=32 pkt_us=2
[PKT] seq=708 mode=A bytes=68 pkt=01024000fff099a84424a1a84014a3a861159da6f647a0a5091a9aa426e699a32e16a5a3dc16c18ce042ba8bde24ac8bc64fa58a2f22b18a0d25a78af7379489c4e58b89 pre_us=87286 enc_us=489031 q_us=33 pkt_us=1
[PKT] seq=709 mode=A bytes=68 pkt=010240000bf3aaaa412bdbaa3804c0aa501fada8f441a9a7de019da7fdf89ca5000eada6d02cde8dcc4cc88cdc39ac8ca44aa28c161eb78b1332b08bea23928acbcb908b pre_us=87290 enc_us=489027 q_us=32 pkt_us=2
[PKT] seq=710 mode=A bytes=68 pkt=01024000d1f1c8b4052ad4a80f12c7a31638aca0f754bf9feb0b96a0e0049c9df0239f9bb525ee86aa42d587b242c287fc49bb8629f7e2861c27d685ec2eaa8502ed9385 pre_us=87282 enc_us=489029 q_us=33 pkt_us=1
[PKT] seq=711 mode=A bytes=68 pkt=01024000eaf0b6ae1c2fb6aa1901a1a50525aea3e255a5a3df1c8ca1e901959fec1ca59eb326e889a44ccd88bb49cc88c251c8873814c786312ead87053e958607ed8e87 pre_us=87284 enc_us=489024 q_us=33 pkt_us=1
[PKT] seq=712 mode=A bytes=68 pkt=01024000f7f3a0a845119ea73ff49da75722a3a52430a1a40304a4a327dfa2a24e089ba2f303c68c0136bd8b0d35a98bfe3fb48a0f2ba4890312a189093b9088e2e58c89 pre_us=87288 enc_us=489028 q_us=33 pkt_us=1
[PKT] seq=713 mode=A bytes=68 pkt=0102400000f593ab461996ac510091ac40168cabf9348fabfef48baa17dc8da834ff94aae10a9c8ed83b8f8de633958ef05c9b8d2711998d19319b8d091d928c030e918d pre_us=87297 enc_us=489029 q_us=33 pkt_us=1
[PKT] seq=714 mode=A bytes=68 pkt=0102400000e0a2ae5103a3af54ffa1b13deba7b11b24bcb1fbccb1b038e3b4ae5df6afb1f90f8f900f318c901d048f9114518e911f44889125348c91220c8a8f1c129192 pre_us=87295 enc_us=489028 q_us=33 pkt_us=1
[PKT] seq=715 mode=A bytes=68 pkt=01024000fcea9da41f28cea34020ada03849aa9dfb55c39cee1d939c06209f9a1e489899c513d78abd2fca89ad4bb687dc3aba8620fbcc860c19bc86e54aa985e71f8f85 pre_us=87282 enc_us=489027 q_us=33 pkt_us=1
[PKT] seq=716 mode=A bytes=68 pkt=01024000f6b8c3ae2be5c1af46dcc4b14fdac8b12c16cbb1ffdbcab13ec3bcae60fcbab1fe128a902613899042188a9139558991202987912c1e889143218a8f2e228f92 pre_us=87292 enc_us=489029 q_us=33 pkt_us=1
[PKT] seq=717 mode=A bytes=68 pkt=01024000f9db94aa390d95aa4e0592a959068da81c3898a70e0496a72bd993a564fd95a6ec0d998df82d928c1126958c1547998b064c8a8b101a8e8bf4358b8a0d368d8b pre_us=87291 enc_us=489030 q_us=33 pkt_us=1
[PKT] seq=718 mode=A bytes=68 pkt=01024000fed993ab3f1095ab390593ab4ee88daa122791a902ed95a920b592a7640a9aa8e80f9b8efd2b938d242f938d0954988c1f32908c121c8e8c21468d8b0a238d8c pre_us=87281 enc_us=489032 q_us=33 pkt_us=1
[PKT] seq=719 mode=A bytes=68 pkt=0102400000ea99a52e2ac7a43c10aca2264dbda0f848b59ed6f7959ef4f99b9c2c39b09cdc12d38ad928c989e653c7880c43c4872c00ec870a20c187fb42b18603e7a886 pre_us=87293 enc_us=489027 q_us=32 pkt_us=2
[PKT] seq=720 mode=A bytes=68 pkt=0102400001f7b5a83a1db1a84e139ca73b2ea4a6013eb8a4f7fda6a40bbda6a23b2dafa3db13d08cce43ca8bde2eab8bf047ad8a1420a489101b9b890e599089f2df8c89 pre_us=87287 enc_us=489028 q_us=33 pkt_us=1
[PKT] seq=721 mode=A bytes=68 pkt=01024000fee492aa35138eaa460990aa6b008fa80d3a9ca7fd059ba725d99ea5541da4a6e00aa98def35a88cf5379e8cd84c998c36338f8b28258d8b174c888a14ff8a8b pre_us=87285 enc_us=489027 q_us=33 pkt_us=1
[PKT] seq=722 mode=A bytes=68 pkt=01024000f8e599ac39039dac3f0ca9ad42f9b5ac1031bfab05e9baab2ff4b4a96104b1abf60b908e06268a8e2216888e1a45878e1651858d113d868d1d32868c000a898e pre_us=87283 enc_us=489032 q_us=33 pkt_us=1
[PKT] seq=723 mode=A bytes=68 pkt=01024000ffe790aa461f8faa47d995aa540e97a9073698a8fc069fa806a492a657f29ca7f00aaf8dfe3aab8d06189a8d0f4a9c8c1a2f948c16178f8b0e2e928ae2008e8c pre_us=87283 enc_us=489026 q_us=33 pkt_us=1
[PKT] seq=724 mode=A bytes=68 pkt=01024000fedf8eaa3c2690aa451796aa4e1f8da9073a9da809219aa7200e9fa64c0baaa6dd22a88dd8429d8cda22948ce0459d8c322b8a8b2830918bf1288a8ae91a8a8b pre_us=87286 enc_us=489033 q_us=33 pkt_us=1
[PKT] seq=725 mode=A bytes=68 pkt=01024000eddd94ae40f296ae25e395b0430291b0260d99b007c19cb02df5a3ae1fbaaab01c0d97903e0c8e8f3feb949025279491f8298e90301191902deb8e8f0df49292 pre_us=87283 enc_us=489027 q_us=33 pkt_us=1
[PKT] seq=726 mode=A bytes=68 pkt=01024000ffe992ac461c91ad590899ad612f9badfd3697adfe1994ac0fed98aa470ca2acd8219e8fde3c978ee13a918fce3e8f8e1f33928e0f17918efd208c8dddf0908f pre_us=87287 enc_us=489032 q_us=33 pkt_us=1
[PKT] seq=727 mode=A bytes=68 pkt=0102400003e991aa3e3390aa3e2192ab5a3c9faaff4e8fa9053187a8100596a62015a3a8b936a18eb4459a8dd257948dc753908c3804938c2fff998cff278c8b15078a8c pre_us=87283 enc_us=489031 q_us=32 pkt_us=1
[PKT] seq=728 mode=A bytes=68 pkt=01024000ffa9bdb233ddc0b329bdc2b74ec0c3b81bfbc7b9e7cfc7b814b0bdb633f3c0bb1d168f9336218d9353149095475592971e1a8f9737278f9732ec91951bec979a pre_us=87288 enc_us=489029 q_us=33 pkt_us=1
[PKT] seq=729 mode=A bytes=68 pkt=01024000edf599a93e27aba93e0d9ca84d539ea7fc359aa6ff0d93a6f400a4a40e0fb6a4c222c38dac4abd8cc949a88cf72da38b2705bb8a2702b18a02169b89fcdf9b8a pre_us=87294 enc_us=489026 q_us=33 pkt_us=1
[PKT] seq=730 mode=A bytes=68 pkt=0102400002eba3a8402cc3a8460ab5a7471aa7a5ee45a1a4e9f49ba30710a3a2fe0baba2d925d68cd949c78bd938a78bd85ead8a2918bf890a2ba789f4199088e0ec8d89 pre_us=87293 enc_us=489029 q_us=32 pkt_us=1
[PKT] seq=731 mode=A bytes=68 pkt=01024000fecb98af5a0d98b150fba4b372dbabb4400da5b42f04a7b450e2a8b13ebcadb5f4249791071a919111ff91930c469293e43f90932a208f9301f29091f0fb9595 pre_us=87284 enc_us=489029 q_us=33 pkt_us=1
[PKT] seq=732 mode=A bytes=68 pkt=01024000019cb7b73fd8baba26d1c0c052c8c3c34ad8c4c410c7c4c42dc4c1c12cd0c9c928f5979744f398984cd09d9d4cc8a1a10affa2a231e8a2a22bc4a0a005c6aaaa pre_us=87313 enc_us=489029 q_us=32 pkt_us=1
[PKT] seq=733 mode=A bytes=68 pkt=01024000ffb4bfb23cdec8b435cac4b861c3c9ba35f6c6bbfaaac2ba24d5beb826bfbebd17058f933a088b934b169096441e91981c4892984a1c959818d3939711c89b9c pre_us=87289 enc_us=489030 q_us=33 pkt_us=1
[PKT] seq=734 mode=A bytes=68 pkt=01024000feef90ac501c92ac47019bad5b1d98ad0d33a3acf9069aac27a7a2aa550cabacf816a18f0634978e0f3a928f0b47948e271e8d8e0d07928e061d8c8de0e68e8f pre_us=87281 enc_us=489028 q_us=32 pkt_us=2
[PKT] seq=735 mode=A bytes=68 pkt=0102400002ca95ac2c1d96ac40e39cad5b15a0ac09429facf606a1ab0ef89ea94b0eb2abc033928ecb498b8ed9578b8ed864898e4a38878d252a868df139888cf52e888e pre_us=87277 enc_us=489031 q_us=32 pkt_us=2
[PKT] seq=736 mode=A bytes=68 pkt=0102400000e591ab271e95ac44ed96ac53378fac143a8eab051a8cabfad08ba9610997aab423958ed44b8b8edb518c8ed8688e8e3b268e8d17178e8d03288f8ce7238d8d pre_us=87298 enc_us=489031 q_us=33 pkt_us=1
[PKT] seq=737 mode=A bytes=68 pkt=0102400008c596ac4a0a99ad42e39aae6222a2ad1930a3adfc0499ac0dafa2aa5b13adacda2b938fe12d8b8ef7478d8f055d898f392b888e271f8b8e0e2e898de7fa8b8f pre_us=87282 enc_us=489028 q_us=32 pkt_us=1
[PKT] seq=738 mode=A bytes=68 pkt=010240000db5acaf4df1bbb052dec0b36804bab30c15cbb406cac1b311a4b4b15ff8b5b4f2168e91052b899120438b921f4b8d93462488932a1b8b9313168e910dfc9295 pre_us=87288 enc_us=489028 q_us=33 pkt_us=1
[PKT] seq=739 mode=A bytes=68 pkt=010240000cc9a9af4700b3b04de6b4b25f0dc0b2091bbdb204d8b4b212a4b3af6402b3b3ec0d8d90eb35899008348b91fa648a92350c8a9217178c9206458c90120e9193 pre_us=87295 enc_us=489025 q_us=32 pkt_us=2
[PKT] seq=740 mode=A bytes=68 pkt=01024000fbdc90ac440e8fac470996ad532190ac1e2992ac02fc8dab0fb79ca9571ca3abe60b968edf378e8ef53c8c8e0e408f8e21488b8d20198e8d0335888cf0de8d8e pre_us=87286 enc_us=489030 q_us=33 pkt_us=1
[PKT] seq=741 mode=A bytes=68 pkt=0102400003b896ae5011a0ae51ed9eb060eea0b01536a1b0ffefa2b017b99fad5c0da5b0f826969009258b8f28398f9020598e91232e8b901c108c9012168e8f07f29091 pre_us=87281 enc_us=489027 q_us=32 pkt_us=2
[PKT] seq=742 mode=A bytes=68 pkt=01024000fda6c0b146f0c2b22dddc2b558cbc5b73108d4b7fcb5c3b611b9beb445fec1b822188c923f068b9244f08f94373d8e951a4489952b268f953a098f941cea9398 pre_us=87296 enc_us=489032 q_us=33 pkt_us=1
[PKT] seq=743 mode=A bytes=68 pkt=01024000ecec8fa81b2d93a827f08da72f4f8ea5025e87a4052d86a4fff991a221279aa2b334b98ca03da48ba35da58bb36e9e8a1130ac891d1ea989db569d88c80a8c89 pre_us=87286 enc_us=489030 q_us=32 pkt_us=2
[PKT] seq=744 mode=A bytes=68 pkt=0102400004dc90ac452698ad490998ae3c289eadfc3197adfa0197acf0bba4aa1f1baaacd729a08fc641918ed343958f055d928f4f20948e3516918e1d348c8d32d48f8f pre_us=87287 enc_us=489032 q_us=33 pkt_us=1
[PKT] seq=745 mode=A bytes=68 pkt=01024000f7ee97a73641aaa72d019ba63b3aada4f8489ea2fa058ba205db8ea01b339ca0c232d58cb83ec28bd045b68ad961bb89230fb8890505d788f355ab88e3ee9588 pre_us=87284 enc_us=489030 q_us=33 pkt_us=1
[PKT] seq=746 mode=A bytes=68 pkt=01024000d7eb9caaf230c8adfdfda1a70a4cb9a4024cb9a400f493a3d4de999f18299f9fbf36ee8aad4ee388d057ca88fd3ad1870fd2118705ecdb86f446ba86f3dfa586 pre_us=87296 enc_us=489024 q_us=33 pkt_us=1
[PKT] seq=747 mode=A bytes=68 pkt=01024000f5ed9ba93539b5a84603a6a85732a4a6f55c9ca5f0198ca505f793a33339a2a3bc22c58ca246ce8ca43faa8bbe49b18a2702c58afddcc28aed35ad89dada988a pre_us=87288 enc_us=489028 q_us=33 pkt_us=1
[PKT] seq=748 mode=A bytes=68 pkt=01024000ccf1bab0f528cfaefaf2b3a32040b29fe252f3a7ed01ad9debeea89a032ba699b9340187ac4bdc85b546cb86db51d68518f20383fd0cd985e661be84e500a384 pre_us=87292 enc_us=489027 q_us=33 pkt_us=1
[PKT] seq=749 mode=A bytes=68 pkt=01024000fceba2ac3936daac2708b1a8441fa9a4ca47a3a2d21393a202cb97a03535b79fcd33f38aba43c689d331bb89ed5ac488441fcc880a01ae88f0519f87e0ea9388 pre_us=87294 enc_us=489027 q_us=33 pkt_us=1
[PKT] seq=750 mode=A bytes=68 pkt=01024000f6eb9ba51f20c1a856f4ada459f3aca16c02c8a1313cd6a02109a99d5f3fce9be316dc89ec29c887e519b187f641a886a950e385f764c585f231ad85d72ea285 pre_us=87286 enc_us=489032 q_us=33 pkt_us=1
[PKT] seq=751 mode=A bytes=68 pkt=01024000f3e6b0a71718d4aa49f5a3a353f9989e6827b09e1a4aa69c11ed949a62419c99d314f389d923c886d442ae86de4dae86b661bd85f850a385f6459f85bf399085 pre_us=87285 enc_us=489030 q_us=33 pkt_us=1
[PKT] seq=752 mode=A bytes=68 pkt=01024000f6e3b0ae1afdacaf4dfeaeb11204adb24feaadb14700b8b110bfb1af4602b7b214128b9031138b903fdb8d9157f790922fed8e91295c8b913f258b900d0e8e93 pre_us=87288 enc_us=489029 q_us=33 pkt_us=1
[PKT] seq=753 mode=A bytes=68 pkt=01024000f2d796ab09f19aac35f1a3ac35dda8ac53ffa0ab63029caa3aef9fa951fba5aa0702928e2a118b8e3fe38b8e4de38a8d3a2e8b8d3b598b8d3e218a8c1b188a8d pre_us=87280 enc_us=489028 q_us=32 pkt_us=2
[PKT] seq=754 mode=A bytes=68 pkt=01024000f8f093ac2a1094ad62f995ae48dc96ad65f5a2ad5affa5ad48f8a4ab3b05aeadf70f9d8f0b28958e0ff6978f2ffa998f193e918e1b6c8e8e20fa8c8dfc078d8f pre_us=87290 enc_us=489029 q_us=33 pkt_us=1
[PKT] seq=755 mode=A bytes=68 pkt=01024000f7e5b3af0d02b1b048f5aeb2f5daaab344e9b0b361f2b7b31cb8acb02cddb3b4180e8b91371d8b9039d88f9259ee9293300290922b598c92480b9091050f9294 pre_us=87283 enc_us=489025 q_us=33 pkt_us=1
[PKT] seq=756 mode=A bytes=68 pkt=01024000f1e091ab060195ab48f795ab1fe295ab50eb94aa521195a914c098a844ec9ea911109d8e2f1b948d43ed988d4ee1958d3739968c2959928c49028f8b071d918d pre_us=87293 enc_us=489032 q_us=33 pkt_us=1
[PKT] seq=757 mode=A bytes=68 pkt=01024000f1db90ab1a0192ab39e9a3ac1df99fab560ba9aa57219faa2ce69ba83001a3a90b06988e271d8e8d40e08b8e4be6908d3431888d326d8a8c4322898bf2208b8d pre_us=87287 enc_us=489030 q_us=33 pkt_us=1
[PKT] seq=758 mode=A bytes=68 pkt=01024000fcedb2a9fafea7a951fb9ca9f1d899a75905a3a63e19a0a638e5a0a42d06a6a5060ac48d2422af8c3d08a18c58fba38b30029d8a285d9e8a23289089e6f88e8a pre_us=87284 enc_us=489028 q_us=33 pkt_us=1
[PKT] seq=759 mode=A bytes=68 pkt=01024000f2e595a51b08a0a55a1092a33a028ca0600d9e9f2c3bc09f29e09f9d2f27a99ded0ac98b0229c08a1109b3892bffb088f849c8870864bb8712189686d7129687 pre_us=87287 enc_us=489023 q_us=33 pkt_us=1
[PKT] seq=760 mode=A bytes=68 pkt=01024000efe890a9ff0b93a94ff295a921f49aa74fef97a6461da0a607ee9ea42f04a6a50a06ad8d2e219a8c45f7908c52ea8f8b2d3e928a24618b8a3c138a89020d8a8a pre_us=87286 enc_us=489028 q_us=33 pkt_us=1
[PKT] seq=761 mode=A bytes=68 pkt=01024000f3e9a8a40f1bb3a35507aaa148d7a09e5801bf9c1551db9c1824ac9a2b3fb599d50fdf8aea37c089c721b388da48bf86bd66df86216abb86fa35aa85db129b85 pre_us=87285 enc_us=489029 q_us=33 pkt_us=1
[PKT] seq=762 mode=A bytes=68 pkt=01024000f6f598a81b1daba751e396a74eeca5a56609a1a33f2da6a309f69da12e15b4a2f014cc8c0321b18b18fe998a38189e8a0048c989c75aaa890b1a9688df178d89 pre_us=87286 enc_us=489030 q_us=33 pkt_us=1
[PKT] seq=763 mode=A bytes=68 pkt=01024000efda94ad01f591ad46e991ae26f28cae601187ae5efe89ad48c494ab6ff797ad03fc9f8f30ef9e8e3bd8a48f56ebab8f3325ae8f3b47a78e310a958d430e9f8f pre_us=87277 enc_us=489027 q_us=33 pkt_us=1
[PKT] seq=764 mode=A bytes=68 pkt=01024000f4ecb7a51908aaa6550daaa151d1ab9e642ee6a1313ad19f3c0ca19c685fb39ad30be589d222ca87c334b687db46c586af65cf84fc66b884e95ea584d0679885 pre_us=87288 enc_us=489029 q_us=33 pkt_us=1
[PKT] seq=765 mode=A bytes=68 pkt=01024000f1f78ca712fc8fa65cf18da558f48fa369128ba23b4f8ea13e2394a060369ca0ecf9b38cff23a28a091da08a2f429489045b9d880f609288102a8b870b448788 pre_us=87287 enc_us=489030 q_us=33 pkt_us=1
[PKT] seq=766 mode=A bytes=68 pkt=01024000f2db91aa18ff96aa56ef93ab57fb96a96d149ea94823aea84514aba66c1dbaa8ee0e948e0b178a8d1a088e8d341e8b8c014e888c0f6e858c2024868b2841858c pre_us=87281 enc_us=489033 q_us=33 pkt_us=1
[PKT] seq=767 mode=A bytes=68 pkt=01024000f5db93aafbf895aa28e098ab23d09baa651595a95a209ea83d0ba2a7642fb3a8ff0a938e190c8c8d3f098b8d57138a8c43338c8c1d6a878c4148878b4751868c pre_us=87285 enc_us=489031 q_us=33 pkt_us=1
[PKT] seq=768 mode=A bytes=68 pkt=01024000f8e99bab1d0597ac57019cac530ba1ab6b049bab4b22a8aa35cd9ba86c1dabaaef03928e081e918d1c0a8e8e3afd8d8d0c4c8c8df055888d17218d8c1515898d pre_us=87288 enc_us=489031 q_us=33 pkt_us=1
[PKT] seq=769 mode=A bytes=68 pkt=01024000fae898a9240491a93d1098a9561791a772ff89a63f328ca634f690a46c2797a5ebfb948dfd14958c1404908c29119a8b034aa08a065e978a1a3e9289163f8e8a pre_us=87283 enc_us=489027 q_us=33 pkt_us=1
[PKT] seq=770 mode=A bytes=68 pkt=01024000f5ec91a9100191a9450f94a8510197a76f098ca6553da0a544e99ba46c26a8a4e8fd9b8dfb12948c1801918b2e088c8b034e958a006a898a23408a892046888a pre_us=87284 enc_us=489030 q_us=33 pkt_us=1
[PKT] seq=771 mode=A bytes=68 pkt=01024000f2f391a8130491a850f895a7570996a5661191a43d359fa4320996a25627aaa2eff2998cfe1c8e8b0e248b8b2f1b898a075f8a8912608489123b8688023c8489 pre_us=87289 enc_us=489022 q_us=32 pkt_us=2
[PKT] seq=772 mode=A bytes=68 pkt=01024000f6e8b0a70f10baa45109ada041e4b79d5023ca9dfc4dd69ae528c3971f4fe495d40cec87d819c186d42fc085f422da84e84ceb83254db8832037b983e921b183 pre_us=87292 enc_us=489028 q_us=33 pkt_us=1
[PKT] seq=773 mode=A bytes=68 pkt=01024000f5e79aa71c169ca659009fa545119ca35afb99a22038a1a107cb9ca02810a39ff70dcc8bff34b98a1402a38a2613a489155bb088eb71a688061d9787fb3c9488 pre_us=87286 enc_us=489026 q_us=33 pkt_us=1
[PKT] seq=774 mode=A bytes=68 pkt=01024000efc794ac05f895ac00caa0ad1ad4a0ac3ee590ac5ae78cab250c96a944ba98ab0813958e35fe8e8e4bde8e8e57e1908e6310948d2d5c918d29268a8c3a48908e pre_us=87295 enc_us=489033 q_us=33 pkt_us=1
[PKT] seq=775 mode=A bytes=68 pkt=01024000ebea8da9f5fc92a91bd990a923e98ba85de794a7580c95a738f398a54efd9fa6020da48d2c03948c4ce79a8c58ef9e8b550c8f8b2669908b3c1d8c8a3c278b8b pre_us=87278 enc_us=489031 q_us=33 pkt_us=1
[PKT] seq=776 mode=A bytes=68 pkt=01024000f9be9ead03eda5ae3ac7acb000bda7b066cdaaaf6908abaf37f6a8ad66f5a6af021191902b0c8b8f30f68e905bfd91904b2e8d90366f8c9031248b8e4b299191 pre_us=87287 enc_us=489029 q_us=32 pkt_us=2
[PKT] seq=777 mode=A bytes=68 pkt=01024000f3d4a6aefee0aaae21deabb025dfa7b057ddb6b05beeb8b03ae9b0ae56e3b3b007028f9027f88c8f42c58f904ddb92915e018b9035578c903ff28d8f65008f92 pre_us=87285 enc_us=489027 q_us=33 pkt_us=1
[PKT] seq=778 mode=A bytes=68 pkt=01024000f1cfa1adfce1adad3ce5b0af0db1acaf5ac9aeae5103afae1ef0aeac48dab2ae070c8f8f290f8a8f40e58c8f5cec8e8f49158d8f255f8a8f36f68a8e4a278d90 pre_us=87286 enc_us=489029 q_us=33 pkt_us=1
[PKT] seq=779 mode=A bytes=68 pkt=01024000eff395a503149aa4490c99a3450393a06205949f29319c9e1c0d969d2729a09cee05c38b1a2eb8891cfda0883c2cac87194ca387077194870b289186fb328886 pre_us=87280 enc_us=489028 q_us=33 pkt_us=1
[PKT] seq=780 mode=A bytes=68 pkt=01024000f6f98da918188ea959fd93a84f0d93a75e0493a63b439da5212194a43522a5a4f105a18d0823958c0f108f8b280a8c8b03438b8a0c68868afc0e8a89ef0c858a pre_us=87288 enc_us=489031 q_us=33 pkt_us=1
[PKT] seq=781 mode=A bytes=68 pkt=01024000f8e8aaa71f06a7a75cfb9aa65feb9da46af3b1a35531b8a24022aca14905b2a1ecf7cf8c0129bb8b0110a08a302fa5890755c289236fb28901019888d4039188 pre_us=87287 enc_us=489025 q_us=33 pkt_us=1
[PKT] seq=782 mode=A bytes=68 pkt=01024000fcadbdb111ebbeb23ff5beb61ac1bdb768d7c3b86bdec2b739cebab550b1bdb90e0a8d9236f58d9242cf909463e2939648f591964e3e919629df91942af59699 pre_us=87282 enc_us=489032 q_us=33 pkt_us=1
[PKT] seq=783 mode=A bytes=68 pkt=01024000f4abbab107c8bcb33cd1bbb616c0bcb85da9beb854c2c0b831dabbb54ac1bdba0b0b8f9231fc8e9245c8929563e99496470193962b4992963ed8929445ef9899 pre_us=87288 enc_us=489027 q_us=33 pkt_us=1
[PKT] seq=784 mode=A bytes=68 pkt=01024000f1ec95a8071098a83fd89da739f895a665038da5361996a41bc49ca3510da8a3f213ba8c3118b18b29ce958b551aa08a2a1da78a1c5c9e8926ff8d8928268a89 pre_us=87288 enc_us=489033 q_us=33 pkt_us=1
[PKT] seq=785 mode=A bytes=68 pkt=01024000f1c2c2ae06d0c0af4bdec3b041d6bfb16ef0c4b05b03cdb03ce7bfae73f0c1b1f0058a901b0e898f370e8a9154158b913a3b89902a7087902835888f40398b92 pre_us=87280 enc_us=489024 q_us=33 pkt_us=1
[PKT] seq=786 mode=A bytes=68 pkt=01024000f2f19aa61701aca54de79ca357f59ca1730ea3a04e389f9f46f9969e6631a69de80ac48b0409aa8a11ff9d891e2aa5880548ce871874c2871b2da287fd2cb387 pre_us=87282 enc_us=489032 q_us=32 pkt_us=2
[PKT] seq=787 mode=A bytes=68 pkt=01024000f6cf95ad1be2a3ad5df2aaae5be9a5ae72fea9ae5f1fb1ad47d9adab720dadadebfb958f081d8b8e220d8c8f3a268d8f17448a8f0570888e181e888d2f2c8d8f pre_us=87287 enc_us=489023 q_us=33 pkt_us=1
[PKT] seq=788 mode=A bytes=68 pkt=01024000f7d99fac16fda7ad56f2a5ae5ed7a5ad7004aaad4b2ac2ac3ee2b0aa6d1dc3ace5048f8ff41e898ee2368b8f003f8a8eca65898e1d70858e0d39878df34b868f pre_us=87288 enc_us=489034 q_us=33 pkt_us=1
[PKT] seq=789 mode=A bytes=68 pkt=01024000fad49eac15eea5ac59f5a4ad55d89eac72fba4ab4c21c2ab39d6b0a97214beabf0088f8e0419898e122d8b8e2f318b8e035f898d016e858d0b3e878cff4f868e pre_us=87289 enc_us=489022 q_us=32 pkt_us=2
[PKT] seq=790 mode=A bytes=68 pkt=01024000fbe58faa20fb98a95df996a95deb95a8691495a74736a2a72deba1a56819b1a6f2f99e8dff1d8f8c1221908c311c8d8b145b8d8b2d6c898b1932888a2131868b pre_us=87295 enc_us=489033 q_us=32 pkt_us=2
[PKT] seq=791 mode=A bytes=68 pkt=01024000f4e593ab000898ab4be498ab45e397aa6f129aa95b12a0a93ff79ca76808a5a8f4159c8e150c938d3008948d4d10948d2040908c0a678d8c17218c8b27128c8c pre_us=87282 enc_us=489030 q_us=33 pkt_us=1
[PKT] seq=792 mode=A bytes=68 pkt=01024000f3d88faa14f292aa52fa95a950d498a8710995a74a219ea73b1e9ba55c22a7a6ed059a8df8168e8c16258c8c392b8c8b0153898b0d72868b1440878a114a868b pre_us=87289 enc_us=489029 q_us=33 pkt_us=1
[PKT] seq=793 mode=A bytes=68 pkt=01024000f3cca1ad17e4a9ad5df8a6ae5405a9ae69e6a7ae4f04b2ad23d2a9ab68eeb0aef3068f8f12188a8f2b0d8d8f3b258b8f1e4c8b8f0a64898f17058b8d050b8d90 pre_us=87280 enc_us=489026 q_us=33 pkt_us=1
[PKT] seq=794 mode=A bytes=68 pkt=01024000f8f099a6141ecba657fba2a459efa1a26b12a0a1414eaaa036d5949f6a3e9c9edc12e08be615b88ad222af89f032ad88b25eb8880961a488e83d9587c4338a87 pre_us=87284 enc_us=489030 q_us=33 pkt_us=1
[PKT] seq=795 mode=A bytes=68 pkt=01024000f2e294ac070392ac41d999ad1c0394ad640190ac411799acf0d996aa1bee94ac0d14938f2e1a8e8e38dc8f8e5c0d918e3b3c8f8e2e688b8e3b0c8c8d0718908e pre_us=87284 enc_us=489024 q_us=39 pkt_us=1
[PKT] seq=796 mode=A bytes=68 pkt=01024000e5f0a1a7141fc1a74ffea2a252eeaa9f6c12c19e2f53c99e2527a99b633dbd99d715f189e924c487e020a487f23aa886ca60c9850767b585fe36a385de4c9385 pre_us=87287 enc_us=489031 q_us=33 pkt_us=1
[PKT] seq=797 mode=A bytes=68 pkt=01024000f1f8a0a51f0bbfa447f7a1a24c16a29f6c22c69d4026bf9d2ee4a49c5b25c69bee10d48a0d13be891bfd9f882708ab87f94ecf86e168ba86153d9886003b9286 pre_us=87282 enc_us=489027 q_us=33 pkt_us=1
[PKT] seq=798 mode=A bytes=68 pkt=01024000f2e895ab170595ac37ed9fac3b0e97ac61f693ab3b21a5abf7c2a2a948fda9aa0c0e938e2a178e8e3ee68c8e4de58f8e28268d8d1860878d3b16898c0f178b8e pre_us=87291 enc_us=489032 q_us=32 pkt_us=2
[PKT] seq=799 mode=A bytes=68 pkt=01024000f2ee8ca7170e8da748e696a6420590a46a118fa34a2c8fa31b1898a1672fa6a1ec0fab8c0224a58b12ef978a310b9b890b2a9b89da70a689203690880f478e88 pre_us=87283 enc_us=489030 q_us=33 pkt_us=1
[PKT] seq=800 mode=A bytes=68 pkt=01024000eae79ca8142ac6a8fcc7ada7f2ef9aa5ff1793a45d46aaa405c697a25a35a5a29557e08ca62fce8bcb09cb8bd9f5d78af1ead789dd5f0289086fdb88e45b1f89 pre_us=87303 enc_us=489030 q_us=32 pkt_us=2
[PKT] seq=801 mode=A bytes=68 pkt=010240000ed091ad1a2591ad03db91af001c92af00118aae5d5695ae12b58aac5c5184ae9b4eb48f9825aa8fd3faa38fdaf6a38f1e2dc48fc146a88f136ec48ee64cec90 pre_us=87291 enc_us=489031 q_us=32 pkt_us=2
[PKT] seq=802 mode=A bytes=68 pkt=0102400022c28fb04e289eb116d092b414bd95b5220f9cb57242b1b55c1b91b377409ab7ca42ac91bfec9891bde9af93c8dba594d604a194ef3c9094e946ab92dc26a297 pre_us=87294 enc_us=489031 q_us=32 pkt_us=1
[PKT] seq=803 mode=A bytes=68 pkt=010240001aa6a5b35821a6b510049fb9fae7a2bc1406a7bc6f56b8bc7445abba7148acbff9369594f7db9294fecc9c98eef0a09a08d4979a361f8d9a2030959820ff949e pre_us=87285 enc_us=489029 q_us=32 pkt_us=2
[PKT] seq=804 mode=A bytes=68 pkt=0102400008acb69f5120c7a309e5aba30edead9c2813bd9b7730d59f663c9fa0734ea5a0fa38d890f3dbb68cefd0aa8defccc48e13e5d58c3b30ad8b30eba18a2b329f8c pre_us=87302 enc_us=489029 q_us=33 pkt_us=1
[PKT] seq=805 mode=A bytes=68 pkt=01024000f3f890ad122292aeecb48daff9f78aaf02fa84af592287affae497ad644f90af9950a28fa527998fe20aa490da01a690c107a5900c78a59023798f8e1e6a9f91 pre_us=87301 enc_us=489027 q_us=33 pkt_us=1
[PKT] seq=806 mode=A bytes=68 pkt=0102400018ab94af4b1694b02bb495b209dd92b32b1395b36e468bb3500b8fb0715d87b4bb40a39199159b90a8eca392daf0a693c51d9f92b568a592f96a9e913753b094 pre_us=87298 enc_us=489033 q_us=32 pkt_us=2
[PKT] seq=807 mode=A bytes=68 pkt=010240001f9b95b04cf5a0b111ebacb40905b5b6271fbbb67656a5b55c4297b3745497b7d3169c92c3e88e92dcd09293ecdc8e95fa0c8a9425478b940b209693ed359197 pre_us=87285 enc_us=489027 q_us=33 pkt_us=1
[PKT] seq=808 mode=A bytes=68 pkt=0102400011aa90ac461792ad180998ae081096ae162f93ad6c60a4ad67178dab7b4d86ade636b98fc805ad8ec0d9a38fcdecad8fff03b08e1b35b28efa2fc08d0623d48f pre_us=87281 enc_us=489030 q_us=33 pkt_us=1
[PKT] seq=809 mode=A bytes=68 pkt=010240001eb794ae4e1792af08fd94b10d0f9eb2172ca8b16a418cb163348caf774189b2eb37a390ef049c90cee5a091dfef9692f9f59091232ba8910100a1900433a393 pre_us=87280 enc_us=489027 q_us=32 pkt_us=2
[PKT] seq=810 mode=A bytes=68 pkt=0102400021a993b14a0d96b21ab597b50bc694b612e093b670549fb6653b91b46c4d9cb8f02f9d92eef49192bcc79a94e8e19d9507f09a9532428d95da09989314268f98 pre_us=87293 enc_us=489026 q_us=32 pkt_us=2
[PKT] seq=811 mode=A bytes=68 pkt=010240001d8fbaba3be1bdbde4e7c3c3eacfc8c8f0c5c9c94ce1c9c963ecc6c65dd8cfcf4aea999927db9b9b00dfa1a115eaa7a738fea8a877f4a9a959cba6a63db4b3b3 pre_us=87299 enc_us=489028 q_us=33 pkt_us=1
[PKT] seq=812 mode=A bytes=68 pkt=01024000e3eba8ad102ae9aeeeb8c4a9fbbdbfa906bf9ea95e20f7ac10bd98a66d47a3aba351f089a51ccf87b8ffd787e315e985de2408859b7125841d730885356e5a83 pre_us=87301 enc_us=489031 q_us=33 pkt_us=1
[PKT] seq=813 mode=A bytes=68 pkt=0102400019ac95ae49fb92ae0ca995b02add98b0260d95b06d2992b055468bad786484b0cc2da290b1f79c8fa9ca9c90aaeb9e91c7faab900c49a190ff4caa8f4e4dc091 pre_us=87285 enc_us=489028 q_us=33 pkt_us=1
[PKT] seq=814 mode=A bytes=68 pkt=0102400003b1c7b238f0beb4e2e3c0b7d2bec5bae8acd5ba39eed0ba1f02cab73814f2bc3cf28c932ac28e9304fa9396191392983f548c986e1d8b9862e28d966652889c pre_us=87296 enc_us=489028 q_us=33 pkt_us=1
[PKT] seq=815 mode=A bytes=68 pkt=0102400011a198ad451c96ae13e396af100897af2329a8af70199dae43ef8dac76578aaebc3c938fa80e8e8fb6e98f90e6f88f90d20f878fdb51898f2744948e5f3b8f90 pre_us=87288 enc_us=489023 q_us=33 pkt_us=1
[PKT] seq=816 mode=A bytes=68 pkt=010240001bb097ab3e0e98ab0c03a1ac1120abab2052c3aa5848b6aa270d8fa8716a85a9c63da98eab0ca58db4e39f8dd8f4a28dd411a78d0333b18c284ecb8b62580c8d pre_us=87291 enc_us=489029 q_us=32 pkt_us=2
[PKT] seq=817 mode=A bytes=68 pkt=0102400004a99bb02b009eb1f5ec9db4eee995b6071094b6691196b55b3795b372649ab727f9999213d092921fc4989429d69c9549e69a9451c395944d1695935d308d97 pre_us=87294 enc_us=489028 q_us=32 pkt_us=2
[PKT] seq=818 mode=A bytes=68 pkt=010240000ca99aac4c18a5ac1c11acad1919a5ad3740a7ac763e99ac602d8daa7d6585acda2aaa8fca04a88ec9d59d8eedeba98eed0cae8e082ac68e153ed38c2123048e pre_us=87289 enc_us=489023 q_us=33 pkt_us=1
[PKT] seq=819 mode=A bytes=68 pkt=010240000fa695ad41fc98ae09f896b019ff91b037118fb0724e9aaf65458fad7d5b8eb0f9fd9890f7d9908f0ee79490fad493900e0894902f3f8c903218918e42348e91 pre_us=87284 enc_us=489030 q_us=33 pkt_us=1
[PKT] seq=820 mode=A bytes=68 pkt=0102400016ba90aa34138daa0ed88bab1aed8ba923f587a9700585a8560d88a67b5484a7bc30ba8ea6f9b68db1fcb38dd300bd8cf539be8cc26dd18c1476bc8b1062d08c pre_us=87289 enc_us=489032 q_us=32 pkt_us=1
[PKT] seq=821 mode=A bytes=68 pkt=010240000bc091ab37088fab0a0695ab0a069bab212b98aa70548fa967378aa87c5e84a9f318a08ee0f4978dc1e7958df5f7918d070f908c223d958c14489d8b393aa18d pre_us=87285 enc_us=489030 q_us=33 pkt_us=1
[PKT] seq=822 mode=A bytes=68 pkt=01024000049f93ac3d0890ad100691ae16fe8dae3c1b92ad744d9bad67438dab785f8badee12988fdef1908ecee7918fe0e3958ff2108d8e0e4d888e0d3d908d38358c8f pre_us=87299 enc_us=489031 q_us=33 pkt_us=1
[PKT] seq=823 mode=A bytes=68 pkt=01024000dbdfa7a4111fcaaaefe4a7a5e9c7b8a3fefac0ab660be8b4fee2d2a96945c4be984bef8aa021da86c2f9d586dd0be485c2280984a17a1c832275d683fa715682 pre_us=87296 enc_us=489028 q_us=32 pkt_us=2
[PKT] seq=824 mode=A bytes=68 pkt=01024000f5adc1b42df0c0b5c7bfc1bac9c0c8bde2c5ccbd3cf7cdbd340dc7ba39f7d1c036f3909434cf9095f3e595982c05939b5a22929a7c01919b46e89299715493a0 pre_us=87296 enc_us=489030 q_us=33 pkt_us=1
[PKT] seq=825 mode=A bytes=68 pkt=01024000f7a8b7b106f5c0b3c2dac0b6c8ccc7b7d5d6d4b82f0bd0b743e6c6b55422f0ba26db909232d98d9205f390954b0f8f9662218a967bed8a9657e98b946c5e8799 pre_us=87286 enc_us=489026 q_us=33 pkt_us=1
[PKT] seq=826 mode=A bytes=68 pkt=0102400012a59db23a07a2b30ae9a9b7110ba7b82500a3b96b49adb87649a3b67756c0bb04f29993f9db9393fdd69695f3d1969701e1959744118d972d3990952ff88c9a pre_us=87299 enc_us=489029 q_us=33 pkt_us=1
[PKT] seq=827 mode=A bytes=68 pkt=01024000f8aca8b110f7abb3d1eaaeb6d2ebb0b8cae4b6b9231dc0b85822c0b66c27d4ba37f4949233d4929306d595952900989756328f967c1e8b975eec8b956c428d9a pre_us=87300 enc_us=489030 q_us=33 pkt_us=1
[PKT] seq=828 mode=A bytes=68 pkt=01024000f1a6b7b609e3bdb8c1c6c1bdd5abc5c0e399d0c100ceccc110d4c5be3093d4c549ec959639eb9397e4e6989b061e9c9e4d56969e7e37979f68f39a9d72709aa5 pre_us=87286 enc_us=489028 q_us=33 pkt_us=1
[PKT] seq=829 mode=A bytes=68 pkt=01024000f3dea2a81b1dbda8f6a1a6a7fdc29ca514d194a45b1adea302cec0a2633298a2994bd78c9e34cf8bc50db38bde15bd8ae338f789d0720d890d74d188285e4289 pre_us=87292 enc_us=489027 q_us=33 pkt_us=1
[PKT] seq=830 mode=A bytes=68 pkt=01024000f8b4b8b716edbbbac0c8c2c0ddcbc5c4d69ec7c5e5d6c8c418bac7c221b8cdca4bda979727de9899ffdd9d9e06eca1a24638a1a37e29a1a36dd29da1796ca9ab pre_us=87298 enc_us=489031 q_us=33 pkt_us=1
[PKT] seq=831 mode=A bytes=68 pkt=0102400015a4a4b1481db5b213e7bab51bf4afb73c22b5b77944d4b7683cc8b4774dd7b9f30e9492eeeb8c92fad49194fef29795170790952f4788951e168b94342b8a98 pre_us=87300 enc_us=489026 q_us=32 pkt_us=1
[PKT] seq=832 mode=A bytes=68 pkt=010240000eaca1b04218a5b1f4e6a7b4ffd0a7b521f9abb5743eb5b55c2aa8b36a46c2b70315949100ee8f9105dc9293072a97941f198f94374e8b9411ce8c9202418a97 pre_us=87298 enc_us=489031 q_us=32 pkt_us=1
[PKT] seq=833 mode=A bytes=68 pkt=0102400009a490ad480a8ead170a99ae0ff98fae2d1e89ae7a6490ad624393ab79558baddb20aa8fccf0a08ee6cb938fece9a38f0a06b18f164fa38ef135978d2e289f8f pre_us=87291 enc_us=489025 q_us=33 pkt_us=1
[PKT] seq=834 mode=A bytes=68 pkt=010240000ed9a5a80918c2acf3c1b6abe5c9c2a90dc9aeae501c09b2fecfaba65936b6ad9f4ac68c9713d789bd05c389d115d688bd21fb87aa76fc850376d187a6684486 pre_us=87297 enc_us=489025 q_us=33 pkt_us=1
[PKT] seq=835 mode=A bytes=68 pkt=010240000fa095ad43149bad1eef9daf0bf4a4ae2826aaae6f53a5ae453e94ac77658baec43c9d8fabf7928fb5d0968fd2f4908fd80c8d8f205e8e8ff546968d54559990 pre_us=87287 enc_us=489028 q_us=33 pkt_us=1
[PKT] seq=836 mode=A bytes=68 pkt=0102400013a49eaf4c1399b004c6a2b31af09db44407a7b47729aeb35013a5b17a60afb4d2369491d1f39091eada9292f0df969308f38e93123489931a1c8d914a3c8995 pre_us=87290 enc_us=489032 q_us=32 pkt_us=1
[PKT] seq=837 mode=A bytes=68 pkt=0102400015a494ae460f99af05dd9eb117ef94b13205a7b1764f9ab15c2b8faf7c5f93b1d2329990d0ec8e90dcd49291e3f89591fcf68a91fe548c91353c938f514f8c92 pre_us=87285 enc_us=489028 q_us=33 pkt_us=1
[PKT] seq=838 mode=A bytes=68 pkt=010240001da9a0b0440ab0b107e4aab408fdadb52504b4b66e31c9b54938bab37959c5b7ec149492d4eb8b91ddca9393f8f290941f0e8f94333488942b2d8c93482d8997 pre_us=87286 enc_us=489029 q_us=33 pkt_us=1
[PKT] seq=839 mode=A bytes=68 pkt=0102400017a0a8b1410ea7b210e3a8b523faaab6431daeb77635beb65a38a5b47c55c4b8ec0c9292fae78f92fbdb9494f7d597951af98f953843899525258f9343368a98 pre_us=87279 enc_us=489029 q_us=33 pkt_us=1
[PKT] seq=840 mode=A bytes=68 pkt=0102400012c294aa3c24a1aa08c69daa14bd98a922dda0a87048dba84afc90a67a5a8ba7b54cc08da816b78dbd01af8cc10dae8cd230df8bef67db8bf85dbc8ad434ee8b pre_us=87300 enc_us=489030 q_us=33 pkt_us=1
[PKT] seq=841 mode=A bytes=68 pkt=0102400006b391ac472598ac08fd92ad08fa92ad3114a5ac736298ac594f8eaa7d578bacdd32a28fc7fd938ededd9b8ff6ee9a8efdf58c8efc55948e0f3c988d06429d8e pre_us=87300 enc_us=489026 q_us=33 pkt_us=1
[PKT] seq=842 mode=A bytes=68 pkt=010240001b9fbbb13bf6bfb20cfac6b514d6c2b633fcc8b67618d7b65c17c6b47b46e2b8ed0c8d92e9e08c92f4d88d94fecd90951b098c95374487952a0e8a934a338798 pre_us=87284 enc_us=489029 q_us=32 pkt_us=1
[PKT] seq=843 mode=A bytes=68 pkt=0102400018a2c7b245fdc2b413eec4b816dac9ba3df8deba7a12dcba5aeac5b77c38eebcf00e8c93e8d38c9306c9909613d4919816f08a98363a87981a0b8e964628889c pre_us=87285 enc_us=489023 q_us=33 pkt_us=1
[PKT] seq=844 mode=A bytes=68 pkt=0102400018ae91ac3f2093ac18fa95ad081391ac373297ac784a94ab48e389a9785e84abc03fa28ead09968ed3e3958eda049c8ed821938db852948d1045a18c5042a38e pre_us=87288 enc_us=489031 q_us=33 pkt_us=1
[PKT] seq=845 mode=A bytes=68 pkt=01024000e2ffa0a8fb2ccbaaefdba1a7f50da7a50305a6a54146f9ab03d5c5a3634eb6a39c44e38a9f24c688b905c888cb06c587d12cd986b27205850d77b086196f0e86 pre_us=87283 enc_us=489025 q_us=33 pkt_us=1
[PKT] seq=846 mode=A bytes=68 pkt=01024000d0e798a9f40dd5ade4ccb8a9e8edaca70ee699ac40dfeaafc8b0a6a7544e99ada753f38bb038b889aafbba8ac60ddd88cf521e87c47e06863c79e68707725b85 pre_us=87293 enc_us=489032 q_us=33 pkt_us=1
[PKT] seq=847 mode=A bytes=68 pkt=01024000f2d79ba7ff2bc6abe7c6ada9f1d6a8a8080098a95349e2af10be95a56c4ba3ab9c5af58baa1fce89c1fdd688b311e187ca16f087b23815852075e88641555885 pre_us=87293 enc_us=489027 q_us=33 pkt_us=1
[PKT] seq=848 mode=A bytes=68 pkt=01024000d5ebbeaaf81ed4ade2b5bbabe2d7c7aaffdc94a83ad4c6b0e3a7a1a75151a3b2a653d08ba733d889b706bb89de0ae788e33b1f88b27d36863979db8729725e85 pre_us=87293 enc_us=489028 q_us=32 pkt_us=2
[PKT] seq=849 mode=A bytes=68 pkt=01024000d8edada6f31aecafdcccb5a6dfcab4a8ee02b8ae231e1cb4e2b5c7a83233b8bba653e08ab12cd886c200e587dc23e285f72b1984e377fa831677fc84056b6282 pre_us=87285 enc_us=489024 q_us=33 pkt_us=1
[PKT] seq=850 mode=A bytes=68 pkt=01024000e4e7e1900828d08d030a9f90f7ff9d8f1c41958a5d60d087f2cc968c504d8b8eb42cf88a9e2afa8696f5e485a527de85b24ef785a5180185fc3dbf83c431dd84 pre_us=87297 enc_us=489028 q_us=33 pkt_us=1
[PKT] seq=851 mode=A bytes=68 pkt=0102400001e3caaf2b2ac7ab2010a5a31b199a9e3434b19c705ddc9f15058a9c6b4d8998cf14f787cd1dea86b3e4bc86c80cbf85e049c985bf0af484ef30ac84e22aa985 pre_us=87286 enc_us=489027 q_us=32 pkt_us=1
[PKT] seq=852 mode=A bytes=68 pkt=01024000f1e6b9a91f1eb1a7211491a4100893a02937969f635c9a9f08c9889d4d48899cba24f189a835d98898fecc88a226c687bd55d0878f35e6860e39b186f22bb586 pre_us=87295 enc_us=489028 q_us=33 pkt_us=1
[PKT] seq=853 mode=A bytes=68 pkt=01024000fee9a0a52a23afa52b1fa7a314179ca0413fa89f7066c59f1747979d5644979dd517dd8bda1dc78abc0cb689cc13b188e556b687c236bc87f70ca786b9199686 pre_us=87291 enc_us=489022 q_us=33 pkt_us=1
[PKT] seq=854 mode=A bytes=68 pkt=01024000f5e69fa8120498a7f9ef9ba6f0d895a506079aa34a279aa3dacc9aa130fea5a213fec48c2615b08b19fca48a17f9a28a5545a3894c39a3895ad28e8830078e89 pre_us=87289 enc_us=489028 q_us=33 pkt_us=1
[PKT] seq=855 mode=A bytes=68 pkt=01024000fae992a9342896a9332998a91c1894a73c5392a66b6296a60b3c94a45b49a0a5e211c48de71eb48cb3faa28cd7149e8bf03b968ae128a18a28039889e3038f8a pre_us=87285 enc_us=489028 q_us=33 pkt_us=1
[PKT] seq=856 mode=A bytes=68 pkt=0102400000e8baab301caea7221daaa41a169da02a37a39e7255b5a01e21939c5e48949bd713ea89dc1fd488baf4b587d40dbc86fc48c686ee29c7851117a285e3079c85 pre_us=87290 enc_us=489028 q_us=33 pkt_us=1
[PKT] seq=857 mode=A bytes=68 pkt=01024000f3f291a7130e9da613119ea50cea9aa33e0b99a1523a93a1121696a04e23a89f000ac68b1220b08a10fea38a1609a189365bb688344fb08830f18d87f6f68888 pre_us=87289 enc_us=489027 q_us=33 pkt_us=1
[PKT] seq=858 mode=A bytes=68 pkt=01024000e2d6df952020c6981d04c5940cf0c6912e29ae916d40c7910fb593914533a591b1250487aa26ff859ae1ef85ae22f184ae5d0b839a402483f91ce083d91cfa83 pre_us=87289 enc_us=489030 q_us=33 pkt_us=1
[PKT] seq=859 mode=A bytes=68 pkt=01024000f3e5e3962c21be961316be910d00b78c3b29a78a6f5fdf891c21988d573d988fdd16f787e418e686bfd7e286ce05da85e735f485c2200184fb06bf83dc00d083 pre_us=87282 enc_us=489029 q_us=33 pkt_us=1
[PKT] seq=860 mode=A bytes=68 pkt=01024000fce9cbb13420cfac2324b0a41a19ae9f433ecba46758e4a62918979d5641a39cee0ff386f11ad686cdf0ba86cffcb585032ed384d41eb883fdf99784cd15a084 pre_us=87299 enc_us=489024 q_us=33 pkt_us=1
[PKT] seq=861 mode=A bytes=68 pkt=01024000ffe9cdb03522d3ab1422a9a31116c19f4842c3a16f5fdba21122919c4e2e9498e50af586e616d686e7e5b886e007c6850934c684eb29c984e2dfa784c3099c84 pre_us=87285 enc_us=489027 q_us=33 pkt_us=1
[PKT] seq=862 mode=A bytes=68 pkt=01024000dbe8e48d1021dc8908f39b89f6f9a88c2336b4884b5b0c85ebaa938b42418d89ad25f48aae1dfb87a702e8859f22e784ac5bf88597340e84104fc583d736ef83 pre_us=87296 enc_us=489029 q_us=33 pkt_us=1
[PKT] seq=863 mode=A bytes=68 pkt=01024000ffdd8aa7200e8ba6262191a513098aa3533593a1665f97a115128e9f6c42a69fedfcbc8bfb1cae8adb009d8afc08a68917499888002e948829f99f871c2f8688 pre_us=87285 enc_us=489022 q_us=33 pkt_us=1
[PKT] seq=864 mode=A bytes=68 pkt=0102400000e98aa9301a8fa9241691a91f0e93a7562196a66c45a9a63f0f97a47444a7a5f2f7b68d0312aa8cf4e99f8c11f19b8b29349d8a0a058c8a22d18e892018868a pre_us=87293 enc_us=489031 q_us=33 pkt_us=2
[PKT] seq=865 mode=A bytes=68 pkt=01024000eef28caa0d0691aa11ff99a904ea98a8581d9fa75749a7a710119fa57235b4a60601a38d2116948c09f28f8c14008e8b2b60898b2d25898b4307898a302c858b pre_us=87294 enc_us=489027 q_us=33 pkt_us=1
[PKT] seq=866 mode=A bytes=68 pkt=01024000cce0e88df416d28e08fab192e2f4a393102b9b8d212dbe8de5b7968e34148e8d9a1af48ca3270987a216ee85baf0f484c25a2384a9663b831d5ffd83eb7b1483 pre_us=87297 enc_us=489030 q_us=33 pkt_us=1
[PKT] seq=867 mode=A bytes=68 pkt=01024000e4e1c390fc18cb8f0f0599920001a0912d378d8b4d47a48808aa908b5c558c88af1b048c9833fd888d07d686971fe685a36f0486ad31ee85e64de684b24f0785 pre_us=87285 enc_us=489028 q_us=32 pkt_us=2
[PKT] seq=868 mode=A bytes=68 pkt=01024000e4d8b7ad0a03a9a823089ba314f6969e3f4e8a9e6852949d23c8889a68588898b91b0087ac29f0869c04d886be28ce85c763e885a438ca84ed4fbb84f261d584 pre_us=87292 enc_us=489032 q_us=33 pkt_us=1
[PKT] seq=869 mode=A bytes=68 pkt=01024000f6bab3b30ad4b4b4f8d7b8b8e1bdbbbb17bbbbbb50ebbbbbe4bdb8b868e6bdbd17f593932efd94942bfe97973e0899995934999952f79999622697975cea9d9d pre_us=87281 enc_us=489027 q_us=33 pkt_us=1
[PKT] seq=870 mode=A bytes=68 pkt=01024000fce1b1a82f18caac3328c1a82719a5a4582be6a87350e4a73524a7a17a51d2a4d903ea8aca0dd187cefdbe87de01ad86f22bc685b81fb1852334ae8513309b85 pre_us=87294 enc_us=489028 q_us=32 pkt_us=2
[PKT] seq=871 mode=A bytes=68 pkt=01024000f0e1b8a21f0fc0a1181dc09e0c14b49b4d34c2996f5ac9993d3fb2987047bb96f102e2890508ca8800eac4870215b9852345b9851b1fae852116ad8419249984 pre_us=87285 enc_us=489026 q_us=33 pkt_us=1
[PKT] seq=872 mode=A bytes=68 pkt=010240009daaf4d89cb2291b93a6211d9cbe24089db4504596b5735d8e9f354a8a9a7452cf969e11c18faa0bbd8c9fefcc8fc504c08ad039c38ccf2bb284c318ac823521 pre_us=87299 enc_us=489028 q_us=33 pkt_us=1
[PKT] seq=873 mode=A bytes=68 pkt=01024000fae8baab3a1bcfab210c9ca4190894a04332a59f7457d5a125ea8d9d713e909bd817f688d61bdd87c1e6b387ce01c086eb4abc86c620cb850120a485f7229586 pre_us=87285 enc_us=489029 q_us=32 pkt_us=2
[PKT] seq=874 mode=A bytes=68 pkt=01024000eceb98ad07e78fadefc898aee9ad96ae11b28fae5df98eadd29798ab2aa496ad140b918f2f19928e060b908f2a19948f6e53938f5040918e4f2c8d8d5146948f pre_us=87287 enc_us=489031 q_us=32 pkt_us=2
[PKT] seq=875 mode=A bytes=68 pkt=01024000f8c4b7b23aedb1b417ccb2b7219db3b956c4b9ba6904c7b935e2bdb767a4bfbc1c0d8e932eeb9093fed7949600cb989849fc969821088f9812ce939612e9999b pre_us=87303 enc_us=489029 q_us=33 pkt_us=1
[PKT] seq=876 mode=A bytes=68 pkt=01024000f1ced5b125dbc0b20cc4bdb5e2acbfb73e99c0b76ffed0b7f1afbdb463a4bdb91e11889227fe8c92d7079194070b92964b4e91953a418a955b15909439359698 pre_us=87284 enc_us=489032 q_us=33 pkt_us=1
[PKT] seq=877 mode=A bytes=68 pkt=01024000f4e6b8aa2a1db9a71516a5a11a089b9d4c46979b6f62ae9b2141999a634d9498ed0ff988fe09ce87e2e5ba86f900b5861923bb85f535d4851007af840902a485 pre_us=87293 enc_us=489021 q_us=33 pkt_us=1
[PKT] seq=878 mode=A bytes=68 pkt=01024000f8e28ea9141397a90205a5a8e8ea9ca720f892a65e398ea5f1f695a4550fafa41001b08d2cf69e8c1de5938b2cfc998b5b3bac8a4f21a88a4fd08f8953df8f8a pre_us=87298 enc_us=489028 q_us=33 pkt_us=1
[PKT] seq=879 mode=A bytes=68 pkt=01024000f4e390a7291ea7a612009aa508139fa24a29a9a16f5fa8a13d3f9a9f723ba29ff217c88b0811b38a01f69f8911179388204d98882526a1880af69787280c8987 pre_us=87292 enc_us=489030 q_us=33 pkt_us=1
[PKT] seq=880 mode=A bytes=68 pkt=01024000f6ec9ba61015c9a505f9baa4f2fabea12a20c2a05e42bc9f0e38999e5d22c69d020fd78b210fc08a15f299892417a288454fb8874847ab873f0f948734038d87 pre_us=87300 enc_us=489031 q_us=33 pkt_us=1
[PKT] seq=881 mode=A bytes=68 pkt=01024000ebd3d1b10dcdc1b2dfc0bcb5d6a4bdb7149dc0b729f3cfb7bfabb9b40fa2bab81e0389923c088b92190e9194261093957157909560458b95542291945b3f9598 pre_us=87276 enc_us=489030 q_us=33 pkt_us=1
[PKT] seq=882 mode=A bytes=68 pkt=0102400004e49da83129cda8251ba8a71b14a7a54d4fb5a47461cba42a299ca2624ea2a2d124db8cc820b98bb2eb9f8bd5149a8ad65db089b347b089d11c998809289089 pre_us=87292 enc_us=489025 q_us=33 pkt_us=1
[PKT] seq=883 mode=A bytes=68 pkt=01024000f2bccbaf17dfc1b0e2e8beb3dbbabfb42aacc3b43be0c3b3b5adb7b138e2bbb51a118991340e8a912ad88e92331c8f93634d8d936c4d8c9363f98f916a109295 pre_us=87282 enc_us=489029 q_us=33 pkt_us=1
[PKT] seq=884 mode=A bytes=68 pkt=01024000e1e7e5a00725d0950a029a93eceb9a931c1e9e8e4d47c78ce9b18c90452c8993b02dfc87a530f987a1fcf386b421e785b35303859e3706851b2fd084df40de84 pre_us=87299 enc_us=489028 q_us=33 pkt_us=1
[PKT] seq=885 mode=A bytes=68 pkt=0102400001d294a82925b1a8341aa2a72d27a0a65048ada5705fc1a5110e99a37558a0a3a81ecf8ca425bb8bae22ab8bb13ca58ac952a589b532ac890b2d9b88b44b8c89 pre_us=87280 enc_us=489033 q_us=32 pkt_us=2
[PKT] seq=886 mode=A bytes=68 pkt=0102400002e192a6341ea5a61613a2a42a11a7a2532dbaa17048c8a11fd8a09f793cc19fee16cb8bec1bb78aebf1b089d913b1881544c588f82cba882e059c87222f9a87 pre_us=87284 enc_us=489030 q_us=33 pkt_us=1
[PKT] seq=887 mode=A bytes=68 pkt=0102400001d989a9362191a92114a2a9220fa1a75a38a0a66d58a0a60d269ea47540aca5e620c08de121a38cdfeb928ce514938bfd48908afe23928a3a158f89212d878a pre_us=87292 enc_us=489030 q_us=33 pkt_us=1
[PKT] seq=888 mode=A bytes=68 pkt=01024000ffe18aa8222193a81d1496a71b1395a549319aa46d5c97a4131796a27354afa3e218b48ce910958be706908bd8108e8afa438b89023f8c891a168b890f438489 pre_us=87292 enc_us=489028 q_us=33 pkt_us=1
[PKT] seq=889 mode=A bytes=68 pkt=01024000fed789a82d248ca8212291a71a2b95a54a439ca46c6095a4143f91a2754aa6a2e813be8cdf20a28bcf06988be115938afa4e8f89ef399089250395880b3d8889 pre_us=87286 enc_us=489028 q_us=33 pkt_us=1
[PKT] seq=890 mode=A bytes=68 pkt=0102400000ec8da9301c97a9171c9ea9190aa2a76525a3a66555a8a619319ca4733eb8a5f112a18df11b8d8cfa048a8c0013898b1a61898afc3d868a0afe8889093c848a pre_us=87299 enc_us=489032 q_us=33 pkt_us=1
[PKT] seq=891 mode=A bytes=68 pkt=0102400003dd94a72f189fa62c1099a519199aa3592ca5a1735fb0a117f7939f764c969fca1edc8bc31ab98ab3f4b38ad326af89d254ac88ba36b0880d309e87fa408e88 pre_us=87295 enc_us=489031 q_us=32 pkt_us=2
[PKT] seq=892 mode=A bytes=68 pkt=01024000f8ef8daa2d1e96aa070296aa21ed9ba9592a9aa8654aa5a8131e9ba67329a9a7ef0ea48d070d908d18ee938dfd208d8c3b518d8b2543898b23f28c8a3012898c pre_us=87281 enc_us=489029 q_us=33 pkt_us=1
[PKT] seq=893 mode=A bytes=68 pkt=01024000f1e1aeaa1819b4a92c1898a51b079aa1413a939f655d9fa005b78a9e6b4c8b9caf22f889af2ad2879d06cb87af11c987b267be86a147f286f74bb285b94ca686 pre_us=87294 enc_us=489027 q_us=33 pkt_us=1
[PKT] seq=894 mode=A bytes=68 pkt=01024000fffb90ab2e1694ab2821a2ac24fca7ab5d24a4aa6f5cb2aa2229a1a86d21bfa9e806a08eef1a938dcaec8c8ee70e8c8ded4b8d8d132f888c15fb8e8bfb1d868d pre_us=87302 enc_us=489029 q_us=33 pkt_us=1
[PKT] seq=895 mode=A bytes=68 pkt=01024000fee8da9b2b26c49d18119f9e0a209696404dab905f64bd8f08208c96634e9296cc22ef8abe28d687abffbb87a832b487b756bd87b016cb8600149d85c1239a85 pre_us=87288 enc_us=489031 q_us=33 pkt_us=1
[PKT] seq=896 mode=A bytes=68 pkt=01024000f8d9bcb11c1ecdac10ed95a3090c999d242bbe9f6355e8a5f2ae8c9a573a8a99c024fe87ba31d886aaf5c486a524d286c157d085ae4dec831e4cb384d343a785 pre_us=87293 enc_us=489028 q_us=33 pkt_us=1
[PKT] seq=897 mode=A bytes=68 pkt=0102400000ebb2ab3a23c7a929139fa71e0db5a54a3ea9a37259d6a3050b91a0644a939ed412ed8ace20cd89bee0b488cb11c187e744be87bf1bc5871129a586ff209a87 pre_us=87290 enc_us=489027 q_us=32 pkt_us=1
[PKT] seq=898 mode=A bytes=68 pkt=01024000daeed88f052ddb88f60aa089f6f6b8871839a1865055eb85dea38f8a3c348a8aaf27f98bab32f588a7f9f586c21cef86b155fa859a2a0f852739bc83fe28dd84 pre_us=87285 enc_us=489031 q_us=33 pkt_us=1
[PKT] seq=899 mode=A bytes=68 pkt=01024000f4d8c9b42227c4ac0e0695a30bee949e3f47879d6f63a69f050d8a9c5f51879ac524f986ae24ec86a0f7cf86ac23d286d446ee85a8e7ed850429c085bc0bcf85 pre_us=87297 enc_us=489026 q_us=33 pkt_us=1
[PKT] seq=900 mode=A bytes=68 pkt=01024000fce2aea94c1ddaa907dacda91ec2c9a731d0caa76cc7d3a647d3bea47b3fdba5ef2fc98d0503d58cf9d6c08ce8dfc78b0c0bc68b425bda8a4767b18a3650b38a pre_us=87292 enc_us=489028 q_us=33 pkt_us=1
[PKT] seq=901 mode=A bytes=68 pkt=0102400001e4a7aa3924e8aaf7b4ccaa09b9c5a924cfc7a968ddd8a839a5b1a67b2ed5a7fa32da8e18f3d98d14c6be8d01ccca8c1008c68c4049db8c4152b08b5635b18c pre_us=87288 enc_us=489025 q_us=33 pkt_us=1
[PKT] seq=902 mode=A bytes=68 pkt=0102400006d391ae4d0f98af12d4a3b11fc3a0b138e397b16db096b167eda0af762fa8b20128b9900fffb7900ecfb191febeb19105d7c191533be9914643a7902f1cb493 pre_us=87305 enc_us=489032 q_us=33 pkt_us=1
[PKT] seq=903 mode=A bytes=68 pkt=01024000f8d591ae2d088daf14e58eb0ffcc8db118cb8db04cb187b056e58eae700d93b0230cad9030eeb88f1ecbb9910cb5b3911cbdb4906201cd905912a98f5f24ab92 pre_us=87290 enc_us=489027 q_us=32 pkt_us=2
[PKT] seq=904 mode=A bytes=68 pkt=0102400009c995af450a92af1dec8bb10fe18ab21fc48cb26ac885b160c88baf7d2c8eb2f336ad9002f4a790f7cdb991f3d4b49211f4b891462eb9913d5aa590164cae93 pre_us=87302 enc_us=489033 q_us=32 pkt_us=2
[PKT] seq=905 mode=A bytes=68 pkt=01024000fbe2aca92c1ee7a9f9e0d0a80ecbc9a710c8c7a669c4cfa55d0cc8a47a45dba40b2acc8d1bdfc18c0adcb78bfaeecd8b12f7d68a5469e28a4f5aaf893a579c8a pre_us=87301 enc_us=489024 q_us=33 pkt_us=1
[PKT] seq=906 mode=A bytes=68 pkt=01024000fdf5a6ab441fccab07fbcaab10d4b3aa20dcbaaa73dcdaa949f9b9a77639d5a8f72fb68e0afbc28d06dbb08d01dcb48d0304b18c3466c58c385da68b2f2c9c8c pre_us=87288 enc_us=489029 q_us=32 pkt_us=2
[PKT] seq=907 mode=A bytes=68 pkt=01024000feeb98af390c9cb00ad8acb21ad7a8b32bd2a3b371ceabb263ffb0b07430b9b304229591200d8f900ce09192fcdd939205f7949239639092335b8c91fe5a8c94 pre_us=87279 enc_us=489029 q_us=32 pkt_us=2
[PKT] seq=908 mode=A bytes=68 pkt=0102400000cd90ad420e95ae04e99bb009da95b00dd19baf6b9a93af63d796ad79289caf1821bc9021fabe8f05dac790fdd0d19003fbbf905059e8905255bc8e3051c291 pre_us=87301 enc_us=489033 q_us=33 pkt_us=1
[PKT] seq=909 mode=A bytes=68 pkt=01024000fcf0a9a8421ad4a816fecfa720d3c2a61dccc2a45ed1d2a42d18b7a2663ecca3f931c48c0810cf8b01d5c48bfbeebf8a0804bf8a2d72e0893660a5891a27a089 pre_us=87300 enc_us=489025 q_us=33 pkt_us=1
[PKT] seq=910 mode=A bytes=68 pkt=0102400005db92af3c139bb010f09fb20cce9bb21ae59bb25fb39ab25ad8a3b07827abb30d1fb79029feb19012ccb1920fc6b19208d8b3925121d5924655ab904329ac93 pre_us=87307 enc_us=489031 q_us=33 pkt_us=1
[PKT] seq=911 mode=A bytes=68 pkt=01024000f8f29eab3904b7ab10d5b3ac08a8b7ab19b2b5aa66b8c3aa58d3bea87928baa90219be8e27f6c58d18e3b68e0ccca88d23fab38d584cd98d4e51ac8b5c489f8d pre_us=87280 enc_us=489026 q_us=33 pkt_us=1
[PKT] seq=912 mode=A bytes=68 pkt=01024000f7ebb7ab2206eeae10c5dbabfbb9cca809d7d2a95cb5d8b057ecd1a87b23d7a60a16d28b2bf4c7891dcab78919e9b38824f2cd884f4fea863c4fa0875656aa87 pre_us=87284 enc_us=489030 q_us=32 pkt_us=2
[PKT] seq=913 mode=A bytes=68 pkt=0102400001c790ae44098baf0ef28ab116d389b1360d89b171e384b166018aae7d238db1f51ea890fefda990f3cfb091fedbb0910de2b091422eb491375ca68f5238ac92 pre_us=87286 enc_us=489026 q_us=33 pkt_us=1
[PKT] seq=914 mode=A bytes=68 pkt=01024000f9ba9bb2260997b4f4ef96b8bfec9cbae2fb9abb47fd9aba5a1893b8771b96bd27fb9a9331c7969417d6a09630eb9d9837bca09871d8999850fda29767fca99c pre_us=87289 enc_us=489032 q_us=32 pkt_us=2
[PKT] seq=915 mode=A bytes=68 pkt=0102400000c99fa91605c0a91be8b1a903b8b0a71cceb6a651b0d5a65209aca47a3fcba50227b38d2cedae8c14cfa58c09f1a78b1f09bb8a4866c28a366393895866a88a pre_us=87282 enc_us=489029 q_us=33 pkt_us=1
[PKT] seq=916 mode=A bytes=68 pkt=010240000bd7a7ab320dd7ab0ce9cbab06dcc4ab22c7cdaa63a8bba964fcbfa87e1dd1a9f639ca8ef405c38d02d1b38defddcd8dfffedf8c3d5ede8c335bae8b415caa8d pre_us=87303 enc_us=489028 q_us=32 pkt_us=1
[PKT] seq=917 mode=A bytes=68 pkt=010240000cc891ad1cf091ae18f194af1cf18faf29d18dae63cd8aae55ed92ac7a129aae0207a48f1ff29c8f20d39e901bdaa39032e6a38f541ea68f4b319a8e6e479c90 pre_us=87286 enc_us=489027 q_us=33 pkt_us=1
[PKT] seq=918 mode=A bytes=68 pkt=010240000bc490ad2a0791ae10e597af0ee393af37ba8eaf5ec492ae600f97ac7e279aaf051cbb8f10ebbb8f1accb89000d0be9013e9c18f5523dc8f4d46ae8e6b43b990 pre_us=87300 enc_us=489030 q_us=33 pkt_us=1
[PKT] seq=919 mode=A bytes=68 pkt=0102400007c38fad1ef889ae01d58caf0dc58daf0ed187af40c484ae5b0a89ac7b128baf1513b38f25ecba8f33ceb49018c7b69034dfc28f63d2d68f4c3bad8e7048b890 pre_us=87286 enc_us=489027 q_us=33 pkt_us=1
[PKT] seq=920 mode=A bytes=68 pkt=0102400004dda5aa290dc1aa12d7bda915f9c1a819bbb2a756ced7a75ff1b8a57c3edda6f125bf8dfef6c08c17e4bd8cfbd1ce8b1b0cc08b3e58cc8b3d61b28a553ca48b pre_us=87283 enc_us=489031 q_us=32 pkt_us=1
[PKT] seq=921 mode=A bytes=68 pkt=0102400004ffc5b10c1cf8b2f8f2e3a3f104dfa0eaf7dba11f20e3aa1927ce99646feb9eb725e188bc33c786d9fbb188e409ac87f50fac86295bb3850261a887f6699a86 pre_us=87292 enc_us=489027 q_us=33 pkt_us=1
[PKT] seq=922 mode=A bytes=68 pkt=01024000f4d6ccaf18e0bfb00adebfb2f8e8c4b3fbd6c4b354abc3b358eac0b1780bc7b41206899129f18b911fd28d921ae28c9344f78c926a2b8c92564d8b91693e8c94 pre_us=87286 enc_us=489030 q_us=32 pkt_us=1
[PKT] seq=923 mode=A bytes=68 pkt=01024000fee0a8a9431fd7a900f5bca80cf4b4a719f1bda655c7d7a647c0b6a47b39d6a40239c68d13fdd58c04dec78cfdedcf8b06e8cf8a3631e58a3b69a5893f4ea88a pre_us=87303 enc_us=489025 q_us=33 pkt_us=1
[PKT] seq=924 mode=A bytes=68 pkt=01024000f7c2a2b02715abb109ceb1b30fb9adb414afaab466a9aeb46118b0b17a15bbb51a29929124e18c9120cd929316da959320f494935862939348478e925e4d9095 pre_us=87298 enc_us=489032 q_us=33 pkt_us=1
[PKT] seq=925 mode=A bytes=68 pkt=01024000fea4c3b5240fccb7c1f2d1bcbcdbd6bec6dfdabf0d08e9bf5116ccbc68ffd8c340ff8f9538ca8b9625e48e9a3cfc909c30e68d9c79e9899d52ea909b6cac94a2 pre_us=87286 enc_us=489021 q_us=33 pkt_us=1
[PKT] seq=926 mode=A bytes=68 pkt=0102400005aa98b1210795b2ddcc99b5ecdd9db6f2d79ab741bf8eb65d0f98b476ffa1b826069f922dcaa49214b5a39417c7a09544c6a1957a19b295500ea0937126a898 pre_us=87290 enc_us=489029 q_us=32 pkt_us=2
[PKT] seq=927 mode=A bytes=68 pkt=0102400005bda0ad1bf0a1ae02caa9af15ec98af18da9caf47bdafae6117acac7a10abaf0a08be8f2ef7c38f34c8b2900ed5b29038dabf8f6a2db98f4b2b9e8e6e449d90 pre_us=87287 enc_us=489027 q_us=32 pkt_us=1
[PKT] seq=928 mode=A bytes=68 pkt=01024000f9c592b01e138db1e10290b3d3fd92b4e20392b441d987b45c3799b2700491b51d189c913bdb97910dc399931bed999439c0999378039993430f979264029e96 pre_us=87304 enc_us=489033 q_us=33 pkt_us=1
[PKT] seq=929 mode=A bytes=68 pkt=01024000f4bca2b02507a1b2d8ef9ab4e5fb99b602fb99b64f209db567299ab3750fa1b72b0f939236e3909209d5979422e49a9547d3959479129094550a92936e199b97 pre_us=87287 enc_us=489022 q_us=39 pkt_us=1
[PKT] seq=930 mode=A bytes=68 pkt=01024000f5d694ad1b068dae0af992aff9f78daf0ae28eae4bd886ae5b2b8eac79099bae1b13a08f2feca48f0fdb9e9017dea8903bd0a58f6a1bb18f54109b8e6b3e9c90 pre_us=87294 enc_us=489030 q_us=33 pkt_us=1
[PKT] seq=931 mode=A bytes=68 pkt=0102400003db92af3d0690b008db93b320cd8db325d18bb36ecd87b353f496b1780aa4b40a25a7912401a4910dcaab9219c8b59328f1b3935a2bb892391f9891403ba195 pre_us=87286 enc_us=489027 q_us=33 pkt_us=1
[PKT] seq=932 mode=A bytes=68 pkt=01024000f8a2bbb4230bcdb6cdf5c3bbcbe9d5bee8dfcabe29ffdbbe45febbbb70f0c9c232f191953de08c9518ca92993900909c4ccf959c7ac48e9c5ce1989a63d19ba1 pre_us=87284 enc_us=489030 q_us=33 pkt_us=1
[PKT] seq=933 mode=A bytes=68 pkt=01024000f995bbbb31efbebec3dbc5c5c1e4cacad1e5cccce2e5cccc37e4c9c95decd3d35c0b9a9a39dd9c9c21e0a4a41be1abab44d7acac7cf5acac65ddaaaa70aab8b8 pre_us=87293 enc_us=489028 q_us=33 pkt_us=1
[PKT] seq=934 mode=A bytes=68 pkt=0102400019fcaaab3632e1ab0ce6caac02dbc8ab00c5c7aa49bee1aa2cd3b7a86e39dda9f348d08e07e4cd8df7c5b98eebf0ca8de627ce8d2866da8c4460ae8b345ba38d pre_us=87314 enc_us=489029 q_us=32 pkt_us=1
[PKT] seq=935 mode=A bytes=68 pkt=0102400002b28dad240c8baefdcd8baf11a38baf2bbd89af67cf84ae5e0189ac7d218baff115b98f19f7b88f1dd1bb9011b4bb902ae8c28f5914db8f413fab8e6c51b790 pre_us=87287 enc_us=489026 q_us=32 pkt_us=2
[PKT] seq=936 mode=A bytes=68 pkt=01024000f7a9c3b82af8c4bac1e8c6c0dbe8cbc4d4ddcec51bfad6c506d4c9c271e9d4ca470093973dca9399f7d19b9e16e49ea245da9da37adf97a361db9fa173aea2ac pre_us=87288 enc_us=489028 q_us=33 pkt_us=1
[PKT] seq=937 mode=A bytes=68 pkt=0102400005a596af2d1091b008028eb2fade91b328e890b35b1189b25c0496b07c1693b30f0f999129e2949024cf9a9230eb979231d39792601e9992431495916f4d9a94 pre_us=87285 enc_us=489027 q_us=32 pkt_us=1
[PKT] seq=938 mode=A bytes=68 pkt=0102400004bd8eaf2f148bb002e58ab3f8ee88b318068ab35cf186b35ff58eb17d1491b41027af9129e1ab9121c0b29226dab59331e1b0925f15b5924c17a3917147ae95 pre_us=87301 enc_us=489029 q_us=32 pkt_us=1
[PKT] seq=939 mode=A bytes=68 pkt=01024000ffba97ad320d95ae04e794aff0eb8faf22c290af70f48eaf52d892ad7c219caf0920998f23f6958f1eef98901dfa9d9036f99c90595a9f8f4b54978e602e9691 pre_us=87292 enc_us=489029 q_us=33 pkt_us=1
[PKT] seq=940 mode=A bytes=68 pkt=0102400011d78fad370490ae07f68caf140689af2ee68baf6ce584ae65018aac7c1694af0326a48f00f69d8f11deac9004e3ac900b0fa68f4b36b38f4b4f9e8e242ca190 pre_us=87307 enc_us=489023 q_us=32 pkt_us=1
[PKT] seq=941 mode=A bytes=68 pkt=0102400004c393ab25149fac12ec9bac13bd97ac09c290ab60b096ab50dc91a97a1e91aa0e35af8e2ef3c68e17b5b58e1cf1bf8e3bfbcd8d564df98d3c56c08c4d50c28d pre_us=87300 enc_us=489027 q_us=32 pkt_us=1
[PKT] seq=942 mode=A bytes=68 pkt=01024000ffb98dab210f8fac01ef8baceace8aac23d687ab63e486aa5bf28aa97b2288aa0d2eb58e26f0b18e23ddbc8e32f0b78d28ddbd8d5624ca8d3c43aa8c6744b18d pre_us=87299 enc_us=489033 q_us=33 pkt_us=1
[PKT] seq=943 mode=A bytes=68 pkt=01024000fcc094ac2b048dad02d98aae11dc89ad30ee89ad58e287ac5ed497aa7c2693ac0f18a78f23d6b48e1bc9b38f25c7b88e36eaaf8e6235bc8e52349d8d6d58b18f pre_us=87280 enc_us=489029 q_us=32 pkt_us=2
[PKT] seq=944 mode=A bytes=68 pkt=0102400006ad95b038159cb106f39bb4fbf794b51de892b65ecb91b55bca9fb37d17adb716359c922de6939115d49a931ed59b9422c59b94582d9c944e2b939368369697 pre_us=87290 enc_us=489025 q_us=33 pkt_us=1
[PKT] seq=945 mode=A bytes=68 pkt=0102400004d698ac3c229dad06d498ae06f692ad2aea95ad69b8acac4bb6a7aa7c27b1ac0733bd8f14eec78e07d9b48ff5edc88ffef5be8e493ceb8e3155a88d4a48c18f pre_us=87291 enc_us=489027 q_us=33 pkt_us=1
[PKT] seq=946 mode=A bytes=68 pkt=01024000ffe19caa401bb4aafed6a6aa1fcc9ea839df9ca770c6b4a754e4b6a57b39d3a6f32ac08d05f5c28ceaf4c48cf7e1be8c0917c68b3d67e48b4464aa8a4160a28b pre_us=87300 enc_us=489031 q_us=33 pkt_us=1
[PKT] seq=947 mode=A bytes=68 pkt=01024000fed69aaa4215abaa02ea9eaa17c7a9a93fcfb4a871caa5a74db79aa57d2fafa6f22fd38d09ece28cf2ead08c01e6e58c1310e78b40570b8b3e65cb8a4955de8b pre_us=87298 enc_us=489026 q_us=33 pkt_us=1
[PKT] seq=948 mode=A bytes=68 pkt=0102400004d49fa9331cc6a906dbb9a90ed3c1a808cabda75abfd2a647cdb6a57915d4a50c37cb8d29edd58c10c2c48c0cddd88b1fdcdb8b5636f58b4a27bc8a624eca8b pre_us=87299 enc_us=489029 q_us=33 pkt_us=1
[PKT] seq=949 mode=A bytes=68 pkt=01024000fff1a0a9420cb3a904f9a5a810f2a9a727edaba666d9c5a53ad6b5a37b2dc0a4081db98d10fccc8c08e4cc8bfdf5ce8b06e4cc8a2f40d48a3d53a3894a45a48a pre_us=87291 enc_us=489024 q_us=33 pkt_us=1
[PKT] seq=950 mode=A bytes=68 pkt=01024000faefa5a60512c0a53d02aea329ee9da13fd8ab9f6618be9fd9b3a39d562bcc9d0c11e48bfc1fc98ada14af89f331bb88074cc987075fd78731579c86ec459087 pre_us=87293 enc_us=489027 q_us=33 pkt_us=1
[PKT] seq=951 mode=A bytes=68 pkt=01024000f4e293a70ffd9da646f4a0a548ea9aa369e898a16d25aba120da9e9f6d13a99f0106ce8bfd1ec08af11ca88a0827b7891d55b9881d56ac8824559687fd468b88 pre_us=87282 enc_us=489027 q_us=33 pkt_us=1
[PKT] seq=952 mode=A bytes=68 pkt=01024000f6e897a90afc98a94dfe9ba937f499a75be8a2a66526a4a6f6d29ea45e2faca5080ccf8df91fb88cd4299f8cec32a08b175a978aff60a58a1a5c9289c4398b8a pre_us=87290 enc_us=489031 q_us=33 pkt_us=1
[PKT] seq=953 mode=A bytes=68 pkt=01024000f5e28ba914058ea9540399a941ea95a867e291a7681298a727f59aa55f1ea2a5030cb88dfc30a68ce026938cf2389c8b065aa38bff67a18b0959948abd0b8e8b pre_us=87281 enc_us=489027 q_us=33 pkt_us=1
[PKT] seq=954 mode=A bytes=68 pkt=01024000eee898a609049aa655fa9aa433ea96a2550397a06708a6a01befa09e5629a69e0b09c78b0c18af8aff14a289011e9d8827349d88314d9f88355b8c8713328987 pre_us=87289 enc_us=489025 q_us=32 pkt_us=2
[PKT] seq=955 mode=A bytes=68 pkt=01024000edf98ea9080d8da926f891a809ee8ea72b138ca652008aa500d395a336068fa418199d8d2b19988c2903958b4700968b4c0d988a4a4b9a8a335c8c89251b938a pre_us=87293 enc_us=489027 q_us=33 pkt_us=1
[PKT] seq=956 mode=A bytes=68 pkt=01024000f3eb9da80e03a9a74dffb7a649edaca4680c9ca364ffb0a31500a4a14a1abea10d08c48c1c10b78b14ee9f8a1a189b893e21b3893351b18940469888fefa9288 pre_us=87287 enc_us=489032 q_us=32 pkt_us=2
[PKT] seq=957 mode=A bytes=68 pkt=01024000f6e7a5aa1310bdaa4706ada83dd8a2a3600faea34915b8a5e80fa4a0303ea89f0212e58afb2fc689e125a288eb42a087fd56b787ef73bc86045f9c86b82b9086 pre_us=87286 enc_us=489028 q_us=33 pkt_us=1
[PKT] seq=958 mode=A bytes=68 pkt=01024000f6ecb5a81012aca526169aa12ee7a59e5726a29c4e409e9cfd32909b1e44909aff15f289ef28c488bd2dba88cc44ab87db5ac186006daa86e320a085c8289985 pre_us=87283 enc_us=489032 q_us=33 pkt_us=1
[PKT] seq=959 mode=A bytes=68 pkt=01024000efe1d5a80502b0a44712c9a03dfdb59c5cfeb59a5e27cd9f11229f9a483d9c97fc03ed87f62cdc86da32c185e432b084015ad1840061d183164d9a83ce2b9483 pre_us=87286 enc_us=489023 q_us=32 pkt_us=1
[PKT] seq=960 mode=A bytes=68 pkt=01024000f5e199a7150e9fa650119ca536f09ea35f019ca26514a5a107199ca044439ba00215d48bfe28b48aea2ea68a0537a089094ca4880c6aa58815539387c8348d88 pre_us=87286 enc_us=489031 q_us=33 pkt_us=1
[PKT] seq=961 mode=A bytes=68 pkt=01024000f6e5de991603c89b4a0ebc9931f1b4965d09b595681fdd970aadab984b30ad950411e58a0128cf88eb27b4870b2bb3860f3fb4851b59b5851f4a8e84dd268985 pre_us=87284 enc_us=489029 q_us=33 pkt_us=1
[PKT] seq=962 mode=A bytes=68 pkt=01024000f2e8a1a807099ba74dfa92a642d291a461e28ea3713294a316d193a16f1ea2a10105d78c0017bd8be10fad8af028aa890e55ae89155da78926458f88004a8888 pre_us=87294 enc_us=489028 q_us=33 pkt_us=1
[PKT] seq=963 mode=A bytes=68 pkt=01024000f6df90ab09fa91ab3aec94ab3ce198aa6afd96a9641199a932f19ea7790a9aa80700968e120d8d8d1ef78e8d241c8c8d433b8c8c4154898c2c55888b464e8b8c pre_us=87280 enc_us=489028 q_us=33 pkt_us=1
[PKT] seq=964 mode=A bytes=68 pkt=01024000f4e3a6a7fefdafa620dcada533c9a6a25cf094a15745a2a1252da29f6446a99f070be28beb22bf8abd2da989cb63a388d073b588ea66a488ff428f87a46d8987 pre_us=87287 enc_us=489032 q_us=33 pkt_us=1
[PKT] seq=965 mode=A bytes=68 pkt=01024000efe9d393f506dc91280ac58d34fed6895027d0864750e1840545ad8b6b6b9e8aeafbf689ee0fc287d630ac87ce41b9850072c386055fd7852252b483d96dac84 pre_us=87287 enc_us=489027 q_us=33 pkt_us=1
[PKT] seq=966 mode=A bytes=68 pkt=01024000eee6c2acf201daa42722c89e2014af984130c8984351be991d49a59752679994eafdfc85f015d085c02fac85ce3bb584f965c6831b52c8831344e883b667c883 pre_us=87297 enc_us=489029 q_us=33 pkt_us=1
[PKT] seq=967 mode=A bytes=68 pkt=01024000f5d48fab04db94ab4ceb95ab4ed094aa6ff298a9681996a923e297a77a24a4a8fe02968efe1f8c8df6238e8d11478c8c2651898c1f55898c305f888b0e63878c pre_us=87284 enc_us=489028 q_us=33 pkt_us=1
[PKT] seq=968 mode=A bytes=68 pkt=01024000f9e38fa903fa9aa93bfc92a946c996a76ceb9aa66a21a1a61e2b93a474f29fa506f8b68d0003a28cf21aa08c162d978b264b9f8a2d5faf8a37519a890855928a pre_us=87288 enc_us=489030 q_us=33 pkt_us=1
[PKT] seq=969 mode=A bytes=68 pkt=01024000f7e98da8feff95a823ef8da741e48da56afc8ca4590a91a427d995a2790398a202fdaf8c17009b8b2d149f8b38169a8a58459f8941449b892d538d884e468c89 pre_us=87288 enc_us=489030 q_us=33 pkt_us=1
[PKT] seq=970 mode=A bytes=68 pkt=01024000f0e88ba601fa8ca641fd92a42e0491a25ce48ca061218ca02013919f76429d9efff7b58bfc1aaa8afd0b948901049588375b9d88275c9f884065928738588887 pre_us=87283 enc_us=489030 q_us=33 pkt_us=1
[PKT] seq=971 mode=A bytes=68 pkt=01024000f4e69aa5040498a421fd94a254f9969f64109b9e592e979d1c4f949c6c579a9bf804d68af506b089ec349a88e44b9f87f962a7871e6fae861e5ba086d1599186 pre_us=87291 enc_us=489029 q_us=32 pkt_us=2
[PKT] seq=972 mode=A bytes=68 pkt=01024000f0db8aa506048ba42e048ea34cf18aa069f08d9f5f2a899eff248e9d65409f9cff0bb78b0712a489fd2ba0890243a5872b5a9987306ba087386b9286fb4f8886 pre_us=87289 enc_us=489030 q_us=32 pkt_us=2
[PKT] seq=973 mode=A bytes=68 pkt=01024000f5c9d1ad0aedc8ae4adec6af37e2c4af66c8c8af7014d0ae0ccac6ac6e25dcaf0903878f0b0b878fed1f8890023889902366878f2266868f3a55868e2a588490 pre_us=87287 enc_us=489028 q_us=33 pkt_us=1
[PKT] seq=974 mode=A bytes=68 pkt=01024000efd8c4ae07e6b5af19dcb1b134d4b2b135dfbbb15a06c2b019d7baae6aadb9b11900899039038b9032ed8d9142da8e9164198c91483c8991122f8b8f60378e92 pre_us=87282 enc_us=489028 q_us=33 pkt_us=1
[PKT] seq=975 mode=A bytes=68 pkt=01024000efc4bcb305bfbab52beebdba0dc5bdbc2ab3bdbd5aa2bdbc2fb2baba73b5c0bf18fb919430e792943ac4969856d0999a69d29a9a4ae5999a2d0a989870fc9e9f pre_us=87296 enc_us=489028 q_us=32 pkt_us=2
[PKT] seq=976 mode=A bytes=68 pkt=01024000f0e896a605fda7a610e4aca43fb598a261fd9fa15ff6b1a02823a59f67f3b79e0a0dc48b24fdbd8a2ae8a9893a1ca788572db4884d63bf88354b9e874b2e9b87 pre_us=87289 enc_us=489029 q_us=33 pkt_us=1
[PKT] seq=977 mode=A bytes=68 pkt=01024000e8e1acaf00deabb008d3b1b219beadb336deacb360e7bab243efafb065b2aeb31fff8d9137f18d9044d890925dd7929268f6929253228d921a2f8f905f1e9394 pre_us=87292 enc_us=489030 q_us=33 pkt_us=1
[PKT] seq=978 mode=A bytes=68 pkt=01024000f7d198ac02f59aac1ec2a0ad2aa6a2ad4fd8a9ac580bb6ac38ffaeaa6cdfa8ac0308928f16f98d8e3ae98f8f52e98f8e562f8c8e3843888e0f4c888d5c368d8e pre_us=87287 enc_us=489033 q_us=32 pkt_us=2
[PKT] seq=979 mode=A bytes=68 pkt=01024000f1e5a0ac0dfea3ad19daa6ae48daa3ad6605a0ad58019fad1f259bab44dfa7ad17068d8f2e028a8e3af48d8f46128e8f5f248d8e51548d8e1f038a8d370e8d8f pre_us=87283 enc_us=489028 q_us=33 pkt_us=1
[PKT] seq=980 mode=A bytes=68 pkt=01024000efea8fa9f8ec8ea939f593a9260e8fa851ef8fa75a0895a61be597a54d01a9a506f99b8d240a908c37f98d8c380a8d8b51238c8b4252898b0f57888a424f868b pre_us=87282 enc_us=489030 q_us=33 pkt_us=1
[PKT] seq=981 mode=A bytes=68 pkt=01024000f4ee97a90df8ada850e1aea84feec2a66bd9bca56315c9a52027ada35e0db3a40e16c08d0518b78cd918b08bde38a68a1a5bb08a0b66bd8a1c289489ed42908a pre_us=87298 enc_us=489023 q_us=33 pkt_us=1
[PKT] seq=982 mode=A bytes=68 pkt=01024000f3df91ab08ef9bab41dd9cac2fbb9eab63cfa1aa60e29eaa0a019ca863e6a0a9100a9e8e2307918d2303928d341d908d58398d8c445e8f8c34348b8b2e3c8c8d pre_us=87297 enc_us=489026 q_us=33 pkt_us=1
[PKT] seq=983 mode=A bytes=68 pkt=01024000f4e18ba9070193a84beb90a83ee98fa662e992a5640d9ba5270c96a36510a5a30614c38c011dab8cfb079a8b042da08a2e59ae8a1b61ab8a1c5a9489f5648b8a pre_us=87284 enc_us=489030 q_us=33 pkt_us=1
[PKT] seq=984 mode=A bytes=68 pkt=01024000f2e997a80dfda0a84ef59aa84ae698a665dc9ea56d1bc0a414dc9ea37415c6a30606cf8c0113c28bea119e8bf329a58a1a49ae8a1c4fb18a294b95890b489489 pre_us=87296 enc_us=489032 q_us=32 pkt_us=2
[PKT] seq=985 mode=A bytes=68 pkt=01024000fccca2ae07edafaf4ad1b4b159d2beb272f8c0b26c0bbdb10ee8baaf79f6beb20a0290900ffe8a90f5178d91073e8c921d498a910e638b912a418a900c4f8d93 pre_us=87276 enc_us=489028 q_us=33 pkt_us=1
[PKT] seq=986 mode=A bytes=68 pkt=01024000fde199a709fdaaa629d0b3a556dea0a36afbaaa16626cba10618a0a07941bb9ffeffd68bf919b38ae02fa88ae13fba89ee60ae880362b0882f579b87d66c9588 pre_us=87289 enc_us=489032 q_us=33 pkt_us=1
[PKT] seq=987 mode=A bytes=68 pkt=01024000fdd49dae05e8aeae40b3afb05ae9a8b07001b6b0740db8b0240ab3ad7a11b1b0f2ff919008fa898f08018e900af98f913a408a904154899048548a8f57368d91 pre_us=87284 enc_us=489025 q_us=33 pkt_us=1
[PKT] seq=988 mode=A bytes=68 pkt=0102400000d997adf7fc9cad1ad8a1ae3dd29fae4ffb9dae4e279fadeacc9eab63c5a4ae0b0b978f26fe908f39e4938f41f5938f5cf0928f531c8f8f323b8e8d6e188f90 pre_us=87286 enc_us=489033 q_us=32 pkt_us=2
[PKT] seq=989 mode=A bytes=68 pkt=01024000f8f48caa040a96aa40e994a949f894a864ea9da76a2c97a711179ca5703aaca6ff02a48dfe11908ce12c918cee2b918b0c628c8b13718e8b23628a8ae458868b pre_us=87290 enc_us=489027 q_us=33 pkt_us=1
[PKT] seq=990 mode=A bytes=68 pkt=01024000fbe098a606fda6a525dfa1a452f4a6a169eca2a06d23b9a0060d9d9e7630c79dfdfbda8bfcfdb58a032dbc89f63cc688185bc9871161bb872d4d9787fc5e9887 pre_us=87284 enc_us=489028 q_us=33 pkt_us=1
[PKT] seq=991 mode=A bytes=68 pkt=01024000f8f28aa9010d92a933f090a84cf190a7611d94a6664793a6062494a4622ba4a40213a78dfb12928ce00f958cf330938b0b5e8c8a1d6d8d8a14618b89db6c878a pre_us=87281 enc_us=489025 q_us=32 pkt_us=2
[PKT] seq=992 mode=A bytes=68 pkt=01024000f4e191a80cfda4a843f09fa749ec9aa566e99aa4691aa3a3081697a27840a3a20008c18cfa0ba58bef1aa08bf32ea38a1557a989135fb58930619688f46a8b89 pre_us=87289 enc_us=489032 q_us=32 pkt_us=1
[PKT] seq=993 mode=A bytes=68 pkt=01024000f8ec94ac0d0596ac42cb93ad4eeb95ac710f94ac6f1c92ab26ef96a974f997ab0b059a8e03fb978eee159d8e0709978e2758988d2d54958d2525928c02259b8e pre_us=87296 enc_us=489022 q_us=33 pkt_us=1
[PKT] seq=994 mode=A bytes=68 pkt=01024000f5e88daa03009caa39e496a93fd592a86bf393a7711991a733f198a57729a2a60112b68dfa029c8cf70d9f8c1331a08b2b4ea68b2c5da48b2263928a055a8e8b pre_us=87288 enc_us=489030 q_us=33 pkt_us=1
[PKT] seq=995 mode=A bytes=68 pkt=01024000f4e49ea60f0dbaa742f59da438f0a3a162d2aaa16837c0a1fd28aa9e5c3bab9e0408db8bf618b889d325a088e434a3880365b2870065b28620339586e7498887 pre_us=87286 enc_us=489030 q_us=33 pkt_us=1
[PKT] seq=996 mode=A bytes=68 pkt=01024000f3ebc0ac0e0fcea732eea4a235eea7a05febb69d6530cb9ffd22a29b59489c9bfd0ff788f520cc87d22aac86e239ba86fd62bf86fd64b285193b9e85d4599085 pre_us=87284 enc_us=489026 q_us=33 pkt_us=1
[PKT] seq=997 mode=A bytes=68 pkt=01024000eee2e4960204ed8e140cc88d2b0bc68d4506db8b5658d788f5339d8c2c40978bf600ec88ea19e488ae48b786de44c785f272b684f150bb841c2fa583eb559783 pre_us=87286 enc_us=489028 q_us=32 pkt_us=2
[PKT] seq=998 mode=A bytes=68 pkt=01024000f5e5a3a6120daaa942fc9ea54ae19aa269e6a3a06524b0a20bee9b9f66309a9eff15e68bf625cb89dd1faf88e545a188fe5ebc87f460b1861a439386d84b8b87 pre_us=87288 enc_us=489031 q_us=33 pkt_us=1
[PKT] seq=999 mode=A bytes=68 pkt=01024000f8ea9ea5150fc3a43ef8a8a340eab4a069cba49f631eca9ef8f1b29d4f0fd39c0411d38b0325d689f424c089fb31c987185dc6871942d9871b329b86e01b9186 pre_us=87279 enc_us=489026 q_us=33 pkt_us=1
