filename,path,label,speaker,recording_index,sample_rate,num_samples,duration_sec,channels,subtype,sha256,name_ok,readable,error
0_george_0.wav,data/fsdd/recordings/0_george_0.wav,0,george,0,8000,2384,0.298,1,PCM_16,228ab63fccdf262d2e05817b6ec918b15e7d9e4bfb6bb20183c46ae088405240,True,True,
0_george_1.wav,data/fsdd/recordings/0_george_1.wav,0,george,1,8000,4727,0.590875,1,PCM_16,239d40931baf4e9b482361abb6e021439eca20f2e95f039b1bdddae04ef0b83c,True,True,
0_george_10.wav,data/fsdd/recordings/0_george_10.wav,0,george,10,8000,5958,0.74475,1,PCM_16,3fb791b3226b53859b06d7ad2232109ab8bf8ab7b33e6a272ed3d3cf50fdddbe,True,True,
0_george_11.wav,data/fsdd/recordings/0_george_11.wav,0,george,11,8000,3661,0.457625,1,PCM_16,a9e10d1886318ea4c14eae782fa900ff68e98008391198daf5c391e460010f56,True,True,
0_george_12.wav,data/fsdd/recordings/0_george_12.wav,0,george,12,8000,4050,0.50625,1,PCM_16,0b3cf9a042af8bc20f6b35c24f0d178a0e999fcbafa85566e8c93542cd37dbd4,True,True,
0_george_13.wav,data/fsdd/recordings/0_george_13.wav,0,george,13,8000,4349,0.543625,1,PCM_16,f23dcee9e615f2b5115c7bbcca2cf5a433be30fbdd7eb144689a456e27d82c4a,True,True,
0_george_14.wav,data/fsdd/recordings/0_george_14.wav,0,george,14,8000,4304,0.538,1,PCM_16,38bf974af47345ee5527077533ebda13c5472cacb8ba68aeca7789af8447f8fc,True,True,
0_george_15.wav,data/fsdd/recordings/0_george_15.wav,0,george,15,8000,4186,0.52325,1,PCM_16,7624a1b721b96aa0f65beb92d5ea4e280ab9ddd0a6c4f603eb0f6035da3a0757,True,True,
0_george_16.wav,data/fsdd/recordings/0_george_16.wav,0,george,16,8000,5054,0.63175,1,PCM_16,33b6dffc6f0c9ac00cc39a4d7f3e18d5d0148ee47b16d7c1d8b66953bfc1c5b6,True,True,
0_george_17.wav,data/fsdd/recordings/0_george_17.wav,0,george,17,8000,4674,0.58425,1,PCM_16,18c812e1b852e618a304c9c3b1772b1c9d5cdabcc60f598fb0c626d343926582,True,True,
0_george_18.wav,data/fsdd/recordings/0_george_18.wav,0,george,18,8000,5581,0.697625,1,PCM_16,1e50546d4bdce004485b429daba05e12160fa5d27b27aa8b16663e6833c0e027,True,True,
0_george_19.wav,data/fsdd/recordings/0_george_19.wav,0,george,19,8000,4465,0.558125,1,PCM_16,faeeceeea4d659e3658425691f693b3fbfff8c243508ab2ff50f4d418bbe72c0,True,True,
0_george_2.wav,data/fsdd/recordings/0_george_2.wav,0,george,2,8000,5332,0.6665,1,PCM_16,d08d46275d0594096cb52449884ac9c5cd1dd0e4e48c4e28de1ade1703a2eab0,True,True,
0_george_20.wav,data/fsdd/recordings/0_george_20.wav,0,george,20,8000,4347,0.543375,1,PCM_16,df79456e509ec0ba636f681e00baa270b843eab9e82468c0e2e8ad48c6956d43,True,True,
0_george_21.wav,data/fsdd/recordings/0_george_21.wav,0,george,21,8000,4260,0.5325,1,PCM_16,3254facf4ac96a4bb58ec14be95d9e33f57f440987144b772b049aeb486eb136,True,True,
0_george_22.wav,data/fsdd/recordings/0_george_22.wav,0,george,22,8000,3963,0.495375,1,PCM_16,53695e8bfbdf5273734f92de2e9808c3034736b07e337bbf9d9d558be9f5d737,True,True,
0_george_23.wav,data/fsdd/recordings/0_george_23.wav,0,george,23,8000,3984,0.498,1,PCM_16,b2d7a61a2420bd994536e41882c81cfecbecf1f46871e999b3bc6c2722167a4f,True,True,
0_george_24.wav,data/fsdd/recordings/0_george_24.wav,0,george,24,8000,3907,0.488375,1,PCM_16,42f4aafb8bf1ea940d225d153265ec65e9582d3f272b2d8f2d4dfa8bc33fa23a,True,True,
0_george_25.wav,data/fsdd/recordings/0_george_25.wav,0,george,25,8000,3687,0.460875,1,PCM_16,8bf5a4b0bb314232b573de379999057451f286051df3a99e1e2b7322f4dbfd16,True,True,
0_george_26.wav,data/fsdd/recordings/0_george_26.wav,0,george,26,8000,4941,0.617625,1,PCM_16,5704737c86ff02044bd0527d386385a0ca841292b59381c27c895177bf44b47c,True,True,
0_george_27.wav,data/fsdd/recordings/0_george_27.wav,0,george,27,8000,4449,0.556125,1,PCM_16,1c29c4b4a0316023620d3d1966d9e4d4e383eb2314666b5938bb19c882b2c2c9,True,True,
0_george_28.wav,data/fsdd/recordings/0_george_28.wav,0,george,28,8000,4474,0.55925,1,PCM_16,1c7ed1e4bc8e29f916bc3ad431146dbd64d3da0cf40815a69b289b31fdb8f6ab,True,True,
0_george_29.wav,data/fsdd/recordings/0_george_29.wav,0,george,29,8000,4208,0.526,1,PCM_16,a3782dc6fcdb33d3d7dd87396f1062c914a268fa89c421b67591336da83c3364,True,True,
0_george_3.wav,data/fsdd/recordings/0_george_3.wav,0,george,3,8000,5007,0.625875,1,PCM_16,d5255e12fcc9ec9be0fa5d2dcca7c15ce7d1d39f0f581e6338d8930c09d6e52d,True,True,
0_george_30.wav,data/fsdd/recordings/0_george_30.wav,0,george,30,8000,3286,0.41075,1,PCM_16,b1fbc92159e0e02419647c6c9196371d7322ab828b8f649e8e3d7aa5976e75aa,True,True,
0_george_31.wav,data/fsdd/recordings/0_george_31.wav,0,george,31,8000,2174,0.27175,1,PCM_16,010346560d2794878876d509b2fb4a40d65aab0db97b64685ab7b97235ac7925,True,True,
0_george_32.wav,data/fsdd/recordings/0_george_32.wav,0,george,32,8000,4483,0.560375,1,PCM_16,ba2ba9ba4e3cbce60167361efde67a5476af68b97a947333ffb270401ee4fd05,True,True,
0_george_33.wav,data/fsdd/recordings/0_george_33.wav,0,george,33,8000,3659,0.457375,1,PCM_16,cff74f6e92f658fde3a8422144b42696d0b18fe1265ad19db0219cc162569c06,True,True,
0_george_34.wav,data/fsdd/recordings/0_george_34.wav,0,george,34,8000,3621,0.452625,1,PCM_16,1fb86f7114098dbf36698198689a08644738e1f6e48377991e3cdaf107f1a916,True,True,
0_george_35.wav,data/fsdd/recordings/0_george_35.wav,0,george,35,8000,3418,0.42725,1,PCM_16,617b5ae615ef7ebe98e2186c6614e5caf645eb5131c2f98f8528dcd26ad85a7f,True,True,
0_george_36.wav,data/fsdd/recordings/0_george_36.wav,0,george,36,8000,3270,0.40875,1,PCM_16,99ccb7814e79b7cea71f528747080ee1b4e79fa5d1048af84382ee7c4d8cee9a,True,True,
0_george_37.wav,data/fsdd/recordings/0_george_37.wav,0,george,37,8000,2579,0.322375,1,PCM_16,40e7217c860944af2f840da7d6bcf761a204a73542191fc0fb450f14ad39bc5f,True,True,
0_george_38.wav,data/fsdd/recordings/0_george_38.wav,0,george,38,8000,2684,0.3355,1,PCM_16,2ae07f560612b89fa0b6edbcf7b8687c2ca5c7e0e61f6f075a04ccaf3f8962e6,True,True,
0_george_39.wav,data/fsdd/recordings/0_george_39.wav,0,george,39,8000,2965,0.370625,1,PCM_16,de4588a778fc13d485371eda51c50853de80ac297b423553e5bbc07552bc401e,True,True,
0_george_4.wav,data/fsdd/recordings/0_george_4.wav,0,george,4,8000,4323,0.540375,1,PCM_16,00a23e872eaee1352fa876ceab1191ab6a6f9f0fb4689fc5e0633b695001a3d6,True,True,
0_george_40.wav,data/fsdd/recordings/0_george_40.wav,0,george,40,8000,4124,0.5155,1,PCM_16,1ef285076c47dbb12e2c67a7ca208616633b2ce5adfae5fab39a798a31d14652,True,True,
0_george_41.wav,data/fsdd/recordings/0_george_41.wav,0,george,41,8000,3026,0.37825,1,PCM_16,e7d2b955bb2332a39c64ef3a0258fef14cdd8027b5f7a29be60b34c22dbf77cb,True,True,
0_george_42.wav,data/fsdd/recordings/0_george_42.wav,0,george,42,8000,3409,0.426125,1,PCM_16,1fa7085a701095bc50624a74aee13fd229e1f11c318074a17d59ae293e38b525,True,True,
0_george_43.wav,data/fsdd/recordings/0_george_43.wav,0,george,43,8000,3300,0.4125,1,PCM_16,e2659286ca6770092739025b7c4251a953839f77736af91d0ac3b027f42d7d91,True,True,
0_george_44.wav,data/fsdd/recordings/0_george_44.wav,0,george,44,8000,3649,0.456125,1,PCM_16,4e3955234cbf085bc18667a3df2e14ed49d7c2dae2426f94e981f8881aae5575,True,True,
0_george_45.wav,data/fsdd/recordings/0_george_45.wav,0,george,45,8000,3997,0.499625,1,PCM_16,2a0b1cdeff9a8510f7ed275377f26e0229f9e287cf7694a6ae3e7d462cadf4ea,True,True,
0_george_46.wav,data/fsdd/recordings/0_george_46.wav,0,george,46,8000,3733,0.466625,1,PCM_16,1c0ce6946a39d9867a8c52ef9e4d3919fb5f8dd26741de75985c72f899ac8002,True,True,
0_george_47.wav,data/fsdd/recordings/0_george_47.wav,0,george,47,8000,3885,0.485625,1,PCM_16,6268456d7d9cfc984a8b8c4ff77c4928b85380344387273361489563986faf48,True,True,
0_george_48.wav,data/fsdd/recordings/0_george_48.wav,0,george,48,8000,4016,0.502,1,PCM_16,9b152d9c7704c6ce1a6f6592a6cfb48f52c15528579af64b514458e355c224dd,True,True,
0_george_49.wav,data/fsdd/recordings/0_george_49.wav,0,george,49,8000,4082,0.51025,1,PCM_16,125e5fc03eba1ddd866517da0929684fa80a863caaa16e7288d1abbd690decc6,True,True,
0_george_5.wav,data/fsdd/recordings/0_george_5.wav,0,george,5,8000,5145,0.643125,1,PCM_16,6906c8b96e2e139e2408d524b22ac7b96fbc53b451cd4f7246e5f3ef410b3818,True,True,
0_george_6.wav,data/fsdd/recordings/0_george_6.wav,0,george,6,8000,5148,0.6435,1,PCM_16,f286d5149bd3d24d31fee64cb767dae374ffd3404b12005e22bca27cb5346f04,True,True,
0_george_7.wav,data/fsdd/recordings/0_george_7.wav,0,george,7,8000,5381,0.672625,1,PCM_16,c153080e78400cccd89658f983222ed738408b09b1da75e9f41a5a5080dea90e,True,True,
0_george_8.wav,data/fsdd/recordings/0_george_8.wav,0,george,8,8000,4209,0.526125,1,PCM_16,913fb22a46ec9751f67d662018208b552365438c2c301ffd422db33b7d2fc4e7,True,True,
0_george_9.wav,data/fsdd/recordings/0_george_9.wav,0,george,9,8000,4602,0.57525,1,PCM_16,4bc9a69d54e99d6a68e215beda0f5d53340ea3e95eb24e26d212c5ba1665c09b,True,True,
0_jackson_0.wav,data/fsdd/recordings/0_jackson_0.wav,0,jackson,0,8000,5148,0.6435,1,PCM_16,eea86018ce1730baaf7f5dd6ec88c1f727dd90203521a9115b489310a248ea05,True,True,
0_jackson_1.wav,data/fsdd/recordings/0_jackson_1.wav,0,jackson,1,8000,4261,0.532625,1,PCM_16,6df040b19b0a7a7433e6185c10d2df5e71a78fb272be472a98ce670378871b44,True,True,
0_jackson_10.wav,data/fsdd/recordings/0_jackson_10.wav,0,jackson,10,8000,5451,0.681375,1,PCM_16,d186e0a0702c926c1f562e9a7e90c8da54c71fbd0b305ed0e7bc009feb0d32a9,True,True,
0_jackson_11.wav,data/fsdd/recordings/0_jackson_11.wav,0,jackson,11,8000,4914,0.61425,1,PCM_16,c106f1b3ec6b1d6074d3a75b5d26e177aa5b5a916dbc2be466a2695dcbb897ca,True,True,
0_jackson_12.wav,data/fsdd/recordings/0_jackson_12.wav,0,jackson,12,8000,4087,0.510875,1,PCM_16,504f8f1b8adf27cb0f0fd03b1e17df7c7515779b40344435e92294d4893e5edb,True,True,
0_jackson_13.wav,data/fsdd/recordings/0_jackson_13.wav,0,jackson,13,8000,4716,0.5895,1,PCM_16,402c721788244f258c892ee43b44d671d06220ac5b7bcadfb90cd0cb071ad2ba,True,True,
0_jackson_14.wav,data/fsdd/recordings/0_jackson_14.wav,0,jackson,14,8000,4982,0.62275,1,PCM_16,014335a70714e65ccef9d9de2f97db86abf8da6f9d021c2cc44f2244cf66785e,True,True,
0_jackson_15.wav,data/fsdd/recordings/0_jackson_15.wav,0,jackson,15,8000,5110,0.63875,1,PCM_16,c09f4539484177e54f5539d514a10e056b08c73f2284fb9c978f590dfee87d7c,True,True,
0_jackson_16.wav,data/fsdd/recordings/0_jackson_16.wav,0,jackson,16,8000,4423,0.552875,1,PCM_16,b363b1084036e7927ce3aa77d872d3529c3a96d61c35dc150762bb10c613e788,True,True,
0_jackson_17.wav,data/fsdd/recordings/0_jackson_17.wav,0,jackson,17,8000,4237,0.529625,1,PCM_16,0d92b4126d2930f7f490a44b32bd478d0071e4c35a91a58d72bab3429eab3012,True,True,
0_jackson_18.wav,data/fsdd/recordings/0_jackson_18.wav,0,jackson,18,8000,5235,0.654375,1,PCM_16,eeead17436187b6fc614dc8fc94fc4c465b8359e7620724fa32417f91af84ebc,True,True,
0_jackson_19.wav,data/fsdd/recordings/0_jackson_19.wav,0,jackson,19,8000,5103,0.637875,1,PCM_16,61dc0393d654c392e44060e798d912eb9737612267f91a3226a9fd1ba06d5cdc,True,True,
0_jackson_2.wav,data/fsdd/recordings/0_jackson_2.wav,0,jackson,2,8000,4257,0.532125,1,PCM_16,1f8420b07f8c1798817070ea550d3fa7b5964fb3f1ebabf19ed3c64fc62f0248,True,True,
0_jackson_20.wav,data/fsdd/recordings/0_jackson_20.wav,0,jackson,20,8000,4970,0.62125,1,PCM_16,e466cf7fae309f36f75d8511fdc8cda3a034b917109c1e33d5e3c0142e5de148,True,True,
0_jackson_21.wav,data/fsdd/recordings/0_jackson_21.wav,0,jackson,21,8000,4797,0.599625,1,PCM_16,c9331cbff1a89c4459a02883f8f4115c1b4a8cfd12a6de1e878f1427af8d342f,True,True,
0_jackson_22.wav,data/fsdd/recordings/0_jackson_22.wav,0,jackson,22,8000,4826,0.60325,1,PCM_16,b4f7d64f7490fd857cf62f091072ebf5272143f901f42c770ffebcd233dffe27,True,True,
0_jackson_23.wav,data/fsdd/recordings/0_jackson_23.wav,0,jackson,23,8000,4720,0.59,1,PCM_16,da96d30380928555b591cc719221ad26e267050e83141e63be40128b0d4e5dd8,True,True,
0_jackson_24.wav,data/fsdd/recordings/0_jackson_24.wav,0,jackson,24,8000,5136,0.642,1,PCM_16,4c660edfcd4a47032ed86ff61008b87923724d5c36e8c13edee61fd085ccb853,True,True,
0_jackson_25.wav,data/fsdd/recordings/0_jackson_25.wav,0,jackson,25,8000,4942,0.61775,1,PCM_16,7c0c426ab4c49f6bc042577d085a88bc96db094ec72bbf8f9206ab3a000e44c6,True,True,
0_jackson_26.wav,data/fsdd/recordings/0_jackson_26.wav,0,jackson,26,8000,4663,0.582875,1,PCM_16,3a82f5c4c23c3cea1a3104d713b5cb5661de3a9ab84946ec8b43d16772873c70,True,True,
0_jackson_27.wav,data/fsdd/recordings/0_jackson_27.wav,0,jackson,27,8000,5165,0.645625,1,PCM_16,a14a1c0786395c6f62731792410e04aad521709541d084364aeca141a2f55f69,True,True,
0_jackson_28.wav,data/fsdd/recordings/0_jackson_28.wav,0,jackson,28,8000,5144,0.643,1,PCM_16,ef695deec8b3d54b22a2a5f83effd784ea271d2a9ec4c2201b2ca019d9922b6f,True,True,
0_jackson_29.wav,data/fsdd/recordings/0_jackson_29.wav,0,jackson,29,8000,4621,0.577625,1,PCM_16,f89d5a8dd91905b3753405e687e9314738ccb42f87cb4b59b6eaf8f886ac2d72,True,True,
0_jackson_3.wav,data/fsdd/recordings/0_jackson_3.wav,0,jackson,3,8000,4788,0.5985,1,PCM_16,4a081dbe58c3716dde3fb8f7033dc8db404d9e6e070cab1f4be74e0b35820b25,True,True,
0_jackson_30.wav,data/fsdd/recordings/0_jackson_30.wav,0,jackson,30,8000,5120,0.64,1,PCM_16,2c8327be8718d4b91b14fc1f5f7bf901269fc1217d1fc0ec7445fabc75ef2494,True,True,
0_jackson_31.wav,data/fsdd/recordings/0_jackson_31.wav,0,jackson,31,8000,4571,0.571375,1,PCM_16,4f6a7b57f30460398b0229655dc24896e6a0d68b8822267ece5d448a9cdd1aca,True,True,
0_jackson_32.wav,data/fsdd/recordings/0_jackson_32.wav,0,jackson,32,8000,4939,0.617375,1,PCM_16,e9a7be149f1f9e75b059ee26951b4cd9c565da1f2746eefda79ac87375b42fed,True,True,
0_jackson_33.wav,data/fsdd/recordings/0_jackson_33.wav,0,jackson,33,8000,5318,0.66475,1,PCM_16,ecbfdbafc2c48e0cfa11f1ec66a6bbfa37be88e43adf7f87dfdddb2592e204ff,True,True,
0_jackson_34.wav,data/fsdd/recordings/0_jackson_34.wav,0,jackson,34,8000,5266,0.65825,1,PCM_16,c601138c89e8ef838416f14aadf29aafb0025abd9f958704710be68028ecd53f,True,True,
0_jackson_35.wav,data/fsdd/recordings/0_jackson_35.wav,0,jackson,35,8000,5015,0.626875,1,PCM_16,82b6e8892cd923d0ed5dd77fb6fc93c17a617a6a7038792ce9a58d5aa3d1f3c7,True,True,
0_jackson_36.wav,data/fsdd/recordings/0_jackson_36.wav,0,jackson,36,8000,4782,0.59775,1,PCM_16,ce4ca554960a9fa5802b78b91347c9e755afbec4764a097440b262bfb1d1d9c6,True,True,
0_jackson_37.wav,data/fsdd/recordings/0_jackson_37.wav,0,jackson,37,8000,4979,0.622375,1,PCM_16,f7b209618b8f464522ce82da8e5f2c7ad71674b57875ab4f0294c9e0ad44bd9a,True,True,
0_jackson_38.wav,data/fsdd/recordings/0_jackson_38.wav,0,jackson,38,8000,5277,0.659625,1,PCM_16,dcba32a9305b987108af9e8ff2bae0c406e0bd4cc0e16137c62fb4366b0e1908,True,True,
0_jackson_39.wav,data/fsdd/recordings/0_jackson_39.wav,0,jackson,39,8000,4648,0.581,1,PCM_16,9bc6801b8646f1e63c1db8fbbd635ee614f94927222a9a00258fc96c8de35132,True,True,
0_jackson_4.wav,data/fsdd/recordings/0_jackson_4.wav,0,jackson,4,8000,4329,0.541125,1,PCM_16,967c3b14efad3501be65f167466f008b4e8abfc219b2bd009c443054bb2a6d3d,True,True,
0_jackson_40.wav,data/fsdd/recordings/0_jackson_40.wav,0,jackson,40,8000,5711,0.713875,1,PCM_16,43ef9d2def06a5c4d842b22c8b58baf562423ed5fefd6900c46c6317e556e849,True,True,
0_jackson_41.wav,data/fsdd/recordings/0_jackson_41.wav,0,jackson,41,8000,5510,0.68875,1,PCM_16,c70169bc5b2ab7bd8152eb49807b50fc19bd07afa771f62d2ea80e2fd98b4570,True,True,
0_jackson_42.wav,data/fsdd/recordings/0_jackson_42.wav,0,jackson,42,8000,5288,0.661,1,PCM_16,89493cb72e58560d4665030d1fa1d6f63299d15b78b0d91d6439d351ae4f4116,True,True,
0_jackson_43.wav,data/fsdd/recordings/0_jackson_43.wav,0,jackson,43,8000,4999,0.624875,1,PCM_16,a1e01b4575df01b519f3f6d47434b5ee491bc9c36132bedc4888f7883a6aaf31,True,True,
0_jackson_44.wav,data/fsdd/recordings/0_jackson_44.wav,0,jackson,44,8000,5320,0.665,1,PCM_16,fa73bce81c8a861e8cdad259e9c3cc38f937a631199cdbe0f4d6c2fb10596e49,True,True,
0_jackson_45.wav,data/fsdd/recordings/0_jackson_45.wav,0,jackson,45,8000,5259,0.657375,1,PCM_16,0aff8f27718e9637d37ac6176935317ce2aeb6eb58e22dadd2f4274dd7b7d83e,True,True,
0_jackson_46.wav,data/fsdd/recordings/0_jackson_46.wav,0,jackson,46,8000,5394,0.67425,1,PCM_16,0b51beb48e74e023a9f952d02b36bcc2fb13dd0c374cbe0bc45214c332424684,True,True,
0_jackson_47.wav,data/fsdd/recordings/0_jackson_47.wav,0,jackson,47,8000,5328,0.666,1,PCM_16,97a611bb7b7089e247567100b10c195e9af0213c7381a81b7fcf024e7edd99d8,True,True,
0_jackson_48.wav,data/fsdd/recordings/0_jackson_48.wav,0,jackson,48,8000,5187,0.648375,1,PCM_16,29e23d8bcf485848d26f48ed80c68885fc4754ab9cdab19622dc1cea36a985a4,True,True,
0_jackson_49.wav,data/fsdd/recordings/0_jackson_49.wav,0,jackson,49,8000,6273,0.784125,1,PCM_16,e1adb507a5a13dc4aa0def4581c01c64527b828552092e929230a1efe5f102d2,True,True,
0_jackson_5.wav,data/fsdd/recordings/0_jackson_5.wav,0,jackson,5,8000,4591,0.573875,1,PCM_16,5b47a9df20e6fdd4ce8c0c93c8854e8911aff4448eac5bdb8d6d29e25d994915,True,True,
0_jackson_6.wav,data/fsdd/recordings/0_jackson_6.wav,0,jackson,6,8000,5052,0.6315,1,PCM_16,b86b28b52e367ba92e132b5e24a83668cbe7ebda2ae15e90e2b60001e52e07e3,True,True,
0_jackson_7.wav,data/fsdd/recordings/0_jackson_7.wav,0,jackson,7,8000,4431,0.553875,1,PCM_16,250dc3b913442d9c625bf2f9987de34133664545d213084c2b5a6b8d3bfd0f06,True,True,
0_jackson_8.wav,data/fsdd/recordings/0_jackson_8.wav,0,jackson,8,8000,4629,0.578625,1,PCM_16,45bbcecd5eced03709cf2eee4d5e7bf13b361dc2789c442aa5cc452bfd00b9fb,True,True,
0_jackson_9.wav,data/fsdd/recordings/0_jackson_9.wav,0,jackson,9,8000,5065,0.633125,1,PCM_16,f923306f18bd7e502f26d28b19c62ca5df3b0a80d61bfeee903d3ec1bea6c4f7,True,True,
0_lucas_0.wav,data/fsdd/recordings/0_lucas_0.wav,0,lucas,0,8000,5083,0.635375,1,PCM_16,1d942e79c200ae1f84618314f2669d9c154718276b38ccf341630635073f7c06,True,True,
0_lucas_1.wav,data/fsdd/recordings/0_lucas_1.wav,0,lucas,1,8000,5475,0.684375,1,PCM_16,9c2bb9ff24714b163c681d82c4ed99339c9408e9a126c04e6a1de63774704b05,True,True,
0_lucas_10.wav,data/fsdd/recordings/0_lucas_10.wav,0,lucas,10,8000,4014,0.50175,1,PCM_16,c66c7534bb9c5f4ffbfcaca18100488224633edc04edc80ee1e2244bc8703b8c,True,True,
0_lucas_11.wav,data/fsdd/recordings/0_lucas_11.wav,0,lucas,11,8000,4273,0.534125,1,PCM_16,2646780f9d38de5ca57eaaad6f36c68ab349843be8ea361100b919c24a017638,True,True,
0_lucas_12.wav,data/fsdd/recordings/0_lucas_12.wav,0,lucas,12,8000,4344,0.543,1,PCM_16,c324a1be202792d1802a73cf8628aa90f55512283119830127be9f67752e80ea,True,True,
0_lucas_13.wav,data/fsdd/recordings/0_lucas_13.wav,0,lucas,13,8000,4736,0.592,1,PCM_16,c677520776ca806c95b3e032784f331811fcc1efaba4f54cfe02859890b09b72,True,True,
0_lucas_14.wav,data/fsdd/recordings/0_lucas_14.wav,0,lucas,14,8000,4436,0.5545,1,PCM_16,30bb5285ecc7b0e4277554f26c93b9be6f0394c5fe4b4bdd873b59b6c8de6938,True,True,
0_lucas_15.wav,data/fsdd/recordings/0_lucas_15.wav,0,lucas,15,8000,5019,0.627375,1,PCM_16,a3e65754973187179d93cbdfa19b97858880f6de2be01cd5c40a538038b9da34,True,True,
0_lucas_16.wav,data/fsdd/recordings/0_lucas_16.wav,0,lucas,16,8000,4783,0.597875,1,PCM_16,d18ac331c2b4c6f006af2806010e2062351d7dd527d720182aae80ae9ee358c0,True,True,
0_lucas_17.wav,data/fsdd/recordings/0_lucas_17.wav,0,lucas,17,8000,5076,0.6345,1,PCM_16,a6c2040239a45a69c6d1d4bd4c9ea674cae68d0087efa2c7aa8b86278f1b2e9c,True,True,
0_lucas_18.wav,data/fsdd/recordings/0_lucas_18.wav,0,lucas,18,8000,4896,0.612,1,PCM_16,8d51ef6b4cf0bf38d28d2a670176e74be30937b275aeedbeab887a3c69e1a340,True,True,
0_lucas_19.wav,data/fsdd/recordings/0_lucas_19.wav,0,lucas,19,8000,5021,0.627625,1,PCM_16,b34dc8282aafffc7b699a6cbcd7524571de5efe282e3c361cdee01f8121cd371,True,True,
0_lucas_2.wav,data/fsdd/recordings/0_lucas_2.wav,0,lucas,2,8000,5870,0.73375,1,PCM_16,98a9869e199ee41a7bd1435158d6844633f0e1e05565a456c1341fe94feab007,True,True,
0_lucas_20.wav,data/fsdd/recordings/0_lucas_20.wav,0,lucas,20,8000,5157,0.644625,1,PCM_16,081cd99d1ddaf55dd63f40b11d9e3d76dce3307c1c12ddfb7da37499d9dd0fcc,True,True,
0_lucas_21.wav,data/fsdd/recordings/0_lucas_21.wav,0,lucas,21,8000,5022,0.62775,1,PCM_16,0f04ef1fea8e583f0131a365f0034113b291a202d62d1d900274a5ff1d3e0edd,True,True,
0_lucas_22.wav,data/fsdd/recordings/0_lucas_22.wav,0,lucas,22,8000,4395,0.549375,1,PCM_16,32ea6698f3b8fe968e7242fd8481c6cdc8cfbe3e5277812c09016165f06da28b,True,True,
0_lucas_23.wav,data/fsdd/recordings/0_lucas_23.wav,0,lucas,23,8000,4237,0.529625,1,PCM_16,939c18427e25f270f3204251f745ba440e62d6e9fba5cddde81cf4fa2dcb6a81,True,True,
0_lucas_24.wav,data/fsdd/recordings/0_lucas_24.wav,0,lucas,24,8000,7929,0.991125,1,PCM_16,8adad5efc119da243993dd3f9794653fc14d25985b7c2cfde6a147d1b2450244,True,True,
0_lucas_25.wav,data/fsdd/recordings/0_lucas_25.wav,0,lucas,25,8000,4803,0.600375,1,PCM_16,75bc4308e957fe3cbaf3c69a5b1cd6930f64ea444a429e03d8662059e252c300,True,True,
0_lucas_26.wav,data/fsdd/recordings/0_lucas_26.wav,0,lucas,26,8000,4281,0.535125,1,PCM_16,ed5ac439fec0898dbc112df44a418475c482ffde384252be3578ce52106f87e6,True,True,
0_lucas_27.wav,data/fsdd/recordings/0_lucas_27.wav,0,lucas,27,8000,7187,0.898375,1,PCM_16,e701f18f17cb8c738785fa00b52d42c70b8790542827ed7532fa3fc8d54a733b,True,True,
0_lucas_28.wav,data/fsdd/recordings/0_lucas_28.wav,0,lucas,28,8000,4551,0.568875,1,PCM_16,a326776c7ea569ef18af72447f5809a93f823c49878164d3bbbdead897a495d3,True,True,
0_lucas_29.wav,data/fsdd/recordings/0_lucas_29.wav,0,lucas,29,8000,4254,0.53175,1,PCM_16,4f4b70a8096e2d132c0d4c3d801bdc69a8e24aad97d8eee6c61de9575362b665,True,True,
0_lucas_3.wav,data/fsdd/recordings/0_lucas_3.wav,0,lucas,3,8000,4455,0.556875,1,PCM_16,4fadd8fa097688679d1971a97ee649f40822e3262f2c4c8ddc1f4e09216cdb18,True,True,
0_lucas_30.wav,data/fsdd/recordings/0_lucas_30.wav,0,lucas,30,8000,4628,0.5785,1,PCM_16,06817460eaf2a305cf2cc8f8c0c8d4e39d38586f11677743667b840d45b0fc84,True,True,
0_lucas_31.wav,data/fsdd/recordings/0_lucas_31.wav,0,lucas,31,8000,4175,0.521875,1,PCM_16,6ee7c8601d324efb082603fb2237ddbe7ea4c21b0550c781c67bc03391e53bac,True,True,
0_lucas_32.wav,data/fsdd/recordings/0_lucas_32.wav,0,lucas,32,8000,4308,0.5385,1,PCM_16,2d868234ff83206e6c965f58cce1b42ef2dc140eeb0b44649eb69729e1789378,True,True,
0_lucas_33.wav,data/fsdd/recordings/0_lucas_33.wav,0,lucas,33,8000,4225,0.528125,1,PCM_16,167d59932dffc54d17dace1df7027886e6b591c133598b07946789a3b4936169,True,True,
0_lucas_34.wav,data/fsdd/recordings/0_lucas_34.wav,0,lucas,34,8000,5207,0.650875,1,PCM_16,2d69fe1df6b61236f9ce1ff14a8891d972c7770b9fa923e38e3d33e069319e14,True,True,
0_lucas_35.wav,data/fsdd/recordings/0_lucas_35.wav,0,lucas,35,8000,4793,0.599125,1,PCM_16,327b216ca2fe504dec5252b2d7e6ec7e0d47ad43aaf3800aeb8122a2ea620992,True,True,
0_lucas_36.wav,data/fsdd/recordings/0_lucas_36.wav,0,lucas,36,8000,6286,0.78575,1,PCM_16,e5f530a462bb64d617935b93b926f5acf3fb69ff3e20e160367561ac015d2670,True,True,
0_lucas_37.wav,data/fsdd/recordings/0_lucas_37.wav,0,lucas,37,8000,4761,0.595125,1,PCM_16,a955cfbdf6d270fe17070d8765c57d28663d60f96ad4135a484499e5df3282f6,True,True,
0_lucas_38.wav,data/fsdd/recordings/0_lucas_38.wav,0,lucas,38,8000,4836,0.6045,1,PCM_16,92ae579d76d21613cddcb030c50051ebf1803068b7041eda0676d320925d7092,True,True,
0_lucas_39.wav,data/fsdd/recordings/0_lucas_39.wav,0,lucas,39,8000,7389,0.923625,1,PCM_16,7eace229aac737b9af31a129a0b56afd613927b80a371f18c705eaa3921f11f6,True,True,
0_lucas_4.wav,data/fsdd/recordings/0_lucas_4.wav,0,lucas,4,8000,4072,0.509,1,PCM_16,50b70103863389972001597d1136a8c7eea17fd7d98c7223af6e1880eca1ee90,True,True,
0_lucas_40.wav,data/fsdd/recordings/0_lucas_40.wav,0,lucas,40,8000,4574,0.57175,1,PCM_16,7d2e500371a61cbf945282f674522fee04399b259dadc865ba1e4b895bf64766,True,True,
0_lucas_41.wav,data/fsdd/recordings/0_lucas_41.wav,0,lucas,41,8000,4434,0.55425,1,PCM_16,61a2315c5732a159b1df5e8c00039ef85d81664123e584e6b55ae27637783e60,True,True,
0_lucas_42.wav,data/fsdd/recordings/0_lucas_42.wav,0,lucas,42,8000,6381,0.797625,1,PCM_16,75ab9a58f609b00a5b95f7314b9c0de1b2f167bb1c0c0906479eef0ea74bd27f,True,True,
0_lucas_43.wav,data/fsdd/recordings/0_lucas_43.wav,0,lucas,43,8000,4482,0.56025,1,PCM_16,0b96763df164e6b25073d01788f29eb21dbb905af33575ff75c5dac124436e2f,True,True,
0_lucas_44.wav,data/fsdd/recordings/0_lucas_44.wav,0,lucas,44,8000,5914,0.73925,1,PCM_16,123cb7306b4257a49e3e96b0d05786f2ad7d5bed820cc9265a8fb50e6bd9556d,True,True,
0_lucas_45.wav,data/fsdd/recordings/0_lucas_45.wav,0,lucas,45,8000,3762,0.47025,1,PCM_16,7b55ca3aea81ea7f1bdca3c567a70ca3847a865d196e05c322919d13a3f42ed9,True,True,
0_lucas_46.wav,data/fsdd/recordings/0_lucas_46.wav,0,lucas,46,8000,5048,0.631,1,PCM_16,4dd969be7686c8503b571b062ead120f07e4ec1d8622bfcae1c2c19ec56b8b97,True,True,
0_lucas_47.wav,data/fsdd/recordings/0_lucas_47.wav,0,lucas,47,8000,4771,0.596375,1,PCM_16,081182b05d6dfbda2af0287e07949c8a4f21729ad1b550751b78b395e8105001,True,True,
0_lucas_48.wav,data/fsdd/recordings/0_lucas_48.wav,0,lucas,48,8000,5967,0.745875,1,PCM_16,41d1d957a35cffb6aff4ea31d9f0a903a4319cfddfc22c88b561a597e818b001,True,True,
0_lucas_49.wav,data/fsdd/recordings/0_lucas_49.wav,0,lucas,49,8000,4953,0.619125,1,PCM_16,e296cfc1f4382a88c3b83f71e4481833b5f164c2109c986f6f99a725b861ece2,True,True,
0_lucas_5.wav,data/fsdd/recordings/0_lucas_5.wav,0,lucas,5,8000,4830,0.60375,1,PCM_16,c9579fd2ac366b20b215c170cad9ec121617bf40cc186ef54bdc0bca86247721,True,True,
0_lucas_6.wav,data/fsdd/recordings/0_lucas_6.wav,0,lucas,6,8000,4288,0.536,1,PCM_16,11d1a8a14c41a6bc731b9a3781171b146911f2470913b7d583fed5a1408b90d3,True,True,
0_lucas_7.wav,data/fsdd/recordings/0_lucas_7.wav,0,lucas,7,8000,4117,0.514625,1,PCM_16,8e0ee57ea806aa733ed745c7cdb08f1b63c5be8b5548d5d0344ce30c958b8c3a,True,True,
0_lucas_8.wav,data/fsdd/recordings/0_lucas_8.wav,0,lucas,8,8000,5218,0.65225,1,PCM_16,319a7259551a94c16312bf282c42426d078fb8068a1280cf52a515e01af37dda,True,True,
0_lucas_9.wav,data/fsdd/recordings/0_lucas_9.wav,0,lucas,9,8000,9341,1.167625,1,PCM_16,7bd932f2067918fea0e92838ffa5cbd2bc310fea015d258744bbc8517b4a5538,True,True,
0_nicolas_0.wav,data/fsdd/recordings/0_nicolas_0.wav,0,nicolas,0,8000,3500,0.4375,1,PCM_16,527b1d27c2b931204b24995f035580dd248b908978a27756b4698ce0aa7e1aa8,True,True,
0_nicolas_1.wav,data/fsdd/recordings/0_nicolas_1.wav,0,nicolas,1,8000,3751,0.468875,1,PCM_16,3d567d30e25cc721277603d4eab78ab4a5b5fdc2d39f919ce8147b6cf8ae4490,True,True,
0_nicolas_10.wav,data/fsdd/recordings/0_nicolas_10.wav,0,nicolas,10,8000,3755,0.469375,1,PCM_16,6425c89b5b6995acbe244b47debf92cb3b6ab1488be7b6f77f040a7ab986b80a,True,True,
0_nicolas_11.wav,data/fsdd/recordings/0_nicolas_11.wav,0,nicolas,11,8000,4594,0.57425,1,PCM_16,ae43b7e940e53074d8fbe498291f768274b5ea06fdba8588c8364bb5508ba576,True,True,
0_nicolas_12.wav,data/fsdd/recordings/0_nicolas_12.wav,0,nicolas,12,8000,4393,0.549125,1,PCM_16,ef3d462e154dd7fb8754752096274e1a2e1b14a26aa364cd8326bbb8b093b8dc,True,True,
0_nicolas_13.wav,data/fsdd/recordings/0_nicolas_13.wav,0,nicolas,13,8000,3822,0.47775,1,PCM_16,8524b7f6e18656b4292c6a69becb0aad09a84238d85da7dae2d56ca015a2f258,True,True,
0_nicolas_14.wav,data/fsdd/recordings/0_nicolas_14.wav,0,nicolas,14,8000,3756,0.4695,1,PCM_16,0507cffefe00bd79f2eecb6eb06d0a86ddb078dd3711dc469755fe9c0c8f6b76,True,True,
0_nicolas_15.wav,data/fsdd/recordings/0_nicolas_15.wav,0,nicolas,15,8000,4124,0.5155,1,PCM_16,5db1c5c5552a1965bf6ff213267fcc5538e8cee280a7fb59eda42dba14a4e4bf,True,True,
0_nicolas_16.wav,data/fsdd/recordings/0_nicolas_16.wav,0,nicolas,16,8000,3957,0.494625,1,PCM_16,a3e957ddad628fca792ae26f0bc13a073899a8457e72444e8690f13e41e59573,True,True,
0_nicolas_17.wav,data/fsdd/recordings/0_nicolas_17.wav,0,nicolas,17,8000,3822,0.47775,1,PCM_16,fc9209a11085d92e310a0e41eeff098f61499dab5af22cce85a5b3ee9f6553b3,True,True,
0_nicolas_18.wav,data/fsdd/recordings/0_nicolas_18.wav,0,nicolas,18,8000,4527,0.565875,1,PCM_16,663781971501d93b2d9126c621a22fa79ee78ff65f2ea328f69a0ccaaad5ba64,True,True,
0_nicolas_19.wav,data/fsdd/recordings/0_nicolas_19.wav,0,nicolas,19,8000,3688,0.461,1,PCM_16,7409e1836185814060ddd7d16d24ed6aecfd82b3488a1af075902383e065bfd1,True,True,
0_nicolas_2.wav,data/fsdd/recordings/0_nicolas_2.wav,0,nicolas,2,8000,2857,0.357125,1,PCM_16,418816f823f2156a73343d121862fff82fe1a8f382fe84b8aa373a6b8b40e0e0,True,True,
0_nicolas_20.wav,data/fsdd/recordings/0_nicolas_20.wav,0,nicolas,20,8000,3601,0.450125,1,PCM_16,d14c1cc68f3306dd269e7a9baea50eee349cc2a95df4a4a7c129ea94f99a691e,True,True,
0_nicolas_21.wav,data/fsdd/recordings/0_nicolas_21.wav,0,nicolas,21,8000,4076,0.5095,1,PCM_16,f9192d7c5627711c42f34540683c6e5d104b14195a9faa27732554deca5e50e0,True,True,
0_nicolas_22.wav,data/fsdd/recordings/0_nicolas_22.wav,0,nicolas,22,8000,3193,0.399125,1,PCM_16,5224a909695575aadc926e08f38a1177fcb2d3070d63c30c7d411307a4eeb58f,True,True,
0_nicolas_23.wav,data/fsdd/recordings/0_nicolas_23.wav,0,nicolas,23,8000,3600,0.45,1,PCM_16,b5e972d4f3e8ecd33be4d039f0eb04e0d5587779adb4e41fb48a3dcfbcce7f73,True,True,
0_nicolas_24.wav,data/fsdd/recordings/0_nicolas_24.wav,0,nicolas,24,8000,3465,0.433125,1,PCM_16,03bca393a1f20675f98c7270b00c8fc69d1066ea38dea7545d392b0e814da817,True,True,
0_nicolas_25.wav,data/fsdd/recordings/0_nicolas_25.wav,0,nicolas,25,8000,3516,0.4395,1,PCM_16,ee704ca840d9e11f7a1a34b2329aa63dcb9d57494feb03021a59786dd36ced5a,True,True,
0_nicolas_26.wav,data/fsdd/recordings/0_nicolas_26.wav,0,nicolas,26,8000,3583,0.447875,1,PCM_16,46e6610be65e0bbaf2700e07f590db9ed44224841fc4e4ab550667bc0eaf888f,True,True,
0_nicolas_27.wav,data/fsdd/recordings/0_nicolas_27.wav,0,nicolas,27,8000,3635,0.454375,1,PCM_16,cc73cd68160e79657aae671938abe1850d1bef8d4989152abf2d94eef15828e0,True,True,
0_nicolas_28.wav,data/fsdd/recordings/0_nicolas_28.wav,0,nicolas,28,8000,3974,0.49675,1,PCM_16,0107b9a6c56d7a99c455c40f7c3d43cb1f4eb7ce7dee53eea7e5127ab88051f5,True,True,
0_nicolas_29.wav,data/fsdd/recordings/0_nicolas_29.wav,0,nicolas,29,8000,3431,0.428875,1,PCM_16,71d1869ffc09db6cd08894d7f03f6567ac145bb765c73461f7d24fd4c762a000,True,True,
0_nicolas_3.wav,data/fsdd/recordings/0_nicolas_3.wav,0,nicolas,3,8000,4429,0.553625,1,PCM_16,6cfeda6d61b2d1f3e1d3da24cd8b7aef468cb7db34228aef983b20b095006ca0,True,True,
0_nicolas_30.wav,data/fsdd/recordings/0_nicolas_30.wav,0,nicolas,30,8000,3693,0.461625,1,PCM_16,1470aa853ae1379e58bcd99b05fb66d1ab520375333210726927e2d1b413b60b,True,True,
0_nicolas_31.wav,data/fsdd/recordings/0_nicolas_31.wav,0,nicolas,31,8000,2998,0.37475,1,PCM_16,7d6a743a92fd06da37137bf990d7eb7827dd63e627a36e5f97909ad6ec019f0a,True,True,
0_nicolas_32.wav,data/fsdd/recordings/0_nicolas_32.wav,0,nicolas,32,8000,2872,0.359,1,PCM_16,b0cca6fa74ae6419bdd7901881e8ef0f68867a92aaead83ab094c1a966e1c4fc,True,True,
0_nicolas_33.wav,data/fsdd/recordings/0_nicolas_33.wav,0,nicolas,33,8000,2936,0.367,1,PCM_16,14005aa47c544b3d926719f06e92807dcbf9d894d8bfe9e237695e78f7fd435c,True,True,
0_nicolas_34.wav,data/fsdd/recordings/0_nicolas_34.wav,0,nicolas,34,8000,2998,0.37475,1,PCM_16,de0bfb99dd92b695a32ae496abe06e6de8232f20dd2eae548766d746458dfa90,True,True,
0_nicolas_35.wav,data/fsdd/recordings/0_nicolas_35.wav,0,nicolas,35,8000,2904,0.363,1,PCM_16,c50181f867b00a5527d9035ced4e636399d4308e73780a4790c577cc8d4b5494,True,True,
0_nicolas_36.wav,data/fsdd/recordings/0_nicolas_36.wav,0,nicolas,36,8000,2778,0.34725,1,PCM_16,3563ad8bcc515ab443f281aa2e281321e5e639f3d19322b9996b89fcd2a50cc3,True,True,
0_nicolas_37.wav,data/fsdd/recordings/0_nicolas_37.wav,0,nicolas,37,8000,2651,0.331375,1,PCM_16,9d68c6c4f151f5895a115d612fa207682abc9fb7784c0d0923a361b262d172e1,True,True,
0_nicolas_38.wav,data/fsdd/recordings/0_nicolas_38.wav,0,nicolas,38,8000,2746,0.34325,1,PCM_16,8c23d59d6aa615167584206c03054091ad51d3d0c9f681629703f9f4474a68cd,True,True,
0_nicolas_39.wav,data/fsdd/recordings/0_nicolas_39.wav,0,nicolas,39,8000,3409,0.426125,1,PCM_16,b626bbeb505b9c9618c0dcbb873d3058b63a62de5b4f63a02369216ecfa1b92f,True,True,
0_nicolas_4.wav,data/fsdd/recordings/0_nicolas_4.wav,0,nicolas,4,8000,3893,0.486625,1,PCM_16,d7e8184f8f00736b46bdab0771db0b0ea4bb9661376cf4774d10b794631be23b,True,True,
0_nicolas_40.wav,data/fsdd/recordings/0_nicolas_40.wav,0,nicolas,40,8000,3811,0.476375,1,PCM_16,e579d0e2ba8349340e3c579671fb409906b3e447e82d04ed37de2ae8e58c2fc7,True,True,
0_nicolas_41.wav,data/fsdd/recordings/0_nicolas_41.wav,0,nicolas,41,8000,3717,0.464625,1,PCM_16,4ae918f2bac5411a3455a872f69c18965c0431c6d94af1ea5c4dbad09b2aa86b,True,True,
0_nicolas_42.wav,data/fsdd/recordings/0_nicolas_42.wav,0,nicolas,42,8000,3716,0.4645,1,PCM_16,ad6a3e1bd09cc933e24d789ed90f22559064ee1e3e221d310ee387ff6ec57157,True,True,
0_nicolas_43.wav,data/fsdd/recordings/0_nicolas_43.wav,0,nicolas,43,8000,3686,0.46075,1,PCM_16,161f3bd16af38cfb3aae5e91d903658410201a8b0857ad0fc530540271352999,True,True,
0_nicolas_44.wav,data/fsdd/recordings/0_nicolas_44.wav,0,nicolas,44,8000,3561,0.445125,1,PCM_16,82bd9b4dd37cbb14da0761cb1a44db855dbc7f2a971a7827a70c89c5adbecdb7,True,True,
0_nicolas_45.wav,data/fsdd/recordings/0_nicolas_45.wav,0,nicolas,45,8000,3842,0.48025,1,PCM_16,1d124296b4f615e92939c5588ad1c0c73c5e75cda7c473e36b7eaa09d3a486a6,True,True,
0_nicolas_46.wav,data/fsdd/recordings/0_nicolas_46.wav,0,nicolas,46,8000,3685,0.460625,1,PCM_16,bf927ee428d45e5aac2d49c737cf2b9b0275201a399c99791dce9f84c2c86be6,True,True,
0_nicolas_47.wav,data/fsdd/recordings/0_nicolas_47.wav,0,nicolas,47,8000,3624,0.453,1,PCM_16,ac60a4d7799092cb456847aee698ce3707c36d40f14995440ac7d63e5ea90ef1,True,True,
0_nicolas_48.wav,data/fsdd/recordings/0_nicolas_48.wav,0,nicolas,48,8000,3560,0.445,1,PCM_16,cf85cca2ef9ad4f1deb6bec6345475a017106ee0bd249e39bfc3aa7c155f104d,True,True,
0_nicolas_49.wav,data/fsdd/recordings/0_nicolas_49.wav,0,nicolas,49,8000,3343,0.417875,1,PCM_16,27aeb4cfafb74915f6e254b5cf93864f71d8225b818da17445498c6ecf6fcd12,True,True,
0_nicolas_5.wav,data/fsdd/recordings/0_nicolas_5.wav,0,nicolas,5,8000,3251,0.406375,1,PCM_16,ac49cdc0674e77f0aae908ebffebb92c5d5568a59f19ec6b4e0ac53e9a778436,True,True,
0_nicolas_6.wav,data/fsdd/recordings/0_nicolas_6.wav,0,nicolas,6,8000,4357,0.544625,1,PCM_16,ac48de556cd18004e3cf94f0cefae2a1c17121c4c733101f9a5fc7348c222809,True,True,
0_nicolas_7.wav,data/fsdd/recordings/0_nicolas_7.wav,0,nicolas,7,8000,3143,0.392875,1,PCM_16,efd658aee38f49d5ba75fab3e690a8a644ac7c62e49c8e71cf76379c2175447f,True,True,
0_nicolas_8.wav,data/fsdd/recordings/0_nicolas_8.wav,0,nicolas,8,8000,3786,0.47325,1,PCM_16,7f81b5849f3eae0daa52381e776ad8dbe01b3c276978ebb4108f0f9f3e0633e0,True,True,
0_nicolas_9.wav,data/fsdd/recordings/0_nicolas_9.wav,0,nicolas,9,8000,3858,0.48225,1,PCM_16,d70abed425038b3f09d2a0c3015aee725ade9ce5ca90e0c38d82dfe950ed0c1b,True,True,
0_theo_0.wav,data/fsdd/recordings/0_theo_0.wav,0,theo,0,8000,3142,0.39275,1,PCM_16,d5833196a91e5da8703a8afe1f944cbf0d0bae55e5af6a4eb7e92e62070bf280,True,True,
0_theo_1.wav,data/fsdd/recordings/0_theo_1.wav,0,theo,1,8000,2808,0.351,1,PCM_16,3dafef6bfb96c18486594a339d9e65f579d1f98531dac9eafe39e8165f87aca9,True,True,
0_theo_10.wav,data/fsdd/recordings/0_theo_10.wav,0,theo,10,8000,3044,0.3805,1,PCM_16,06127940f4c38d468f3861ae0f0e01b28714231bea2ad503dddf8778c1e7918a,True,True,
0_theo_11.wav,data/fsdd/recordings/0_theo_11.wav,0,theo,11,8000,2819,0.352375,1,PCM_16,a8cbdae99f1fbbd8cfa8758a3b1f784b07a8e76cda149799c3180bfa9d39e01b,True,True,
0_theo_12.wav,data/fsdd/recordings/0_theo_12.wav,0,theo,12,8000,3617,0.452125,1,PCM_16,ff542b66f59b9a9e3c9542b386ca34492d490bf3e2e4ca91e9999e3be976912f,True,True,
0_theo_13.wav,data/fsdd/recordings/0_theo_13.wav,0,theo,13,8000,3382,0.42275,1,PCM_16,e67c50a506ce4c9f1e44e6fa867de7aa2fc02f16da8671a8058489e5eae42810,True,True,
0_theo_14.wav,data/fsdd/recordings/0_theo_14.wav,0,theo,14,8000,2802,0.35025,1,PCM_16,e475cb6a8fab6e042e07e1732ad7eb299a25432c5c774eefa606f8e32de244c5,True,True,
0_theo_15.wav,data/fsdd/recordings/0_theo_15.wav,0,theo,15,8000,3338,0.41725,1,PCM_16,9b46a35959f733f6409569db10b2fe35701b8e06b82a6345042690d3707a6cbf,True,True,
0_theo_16.wav,data/fsdd/recordings/0_theo_16.wav,0,theo,16,8000,3388,0.4235,1,PCM_16,03d039d1c66db84db2256d85e0a9c0b3b572486869c598e8270a76f18c3cbd9c,True,True,
0_theo_17.wav,data/fsdd/recordings/0_theo_17.wav,0,theo,17,8000,3009,0.376125,1,PCM_16,8af37c52d68fb04c80ba74cd08fe1c415027dd574235c650ab6cf62bdb034191,True,True,
0_theo_18.wav,data/fsdd/recordings/0_theo_18.wav,0,theo,18,8000,3232,0.404,1,PCM_16,6599587731eba4fdc347546deb0128333dfac50281e8cbf32fc6c3d8fcf70756,True,True,
0_theo_19.wav,data/fsdd/recordings/0_theo_19.wav,0,theo,19,8000,3745,0.468125,1,PCM_16,4d6a4eb352d7a7ad2c302545928a3dc1e039c93424a87857e215dae4846e3c2c,True,True,
0_theo_2.wav,data/fsdd/recordings/0_theo_2.wav,0,theo,2,8000,2732,0.3415,1,PCM_16,321f59be72d3df62ea5d1acd9884e56e642778acdae8b238347c7e9faaa3b64d,True,True,
0_theo_20.wav,data/fsdd/recordings/0_theo_20.wav,0,theo,20,8000,3489,0.436125,1,PCM_16,5a26b3dc7edd0ef50bde9dd8ccc26db3a623ca0135b2a4f92b8e1e67c5461f0c,True,True,
0_theo_21.wav,data/fsdd/recordings/0_theo_21.wav,0,theo,21,8000,2950,0.36875,1,PCM_16,2164c23688402dcaa0a4df5d09743d3b3fc1c2c1e1e1f44246b7dbd24216a811,True,True,
0_theo_22.wav,data/fsdd/recordings/0_theo_22.wav,0,theo,22,8000,4543,0.567875,1,PCM_16,4d966c70286d1ce56f74ee2b43b1b6abb1ad8b875bfe7246ce532de9252c27a5,True,True,
0_theo_23.wav,data/fsdd/recordings/0_theo_23.wav,0,theo,23,8000,3428,0.4285,1,PCM_16,b912fc9c6615483e15265876cd469a9bdec00f34999f50b0594459470773f09b,True,True,
0_theo_24.wav,data/fsdd/recordings/0_theo_24.wav,0,theo,24,8000,3441,0.430125,1,PCM_16,c0198bf31117132073e3434989dd45bee26b028eb73cedd23f8e5e68903440df,True,True,
0_theo_25.wav,data/fsdd/recordings/0_theo_25.wav,0,theo,25,8000,3733,0.466625,1,PCM_16,7521dcf8d546c9462d016d47ebe1e5f544642eb31124c5820c1c69655f110ca0,True,True,
0_theo_26.wav,data/fsdd/recordings/0_theo_26.wav,0,theo,26,8000,3829,0.478625,1,PCM_16,ca0a921e8ea13bade330b0eeb28f1a645e860c7e2dc19fc2ae838ef7a808699b,True,True,
0_theo_27.wav,data/fsdd/recordings/0_theo_27.wav,0,theo,27,8000,4192,0.524,1,PCM_16,387e4a5e0659578e53c2b7d32329b12c32743d0ceb0bec39426f1f56623014ef,True,True,
0_theo_28.wav,data/fsdd/recordings/0_theo_28.wav,0,theo,28,8000,4808,0.601,1,PCM_16,a4e0ad5db255830d721357a63820495b95ae9ca0301d9eec6cef90b585386fb6,True,True,
0_theo_29.wav,data/fsdd/recordings/0_theo_29.wav,0,theo,29,8000,3779,0.472375,1,PCM_16,d3e6a500bc82412136124f2f820130759d5729b871b1a20923a49e6531477a18,True,True,
0_theo_3.wav,data/fsdd/recordings/0_theo_3.wav,0,theo,3,8000,2710,0.33875,1,PCM_16,f4aeffe68ef6108b377415baaaf087fa2fbfb9603ca4d2f91036faacda73c05c,True,True,
0_theo_30.wav,data/fsdd/recordings/0_theo_30.wav,0,theo,30,8000,4275,0.534375,1,PCM_16,df0ec7a8a0b695c97ed01d47c0c3a1d83402ca9d612f51ed55f3849e5f925900,True,True,
0_theo_31.wav,data/fsdd/recordings/0_theo_31.wav,0,theo,31,8000,4087,0.510875,1,PCM_16,5d0e14ed20f73f4e4f5fc3006a7f05f81ed8be10afae42e37fa41612736ad121,True,True,
0_theo_32.wav,data/fsdd/recordings/0_theo_32.wav,0,theo,32,8000,2261,0.282625,1,PCM_16,90647442351511991e35bcd34f50a4655ca9d940d013b408bb1dcfc7336f0b61,True,True,
0_theo_33.wav,data/fsdd/recordings/0_theo_33.wav,0,theo,33,8000,5525,0.690625,1,PCM_16,f96f0e26bc5b077a509e3a6da22172232dd652aad0b34e74c716e7adabdb6a25,True,True,
0_theo_34.wav,data/fsdd/recordings/0_theo_34.wav,0,theo,34,8000,4231,0.528875,1,PCM_16,132d4b06322c56ce712c46fdf96e2fd483ec53f37e0eaa787bc40a5e21998838,True,True,
0_theo_35.wav,data/fsdd/recordings/0_theo_35.wav,0,theo,35,8000,4495,0.561875,1,PCM_16,18f7bf68d77135a13405dc7a9780cceeae840c8d66da866187f04285f0797e05,True,True,
0_theo_36.wav,data/fsdd/recordings/0_theo_36.wav,0,theo,36,8000,3611,0.451375,1,PCM_16,c7e928ccb87417003f4244b0cb4586c2422d571d040ebdd7c9bedd8780cde3c8,True,True,
0_theo_37.wav,data/fsdd/recordings/0_theo_37.wav,0,theo,37,8000,3255,0.406875,1,PCM_16,f786f944ba7b1d3ad561032635893a93ce1247036dba7f3497eb593aca491f90,True,True,
0_theo_38.wav,data/fsdd/recordings/0_theo_38.wav,0,theo,38,8000,4314,0.53925,1,PCM_16,f2572a66dba211719d803b9d1e9faabe854fcc55d263b8e4d6b8eba9bec2ace3,True,True,
0_theo_39.wav,data/fsdd/recordings/0_theo_39.wav,0,theo,39,8000,3375,0.421875,1,PCM_16,3874a6a7532fb344446e20a06efa653d54bbb6d7ed3182f795ea71b43c0cf04b,True,True,
0_theo_4.wav,data/fsdd/recordings/0_theo_4.wav,0,theo,4,8000,3245,0.405625,1,PCM_16,41374eca62f0d56467f56bd705e80c7b94eff30fb4cbc7ffad5772d6aefa76c5,True,True,
0_theo_40.wav,data/fsdd/recordings/0_theo_40.wav,0,theo,40,8000,3331,0.416375,1,PCM_16,bbf25731548cbb483ed54f7741bf5d6683704ef687d427466ceb2dedceb14693,True,True,
0_theo_41.wav,data/fsdd/recordings/0_theo_41.wav,0,theo,41,8000,3737,0.467125,1,PCM_16,379c3c9a39d7ff8e080a6fa08253651a2d22905b9339f2c2668d1af209560b3a,True,True,
0_theo_42.wav,data/fsdd/recordings/0_theo_42.wav,0,theo,42,8000,3887,0.485875,1,PCM_16,31afa5c23c0f52c054154e58d232143a1f0bedf42e37563883cee5f45f7a7894,True,True,
0_theo_43.wav,data/fsdd/recordings/0_theo_43.wav,0,theo,43,8000,3082,0.38525,1,PCM_16,6fe8aee426bc5c8a60055c392f279ee625d5b47f55496b4ffdd22ee9f7b5fc23,True,True,
0_theo_44.wav,data/fsdd/recordings/0_theo_44.wav,0,theo,44,8000,3964,0.4955,1,PCM_16,f440fb0a505d6fc9a016faff643327a1d5dcc48aa06ed64595de9653daf81388,True,True,
0_theo_45.wav,data/fsdd/recordings/0_theo_45.wav,0,theo,45,8000,3201,0.400125,1,PCM_16,db563189128fa30f4bcb757dba1e8985365aa4b70eb50da92d2e6b55a470778c,True,True,
0_theo_46.wav,data/fsdd/recordings/0_theo_46.wav,0,theo,46,8000,3199,0.399875,1,PCM_16,6fc31a2446ea46b9d3c74d10168d86c34d5f480ac5e6752413c330cdb783f90a,True,True,
0_theo_47.wav,data/fsdd/recordings/0_theo_47.wav,0,theo,47,8000,3217,0.402125,1,PCM_16,6aa619284920e09269e62751de193eb911aa27663a58da8c0e1bda078301ad95,True,True,
0_theo_48.wav,data/fsdd/recordings/0_theo_48.wav,0,theo,48,8000,2865,0.358125,1,PCM_16,dd995a7d7cad782f91b66db0bcce3dff38d4ef7f94511b32a9940b63df4d613a,True,True,
0_theo_49.wav,data/fsdd/recordings/0_theo_49.wav,0,theo,49,8000,2589,0.323625,1,PCM_16,e1ae927b039a04e1a7030b988870dacb0c89c6b433722c2b6920a70b48a3f71d,True,True,
0_theo_5.wav,data/fsdd/recordings/0_theo_5.wav,0,theo,5,8000,3311,0.413875,1,PCM_16,3638ff7ee910faebc5f8615f52ced44609bbfc5b650a1c0fa4579944094e3dd8,True,True,
0_theo_6.wav,data/fsdd/recordings/0_theo_6.wav,0,theo,6,8000,3536,0.442,1,PCM_16,08da38e51814022360bed0c7aa74cca031b0dddb78f57d5c8f8c48ee4494703b,True,True,
0_theo_7.wav,data/fsdd/recordings/0_theo_7.wav,0,theo,7,8000,3203,0.400375,1,PCM_16,0553dbd4e4176f1107109bcc155838b3979d3414a48285581b8dc23ada502ddf,True,True,
0_theo_8.wav,data/fsdd/recordings/0_theo_8.wav,0,theo,8,8000,2782,0.34775,1,PCM_16,197c5d2dfa3e1f4d76f5bb00073561e42cf3c7ba46b7b25bd3af8d8df33466fe,True,True,
0_theo_9.wav,data/fsdd/recordings/0_theo_9.wav,0,theo,9,8000,3096,0.387,1,PCM_16,3354a41528ed9dddfb00a041e486f2e5069f00e8549ccc1e7b10dc5d9c987bcd,True,True,
0_yweweler_0.wav,data/fsdd/recordings/0_yweweler_0.wav,0,yweweler,0,8000,3103,0.387875,1,PCM_16,c2d53137898d6d32ae86e9703676bcaf595080a1f4e2e3efa5ede5a49f54b6a5,True,True,
0_yweweler_1.wav,data/fsdd/recordings/0_yweweler_1.wav,0,yweweler,1,8000,2644,0.3305,1,PCM_16,af6a132fd59cad50dbd2c9a156edac88dac349c34f98827c136c5cd93129a9c5,True,True,
0_yweweler_10.wav,data/fsdd/recordings/0_yweweler_10.wav,0,yweweler,10,8000,3042,0.38025,1,PCM_16,2796a3cb7cafef7473a8410527d61e4256e8905190803c90d576f67d8741641c,True,True,
0_yweweler_11.wav,data/fsdd/recordings/0_yweweler_11.wav,0,yweweler,11,8000,2967,0.370875,1,PCM_16,4c5acf67728b583aadfb563a49661ddd17304d3a3f9401153a3b83f9b7d2bb8c,True,True,
0_yweweler_12.wav,data/fsdd/recordings/0_yweweler_12.wav,0,yweweler,12,8000,3150,0.39375,1,PCM_16,f5b02ddb353cdc800c8ae6254522b3e25482d0694c2d9916ea085e328bed316f,True,True,
0_yweweler_13.wav,data/fsdd/recordings/0_yweweler_13.wav,0,yweweler,13,8000,3443,0.430375,1,PCM_16,0cd056e75d3f61cf61a145a2b2733d737542511d31b0f9bfe146cbe62ace4c23,True,True,
0_yweweler_14.wav,data/fsdd/recordings/0_yweweler_14.wav,0,yweweler,14,8000,3411,0.426375,1,PCM_16,88bfd29e2aced7f1b4620ed83c060a9500959fa6e371391d3ee5b91e4f9acb6a,True,True,
0_yweweler_15.wav,data/fsdd/recordings/0_yweweler_15.wav,0,yweweler,15,8000,3410,0.42625,1,PCM_16,be2e484805b2cab5748ffdab8ec38ed21ce783a226b158b4dafbfdda77a3b7b5,True,True,
0_yweweler_16.wav,data/fsdd/recordings/0_yweweler_16.wav,0,yweweler,16,8000,2867,0.358375,1,PCM_16,553ec16d25970e045415e9496c24f64d77b2850933fbfe307959ef70630296d4,True,True,
0_yweweler_17.wav,data/fsdd/recordings/0_yweweler_17.wav,0,yweweler,17,8000,3181,0.397625,1,PCM_16,5ae4a5a58412fe4a25af6d4b1168a17ab9cd79b110ab00b93529562edcf38a08,True,True,
0_yweweler_18.wav,data/fsdd/recordings/0_yweweler_18.wav,0,yweweler,18,8000,3355,0.419375,1,PCM_16,914837d1294ab7dbd471c786ce86512109bc22f264a86ca07621efe1b677df2c,True,True,
0_yweweler_19.wav,data/fsdd/recordings/0_yweweler_19.wav,0,yweweler,19,8000,3748,0.4685,1,PCM_16,21ba1239393a3e9a8ce6f2b339cc8894a09d2027a94b331a1db347d007cd9242,True,True,
0_yweweler_2.wav,data/fsdd/recordings/0_yweweler_2.wav,0,yweweler,2,8000,2825,0.353125,1,PCM_16,c067463424b177a2141328e17a1bc5fa965b50a72cc0322dbee4737cfaacd601,True,True,
0_yweweler_20.wav,data/fsdd/recordings/0_yweweler_20.wav,0,yweweler,20,8000,2707,0.338375,1,PCM_16,7b721c84be618c957cc500c2fdea05df230de90c1a033d3d849c747ebdc012a3,True,True,
0_yweweler_21.wav,data/fsdd/recordings/0_yweweler_21.wav,0,yweweler,21,8000,2781,0.347625,1,PCM_16,d60d5c37464cf66e15d3321ca60e707577c6802074638cdbfde111d7b97e32ad,True,True,
0_yweweler_22.wav,data/fsdd/recordings/0_yweweler_22.wav,0,yweweler,22,8000,2695,0.336875,1,PCM_16,d93ca1a2fa8416341c9ee75380dbcef5371ca58823ecf81aebd6ffa65496480f,True,True,
0_yweweler_23.wav,data/fsdd/recordings/0_yweweler_23.wav,0,yweweler,23,8000,2620,0.3275,1,PCM_16,82572304ff7bfe704bac629e8f55dfa24815f8f8734babed39dc1911bcfb69bc,True,True,
0_yweweler_24.wav,data/fsdd/recordings/0_yweweler_24.wav,0,yweweler,24,8000,3053,0.381625,1,PCM_16,e24a819768da0a02c4a82fa67ec6f5e95632dc023c35bcf6402828825960e342,True,True,
0_yweweler_25.wav,data/fsdd/recordings/0_yweweler_25.wav,0,yweweler,25,8000,3086,0.38575,1,PCM_16,66d1db85bc3bb46279d5856f0dcef5a634307c17fe78adcd9256ee2909937002,True,True,
0_yweweler_26.wav,data/fsdd/recordings/0_yweweler_26.wav,0,yweweler,26,8000,2888,0.361,1,PCM_16,8ad4654838bd2904a9b8ab1c3c846c5cf826d23092ca9c338a88781c52d2ed1c,True,True,
0_yweweler_27.wav,data/fsdd/recordings/0_yweweler_27.wav,0,yweweler,27,8000,2860,0.3575,1,PCM_16,f60265ef5ddc09d6f1c7e2f1ffbf17c4c049374493724874a1ac6a44a87e0ab0,True,True,
0_yweweler_28.wav,data/fsdd/recordings/0_yweweler_28.wav,0,yweweler,28,8000,3361,0.420125,1,PCM_16,4cbd40c3a6be1d4efa73c811a1c94fb4b96131a5d0ac3e06a80abf71ab1f1658,True,True,
0_yweweler_29.wav,data/fsdd/recordings/0_yweweler_29.wav,0,yweweler,29,8000,3009,0.376125,1,PCM_16,446caf5741b16eeff294c39383e6f5327c61ddf9a59588c09b91814eb90aaaa3,True,True,
0_yweweler_3.wav,data/fsdd/recordings/0_yweweler_3.wav,0,yweweler,3,8000,2866,0.35825,1,PCM_16,1a747a1e962eef92f0f227d78c38e304e8ce31070e16e291e363e519c2570ea6,True,True,
0_yweweler_30.wav,data/fsdd/recordings/0_yweweler_30.wav,0,yweweler,30,8000,3224,0.403,1,PCM_16,538f7daec098929e0ffceef7a040ff91f1f459f1ea9db25cf6423220fe2a31d4,True,True,
0_yweweler_31.wav,data/fsdd/recordings/0_yweweler_31.wav,0,yweweler,31,8000,2612,0.3265,1,PCM_16,06f2201bc999f85a05957abdd9683e263a3a84a54a821329ccd4718505ec72c7,True,True,
0_yweweler_32.wav,data/fsdd/recordings/0_yweweler_32.wav,0,yweweler,32,8000,2843,0.355375,1,PCM_16,f3fbc4d27e4c27e4a8cf53c5204c4f7f4fb514d2917573ad19b1efad2f9bb661,True,True,
0_yweweler_33.wav,data/fsdd/recordings/0_yweweler_33.wav,0,yweweler,33,8000,3957,0.494625,1,PCM_16,a42a1bebf0dec4585f78c01a14055c06bbe3564fc8aabb44ac219e98639a7278,True,True,
0_yweweler_34.wav,data/fsdd/recordings/0_yweweler_34.wav,0,yweweler,34,8000,2942,0.36775,1,PCM_16,59131c3dfb4c8756511fec2845a1d6811283bc528b6b27ceb88eefc4146c8c13,True,True,
0_yweweler_35.wav,data/fsdd/recordings/0_yweweler_35.wav,0,yweweler,35,8000,3096,0.387,1,PCM_16,8143b0d2c5cab882bc3fb2c79c97d56b57170a432a77e92473fd8abf92482157,True,True,
0_yweweler_36.wav,data/fsdd/recordings/0_yweweler_36.wav,0,yweweler,36,8000,3633,0.454125,1,PCM_16,18a2bf1e5537fbb0d170fe7c2f90d1f42ba92c7b2d33ecda70ac2f3d9257727e,True,True,
0_yweweler_37.wav,data/fsdd/recordings/0_yweweler_37.wav,0,yweweler,37,8000,3030,0.37875,1,PCM_16,d1afc1213dad9e2870a3be7ee8a384c0e7ac0221aa7c8c2784e23b71ea7a4178,True,True,
0_yweweler_38.wav,data/fsdd/recordings/0_yweweler_38.wav,0,yweweler,38,8000,3290,0.41125,1,PCM_16,b6af8cfe279443b1150d87ea6da1f048f95cbd30fda52359551b19bb8b754e95,True,True,
0_yweweler_39.wav,data/fsdd/recordings/0_yweweler_39.wav,0,yweweler,39,8000,3540,0.4425,1,PCM_16,c9e3195a682f9a905dc05f7e639c3f188f83f32cd587ed71dcd2ac56a01960f9,True,True,
0_yweweler_4.wav,data/fsdd/recordings/0_yweweler_4.wav,0,yweweler,4,8000,2531,0.316375,1,PCM_16,62f96971e908c0fa0c2bc71740eea42a7eebd2fd559332911ccc8c8586b2451b,True,True,
0_yweweler_40.wav,data/fsdd/recordings/0_yweweler_40.wav,0,yweweler,40,8000,3604,0.4505,1,PCM_16,5ab65c2d89504c6e2374df540dbe7cccc8b4997a9b815a4ebe6734219d90154d,True,True,
0_yweweler_41.wav,data/fsdd/recordings/0_yweweler_41.wav,0,yweweler,41,8000,2657,0.332125,1,PCM_16,9cafdb1e2bdbb0642a96fb5fec5e4a2cb00bc4dcc61ed277c7f69c7008efaf62,True,True,
0_yweweler_42.wav,data/fsdd/recordings/0_yweweler_42.wav,0,yweweler,42,8000,3410,0.42625,1,PCM_16,e7eb96ce92d5a095fb876d8f3069e17c6805eafaca9a3192667ddfbb1f9818ca,True,True,
0_yweweler_43.wav,data/fsdd/recordings/0_yweweler_43.wav,0,yweweler,43,8000,2752,0.344,1,PCM_16,36392e003e6c4854a204bfa1972af2068553d06bf96cd658fbf193f64c2e63b0,True,True,
0_yweweler_44.wav,data/fsdd/recordings/0_yweweler_44.wav,0,yweweler,44,8000,2529,0.316125,1,PCM_16,a2d1eb010a82e151a23c4e5b6b037d7896b7322576bf626e48bbacc31185c9ce,True,True,
0_yweweler_45.wav,data/fsdd/recordings/0_yweweler_45.wav,0,yweweler,45,8000,2814,0.35175,1,PCM_16,e4d2bcf47223f110a0a43d8b26bdab8b3abab118976576e4e4e248ae50455d44,True,True,
0_yweweler_46.wav,data/fsdd/recordings/0_yweweler_46.wav,0,yweweler,46,8000,2347,0.293375,1,PCM_16,9a9e5863fcee677a043fa0e894f1f8f7318d8214f291c2c68aeb3c244e41613d,True,True,
0_yweweler_47.wav,data/fsdd/recordings/0_yweweler_47.wav,0,yweweler,47,8000,2760,0.345,1,PCM_16,b929ebe67ddfad62e8833c017f04dc5fa9d58aedd96a5a3712a5d9f9629f6f29,True,True,
0_yweweler_48.wav,data/fsdd/recordings/0_yweweler_48.wav,0,yweweler,48,8000,3138,0.39225,1,PCM_16,a81e2459cd66cb98453c3653d95b2b084343916386d481a4b2f977a66028411c,True,True,
0_yweweler_49.wav,data/fsdd/recordings/0_yweweler_49.wav,0,yweweler,49,8000,3137,0.392125,1,PCM_16,3c41cb629665b987bc384fdefb362700aa394ecfcd82374d6aefd37972ac2a23,True,True,
0_yweweler_5.wav,data/fsdd/recordings/0_yweweler_5.wav,0,yweweler,5,8000,3227,0.403375,1,PCM_16,23791f95b0ac61e5bd85ab989f6ef97450ad059aa8bc9541d6ae1477e8fdd46e,True,True,
0_yweweler_6.wav,data/fsdd/recordings/0_yweweler_6.wav,0,yweweler,6,8000,3175,0.396875,1,PCM_16,e1af67800ab993c2f0d0831094a4740ff84fe69b06f5128bc482441746627fb6,True,True,
0_yweweler_7.wav,data/fsdd/recordings/0_yweweler_7.wav,0,yweweler,7,8000,3135,0.391875,1,PCM_16,7bd7aca0102f45b3437cb1e23dbf0561b2333a5d08fb79616b6bcec5b27d37d3,True,True,
0_yweweler_8.wav,data/fsdd/recordings/0_yweweler_8.wav,0,yweweler,8,8000,2686,0.33575,1,PCM_16,ad08f2f2e70b248ff31463d13e873943e87e3c707f7c8f558c1fb8e92bb7d299,True,True,
0_yweweler_9.wav,data/fsdd/recordings/0_yweweler_9.wav,0,yweweler,9,8000,2854,0.35675,1,PCM_16,337237008c8eec9df99696be57af5dc8263198bff577c758577d5646352f2d58,True,True,
1_george_0.wav,data/fsdd/recordings/1_george_0.wav,1,george,0,8000,4548,0.5685,1,PCM_16,c652e9243c5cc350063be17ebb3629ae971f2059234aa33cfec3a57ae7668efd,True,True,
1_george_1.wav,data/fsdd/recordings/1_george_1.wav,1,george,1,8000,3981,0.497625,1,PCM_16,ff6e88d6ea38bbdfe4ece00e25afddeedc5cda45d2494de802b838ce4c90a542,True,True,
1_george_10.wav,data/fsdd/recordings/1_george_10.wav,1,george,10,8000,3793,0.474125,1,PCM_16,78ac4683b2cc20d4097ceb984af41b7421ccb5842d62207676517334bb409c57,True,True,
1_george_11.wav,data/fsdd/recordings/1_george_11.wav,1,george,11,8000,3356,0.4195,1,PCM_16,6f1bb650c3734ec78b991f57358300cd6275a946f144a132ea5ed9f1cbc62725,True,True,
1_george_12.wav,data/fsdd/recordings/1_george_12.wav,1,george,12,8000,2962,0.37025,1,PCM_16,9e3d78bf812938f7aed0676a8a851428b4a394e1f244f70a030a5cb12aaa16f0,True,True,
1_george_13.wav,data/fsdd/recordings/1_george_13.wav,1,george,13,8000,4325,0.540625,1,PCM_16,d3099f4c2d8e46ca5e40d8114ca3128cb0cbe049f7ac0b4353681143bb240913,True,True,
1_george_14.wav,data/fsdd/recordings/1_george_14.wav,1,george,14,8000,3184,0.398,1,PCM_16,d39cd14f3885ca7e14823a46c0fea1aca47fcd6d6fde3d279868bc5ba3c28091,True,True,
1_george_15.wav,data/fsdd/recordings/1_george_15.wav,1,george,15,8000,3018,0.37725,1,PCM_16,3e55cc3b0b03f0f98de004e85b3197d65cedb4c1f9441526c775d4373d3a8aa0,True,True,
1_george_16.wav,data/fsdd/recordings/1_george_16.wav,1,george,16,8000,4600,0.575,1,PCM_16,6d0ea591f31308cccda6990dad98aea957a27cbf174d6ca6717478dae9239f5a,True,True,
1_george_17.wav,data/fsdd/recordings/1_george_17.wav,1,george,17,8000,4488,0.561,1,PCM_16,5d45ab9ead774a44f101b20dbbfe715d079a0b650241ba10c033bdee4e11f467,True,True,
1_george_18.wav,data/fsdd/recordings/1_george_18.wav,1,george,18,8000,4317,0.539625,1,PCM_16,0ca3205cb7242e1e2ab97e37c0688d0a686b975e14f2e800970d20df5433062e,True,True,
1_george_19.wav,data/fsdd/recordings/1_george_19.wav,1,george,19,8000,3921,0.490125,1,PCM_16,4da1a22d6d3a76011edc8d808d816d446ec97ba44349fac412e98a5add01018a,True,True,
1_george_2.wav,data/fsdd/recordings/1_george_2.wav,1,george,2,8000,4572,0.5715,1,PCM_16,fc3c8d077d98a1b5790f66649d5befcbd5c76e3ef677f857d014dfb527661e02,True,True,
1_george_20.wav,data/fsdd/recordings/1_george_20.wav,1,george,20,8000,2894,0.36175,1,PCM_16,e017351876578903285e8b055cc812f32b936b74fa597bc5e8537db74cb4a7ca,True,True,
1_george_21.wav,data/fsdd/recordings/1_george_21.wav,1,george,21,8000,3048,0.381,1,PCM_16,db20b896ad6b24708d1a62007eca5fcdc2446517f7080acbad73f17e1b390602,True,True,
1_george_22.wav,data/fsdd/recordings/1_george_22.wav,1,george,22,8000,3093,0.386625,1,PCM_16,077d5422ee911884fcdd9f70a3768a0838822e4f0b8076f147dcdb444c6e9f41,True,True,
1_george_23.wav,data/fsdd/recordings/1_george_23.wav,1,george,23,8000,2940,0.3675,1,PCM_16,e7f63df4cea8f237f206f6ec6096e7f0b1d779ae9f404c29a6a8c35fc604190c,True,True,
1_george_24.wav,data/fsdd/recordings/1_george_24.wav,1,george,24,8000,4238,0.52975,1,PCM_16,1485b658196ec78a86866dcc92f63f5d9c4bc31e82f949134b7f5c921c3778ae,True,True,
1_george_25.wav,data/fsdd/recordings/1_george_25.wav,1,george,25,8000,3063,0.382875,1,PCM_16,b8be36f39a456d6105c21f792f5b99e92a7263e440df73e90aded2874ce8b41a,True,True,
1_george_26.wav,data/fsdd/recordings/1_george_26.wav,1,george,26,8000,4101,0.512625,1,PCM_16,2ba768a4ddeff786ac89ff9c5530f9cbcdaa56ab839b51f44e1b71aeb4c72ea8,True,True,
1_george_27.wav,data/fsdd/recordings/1_george_27.wav,1,george,27,8000,4490,0.56125,1,PCM_16,9e9ff2a5db0dd7a586b0c736c63db39283fc2cc9d11a0e266bfc8e511ebdeeaa,True,True,
1_george_28.wav,data/fsdd/recordings/1_george_28.wav,1,george,28,8000,2947,0.368375,1,PCM_16,71abd2c8898159901d046ed3c08647560a81e56e1bcb8bea37a8aa8e1db532c5,True,True,
1_george_29.wav,data/fsdd/recordings/1_george_29.wav,1,george,29,8000,3880,0.485,1,PCM_16,ecdb644aefa0f4d929e047acf5e9961a88f29e712b1ce8a94bb7d437d794af93,True,True,
1_george_3.wav,data/fsdd/recordings/1_george_3.wav,1,george,3,8000,4254,0.53175,1,PCM_16,802c1b4c8de9a6cddd33bc5ae2780ae64413ead6d0ab726d1206bef44241829d,True,True,
1_george_30.wav,data/fsdd/recordings/1_george_30.wav,1,george,30,8000,2476,0.3095,1,PCM_16,a396c0c24f16906281f01ad594b63486080b9d756bd82074044ea1d2c97d0023,True,True,
1_george_31.wav,data/fsdd/recordings/1_george_31.wav,1,george,31,8000,2956,0.3695,1,PCM_16,8f6303a40c85750570d9e0f8f824bad809c962fd4dad72f9cdbd61918981cc19,True,True,
1_george_32.wav,data/fsdd/recordings/1_george_32.wav,1,george,32,8000,1933,0.241625,1,PCM_16,4b17a8f8ff088ad0204f756d22ea7b89460e5da46ffa5cbd4ac451ef6bf9a6b3,True,True,
1_george_33.wav,data/fsdd/recordings/1_george_33.wav,1,george,33,8000,3423,0.427875,1,PCM_16,267148ff1d5e23868f967ee1ab2743347ce585a4173f99c4fb895684c9d29994,True,True,
1_george_34.wav,data/fsdd/recordings/1_george_34.wav,1,george,34,8000,3404,0.4255,1,PCM_16,3266949cdd122a2e525c4bb8fbf8cc641e0cb0eab502d80a241f1ec1fe5adb89,True,True,
1_george_35.wav,data/fsdd/recordings/1_george_35.wav,1,george,35,8000,2782,0.34775,1,PCM_16,8ae4ff0f2e1432202443bea1e676a261b7ec605d6d2b5072fa258f2eda96446d,True,True,
1_george_36.wav,data/fsdd/recordings/1_george_36.wav,1,george,36,8000,4147,0.518375,1,PCM_16,e8a128a1c72c8dfaba3cf684bc128affff2d3ed723e277844dcab70ddd56ee77,True,True,
1_george_37.wav,data/fsdd/recordings/1_george_37.wav,1,george,37,8000,1399,0.174875,1,PCM_16,280af812792559d91c3841fc51511b4cf6495cf1ca62cc4aefcac110404ed854,True,True,
1_george_38.wav,data/fsdd/recordings/1_george_38.wav,1,george,38,8000,2663,0.332875,1,PCM_16,d6958ee95f338c0ce7851a810c5eabd1885d811af585720b3e8d70d3e9ad353a,True,True,
1_george_39.wav,data/fsdd/recordings/1_george_39.wav,1,george,39,8000,1876,0.2345,1,PCM_16,217e49d3d92396725919392d1ddb64d7ed7391ac8bbda6175f5796f55c5499aa,True,True,
1_george_4.wav,data/fsdd/recordings/1_george_4.wav,1,george,4,8000,4222,0.52775,1,PCM_16,f608a7eaa6aed3998182d4a7f2a5443ebf324371e198ed2f10330d49e282d170,True,True,
1_george_40.wav,data/fsdd/recordings/1_george_40.wav,1,george,40,8000,2849,0.356125,1,PCM_16,e8928ede396b8e7cc7c785058c5be0193f1dfe7e21e1cae457485106de5f65e9,True,True,
1_george_41.wav,data/fsdd/recordings/1_george_41.wav,1,george,41,8000,2890,0.36125,1,PCM_16,c3a935360a1364973c9512e3610767246d997ed9d6af750cdfa3da69205d9aa7,True,True,
1_george_42.wav,data/fsdd/recordings/1_george_42.wav,1,george,42,8000,3327,0.415875,1,PCM_16,942a55b44137eeed84fa56c299ffb2647606be44edb5e16923be136cdb034062,True,True,
1_george_43.wav,data/fsdd/recordings/1_george_43.wav,1,george,43,8000,3014,0.37675,1,PCM_16,58bb56a618c105843a1f5036cbc88234eb8d1f1bc12db8644f59825d8829d755,True,True,
1_george_44.wav,data/fsdd/recordings/1_george_44.wav,1,george,44,8000,3479,0.434875,1,PCM_16,a3aa258cb60f6da4b90a11cdd0530efb819b361a89bc814e65da8cb69fe70771,True,True,
1_george_45.wav,data/fsdd/recordings/1_george_45.wav,1,george,45,8000,2765,0.345625,1,PCM_16,60141783a55415407882aa786ade63aabd1f2cc465da120f3e21dbc65baf198d,True,True,
1_george_46.wav,data/fsdd/recordings/1_george_46.wav,1,george,46,8000,2671,0.333875,1,PCM_16,6517a8c4cdaf5dd8892e375fe590ce5ff462bfe155174762a25c5603c791d826,True,True,
1_george_47.wav,data/fsdd/recordings/1_george_47.wav,1,george,47,8000,3280,0.41,1,PCM_16,312ccc4f8e0bfd5fdf98c485176ac079f78d238b15e3ec7b0c49c9191dc28771,True,True,
1_george_48.wav,data/fsdd/recordings/1_george_48.wav,1,george,48,8000,3022,0.37775,1,PCM_16,7261570caed8f4bb2bba77a0c99bfdfd7f1ab4c8edf577b4b9fc687e7e7ed3af,True,True,
1_george_49.wav,data/fsdd/recordings/1_george_49.wav,1,george,49,8000,3593,0.449125,1,PCM_16,1da077ab08d30a88e3f594417c0bf82c1d5cb12a3b77ebc435aa66283b32fe8b,True,True,
1_george_5.wav,data/fsdd/recordings/1_george_5.wav,1,george,5,8000,4944,0.618,1,PCM_16,884b4b7fb1262cde07606534548e6f3367131358ee277827563faab45006378d,True,True,
1_george_6.wav,data/fsdd/recordings/1_george_6.wav,1,george,6,8000,3600,0.45,1,PCM_16,81865fb975e5d081b9ffc002f3fb64721552d4880b2dbe0a8402f95ab88a50b6,True,True,
1_george_7.wav,data/fsdd/recordings/1_george_7.wav,1,george,7,8000,5332,0.6665,1,PCM_16,ba4f996fb86ad170dc420727354764b3312d40bcd188225fe3144691b822cebe,True,True,
1_george_8.wav,data/fsdd/recordings/1_george_8.wav,1,george,8,8000,4294,0.53675,1,PCM_16,1f39769932124562fcd89de163aaabd002a289bf0ed06ec3f8f2a67bf880dc8f,True,True,
1_george_9.wav,data/fsdd/recordings/1_george_9.wav,1,george,9,8000,3823,0.477875,1,PCM_16,024b99b99b3eab3d2dbe692907b8e4df284171f1ca7ac8f1ca462512c2a9bcf8,True,True,
1_jackson_0.wav,data/fsdd/recordings/1_jackson_0.wav,1,jackson,0,8000,4138,0.51725,1,PCM_16,b3739400f793620875bb7849bfd8629dc6b2966ed6bda8276aa14178a612f13a,True,True,
1_jackson_1.wav,data/fsdd/recordings/1_jackson_1.wav,1,jackson,1,8000,4242,0.53025,1,PCM_16,5a5b281a28fa451318629ea46eea07465543acfaa92d3ec8deac3c4a971a03d3,True,True,
1_jackson_10.wav,data/fsdd/recordings/1_jackson_10.wav,1,jackson,10,8000,4731,0.591375,1,PCM_16,2aedb361f345968a6db0510031ef8aedf617c8a6017ad579f6482c9ad15cf4cb,True,True,
1_jackson_11.wav,data/fsdd/recordings/1_jackson_11.wav,1,jackson,11,8000,4086,0.51075,1,PCM_16,fedf16ea352bb71e33bc34c60a00bf1988c32798676fd93e11ca3612d2ff5ddd,True,True,
1_jackson_12.wav,data/fsdd/recordings/1_jackson_12.wav,1,jackson,12,8000,3628,0.4535,1,PCM_16,c9e78bcc1c5d786bef979928c1b8a509df80fb1b4f7c1157427229cc64ce2575,True,True,
1_jackson_13.wav,data/fsdd/recordings/1_jackson_13.wav,1,jackson,13,8000,3750,0.46875,1,PCM_16,1672c166b49a7e7773e35aa8f952a013ec0aecf280956398a0e805665ee3954d,True,True,
1_jackson_14.wav,data/fsdd/recordings/1_jackson_14.wav,1,jackson,14,8000,5458,0.68225,1,PCM_16,2694f47dc3a350f1fd16702fd222a813a81bdf0af232bfc6f8b8761dba329b4a,True,True,
1_jackson_15.wav,data/fsdd/recordings/1_jackson_15.wav,1,jackson,15,8000,3598,0.44975,1,PCM_16,36af6cd73982629660e36c164f3c1cde1650c55a7fe3d62d3415da70ce7127d1,True,True,
1_jackson_16.wav,data/fsdd/recordings/1_jackson_16.wav,1,jackson,16,8000,3929,0.491125,1,PCM_16,336661b9cba97173b2ff71485fb14f5b8cdac91fc9720e9e69469438c8e21d35,True,True,
1_jackson_17.wav,data/fsdd/recordings/1_jackson_17.wav,1,jackson,17,8000,3370,0.42125,1,PCM_16,bdc756ae3e17e655ead8fef7ad5f5a3ccba4e5617064d9dae1f25fa8e5883d9f,True,True,
1_jackson_18.wav,data/fsdd/recordings/1_jackson_18.wav,1,jackson,18,8000,3622,0.45275,1,PCM_16,7f78c883e4b9d46907df321ca1a60f65333c2bf70e9ca8ec42df09dc1e916290,True,True,
1_jackson_19.wav,data/fsdd/recordings/1_jackson_19.wav,1,jackson,19,8000,3870,0.48375,1,PCM_16,aba964e7db973721a581dc04e38180eb6b3ef5a8b28cfe6a74243f5499270a0c,True,True,
1_jackson_2.wav,data/fsdd/recordings/1_jackson_2.wav,1,jackson,2,8000,3839,0.479875,1,PCM_16,951b095b2b0b203a3a81581f1e908e2fb0968d94fccaab088dfa332ebc57d9c6,True,True,
1_jackson_20.wav,data/fsdd/recordings/1_jackson_20.wav,1,jackson,20,8000,3664,0.458,1,PCM_16,c1b53de5a41ff3ed96bb0a919b458544e1df8fee98631efcd5018b57018ca8bc,True,True,
1_jackson_21.wav,data/fsdd/recordings/1_jackson_21.wav,1,jackson,21,8000,3896,0.487,1,PCM_16,b57fa68c5efdc7e7d5d5978789f7f508fa8835032288f013fd5a295712322ba2,True,True,
1_jackson_22.wav,data/fsdd/recordings/1_jackson_22.wav,1,jackson,22,8000,3550,0.44375,1,PCM_16,af74dfda1fa6829de13879b04d553bbdcb3b8437b16924cb2383943e5aa2b490,True,True,
1_jackson_23.wav,data/fsdd/recordings/1_jackson_23.wav,1,jackson,23,8000,3743,0.467875,1,PCM_16,d9107b80835dfd7e8135761b8c50a8f82abe738b225a54b19c25e4ffed687f32,True,True,
1_jackson_24.wav,data/fsdd/recordings/1_jackson_24.wav,1,jackson,24,8000,3849,0.481125,1,PCM_16,fc7bace0c9ff6b53a47fb77fdd16c1f7bcd1fdfd923b3dbedc9603ba4e50a21c,True,True,
1_jackson_25.wav,data/fsdd/recordings/1_jackson_25.wav,1,jackson,25,8000,4364,0.5455,1,PCM_16,a45858ddf1335003fcfca6ae5b09342c11d7fd018e038a3a29c705708ff32fb7,True,True,
1_jackson_26.wav,data/fsdd/recordings/1_jackson_26.wav,1,jackson,26,8000,4260,0.5325,1,PCM_16,41e62aca72cefd745ac3d9151e4bed7f3bca4adc58445f2f1dc0660b37e1594f,True,True,
1_jackson_27.wav,data/fsdd/recordings/1_jackson_27.wav,1,jackson,27,8000,3843,0.480375,1,PCM_16,0a9b60aa5c51e935e253d1d158d42a9d9ea13e78405584c7392120768c030534,True,True,
1_jackson_28.wav,data/fsdd/recordings/1_jackson_28.wav,1,jackson,28,8000,3739,0.467375,1,PCM_16,7dcd104eb2dce25c916b5970cb99d708637b8ed27fa3c554764d81fbb2eef2a0,True,True,
1_jackson_29.wav,data/fsdd/recordings/1_jackson_29.wav,1,jackson,29,8000,3745,0.468125,1,PCM_16,09fed5d7c37833607e8ed8973a3887d7f58931c5c37d831438f9e5d445df7b1a,True,True,
1_jackson_3.wav,data/fsdd/recordings/1_jackson_3.wav,1,jackson,3,8000,3982,0.49775,1,PCM_16,2e71fd74999a6f06432fe564f49294694113ca7205996b8417d9e1b83e6df4e8,True,True,
1_jackson_30.wav,data/fsdd/recordings/1_jackson_30.wav,1,jackson,30,8000,3938,0.49225,1,PCM_16,b1c1dd116802c88d060ffd5410aaf2bd284afc568a9c13ca0ce7e8cbaf2dcc42,True,True,
1_jackson_31.wav,data/fsdd/recordings/1_jackson_31.wav,1,jackson,31,8000,4243,0.530375,1,PCM_16,a9af8046bc55c88abaaec09e9ba8af5dbe75db646d66994986c0e0c8c5afb88e,True,True,
1_jackson_32.wav,data/fsdd/recordings/1_jackson_32.wav,1,jackson,32,8000,4163,0.520375,1,PCM_16,76505b51835c92f55c74034e6647b5bffdf99191e65047b9b7b54359519a8eee,True,True,
1_jackson_33.wav,data/fsdd/recordings/1_jackson_33.wav,1,jackson,33,8000,4889,0.611125,1,PCM_16,13e7ea0fbf0484bd39e08194e61c330e71f991c0ce68ffa389531f4d2ed95688,True,True,
1_jackson_34.wav,data/fsdd/recordings/1_jackson_34.wav,1,jackson,34,8000,4066,0.50825,1,PCM_16,e8fef42c4ad2fe2a52bdafac57bb902407552d16f5bf53e8ead51342806cdef7,True,True,
1_jackson_35.wav,data/fsdd/recordings/1_jackson_35.wav,1,jackson,35,8000,3982,0.49775,1,PCM_16,c580017e2340e1979a91b14ba25ca09f7519fda516870ffac40a564ca3250588,True,True,
1_jackson_36.wav,data/fsdd/recordings/1_jackson_36.wav,1,jackson,36,8000,3548,0.4435,1,PCM_16,d298c4a1ea9f0395a6ec64b8f394d114b9f6b5c693c80694bc73626fccb1cdd1,True,True,
1_jackson_37.wav,data/fsdd/recordings/1_jackson_37.wav,1,jackson,37,8000,3512,0.439,1,PCM_16,5bd1037a0a5518c7227833ae2ed36af1e3140bcf0fcea359ac04c26404151220,True,True,
1_jackson_38.wav,data/fsdd/recordings/1_jackson_38.wav,1,jackson,38,8000,3981,0.497625,1,PCM_16,62c282a215c6bf001dfea0ddc991a326bb631790302ec76869da6a6a9cdfc3af,True,True,
1_jackson_39.wav,data/fsdd/recordings/1_jackson_39.wav,1,jackson,39,8000,4513,0.564125,1,PCM_16,01fd161bc14272bca91a1e264907e9635c8db95b9f3ff8d2bf911fa81db851f2,True,True,
1_jackson_4.wav,data/fsdd/recordings/1_jackson_4.wav,1,jackson,4,8000,4213,0.526625,1,PCM_16,64ffa841ea06bd87f94e41b2480c8afacf2577b9dde0b989080dfc01d6ac688c,True,True,
1_jackson_40.wav,data/fsdd/recordings/1_jackson_40.wav,1,jackson,40,8000,4863,0.607875,1,PCM_16,828709b9e22cf03010efb6c2f9fa1d60fb13f56f0bdc38e64b54037d746368d7,True,True,
1_jackson_41.wav,data/fsdd/recordings/1_jackson_41.wav,1,jackson,41,8000,4982,0.62275,1,PCM_16,1f63f4b7b517144e177882ac65e4d16ece496d0012f1a659385cfb1329c9b951,True,True,
1_jackson_42.wav,data/fsdd/recordings/1_jackson_42.wav,1,jackson,42,8000,5002,0.62525,1,PCM_16,c9ccacc39db9c41164b37701e1a1abecd4e3aa16ac24c865eb6a204242d0b147,True,True,
1_jackson_43.wav,data/fsdd/recordings/1_jackson_43.wav,1,jackson,43,8000,4606,0.57575,1,PCM_16,7df43ca6beb0467d61e4f7813bc0a2e1e41f03f0c36643f6832133265bbf4844,True,True,
1_jackson_44.wav,data/fsdd/recordings/1_jackson_44.wav,1,jackson,44,8000,4652,0.5815,1,PCM_16,d875a2c3d1cd717fed6008e431a5d3d6f508a1687a1f7116d6bcb890ee9de23b,True,True,
1_jackson_45.wav,data/fsdd/recordings/1_jackson_45.wav,1,jackson,45,8000,4809,0.601125,1,PCM_16,d55ea2a84bfdefa030fc5d28f712a9ae4f0d9e5f5bdb9c10cb0fe39d00ddbb89,True,True,
1_jackson_46.wav,data/fsdd/recordings/1_jackson_46.wav,1,jackson,46,8000,4266,0.53325,1,PCM_16,c9a859d5c51bc03244e0857000184ef5a706e3f70e692b130068e8ecae655048,True,True,
1_jackson_47.wav,data/fsdd/recordings/1_jackson_47.wav,1,jackson,47,8000,4494,0.56175,1,PCM_16,97e8c5e99f23032eaa7e2eca4fbe565761932765d9f594fb5465956e06174291,True,True,
1_jackson_48.wav,data/fsdd/recordings/1_jackson_48.wav,1,jackson,48,8000,4689,0.586125,1,PCM_16,a9905430132518526f3f56ef80fb8012b62151e484f0279ac6b32b2e530b9e08,True,True,
1_jackson_49.wav,data/fsdd/recordings/1_jackson_49.wav,1,jackson,49,8000,3988,0.4985,1,PCM_16,c9f7019d68e631378e33cc7d9931ffb0483c54f6d68ab091c6907da08cbab464,True,True,
1_jackson_5.wav,data/fsdd/recordings/1_jackson_5.wav,1,jackson,5,8000,4566,0.57075,1,PCM_16,4d07c2dc3cf4c601fe13e0d75f389543254fbbf1ac9ee0e66654c0c8088d9380,True,True,
1_jackson_6.wav,data/fsdd/recordings/1_jackson_6.wav,1,jackson,6,8000,4057,0.507125,1,PCM_16,3e47e34ebc5ace3839aa7333b0885f3f6ab07a0658e044b629dcf4a80fb0814f,True,True,
1_jackson_7.wav,data/fsdd/recordings/1_jackson_7.wav,1,jackson,7,8000,4479,0.559875,1,PCM_16,74e8f5e15f31b879fe2f7029686c4393a82ef123c8452c35a6c33f859f5a5db7,True,True,
1_jackson_8.wav,data/fsdd/recordings/1_jackson_8.wav,1,jackson,8,8000,4052,0.5065,1,PCM_16,5e2e6ee4cf93b02f24c00194dba7bb0a180727cdc764a77cb3c7eb79bc0363dd,True,True,
1_jackson_9.wav,data/fsdd/recordings/1_jackson_9.wav,1,jackson,9,8000,4639,0.579875,1,PCM_16,cfb379cd0e8e8b513abc3fc83871bb5cba1b6bc26b4af06a4fcf91e698a0fa8d,True,True,
1_lucas_0.wav,data/fsdd/recordings/1_lucas_0.wav,1,lucas,0,8000,3022,0.37775,1,PCM_16,3be94e884747e17a3004d7c30c95cc5c9da2bf6fc3a280db5ae72822824a398b,True,True,
1_lucas_1.wav,data/fsdd/recordings/1_lucas_1.wav,1,lucas,1,8000,3200,0.4,1,PCM_16,ad1caca4abb84a074da3ab0521ea32dd904909d997acfe4e9f30022241f94db6,True,True,
1_lucas_10.wav,data/fsdd/recordings/1_lucas_10.wav,1,lucas,10,8000,3051,0.381375,1,PCM_16,b683c30b7449617ea7b709ea10be7c01190cf355b304562f06b365e7d0ad4e84,True,True,
1_lucas_11.wav,data/fsdd/recordings/1_lucas_11.wav,1,lucas,11,8000,3573,0.446625,1,PCM_16,2fcb3ffd7713836336a6b7977e6f4173030e1116759256e39f9269ed594dbf74,True,True,
1_lucas_12.wav,data/fsdd/recordings/1_lucas_12.wav,1,lucas,12,8000,3791,0.473875,1,PCM_16,286d9d3427d397f49fd0682d9ff5261c2b19e59789ab878dc0711643e34ee772,True,True,
1_lucas_13.wav,data/fsdd/recordings/1_lucas_13.wav,1,lucas,13,8000,7532,0.9415,1,PCM_16,1e82ce6ba103a7019f408f5ad418d59733ee2009aa4298c74c822fc4bb7e48ca,True,True,
1_lucas_14.wav,data/fsdd/recordings/1_lucas_14.wav,1,lucas,14,8000,3590,0.44875,1,PCM_16,7b650b747dff68e56f0056dc4892e2172199d6a890e8b8c060f7c99def6ac9b1,True,True,
1_lucas_15.wav,data/fsdd/recordings/1_lucas_15.wav,1,lucas,15,8000,3244,0.4055,1,PCM_16,06c68c1ba3121ada2accd5db9d22dede0ba4219fab29c08cc4e257c3baf64d8b,True,True,
1_lucas_16.wav,data/fsdd/recordings/1_lucas_16.wav,1,lucas,16,8000,7140,0.8925,1,PCM_16,b698e22a79e9dd1e87357bebe91cfa587623e47631119c464ccf657a656a2a82,True,True,
1_lucas_17.wav,data/fsdd/recordings/1_lucas_17.wav,1,lucas,17,8000,3498,0.43725,1,PCM_16,6cb05f86714399cccd7db0491e27ffc19fa5c8ea59b2f68fc0d54f30d3ffe56a,True,True,
1_lucas_18.wav,data/fsdd/recordings/1_lucas_18.wav,1,lucas,18,8000,6184,0.773,1,PCM_16,aabef0d09e2346eb2a76f58526fd8178cfb986d54ab6c935e758e998150a659e,True,True,
1_lucas_19.wav,data/fsdd/recordings/1_lucas_19.wav,1,lucas,19,8000,4005,0.500625,1,PCM_16,1c1b72d544b22b4f6760ab041d1a0402792ebcb387c8df752b17427687e4ae60,True,True,
1_lucas_2.wav,data/fsdd/recordings/1_lucas_2.wav,1,lucas,2,8000,3262,0.40775,1,PCM_16,b0bba3c7a1bfa0ae577e19c809cc3e740d8733af144a1dc68180ce364206409e,True,True,
1_lucas_20.wav,data/fsdd/recordings/1_lucas_20.wav,1,lucas,20,8000,2990,0.37375,1,PCM_16,f19dae04df15529cb150b784a8a685ef700ec0a958bc9c7f32fb473a6f3ec798,True,True,
1_lucas_21.wav,data/fsdd/recordings/1_lucas_21.wav,1,lucas,21,8000,5457,0.682125,1,PCM_16,e8fc4179cddfe5ea175e2956902c9702cc0f23c8e36d687ca13da3e8e3bc1684,True,True,
1_lucas_22.wav,data/fsdd/recordings/1_lucas_22.wav,1,lucas,22,8000,3581,0.447625,1,PCM_16,e69d70e6495e2a706af23abe9926810f9918e7de4a82c3dd3f4588df4f0da8e0,True,True,
1_lucas_23.wav,data/fsdd/recordings/1_lucas_23.wav,1,lucas,23,8000,3453,0.431625,1,PCM_16,615ddc15d4c9832e06d2cba9506245f57c40800ea6a00905eacfb39d7236ca62,True,True,
1_lucas_24.wav,data/fsdd/recordings/1_lucas_24.wav,1,lucas,24,8000,4921,0.615125,1,PCM_16,274c3aca88422d637921c8149dd01ec2c046f935d2423977f3d262febc7380cf,True,True,
1_lucas_25.wav,data/fsdd/recordings/1_lucas_25.wav,1,lucas,25,8000,3270,0.40875,1,PCM_16,918700ae857ed8a79b81df0c2aafaeb887c489f11f049cc5b69bd64165121910,True,True,
1_lucas_26.wav,data/fsdd/recordings/1_lucas_26.wav,1,lucas,26,8000,3365,0.420625,1,PCM_16,828b5417707d1d5dbb774d5666fa2a8dcb7118e2d3838ac63f4239e9a42fd38b,True,True,
1_lucas_27.wav,data/fsdd/recordings/1_lucas_27.wav,1,lucas,27,8000,1983,0.247875,1,PCM_16,3664d414c850fa11e41e119da7f0b105f777bdf87060bdadd4c3221065f677cb,True,True,
1_lucas_28.wav,data/fsdd/recordings/1_lucas_28.wav,1,lucas,28,8000,2704,0.338,1,PCM_16,58688131d5d0268416ed94ed243c0dd124d5eadb388901911ebace447f61ff7f,True,True,
1_lucas_29.wav,data/fsdd/recordings/1_lucas_29.wav,1,lucas,29,8000,3522,0.44025,1,PCM_16,3a104966cdd7b17d121d41e8d128ede3c2ba2df4b0ee216ee3d08921eb7decbc,True,True,
1_lucas_3.wav,data/fsdd/recordings/1_lucas_3.wav,1,lucas,3,8000,6406,0.80075,1,PCM_16,7a7ca68118ecaa64d0eebfeb0abdb6b27e7490da81951b3cbcc2572712fd66e9,True,True,
1_lucas_30.wav,data/fsdd/recordings/1_lucas_30.wav,1,lucas,30,8000,4147,0.518375,1,PCM_16,6956d9b115ecbb4bf12e23c0951936729a0f46cff7ce4d2986933659ad9754aa,True,True,
1_lucas_31.wav,data/fsdd/recordings/1_lucas_31.wav,1,lucas,31,8000,3772,0.4715,1,PCM_16,ced13bdd1d988d49a3f74a226428079f01795adfd5a6b918c7c97644b47bea1b,True,True,
1_lucas_32.wav,data/fsdd/recordings/1_lucas_32.wav,1,lucas,32,8000,5419,0.677375,1,PCM_16,cc51c6477cf03f1c598f91ba142815524caa417f037fe844f36b451ecbcc1743,True,True,
1_lucas_33.wav,data/fsdd/recordings/1_lucas_33.wav,1,lucas,33,8000,8036,1.0045,1,PCM_16,0ccc27fbc5e770f2cd4a0b6466ff79c5844fdf5caf02829a740affb51f08a3b2,True,True,
1_lucas_34.wav,data/fsdd/recordings/1_lucas_34.wav,1,lucas,34,8000,3615,0.451875,1,PCM_16,1b64082991c65648c282d8d65860fa1323ee0b65bf171d69b524fd91c1d48558,True,True,
1_lucas_35.wav,data/fsdd/recordings/1_lucas_35.wav,1,lucas,35,8000,3498,0.43725,1,PCM_16,8706072fa9f73cd02fd02bddd1c084fd1e8dbbd7575af5e771210e7a1534d8f0,True,True,
1_lucas_36.wav,data/fsdd/recordings/1_lucas_36.wav,1,lucas,36,8000,5918,0.73975,1,PCM_16,3032fe5d48851a0487deeea1e11bf90d03aea3b6dac587541e2c23e57f56fbf6,True,True,
1_lucas_37.wav,data/fsdd/recordings/1_lucas_37.wav,1,lucas,37,8000,3374,0.42175,1,PCM_16,12780ec90fc6452851f449370275444f65925d87cc070d217863cdec65426762,True,True,
1_lucas_38.wav,data/fsdd/recordings/1_lucas_38.wav,1,lucas,38,8000,3687,0.460875,1,PCM_16,d088065fd090ea18a8c400579594d731f884e6aeeb1416abb1e497cfa33976f5,True,True,
1_lucas_39.wav,data/fsdd/recordings/1_lucas_39.wav,1,lucas,39,8000,3409,0.426125,1,PCM_16,3f4c1ec1374e0a6c806a1857ab6f50934ff533dfca4212fdd0d8c6979d78e853,True,True,
1_lucas_4.wav,data/fsdd/recordings/1_lucas_4.wav,1,lucas,4,8000,3079,0.384875,1,PCM_16,0efa20cf3834fb8587bf7d32330cd2a7ac945919d5abec7728f4e9954343741b,True,True,
1_lucas_40.wav,data/fsdd/recordings/1_lucas_40.wav,1,lucas,40,8000,5246,0.65575,1,PCM_16,f5a3e209cc022aa0002f0c244e709dfb8dea1148c231e855e4e65ff0b982a335,True,True,
1_lucas_41.wav,data/fsdd/recordings/1_lucas_41.wav,1,lucas,41,8000,5976,0.747,1,PCM_16,0a846fa42db922017132eeb055ba563dcdbed09670697c0bc0b81fd87d173ad1,True,True,
1_lucas_42.wav,data/fsdd/recordings/1_lucas_42.wav,1,lucas,42,8000,4258,0.53225,1,PCM_16,f13f00aee741a9c475c36e5c170dfd5824997fad7df13962bfc320b4b6ee6880,True,True,
1_lucas_43.wav,data/fsdd/recordings/1_lucas_43.wav,1,lucas,43,8000,5693,0.711625,1,PCM_16,cba1715845a9ab9b9494fd09af96c60a362b4530b76b10d18d06580c27900c05,True,True,
1_lucas_44.wav,data/fsdd/recordings/1_lucas_44.wav,1,lucas,44,8000,4114,0.51425,1,PCM_16,f16e0ae96b6c063d9e3e7a4fc093a13488c57e10bf9b12bd280e121da80ff1c3,True,True,
1_lucas_45.wav,data/fsdd/recordings/1_lucas_45.wav,1,lucas,45,8000,3285,0.410625,1,PCM_16,0625af009fef75ef6e7977002fcf5637567bee884ff036098e9c435d063f5dc3,True,True,
1_lucas_46.wav,data/fsdd/recordings/1_lucas_46.wav,1,lucas,46,8000,2976,0.372,1,PCM_16,9b45ddb875e9601dd6cf40bec4b1b46c19926f1fca3adac6a6f6d11e1883a9ea,True,True,
1_lucas_47.wav,data/fsdd/recordings/1_lucas_47.wav,1,lucas,47,8000,3599,0.449875,1,PCM_16,c9b824589c603f2991dd5793c3b294037619033b7a22e01043b4f8600d2faa4a,True,True,
1_lucas_48.wav,data/fsdd/recordings/1_lucas_48.wav,1,lucas,48,8000,2080,0.26,1,PCM_16,028700f2529a14c80c773da9642a76949a36e5fe4d813119a8bf324fd51737c5,True,True,
1_lucas_49.wav,data/fsdd/recordings/1_lucas_49.wav,1,lucas,49,8000,3233,0.404125,1,PCM_16,a08d910dc41a7da36e9b6af262a6e341dc6781511ddbfd530fedd4a089e8f730,True,True,
1_lucas_5.wav,data/fsdd/recordings/1_lucas_5.wav,1,lucas,5,8000,2696,0.337,1,PCM_16,775c58c39000dedfb88112d7d38b7ad59edccefd1e448c23a681ca3865fc25d2,True,True,
1_lucas_6.wav,data/fsdd/recordings/1_lucas_6.wav,1,lucas,6,8000,3465,0.433125,1,PCM_16,8746f52d6c1566a0361a59a036c05df1ae495e7ead2e4dc2337d1b3142af3fa5,True,True,
1_lucas_7.wav,data/fsdd/recordings/1_lucas_7.wav,1,lucas,7,8000,3749,0.468625,1,PCM_16,6b888be48634e81c86d24b292100bb3b6a9e6e6d103a448396e80558313a3b31,True,True,
1_lucas_8.wav,data/fsdd/recordings/1_lucas_8.wav,1,lucas,8,8000,3866,0.48325,1,PCM_16,967cc2ad2e731ee58a7b2f0b6370152bad876695b8532dedc8dfcf626b3e03eb,True,True,
1_lucas_9.wav,data/fsdd/recordings/1_lucas_9.wav,1,lucas,9,8000,3767,0.470875,1,PCM_16,bf19a28cda92df391dab8d0fe42dc399a6797a916156e513bc69b6281c28254b,True,True,
1_nicolas_0.wav,data/fsdd/recordings/1_nicolas_0.wav,1,nicolas,0,8000,2929,0.366125,1,PCM_16,d57a29689b0abf1ab609ab401dd4053dbc18c317a4ed9ebed6a9aa034e9bab0a,True,True,
1_nicolas_1.wav,data/fsdd/recordings/1_nicolas_1.wav,1,nicolas,1,8000,2324,0.2905,1,PCM_16,ab699c577558d9b17afbf3714ae7484195ce93d855d9bfb43151ad573689e15a,True,True,
1_nicolas_10.wav,data/fsdd/recordings/1_nicolas_10.wav,1,nicolas,10,8000,2910,0.36375,1,PCM_16,c02abd849bf11d9b5743025b7283de760bdafb0f90b2d5a58e28dbbd4907f9d1,True,True,
1_nicolas_11.wav,data/fsdd/recordings/1_nicolas_11.wav,1,nicolas,11,8000,2980,0.3725,1,PCM_16,0a008e31fe619012ef66680200dab0d92ff3962f3ce62e584ea61c1f3c3dfa43,True,True,
1_nicolas_12.wav,data/fsdd/recordings/1_nicolas_12.wav,1,nicolas,12,8000,2700,0.3375,1,PCM_16,4c7d375871f68a66c40cc2ab8eab3176521e0f827089eaa73bbd8faf9e9a5b6d,True,True,
1_nicolas_13.wav,data/fsdd/recordings/1_nicolas_13.wav,1,nicolas,13,8000,2279,0.284875,1,PCM_16,dcfb434939dcf622f8cfb79eba2de89f47902a99485b3205118a5ca793de0be1,True,True,
1_nicolas_14.wav,data/fsdd/recordings/1_nicolas_14.wav,1,nicolas,14,8000,2560,0.32,1,PCM_16,192329decdae228ed18cd28a9167f203fd8f1463b825559d3dd5e20088de68c9,True,True,
1_nicolas_15.wav,data/fsdd/recordings/1_nicolas_15.wav,1,nicolas,15,8000,2349,0.293625,1,PCM_16,bfeb8bfb6bd923ff67a665949065306f5146deb4b85b9aee2d9445f0b9cbac83,True,True,
1_nicolas_16.wav,data/fsdd/recordings/1_nicolas_16.wav,1,nicolas,16,8000,2384,0.298,1,PCM_16,58e078763350b0318661b85a3cc2ecfa9e48a912f4e771e15bf2b27cb55e394f,True,True,
1_nicolas_17.wav,data/fsdd/recordings/1_nicolas_17.wav,1,nicolas,17,8000,2033,0.254125,1,PCM_16,024a2dfe97d6ef7ce9b6261b48385611e67879519f4eeda97c266f0b69731e73,True,True,
1_nicolas_18.wav,data/fsdd/recordings/1_nicolas_18.wav,1,nicolas,18,8000,2490,0.31125,1,PCM_16,2a7e90caaaede1f25023d84ba5f3c9865587e382af9422b3846e06051894de0c,True,True,
1_nicolas_19.wav,data/fsdd/recordings/1_nicolas_19.wav,1,nicolas,19,8000,1963,0.245375,1,PCM_16,24fe86806b1314ffbfd1f4df461e0d85402621b12faf6adc54dcb04966816ecd,True,True,
1_nicolas_2.wav,data/fsdd/recordings/1_nicolas_2.wav,1,nicolas,2,8000,2087,0.260875,1,PCM_16,9d6d96e320efc3b931c246f1164963956f944fa74fb744cd5ca573af75229a2f,True,True,
1_nicolas_20.wav,data/fsdd/recordings/1_nicolas_20.wav,1,nicolas,20,8000,2448,0.306,1,PCM_16,454d046230aa4ec93aafd8b610f7d248549b8f4a86097d860961f1346d6cb12d,True,True,
1_nicolas_21.wav,data/fsdd/recordings/1_nicolas_21.wav,1,nicolas,21,8000,2483,0.310375,1,PCM_16,9b7b9853582ad531156b2b9848577389cc2f5355a1d7b29f9e92658164d53e5e,True,True,
1_nicolas_22.wav,data/fsdd/recordings/1_nicolas_22.wav,1,nicolas,22,8000,2788,0.3485,1,PCM_16,948d15f58f08274f82171dfb2f51301775d859aaee1463513cc4f18ea11d06a9,True,True,
1_nicolas_23.wav,data/fsdd/recordings/1_nicolas_23.wav,1,nicolas,23,8000,2550,0.31875,1,PCM_16,e04b9eb5470a4159af795f8dd10bb651046c1ecf3d6874586ce477679e3fa06b,True,True,
1_nicolas_24.wav,data/fsdd/recordings/1_nicolas_24.wav,1,nicolas,24,8000,2415,0.301875,1,PCM_16,35595231cb5cb7c69af0c017008a106310811669c91cc37a4471b457ea109a11,True,True,
1_nicolas_25.wav,data/fsdd/recordings/1_nicolas_25.wav,1,nicolas,25,8000,2652,0.3315,1,PCM_16,6b8dedae317dd7bf69445f38bfaef182ba307cc9d72a8abfb3f6d13fdae8507d,True,True,
1_nicolas_26.wav,data/fsdd/recordings/1_nicolas_26.wav,1,nicolas,26,8000,2584,0.323,1,PCM_16,d1d81e0b862c414901f3badffc2ee39129f0af739652e69aa16335ec11da745e,True,True,
1_nicolas_27.wav,data/fsdd/recordings/1_nicolas_27.wav,1,nicolas,27,8000,2007,0.250875,1,PCM_16,dd26eccfacbb139aecb7c2a42c41c05f0ce766ca8f2ca4e6241f98ccb2c0e218,True,True,
1_nicolas_28.wav,data/fsdd/recordings/1_nicolas_28.wav,1,nicolas,28,8000,2584,0.323,1,PCM_16,dbb82eebce87f90d2b536020d6b20c220227ad902f61ca470d4f5f269e281444,True,True,
1_nicolas_29.wav,data/fsdd/recordings/1_nicolas_29.wav,1,nicolas,29,8000,2550,0.31875,1,PCM_16,426a1becd15ee83211eb16c65b77760fce046c7531e256b69e0bac24417a5755,True,True,
1_nicolas_3.wav,data/fsdd/recordings/1_nicolas_3.wav,1,nicolas,3,8000,2324,0.2905,1,PCM_16,ad140b5e38504e509d94b410e4b3c9c4bedcd0528cf6a085c3c8bf1035030318,True,True,
1_nicolas_30.wav,data/fsdd/recordings/1_nicolas_30.wav,1,nicolas,30,8000,2454,0.30675,1,PCM_16,2df33817dcc34ca3902b1f7bc5dc9fd8e9bb0963fed64de7c01c83a801c020a9,True,True,
1_nicolas_31.wav,data/fsdd/recordings/1_nicolas_31.wav,1,nicolas,31,8000,2454,0.30675,1,PCM_16,7686380514e99dfb929861e289430c2fe66b9cebee8190939a612796d6b592e1,True,True,
1_nicolas_32.wav,data/fsdd/recordings/1_nicolas_32.wav,1,nicolas,32,8000,2584,0.323,1,PCM_16,5b6ab87f8017d73038f85465c043f38f160c1d05d6a4c887e8b42e779ea50dd5,True,True,
1_nicolas_33.wav,data/fsdd/recordings/1_nicolas_33.wav,1,nicolas,33,8000,3164,0.3955,1,PCM_16,97ecf2e3581b594efeee49900bbfb66b6489ee0f3670979db72bc2928f34bb36,True,True,
1_nicolas_34.wav,data/fsdd/recordings/1_nicolas_34.wav,1,nicolas,34,8000,2261,0.282625,1,PCM_16,e954aa44cc0914584f7f8efc28f2eadfe325827b4643768b2b42ef1474c368ce,True,True,
1_nicolas_35.wav,data/fsdd/recordings/1_nicolas_35.wav,1,nicolas,35,8000,2325,0.290625,1,PCM_16,5b090a0ecab5d154a810e25d1df6dba8f77f44984536060e43b408c913e95f23,True,True,
1_nicolas_36.wav,data/fsdd/recordings/1_nicolas_36.wav,1,nicolas,36,8000,2744,0.343,1,PCM_16,053680caa3bae70250124ce47bf4a44b4a4e71e3cc3814bfab9cd4a455848d31,True,True,
1_nicolas_37.wav,data/fsdd/recordings/1_nicolas_37.wav,1,nicolas,37,8000,2648,0.331,1,PCM_16,6f8380e58617931a2ca8bcc1be008f8e2236d6b807dd5ecf6e73eaf42ce5a81a,True,True,
1_nicolas_38.wav,data/fsdd/recordings/1_nicolas_38.wav,1,nicolas,38,8000,2454,0.30675,1,PCM_16,d82fe79cbfbfc36bfdfbb129bbfd148f1f931015ebc43902801d56cbc345b3f7,True,True,
1_nicolas_39.wav,data/fsdd/recordings/1_nicolas_39.wav,1,nicolas,39,8000,2745,0.343125,1,PCM_16,e76e4e47ece640a0d2500ea05b8d892faef435d664149eaea273a893210f1fbb,True,True,
1_nicolas_4.wav,data/fsdd/recordings/1_nicolas_4.wav,1,nicolas,4,8000,2357,0.294625,1,PCM_16,bc2d9aae9fe973c3df3d9e13d0a019fd30a996c7f6e4106321cc89bfd079eabf,True,True,
1_nicolas_40.wav,data/fsdd/recordings/1_nicolas_40.wav,1,nicolas,40,8000,2916,0.3645,1,PCM_16,e59347570cb8257e36dacf744460526fe87c5ddb2edb9ff6ae88cafae21d64af,True,True,
1_nicolas_41.wav,data/fsdd/recordings/1_nicolas_41.wav,1,nicolas,41,8000,2495,0.311875,1,PCM_16,e6e83d7d56b5064040f188c14198fd658ff6dd283e94a88f0634fbfbbcf4e000,True,True,
1_nicolas_42.wav,data/fsdd/recordings/1_nicolas_42.wav,1,nicolas,42,8000,2300,0.2875,1,PCM_16,5e9fdb1a8404c23a694e3067d7884a107b0d67a30e3c4099b905f66294a9bc64,True,True,
1_nicolas_43.wav,data/fsdd/recordings/1_nicolas_43.wav,1,nicolas,43,8000,2528,0.316,1,PCM_16,5347fdfd6fd696da5ccf54994422a10fef404888d874ba83e90a1459532841cd,True,True,
1_nicolas_44.wav,data/fsdd/recordings/1_nicolas_44.wav,1,nicolas,44,8000,2624,0.328,1,PCM_16,a256b4481fbb63cab07265ca9cacf3415911655cf531785558a256478a73d9dc,True,True,
1_nicolas_45.wav,data/fsdd/recordings/1_nicolas_45.wav,1,nicolas,45,8000,2430,0.30375,1,PCM_16,575dc1dba5e6b29affc8f29fb65539086027745b39438229e61cdb46b1058272,True,True,
1_nicolas_46.wav,data/fsdd/recordings/1_nicolas_46.wav,1,nicolas,46,8000,2398,0.29975,1,PCM_16,9e1aeefc011685050d77784f0faf82db26ca48c5b59acb6729555f6c410a1f7e,True,True,
1_nicolas_47.wav,data/fsdd/recordings/1_nicolas_47.wav,1,nicolas,47,8000,1976,0.247,1,PCM_16,b379b9692735d2b2d37b0c65a49067b2a3b577d57e53ee4a3e1513f4a2633c06,True,True,
1_nicolas_48.wav,data/fsdd/recordings/1_nicolas_48.wav,1,nicolas,48,8000,2981,0.372625,1,PCM_16,b9a77d2d71f09d732761e0e39cc077a361d86938d668bde993a0386794534d81,True,True,
1_nicolas_49.wav,data/fsdd/recordings/1_nicolas_49.wav,1,nicolas,49,8000,2106,0.26325,1,PCM_16,e27b2fa1e5f2c80c686053794c1675ffea75844f8a74ec2d29cde058bd6b3419,True,True,
1_nicolas_5.wav,data/fsdd/recordings/1_nicolas_5.wav,1,nicolas,5,8000,2626,0.32825,1,PCM_16,b40222f4de539a66f4e1c1e970214d9e0f5be2a27c4e0fa78868823d6ba29202,True,True,
1_nicolas_6.wav,data/fsdd/recordings/1_nicolas_6.wav,1,nicolas,6,8000,2324,0.2905,1,PCM_16,9a904ff6c0ad5db655937244de6e4fe1cfaf8cf5b0f9e734b3ed780259b271ca,True,True,
1_nicolas_7.wav,data/fsdd/recordings/1_nicolas_7.wav,1,nicolas,7,8000,2390,0.29875,1,PCM_16,c77a9b85af529b9c0592467faa702486cc96cb42eea008d1621e3fb398589dc7,True,True,
1_nicolas_8.wav,data/fsdd/recordings/1_nicolas_8.wav,1,nicolas,8,8000,1987,0.248375,1,PCM_16,7fb0f7659690cc6b540f47a17e2cb420d9e53cee3643b7c7ac50b462fbca6055,True,True,
1_nicolas_9.wav,data/fsdd/recordings/1_nicolas_9.wav,1,nicolas,9,8000,2458,0.30725,1,PCM_16,eec4c4c4f23fbe73b153e8370f488722dced48d7b9952d395d61f0cd9a65b607,True,True,
1_theo_0.wav,data/fsdd/recordings/1_theo_0.wav,1,theo,0,8000,1886,0.23575,1,PCM_16,a856fff7bcb68328a76b269c0d8b1d4269c28ac7e3d6725fe9da5bdd05405b55,True,True,
1_theo_1.wav,data/fsdd/recordings/1_theo_1.wav,1,theo,1,8000,1842,0.23025,1,PCM_16,067eb9f036e0d05e4967a0e7c910131d92d2493b52cb527bacc001229765ac1f,True,True,
1_theo_10.wav,data/fsdd/recordings/1_theo_10.wav,1,theo,10,8000,2155,0.269375,1,PCM_16,6e3b05525d166e5415893cd75d634c4ead3c37741b17874e9d8b083d840a9bbf,True,True,
1_theo_11.wav,data/fsdd/recordings/1_theo_11.wav,1,theo,11,8000,1753,0.219125,1,PCM_16,aa63e9fcd66bcd2fa76766f17211ecf2d4971e59a9fd7b785d4bbd16f327e82b,True,True,
1_theo_12.wav,data/fsdd/recordings/1_theo_12.wav,1,theo,12,8000,1870,0.23375,1,PCM_16,6d90f7ff00d339c698613bfcbece4f25f26f573966a6ea996739763af6a9ccf9,True,True,
1_theo_13.wav,data/fsdd/recordings/1_theo_13.wav,1,theo,13,8000,2906,0.36325,1,PCM_16,e9dfcf8d7838661f2052aaa0423f562dd23ed7fdb1a91ad65efe5a2941fa65a7,True,True,
1_theo_14.wav,data/fsdd/recordings/1_theo_14.wav,1,theo,14,8000,1976,0.247,1,PCM_16,4704dddd0ba36d6cfaf63a74fcbb2a49d7ad75d1a95e466eeabbb97d6291b8cb,True,True,
1_theo_15.wav,data/fsdd/recordings/1_theo_15.wav,1,theo,15,8000,1813,0.226625,1,PCM_16,ca8ec3b216f93cf7834f98e5d68d26f052e258b5feca6e92dc84b342556ba69b,True,True,
1_theo_16.wav,data/fsdd/recordings/1_theo_16.wav,1,theo,16,8000,1891,0.236375,1,PCM_16,8da666a0b39e95c7581681abbd7ea3db442da75fec0170e3c02113707bf5f92b,True,True,
1_theo_17.wav,data/fsdd/recordings/1_theo_17.wav,1,theo,17,8000,2102,0.26275,1,PCM_16,f7ab7e0e285125edf6f8ec280a22a0f9435ad4515d4ba793cf23b556a14c7b4b,True,True,
1_theo_18.wav,data/fsdd/recordings/1_theo_18.wav,1,theo,18,8000,1788,0.2235,1,PCM_16,c778a4adf9f255cab73cb212fade294eb76ac4d4e44d410fadd1f67d7474666f,True,True,
1_theo_19.wav,data/fsdd/recordings/1_theo_19.wav,1,theo,19,8000,2784,0.348,1,PCM_16,3e1278fb543f10d098e6a6b7eaa9432981471d7f05c829e21ffe10742cea2aa4,True,True,
1_theo_2.wav,data/fsdd/recordings/1_theo_2.wav,1,theo,2,8000,1556,0.1945,1,PCM_16,f0c9e5e3749425ec404265accc84a19305bac7bdeea60100402f6a55f47ad289,True,True,
1_theo_20.wav,data/fsdd/recordings/1_theo_20.wav,1,theo,20,8000,2985,0.373125,1,PCM_16,68d8fb2c0b8cc025601089394412714a9b015efda75936236829894faea9ca2c,True,True,
1_theo_21.wav,data/fsdd/recordings/1_theo_21.wav,1,theo,21,8000,3981,0.497625,1,PCM_16,48d29f1284bac32de43a85baed1a07808d2080ba7d84544ff8cb2a2ba2daa314,True,True,
1_theo_22.wav,data/fsdd/recordings/1_theo_22.wav,1,theo,22,8000,4607,0.575875,1,PCM_16,03b018ab66aa9fd364460e777e7777ec72633fd7650af1ed5ae9a3369bbc3417,True,True,
1_theo_23.wav,data/fsdd/recordings/1_theo_23.wav,1,theo,23,8000,3634,0.45425,1,PCM_16,dc9ed4ec16489d53cb9b517e7af446d82d547b3c97845af648a6ce43e43ca5a0,True,True,
1_theo_24.wav,data/fsdd/recordings/1_theo_24.wav,1,theo,24,8000,2153,0.269125,1,PCM_16,52a757ba2a41a5407f9c4d431bb45952e7173a09d2177c4a7d574213c2f446e4,True,True,
1_theo_25.wav,data/fsdd/recordings/1_theo_25.wav,1,theo,25,8000,2086,0.26075,1,PCM_16,9f78ff8289d138b6d59206cb168b668870e5df01d39958c97653a29ba4efddd7,True,True,
1_theo_26.wav,data/fsdd/recordings/1_theo_26.wav,1,theo,26,8000,2149,0.268625,1,PCM_16,980270e1a743b52c8e80ccd4469c2cf022ff83fe09b7121a16e725fb2f1606e0,True,True,
1_theo_27.wav,data/fsdd/recordings/1_theo_27.wav,1,theo,27,8000,3829,0.478625,1,PCM_16,2eb0c2bff9a5260c7507379293bb1b3e13d69482d70f01cd8d205f991646b9d0,True,True,
1_theo_28.wav,data/fsdd/recordings/1_theo_28.wav,1,theo,28,8000,4563,0.570375,1,PCM_16,9582f8dcf3277efb9c73b2efda4f7ebe6a5b468ed15239cefc60bae6de6149fe,True,True,
1_theo_29.wav,data/fsdd/recordings/1_theo_29.wav,1,theo,29,8000,3585,0.448125,1,PCM_16,4f54c399f03571def6fd4466a1e492ace5ef2c822a844a9369773a3cd95b9638,True,True,
1_theo_3.wav,data/fsdd/recordings/1_theo_3.wav,1,theo,3,8000,1997,0.249625,1,PCM_16,f79b5b1aca602fc1ba563e9e9e9f4be52bc0626b3106c706f844d145cb23d765,True,True,
1_theo_30.wav,data/fsdd/recordings/1_theo_30.wav,1,theo,30,8000,3506,0.43825,1,PCM_16,2e4dfe26f02d1cd548cf14856e0e44ee43479926640cd6f9a28edf496b1eb17b,True,True,
1_theo_31.wav,data/fsdd/recordings/1_theo_31.wav,1,theo,31,8000,6112,0.764,1,PCM_16,b0aa19b19ea4218a5d833e6ee9174a5452dba0df9a4eb50017fcdb2df9d152c5,True,True,
1_theo_32.wav,data/fsdd/recordings/1_theo_32.wav,1,theo,32,8000,3906,0.48825,1,PCM_16,a422428e5599ff223c73c77323b1d49e0ca64281205ddf77d27997547111faaf,True,True,
1_theo_33.wav,data/fsdd/recordings/1_theo_33.wav,1,theo,33,8000,3585,0.448125,1,PCM_16,157ab94e99ecf2e9500159b551172ee513577ce6f0dc5b42ab3d8bca9b36f626,True,True,
1_theo_34.wav,data/fsdd/recordings/1_theo_34.wav,1,theo,34,8000,2204,0.2755,1,PCM_16,994a940ce387af26d70b42cf48bd8462af28d91144a1bafa0744085175d3f08f,True,True,
1_theo_35.wav,data/fsdd/recordings/1_theo_35.wav,1,theo,35,8000,3066,0.38325,1,PCM_16,7afcdbf90a5791ba683a9fd89b3af7963ad101bbb0ffa899b4a7ff4e1d7b3447,True,True,
1_theo_36.wav,data/fsdd/recordings/1_theo_36.wav,1,theo,36,8000,2244,0.2805,1,PCM_16,a36c2f79bdc86a9632f0a53dc6a39b1a066c3fbe2a2bfe51e78bb7ac667bc7c5,True,True,
1_theo_37.wav,data/fsdd/recordings/1_theo_37.wav,1,theo,37,8000,2461,0.307625,1,PCM_16,9ada9e22a1fdb716749e10cde696047206d24872053bb918659a4ed8aa2161b7,True,True,
1_theo_38.wav,data/fsdd/recordings/1_theo_38.wav,1,theo,38,8000,2153,0.269125,1,PCM_16,fd56deb1f800a6516ccc6e61b7243f532aed428b416ada00a68a7bc9a65e5a40,True,True,
1_theo_39.wav,data/fsdd/recordings/1_theo_39.wav,1,theo,39,8000,2422,0.30275,1,PCM_16,7fbf9591a7213789b36ec61533cb820584222bc6f926ee4481e12e9fa2b49b33,True,True,
1_theo_4.wav,data/fsdd/recordings/1_theo_4.wav,1,theo,4,8000,1720,0.215,1,PCM_16,45a3553a223d0a2f994b0b34c761824abd6e2db0aa9b7451f1eb53b818bebc87,True,True,
1_theo_40.wav,data/fsdd/recordings/1_theo_40.wav,1,theo,40,8000,2054,0.25675,1,PCM_16,9834b797c659f5535ab2ee866f2181f450979e21ebe555fb72250f7471d9185e,True,True,
1_theo_41.wav,data/fsdd/recordings/1_theo_41.wav,1,theo,41,8000,1692,0.2115,1,PCM_16,c2769a76d12a06ac60f97a55cfe9d07ca9a4c00539ac8b2d932cbcd2b220b093,True,True,
1_theo_42.wav,data/fsdd/recordings/1_theo_42.wav,1,theo,42,8000,3416,0.427,1,PCM_16,fd1905b0867c5dec46bffb7a67bf712163428b2d2d9bc0ea499b9cc3ef0c95fa,True,True,
1_theo_43.wav,data/fsdd/recordings/1_theo_43.wav,1,theo,43,8000,3236,0.4045,1,PCM_16,dcc53ebce05af8ddfb9242d0d0f6b9cefed049b18b8439ba68a599c75e40e224,True,True,
1_theo_44.wav,data/fsdd/recordings/1_theo_44.wav,1,theo,44,8000,2246,0.28075,1,PCM_16,d8133aa033bea1a80c2f7862d8270e622f2f0ca70017a5989c73b28918f0fa18,True,True,
1_theo_45.wav,data/fsdd/recordings/1_theo_45.wav,1,theo,45,8000,1565,0.195625,1,PCM_16,924a5ff5ba82fc221ebf171e7779bad290cea794283199424c7c9ebe7318ff5d,True,True,
1_theo_46.wav,data/fsdd/recordings/1_theo_46.wav,1,theo,46,8000,2238,0.27975,1,PCM_16,af59f976f676f1c7316a157b478bc9039b2b134e17feb8344fed530d95cd7c12,True,True,
1_theo_47.wav,data/fsdd/recordings/1_theo_47.wav,1,theo,47,8000,2226,0.27825,1,PCM_16,bae2bb2a9c97bf1fb821194f6740db714d8e78659c13569db34f612d2ec6bc4c,True,True,
1_theo_48.wav,data/fsdd/recordings/1_theo_48.wav,1,theo,48,8000,3007,0.375875,1,PCM_16,91ad5e7967700504c030b214f686c72a061792a0ec723d4a5c2ebd4322cbef90,True,True,
1_theo_49.wav,data/fsdd/recordings/1_theo_49.wav,1,theo,49,8000,2456,0.307,1,PCM_16,b3cdc3ee70505a1935c9b3f7d73318389d23a624695f5fded3145285a6c47a1e,True,True,
1_theo_5.wav,data/fsdd/recordings/1_theo_5.wav,1,theo,5,8000,1737,0.217125,1,PCM_16,6894119e221e1b740d1661a44e7bd22d4c55139f3c473b49bd9cd0990bd0838c,True,True,
1_theo_6.wav,data/fsdd/recordings/1_theo_6.wav,1,theo,6,8000,1760,0.22,1,PCM_16,4e7bbc6bfd7175fbace5aaaec7e589bbbc3be2867c200751950a683358350786,True,True,
1_theo_7.wav,data/fsdd/recordings/1_theo_7.wav,1,theo,7,8000,2458,0.30725,1,PCM_16,ef11eaf6a8b377e730d4eb152a33a49e3101c98dd6c791d9741f6d153627ac9d,True,True,
1_theo_8.wav,data/fsdd/recordings/1_theo_8.wav,1,theo,8,8000,2057,0.257125,1,PCM_16,763ddb0890e49e7b8cf2155d8fed45c5cd7335cf1c987a62c53a745ed6bde0a1,True,True,
1_theo_9.wav,data/fsdd/recordings/1_theo_9.wav,1,theo,9,8000,1890,0.23625,1,PCM_16,f78a74968884065a117a24db2eff55c7988382ce4d5e2335e92e39b347bfd6b5,True,True,
1_yweweler_0.wav,data/fsdd/recordings/1_yweweler_0.wav,1,yweweler,0,8000,3355,0.419375,1,PCM_16,625069e417d9f504ab6f67a1be608f28ad35fa46ae0233adf438994d442e228b,True,True,
1_yweweler_1.wav,data/fsdd/recordings/1_yweweler_1.wav,1,yweweler,1,8000,1785,0.223125,1,PCM_16,8779a19c2a5d439627998f5fc57db0fd95be2500cba5c637a7ecaf88fa9aac16,True,True,
1_yweweler_10.wav,data/fsdd/recordings/1_yweweler_10.wav,1,yweweler,10,8000,2245,0.280625,1,PCM_16,e072ee4f663b0f2553f78834f7c25045de0aeeb4f4e72d5a03f7d8ee2f56d302,True,True,
1_yweweler_11.wav,data/fsdd/recordings/1_yweweler_11.wav,1,yweweler,11,8000,2716,0.3395,1,PCM_16,ab377906bfe5e270599b4513e3224556d46cd4bc0a9578e20e929a423561d785,True,True,
1_yweweler_12.wav,data/fsdd/recordings/1_yweweler_12.wav,1,yweweler,12,8000,2937,0.367125,1,PCM_16,a1955446b04215016720e3f68dccf81ebb42d17c8fc4c1efc84824c33677fcf9,True,True,
1_yweweler_13.wav,data/fsdd/recordings/1_yweweler_13.wav,1,yweweler,13,8000,2744,0.343,1,PCM_16,c4ba247d257e9281569a548a996e45c85f6ad9fdbf6250fd76b3f92ba0ffea84,True,True,
1_yweweler_14.wav,data/fsdd/recordings/1_yweweler_14.wav,1,yweweler,14,8000,2330,0.29125,1,PCM_16,467e6f2cb90d25d74bf98192d7922b831a3a0dd93f1ecc75a0b03c6eeeaaf286,True,True,
1_yweweler_15.wav,data/fsdd/recordings/1_yweweler_15.wav,1,yweweler,15,8000,4113,0.514125,1,PCM_16,9a4fa517df3314574611995894c83663f739d54e93847c3b161ecec91e63b870,True,True,
1_yweweler_16.wav,data/fsdd/recordings/1_yweweler_16.wav,1,yweweler,16,8000,2760,0.345,1,PCM_16,89810aa2d29d62200891168263e4a169a0871280c56f702282a751fde54edf68,True,True,
1_yweweler_17.wav,data/fsdd/recordings/1_yweweler_17.wav,1,yweweler,17,8000,2373,0.296625,1,PCM_16,62964fa6aaa8ff835ba20e8a68d412f274bcaaa36b92a19fcaf189c9e14c85fe,True,True,
1_yweweler_18.wav,data/fsdd/recordings/1_yweweler_18.wav,1,yweweler,18,8000,2777,0.347125,1,PCM_16,8e90e52e94685809c9242f38a1552c55ad593f606144262782aeef6546145441,True,True,
1_yweweler_19.wav,data/fsdd/recordings/1_yweweler_19.wav,1,yweweler,19,8000,2775,0.346875,1,PCM_16,82e8dbd90c1470e02800de4a4282ff3a5586a3a0ba2c91db9c050adcdba45d28,True,True,
1_yweweler_2.wav,data/fsdd/recordings/1_yweweler_2.wav,1,yweweler,2,8000,2681,0.335125,1,PCM_16,546a5fac5003856d40d5f7d12700e52a64216bb23f2f8cd5a7607c5c3e271622,True,True,
1_yweweler_20.wav,data/fsdd/recordings/1_yweweler_20.wav,1,yweweler,20,8000,2928,0.366,1,PCM_16,942c3a330a25df4d59177bbcf6b4a2a0651e22d6d12110761ea611de866b38f5,True,True,
1_yweweler_21.wav,data/fsdd/recordings/1_yweweler_21.wav,1,yweweler,21,8000,2623,0.327875,1,PCM_16,a88fb1a984da93ea9ff6b313f8884cc56464ccaeab41b857794a22e99a63e760,True,True,
1_yweweler_22.wav,data/fsdd/recordings/1_yweweler_22.wav,1,yweweler,22,8000,2497,0.312125,1,PCM_16,e8933e8c73625b6640578b8853068c7a87ac49fe72f72e626fb695f7a24f17d6,True,True,
1_yweweler_23.wav,data/fsdd/recordings/1_yweweler_23.wav,1,yweweler,23,8000,2613,0.326625,1,PCM_16,fa1236b373c8bf33fa76768c59ee223aebd1fc59bccfc0fb417b73ca0f7cf88b,True,True,
1_yweweler_24.wav,data/fsdd/recordings/1_yweweler_24.wav,1,yweweler,24,8000,2441,0.305125,1,PCM_16,9706b95a54dc40d794c5a0f39caec19856a690119787ee34417c041fb14c33e6,True,True,
1_yweweler_25.wav,data/fsdd/recordings/1_yweweler_25.wav,1,yweweler,25,8000,2119,0.264875,1,PCM_16,793a3566e862c99501fcaa5b3cd9af9847c75d131e7b96bcc0688c6764f7895d,True,True,
1_yweweler_26.wav,data/fsdd/recordings/1_yweweler_26.wav,1,yweweler,26,8000,3052,0.3815,1,PCM_16,22652d6fda17c550961673895c4756c36a760e9dfe2bbb2df6edd20cc3ea3536,True,True,
1_yweweler_27.wav,data/fsdd/recordings/1_yweweler_27.wav,1,yweweler,27,8000,2234,0.27925,1,PCM_16,f7f7a050cfaa13143f362833c13d785f1a6ecf29f5da8af49ccec71b92c213f7,True,True,
1_yweweler_28.wav,data/fsdd/recordings/1_yweweler_28.wav,1,yweweler,28,8000,2220,0.2775,1,PCM_16,c8795dbb6ffd31a34fb66cb355bdb8085c208764b9b942c966bd81bcf1da717d,True,True,
1_yweweler_29.wav,data/fsdd/recordings/1_yweweler_29.wav,1,yweweler,29,8000,2758,0.34475,1,PCM_16,31633fbc22f52ddbca3ce3d1ecf7f1fd9b140bcfdd9e05037f86755d71c896b1,True,True,
1_yweweler_3.wav,data/fsdd/recordings/1_yweweler_3.wav,1,yweweler,3,8000,2481,0.310125,1,PCM_16,3317b91b26a11f3b65ca003bd949dd9d4bc1afb26d6d87a29d671817b9375866,True,True,
1_yweweler_30.wav,data/fsdd/recordings/1_yweweler_30.wav,1,yweweler,30,8000,2704,0.338,1,PCM_16,1b7fb93334303fda3ad3602306fa6a06a12492bc82077aa6d860fff905b19144,True,True,
1_yweweler_31.wav,data/fsdd/recordings/1_yweweler_31.wav,1,yweweler,31,8000,3117,0.389625,1,PCM_16,3ec301ca152de2389a2155d43b548d4d9475ac35ff0b2280a9249f1aa1a1de20,True,True,
1_yweweler_32.wav,data/fsdd/recordings/1_yweweler_32.wav,1,yweweler,32,8000,2161,0.270125,1,PCM_16,cd2e47dfe422d6aae6b74ec1a2a33ac65deed865839ed8faeeadd054a05d1039,True,True,
1_yweweler_33.wav,data/fsdd/recordings/1_yweweler_33.wav,1,yweweler,33,8000,3450,0.43125,1,PCM_16,9e6b1f95a719939a6c9fcad02e303446e1596329b5632d63779f4c64f2fb1dec,True,True,
1_yweweler_34.wav,data/fsdd/recordings/1_yweweler_34.wav,1,yweweler,34,8000,2634,0.32925,1,PCM_16,a62afc07445e3bb55201d516ef0b3d900537d3f69c6dd390d45c5019f5e01d03,True,True,
1_yweweler_35.wav,data/fsdd/recordings/1_yweweler_35.wav,1,yweweler,35,8000,2016,0.252,1,PCM_16,dfb276699b820e5b35d2ca0c3ad788048eaa246624d7742890a7b6612f7428b8,True,True,
1_yweweler_36.wav,data/fsdd/recordings/1_yweweler_36.wav,1,yweweler,36,8000,2797,0.349625,1,PCM_16,a03cda56aae48bd3e986a1c8c00303990d258691091aa03095e6229215423b17,True,True,
1_yweweler_37.wav,data/fsdd/recordings/1_yweweler_37.wav,1,yweweler,37,8000,3723,0.465375,1,PCM_16,79b21c5c0daee0fca044802efe31f959439c9701035288d77d57f101a60bc44f,True,True,
1_yweweler_38.wav,data/fsdd/recordings/1_yweweler_38.wav,1,yweweler,38,8000,2941,0.367625,1,PCM_16,4148b44a5b9ef78ad647cfda3343f9810633ab7f9b8a60c488aeb3e16075737a,True,True,
1_yweweler_39.wav,data/fsdd/recordings/1_yweweler_39.wav,1,yweweler,39,8000,2619,0.327375,1,PCM_16,23aa11c93611d8d423a577048affa7134567a994b2a55b81e28cd5f8eb56ab5e,True,True,
1_yweweler_4.wav,data/fsdd/recordings/1_yweweler_4.wav,1,yweweler,4,8000,2407,0.300875,1,PCM_16,62e0717efb4100339629268a502958de6d6488000f9f6528d916329ee54dad5c,True,True,
1_yweweler_40.wav,data/fsdd/recordings/1_yweweler_40.wav,1,yweweler,40,8000,2869,0.358625,1,PCM_16,5b98902c21829dbdded6d2d4a903051d027cf0bd7381115ffbf42ae4950fa6b4,True,True,
1_yweweler_41.wav,data/fsdd/recordings/1_yweweler_41.wav,1,yweweler,41,8000,3275,0.409375,1,PCM_16,df68901b798505094159104feff00219edea1829d339feb78d29c5edb1a09391,True,True,
1_yweweler_42.wav,data/fsdd/recordings/1_yweweler_42.wav,1,yweweler,42,8000,2764,0.3455,1,PCM_16,9d21d50ef4ea7f93f3cbdc4a2cc283b6c191775cb93e7394c4641b7c89490574,True,True,
1_yweweler_43.wav,data/fsdd/recordings/1_yweweler_43.wav,1,yweweler,43,8000,2835,0.354375,1,PCM_16,ad3146ac2f5330e06fad3fa0ff53a8dff171e5f4e51ff0d37be29b2e1217daf3,True,True,
1_yweweler_44.wav,data/fsdd/recordings/1_yweweler_44.wav,1,yweweler,44,8000,2468,0.3085,1,PCM_16,9e209134120e642104e8327dcc9c742bea6398dfdf1bb71f97fe234d68b9ea6f,True,True,
1_yweweler_45.wav,data/fsdd/recordings/1_yweweler_45.wav,1,yweweler,45,8000,2935,0.366875,1,PCM_16,cfdaac295265415c3c3414747dd00a22858a126d4a60ff2b723303e7655d66b5,True,True,
1_yweweler_46.wav,data/fsdd/recordings/1_yweweler_46.wav,1,yweweler,46,8000,3092,0.3865,1,PCM_16,17846b55cc7db69df6a655343397dc5fe5a8ba763df085ff1d36f07b21301519,True,True,
1_yweweler_47.wav,data/fsdd/recordings/1_yweweler_47.wav,1,yweweler,47,8000,2821,0.352625,1,PCM_16,e12dcfeea4f8d008fa7c8d38d60bece95c02089726ac4656f2af67ca2c1cd909,True,True,
1_yweweler_48.wav,data/fsdd/recordings/1_yweweler_48.wav,1,yweweler,48,8000,3275,0.409375,1,PCM_16,76ea688cf1052edf3802609efd6db942c61172b14add7a43644ea97afd2cf65f,True,True,
1_yweweler_49.wav,data/fsdd/recordings/1_yweweler_49.wav,1,yweweler,49,8000,3293,0.411625,1,PCM_16,413a1f19e6a1749ed9c01c2e96a2394b0be364e52ac307bf2f4881f923c6685e,True,True,
1_yweweler_5.wav,data/fsdd/recordings/1_yweweler_5.wav,1,yweweler,5,8000,2623,0.327875,1,PCM_16,415208532df8ea8f9a6570becd1df6b8b55975f25377afc9c4f28dbd4eac1433,True,True,
1_yweweler_6.wav,data/fsdd/recordings/1_yweweler_6.wav,1,yweweler,6,8000,2097,0.262125,1,PCM_16,2685d5f08638f9c21c64d9b6a65461e6da9f8e9f6499b6a1dde621d76c53569f,True,True,
1_yweweler_7.wav,data/fsdd/recordings/1_yweweler_7.wav,1,yweweler,7,8000,2158,0.26975,1,PCM_16,dd6c1dc3c2702ec1617e9d84a6ed4d0d5df2e5f8d17b404285560345af024ff5,True,True,
1_yweweler_8.wav,data/fsdd/recordings/1_yweweler_8.wav,1,yweweler,8,8000,2049,0.256125,1,PCM_16,afc9d424d6e37f57c4566c51c55c9fb271e71861927695dc73f9f728a38dcd50,True,True,
1_yweweler_9.wav,data/fsdd/recordings/1_yweweler_9.wav,1,yweweler,9,8000,2165,0.270625,1,PCM_16,ea592ed8a0c6ad8b84b7fa35446b5694be159771f45e3c8156b493676547fc93,True,True,
2_george_0.wav,data/fsdd/recordings/2_george_0.wav,2,george,0,8000,2643,0.330375,1,PCM_16,64e86e8aec57533dfa5b9054ca3f93f7b7da98fb41e2e1da7c9eabfb9c86792a,True,True,
2_george_1.wav,data/fsdd/recordings/2_george_1.wav,2,george,1,8000,4543,0.567875,1,PCM_16,6ce4f75e7a3467a9aec1c0e142a0412e4ada61903dc5f626ea19c0d5bd501641,True,True,
2_george_10.wav,data/fsdd/recordings/2_george_10.wav,2,george,10,8000,2548,0.3185,1,PCM_16,29cf00f85d6cfce4f5d1ed80e196598d5e7316f20cbdace2e3d550530d7f4e42,True,True,
2_george_11.wav,data/fsdd/recordings/2_george_11.wav,2,george,11,8000,2865,0.358125,1,PCM_16,00a40dd6efcffe88069f43bc18e2995b48322c8a8bce6926b9c4a280d9fbb534,True,True,
2_george_12.wav,data/fsdd/recordings/2_george_12.wav,2,george,12,8000,3078,0.38475,1,PCM_16,fef5e344e5d8eb5a45a27733523b2020977930579d944fbb7a9d017ff5707dbb,True,True,
2_george_13.wav,data/fsdd/recordings/2_george_13.wav,2,george,13,8000,2695,0.336875,1,PCM_16,a1df55bdd38944b211f5e995ed02a7c49515d91e691daecc064cbb413da5aa9e,True,True,
2_george_14.wav,data/fsdd/recordings/2_george_14.wav,2,george,14,8000,2885,0.360625,1,PCM_16,7750d3c57f6bbc236e5c696501f6506bd3dfc5933e68f9f1b5df17add408deb5,True,True,
2_george_15.wav,data/fsdd/recordings/2_george_15.wav,2,george,15,8000,3094,0.38675,1,PCM_16,65d8d58f09929891184ec8a7484e53b2e257aac3a0c4f2c4ae4c1541975ca98b,True,True,
2_george_16.wav,data/fsdd/recordings/2_george_16.wav,2,george,16,8000,3321,0.415125,1,PCM_16,1ef25545102c9e78e24ade11e75c17d6444e9451e1c9470c2ad77b248a1e3b8d,True,True,
2_george_17.wav,data/fsdd/recordings/2_george_17.wav,2,george,17,8000,3118,0.38975,1,PCM_16,a1e280b4a3d18d4f93e14f81c36f6156b87854d614626fba179ad373c05258c9,True,True,
2_george_18.wav,data/fsdd/recordings/2_george_18.wav,2,george,18,8000,3197,0.399625,1,PCM_16,dc6505bf287cce6933f62890e7fec5e9d21acc1559019e6469199049e5f72f09,True,True,
2_george_19.wav,data/fsdd/recordings/2_george_19.wav,2,george,19,8000,3220,0.4025,1,PCM_16,0931da128734abc522d1f4171738854354d06bc0032010302758e1b94bb635b5,True,True,
2_george_2.wav,data/fsdd/recordings/2_george_2.wav,2,george,2,8000,3167,0.395875,1,PCM_16,908cbb66d2d404721fa4e02f53c79697d3a037fa1039fb2203ab337331017cbb,True,True,
2_george_20.wav,data/fsdd/recordings/2_george_20.wav,2,george,20,8000,2306,0.28825,1,PCM_16,bbeea38bf32128874733314e5b74e2baa735e4194d1b443561be0531091017d8,True,True,
2_george_21.wav,data/fsdd/recordings/2_george_21.wav,2,george,21,8000,2169,0.271125,1,PCM_16,46fcb25eda1a47b58efbb6875c60aaa613c1ae9eb6d1d60a22fa69e012f5f631,True,True,
2_george_22.wav,data/fsdd/recordings/2_george_22.wav,2,george,22,8000,2507,0.313375,1,PCM_16,851283c50dd94e3d4877e08eca43f718d446766a6f239a8ee94f3440bf1ae3f7,True,True,
2_george_23.wav,data/fsdd/recordings/2_george_23.wav,2,george,23,8000,2952,0.369,1,PCM_16,b90033d64009b09ea55020b81d12efbe80b14c6bf075ae60f983447f108d54fd,True,True,
2_george_24.wav,data/fsdd/recordings/2_george_24.wav,2,george,24,8000,2725,0.340625,1,PCM_16,dab400237f43f9b72b98cfe30b5e784e9d74bd06cf6e68cabc9c78acee2db6ed,True,True,
2_george_25.wav,data/fsdd/recordings/2_george_25.wav,2,george,25,8000,2449,0.306125,1,PCM_16,58ddc7b7495a54b4f4d923baacac8f78ebbfa2f5e6d33a19589001f895a5add2,True,True,
2_george_26.wav,data/fsdd/recordings/2_george_26.wav,2,george,26,8000,2400,0.3,1,PCM_16,80bb69a2a2cfeb05eac20b4039971f0da5b054d19370958523e6fbe0e93c0d53,True,True,
2_george_27.wav,data/fsdd/recordings/2_george_27.wav,2,george,27,8000,3000,0.375,1,PCM_16,ba616f1885059e96028542c24e83d176415aefe9435cbd736f6de5061127eb84,True,True,
2_george_28.wav,data/fsdd/recordings/2_george_28.wav,2,george,28,8000,2793,0.349125,1,PCM_16,0fbad5faf36ce50e686db06dba202f4bb2df82138a8e1feba2cf13bd588bfe5b,True,True,
2_george_29.wav,data/fsdd/recordings/2_george_29.wav,2,george,29,8000,3050,0.38125,1,PCM_16,2c773fd9043673368639e8f1c11315f729cbfc075b42601005ba0cbdce13cdd1,True,True,
2_george_3.wav,data/fsdd/recordings/2_george_3.wav,2,george,3,8000,3166,0.39575,1,PCM_16,d4f19537dd510f45d8a891ad43ff69d9eeeea32ed15ffc637d3ca7bf0bed5203,True,True,
2_george_30.wav,data/fsdd/recordings/2_george_30.wav,2,george,30,8000,2899,0.362375,1,PCM_16,c36cb1a04935a95e6da4b9b163c541d2f7cbea2276c8fe1a0077c98c321a3e2f,True,True,
2_george_31.wav,data/fsdd/recordings/2_george_31.wav,2,george,31,8000,2513,0.314125,1,PCM_16,d3f60fe9861db852689cd966886d15e3b5944f32f82a6263a707a456e4a93c30,True,True,
2_george_32.wav,data/fsdd/recordings/2_george_32.wav,2,george,32,8000,2353,0.294125,1,PCM_16,be95bd5f946d0f3fa78fe269c37875ec61b039c882007c3f058f611af419362f,True,True,
2_george_33.wav,data/fsdd/recordings/2_george_33.wav,2,george,33,8000,1932,0.2415,1,PCM_16,2441032810bc6f13f0dc85df68b72b82f5bb2affd6251b182625c31b3be6347d,True,True,
2_george_34.wav,data/fsdd/recordings/2_george_34.wav,2,george,34,8000,3241,0.405125,1,PCM_16,986f5f5ce5bbc4ce3901b936cee6daa0a3cfe4333228eff171a09519a0196b35,True,True,
2_george_35.wav,data/fsdd/recordings/2_george_35.wav,2,george,35,8000,2738,0.34225,1,PCM_16,7cca597e1e805a90009f0d02be624de7f1cf0665426c24799baf47b73786217b,True,True,
2_george_36.wav,data/fsdd/recordings/2_george_36.wav,2,george,36,8000,3249,0.406125,1,PCM_16,7a8938a0a2117baf22634769af1a6126ef6a15141c812dba50fd81dc6c272d33,True,True,
2_george_37.wav,data/fsdd/recordings/2_george_37.wav,2,george,37,8000,2972,0.3715,1,PCM_16,a5d55ff5ada670a01edcd05ecec44e14ad62160d60f56103bfa4af55382bcd64,True,True,
2_george_38.wav,data/fsdd/recordings/2_george_38.wav,2,george,38,8000,2466,0.30825,1,PCM_16,ec442dee495816420b5def0aaaf967eafc7d527ad89c5fa489732ef1a0a592ea,True,True,
2_george_39.wav,data/fsdd/recordings/2_george_39.wav,2,george,39,8000,2035,0.254375,1,PCM_16,8f51106b0fe1038bb9b14717d5b71fe63a239a4353a483698dee8bbceaf39a7f,True,True,
2_george_4.wav,data/fsdd/recordings/2_george_4.wav,2,george,4,8000,3078,0.38475,1,PCM_16,eab8a9d8a98c44d97c8a835bf6bc303d921bab42ce44162783900cdaa0293b56,True,True,
2_george_40.wav,data/fsdd/recordings/2_george_40.wav,2,george,40,8000,2780,0.3475,1,PCM_16,2b57ab6944ee4873ad1d725159a5c9a921af74294e873f2390282d2ac97daf5a,True,True,
2_george_41.wav,data/fsdd/recordings/2_george_41.wav,2,george,41,8000,2368,0.296,1,PCM_16,191d006c4ef28b0d4a1f5b495ff54d9794fdf5587900a93de5f0d5f51a6e9fc9,True,True,
2_george_42.wav,data/fsdd/recordings/2_george_42.wav,2,george,42,8000,2932,0.3665,1,PCM_16,303abf9d2017410b3315b9d0d79ff1778f3f694066f22d89e2bcf57b16806212,True,True,
2_george_43.wav,data/fsdd/recordings/2_george_43.wav,2,george,43,8000,2618,0.32725,1,PCM_16,fb31b92ef62dd7c528e712522bff7fb64f55aa6399990793632c7dea632e6fe7,True,True,
2_george_44.wav,data/fsdd/recordings/2_george_44.wav,2,george,44,8000,2556,0.3195,1,PCM_16,312305250e0de2116962d54959836c14ef0eda004675161fdf66f614f374b22d,True,True,
2_george_45.wav,data/fsdd/recordings/2_george_45.wav,2,george,45,8000,2471,0.308875,1,PCM_16,5250b7e588451c0de4637afbc6a1348335b6b34f30d7f47bcae01170e49778d2,True,True,
2_george_46.wav,data/fsdd/recordings/2_george_46.wav,2,george,46,8000,2759,0.344875,1,PCM_16,7338a1df31953f93ccc180e7b6e34c588f878b572ee375d5c079187c6922649f,True,True,
2_george_47.wav,data/fsdd/recordings/2_george_47.wav,2,george,47,8000,2728,0.341,1,PCM_16,4401c91a1f832e0b62825ecd8b2d21d8858b1e7623f8c25909ad5e91f5bb9e37,True,True,
2_george_48.wav,data/fsdd/recordings/2_george_48.wav,2,george,48,8000,2741,0.342625,1,PCM_16,5d984af6eae2ac50ea2ea6e4518db995c7c95b44c8bd336a64a987860c6cdd57,True,True,
2_george_49.wav,data/fsdd/recordings/2_george_49.wav,2,george,49,8000,2881,0.360125,1,PCM_16,b8c7baebdff2db839a910a5b055049b922e7ff83c19927245712397f0cf8d59a,True,True,
2_george_5.wav,data/fsdd/recordings/2_george_5.wav,2,george,5,8000,3187,0.398375,1,PCM_16,cb3e726b6b4a9039f138c98a322c65ed73621cbe6e32cf84228088bca2c90f28,True,True,
2_george_6.wav,data/fsdd/recordings/2_george_6.wav,2,george,6,8000,2739,0.342375,1,PCM_16,19fb7c4ec8a19dc128ab9e655698ae432d7f70c25494e363d801d8a59c76a784,True,True,
2_george_7.wav,data/fsdd/recordings/2_george_7.wav,2,george,7,8000,2875,0.359375,1,PCM_16,61706e6b1690abd6a78d490f1b0f99524085ef3251305828d283b7b41de80c80,True,True,
2_george_8.wav,data/fsdd/recordings/2_george_8.wav,2,george,8,8000,3545,0.443125,1,PCM_16,3412769d4769671a13cbb5de59934e16eb972a5fc9c4ef98f958c6cd411365b6,True,True,
2_george_9.wav,data/fsdd/recordings/2_george_9.wav,2,george,9,8000,2849,0.356125,1,PCM_16,42233fc5dfe8fca6eb5e472170b6f32c019d3d4e7b97b152110a81ffed5a9eaf,True,True,
2_jackson_0.wav,data/fsdd/recordings/2_jackson_0.wav,2,jackson,0,8000,3990,0.49875,1,PCM_16,214bac0c813b584410e3cb8cace2673d256b3fd735810bd516b2bfd0c2298620,True,True,
2_jackson_1.wav,data/fsdd/recordings/2_jackson_1.wav,2,jackson,1,8000,4424,0.553,1,PCM_16,d2422f0c91208802a0daab5ee36ef661fa166cfcfa380791a5e1d866481ee594,True,True,
2_jackson_10.wav,data/fsdd/recordings/2_jackson_10.wav,2,jackson,10,8000,4143,0.517875,1,PCM_16,225ae4803b93bbfcfc0e8dcb597b43858904c68fdeb58fb1cc975001cc918e76,True,True,
2_jackson_11.wav,data/fsdd/recordings/2_jackson_11.wav,2,jackson,11,8000,4133,0.516625,1,PCM_16,732d28a8186b5d096686212e40ba07e2151e2c901b7cd8f346b4ae41898443c7,True,True,
2_jackson_12.wav,data/fsdd/recordings/2_jackson_12.wav,2,jackson,12,8000,3900,0.4875,1,PCM_16,a197a057566c1922f7417aa30a5f9fe32450b07a9d4157dcb21b7bdb5f0469fa,True,True,
2_jackson_13.wav,data/fsdd/recordings/2_jackson_13.wav,2,jackson,13,8000,4132,0.5165,1,PCM_16,3b2842f82bb0847ef09e86e7dc93515d293ac6b00838dadeec9fd1e45e2d6078,True,True,
2_jackson_14.wav,data/fsdd/recordings/2_jackson_14.wav,2,jackson,14,8000,4101,0.512625,1,PCM_16,ba431038e59ceb74296b5e91594c8eb58d07616fbe920466ae347181d0da6b89,True,True,
2_jackson_15.wav,data/fsdd/recordings/2_jackson_15.wav,2,jackson,15,8000,4142,0.51775,1,PCM_16,d1333ab621bb1b9cf1944614c324221b589de62765ba08eb1bcf2a02cc720c8b,True,True,
2_jackson_16.wav,data/fsdd/recordings/2_jackson_16.wav,2,jackson,16,8000,3805,0.475625,1,PCM_16,0e32e6fff8ef37e780c821027fe58e2cd1ea0a658fac547fa17808532cdb5786,True,True,
2_jackson_17.wav,data/fsdd/recordings/2_jackson_17.wav,2,jackson,17,8000,4300,0.5375,1,PCM_16,34bebf572dde5695734b9339ab9b3d162bfa0ee31c6e24930dc942a7cbc21b21,True,True,
2_jackson_18.wav,data/fsdd/recordings/2_jackson_18.wav,2,jackson,18,8000,4431,0.553875,1,PCM_16,dac486fae3622566929641f2c89d8a7192f804ccd001bd0dbc2126ec81f656d9,True,True,
2_jackson_19.wav,data/fsdd/recordings/2_jackson_19.wav,2,jackson,19,8000,4130,0.51625,1,PCM_16,f83398a788b77efc9b13727bc7da46482ec2cab6c4fd4fecf9dd078edc2e4d3a,True,True,
2_jackson_2.wav,data/fsdd/recordings/2_jackson_2.wav,2,jackson,2,8000,3518,0.43975,1,PCM_16,b79de6ce388277d60a8f88aaeea268a41f7a9132efee4691a067dcac44822ada,True,True,
2_jackson_20.wav,data/fsdd/recordings/2_jackson_20.wav,2,jackson,20,8000,3868,0.4835,1,PCM_16,a225c140fe1260cda10070c5fb09b22134d63ae3f34aca27e75235f3e0c2a48c,True,True,
2_jackson_21.wav,data/fsdd/recordings/2_jackson_21.wav,2,jackson,21,8000,5909,0.738625,1,PCM_16,2d5aa11006d0823e7d15129fdb63fbb53ef4a7fe83a447a928c0a2519344b0df,True,True,
2_jackson_22.wav,data/fsdd/recordings/2_jackson_22.wav,2,jackson,22,8000,3838,0.47975,1,PCM_16,821e26e56c50f2bc8c74f3c6e5275d1aa74aab903273e432b77f18aae35f771d,True,True,
2_jackson_23.wav,data/fsdd/recordings/2_jackson_23.wav,2,jackson,23,8000,4021,0.502625,1,PCM_16,971b876eaf553775b4d1c5f0b95f846decf0cef26366d2f715e2a165fc81e4a1,True,True,
2_jackson_24.wav,data/fsdd/recordings/2_jackson_24.wav,2,jackson,24,8000,4180,0.5225,1,PCM_16,94d5359f1f68c48806589e40f901c604722ee743cdb7644a0b91a32aa8942697,True,True,
2_jackson_25.wav,data/fsdd/recordings/2_jackson_25.wav,2,jackson,25,8000,4292,0.5365,1,PCM_16,ca04d54a36d58731b32eb4fa91ed3703165871bcaecd598ee859c7cc9026b698,True,True,
2_jackson_26.wav,data/fsdd/recordings/2_jackson_26.wav,2,jackson,26,8000,3971,0.496375,1,PCM_16,ba3a872cbe7ffb82490afa228c440e90bd13b2c47c77eb266ea7f60a4cbf436f,True,True,
2_jackson_27.wav,data/fsdd/recordings/2_jackson_27.wav,2,jackson,27,8000,4205,0.525625,1,PCM_16,b85ff43f989bb92b73c2e606060f1b1c3cea14503301e57eb7f90130463c8379,True,True,
2_jackson_28.wav,data/fsdd/recordings/2_jackson_28.wav,2,jackson,28,8000,4056,0.507,1,PCM_16,4e522160ec480d83b74edd1a29996d3ff0f80f3a46a2d821b805263798414f8c,True,True,
2_jackson_29.wav,data/fsdd/recordings/2_jackson_29.wav,2,jackson,29,8000,4428,0.5535,1,PCM_16,ae069574dccff9309042ecd3a9bdbca63636665987f04b0f5b0b87af33338bc3,True,True,
2_jackson_3.wav,data/fsdd/recordings/2_jackson_3.wav,2,jackson,3,8000,3967,0.495875,1,PCM_16,61434c1ebfda2fe1381edbdabd286ab77de9e84cb071e379a91a17aab087395a,True,True,
2_jackson_30.wav,data/fsdd/recordings/2_jackson_30.wav,2,jackson,30,8000,3826,0.47825,1,PCM_16,607db5badea0142aa550affc99286492957945d0329ec26cf27e5fa33722edd1,True,True,
2_jackson_31.wav,data/fsdd/recordings/2_jackson_31.wav,2,jackson,31,8000,3736,0.467,1,PCM_16,116ef7a93760792b88a7601927e5f403cd8fef9f5a552df5ed73f9526d3acc9f,True,True,
2_jackson_32.wav,data/fsdd/recordings/2_jackson_32.wav,2,jackson,32,8000,4074,0.50925,1,PCM_16,d2ede540324f69c11cc7745ab77bad99feb436a5dbc88014421be482112cd830,True,True,
2_jackson_33.wav,data/fsdd/recordings/2_jackson_33.wav,2,jackson,33,8000,4053,0.506625,1,PCM_16,491442c4acf6c5d13150b490b2073f7e3a9f951af5463d2aa11cf88558903ff5,True,True,
2_jackson_34.wav,data/fsdd/recordings/2_jackson_34.wav,2,jackson,34,8000,3904,0.488,1,PCM_16,a2f4d938b3122256e2ba00228765d192c6f1b82842616286e078b2b5f7f23a19,True,True,
2_jackson_35.wav,data/fsdd/recordings/2_jackson_35.wav,2,jackson,35,8000,3770,0.47125,1,PCM_16,fa8d12a05d2155884e26a719f18fe09a682cc31bae18ac7a0a862a5ab9233c73,True,True,
2_jackson_36.wav,data/fsdd/recordings/2_jackson_36.wav,2,jackson,36,8000,3913,0.489125,1,PCM_16,8503b42dbc2b59157ebe66dd93b6bde19fc99b28552456635cb3551ab163e1e3,True,True,
2_jackson_37.wav,data/fsdd/recordings/2_jackson_37.wav,2,jackson,37,8000,3232,0.404,1,PCM_16,ab742ae567df0d822da9af3d384030807faf2467950af28c0ade8df9e316519c,True,True,
2_jackson_38.wav,data/fsdd/recordings/2_jackson_38.wav,2,jackson,38,8000,3766,0.47075,1,PCM_16,951caf415e3dfef1fef642165ece0ac8dbb913815ed810dbba192f0e0ab59bbc,True,True,
2_jackson_39.wav,data/fsdd/recordings/2_jackson_39.wav,2,jackson,39,8000,3675,0.459375,1,PCM_16,205e6c9a1ac3be471c19dbfd58f46f5e13ed41a266d4e823de9fb1869b511254,True,True,
2_jackson_4.wav,data/fsdd/recordings/2_jackson_4.wav,2,jackson,4,8000,3816,0.477,1,PCM_16,e902bb0a2b3208aff47aab124c259f2bf061191af849fe60811804d4bb3dae57,True,True,
2_jackson_40.wav,data/fsdd/recordings/2_jackson_40.wav,2,jackson,40,8000,4413,0.551625,1,PCM_16,dea659dfd10c0e4b4f600be10088d8d7953b682397d81392a279ab088d8b407a,True,True,
2_jackson_41.wav,data/fsdd/recordings/2_jackson_41.wav,2,jackson,41,8000,4677,0.584625,1,PCM_16,124abe42b28a6f9f9e17cdc9c5aaeef695dfc0e7b30a5ce84166c4fe5181adcd,True,True,
2_jackson_42.wav,data/fsdd/recordings/2_jackson_42.wav,2,jackson,42,8000,4705,0.588125,1,PCM_16,5e92320f4d43aea1f3e3712fc11404532ca77bd6bf1e60e46f4c79aea5d04ea8,True,True,
2_jackson_43.wav,data/fsdd/recordings/2_jackson_43.wav,2,jackson,43,8000,4171,0.521375,1,PCM_16,ce687d8e6676737726cf534345ee9df412d7db379bc8b2464068065fb4ca698d,True,True,
2_jackson_44.wav,data/fsdd/recordings/2_jackson_44.wav,2,jackson,44,8000,4966,0.62075,1,PCM_16,ece52136f1c57631215cdb2cecd449845c7a3f85e1a0fea59763e968e1ff03e1,True,True,
2_jackson_45.wav,data/fsdd/recordings/2_jackson_45.wav,2,jackson,45,8000,5222,0.65275,1,PCM_16,0d6e24cf74ed38cf0217f1ee2e52100e4fcd016234481edb210635ff58fd8891,True,True,
2_jackson_46.wav,data/fsdd/recordings/2_jackson_46.wav,2,jackson,46,8000,4149,0.518625,1,PCM_16,83fa97f6eaf61c9865785cf49d68bdfec39fd4c63b4e4374fd282a6fe2eef40a,True,True,
2_jackson_47.wav,data/fsdd/recordings/2_jackson_47.wav,2,jackson,47,8000,3888,0.486,1,PCM_16,93b9c3a8d6026a2ed2815720a43c6dc8fa08f0e7dc8a35a15f398111d6a08f75,True,True,
2_jackson_48.wav,data/fsdd/recordings/2_jackson_48.wav,2,jackson,48,8000,4014,0.50175,1,PCM_16,28734d0a0c6cb78aafa031ace07edfc65263a4f68a1c8c2d4c99026dd59bb1b2,True,True,
2_jackson_49.wav,data/fsdd/recordings/2_jackson_49.wav,2,jackson,49,8000,4351,0.543875,1,PCM_16,83ea84f2932dadd79fee7111d3d4b62d02260aa5fa2ff4a1b5b924a0fcf87db2,True,True,
2_jackson_5.wav,data/fsdd/recordings/2_jackson_5.wav,2,jackson,5,8000,3796,0.4745,1,PCM_16,49df3b86061fc8bfa2e47866b186443a1b429820e3bf38f90cd2794e12be5cd9,True,True,
2_jackson_6.wav,data/fsdd/recordings/2_jackson_6.wav,2,jackson,6,8000,3724,0.4655,1,PCM_16,88be9fd5f1d1405eddf7f78234f16298fbfbe24777f19fec634c5d786ec42316,True,True,
2_jackson_7.wav,data/fsdd/recordings/2_jackson_7.wav,2,jackson,7,8000,3872,0.484,1,PCM_16,84db9052f52013399bf11c5a4d09597eb02ea65c1450d1b7a456fc33cba05a50,True,True,
2_jackson_8.wav,data/fsdd/recordings/2_jackson_8.wav,2,jackson,8,8000,3822,0.47775,1,PCM_16,97128f075e906b86bfbd6c266bf14f4f510e9819ed98c48814426a05e5683f5a,True,True,
2_jackson_9.wav,data/fsdd/recordings/2_jackson_9.wav,2,jackson,9,8000,4308,0.5385,1,PCM_16,2f31f2b5a4b06e2d7f04dc54ed89ef254458b1e0cd762df42ba4a5531e717f17,True,True,
2_lucas_0.wav,data/fsdd/recordings/2_lucas_0.wav,2,lucas,0,8000,2997,0.374625,1,PCM_16,1cc45214f58b07f3188a0474060cf04c600123d1bc05c9889f81a24e77edab2f,True,True,
2_lucas_1.wav,data/fsdd/recordings/2_lucas_1.wav,2,lucas,1,8000,3349,0.418625,1,PCM_16,2fc0b8646d1fc0f1931a40c8b34a726970798241d95ceb14eef4291902f47af6,True,True,
2_lucas_10.wav,data/fsdd/recordings/2_lucas_10.wav,2,lucas,10,8000,3345,0.418125,1,PCM_16,4ac3e1e82280cd093e2799e13594e4a43d86f90229a8ee29f568c1a892fc1aef,True,True,
2_lucas_11.wav,data/fsdd/recordings/2_lucas_11.wav,2,lucas,11,8000,4233,0.529125,1,PCM_16,114bdb876b5822884d6549d4fb56ca5fd5e27338ad81d5a36aff1ac57ae633da,True,True,
2_lucas_12.wav,data/fsdd/recordings/2_lucas_12.wav,2,lucas,12,8000,7348,0.9185,1,PCM_16,b9b1a397e2d8a9cb15e2be3330a9fcf8a04ed65208526fed41d1ee41be9e03d5,True,True,
2_lucas_13.wav,data/fsdd/recordings/2_lucas_13.wav,2,lucas,13,8000,2960,0.37,1,PCM_16,1b8dd661f7902b7374df0766bacbac6bda40a919245a1477528b5f4e3530df40,True,True,
2_lucas_14.wav,data/fsdd/recordings/2_lucas_14.wav,2,lucas,14,8000,3629,0.453625,1,PCM_16,91314f6f3383ccf2a113d7287d17390c470323a18dc40160eecaced41417750a,True,True,
2_lucas_15.wav,data/fsdd/recordings/2_lucas_15.wav,2,lucas,15,8000,4038,0.50475,1,PCM_16,7583786701740b3de15b73309459f14b441728079e948c9a79bf32b00b4e36b7,True,True,
2_lucas_16.wav,data/fsdd/recordings/2_lucas_16.wav,2,lucas,16,8000,7667,0.958375,1,PCM_16,f14f6047992357baafc73509f5dab007d0178768dbf711de8ee256c88d0f6b21,True,True,
2_lucas_17.wav,data/fsdd/recordings/2_lucas_17.wav,2,lucas,17,8000,4187,0.523375,1,PCM_16,1662375194d6fb69ce422363d6ce7d395c65f21f8c7314f165497e4aa13c26c7,True,True,
2_lucas_18.wav,data/fsdd/recordings/2_lucas_18.wav,2,lucas,18,8000,3353,0.419125,1,PCM_16,a517c907c831754e13fa596836348a7c8ad38301220e252c7eb3b12af4d3d476,True,True,
2_lucas_19.wav,data/fsdd/recordings/2_lucas_19.wav,2,lucas,19,8000,2901,0.362625,1,PCM_16,b0bed8a2f53d3fb7d335d1a4e859814a53b621f94e997ec6a7a457ad03e8f671,True,True,
2_lucas_2.wav,data/fsdd/recordings/2_lucas_2.wav,2,lucas,2,8000,3479,0.434875,1,PCM_16,b2e590e96a72a7b5815a3dab152024db570ddf127c84269c05a4d5caa1657911,True,True,
2_lucas_20.wav,data/fsdd/recordings/2_lucas_20.wav,2,lucas,20,8000,2905,0.363125,1,PCM_16,42c6aeac4d3c229d918ddad687515086c49360a69209e4b5be0f9aa798a460f4,True,True,
2_lucas_21.wav,data/fsdd/recordings/2_lucas_21.wav,2,lucas,21,8000,4338,0.54225,1,PCM_16,ac8079ced19fdde89ae1ee02c8533899e01f9017d93e8b48a39cc0edd5cdec0f,True,True,
2_lucas_22.wav,data/fsdd/recordings/2_lucas_22.wav,2,lucas,22,8000,3594,0.44925,1,PCM_16,72bbf21c680ae299be46b0b1d9bdb0f4b955ba6736bfe167cd7e9b42afe0c491,True,True,
2_lucas_23.wav,data/fsdd/recordings/2_lucas_23.wav,2,lucas,23,8000,3315,0.414375,1,PCM_16,880f64fdca3d28362d22e4b881185def0b913f442186af45131ff8193d296d8c,True,True,
2_lucas_24.wav,data/fsdd/recordings/2_lucas_24.wav,2,lucas,24,8000,3329,0.416125,1,PCM_16,6a561c699c8c7dee5acb1babaaefa7d597bc0d7cf43f8c9a69dc432be62d12e9,True,True,
2_lucas_25.wav,data/fsdd/recordings/2_lucas_25.wav,2,lucas,25,8000,5829,0.728625,1,PCM_16,97ca3ea1f6ca8c40f9f9dfb05d2c24913797528b1e2b25d26153f75e64106a91,True,True,
2_lucas_26.wav,data/fsdd/recordings/2_lucas_26.wav,2,lucas,26,8000,3859,0.482375,1,PCM_16,0333e726d361ba19c2c9d311358876b7b2232450ddf52ec85b95a3ef45b16957,True,True,
2_lucas_27.wav,data/fsdd/recordings/2_lucas_27.wav,2,lucas,27,8000,3840,0.48,1,PCM_16,cebf47e4893216027b742486fa3c1aa9e34abfa0110048d15455c8734a320e92,True,True,
2_lucas_28.wav,data/fsdd/recordings/2_lucas_28.wav,2,lucas,28,8000,3467,0.433375,1,PCM_16,9faeb66e6a11b901fad106b64273e9996c07c12f3dab779777ed4523961fde46,True,True,
2_lucas_29.wav,data/fsdd/recordings/2_lucas_29.wav,2,lucas,29,8000,3932,0.4915,1,PCM_16,4359d1000c097178e19fa1cc9b0e817b164cf670cc46299b6650d6b90ff46aca,True,True,
2_lucas_3.wav,data/fsdd/recordings/2_lucas_3.wav,2,lucas,3,8000,3394,0.42425,1,PCM_16,687c470afbbee002046726a9121d58c769cd02c8498daa2e6ac41ad138b70e29,True,True,
2_lucas_30.wav,data/fsdd/recordings/2_lucas_30.wav,2,lucas,30,8000,4543,0.567875,1,PCM_16,5d7f92761509ff61f2c94e0a4e4e3be6aecd59398fdfb4209005a80850b90720,True,True,
2_lucas_31.wav,data/fsdd/recordings/2_lucas_31.wav,2,lucas,31,8000,4895,0.611875,1,PCM_16,c08d499ba13adf3e74acd08a4c4a4216d04bff7123e3e8424c80d51abe8c5099,True,True,
2_lucas_32.wav,data/fsdd/recordings/2_lucas_32.wav,2,lucas,32,8000,3181,0.397625,1,PCM_16,6cfa7a0a39173355d9ee9b3d67332b7e9065cbdc93b04d885ce8e8c71ae2cfe3,True,True,
2_lucas_33.wav,data/fsdd/recordings/2_lucas_33.wav,2,lucas,33,8000,3137,0.392125,1,PCM_16,3844394904bd4466de164d5447e2e1a69a6ba25f4ea55c2d1c82863486313269,True,True,
2_lucas_34.wav,data/fsdd/recordings/2_lucas_34.wav,2,lucas,34,8000,4144,0.518,1,PCM_16,e5087bf6d3258f7ef9b17a8c94c3294bb5365499cb9c3d517aa16d58b989c1f6,True,True,
2_lucas_35.wav,data/fsdd/recordings/2_lucas_35.wav,2,lucas,35,8000,3119,0.389875,1,PCM_16,b8dba130f1f558ddedc49b9b7b6205317d31ea2ca39d254c667bb4f40e7a3c4d,True,True,
2_lucas_36.wav,data/fsdd/recordings/2_lucas_36.wav,2,lucas,36,8000,4289,0.536125,1,PCM_16,4e3f57f0f92262889ce1f38edbedbdde26d71ed88f24ad8268fb62825b80246a,True,True,
2_lucas_37.wav,data/fsdd/recordings/2_lucas_37.wav,2,lucas,37,8000,3104,0.388,1,PCM_16,ea1f2d86b7c204c384b9c738630e2a0d7b5395c04fa1b473406d4e9e65dafbb9,True,True,
2_lucas_38.wav,data/fsdd/recordings/2_lucas_38.wav,2,lucas,38,8000,4485,0.560625,1,PCM_16,46a0ff1d8ddff6b8f17c423d6e88cbdc4d453d2d9578105f270f8ffa6e3b987b,True,True,
2_lucas_39.wav,data/fsdd/recordings/2_lucas_39.wav,2,lucas,39,8000,3005,0.375625,1,PCM_16,fd065b3581eae6cccc449f64c93434687ba6e2b3b84d881645a37e0f23cc2415,True,True,
2_lucas_4.wav,data/fsdd/recordings/2_lucas_4.wav,2,lucas,4,8000,3364,0.4205,1,PCM_16,e50e731cb732f7b7ff4e293f5bc80cbea35834b532d914ac9b1b5c62386aa2b7,True,True,
2_lucas_40.wav,data/fsdd/recordings/2_lucas_40.wav,2,lucas,40,8000,3586,0.44825,1,PCM_16,773e5c12289929b96d8963812c27d421914c535e3bf154bf34d021e5c0e96796,True,True,
2_lucas_41.wav,data/fsdd/recordings/2_lucas_41.wav,2,lucas,41,8000,4139,0.517375,1,PCM_16,2f0f6c2934ece0c4f160559cb4fd2752f8923301d9c49616cef0936554e049c6,True,True,
2_lucas_42.wav,data/fsdd/recordings/2_lucas_42.wav,2,lucas,42,8000,3822,0.47775,1,PCM_16,31923aa25834fc65b179aaa6f546e09dca051218654e5c185b5df08a99358e0e,True,True,
2_lucas_43.wav,data/fsdd/recordings/2_lucas_43.wav,2,lucas,43,8000,3468,0.4335,1,PCM_16,9ed2f7a54ebf1a2b7ce07981264e9c8f1962e162e5c4cf5cb70c5ab58727ae4c,True,True,
2_lucas_44.wav,data/fsdd/recordings/2_lucas_44.wav,2,lucas,44,8000,4305,0.538125,1,PCM_16,2a1524404647c1bf42cc751bb78879daa774f6c1038775ed68564c4dca614fda,True,True,
2_lucas_45.wav,data/fsdd/recordings/2_lucas_45.wav,2,lucas,45,8000,3999,0.499875,1,PCM_16,6c596bd33bf6742693f78f23c3ce0df309c179b6f2edec44ea8c3e3fbbeda824,True,True,
2_lucas_46.wav,data/fsdd/recordings/2_lucas_46.wav,2,lucas,46,8000,7807,0.975875,1,PCM_16,af9b50dca87841b78909b6eb295863775b2610f770355bf18db4f572f8ab656b,True,True,
2_lucas_47.wav,data/fsdd/recordings/2_lucas_47.wav,2,lucas,47,8000,3424,0.428,1,PCM_16,8cc7870cb20f389d5ec525a754d5493cd1c490e4f657d64018ab5579054f4681,True,True,
2_lucas_48.wav,data/fsdd/recordings/2_lucas_48.wav,2,lucas,48,8000,4645,0.580625,1,PCM_16,926d006cf1ef05eef3b9527bb17f1b5981d7293627ec1767752e23d9217ea9c4,True,True,
2_lucas_49.wav,data/fsdd/recordings/2_lucas_49.wav,2,lucas,49,8000,9707,1.213375,1,PCM_16,dc30fb35089f4f7bcd3c6fbc298ff6052907eea67283663ba95752059a642c08,True,True,
2_lucas_5.wav,data/fsdd/recordings/2_lucas_5.wav,2,lucas,5,8000,3244,0.4055,1,PCM_16,206683caef2151020be6cbabfdff923c018fbe685dbbc96dc4bdaa415306fb55,True,True,
2_lucas_6.wav,data/fsdd/recordings/2_lucas_6.wav,2,lucas,6,8000,4163,0.520375,1,PCM_16,6de89ff3009f4ca00744813f47f5e32532da7393386cf1afeaa28292700540a8,True,True,
2_lucas_7.wav,data/fsdd/recordings/2_lucas_7.wav,2,lucas,7,8000,3755,0.469375,1,PCM_16,dba390ff33cbc8ba167af35b37900da86b28bdb1b56dd0a2fe92128121d6fa70,True,True,
2_lucas_8.wav,data/fsdd/recordings/2_lucas_8.wav,2,lucas,8,8000,3412,0.4265,1,PCM_16,9cabdad852efe6a31db210977b25bdc1d94f3a0242b77593d691e244421ce0a4,True,True,
2_lucas_9.wav,data/fsdd/recordings/2_lucas_9.wav,2,lucas,9,8000,7845,0.980625,1,PCM_16,76f54a6ebe3d586e6430e7e72d53bf1740a5e2ce88055b895f87b546a017c100,True,True,
2_nicolas_0.wav,data/fsdd/recordings/2_nicolas_0.wav,2,nicolas,0,8000,2856,0.357,1,PCM_16,e55aea8bd4d83d0ae4de1b5a4b67a613f17aa00406cd726c352a061001308beb,True,True,
2_nicolas_1.wav,data/fsdd/recordings/2_nicolas_1.wav,2,nicolas,1,8000,2385,0.298125,1,PCM_16,dc2ed3a0d4350a248e1ea2cdcf6ba32b8173eb583dbaccb0150353bb74bfd3d6,True,True,
2_nicolas_10.wav,data/fsdd/recordings/2_nicolas_10.wav,2,nicolas,10,8000,2545,0.318125,1,PCM_16,4ad6e64a599ddf9a1590b1514872fb9cb16e625b1ab7fdf4b8f5344ec8f179d7,True,True,
2_nicolas_11.wav,data/fsdd/recordings/2_nicolas_11.wav,2,nicolas,11,8000,2744,0.343,1,PCM_16,1304967bfff9734082a669b38a425dff612772d9867b8beeef1bab600c417f8b,True,True,
2_nicolas_12.wav,data/fsdd/recordings/2_nicolas_12.wav,2,nicolas,12,8000,2149,0.268625,1,PCM_16,497ff2d7aa4a76b097d933b38ce62e19ca93ebc1c890296661899e7069352118,True,True,
2_nicolas_13.wav,data/fsdd/recordings/2_nicolas_13.wav,2,nicolas,13,8000,2479,0.309875,1,PCM_16,3ff8c94496ec9f0f34f7ce00aa564d61d1a51d6b67faf92d31bc0cdd8ae6747a,True,True,
2_nicolas_14.wav,data/fsdd/recordings/2_nicolas_14.wav,2,nicolas,14,8000,2711,0.338875,1,PCM_16,572c0352b00d191c748fc3e9f102f0d831932f69fe3388ea9e369615ca7eb2b3,True,True,
2_nicolas_15.wav,data/fsdd/recordings/2_nicolas_15.wav,2,nicolas,15,8000,2677,0.334625,1,PCM_16,7a777d77d45904ceec4ea6e3fb346d4e19eea2fb6ab4b5778c45320725a3ca43,True,True,
2_nicolas_16.wav,data/fsdd/recordings/2_nicolas_16.wav,2,nicolas,16,8000,2645,0.330625,1,PCM_16,70c64fbdc2cf3509993da04f62daff5042a16d69b19f49e3d3637a809c0c8c82,True,True,
2_nicolas_17.wav,data/fsdd/recordings/2_nicolas_17.wav,2,nicolas,17,8000,2446,0.30575,1,PCM_16,afbf1cfae2df06f9292f95c72462727a0be7f1eaea88e946ede43cd5bba154be,True,True,
2_nicolas_18.wav,data/fsdd/recordings/2_nicolas_18.wav,2,nicolas,18,8000,3174,0.39675,1,PCM_16,73ea4966d972629089b053016737aacab7721317ccd3140ffad1d7783a4cfeac,True,True,
2_nicolas_19.wav,data/fsdd/recordings/2_nicolas_19.wav,2,nicolas,19,8000,2016,0.252,1,PCM_16,967240daf631bf02921180ad13e06afa2ee09584e2c28eb84cc5994b5a8a3fe7,True,True,
2_nicolas_2.wav,data/fsdd/recordings/2_nicolas_2.wav,2,nicolas,2,8000,2918,0.36475,1,PCM_16,cb10ee17e0258b92c5a8d992264ee313ece704f0a37fb2eb1222b78be55822f1,True,True,
2_nicolas_20.wav,data/fsdd/recordings/2_nicolas_20.wav,2,nicolas,20,8000,2240,0.28,1,PCM_16,2ea1eb9652d9e616ef47b2bc11f20de5490d7d6d7cef5ba9e9a22eab7b64e01f,True,True,
2_nicolas_21.wav,data/fsdd/recordings/2_nicolas_21.wav,2,nicolas,21,8000,1493,0.186625,1,PCM_16,0b3fce955de9a81ec6ba1ca217f244db86ff5d5d4251b56850422b0b31b74318,True,True,
2_nicolas_22.wav,data/fsdd/recordings/2_nicolas_22.wav,2,nicolas,22,8000,2768,0.346,1,PCM_16,1d887f507c7a244932fcf497583fcd88c094f4e3f26ba9cea4da215b63acbbd6,True,True,
2_nicolas_23.wav,data/fsdd/recordings/2_nicolas_23.wav,2,nicolas,23,8000,1525,0.190625,1,PCM_16,483959027aabc1b9b9c6c47e2eec26f4feb02df2e69210daa78a6a5f845235e8,True,True,
2_nicolas_24.wav,data/fsdd/recordings/2_nicolas_24.wav,2,nicolas,24,8000,1742,0.21775,1,PCM_16,7ad026ca5e4b3eeb87c1e5eacfb475fede7d28cc02ae8980e4c9a127a01b54eb,True,True,
2_nicolas_25.wav,data/fsdd/recordings/2_nicolas_25.wav,2,nicolas,25,8000,2862,0.35775,1,PCM_16,76f30be555336caeebbc0b2760a2bcd0119758f397090e024f9441234e934f26,True,True,
2_nicolas_26.wav,data/fsdd/recordings/2_nicolas_26.wav,2,nicolas,26,8000,2302,0.28775,1,PCM_16,cd0cd381f0925d928584dd71fa51ebab3119f193857dbf63d383f5d794ef986a,True,True,
2_nicolas_27.wav,data/fsdd/recordings/2_nicolas_27.wav,2,nicolas,27,8000,1866,0.23325,1,PCM_16,aa8952148f1f980d1526e88055c67b66f852f5e7b3d69b8768cbb2d31048f027,True,True,
2_nicolas_28.wav,data/fsdd/recordings/2_nicolas_28.wav,2,nicolas,28,8000,2924,0.3655,1,PCM_16,4de0d9540116289595bb96cb469a5a3b9dd1f324c83bba7a842dd638b3d883f0,True,True,
2_nicolas_29.wav,data/fsdd/recordings/2_nicolas_29.wav,2,nicolas,29,8000,2427,0.303375,1,PCM_16,2f045c8b391af5a673734b76113e7ffa703f14243d266efc378330ee896e7eda,True,True,
2_nicolas_3.wav,data/fsdd/recordings/2_nicolas_3.wav,2,nicolas,3,8000,1914,0.23925,1,PCM_16,dd4d206c2a0e6ca764fbd36dd0168a4d2eb010c3e8e93c176f83661bb98844c4,True,True,
2_nicolas_30.wav,data/fsdd/recordings/2_nicolas_30.wav,2,nicolas,30,8000,2208,0.276,1,PCM_16,0ff8b6eec87af133ad6ad7e9c739c01283007393627fc54691059991d4c9c3b3,True,True,
2_nicolas_31.wav,data/fsdd/recordings/2_nicolas_31.wav,2,nicolas,31,8000,1568,0.196,1,PCM_16,ca846dc9afdcfe7bc89fd11493cb378efac33cc7c52d278a92d46626e643757a,True,True,
2_nicolas_32.wav,data/fsdd/recordings/2_nicolas_32.wav,2,nicolas,32,8000,1627,0.203375,1,PCM_16,88a5a039f364308101b54f5275cea87772a4e0286df575d9b25c4d383f044dce,True,True,
2_nicolas_33.wav,data/fsdd/recordings/2_nicolas_33.wav,2,nicolas,33,8000,1772,0.2215,1,PCM_16,bf8890cfc0b402ebc6b6d0665ff270d62366b6515bc77e09578e3031eeafb248,True,True,
2_nicolas_34.wav,data/fsdd/recordings/2_nicolas_34.wav,2,nicolas,34,8000,2498,0.31225,1,PCM_16,e6dab25fca4166b255f6b821f78ef9f8ce471d1fd47a48cbb271edf32e2f6192,True,True,
2_nicolas_35.wav,data/fsdd/recordings/2_nicolas_35.wav,2,nicolas,35,8000,2730,0.34125,1,PCM_16,b6fd525bbc240fa7b50b41e235aa4804e7e5ca85f11cd9e6ccb682c962488589,True,True,
2_nicolas_36.wav,data/fsdd/recordings/2_nicolas_36.wav,2,nicolas,36,8000,2615,0.326875,1,PCM_16,0cb48b3ecae14027831399ca480bed442ec80fb3868087958cdb3d412f9c1a51,True,True,
2_nicolas_37.wav,data/fsdd/recordings/2_nicolas_37.wav,2,nicolas,37,8000,1597,0.199625,1,PCM_16,59907780aeb9802ddbcbe4f69e4b5045f645245965a6cff1962eb1a2e1e0c48b,True,True,
2_nicolas_38.wav,data/fsdd/recordings/2_nicolas_38.wav,2,nicolas,38,8000,2789,0.348625,1,PCM_16,747bce75e89ca7e3bbc9bc90af4fb3daabb7fb296ac4c540e757f69a6d1ac1eb,True,True,
2_nicolas_39.wav,data/fsdd/recordings/2_nicolas_39.wav,2,nicolas,39,8000,1801,0.225125,1,PCM_16,524957be73241479f48f0b8889480c5943e7d01484be04337aa00a29a95f871f,True,True,
2_nicolas_4.wav,data/fsdd/recordings/2_nicolas_4.wav,2,nicolas,4,8000,2667,0.333375,1,PCM_16,9179a9c25e6b531040246aaab57e7534b4def7ececc7edcce25ddc2c4bce52fe,True,True,
2_nicolas_40.wav,data/fsdd/recordings/2_nicolas_40.wav,2,nicolas,40,8000,2754,0.34425,1,PCM_16,7fc971d0413ff9146972c9c03f69701c2731ef4845f1a003414425a0c7182930,True,True,
2_nicolas_41.wav,data/fsdd/recordings/2_nicolas_41.wav,2,nicolas,41,8000,2878,0.35975,1,PCM_16,bcfb26e483ea968afa363380c0c193045887f702d0f1143f563afa442041dade,True,True,
2_nicolas_42.wav,data/fsdd/recordings/2_nicolas_42.wav,2,nicolas,42,8000,2382,0.29775,1,PCM_16,15623b33c8d6e65bf7432bf8332808ee07b7d34949c2f421966353e34388b40d,True,True,
2_nicolas_43.wav,data/fsdd/recordings/2_nicolas_43.wav,2,nicolas,43,8000,2569,0.321125,1,PCM_16,a303a9f3c51334dc9b493d24d4dc6b00439c6bfd4740e6e96a0638dfd2aea3b7,True,True,
2_nicolas_44.wav,data/fsdd/recordings/2_nicolas_44.wav,2,nicolas,44,8000,2506,0.31325,1,PCM_16,83304e63c76624c56adbc453def09b39aa17730c3d76a723106b1b1d5bc9e3c8,True,True,
2_nicolas_45.wav,data/fsdd/recordings/2_nicolas_45.wav,2,nicolas,45,8000,2259,0.282375,1,PCM_16,62e0aa9b0582e7553cd9be2af1cf306e6f29c54ca7cbe1a128906cd250e66386,True,True,
2_nicolas_46.wav,data/fsdd/recordings/2_nicolas_46.wav,2,nicolas,46,8000,2228,0.2785,1,PCM_16,dcada1bf0f1cc501db5b1de9948bc013607d367a32d672481d34a0c670f79e9d,True,True,
2_nicolas_47.wav,data/fsdd/recordings/2_nicolas_47.wav,2,nicolas,47,8000,3372,0.4215,1,PCM_16,cb52fbff41e2d0fd563fe12eec33281c3664268fbf297acd168e6c4d28ba28c0,True,True,
2_nicolas_48.wav,data/fsdd/recordings/2_nicolas_48.wav,2,nicolas,48,8000,3342,0.41775,1,PCM_16,e0c3a22a043bffbc682b36167d8e648488aa7066173519ca8101c34bfc3dbc22,True,True,
2_nicolas_49.wav,data/fsdd/recordings/2_nicolas_49.wav,2,nicolas,49,8000,2878,0.35975,1,PCM_16,90528fae6f4da6da170d03ec796afd8c66d41808cf4df5f66fabccbb72f7d371,True,True,
2_nicolas_5.wav,data/fsdd/recordings/2_nicolas_5.wav,2,nicolas,5,8000,1475,0.184375,1,PCM_16,cc455c96a7f239ac51bcb87b43e24911932234a76c39369f4c23c5a4ec85dffc,True,True,
2_nicolas_6.wav,data/fsdd/recordings/2_nicolas_6.wav,2,nicolas,6,8000,1852,0.2315,1,PCM_16,ee6a7571be65ad00e0a23ef5caa498891b6ddc8f5b7b5eba55278de413f23f10,True,True,
2_nicolas_7.wav,data/fsdd/recordings/2_nicolas_7.wav,2,nicolas,7,8000,2322,0.29025,1,PCM_16,3c993efa99fa650d2dd01f5c1eb6c4bf385b33683591af96be32082130508b2a,True,True,
2_nicolas_8.wav,data/fsdd/recordings/2_nicolas_8.wav,2,nicolas,8,8000,1914,0.23925,1,PCM_16,640bfe3968250e1c5d473a670db9058e381ccb0c2cccf7b83f711b667393e34c,True,True,
2_nicolas_9.wav,data/fsdd/recordings/2_nicolas_9.wav,2,nicolas,9,8000,2824,0.353,1,PCM_16,f6a058baf8911f253a65294e5216db1f54f0cdb1a9c0563a1a4c0b6a6436b26a,True,True,
2_theo_0.wav,data/fsdd/recordings/2_theo_0.wav,2,theo,0,8000,1953,0.244125,1,PCM_16,226a6abb912b3f1039a66f472748fb155cff0da00f3f2a7c091b74f937803a29,True,True,
2_theo_1.wav,data/fsdd/recordings/2_theo_1.wav,2,theo,1,8000,1819,0.227375,1,PCM_16,62a0ab262652b3dad25a6553950f2d7490c5f7e89468bb7616d457ddffca5f1d,True,True,
2_theo_10.wav,data/fsdd/recordings/2_theo_10.wav,2,theo,10,8000,1664,0.208,1,PCM_16,84998e4582793b22e07ef062dabad75415938a76e5665cec8b7dc6aeca4e47c7,True,True,
2_theo_11.wav,data/fsdd/recordings/2_theo_11.wav,2,theo,11,8000,1962,0.24525,1,PCM_16,1604e0c8325aa163528b9659c04056fa1a469c15fa7e2420afad729424decc96,True,True,
2_theo_12.wav,data/fsdd/recordings/2_theo_12.wav,2,theo,12,8000,2273,0.284125,1,PCM_16,a72fcf272293789093231ff1c1e0e5caffc96339251e11ac643eae2df5550404,True,True,
2_theo_13.wav,data/fsdd/recordings/2_theo_13.wav,2,theo,13,8000,2064,0.258,1,PCM_16,4cb0651ee27d450871eb7ca0f7f2f9ba5b2ca1e845b2e533a0f6f327adf67c89,True,True,
2_theo_14.wav,data/fsdd/recordings/2_theo_14.wav,2,theo,14,8000,2098,0.26225,1,PCM_16,f702de8a4d553507ed6005c78c85b6a2b846957c2057a7668db4e14b61d386ec,True,True,
2_theo_15.wav,data/fsdd/recordings/2_theo_15.wav,2,theo,15,8000,2104,0.263,1,PCM_16,19e194eb55487b4a99c5575de61618f1fd3adc948317be32ccf6fa5cdc772eb0,True,True,
2_theo_16.wav,data/fsdd/recordings/2_theo_16.wav,2,theo,16,8000,3850,0.48125,1,PCM_16,2914db506eeae3298d38a8f3c7743d6b64c8d26a4c933a6979bd344b40428c05,True,True,
2_theo_17.wav,data/fsdd/recordings/2_theo_17.wav,2,theo,17,8000,2663,0.332875,1,PCM_16,419cfc7f78357e3b57da352131483fdfaedd280ebcdcb17d01e6a25b7c27a4a8,True,True,
2_theo_18.wav,data/fsdd/recordings/2_theo_18.wav,2,theo,18,8000,1639,0.204875,1,PCM_16,53250a79c110f88218b45360e50a5df653d164237c07872503d7cf162cbb38e7,True,True,
2_theo_19.wav,data/fsdd/recordings/2_theo_19.wav,2,theo,19,8000,3865,0.483125,1,PCM_16,8f5ca5b7c0bcaebc3cec007996e498f219ab95e884838747ce05d62e99fd45bc,True,True,
2_theo_2.wav,data/fsdd/recordings/2_theo_2.wav,2,theo,2,8000,4216,0.527,1,PCM_16,3c332f5be27a34c9604e1d59b8ead49dcb49922a4c005545b16c7d41d0d96733,True,True,
2_theo_20.wav,data/fsdd/recordings/2_theo_20.wav,2,theo,20,8000,2958,0.36975,1,PCM_16,f20ef12129d979e6182808f606fe1654f0d04f533d1dec87a736f74092f9a349,True,True,
2_theo_21.wav,data/fsdd/recordings/2_theo_21.wav,2,theo,21,8000,3307,0.413375,1,PCM_16,7d99ca979a43073e779951382b219e8e0cdcc001799ba9d7a1d8c356b9e8c27e,True,True,
2_theo_22.wav,data/fsdd/recordings/2_theo_22.wav,2,theo,22,8000,2907,0.363375,1,PCM_16,d31a0f3a27d27644732140af78e2331b2823a325ba3d7155fb381c31c548f05e,True,True,
2_theo_23.wav,data/fsdd/recordings/2_theo_23.wav,2,theo,23,8000,3682,0.46025,1,PCM_16,bf082eb26def4e3205177ec2ac2835ed0648682305beb7d3afa480d54702cec7,True,True,
2_theo_24.wav,data/fsdd/recordings/2_theo_24.wav,2,theo,24,8000,5167,0.645875,1,PCM_16,09d6c56c56960db9b953408549d677d618cd867b32644ecca73da0ef041f98f4,True,True,
2_theo_25.wav,data/fsdd/recordings/2_theo_25.wav,2,theo,25,8000,5324,0.6655,1,PCM_16,e70800b8205879f9058cfcde60f7ce1dbf84ef4096be4c3018045ddce84fcc9a,True,True,
2_theo_26.wav,data/fsdd/recordings/2_theo_26.wav,2,theo,26,8000,4984,0.623,1,PCM_16,90f0ebcba6f0b669de833eec7597df0ed753d5efab57ef6200937193edc428f5,True,True,
2_theo_27.wav,data/fsdd/recordings/2_theo_27.wav,2,theo,27,8000,3548,0.4435,1,PCM_16,0b9183e5848df0d2a707936789875f9b2a8a8aec36876607fd6e4dc580fdb222,True,True,
2_theo_28.wav,data/fsdd/recordings/2_theo_28.wav,2,theo,28,8000,3089,0.386125,1,PCM_16,852c9d5a82585f960831386b655db22e08a5261812e5eb63fea86560f301e0f0,True,True,
2_theo_29.wav,data/fsdd/recordings/2_theo_29.wav,2,theo,29,8000,3403,0.425375,1,PCM_16,3e1a646a02adac5f89d30dbb5b2aa90974fce81b0ef1c873e98144571cff11a4,True,True,
2_theo_3.wav,data/fsdd/recordings/2_theo_3.wav,2,theo,3,8000,1601,0.200125,1,PCM_16,99aeba325922fd85434573dfa3e121d202fbd87c823f634bcfad65e06bac5875,True,True,
2_theo_30.wav,data/fsdd/recordings/2_theo_30.wav,2,theo,30,8000,2068,0.2585,1,PCM_16,5a512aee2e063f65e0d1f4f71f7f2621198cec3573e2ff87b7f70e25a016daa7,True,True,
2_theo_31.wav,data/fsdd/recordings/2_theo_31.wav,2,theo,31,8000,2673,0.334125,1,PCM_16,b459c406ea98940b844f3383c51c9d3e5c1d4c84d4be328b02facf82c18916f4,True,True,
2_theo_32.wav,data/fsdd/recordings/2_theo_32.wav,2,theo,32,8000,2185,0.273125,1,PCM_16,3277062122ef952a4dd61b2fa1f1eca708f6436e11eb7b13b05b97e78df4eabc,True,True,
2_theo_33.wav,data/fsdd/recordings/2_theo_33.wav,2,theo,33,8000,2247,0.280875,1,PCM_16,5f7fa1c7d6e880c6cd8440e86544ba09c1ec284e522005d0018f97e53ef21fb9,True,True,
2_theo_34.wav,data/fsdd/recordings/2_theo_34.wav,2,theo,34,8000,1288,0.161,1,PCM_16,046b97b68e5eb69da2a6ba630a96f97dc5ca21a6a0b124a81acb117939f2c1f5,True,True,
2_theo_35.wav,data/fsdd/recordings/2_theo_35.wav,2,theo,35,8000,2153,0.269125,1,PCM_16,96a6351c2af7d7f4f98f372a7bea9a8262b642d5e722e13fdcfc80ae8f473f6f,True,True,
2_theo_36.wav,data/fsdd/recordings/2_theo_36.wav,2,theo,36,8000,2190,0.27375,1,PCM_16,5e40a8c80bf5a978165e60bdf352a468c458554b25c6dce25bd471917ec9b9d8,True,True,
2_theo_37.wav,data/fsdd/recordings/2_theo_37.wav,2,theo,37,8000,2139,0.267375,1,PCM_16,c7f36c137ba137630dd8241a3aadce54ebee5e7510aafe8b84669fd34fd5ea05,True,True,
2_theo_38.wav,data/fsdd/recordings/2_theo_38.wav,2,theo,38,8000,2869,0.358625,1,PCM_16,f002d40a046a93be638de2eb59e5a93de5a214d38d2b73aa7cd7b961d9ce70d8,True,True,
2_theo_39.wav,data/fsdd/recordings/2_theo_39.wav,2,theo,39,8000,2226,0.27825,1,PCM_16,9763ec553063f62811163ad13a8032b4df531814d68039e37a5c80657c58dcf7,True,True,
2_theo_4.wav,data/fsdd/recordings/2_theo_4.wav,2,theo,4,8000,2129,0.266125,1,PCM_16,5a95f465826c9d25a30a05b29e5f9e11708adda7bb6b18c5b631c4e09bda7fdc,True,True,
2_theo_40.wav,data/fsdd/recordings/2_theo_40.wav,2,theo,40,8000,1910,0.23875,1,PCM_16,3dbdd9c2f73802b9a6b3bcca9e090ac8c83a66899c6b16e8960af9b5eba96c74,True,True,
2_theo_41.wav,data/fsdd/recordings/2_theo_41.wav,2,theo,41,8000,2264,0.283,1,PCM_16,c8d3e58c10c346e75ec4afe46979cacacc036cd02b98e349cfc4498dd0cc28be,True,True,
2_theo_42.wav,data/fsdd/recordings/2_theo_42.wav,2,theo,42,8000,2112,0.264,1,PCM_16,d84550adf76663d957e03daff24270e90f69dd1f54dd1066c9948eb7edf31b8c,True,True,
2_theo_43.wav,data/fsdd/recordings/2_theo_43.wav,2,theo,43,8000,1854,0.23175,1,PCM_16,3032426a63c979ef9e3d730bafc00238aaeb00757115f211d586ac2155f1af8f,True,True,
2_theo_44.wav,data/fsdd/recordings/2_theo_44.wav,2,theo,44,8000,1807,0.225875,1,PCM_16,0b0f99c56717db80ab786409b7834e6454dda3e5ae9296dd6d7e7024d16219d7,True,True,
2_theo_45.wav,data/fsdd/recordings/2_theo_45.wav,2,theo,45,8000,2121,0.265125,1,PCM_16,6ab87569871e91acb3426febd66c04df8c776da648cfa84d072d329987877080,True,True,
2_theo_46.wav,data/fsdd/recordings/2_theo_46.wav,2,theo,46,8000,2078,0.25975,1,PCM_16,917fcca623efecf3498e13a9536c7f123df9fda78f7ed0677945eabe7099991a,True,True,
2_theo_47.wav,data/fsdd/recordings/2_theo_47.wav,2,theo,47,8000,1704,0.213,1,PCM_16,47da7f574235571b4e20da32c21480485bd89235c4d4545be88e10f533024f4b,True,True,
2_theo_48.wav,data/fsdd/recordings/2_theo_48.wav,2,theo,48,8000,1896,0.237,1,PCM_16,7d4c4fb8fb97304e411746c4aafcf5e7a7c9512524ce9db884a1223d3cf23c01,True,True,
2_theo_49.wav,data/fsdd/recordings/2_theo_49.wav,2,theo,49,8000,2042,0.25525,1,PCM_16,11ab2e1479a640a52010d4efb62efd2d310f4a10bc201375256d403d0910acba,True,True,
2_theo_5.wav,data/fsdd/recordings/2_theo_5.wav,2,theo,5,8000,2192,0.274,1,PCM_16,c808b74a405d7d802e30e8e7c2e2961f4a4de0f59e1bb78f4cb8e4d2d74823da,True,True,
2_theo_6.wav,data/fsdd/recordings/2_theo_6.wav,2,theo,6,8000,1854,0.23175,1,PCM_16,2e2a91beb81c2b97289ca36b597212f3310974a64d867b0885633cb42407b0f9,True,True,
2_theo_7.wav,data/fsdd/recordings/2_theo_7.wav,2,theo,7,8000,2037,0.254625,1,PCM_16,c16455d73c2bef4b87112644337b9eea86b7916fb288b99d1176cab3ea4842ac,True,True,
2_theo_8.wav,data/fsdd/recordings/2_theo_8.wav,2,theo,8,8000,2146,0.26825,1,PCM_16,233d6f2f05728f89462af04370f9361f64664bfcbfcb00e9543e4e971b23b0d0,True,True,
2_theo_9.wav,data/fsdd/recordings/2_theo_9.wav,2,theo,9,8000,1943,0.242875,1,PCM_16,135b47f82c3b89a104344c8a1deb785b2a8abed4043102dcaabe16a6ddd71361,True,True,
2_yweweler_0.wav,data/fsdd/recordings/2_yweweler_0.wav,2,yweweler,0,8000,2199,0.274875,1,PCM_16,0d14dff97f0783d0dbbed08cd2b407dad98dda9d25e4ebf84a6bcbdb18c62d60,True,True,
2_yweweler_1.wav,data/fsdd/recordings/2_yweweler_1.wav,2,yweweler,1,8000,2430,0.30375,1,PCM_16,3f62bc025335cb887215510406d3de03decba8014734654b044a1538457e1b8a,True,True,
2_yweweler_10.wav,data/fsdd/recordings/2_yweweler_10.wav,2,yweweler,10,8000,2123,0.265375,1,PCM_16,cccb2d16fbd7df169a6c0360fb3acd289d7a343f12cede7818964adcf24940ef,True,True,
2_yweweler_11.wav,data/fsdd/recordings/2_yweweler_11.wav,2,yweweler,11,8000,2257,0.282125,1,PCM_16,fc7e7844ad4841d9c6955c7990f22b5e9d78f19f0d16e85eae56ec930eb3db1f,True,True,
2_yweweler_12.wav,data/fsdd/recordings/2_yweweler_12.wav,2,yweweler,12,8000,2194,0.27425,1,PCM_16,9d714d29caa38a4f76580ee8ed0048d067395985ac07470c7277ccb391359462,True,True,
2_yweweler_13.wav,data/fsdd/recordings/2_yweweler_13.wav,2,yweweler,13,8000,2139,0.267375,1,PCM_16,0dacc6da334b4fa046f80b6c9b62876a2f09188af22407755b54a651a08e96d1,True,True,
2_yweweler_14.wav,data/fsdd/recordings/2_yweweler_14.wav,2,yweweler,14,8000,2485,0.310625,1,PCM_16,ca7ead92b8d1268bd21550cc4e4b67f1734356c4fa78481aba091ff0dc7e54dd,True,True,
2_yweweler_15.wav,data/fsdd/recordings/2_yweweler_15.wav,2,yweweler,15,8000,2331,0.291375,1,PCM_16,74996aea7b221d4ff6d50b43ad53796bbe21f45213b16ffeab2ad38f386dd376,True,True,
2_yweweler_16.wav,data/fsdd/recordings/2_yweweler_16.wav,2,yweweler,16,8000,2566,0.32075,1,PCM_16,ea391967b1c7c730dd4e28b07a583a0fea4a4aa8c3a8a528b5549183b3db8ebf,True,True,
2_yweweler_17.wav,data/fsdd/recordings/2_yweweler_17.wav,2,yweweler,17,8000,2411,0.301375,1,PCM_16,4db0b0d134ccb31c8296b4c9e5496e1e6829bbb2466c1b4409e528960f93ff70,True,True,
2_yweweler_18.wav,data/fsdd/recordings/2_yweweler_18.wav,2,yweweler,18,8000,2402,0.30025,1,PCM_16,dd437f75fbd7a441d1cd7cc9aeca73ef934077bfeffc6403e845c1a37df3253c,True,True,
2_yweweler_19.wav,data/fsdd/recordings/2_yweweler_19.wav,2,yweweler,19,8000,2027,0.253375,1,PCM_16,1d4a7fe8bb0f880735ae309f252fffa4043cab4df732ec46bff3fa085a457338,True,True,
2_yweweler_2.wav,data/fsdd/recordings/2_yweweler_2.wav,2,yweweler,2,8000,1906,0.23825,1,PCM_16,464fc9f6602fbbda43687c01ccb3edc8b46fc35e4d42841b88314fb7c07bcefe,True,True,
2_yweweler_20.wav,data/fsdd/recordings/2_yweweler_20.wav,2,yweweler,20,8000,2339,0.292375,1,PCM_16,ced0eb233940ec94f39b72665955fcfb75bf39d96ebddf48e580d761b2076642,True,True,
2_yweweler_21.wav,data/fsdd/recordings/2_yweweler_21.wav,2,yweweler,21,8000,2455,0.306875,1,PCM_16,b89b5891de600c866516c09d06e17c7f76bde88aa9a8dba32135b56fc8b3ac51,True,True,
2_yweweler_22.wav,data/fsdd/recordings/2_yweweler_22.wav,2,yweweler,22,8000,2426,0.30325,1,PCM_16,5531ade9538dd9cabc12f997ebc1f43a14f5d0c468e03e2bdc451373f4a34f1d,True,True,
2_yweweler_23.wav,data/fsdd/recordings/2_yweweler_23.wav,2,yweweler,23,8000,2403,0.300375,1,PCM_16,88377b8df4ad6bce635bc2bca8a5169156fd29c31018496b9f51c30d9255a828,True,True,
2_yweweler_24.wav,data/fsdd/recordings/2_yweweler_24.wav,2,yweweler,24,8000,2306,0.28825,1,PCM_16,b54f373f711cf4e012e207311b768fd7b29abf43bcfcae1a4bddc13804ecbd95,True,True,
2_yweweler_25.wav,data/fsdd/recordings/2_yweweler_25.wav,2,yweweler,25,8000,1900,0.2375,1,PCM_16,eb63b6aa3d9b3b945c43a0e12928db347e4e6bcf79ea597eb407130a567f59c0,True,True,
2_yweweler_26.wav,data/fsdd/recordings/2_yweweler_26.wav,2,yweweler,26,8000,2595,0.324375,1,PCM_16,99444b099c28a05cb4ab0956e69ba3b2b000c6a1c56edd3f6faf647b832a9652,True,True,
2_yweweler_27.wav,data/fsdd/recordings/2_yweweler_27.wav,2,yweweler,27,8000,2648,0.331,1,PCM_16,e9d28f85369a7d090352981298f48c6591122debe36d65c763feb89411855e93,True,True,
2_yweweler_28.wav,data/fsdd/recordings/2_yweweler_28.wav,2,yweweler,28,8000,2783,0.347875,1,PCM_16,3cb0e82df46c75d863102ebddea9e717a9b3316bc62ac77e05525072b7b60db3,True,True,
2_yweweler_29.wav,data/fsdd/recordings/2_yweweler_29.wav,2,yweweler,29,8000,2794,0.34925,1,PCM_16,2dcbcadaecedd071adb6fdd87367e0fa0cdaa6b991cf3f774dc93f7b528b65a2,True,True,
2_yweweler_3.wav,data/fsdd/recordings/2_yweweler_3.wav,2,yweweler,3,8000,2241,0.280125,1,PCM_16,b3ef9bfdb6cd7d2156aff19726be56769ceebecab811eee378a3a6b83c903c74,True,True,
2_yweweler_30.wav,data/fsdd/recordings/2_yweweler_30.wav,2,yweweler,30,8000,2310,0.28875,1,PCM_16,ab2f4c37801120f79d3b71279fddde23d2c3d3d1d7e57b7d5e937e3a6a1032a1,True,True,
2_yweweler_31.wav,data/fsdd/recordings/2_yweweler_31.wav,2,yweweler,31,8000,2239,0.279875,1,PCM_16,10a49958eb70c9906ddd00554a5575e5d40787d7b280b07347b5a72cce0715df,True,True,
2_yweweler_32.wav,data/fsdd/recordings/2_yweweler_32.wav,2,yweweler,32,8000,2441,0.305125,1,PCM_16,19fce39636c9e496eff06acf8f235ceaea34d5075cd4ff51d586f0c422249d85,True,True,
2_yweweler_33.wav,data/fsdd/recordings/2_yweweler_33.wav,2,yweweler,33,8000,2377,0.297125,1,PCM_16,0c8a40ce1d0b42174646e9e7903f27c31507c5a8ab39c211694e2de51243a95f,True,True,
2_yweweler_34.wav,data/fsdd/recordings/2_yweweler_34.wav,2,yweweler,34,8000,2610,0.32625,1,PCM_16,af3d8249b82a76fca62bac1a9a07c345689ce32eeb0cfd080ab2ad655669f6d8,True,True,
2_yweweler_35.wav,data/fsdd/recordings/2_yweweler_35.wav,2,yweweler,35,8000,2222,0.27775,1,PCM_16,431933c0e41c49f6a38f649b67ad53a06c00ae9b71da9e24af96e30f0a579567,True,True,
2_yweweler_36.wav,data/fsdd/recordings/2_yweweler_36.wav,2,yweweler,36,8000,3325,0.415625,1,PCM_16,7b40e3e859c361d2304737f364e29bf65e9e51adb38df4508fff6d1d15bba67e,True,True,
2_yweweler_37.wav,data/fsdd/recordings/2_yweweler_37.wav,2,yweweler,37,8000,3067,0.383375,1,PCM_16,296d39288c281a29036b72d3f3c9268c64370c4fe558be3f3af15037657c537f,True,True,
2_yweweler_38.wav,data/fsdd/recordings/2_yweweler_38.wav,2,yweweler,38,8000,3158,0.39475,1,PCM_16,383c880c819b58df6cc30580602202e4229dbda85b076573e21fa8266a0cdaf7,True,True,
2_yweweler_39.wav,data/fsdd/recordings/2_yweweler_39.wav,2,yweweler,39,8000,2792,0.349,1,PCM_16,c6742850b7b94200d7ae0cb65f2dd06479d9e60a8b5c8564d6f1139aada8b5ad,True,True,
2_yweweler_4.wav,data/fsdd/recordings/2_yweweler_4.wav,2,yweweler,4,8000,2328,0.291,1,PCM_16,9510b7d78c2ef1adbe8fcf39876233ba1d1f2bd4aa0e6f156953cf91de0ca157,True,True,
2_yweweler_40.wav,data/fsdd/recordings/2_yweweler_40.wav,2,yweweler,40,8000,2737,0.342125,1,PCM_16,0639d92c2d217a51e1dc36df6a0e7fae753a09797b9d4384e5ba730b96a7815b,True,True,
2_yweweler_41.wav,data/fsdd/recordings/2_yweweler_41.wav,2,yweweler,41,8000,2479,0.309875,1,PCM_16,dd4acbfd7b45c3110396e43d61b8f2735303d27dd5559f08025ea2cebba689c7,True,True,
2_yweweler_42.wav,data/fsdd/recordings/2_yweweler_42.wav,2,yweweler,42,8000,2070,0.25875,1,PCM_16,b08526c53fad59dc938a436934d7660b24d1dcc161bee60ee7d790efcebec6dc,True,True,
2_yweweler_43.wav,data/fsdd/recordings/2_yweweler_43.wav,2,yweweler,43,8000,2278,0.28475,1,PCM_16,ce9a063e1e18ba0b3fd03b53cd5bee483a33dbc2953493a3ff7326c0fb786470,True,True,
2_yweweler_44.wav,data/fsdd/recordings/2_yweweler_44.wav,2,yweweler,44,8000,2354,0.29425,1,PCM_16,88eb80e50f7b646ff2084fef0657557f482464969ba44859cd582b15502d7b0e,True,True,
2_yweweler_45.wav,data/fsdd/recordings/2_yweweler_45.wav,2,yweweler,45,8000,2034,0.25425,1,PCM_16,3d04e643291cdb87ea6460d015748e88711314f676aba915fc7a9775b74701b2,True,True,
2_yweweler_46.wav,data/fsdd/recordings/2_yweweler_46.wav,2,yweweler,46,8000,2635,0.329375,1,PCM_16,029d401be4a8dc98d9012f74b0db128f656d0ad31cd7a930585893fe9a074174,True,True,
2_yweweler_47.wav,data/fsdd/recordings/2_yweweler_47.wav,2,yweweler,47,8000,1973,0.246625,1,PCM_16,bf5de07bf6f6f445c336fe32c0d79267f7a06700cd07388d10c120aaf90bdcc1,True,True,
2_yweweler_48.wav,data/fsdd/recordings/2_yweweler_48.wav,2,yweweler,48,8000,2524,0.3155,1,PCM_16,853459a48d6579bd6f3adc0dc77fd0d9e85e01ac6f5bfefef4f4ffcb64d9106a,True,True,
2_yweweler_49.wav,data/fsdd/recordings/2_yweweler_49.wav,2,yweweler,49,8000,2416,0.302,1,PCM_16,89cf2f7dc45d599114c67029c3822d8c23664ec66405818dea2afaadab00b6c6,True,True,
2_yweweler_5.wav,data/fsdd/recordings/2_yweweler_5.wav,2,yweweler,5,8000,2594,0.32425,1,PCM_16,964f057dc340f45f58efd47d326491001dc3d77ba6160eb9734e91765b880cab,True,True,
2_yweweler_6.wav,data/fsdd/recordings/2_yweweler_6.wav,2,yweweler,6,8000,2517,0.314625,1,PCM_16,0230134abc5cf9ff2021fe34725ba09163adf223d44e6c5c38562f4028814ed3,True,True,
2_yweweler_7.wav,data/fsdd/recordings/2_yweweler_7.wav,2,yweweler,7,8000,2660,0.3325,1,PCM_16,e05a1f1bfbd112c6fe355c83d285aa0ab4050f54532b09e7f3497aa069cee34a,True,True,
2_yweweler_8.wav,data/fsdd/recordings/2_yweweler_8.wav,2,yweweler,8,8000,2199,0.274875,1,PCM_16,7c0176cd7d99e232a70f72e313bea9c43c43546a510a3921a2dda0cc9ae74f02,True,True,
2_yweweler_9.wav,data/fsdd/recordings/2_yweweler_9.wav,2,yweweler,9,8000,2197,0.274625,1,PCM_16,26075fdf644eb29e1fbb662ec6c2774eb3998ac96e4dcae43c46a2b02b022ca2,True,True,
3_george_0.wav,data/fsdd/recordings/3_george_0.wav,3,george,0,8000,3979,0.497375,1,PCM_16,ab3ce6f5af0eb27f47f1d405c205fbb35776954b3e5beada8449e218fbf30b81,True,True,
3_george_1.wav,data/fsdd/recordings/3_george_1.wav,3,george,1,8000,3995,0.499375,1,PCM_16,c406ea9e28a76b128a27542760a36c05f90f747aeee63225fbf927b0e0b8a537,True,True,
3_george_10.wav,data/fsdd/recordings/3_george_10.wav,3,george,10,8000,3774,0.47175,1,PCM_16,84eac816dd4bf60e1437ad1e413e7d243d9733cc31d8fd4d8a59ad7c2fe466cc,True,True,
3_george_11.wav,data/fsdd/recordings/3_george_11.wav,3,george,11,8000,3293,0.411625,1,PCM_16,0580c68b1286e0cd5e1908bb74ba2de880218ac1919003758147906772c7ab34,True,True,
3_george_12.wav,data/fsdd/recordings/3_george_12.wav,3,george,12,8000,3239,0.404875,1,PCM_16,afe3d94626a08f0878eeb59bfe5496e1268397f92bc963654b39e6458909ad33,True,True,
3_george_13.wav,data/fsdd/recordings/3_george_13.wav,3,george,13,8000,3350,0.41875,1,PCM_16,a621c3fd803374ceea66277a4f247732ef5a4efa273f9ced004689bb0e4eb7c2,True,True,
3_george_14.wav,data/fsdd/recordings/3_george_14.wav,3,george,14,8000,2843,0.355375,1,PCM_16,6e5ec0bac18ad62219336e2caffaba96777e2c195ad26cf868fd1c376f613f34,True,True,
3_george_15.wav,data/fsdd/recordings/3_george_15.wav,3,george,15,8000,3187,0.398375,1,PCM_16,99da9cee47619a749810570dd371d3f55509d7313520a6345a74819f8e18a7da,True,True,
3_george_16.wav,data/fsdd/recordings/3_george_16.wav,3,george,16,8000,4148,0.5185,1,PCM_16,31efd8af8a428990fee20a522515218f950f44c0ecc82c98768125bfc39fdaf1,True,True,
3_george_17.wav,data/fsdd/recordings/3_george_17.wav,3,george,17,8000,3410,0.42625,1,PCM_16,04c6759badd05d4d40632ff52ce1bcf3b7d3df095cf5740a22b0e7099b8d1763,True,True,
3_george_18.wav,data/fsdd/recordings/3_george_18.wav,3,george,18,8000,2979,0.372375,1,PCM_16,20447876e0f4698528d44877807cd9de8dde2541a2a4abcbc4cd086827626a07,True,True,
3_george_19.wav,data/fsdd/recordings/3_george_19.wav,3,george,19,8000,2577,0.322125,1,PCM_16,8ce40a2b0e49fd2e2537da14505db9f64d36d1b196dc01371e6596fd8811a9ff,True,True,
3_george_2.wav,data/fsdd/recordings/3_george_2.wav,3,george,2,8000,3918,0.48975,1,PCM_16,14e9ece9c618efba3350c5647d86395919e924e99cf9ce6c2c70c0354590616a,True,True,
3_george_20.wav,data/fsdd/recordings/3_george_20.wav,3,george,20,8000,1531,0.191375,1,PCM_16,eed905a729afbc40938e2c91aa4990ef0c8a9239b3e7ed62ed15a9585acaf202,True,True,
3_george_21.wav,data/fsdd/recordings/3_george_21.wav,3,george,21,8000,2710,0.33875,1,PCM_16,bd4b2e8536e4c1966a3d88a81272d3f8cf10c49aa9817517d06385b86ced5437,True,True,
3_george_22.wav,data/fsdd/recordings/3_george_22.wav,3,george,22,8000,3074,0.38425,1,PCM_16,b4651f5f433cc821a96da692ae33950a09796a325532b3bac4f4ff1c3ad38f04,True,True,
3_george_23.wav,data/fsdd/recordings/3_george_23.wav,3,george,23,8000,2481,0.310125,1,PCM_16,b9d969c420d77a818f70d9630a4e8c47d5eeaa9af69fe01ac168115ee2fb2158,True,True,
3_george_24.wav,data/fsdd/recordings/3_george_24.wav,3,george,24,8000,2792,0.349,1,PCM_16,68a17dacd6132d9ad90bf5645fb84b9cd142ba2948b5c2859054e8d7cfc806fe,True,True,
3_george_25.wav,data/fsdd/recordings/3_george_25.wav,3,george,25,8000,2308,0.2885,1,PCM_16,81707f6adf8f9abd887d5b2eece8563972371520b7c18009b465c10e940d50d8,True,True,
3_george_26.wav,data/fsdd/recordings/3_george_26.wav,3,george,26,8000,3213,0.401625,1,PCM_16,ebec476230ef4ebc0d3b14bac8570d0bd84cc48dcd240dbf089c975cf95fcd77,True,True,
3_george_27.wav,data/fsdd/recordings/3_george_27.wav,3,george,27,8000,3111,0.388875,1,PCM_16,582c50c3136757129aba70c0eeb4e4281ab483b41216d2fe7a2c04c5bdd1b4dd,True,True,
3_george_28.wav,data/fsdd/recordings/3_george_28.wav,3,george,28,8000,3181,0.397625,1,PCM_16,2613a60fe7d16c996fc81e8ef4f49e19ff46b0a80fb30c00761b0419d0aee380,True,True,
3_george_29.wav,data/fsdd/recordings/3_george_29.wav,3,george,29,8000,2572,0.3215,1,PCM_16,75d28182aacc93f45b032742e84c8a50b847ea110fcbf5554847f5bb2d68d59e,True,True,
3_george_3.wav,data/fsdd/recordings/3_george_3.wav,3,george,3,8000,4252,0.5315,1,PCM_16,715df900f8f9481613c5b8627351be7102ab4eb89c1ede23c836555f3e04f61b,True,True,
3_george_30.wav,data/fsdd/recordings/3_george_30.wav,3,george,30,8000,2210,0.27625,1,PCM_16,801f2532133482c62107584be733e77ab23d1d4e6957266cd9b0c000c47a1dfe,True,True,
3_george_31.wav,data/fsdd/recordings/3_george_31.wav,3,george,31,8000,2212,0.2765,1,PCM_16,e19abbcbb5ca72a219d87efbe9ccfe1c109c2fc9f6f3dff3cfc8a6a4496d6517,True,True,
3_george_32.wav,data/fsdd/recordings/3_george_32.wav,3,george,32,8000,2503,0.312875,1,PCM_16,7f9ff24849df382173d0fcf223b974ef7ba22179621e98eabb81d4cea77e8c43,True,True,
3_george_33.wav,data/fsdd/recordings/3_george_33.wav,3,george,33,8000,3028,0.3785,1,PCM_16,1c8fe1538b6fb1f97dbf051828f3ac61696e3346573e3a67b8f8c6ab90b39cad,True,True,
3_george_34.wav,data/fsdd/recordings/3_george_34.wav,3,george,34,8000,3253,0.406625,1,PCM_16,69c667eb5d77d799c58b314e173b0cd055268c165f151104acc3d91eb6fcc3a8,True,True,
3_george_35.wav,data/fsdd/recordings/3_george_35.wav,3,george,35,8000,2872,0.359,1,PCM_16,fd31ff0dc42d7326b057ecc91ce7ecab2a4278642bcc92bbd8beab10cba59cdf,True,True,
3_george_36.wav,data/fsdd/recordings/3_george_36.wav,3,george,36,8000,2252,0.2815,1,PCM_16,9c650e23505860ad0478b865681b5a9e712d5b9f759c652dcd0399a1a877ceb4,True,True,
3_george_37.wav,data/fsdd/recordings/3_george_37.wav,3,george,37,8000,2496,0.312,1,PCM_16,501585b6b446f333b2a53208c571a74bba82e121a6f344e81ad8bdd8e6451b6b,True,True,
3_george_38.wav,data/fsdd/recordings/3_george_38.wav,3,george,38,8000,2377,0.297125,1,PCM_16,3b28394fef7e245bef69d4c881e58593b188c0450f0e147b7e397e3843e612f5,True,True,
3_george_39.wav,data/fsdd/recordings/3_george_39.wav,3,george,39,8000,1541,0.192625,1,PCM_16,c84b56189fc53ce1b8477b42b53b53d2e7204a06ebaca57da71d0d8071a560ba,True,True,
3_george_4.wav,data/fsdd/recordings/3_george_4.wav,3,george,4,8000,3522,0.44025,1,PCM_16,ae8ce7634a2a3a20a2307ca208645a4716fd2040eee49aba35b2e078b5e21a6d,True,True,
3_george_40.wav,data/fsdd/recordings/3_george_40.wav,3,george,40,8000,3277,0.409625,1,PCM_16,f9beab30770b0db9cc8d04fe2d6d9133e5ca35be6837347bc4e278fcbd2daba3,True,True,
3_george_41.wav,data/fsdd/recordings/3_george_41.wav,3,george,41,8000,3072,0.384,1,PCM_16,e140806de5694341dff1f5ac1ec931c19c9820367c04945bad29f9c80d75e2c1,True,True,
3_george_42.wav,data/fsdd/recordings/3_george_42.wav,3,george,42,8000,2351,0.293875,1,PCM_16,a7c2c81a7ed52afb9f0ee2e2cb4d757dc5967fb25904b9c27e09464505073391,True,True,
3_george_43.wav,data/fsdd/recordings/3_george_43.wav,3,george,43,8000,3322,0.41525,1,PCM_16,8d3821fbdc87f85544963b727081b18a87ca187b756c49b90d44853e5f8bed50,True,True,
3_george_44.wav,data/fsdd/recordings/3_george_44.wav,3,george,44,8000,2737,0.342125,1,PCM_16,494cc5d757df6fb0128328c81d90225ed6a5a125e428a9353fe466ce762de47b,True,True,
3_george_45.wav,data/fsdd/recordings/3_george_45.wav,3,george,45,8000,3218,0.40225,1,PCM_16,d8fe270af29554d08b5dd0f7dc6a32becd1736409faf9b6399a937edae1fbfac,True,True,
3_george_46.wav,data/fsdd/recordings/3_george_46.wav,3,george,46,8000,3314,0.41425,1,PCM_16,0adf157fb52f155f30ae8887724768c1fa4b0477cd1b1bc20e546b8653046e1f,True,True,
3_george_47.wav,data/fsdd/recordings/3_george_47.wav,3,george,47,8000,2642,0.33025,1,PCM_16,91ac26dcecb3f4ffafacbc35c484f3da48124a920e5fc3d3ed76d2c7ec5e4e22,True,True,
3_george_48.wav,data/fsdd/recordings/3_george_48.wav,3,george,48,8000,3323,0.415375,1,PCM_16,a176d71c6591161d3d29835166435f16dc18b9cff038245cde894cb4ae8f8ad3,True,True,
3_george_49.wav,data/fsdd/recordings/3_george_49.wav,3,george,49,8000,2273,0.284125,1,PCM_16,02cd222fec2b2cd8ef8b7deebe79801e97149fe56af9c3b590a43f71e99f56d8,True,True,
3_george_5.wav,data/fsdd/recordings/3_george_5.wav,3,george,5,8000,3034,0.37925,1,PCM_16,650bb00b7b9b9fe2bf5209369334589b087b86388d7d22a0e325f01c8f31fd2f,True,True,
3_george_6.wav,data/fsdd/recordings/3_george_6.wav,3,george,6,8000,3298,0.41225,1,PCM_16,627418fafd788e9ea462eb29197b441f9fdbc36468e1f01bc3c72b2a34c225d5,True,True,
3_george_7.wav,data/fsdd/recordings/3_george_7.wav,3,george,7,8000,4064,0.508,1,PCM_16,3df6f8d85d424e5ad857d113eeeabc6a5453f4ba2be2216f24d7b8a9570e869f,True,True,
3_george_8.wav,data/fsdd/recordings/3_george_8.wav,3,george,8,8000,3073,0.384125,1,PCM_16,402b1fc98da9be38660bdfad7677973105936420e11cf0fabe72ecd63f271097,True,True,
3_george_9.wav,data/fsdd/recordings/3_george_9.wav,3,george,9,8000,3464,0.433,1,PCM_16,4d6b3ad3050513d6d73de50eecdc7ce59fad74828194ab71b6384b66c0f747e8,True,True,
3_jackson_0.wav,data/fsdd/recordings/3_jackson_0.wav,3,jackson,0,8000,3886,0.48575,1,PCM_16,5152a17feb7dba43cfabdb4284262004da3038d5c02a6a5282e851b7ad2bb2e2,True,True,
3_jackson_1.wav,data/fsdd/recordings/3_jackson_1.wav,3,jackson,1,8000,3756,0.4695,1,PCM_16,963b2bb960f4844804c0f2d019f2b3ff294bd8f803ced8c7ca36f6074ba1ad8e,True,True,
3_jackson_10.wav,data/fsdd/recordings/3_jackson_10.wav,3,jackson,10,8000,3691,0.461375,1,PCM_16,5b47fa1d18d33aa40f7255dd2094d7f4f897096f55b8d54e1b55df7b309516fe,True,True,
3_jackson_11.wav,data/fsdd/recordings/3_jackson_11.wav,3,jackson,11,8000,3577,0.447125,1,PCM_16,18c7cb86fda7f360f254de36367f203ccfadcc80ef79357d6c31869fa50531a6,True,True,
3_jackson_12.wav,data/fsdd/recordings/3_jackson_12.wav,3,jackson,12,8000,3814,0.47675,1,PCM_16,3691e0deeafdbf59b2bdc304c4d995beb3174a1aacd6d99f1eef4693e23dc9ee,True,True,
3_jackson_13.wav,data/fsdd/recordings/3_jackson_13.wav,3,jackson,13,8000,3482,0.43525,1,PCM_16,6e19d4d988192b11533e6147554ce8bd00bb2ece4a4af607ac7bff4ba4c4811b,True,True,
3_jackson_14.wav,data/fsdd/recordings/3_jackson_14.wav,3,jackson,14,8000,4014,0.50175,1,PCM_16,dac33a51dd90ce53fcafe895b5d4e0739da0f84227d2282700cb05761e8aa0d8,True,True,
3_jackson_15.wav,data/fsdd/recordings/3_jackson_15.wav,3,jackson,15,8000,3710,0.46375,1,PCM_16,1bc991a7d94bbf3c4f38e251acc4aa0a3ce2c81c1488b413960758612b3e6425,True,True,
3_jackson_16.wav,data/fsdd/recordings/3_jackson_16.wav,3,jackson,16,8000,3839,0.479875,1,PCM_16,6ee4b686209b3210bd5ba09f597d5bd4bd7513b3b089b49cb1c308fa00d4513f,True,True,
3_jackson_17.wav,data/fsdd/recordings/3_jackson_17.wav,3,jackson,17,8000,3601,0.450125,1,PCM_16,e29a120583a0f8120fe02657175d61f6b6246452dd7fdae01a9599e75ae7e960,True,True,
3_jackson_18.wav,data/fsdd/recordings/3_jackson_18.wav,3,jackson,18,8000,3863,0.482875,1,PCM_16,3a205de7ca12a298a889b358ab0e72798665580428a9aa575aeab4a74fe3f970,True,True,
3_jackson_19.wav,data/fsdd/recordings/3_jackson_19.wav,3,jackson,19,8000,3530,0.44125,1,PCM_16,ea76706e877f96da22d4e5d0c5055a99b18982119768147bd52012f1b0c8d3bd,True,True,
3_jackson_2.wav,data/fsdd/recordings/3_jackson_2.wav,3,jackson,2,8000,4077,0.509625,1,PCM_16,9a00ace7758bae9769d5424ac1f357cd2773ce188ce384690504b127547418ea,True,True,
3_jackson_20.wav,data/fsdd/recordings/3_jackson_20.wav,3,jackson,20,8000,3778,0.47225,1,PCM_16,c9854d4723d096b3cd3b7aaff1bf46b38476869495ec07333e86ce8945887962,True,True,
3_jackson_21.wav,data/fsdd/recordings/3_jackson_21.wav,3,jackson,21,8000,3643,0.455375,1,PCM_16,22ff03773e8868e5c1ed85eb27d064c0e27e743bcd2fba12b5f53db9bbae0755,True,True,
3_jackson_22.wav,data/fsdd/recordings/3_jackson_22.wav,3,jackson,22,8000,3430,0.42875,1,PCM_16,873ab4b19b947797069f05358c5d9b58ccf89dd1a766e8a900e22a99ef1a0710,True,True,
3_jackson_23.wav,data/fsdd/recordings/3_jackson_23.wav,3,jackson,23,8000,3659,0.457375,1,PCM_16,b900092bb25ee61f789eb1dd3f6425e189a4a3537a797fd48f9de46d0e328733,True,True,
3_jackson_24.wav,data/fsdd/recordings/3_jackson_24.wav,3,jackson,24,8000,3414,0.42675,1,PCM_16,f5fa3f49ff235a158b84ca52f654c576dc4b49478333641ac502de6a9ff86d3e,True,True,
3_jackson_25.wav,data/fsdd/recordings/3_jackson_25.wav,3,jackson,25,8000,3832,0.479,1,PCM_16,29c26ee76864514342736513447ad6914be6cad1af2347c1dc8ae8803392a905,True,True,
3_jackson_26.wav,data/fsdd/recordings/3_jackson_26.wav,3,jackson,26,8000,3557,0.444625,1,PCM_16,c807795f3b84c28c3ddb47d23c74c4e1d8931cc3b1d12333d1bd1c179316ac20,True,True,
3_jackson_27.wav,data/fsdd/recordings/3_jackson_27.wav,3,jackson,27,8000,3687,0.460875,1,PCM_16,4276ce38fd3f19d6c976e1851cb33ad9a1ff64de911c71572ef492d1537ada53,True,True,
3_jackson_28.wav,data/fsdd/recordings/3_jackson_28.wav,3,jackson,28,8000,3541,0.442625,1,PCM_16,4e6a183e17ccd2c0be000871787fcfa72de2316ddd516cd6691073452f3d323e,True,True,
3_jackson_29.wav,data/fsdd/recordings/3_jackson_29.wav,3,jackson,29,8000,3861,0.482625,1,PCM_16,c46dfc1907500122418fe248532f1c47aa49221e44001a74531b02d581337c24,True,True,
3_jackson_3.wav,data/fsdd/recordings/3_jackson_3.wav,3,jackson,3,8000,4101,0.512625,1,PCM_16,1dfd194038b7837c1feaafee606e9616ae75c9b582ede0b6eff04e5372edbab0,True,True,
3_jackson_30.wav,data/fsdd/recordings/3_jackson_30.wav,3,jackson,30,8000,3877,0.484625,1,PCM_16,cbc2c08539740a8cfa703e7756d9221ac20f3314e4d8f6485d38e9d9f77dc388,True,True,
3_jackson_31.wav,data/fsdd/recordings/3_jackson_31.wav,3,jackson,31,8000,3889,0.486125,1,PCM_16,ba1b0420fa4d9571183a9721a87eff8be0734a456e86684efc57027a9738a2cc,True,True,
3_jackson_32.wav,data/fsdd/recordings/3_jackson_32.wav,3,jackson,32,8000,3818,0.47725,1,PCM_16,b4ad75dd3841d72c3481ee124204fdf16ebe065e2b9afdad1d1d753d9a2acda3,True,True,
3_jackson_33.wav,data/fsdd/recordings/3_jackson_33.wav,3,jackson,33,8000,3870,0.48375,1,PCM_16,58404862019d9312ec6b32b0bf535bd468c1275fc188f44e39924111063016f9,True,True,
3_jackson_34.wav,data/fsdd/recordings/3_jackson_34.wav,3,jackson,34,8000,3818,0.47725,1,PCM_16,4df232c17b50524c94453852bf0789e1b5d8fcd00f3725b46df8200d75dd91ff,True,True,
3_jackson_35.wav,data/fsdd/recordings/3_jackson_35.wav,3,jackson,35,8000,4175,0.521875,1,PCM_16,66bbca62a1f09dd113f5ccc7827e1be7fc968279f3403b5978161c3753c866c2,True,True,
3_jackson_36.wav,data/fsdd/recordings/3_jackson_36.wav,3,jackson,36,8000,4100,0.5125,1,PCM_16,22975ba618df3ba19166604a874735861790bdf58ce211687893b5c756b53b8d,True,True,
3_jackson_37.wav,data/fsdd/recordings/3_jackson_37.wav,3,jackson,37,8000,4086,0.51075,1,PCM_16,4813103741e04289bc464443a54fb2793bf67df8863fb0a6ad5321f0a53db7b0,True,True,
3_jackson_38.wav,data/fsdd/recordings/3_jackson_38.wav,3,jackson,38,8000,4243,0.530375,1,PCM_16,8b260f5ce116466e5348b5a7591da15aadad32580741e9304f9385cd94f597c6,True,True,
3_jackson_39.wav,data/fsdd/recordings/3_jackson_39.wav,3,jackson,39,8000,4044,0.5055,1,PCM_16,f7f4c7e06a4e26cfee708367e84fd049b0d7b0229f88e465f89b155f412deba0,True,True,
3_jackson_4.wav,data/fsdd/recordings/3_jackson_4.wav,3,jackson,4,8000,3571,0.446375,1,PCM_16,22709c0be88765a804e5acd97f03bd82b2904327b01f2ad0728dcf96a99d0aa9,True,True,
3_jackson_40.wav,data/fsdd/recordings/3_jackson_40.wav,3,jackson,40,8000,4169,0.521125,1,PCM_16,28d39480c4b9e3295f921548f96224aa60a430e017e4ca176e0afe01d82442de,True,True,
3_jackson_41.wav,data/fsdd/recordings/3_jackson_41.wav,3,jackson,41,8000,3998,0.49975,1,PCM_16,00eeaf3df45f6b36ccc84cde1964e06fac5f462f9c3260e9d3a174bf19a9a21c,True,True,
3_jackson_42.wav,data/fsdd/recordings/3_jackson_42.wav,3,jackson,42,8000,4036,0.5045,1,PCM_16,fad91accb51a237a83c4c163c508cc4765b5f5a0f5e6ac4e2d851da09844e822,True,True,
3_jackson_43.wav,data/fsdd/recordings/3_jackson_43.wav,3,jackson,43,8000,4008,0.501,1,PCM_16,d804eb46f8c271f2138459a30a194133841b97c76a75e9638e6dc05071c408d7,True,True,
3_jackson_44.wav,data/fsdd/recordings/3_jackson_44.wav,3,jackson,44,8000,4426,0.55325,1,PCM_16,2c2470d6db925761b544f6b74d9843538a16b2b522f2c43cac072457c09c50a4,True,True,
3_jackson_45.wav,data/fsdd/recordings/3_jackson_45.wav,3,jackson,45,8000,4558,0.56975,1,PCM_16,f4a29aec93aebb04e59ad18012c0de0cef0f8250eaf3a51543f39b83faefe958,True,True,
3_jackson_46.wav,data/fsdd/recordings/3_jackson_46.wav,3,jackson,46,8000,4290,0.53625,1,PCM_16,68c235fa66ad2426dc749627bc90d04dc14a0df1cf3738198b78b330d51c7370,True,True,
3_jackson_47.wav,data/fsdd/recordings/3_jackson_47.wav,3,jackson,47,8000,4546,0.56825,1,PCM_16,2fdda39644ebe1261c91499166a07bf20d94f03a96cbfabed8c72a3d1e645a4e,True,True,
3_jackson_48.wav,data/fsdd/recordings/3_jackson_48.wav,3,jackson,48,8000,4112,0.514,1,PCM_16,7e0ea2d127b2fc24d1844a0ebdef088b74ce5535aef00fe6871e7e2525f109bf,True,True,
3_jackson_49.wav,data/fsdd/recordings/3_jackson_49.wav,3,jackson,49,8000,4175,0.521875,1,PCM_16,9cfd8d420adf28b0f0d8257b866e1fdd37be3e773918f9ca95fd166d75bcbd8a,True,True,
3_jackson_5.wav,data/fsdd/recordings/3_jackson_5.wav,3,jackson,5,8000,3607,0.450875,1,PCM_16,d42d9a428d72082d102197f8166ee641b4d2c099f7da85df428aeaa07bed0f13,True,True,
3_jackson_6.wav,data/fsdd/recordings/3_jackson_6.wav,3,jackson,6,8000,3743,0.467875,1,PCM_16,d5a3614a128ff3d9e0e00dc6b093dc801cb62f69d95d51a4b58ee5debc4e7b8b,True,True,
3_jackson_7.wav,data/fsdd/recordings/3_jackson_7.wav,3,jackson,7,8000,3910,0.48875,1,PCM_16,b425d42cf43820352f5f09eb0cf761de4e11436c1b6a554c9b0d4737b12814e5,True,True,
3_jackson_8.wav,data/fsdd/recordings/3_jackson_8.wav,3,jackson,8,8000,3626,0.45325,1,PCM_16,875aa2731ad1ef8e0e17d492ca55595f4d513cefaf7d366029ac346bde4a3e8b,True,True,
3_jackson_9.wav,data/fsdd/recordings/3_jackson_9.wav,3,jackson,9,8000,3945,0.493125,1,PCM_16,7df6b2432ac678dea11d663262eb4685ebc0505aac697bc6f52b4090c81c376f,True,True,
3_lucas_0.wav,data/fsdd/recordings/3_lucas_0.wav,3,lucas,0,8000,4932,0.6165,1,PCM_16,584600a1e1377935ca416db7e788c4f27888561c112c2a9a67f86919059e5417,True,True,
3_lucas_1.wav,data/fsdd/recordings/3_lucas_1.wav,3,lucas,1,8000,4863,0.607875,1,PCM_16,b380b61e138887b3371b1f27aec7eaa462ac9bd931b7c6a5e01c0815776bbdad,True,True,
3_lucas_10.wav,data/fsdd/recordings/3_lucas_10.wav,3,lucas,10,8000,4340,0.5425,1,PCM_16,5fd4fa5cfdc8e8b2571feff691766c34ffbf2f6ecb66f599a1e4b9753ef43e3e,True,True,
3_lucas_11.wav,data/fsdd/recordings/3_lucas_11.wav,3,lucas,11,8000,4571,0.571375,1,PCM_16,523a7b88ffddf25e9131a958e2145c88c1a1bcb77774cc3bcdf2c5581fdaad15,True,True,
3_lucas_12.wav,data/fsdd/recordings/3_lucas_12.wav,3,lucas,12,8000,5158,0.64475,1,PCM_16,e720b63e18bb953b7a0841e788b08a74247bd5821a783d48276a1da52206eb61,True,True,
3_lucas_13.wav,data/fsdd/recordings/3_lucas_13.wav,3,lucas,13,8000,4012,0.5015,1,PCM_16,1d71592050b97b6d95df4a9aac026ac78f4cde8f1cb169fbeea693f0516beabf,True,True,
3_lucas_14.wav,data/fsdd/recordings/3_lucas_14.wav,3,lucas,14,8000,5137,0.642125,1,PCM_16,cc15539682c0ee237cae51379b823948359277e84daec2906e0cd6dc7cabc0f4,True,True,
3_lucas_15.wav,data/fsdd/recordings/3_lucas_15.wav,3,lucas,15,8000,4928,0.616,1,PCM_16,ad366ab3ae577ce36d3b7a9558fb36c64b223e77d7e5ca455669088f1979069f,True,True,
3_lucas_16.wav,data/fsdd/recordings/3_lucas_16.wav,3,lucas,16,8000,6263,0.782875,1,PCM_16,f8bee39bccc32bb961d5328e08a8e0033dc09ebd6ba0c8d6b385b4871f8ceb53,True,True,
3_lucas_17.wav,data/fsdd/recordings/3_lucas_17.wav,3,lucas,17,8000,4522,0.56525,1,PCM_16,880e8acd39349baab1e6d0061cdd2109ee6b940a6f82db8e1ac062a82783308c,True,True,
3_lucas_18.wav,data/fsdd/recordings/3_lucas_18.wav,3,lucas,18,8000,5012,0.6265,1,PCM_16,555eac1e36994b7f155dd06c6274c94f7e008c8abc90c9b1397624e50c63c7ab,True,True,
3_lucas_19.wav,data/fsdd/recordings/3_lucas_19.wav,3,lucas,19,8000,4570,0.57125,1,PCM_16,3c7cad9c3fc8cf363db73b3f625fe12397b807ec9ed8602509bd5f47ae081428,True,True,
3_lucas_2.wav,data/fsdd/recordings/3_lucas_2.wav,3,lucas,2,8000,4672,0.584,1,PCM_16,c5c7db2e211073f3c50a932be6003507fbdf315e06759412bcf2f5ab517cc227,True,True,
3_lucas_20.wav,data/fsdd/recordings/3_lucas_20.wav,3,lucas,20,8000,4229,0.528625,1,PCM_16,b203edfead8997a10a6a12902b979a5bd28566ca01bd8e82c2c9765c81166945,True,True,
3_lucas_21.wav,data/fsdd/recordings/3_lucas_21.wav,3,lucas,21,8000,3572,0.4465,1,PCM_16,65480e613a50f390d5fce99fdb096c3b463ee2e89555819c46617c66cbd5265d,True,True,
3_lucas_22.wav,data/fsdd/recordings/3_lucas_22.wav,3,lucas,22,8000,5895,0.736875,1,PCM_16,bf2e31fe5a4d2fa9373a54a28f19f9225d9bedc407e03baa0541b23a359f091f,True,True,
3_lucas_23.wav,data/fsdd/recordings/3_lucas_23.wav,3,lucas,23,8000,4282,0.53525,1,PCM_16,d097116a9cd6c6f649a6173147c35fde27658b58b17dc0a4b67a78ed85f9c695,True,True,
3_lucas_24.wav,data/fsdd/recordings/3_lucas_24.wav,3,lucas,24,8000,5096,0.637,1,PCM_16,5091ac1ca9cae697d62bc60101cf856633a521de5d9946a358019414d6a2710d,True,True,
3_lucas_25.wav,data/fsdd/recordings/3_lucas_25.wav,3,lucas,25,8000,5750,0.71875,1,PCM_16,7bc33e071ab3f0ec9a12e6a16098b3a93e237ea7b7b3ad356106fdf1038a4778,True,True,
3_lucas_26.wav,data/fsdd/recordings/3_lucas_26.wav,3,lucas,26,8000,5733,0.716625,1,PCM_16,fbd3fb55bae3f547a680050bde485d415715f6f0313288ba2a68554c8d66da1e,True,True,
3_lucas_27.wav,data/fsdd/recordings/3_lucas_27.wav,3,lucas,27,8000,3939,0.492375,1,PCM_16,b3d41da6477ca46e415cad09374adbfe9a71e8dbcb273030b22f60d3df276baa,True,True,
3_lucas_28.wav,data/fsdd/recordings/3_lucas_28.wav,3,lucas,28,8000,4667,0.583375,1,PCM_16,73d6505563188474c5530e96a533c18b1697b5fd2c400dfddfd56f29b9775f42,True,True,
3_lucas_29.wav,data/fsdd/recordings/3_lucas_29.wav,3,lucas,29,8000,5252,0.6565,1,PCM_16,0b85c9670450abe3f67c961a0ae556d77eea40f06425f78e8ffffeeb596302a2,True,True,
3_lucas_3.wav,data/fsdd/recordings/3_lucas_3.wav,3,lucas,3,8000,3605,0.450625,1,PCM_16,7ad7dbc2974dfab7dce92e81fbe77996f21e54f4b09e1380825209cf95ad7173,True,True,
3_lucas_30.wav,data/fsdd/recordings/3_lucas_30.wav,3,lucas,30,8000,4821,0.602625,1,PCM_16,c83debe42bd79a2ae41e0a9ba18e642b5fc32f624f8ead7b64ed6d866f35f654,True,True,
3_lucas_31.wav,data/fsdd/recordings/3_lucas_31.wav,3,lucas,31,8000,5482,0.68525,1,PCM_16,6ed4b1b4c896e76c336450ba43713d426e24d4b3345f58c5f6694d968ab9698d,True,True,
3_lucas_32.wav,data/fsdd/recordings/3_lucas_32.wav,3,lucas,32,8000,5482,0.68525,1,PCM_16,14ff9e2d95901b54324e1fd8d6cb52cf51b7d84c94290fcc359ac28fda29382e,True,True,
3_lucas_33.wav,data/fsdd/recordings/3_lucas_33.wav,3,lucas,33,8000,4311,0.538875,1,PCM_16,8fa9e28c3d88ebd006013e973222d823f863711ca62971a35eaf5964afb309d3,True,True,
3_lucas_34.wav,data/fsdd/recordings/3_lucas_34.wav,3,lucas,34,8000,5295,0.661875,1,PCM_16,b19af95c5f55cd5e5aa9eaca8d7deef594d685387e91aee11d150b3dde04e7de,True,True,
3_lucas_35.wav,data/fsdd/recordings/3_lucas_35.wav,3,lucas,35,8000,5759,0.719875,1,PCM_16,843721ad3eb26f8bf53395f22ab1160a5759bec0565b39eee8ef423f65d820ee,True,True,
3_lucas_36.wav,data/fsdd/recordings/3_lucas_36.wav,3,lucas,36,8000,7396,0.9245,1,PCM_16,8687de56de6de6dc3966b3b6e692416d7e29525409566aaa0720954374a4387e,True,True,
3_lucas_37.wav,data/fsdd/recordings/3_lucas_37.wav,3,lucas,37,8000,4037,0.504625,1,PCM_16,19e300e0f19162797699b2b9d31adcd30f41bc8a84bde41eb08d9ba27b24b0cf,True,True,
3_lucas_38.wav,data/fsdd/recordings/3_lucas_38.wav,3,lucas,38,8000,3907,0.488375,1,PCM_16,3f713dd311c5512dc95e145a8e355ae7dcf27befdf1beb04cd47b1598d29df66,True,True,
3_lucas_39.wav,data/fsdd/recordings/3_lucas_39.wav,3,lucas,39,8000,3681,0.460125,1,PCM_16,ca59a07d2c548d11c8f42febb9978a0750b9d30855b2611396acc9205594d9cc,True,True,
3_lucas_4.wav,data/fsdd/recordings/3_lucas_4.wav,3,lucas,4,8000,4287,0.535875,1,PCM_16,5ea6394f6c4c6b9caa336ef1f065abad4ad552389267d891c82bfd95ba59fc4a,True,True,
3_lucas_40.wav,data/fsdd/recordings/3_lucas_40.wav,3,lucas,40,8000,4268,0.5335,1,PCM_16,2619688779da3ed7f568ef77ac48d00700438022e80f08b9b5e88b8195d0ecf4,True,True,
3_lucas_41.wav,data/fsdd/recordings/3_lucas_41.wav,3,lucas,41,8000,5244,0.6555,1,PCM_16,0f620957140b2ce6cce06e6f1b3c2ff655c9a300d6a5f218ea50e8b45e279785,True,True,
3_lucas_42.wav,data/fsdd/recordings/3_lucas_42.wav,3,lucas,42,8000,4061,0.507625,1,PCM_16,56b20e637dad1b686ff57412415002e789510eae4989892501c8f01d55b07be3,True,True,
3_lucas_43.wav,data/fsdd/recordings/3_lucas_43.wav,3,lucas,43,8000,5423,0.677875,1,PCM_16,d480dc5960831937cf2fac6e9488d1901729b25b84d08f6f98ce7c99614c041a,True,True,
3_lucas_44.wav,data/fsdd/recordings/3_lucas_44.wav,3,lucas,44,8000,4054,0.50675,1,PCM_16,a30129d637b8a3c82652f6b1bfc914ac1bc7ef7b6701ce4636ec81251b3c01c5,True,True,
3_lucas_45.wav,data/fsdd/recordings/3_lucas_45.wav,3,lucas,45,8000,4540,0.5675,1,PCM_16,0f0999f37f5d492cdcec6b4ddf5f587e54fd703b47b2dda237c83c77fe3a38b0,True,True,
3_lucas_46.wav,data/fsdd/recordings/3_lucas_46.wav,3,lucas,46,8000,5236,0.6545,1,PCM_16,6028342a867d0690ff61b2e8d4aeef2cdc47c31dffb52de3b702a4323c2ffc00,True,True,
3_lucas_47.wav,data/fsdd/recordings/3_lucas_47.wav,3,lucas,47,8000,3993,0.499125,1,PCM_16,0ce8ab1e8e35b433a1c1e93a2a05205be1c459ecf51dfb5ff88eae4121530720,True,True,
3_lucas_48.wav,data/fsdd/recordings/3_lucas_48.wav,3,lucas,48,8000,4549,0.568625,1,PCM_16,d860b2ce7aba095b79f8643bef34c287193edb03b5eca583198191d21d40bcce,True,True,
3_lucas_49.wav,data/fsdd/recordings/3_lucas_49.wav,3,lucas,49,8000,4631,0.578875,1,PCM_16,5ababa4346ba0296ad4caab2de0e9b790d72bc9fa721917ab3601a09de8bcdc8,True,True,
3_lucas_5.wav,data/fsdd/recordings/3_lucas_5.wav,3,lucas,5,8000,4251,0.531375,1,PCM_16,16135d029829ba663e725e585ff2be0d2bf56662c879231df65b8ffb2f44015e,True,True,
3_lucas_6.wav,data/fsdd/recordings/3_lucas_6.wav,3,lucas,6,8000,5695,0.711875,1,PCM_16,f6c03c4b2b6bb1953cb9f3a70bdb9d0da49ca124c901cc1e3e2a08bcbc77b91c,True,True,
3_lucas_7.wav,data/fsdd/recordings/3_lucas_7.wav,3,lucas,7,8000,10504,1.313,1,PCM_16,a381c7e0ea90fd655fc296cf5239b254b3ccdfa3ecacfb60651847ef554d6e69,True,True,
3_lucas_8.wav,data/fsdd/recordings/3_lucas_8.wav,3,lucas,8,8000,4744,0.593,1,PCM_16,c486bf1f4796526a88ed9c1b67d4a33a064b3996f161ef48c0ee30f3c0ced7dd,True,True,
3_lucas_9.wav,data/fsdd/recordings/3_lucas_9.wav,3,lucas,9,8000,10095,1.261875,1,PCM_16,c577a3af877a7d4604926be1be5cb435117b63c76f285f30ed8c17962ab7f222,True,True,
3_nicolas_0.wav,data/fsdd/recordings/3_nicolas_0.wav,3,nicolas,0,8000,2644,0.3305,1,PCM_16,5da068172b180b74cd8ed019d131679249387b0199cb972992adf18e21f1d82d,True,True,
3_nicolas_1.wav,data/fsdd/recordings/3_nicolas_1.wav,3,nicolas,1,8000,2615,0.326875,1,PCM_16,e7cd3cd43f90f802b03308720b4be3d43d77395a6d47f6df850fe6c22b0fbccd,True,True,
3_nicolas_10.wav,data/fsdd/recordings/3_nicolas_10.wav,3,nicolas,10,8000,2754,0.34425,1,PCM_16,a5dfe3be75525220b7ea38e3e3510d5f1ffc31f8b68a661c97267f175eb9062c,True,True,
3_nicolas_11.wav,data/fsdd/recordings/3_nicolas_11.wav,3,nicolas,11,8000,2692,0.3365,1,PCM_16,328bceb3368ab844e6e9089b7fea46aa812ad0f6af49771311388e70e65ce54d,True,True,
3_nicolas_12.wav,data/fsdd/recordings/3_nicolas_12.wav,3,nicolas,12,8000,1640,0.205,1,PCM_16,7b6f86b770f9d2a7ac472fb7fe28762c74be0dea02021d3cbc5445f90362df14,True,True,
3_nicolas_13.wav,data/fsdd/recordings/3_nicolas_13.wav,3,nicolas,13,8000,1547,0.193375,1,PCM_16,8700572d3248513b40579acc121851f00dc47a63c9bd838e9a6954506de63908,True,True,
3_nicolas_14.wav,data/fsdd/recordings/3_nicolas_14.wav,3,nicolas,14,8000,2506,0.31325,1,PCM_16,bbbd9784144d9a2025b175c6880ef276f3753cb45ad9f3aaf69179d36fd1804e,True,True,
3_nicolas_15.wav,data/fsdd/recordings/3_nicolas_15.wav,3,nicolas,15,8000,2971,0.371375,1,PCM_16,2b269f5df08bfa927a20ba65ada431064f050410812999179c6d7622ea38d920,True,True,
3_nicolas_16.wav,data/fsdd/recordings/3_nicolas_16.wav,3,nicolas,16,8000,1516,0.1895,1,PCM_16,326a5f3b231c52b53ec0603ba3f9165f1858ba7eda9165664143feba7e483cce,True,True,
3_nicolas_17.wav,data/fsdd/recordings/3_nicolas_17.wav,3,nicolas,17,8000,1609,0.201125,1,PCM_16,9b1cc0bba88445f5e2dfe083ab19f509ed4a6cba9bb6b2f43eaeb84fb0d570d9,True,True,
3_nicolas_18.wav,data/fsdd/recordings/3_nicolas_18.wav,3,nicolas,18,8000,1640,0.205,1,PCM_16,d8a6905fbb32d0635a5955ab137445f9270a7c147c198fd10d84d67cd1a735bc,True,True,
3_nicolas_19.wav,data/fsdd/recordings/3_nicolas_19.wav,3,nicolas,19,8000,1455,0.181875,1,PCM_16,bc18661fff369ea6c16daed163265d53a436f3e9e002dd1a2e89bd0caeec9a8a,True,True,
3_nicolas_2.wav,data/fsdd/recordings/3_nicolas_2.wav,3,nicolas,2,8000,2067,0.258375,1,PCM_16,244563fdabd216f1a83216f9d1660e943844cf9a585159507d66a4f698cdcc5b,True,True,
3_nicolas_20.wav,data/fsdd/recordings/3_nicolas_20.wav,3,nicolas,20,8000,2770,0.34625,1,PCM_16,2243aeb660f5302225938a7844b184663c43841487cced25db867e31a577c261,True,True,
3_nicolas_21.wav,data/fsdd/recordings/3_nicolas_21.wav,3,nicolas,21,8000,2179,0.272375,1,PCM_16,51dcbfe4b43317d3dd70103488b6756831eb3e303762a6eb231b73b82344d744,True,True,
3_nicolas_22.wav,data/fsdd/recordings/3_nicolas_22.wav,3,nicolas,22,8000,1650,0.20625,1,PCM_16,8c144c11bea7fd5c10696e29badb168e4b7705995323056f0f94f24c8649b52d,True,True,
3_nicolas_23.wav,data/fsdd/recordings/3_nicolas_23.wav,3,nicolas,23,8000,1960,0.245,1,PCM_16,aac793501f6286e0b036bc8a7fdd55a2f0cd81845c6645c7549f1b1b00c0ffa2,True,True,
3_nicolas_24.wav,data/fsdd/recordings/3_nicolas_24.wav,3,nicolas,24,8000,1837,0.229625,1,PCM_16,f310dcd97120a4b0284796e61148fbb961e78f508823e09c7275beb32fb3184d,True,True,
3_nicolas_25.wav,data/fsdd/recordings/3_nicolas_25.wav,3,nicolas,25,8000,2583,0.322875,1,PCM_16,79b853562d312c1800b2919b8152da26a2ef387a39a89a790eb072a655842735,True,True,
3_nicolas_26.wav,data/fsdd/recordings/3_nicolas_26.wav,3,nicolas,26,8000,2677,0.334625,1,PCM_16,851506b0e012f04b96f66d939ee3832ada6d55ceb2b1d5c856c6a66b9a223956,True,True,
3_nicolas_27.wav,data/fsdd/recordings/3_nicolas_27.wav,3,nicolas,27,8000,1712,0.214,1,PCM_16,57e44775764cfc35b013bb87e0481995581f976e09c405add9e476c10a19f1ae,True,True,
3_nicolas_28.wav,data/fsdd/recordings/3_nicolas_28.wav,3,nicolas,28,8000,1774,0.22175,1,PCM_16,b74e089b46b2ec057dce817bef1df7910d3c19940c37a3a7a1c8e41de3f220ec,True,True,
3_nicolas_29.wav,data/fsdd/recordings/3_nicolas_29.wav,3,nicolas,29,8000,2552,0.319,1,PCM_16,6004b1b356892e17a54f83cc6659b085d07e747fa09af453e34470a4787eede0,True,True,
3_nicolas_3.wav,data/fsdd/recordings/3_nicolas_3.wav,3,nicolas,3,8000,1884,0.2355,1,PCM_16,070121ea15cef11a8f267b949d21b12ed7816666854786402abaa01a578680e2,True,True,
3_nicolas_30.wav,data/fsdd/recordings/3_nicolas_30.wav,3,nicolas,30,8000,2630,0.32875,1,PCM_16,d1739c8dfd5843ebf13c2a91bdd2b16a0ac6f8ca29d7181893ca4b41badf08c5,True,True,
3_nicolas_31.wav,data/fsdd/recordings/3_nicolas_31.wav,3,nicolas,31,8000,2354,0.29425,1,PCM_16,59df31ec138b683605d64de1dd40fb6cc432ed871411d68e134089795b6761c6,True,True,
3_nicolas_32.wav,data/fsdd/recordings/3_nicolas_32.wav,3,nicolas,32,8000,2385,0.298125,1,PCM_16,792f49ce524e63659bd91c07791739ceabc9314f895ab5934c3a9d77679d7dd8,True,True,
3_nicolas_33.wav,data/fsdd/recordings/3_nicolas_33.wav,3,nicolas,33,8000,2538,0.31725,1,PCM_16,8b59b90a23cbade219bf3874b04e0ae414b11571a23f240fa27913ce9ae63e7f,True,True,
3_nicolas_34.wav,data/fsdd/recordings/3_nicolas_34.wav,3,nicolas,34,8000,1805,0.225625,1,PCM_16,e9a32e600f183e77df50824a7647c40ecb266fe4dd24b73e102fd74f5bef2886,True,True,
3_nicolas_35.wav,data/fsdd/recordings/3_nicolas_35.wav,3,nicolas,35,8000,2293,0.286625,1,PCM_16,4c062d4aa2fbaa27cf8200614b3c178c856d39ddd671d2b17ecf1c7b4045d15a,True,True,
3_nicolas_36.wav,data/fsdd/recordings/3_nicolas_36.wav,3,nicolas,36,8000,1896,0.237,1,PCM_16,c66aaa0dcb2358bec9d73b4999156d3acdce2c577549ffaa721eca6d0e6c45a9,True,True,
3_nicolas_37.wav,data/fsdd/recordings/3_nicolas_37.wav,3,nicolas,37,8000,2110,0.26375,1,PCM_16,5dbd6a849f84e23c93c15c64ddaec43b7fb343df7fa908c5efb6558a0c470d1f,True,True,
3_nicolas_38.wav,data/fsdd/recordings/3_nicolas_38.wav,3,nicolas,38,8000,1987,0.248375,1,PCM_16,0c7d062b7b649a3b735e1db0cdb96d1fe2f3d5e21b35019d988878e33c8d90fb,True,True,
3_nicolas_39.wav,data/fsdd/recordings/3_nicolas_39.wav,3,nicolas,39,8000,1713,0.214125,1,PCM_16,c66c1e822d41272e1284e674a52b9619d7889259f891485d79a9c014bd3ef098,True,True,
3_nicolas_4.wav,data/fsdd/recordings/3_nicolas_4.wav,3,nicolas,4,8000,2857,0.357125,1,PCM_16,f34509e50e889ea46ab2504cd58d58899c15caf23b6fde2f02b3a2f54007aa27,True,True,
3_nicolas_40.wav,data/fsdd/recordings/3_nicolas_40.wav,3,nicolas,40,8000,2397,0.299625,1,PCM_16,8b8b18d9e90d8046fe5af11d1e88b336cc549e9026224099a783b77ed90de6c1,True,True,
3_nicolas_41.wav,data/fsdd/recordings/3_nicolas_41.wav,3,nicolas,41,8000,2334,0.29175,1,PCM_16,0510c870c10c8f54e23165fdbcc13414340f7d3627991922612d7a3bdae4f935,True,True,
3_nicolas_42.wav,data/fsdd/recordings/3_nicolas_42.wav,3,nicolas,42,8000,2023,0.252875,1,PCM_16,98329b1627491c5c65d6b680adf985d684f361be76c88b3da6edfc599af80c83,True,True,
3_nicolas_43.wav,data/fsdd/recordings/3_nicolas_43.wav,3,nicolas,43,8000,2023,0.252875,1,PCM_16,34a7fc89b02d231d5938b98ef733eba119469f4b40437a76c78c3819da18c03d,True,True,
3_nicolas_44.wav,data/fsdd/recordings/3_nicolas_44.wav,3,nicolas,44,8000,2366,0.29575,1,PCM_16,30e5fcbd2ef441364da2815ffc2acd32515df64e1542d7ae24156594ad5aee88,True,True,
3_nicolas_45.wav,data/fsdd/recordings/3_nicolas_45.wav,3,nicolas,45,8000,2054,0.25675,1,PCM_16,12e80679b1f4f9f005f0493f75e5a87b0389c42f0c359dfe66d8ed2b62a47470,True,True,
3_nicolas_46.wav,data/fsdd/recordings/3_nicolas_46.wav,3,nicolas,46,8000,2584,0.323,1,PCM_16,afc6da5c888c74ead158ec94e456cee3a34416977d84bf57575010a40782a574,True,True,
3_nicolas_47.wav,data/fsdd/recordings/3_nicolas_47.wav,3,nicolas,47,8000,2396,0.2995,1,PCM_16,bcfedbac3e892792888c4695fd60ae75f38497119676aa5a10bc76c4b3fb939d,True,True,
3_nicolas_48.wav,data/fsdd/recordings/3_nicolas_48.wav,3,nicolas,48,8000,2397,0.299625,1,PCM_16,18fbab0fd024ed9ab3487d1f340ecbbd32330052c57511c4f5d175105b8fee51,True,True,
3_nicolas_49.wav,data/fsdd/recordings/3_nicolas_49.wav,3,nicolas,49,8000,2739,0.342375,1,PCM_16,81b2e93868a6dd7ee8a4c3db162c128eead68dae4376928149dc5b2a9c10ded7,True,True,
3_nicolas_5.wav,data/fsdd/recordings/3_nicolas_5.wav,3,nicolas,5,8000,3162,0.39525,1,PCM_16,604984e5e8fc950437eafbb3e092c2818f47a0010536cd8def452ab547c08521,True,True,
3_nicolas_6.wav,data/fsdd/recordings/3_nicolas_6.wav,3,nicolas,6,8000,2674,0.33425,1,PCM_16,e31a6623ddb5bee30356430b423e22632bc4e534b4a462ff38952ad053226cd5,True,True,
3_nicolas_7.wav,data/fsdd/recordings/3_nicolas_7.wav,3,nicolas,7,8000,3435,0.429375,1,PCM_16,cb15774ab5c20c776a7e0ae530a8bcf61540a8f4f6c66b39bb3291fc22e8e33a,True,True,
3_nicolas_8.wav,data/fsdd/recordings/3_nicolas_8.wav,3,nicolas,8,8000,3253,0.406625,1,PCM_16,ca946a3ab42f15518dff30f2549acf39329addce4c1318f733a634f1a3c4d3e8,True,True,
3_nicolas_9.wav,data/fsdd/recordings/3_nicolas_9.wav,3,nicolas,9,8000,1915,0.239375,1,PCM_16,e6c496f11c638ca45c34bd3b634657508cb1a7fc8ce1dab4bdc3d4f6a236eae7,True,True,
3_theo_0.wav,data/fsdd/recordings/3_theo_0.wav,3,theo,0,8000,1931,0.241375,1,PCM_16,d58347dea5ba78c84cff98c0cdc8bc133bff7d4ac379ab53f47cdadff566a9b8,True,True,
3_theo_1.wav,data/fsdd/recordings/3_theo_1.wav,3,theo,1,8000,2223,0.277875,1,PCM_16,0e5645df3753e57d909aa3f2b58c04c9f65416634823a6d43f9abb47b48eb980,True,True,
3_theo_10.wav,data/fsdd/recordings/3_theo_10.wav,3,theo,10,8000,1793,0.224125,1,PCM_16,6f4694fb9f8dae4e854052dc7bac17baeff1f494802903966f91002f57a9f87a,True,True,
3_theo_11.wav,data/fsdd/recordings/3_theo_11.wav,3,theo,11,8000,1824,0.228,1,PCM_16,9af6980e0c3f3b14a48a545f6015a5bf04cb7c2b3355caec63e6e0194eae11c4,True,True,
3_theo_12.wav,data/fsdd/recordings/3_theo_12.wav,3,theo,12,8000,2061,0.257625,1,PCM_16,06d8bd6fbee893508a6a014f18fcfbe59c001ab632a8498575e881b70759ec16,True,True,
3_theo_13.wav,data/fsdd/recordings/3_theo_13.wav,3,theo,13,8000,2210,0.27625,1,PCM_16,7628a23d3eebfe40d6eaf596e164373d02cfd565f2df4303dc4edc52f75ffcc9,True,True,
3_theo_14.wav,data/fsdd/recordings/3_theo_14.wav,3,theo,14,8000,2114,0.26425,1,PCM_16,3d3b68287a24fe808d2f4432b731237baf26682f0b7c73ebfe4ea9f1f54922d4,True,True,
3_theo_15.wav,data/fsdd/recordings/3_theo_15.wav,3,theo,15,8000,2073,0.259125,1,PCM_16,9a4ff4b7e5c1fe38c3d2d8641289be63b3cb142e07bd99c52f50ccf889a2400d,True,True,
3_theo_16.wav,data/fsdd/recordings/3_theo_16.wav,3,theo,16,8000,2146,0.26825,1,PCM_16,9438d1319aaa9d4df4594a5bdef19678e2b0020795cca3136b6aa40c22572ba9,True,True,
3_theo_17.wav,data/fsdd/recordings/3_theo_17.wav,3,theo,17,8000,1579,0.197375,1,PCM_16,0b66a45163b1c51a4450dae55c3f79234c3218756241c492ca33f673aadbab44,True,True,
3_theo_18.wav,data/fsdd/recordings/3_theo_18.wav,3,theo,18,8000,2380,0.2975,1,PCM_16,6ec4b458049eea6c5c084ef736625dd89cd589b5c8cef77d9cfe523f7f7adca8,True,True,
3_theo_19.wav,data/fsdd/recordings/3_theo_19.wav,3,theo,19,8000,1817,0.227125,1,PCM_16,41cafdda320d3563529b186246a78b08ec8b094a9b9091da10a2bd3018280c7d,True,True,
3_theo_2.wav,data/fsdd/recordings/3_theo_2.wav,3,theo,2,8000,2168,0.271,1,PCM_16,1c189c2b8b5a6b72735cbf2be2efc8933a74587cf7a3cf61733765f9cdfd624e,True,True,
3_theo_20.wav,data/fsdd/recordings/3_theo_20.wav,3,theo,20,8000,2290,0.28625,1,PCM_16,407e490242c54b10ec40a9369228886dd67cfae82fc0ae3d1b27c26535764996,True,True,
3_theo_21.wav,data/fsdd/recordings/3_theo_21.wav,3,theo,21,8000,4294,0.53675,1,PCM_16,ca478dad5bbeed0abeac83ebd0de49ea2790bbffdbb0fad3cc0750961a1e3e81,True,True,
3_theo_22.wav,data/fsdd/recordings/3_theo_22.wav,3,theo,22,8000,2749,0.343625,1,PCM_16,1d8ddfc858ba62917ed0a604f684502816eb79faa7741b2beb237f6fced63022,True,True,
3_theo_23.wav,data/fsdd/recordings/3_theo_23.wav,3,theo,23,8000,4066,0.50825,1,PCM_16,38800c9cf02bbabcfdfd8a7d8c4b61be1012591b776f2e95efd54e1ac97cca44,True,True,
3_theo_24.wav,data/fsdd/recordings/3_theo_24.wav,3,theo,24,8000,3135,0.391875,1,PCM_16,8bc51294d9bf9cbcdd012f6af483ea818cbdc1e44f25cdd8df4c7e5bbc6d1392,True,True,
3_theo_25.wav,data/fsdd/recordings/3_theo_25.wav,3,theo,25,8000,4506,0.56325,1,PCM_16,dacfe374568351b4e0cd833ae006edfbc8a6d131972dd6fa0f448654e56be7bc,True,True,
3_theo_26.wav,data/fsdd/recordings/3_theo_26.wav,3,theo,26,8000,3302,0.41275,1,PCM_16,4232457b07aaeee55de7da4fe53fcd7869b7e5c5e8d9130d44257afcee2d0e07,True,True,
3_theo_27.wav,data/fsdd/recordings/3_theo_27.wav,3,theo,27,8000,3284,0.4105,1,PCM_16,0d0dd48c7d3cd17f171ff45cef5e7b350fb916f26ffb6148bf5bb341c15831f8,True,True,
3_theo_28.wav,data/fsdd/recordings/3_theo_28.wav,3,theo,28,8000,3084,0.3855,1,PCM_16,973d46fba542fa307adb625dd39b554e67bc791c99f0e30f44379f26515753de,True,True,
3_theo_29.wav,data/fsdd/recordings/3_theo_29.wav,3,theo,29,8000,2130,0.26625,1,PCM_16,fa2e283a4a16969738823449ba0903a3d96c0c2733b5a4e2b26f23daa344c8e7,True,True,
3_theo_3.wav,data/fsdd/recordings/3_theo_3.wav,3,theo,3,8000,1876,0.2345,1,PCM_16,24ea16b57065fb80dfabd1ec7b736562a4506a34a754f50ec478eb2e4f6c5283,True,True,
3_theo_30.wav,data/fsdd/recordings/3_theo_30.wav,3,theo,30,8000,2823,0.352875,1,PCM_16,9683ae7c0bcffc5eb9d424fcf986d85f913e39e21a08455ac40a8af01c71638a,True,True,
3_theo_31.wav,data/fsdd/recordings/3_theo_31.wav,3,theo,31,8000,1958,0.24475,1,PCM_16,f762f651ba82cdae9a19447c51f7bfb3d6ab56a27d190ef1f03f7031df56fc35,True,True,
3_theo_32.wav,data/fsdd/recordings/3_theo_32.wav,3,theo,32,8000,2059,0.257375,1,PCM_16,e39ba647f71e1abff84cbb9dd818fbd14be14bb8ff527f23ce3b23779bc9ac32,True,True,
3_theo_33.wav,data/fsdd/recordings/3_theo_33.wav,3,theo,33,8000,2197,0.274625,1,PCM_16,1bd23ec8d9dac9f72cf8cffb44c999b7b5663f178b7e871ef0f9144d79aa4a8a,True,True,
3_theo_34.wav,data/fsdd/recordings/3_theo_34.wav,3,theo,34,8000,1560,0.195,1,PCM_16,d3f4a79cc8320b2113920d13ccd22c03c7cc9dedb40cc465f79b4717b389ece2,True,True,
3_theo_35.wav,data/fsdd/recordings/3_theo_35.wav,3,theo,35,8000,2610,0.32625,1,PCM_16,ccca03134ee6bc20a90407f1e76302931fdcc25abdf7384f9fe364c8b709fd70,True,True,
3_theo_36.wav,data/fsdd/recordings/3_theo_36.wav,3,theo,36,8000,2519,0.314875,1,PCM_16,d9425d05eb3015968e4fda2486680958f009affa4c62dfdca6e84eeddae4c29b,True,True,
3_theo_37.wav,data/fsdd/recordings/3_theo_37.wav,3,theo,37,8000,2212,0.2765,1,PCM_16,ddd8dcfea6849e4ecafe50c64b17e77d3155d5f370ec11519e1b7e304ac0cec5,True,True,
3_theo_38.wav,data/fsdd/recordings/3_theo_38.wav,3,theo,38,8000,2897,0.362125,1,PCM_16,f08606723289c27f371168cd529f95731f35b9cde49417f5aa9b39ea3b36054d,True,True,
3_theo_39.wav,data/fsdd/recordings/3_theo_39.wav,3,theo,39,8000,2377,0.297125,1,PCM_16,d0af0fe7575ac10285ac993a3095b84f3e5d726bd9b0ca50a10175a39b6e9a05,True,True,
3_theo_4.wav,data/fsdd/recordings/3_theo_4.wav,3,theo,4,8000,1795,0.224375,1,PCM_16,78ba9425e4a39ff248e8067cc6d7a5e7b24c62cc4e012f56bf97ba4366fb7ae1,True,True,
3_theo_40.wav,data/fsdd/recordings/3_theo_40.wav,3,theo,40,8000,3223,0.402875,1,PCM_16,92b383d3723d3a07bf637e98746d41a37d7ff38f2b29940eed64697b12d152de,True,True,
3_theo_41.wav,data/fsdd/recordings/3_theo_41.wav,3,theo,41,8000,2238,0.27975,1,PCM_16,f1a054828c8630352ed1b66521ea2e044f3f11f01769f3f2d092b286e244afeb,True,True,
3_theo_42.wav,data/fsdd/recordings/3_theo_42.wav,3,theo,42,8000,2036,0.2545,1,PCM_16,335aa2a7baefecc01fbf2ec732dc496ea055146af592595cba149bb337153595,True,True,
3_theo_43.wav,data/fsdd/recordings/3_theo_43.wav,3,theo,43,8000,2201,0.275125,1,PCM_16,3609ec5ae2d43af787b1b030613478ead8d320d4e7d9972b335f8e0a10c1a012,True,True,
3_theo_44.wav,data/fsdd/recordings/3_theo_44.wav,3,theo,44,8000,1846,0.23075,1,PCM_16,affec009c1fd5deb3f6a99d0073f9ca8fac0786ba3fa45753bc4f9689f8b10a7,True,True,
3_theo_45.wav,data/fsdd/recordings/3_theo_45.wav,3,theo,45,8000,2657,0.332125,1,PCM_16,7796bc857743259d6c22f181cd6e17d88e755f6b9554d9abd56627cfc749bf75,True,True,
3_theo_46.wav,data/fsdd/recordings/3_theo_46.wav,3,theo,46,8000,3960,0.495,1,PCM_16,b94d22568663badb02943efe9374826e7e5a06df237c7a1cbfecafe25821cd8b,True,True,
3_theo_47.wav,data/fsdd/recordings/3_theo_47.wav,3,theo,47,8000,2672,0.334,1,PCM_16,1fac5d9f4266154665e088cfbe95bcaa0641f4f52257191792c956fe4dbba896,True,True,
3_theo_48.wav,data/fsdd/recordings/3_theo_48.wav,3,theo,48,8000,2150,0.26875,1,PCM_16,cf6d0e14eb88f880aadd0904caf1bfd0f7b275e2c1e63e5cddc2cf0129faaa3c,True,True,
3_theo_49.wav,data/fsdd/recordings/3_theo_49.wav,3,theo,49,8000,1713,0.214125,1,PCM_16,c023ffed7ca99b8652b84f7adc3bb8b6367d46bcb39d63554182155aeb1f06af,True,True,
3_theo_5.wav,data/fsdd/recordings/3_theo_5.wav,3,theo,5,8000,1803,0.225375,1,PCM_16,695d21f94c402cfd292093832ada533a8561e54e22bce0b378e5889dce7a7d63,True,True,
3_theo_6.wav,data/fsdd/recordings/3_theo_6.wav,3,theo,6,8000,2166,0.27075,1,PCM_16,461267690a2f6aa316dc119523551350bebe6b65e06d541d747e582f393b1f21,True,True,
3_theo_7.wav,data/fsdd/recordings/3_theo_7.wav,3,theo,7,8000,1945,0.243125,1,PCM_16,b1b060df6a3450636dd4a4087358d45d8da4b8d568117bf760d8a841c3bc41d3,True,True,
3_theo_8.wav,data/fsdd/recordings/3_theo_8.wav,3,theo,8,8000,2177,0.272125,1,PCM_16,d3bd19e1843fc89fa01eec76adf8d01af94df20341ae5c1bc194d224b8020c68,True,True,
3_theo_9.wav,data/fsdd/recordings/3_theo_9.wav,3,theo,9,8000,2001,0.250125,1,PCM_16,4d0c99092101eabe2c4694429852e1de5c8242211f40c793222eafd070be854a,True,True,
3_yweweler_0.wav,data/fsdd/recordings/3_yweweler_0.wav,3,yweweler,0,8000,3135,0.391875,1,PCM_16,66455971b9f17337df4e48d10ca2a9fb483605ab42588d7ece2c13b5d652e107,True,True,
3_yweweler_1.wav,data/fsdd/recordings/3_yweweler_1.wav,3,yweweler,1,8000,2511,0.313875,1,PCM_16,2a47fc283011862ed6df60b0ce155c713ebfa639fd857e7f6cfa7f5cfe683b3b,True,True,
3_yweweler_10.wav,data/fsdd/recordings/3_yweweler_10.wav,3,yweweler,10,8000,2668,0.3335,1,PCM_16,2c828d5cf2fba580e6bbd5dcc7cebf48e6fb657f5bcd8ad6d83d2a6dae65ade8,True,True,
3_yweweler_11.wav,data/fsdd/recordings/3_yweweler_11.wav,3,yweweler,11,8000,3207,0.400875,1,PCM_16,91804ac18d2a46e466278274b7a7ab66e4a3a5fd4b34917414436412e9746e61,True,True,
3_yweweler_12.wav,data/fsdd/recordings/3_yweweler_12.wav,3,yweweler,12,8000,3144,0.393,1,PCM_16,0e81e9e962219fb23e7b7eb6437f2ba8717da993898cf031c741a13c182e3452,True,True,
3_yweweler_13.wav,data/fsdd/recordings/3_yweweler_13.wav,3,yweweler,13,8000,3072,0.384,1,PCM_16,2a49756ad4c940ed5f7c50860d6034dd97ac2e12c004e11ce98474b058028fac,True,True,
3_yweweler_14.wav,data/fsdd/recordings/3_yweweler_14.wav,3,yweweler,14,8000,2446,0.30575,1,PCM_16,6e62334c7ffac8a10aa1d83a539aa80c096a3c19f642c1e3d7ccd82af91fd631,True,True,
3_yweweler_15.wav,data/fsdd/recordings/3_yweweler_15.wav,3,yweweler,15,8000,1892,0.2365,1,PCM_16,4951c19a233e29f00bd02204b1a2d0350da2d2d3efdfd9a85edb34dbfdbb6ce9,True,True,
3_yweweler_16.wav,data/fsdd/recordings/3_yweweler_16.wav,3,yweweler,16,8000,2788,0.3485,1,PCM_16,885a1a2eae57d6aa5ee0cb5dd67a5652486e36d07c1c2b3811fcc45033370a36,True,True,
3_yweweler_17.wav,data/fsdd/recordings/3_yweweler_17.wav,3,yweweler,17,8000,3145,0.393125,1,PCM_16,6c416dbad885a0888bdc4f1f2650f54608f3d9c8c8d9c1e02a6330447d2cbc70,True,True,
3_yweweler_18.wav,data/fsdd/recordings/3_yweweler_18.wav,3,yweweler,18,8000,2854,0.35675,1,PCM_16,d09439f08cce7a395f6bfe0636953464c7023a0389e03e6d5a4b0fa49cb9471f,True,True,
3_yweweler_19.wav,data/fsdd/recordings/3_yweweler_19.wav,3,yweweler,19,8000,3165,0.395625,1,PCM_16,66e3e0406b730a13857a4fb377e2010f5d72960b721f913eab66afc4b012354d,True,True,
3_yweweler_2.wav,data/fsdd/recordings/3_yweweler_2.wav,3,yweweler,2,8000,2005,0.250625,1,PCM_16,9e9304d51e2fc07e84293483f251336d6f7ee80064fcef4f87f1a537ec776662,True,True,
3_yweweler_20.wav,data/fsdd/recordings/3_yweweler_20.wav,3,yweweler,20,8000,2218,0.27725,1,PCM_16,5943edd4ef6a48c61fd37a947748f1f60399bc008a0172f458154c794af13943,True,True,
3_yweweler_21.wav,data/fsdd/recordings/3_yweweler_21.wav,3,yweweler,21,8000,3320,0.415,1,PCM_16,4eeb97bbcc67a98dac6cca5edf7267aa63808072b260c6df263fb4cdc22e7769,True,True,
3_yweweler_22.wav,data/fsdd/recordings/3_yweweler_22.wav,3,yweweler,22,8000,2257,0.282125,1,PCM_16,f68c37b8a3277b3feb392fefddff8340c6b95a6e7cd0a0595170e49f950034b6,True,True,
3_yweweler_23.wav,data/fsdd/recordings/3_yweweler_23.wav,3,yweweler,23,8000,2726,0.34075,1,PCM_16,2370acc5b0f7ebd36344e30b8a31c46e445768fd3c7be2bd30650497ca73044f,True,True,
3_yweweler_24.wav,data/fsdd/recordings/3_yweweler_24.wav,3,yweweler,24,8000,2203,0.275375,1,PCM_16,71c3e3709098ef9f0417dbee87c5d39f8555c2df82ef8851e6b1d63fc084ece5,True,True,
3_yweweler_25.wav,data/fsdd/recordings/3_yweweler_25.wav,3,yweweler,25,8000,2478,0.30975,1,PCM_16,e465b61522f2482570d91fe44ccc2c606641e66a17b7b544df65f7894e2afd91,True,True,
3_yweweler_26.wav,data/fsdd/recordings/3_yweweler_26.wav,3,yweweler,26,8000,2630,0.32875,1,PCM_16,3d826fc3945a3300bb690730c627df66e2c6f9ec083087d5749c01c07f67c483,True,True,
3_yweweler_27.wav,data/fsdd/recordings/3_yweweler_27.wav,3,yweweler,27,8000,2330,0.29125,1,PCM_16,5a3e2cf82473b226ed674d361dbcbe0df9dababcfe7862f7a887b7f87bc61d12,True,True,
3_yweweler_28.wav,data/fsdd/recordings/3_yweweler_28.wav,3,yweweler,28,8000,2272,0.284,1,PCM_16,375e2e47699acccc3a7727acb8e55457d83ae739be12ae5616e3a2904c91d4ed,True,True,
3_yweweler_29.wav,data/fsdd/recordings/3_yweweler_29.wav,3,yweweler,29,8000,2274,0.28425,1,PCM_16,86d28004ec7b6c5e5b4487127ca0ff6a5e8fd759414853e98aa34b165fea7008,True,True,
3_yweweler_3.wav,data/fsdd/recordings/3_yweweler_3.wav,3,yweweler,3,8000,3172,0.3965,1,PCM_16,1a96c144f6e01886953e2935e3559cef3c9a292bf1f318830b4502a8acfefba9,True,True,
3_yweweler_30.wav,data/fsdd/recordings/3_yweweler_30.wav,3,yweweler,30,8000,3288,0.411,1,PCM_16,f7ed0ce91a535f3101404da1f999f266c59a8e717e9f54532363ba45a15db73d,True,True,
3_yweweler_31.wav,data/fsdd/recordings/3_yweweler_31.wav,3,yweweler,31,8000,1697,0.212125,1,PCM_16,b98237dcf666b9864c1eaa1e38a438ddbf45377de42e32b6ecb42b639ef5a3d8,True,True,
3_yweweler_32.wav,data/fsdd/recordings/3_yweweler_32.wav,3,yweweler,32,8000,2254,0.28175,1,PCM_16,e5e778b18c55c32aa6dc51039d98b76209e73ffbbd5057d223b5daa835b4e39c,True,True,
3_yweweler_33.wav,data/fsdd/recordings/3_yweweler_33.wav,3,yweweler,33,8000,2695,0.336875,1,PCM_16,01a2df7dd5780fe74447ca57bb498afa334d2f31bc3ba2cabd9d90a362e13b9f,True,True,
3_yweweler_34.wav,data/fsdd/recordings/3_yweweler_34.wav,3,yweweler,34,8000,3154,0.39425,1,PCM_16,ff8898c3ecc2809169ccf6e7a310f540e2ee7643643605dba38f32dd10949275,True,True,
3_yweweler_35.wav,data/fsdd/recordings/3_yweweler_35.wav,3,yweweler,35,8000,2829,0.353625,1,PCM_16,5d4c283b28f5acd5cc9e3855cd638514dccb618a22a41890fea27c42f07e7775,True,True,
3_yweweler_36.wav,data/fsdd/recordings/3_yweweler_36.wav,3,yweweler,36,8000,2276,0.2845,1,PCM_16,4e0d4c025c4274cebe831520c15737916ae2007ffad143f15d39068227986b29,True,True,
3_yweweler_37.wav,data/fsdd/recordings/3_yweweler_37.wav,3,yweweler,37,8000,3277,0.409625,1,PCM_16,fb337e73172e5487c34233285586ea2681c6ee5be740cc8c4086dd39c4961869,True,True,
3_yweweler_38.wav,data/fsdd/recordings/3_yweweler_38.wav,3,yweweler,38,8000,2230,0.27875,1,PCM_16,02beb61bc42ea7a6f76ff13a1dedc2771fa4a0c170a76573becc9d3c01792bc6,True,True,
3_yweweler_39.wav,data/fsdd/recordings/3_yweweler_39.wav,3,yweweler,39,8000,2345,0.293125,1,PCM_16,8e48c9886d7ba2843d5418dc73a14f70f3d2778eefa9f44227c8c284c1e07750,True,True,
3_yweweler_4.wav,data/fsdd/recordings/3_yweweler_4.wav,3,yweweler,4,8000,3186,0.39825,1,PCM_16,b12b5e96c1c519aafc62c13948a0315d901b7cece4adea27e25d6675acac1c83,True,True,
3_yweweler_40.wav,data/fsdd/recordings/3_yweweler_40.wav,3,yweweler,40,8000,4920,0.615,1,PCM_16,b4aef588151362be996c11416509987ae1e3a32aaae15ef700cc58eb5a54fff5,True,True,
3_yweweler_41.wav,data/fsdd/recordings/3_yweweler_41.wav,3,yweweler,41,8000,1903,0.237875,1,PCM_16,74634bdf7f6ec4353651e92a44e3c8b341627741dd41763cca4c35a57cffa375,True,True,
3_yweweler_42.wav,data/fsdd/recordings/3_yweweler_42.wav,3,yweweler,42,8000,2409,0.301125,1,PCM_16,7b762603bdac51999874d51f54ec8d3e0862a1aaf7b69d7b99c193a22c81cf7c,True,True,
3_yweweler_43.wav,data/fsdd/recordings/3_yweweler_43.wav,3,yweweler,43,8000,2702,0.33775,1,PCM_16,50e96c1105d4f6411d58a23e6e734e4d120dc2d68d0a4ff136cb1ae4ab04dd53,True,True,
3_yweweler_44.wav,data/fsdd/recordings/3_yweweler_44.wav,3,yweweler,44,8000,2104,0.263,1,PCM_16,8beb92385b61b5ccaa85eb07a3f207c1c94990b625467978b4ace2d52aa614a3,True,True,
3_yweweler_45.wav,data/fsdd/recordings/3_yweweler_45.wav,3,yweweler,45,8000,2688,0.336,1,PCM_16,76363639baece6881c493899304f374e5b5840b29b1eba03cd1ed313469b4e35,True,True,
3_yweweler_46.wav,data/fsdd/recordings/3_yweweler_46.wav,3,yweweler,46,8000,2105,0.263125,1,PCM_16,fe7860e96a98915efc4f070244f022ec5ad5919d81c87483c2fd28c49bfd325b,True,True,
3_yweweler_47.wav,data/fsdd/recordings/3_yweweler_47.wav,3,yweweler,47,8000,2643,0.330375,1,PCM_16,46ebf60fe08d4adab9fcfca4e23abf65d82a233643cb708dfb6e030bb25a0932,True,True,
3_yweweler_48.wav,data/fsdd/recordings/3_yweweler_48.wav,3,yweweler,48,8000,2474,0.30925,1,PCM_16,907b96b8f449071f09182287ec8aba09eff874e752c4f9c63547d50f7c411d89,True,True,
3_yweweler_49.wav,data/fsdd/recordings/3_yweweler_49.wav,3,yweweler,49,8000,2077,0.259625,1,PCM_16,7c9884f0593466ec8e73fd5ae06756b52a52cef5583b604fbd21a62e572f570c,True,True,
3_yweweler_5.wav,data/fsdd/recordings/3_yweweler_5.wav,3,yweweler,5,8000,2478,0.30975,1,PCM_16,6ab720bfcf48676794d37fbdf44890aed1860cd600cfe1092b4063eeb492f199,True,True,
3_yweweler_6.wav,data/fsdd/recordings/3_yweweler_6.wav,3,yweweler,6,8000,2974,0.37175,1,PCM_16,0371710c51e96f5725140672d136aacc0e376e71b67d24adf34c0e6f3c8a1e1e,True,True,
3_yweweler_7.wav,data/fsdd/recordings/3_yweweler_7.wav,3,yweweler,7,8000,1919,0.239875,1,PCM_16,ce297656d0e6b80af89bbc321f968f1eeaff950bb515a2f0d3177d7a46159224,True,True,
3_yweweler_8.wav,data/fsdd/recordings/3_yweweler_8.wav,3,yweweler,8,8000,2079,0.259875,1,PCM_16,de6cd695bcba4f140e0f6b59ce8e3612abccaf0381018cb00ed0ba6d70705247,True,True,
3_yweweler_9.wav,data/fsdd/recordings/3_yweweler_9.wav,3,yweweler,9,8000,2418,0.30225,1,PCM_16,ac455eefeda94800b163356ba2e1c289693e31198c274d71c29ba86f21a7eab8,True,True,
4_george_0.wav,data/fsdd/recordings/4_george_0.wav,4,george,0,8000,3491,0.436375,1,PCM_16,caf634cb0b03955ce98239bb9ae9660445f9021049b3211ad6dc09a1765efca3,True,True,
4_george_1.wav,data/fsdd/recordings/4_george_1.wav,4,george,1,8000,4311,0.538875,1,PCM_16,1be0fe488bc928edc0ed9496fbffac6386ed6831b9f3b5fa796e5ad48b27e02b,True,True,
4_george_10.wav,data/fsdd/recordings/4_george_10.wav,4,george,10,8000,3088,0.386,1,PCM_16,b3126663afcdaf3c1118afc782ba201e873f07bc225fe681c1f26435d7f73869,True,True,
4_george_11.wav,data/fsdd/recordings/4_george_11.wav,4,george,11,8000,3997,0.499625,1,PCM_16,008a3a3d177997b4d16be91e44750907ea93ecf471450d0d1023289bba7f17ac,True,True,
4_george_12.wav,data/fsdd/recordings/4_george_12.wav,4,george,12,8000,3693,0.461625,1,PCM_16,2974a51d2f7731f251d78dd0d6b7dd49749cbaf7ae280dd068bfc68e22415200,True,True,
4_george_13.wav,data/fsdd/recordings/4_george_13.wav,4,george,13,8000,3942,0.49275,1,PCM_16,a99b4756e8ab4e1648ec8b85c714947730a0bf5bc5bcf5b13bc218175dbd66e3,True,True,
4_george_14.wav,data/fsdd/recordings/4_george_14.wav,4,george,14,8000,3805,0.475625,1,PCM_16,a6510d5aab9cc32e2a8d2e3853f8e3be541b63d9862f82b4d2c2e4c9a861d754,True,True,
4_george_15.wav,data/fsdd/recordings/4_george_15.wav,4,george,15,8000,4057,0.507125,1,PCM_16,ee56b77a401245d5b256f29a55a793eea22363b726c51f3f548b84551a7092ce,True,True,
4_george_16.wav,data/fsdd/recordings/4_george_16.wav,4,george,16,8000,3952,0.494,1,PCM_16,0ea115511d0f164309eabe19dfba594ea2deceffb7d1d3e21422ac21c78de6f2,True,True,
4_george_17.wav,data/fsdd/recordings/4_george_17.wav,4,george,17,8000,4150,0.51875,1,PCM_16,be2f53812e670caccb14dab402bcdcfce732c6bb4a3eceabda5114b9347fc70e,True,True,
4_george_18.wav,data/fsdd/recordings/4_george_18.wav,4,george,18,8000,4616,0.577,1,PCM_16,d7b54eb32b1c38c563e3af35d8fade9338182a3d13452a6318854fdeb0e9bff5,True,True,
4_george_19.wav,data/fsdd/recordings/4_george_19.wav,4,george,19,8000,4385,0.548125,1,PCM_16,d03b4910b6617f5a35b96346dc4fdabe098e89f50684f2daa6610d4abbf2085d,True,True,
4_george_2.wav,data/fsdd/recordings/4_george_2.wav,4,george,2,8000,3892,0.4865,1,PCM_16,0d627bde38ae7b5aa81c5a9f0664fd96f9dff94ef9bab382337c1554a482232a,True,True,
4_george_20.wav,data/fsdd/recordings/4_george_20.wav,4,george,20,8000,3334,0.41675,1,PCM_16,44bc1025ef2e7b29dc24a4a8466a8000289330abb50825d1e5dba2470d3ef353,True,True,
4_george_21.wav,data/fsdd/recordings/4_george_21.wav,4,george,21,8000,3004,0.3755,1,PCM_16,ef4dc60f3978ff88e2c036ccb00d8016c921a48c0d2edf22d2402a2411b4a8fa,True,True,
4_george_22.wav,data/fsdd/recordings/4_george_22.wav,4,george,22,8000,4104,0.513,1,PCM_16,4b221f8bfb52975846b9cebed4c3763db88e8f19981b2b9bba4bc352239b9ab1,True,True,
4_george_23.wav,data/fsdd/recordings/4_george_23.wav,4,george,23,8000,2511,0.313875,1,PCM_16,becfd07d3ef7e679e6d77377ccaffedc75545b85ff34c47641a333c9805d6ca2,True,True,
4_george_24.wav,data/fsdd/recordings/4_george_24.wav,4,george,24,8000,3317,0.414625,1,PCM_16,351d3863ae16e473951399ba7cf8ec14fe2fc8a9d68bb4465620b9cfa258dd78,True,True,
4_george_25.wav,data/fsdd/recordings/4_george_25.wav,4,george,25,8000,3390,0.42375,1,PCM_16,edb3e84994795e0fb9cb4afcff93df86209ba0b550c49d5da2709e7a2961940b,True,True,
4_george_26.wav,data/fsdd/recordings/4_george_26.wav,4,george,26,8000,4177,0.522125,1,PCM_16,071426e0f0b66631fe91221f0b7b6c2dc365af7ef17ccc05830d2c154848736c,True,True,
4_george_27.wav,data/fsdd/recordings/4_george_27.wav,4,george,27,8000,4156,0.5195,1,PCM_16,ffc58b33bfb0869ef27ce92e9bdc0a952c964405c99ba42d8e3d3b8c1a37d06f,True,True,
4_george_28.wav,data/fsdd/recordings/4_george_28.wav,4,george,28,8000,3530,0.44125,1,PCM_16,2ea82d7e1c5694f76dbe45bfe45eda964704dc5968b53fc0d6b63d13496fa4f5,True,True,
4_george_29.wav,data/fsdd/recordings/4_george_29.wav,4,george,29,8000,3008,0.376,1,PCM_16,6761a916813eccb9b926709ecfcafc7969e5e37c8042627072d9b3d79e9a9147,True,True,
4_george_3.wav,data/fsdd/recordings/4_george_3.wav,4,george,3,8000,3761,0.470125,1,PCM_16,6f7134c1e2bea2f01720c4c255cc709f5e31cd8ec878f84d288b47d2fcf01819,True,True,
4_george_30.wav,data/fsdd/recordings/4_george_30.wav,4,george,30,8000,3512,0.439,1,PCM_16,bf86af63f1b0f8586dcf20e5cad5a737eb0627cc5aee50a60c3a4b514681076e,True,True,
4_george_31.wav,data/fsdd/recordings/4_george_31.wav,4,george,31,8000,3132,0.3915,1,PCM_16,d6c17e2591ee47b9999fd2ff1c440a33242d6e19533fea0dc53d5982c94f8395,True,True,
4_george_32.wav,data/fsdd/recordings/4_george_32.wav,4,george,32,8000,3304,0.413,1,PCM_16,e1592cc25f731f89ccfc2852b6748da2143edd7e36ef3237e725718357d1ae18,True,True,
4_george_33.wav,data/fsdd/recordings/4_george_33.wav,4,george,33,8000,3523,0.440375,1,PCM_16,1485f2d796dd76647e5aca26aee5c25d632ab1f7db445886727b5956dc22b07e,True,True,
4_george_34.wav,data/fsdd/recordings/4_george_34.wav,4,george,34,8000,2320,0.29,1,PCM_16,b00c3b3145767f1b9ca394494bee430728591baf84b405ea4356468e2a01b022,True,True,
4_george_35.wav,data/fsdd/recordings/4_george_35.wav,4,george,35,8000,3913,0.489125,1,PCM_16,4f5fe9d07e4f8e1431353c826d162bdc310f018e514313ee3f24fba5063bc60d,True,True,
4_george_36.wav,data/fsdd/recordings/4_george_36.wav,4,george,36,8000,4076,0.5095,1,PCM_16,c3d3032bbc9e26fea42d4cab6cbfc728475394c7952f8fc6113559b1cf058f48,True,True,
4_george_37.wav,data/fsdd/recordings/4_george_37.wav,4,george,37,8000,3246,0.40575,1,PCM_16,cac219daf199e9a7e2783259097c25605dcc55a1eb456747c9bdcd29c616d8e3,True,True,
4_george_38.wav,data/fsdd/recordings/4_george_38.wav,4,george,38,8000,2184,0.273,1,PCM_16,89597f06af5ea356a162ab7c3a5f2f9fca4c505df4b19141933d862cd51b96f8,True,True,
4_george_39.wav,data/fsdd/recordings/4_george_39.wav,4,george,39,8000,2580,0.3225,1,PCM_16,40eb9fc68ab14890ae05f00f90d471eda89e2b56a85de80231cb52b5c7ee4a4f,True,True,
4_george_4.wav,data/fsdd/recordings/4_george_4.wav,4,george,4,8000,3479,0.434875,1,PCM_16,900a454621a923e0d264a52b3146e92365410e3df313c68f14eafdd6f1db008a,True,True,
4_george_40.wav,data/fsdd/recordings/4_george_40.wav,4,george,40,8000,3198,0.39975,1,PCM_16,e448ca1e765a80de3c95b1243a88e8f94d41084a2ec4cb1cc59086bc1b8a0659,True,True,
4_george_41.wav,data/fsdd/recordings/4_george_41.wav,4,george,41,8000,3176,0.397,1,PCM_16,7d3726c774cbd40f7ea30a71596c99174c8b4f12e9eebabd7267fecd1a2ce2e5,True,True,
4_george_42.wav,data/fsdd/recordings/4_george_42.wav,4,george,42,8000,3218,0.40225,1,PCM_16,194770c78feb1afb1be7c3619c0a0e2a270d448a7a72aa7ee6e4762f6406942c,True,True,
4_george_43.wav,data/fsdd/recordings/4_george_43.wav,4,george,43,8000,2770,0.34625,1,PCM_16,7ce2fc6f76e0858b8b0f3bdff578479695b435b65587080d1126ac62ffc3476c,True,True,
4_george_44.wav,data/fsdd/recordings/4_george_44.wav,4,george,44,8000,2787,0.348375,1,PCM_16,a47008f0a3f8252aa99fbb0a6966ed7cdab5a90b842d3e0b980dd345b54c9aa6,True,True,
4_george_45.wav,data/fsdd/recordings/4_george_45.wav,4,george,45,8000,3186,0.39825,1,PCM_16,fd6a0921ffe48fb2afbd1247eeb9230659e8da364f78375a70ab4094dc5ff503,True,True,
4_george_46.wav,data/fsdd/recordings/4_george_46.wav,4,george,46,8000,3040,0.38,1,PCM_16,49c291014b59d4adf359b6b9c6001c08e327c7f654312e841fd6088df37d914f,True,True,
4_george_47.wav,data/fsdd/recordings/4_george_47.wav,4,george,47,8000,2733,0.341625,1,PCM_16,dc41dde93170dee8205fb58ffa82d39d5e36eeda5d78c939bf2dbe66f7deb0b4,True,True,
4_george_48.wav,data/fsdd/recordings/4_george_48.wav,4,george,48,8000,3767,0.470875,1,PCM_16,608c60b1b5f3147041ab6f3bc8d99f7bee95561ea844d97f750f18d6dbdac704,True,True,
4_george_49.wav,data/fsdd/recordings/4_george_49.wav,4,george,49,8000,3439,0.429875,1,PCM_16,102644029f6cc71ebb3c0f60df816bfec2d35d15b4bf9161b4064974cdf52f2e,True,True,
4_george_5.wav,data/fsdd/recordings/4_george_5.wav,4,george,5,8000,3841,0.480125,1,PCM_16,608ef3875f390799736ac0891a97737798178f8e01a8a08bf188ef690204f37a,True,True,
4_george_6.wav,data/fsdd/recordings/4_george_6.wav,4,george,6,8000,4457,0.557125,1,PCM_16,532f7246beb3a5d44e1c2ac4182151e5c4a5897239de30f31ba9cd8fd37d8844,True,True,
4_george_7.wav,data/fsdd/recordings/4_george_7.wav,4,george,7,8000,4041,0.505125,1,PCM_16,7bb3252b0f029cfa12a68da8afe54f52fc84944eab5cd186f5e1d3a40a6a492a,True,True,
4_george_8.wav,data/fsdd/recordings/4_george_8.wav,4,george,8,8000,4734,0.59175,1,PCM_16,e3a6389c4f3326115472b65fbb2226983439c8767b1e9f3dbfa41331b62dca25,True,True,
4_george_9.wav,data/fsdd/recordings/4_george_9.wav,4,george,9,8000,4341,0.542625,1,PCM_16,74018e8ae4514021727ed51ed4387299dcf0f9690f5195eb1843155286445200,True,True,
4_jackson_0.wav,data/fsdd/recordings/4_jackson_0.wav,4,jackson,0,8000,3708,0.4635,1,PCM_16,e0febd48e7cf7cfdca949d0d07769e0fc708fb2e8e7648691fa7e6ed7a5b1ded,True,True,
4_jackson_1.wav,data/fsdd/recordings/4_jackson_1.wav,4,jackson,1,8000,3349,0.418625,1,PCM_16,e3432e1b1863239d3e310791f117c707ca995915f1e36f433cf0c1ec3a013e9a,True,True,
4_jackson_10.wav,data/fsdd/recordings/4_jackson_10.wav,4,jackson,10,8000,3005,0.375625,1,PCM_16,f531f5fc9367d8dfbcd951b8d27276b959f2a3ff34a19af00756908710c0a851,True,True,
4_jackson_11.wav,data/fsdd/recordings/4_jackson_11.wav,4,jackson,11,8000,3012,0.3765,1,PCM_16,1a988aaf3e9054fb9b275cb06a0645ed48ef61ad3664a23bc6979ad9f5a57812,True,True,
4_jackson_12.wav,data/fsdd/recordings/4_jackson_12.wav,4,jackson,12,8000,3292,0.4115,1,PCM_16,3ae3b3c1ae8fa88ecfde4abb01d739bc239ad4e786112d67b3cfa95f6ad0eb60,True,True,
4_jackson_13.wav,data/fsdd/recordings/4_jackson_13.wav,4,jackson,13,8000,2986,0.37325,1,PCM_16,04554725e0e6d83e495dca6232d80b58c953bf0d5f6b169c2a51e2e8d1117d71,True,True,
4_jackson_14.wav,data/fsdd/recordings/4_jackson_14.wav,4,jackson,14,8000,2983,0.372875,1,PCM_16,67594ce249df8f00a9bf29f794aa18811b3585b3075af3634208577509dce09a,True,True,
4_jackson_15.wav,data/fsdd/recordings/4_jackson_15.wav,4,jackson,15,8000,3608,0.451,1,PCM_16,c163b7e8395bb983e933bb1d07dd443dd341e6556d885e5c94a20a8e72fa4abe,True,True,
4_jackson_16.wav,data/fsdd/recordings/4_jackson_16.wav,4,jackson,16,8000,3461,0.432625,1,PCM_16,763397922a72415e98fcd56d95793683ccfc1aabace0d1291402a91204f4673b,True,True,
4_jackson_17.wav,data/fsdd/recordings/4_jackson_17.wav,4,jackson,17,8000,3223,0.402875,1,PCM_16,35f353aade94a26d0dbed97f2979447ba039e1d12855b52b52c574c30032a31b,True,True,
4_jackson_18.wav,data/fsdd/recordings/4_jackson_18.wav,4,jackson,18,8000,3224,0.403,1,PCM_16,a27f7946dc2461e83a87ddca15581c73450d4e77e6b5f1327204136eaafaabdb,True,True,
4_jackson_19.wav,data/fsdd/recordings/4_jackson_19.wav,4,jackson,19,8000,2895,0.361875,1,PCM_16,2d63d718f455eff6c0d1d02690762315de8b9acc1c37b78bbce02a63beece705,True,True,
4_jackson_2.wav,data/fsdd/recordings/4_jackson_2.wav,4,jackson,2,8000,3328,0.416,1,PCM_16,fdc2c948f0cbd1461294e88a3c5ded737a57cfb4d72b0ba10620ba66545b797c,True,True,
4_jackson_20.wav,data/fsdd/recordings/4_jackson_20.wav,4,jackson,20,8000,3126,0.39075,1,PCM_16,f2ee91a8d15b0b0c33cc2dc1f168945562a97d6edc7cefac40591426d2c3fa9d,True,True,
4_jackson_21.wav,data/fsdd/recordings/4_jackson_21.wav,4,jackson,21,8000,2838,0.35475,1,PCM_16,2dd52adc2a238b628280fed7af62572912b6dd62c7145697ff66af7c2b3c7092,True,True,
4_jackson_22.wav,data/fsdd/recordings/4_jackson_22.wav,4,jackson,22,8000,3355,0.419375,1,PCM_16,e049632d67fc86a067585cd9be61d11b5dff1cbdb9fc528c03312314a8d5baaa,True,True,
4_jackson_23.wav,data/fsdd/recordings/4_jackson_23.wav,4,jackson,23,8000,3260,0.4075,1,PCM_16,48f42e84c22e7bf6a7fd9fc50e661f71c1502b3a30228041b42bd0d7f79bf7b1,True,True,
4_jackson_24.wav,data/fsdd/recordings/4_jackson_24.wav,4,jackson,24,8000,3169,0.396125,1,PCM_16,b50f1bd09471ae2dfe33adb94ee97437a52ca2c182de10f1f3f0023a4595f9ca,True,True,
4_jackson_25.wav,data/fsdd/recordings/4_jackson_25.wav,4,jackson,25,8000,3286,0.41075,1,PCM_16,20fea5497aa420fe0a93f62a74f140f2fcf71ffce2ede33623d94b4401c02679,True,True,
4_jackson_26.wav,data/fsdd/recordings/4_jackson_26.wav,4,jackson,26,8000,3434,0.42925,1,PCM_16,c718d676d8a74d87c9e4fc8547586f914a8bb03465badcf6d9c52a4dfd4a676e,True,True,
4_jackson_27.wav,data/fsdd/recordings/4_jackson_27.wav,4,jackson,27,8000,3400,0.425,1,PCM_16,eace71c8a7d7609abefa0ed82e0a015dcc3baddba93e2a77fc334c12b6bd4b5b,True,True,
4_jackson_28.wav,data/fsdd/recordings/4_jackson_28.wav,4,jackson,28,8000,3795,0.474375,1,PCM_16,6b1f7845f43a7ca86ee02bb6602da50502b7ffdea64617bf355b53d8fe19675a,True,True,
4_jackson_29.wav,data/fsdd/recordings/4_jackson_29.wav,4,jackson,29,8000,3491,0.436375,1,PCM_16,d12cebac4efea3f4fbbe8a18985218a0f4916f19605cffed7c2447caa16af30a,True,True,
4_jackson_3.wav,data/fsdd/recordings/4_jackson_3.wav,4,jackson,3,8000,3249,0.406125,1,PCM_16,c9a0472f76f2f5bf53da7a4c7865f1f7bf3cb10968581303430b6c9dd09df704,True,True,
4_jackson_30.wav,data/fsdd/recordings/4_jackson_30.wav,4,jackson,30,8000,3522,0.44025,1,PCM_16,faf9ff6e62cb1ecd1dac0366f102ddd01626c5340b037633f80d213c0f1aaba7,True,True,
4_jackson_31.wav,data/fsdd/recordings/4_jackson_31.wav,4,jackson,31,8000,3479,0.434875,1,PCM_16,1662dc7ae285d2fce4ef1ab0007156badbe6288c7d343c410b292f367125f325,True,True,
4_jackson_32.wav,data/fsdd/recordings/4_jackson_32.wav,4,jackson,32,8000,3467,0.433375,1,PCM_16,21a46ca9e6c32090a69eb2fea140dfe066588a5f90e47207b9331eb6ac9a84e7,True,True,
4_jackson_33.wav,data/fsdd/recordings/4_jackson_33.wav,4,jackson,33,8000,3357,0.419625,1,PCM_16,0f430534c8b67cc2fa9d3c75ab771b993a9d513fac12d5ca252e4d40f03a7366,True,True,
4_jackson_34.wav,data/fsdd/recordings/4_jackson_34.wav,4,jackson,34,8000,3188,0.3985,1,PCM_16,555cdd4aeb6ce1e93acb6ed769cb43f434902d3d71d9e239d5e64a124d42b7c3,True,True,
4_jackson_35.wav,data/fsdd/recordings/4_jackson_35.wav,4,jackson,35,8000,3462,0.43275,1,PCM_16,f26033cf8dee58fb4d78791e7e852f384ce4b194498e244bc7c887a08e4fb598,True,True,
4_jackson_36.wav,data/fsdd/recordings/4_jackson_36.wav,4,jackson,36,8000,3195,0.399375,1,PCM_16,ed4eb08ee5da06edddee50b9687411ea35bc69542723decc727166739ae73170,True,True,
4_jackson_37.wav,data/fsdd/recordings/4_jackson_37.wav,4,jackson,37,8000,4023,0.502875,1,PCM_16,327bae4e0b7da32d03f890be401593b0e2fb850d00bb99a91fffe7289c1fa5e1,True,True,
4_jackson_38.wav,data/fsdd/recordings/4_jackson_38.wav,4,jackson,38,8000,3753,0.469125,1,PCM_16,dfa8660edad6301141366226516110fa601d7c19c7cf0b9461157392ce2bd21f,True,True,
4_jackson_39.wav,data/fsdd/recordings/4_jackson_39.wav,4,jackson,39,8000,3879,0.484875,1,PCM_16,f7ad11da20ffb2381495f4b6d8bd679b10a6f49d44d8a3abc95821f9456c465d,True,True,
4_jackson_4.wav,data/fsdd/recordings/4_jackson_4.wav,4,jackson,4,8000,3458,0.43225,1,PCM_16,88de2d6fa69ee009f13d30e39a3eb0e65cbc251730615e91fab5f866813fb080,True,True,
4_jackson_40.wav,data/fsdd/recordings/4_jackson_40.wav,4,jackson,40,8000,3764,0.4705,1,PCM_16,87c39f11988d2f22454154195339ca6a9296c14eab1d12c9345b39de3a6d1f4b,True,True,
4_jackson_41.wav,data/fsdd/recordings/4_jackson_41.wav,4,jackson,41,8000,3586,0.44825,1,PCM_16,24edb862a6877237ef2c446e22e72e6d0ad7a8a2800a7da6f988795bb111bcfd,True,True,
4_jackson_42.wav,data/fsdd/recordings/4_jackson_42.wav,4,jackson,42,8000,3410,0.42625,1,PCM_16,fc3652c04b3f46ea5463227323167216ca2cef893eb1cedf81cf8e11f35d7a43,True,True,
4_jackson_43.wav,data/fsdd/recordings/4_jackson_43.wav,4,jackson,43,8000,3699,0.462375,1,PCM_16,611f687ec061a55680abeb5ff2d1c4a4b4e3b1dc2270e9cfccad4f78b1b01794,True,True,
4_jackson_44.wav,data/fsdd/recordings/4_jackson_44.wav,4,jackson,44,8000,3763,0.470375,1,PCM_16,7abacb0f5bbb082bd4f0b058a037d30c81da288d95fe2a166104f1cf03dafc91,True,True,
4_jackson_45.wav,data/fsdd/recordings/4_jackson_45.wav,4,jackson,45,8000,3512,0.439,1,PCM_16,d0b106d466f3fe148a85fe102d4eaa06b6c1887340d3b14416e95b48a88aca22,True,True,
4_jackson_46.wav,data/fsdd/recordings/4_jackson_46.wav,4,jackson,46,8000,4089,0.511125,1,PCM_16,963edb9178fa1265cd177ed01d1e0b3110c59fc828ecb866628a853b3ff3c9d8,True,True,
4_jackson_47.wav,data/fsdd/recordings/4_jackson_47.wav,4,jackson,47,8000,3940,0.4925,1,PCM_16,7dba07d8cdb0f924c799d473d2b232b58f5bb18889fb4d12e13f01eea88aa9b2,True,True,
4_jackson_48.wav,data/fsdd/recordings/4_jackson_48.wav,4,jackson,48,8000,3754,0.46925,1,PCM_16,3b15185391a0d9d28a0b7534cbab45057a3bf3f3a6d887bd049b58db5fb6f0a3,True,True,
4_jackson_49.wav,data/fsdd/recordings/4_jackson_49.wav,4,jackson,49,8000,4001,0.500125,1,PCM_16,cef74365fb642ea9f746f5c35e584ce03ad5c59d5c2b66d0e593fb8bdb116799,True,True,
4_jackson_5.wav,data/fsdd/recordings/4_jackson_5.wav,4,jackson,5,8000,3490,0.43625,1,PCM_16,7d0641a2bbbf2ab6436f822d88dcb3d87c69f101e62b1ab5f623a3d64b8acb04,True,True,
4_jackson_6.wav,data/fsdd/recordings/4_jackson_6.wav,4,jackson,6,8000,3636,0.4545,1,PCM_16,f79c3108a05f9ef719130cac0c8b45093429e6c2e4bdad15691724032b7a96ad,True,True,
4_jackson_7.wav,data/fsdd/recordings/4_jackson_7.wav,4,jackson,7,8000,3307,0.413375,1,PCM_16,86c78293a86e1c779a4f29a22dd38ab24000bb4c49d1c9f5e098edb79accfde5,True,True,
4_jackson_8.wav,data/fsdd/recordings/4_jackson_8.wav,4,jackson,8,8000,3347,0.418375,1,PCM_16,f04830bb448f97f6c9c70440bc3d5ef1c3619cd8bf135c5f97e88488c5b3c974,True,True,
4_jackson_9.wav,data/fsdd/recordings/4_jackson_9.wav,4,jackson,9,8000,3374,0.42175,1,PCM_16,6545d2cb3e65e73c410f375f88b146f790bbf452ae4c6c09f6bb1d8774e4811b,True,True,
4_lucas_0.wav,data/fsdd/recordings/4_lucas_0.wav,4,lucas,0,8000,3383,0.422875,1,PCM_16,4adf59a713041d3c672d4cfed07953d53f8d15fa060f17e1a8385cae3a115382,True,True,
4_lucas_1.wav,data/fsdd/recordings/4_lucas_1.wav,4,lucas,1,8000,3288,0.411,1,PCM_16,02bf2849a8d6c632be881a7f08ae61972dc7713b475fe41a524b73f3a6211204,True,True,
4_lucas_10.wav,data/fsdd/recordings/4_lucas_10.wav,4,lucas,10,8000,4594,0.57425,1,PCM_16,77b5bae048377fe659af5a175215fa8cc4a22de72466dbeda8e61057c2bf2f4a,True,True,
4_lucas_11.wav,data/fsdd/recordings/4_lucas_11.wav,4,lucas,11,8000,3261,0.407625,1,PCM_16,46028dc50847cf3b21f12b2a3a1e7c568aeebbaa2e3c7349c213fada0c6f487c,True,True,
4_lucas_12.wav,data/fsdd/recordings/4_lucas_12.wav,4,lucas,12,8000,3955,0.494375,1,PCM_16,8e862be61f2ad0a4cc7b6eb1e8bda9398c1fc7296a74126d85abef53f2280693,True,True,
4_lucas_13.wav,data/fsdd/recordings/4_lucas_13.wav,4,lucas,13,8000,4129,0.516125,1,PCM_16,16e963c7c8d7bc6a31a3a5716c2a12d1f214db38867cadf1fda6a38de5ea1853,True,True,
4_lucas_14.wav,data/fsdd/recordings/4_lucas_14.wav,4,lucas,14,8000,3597,0.449625,1,PCM_16,05f39785f3d6e92029012b4e7efa26549d130791bd265e40ef21dd180c47da43,True,True,
4_lucas_15.wav,data/fsdd/recordings/4_lucas_15.wav,4,lucas,15,8000,4165,0.520625,1,PCM_16,77ff5f12e51774ed66c522ac94339d6b2ed2b841d599affa51e044d149d5f23d,True,True,
4_lucas_16.wav,data/fsdd/recordings/4_lucas_16.wav,4,lucas,16,8000,3622,0.45275,1,PCM_16,85f1f40b5ed54b2215e13fde1beb8432918ff713df96b8d49d8748dfca3164ec,True,True,
4_lucas_17.wav,data/fsdd/recordings/4_lucas_17.wav,4,lucas,17,8000,4644,0.5805,1,PCM_16,81b17cbe6ffab75470465e8389350216ebc9a1d75f73e9ab25823d4b656cbd2e,True,True,
4_lucas_18.wav,data/fsdd/recordings/4_lucas_18.wav,4,lucas,18,8000,4580,0.5725,1,PCM_16,82c1674ec92903dcccce5e9f3746253650d960120da1db9ed01d6804e454b36c,True,True,
4_lucas_19.wav,data/fsdd/recordings/4_lucas_19.wav,4,lucas,19,8000,6186,0.77325,1,PCM_16,16f14cb23f00c416e80ba51a0ed7fc42e43d711469e2c7198de96b0724766841,True,True,
4_lucas_2.wav,data/fsdd/recordings/4_lucas_2.wav,4,lucas,2,8000,4945,0.618125,1,PCM_16,2adf8b03c13b47f0f8de98e5faf46871a7434a8ab5e349e9f9ff1ff024d385b9,True,True,
4_lucas_20.wav,data/fsdd/recordings/4_lucas_20.wav,4,lucas,20,8000,2125,0.265625,1,PCM_16,5de61fbbd6a7b79036b12226c307bd47949b0fef9e3b1d930224cc79d7fd7c6b,True,True,
4_lucas_21.wav,data/fsdd/recordings/4_lucas_21.wav,4,lucas,21,8000,4274,0.53425,1,PCM_16,639e479027667070dc851c8a503414c5220351e569938776f2d5b5ea15dab941,True,True,
4_lucas_22.wav,data/fsdd/recordings/4_lucas_22.wav,4,lucas,22,8000,4654,0.58175,1,PCM_16,0012025c417c6cfa0a9a6a4d23edb81e9e67cdf3eba53611869b41388a796fdd,True,True,
4_lucas_23.wav,data/fsdd/recordings/4_lucas_23.wav,4,lucas,23,8000,4127,0.515875,1,PCM_16,56381e66a8333ffd3daae5304e9a0aebe097195ca9a53e85b7d337bca493b30c,True,True,
4_lucas_24.wav,data/fsdd/recordings/4_lucas_24.wav,4,lucas,24,8000,4793,0.599125,1,PCM_16,f86752d3a14ca95f5b4e791deeaa418b1df400e8d658ade75d3f283fe890d9ac,True,True,
4_lucas_25.wav,data/fsdd/recordings/4_lucas_25.wav,4,lucas,25,8000,4384,0.548,1,PCM_16,3f04a0994678bec320b33e19ed0183ccade1ee93feb0fc048e35f030783b9b49,True,True,
4_lucas_26.wav,data/fsdd/recordings/4_lucas_26.wav,4,lucas,26,8000,4935,0.616875,1,PCM_16,fd48c8ea4ec9278defc6122fe12e34586ebaed7d0999041a7349e0d110d1aeff,True,True,
4_lucas_27.wav,data/fsdd/recordings/4_lucas_27.wav,4,lucas,27,8000,4363,0.545375,1,PCM_16,1661e1f3f6437a49635d18481036790b898cab90b66c6cc9fa969c360f4b4e22,True,True,
4_lucas_28.wav,data/fsdd/recordings/4_lucas_28.wav,4,lucas,28,8000,4656,0.582,1,PCM_16,962db4ba584f6323221dd5ea42b34ae02bec5f734f2d08a32adda0b302b6fd7b,True,True,
4_lucas_29.wav,data/fsdd/recordings/4_lucas_29.wav,4,lucas,29,8000,5155,0.644375,1,PCM_16,d153a164a1b8b18f258bf76462cda9c69bb65c9f648de5f42bdcf56560037d7f,True,True,
4_lucas_3.wav,data/fsdd/recordings/4_lucas_3.wav,4,lucas,3,8000,3529,0.441125,1,PCM_16,ecb0242addb5c1970057f20a02d92fbde08726bfec15d7750056ab86b60e9309,True,True,
4_lucas_30.wav,data/fsdd/recordings/4_lucas_30.wav,4,lucas,30,8000,4001,0.500125,1,PCM_16,eb431ff5e8fcc40123842d12fea7e56026820945c6018e674491a944b6874b8e,True,True,
4_lucas_31.wav,data/fsdd/recordings/4_lucas_31.wav,4,lucas,31,8000,4265,0.533125,1,PCM_16,80f4ca7e6860333444584217dd8faa0caa70708ee27c38d26ab5acbdd94b7b5a,True,True,
4_lucas_32.wav,data/fsdd/recordings/4_lucas_32.wav,4,lucas,32,8000,4267,0.533375,1,PCM_16,99b41f900616ec59ce385ff198707338c0634866aebb3a0dfb2cb4039cb3f564,True,True,
4_lucas_33.wav,data/fsdd/recordings/4_lucas_33.wav,4,lucas,33,8000,4007,0.500875,1,PCM_16,412df32485264b6adb05f34647a34d68004dbac1aa89c82d695c271af70ef0cc,True,True,
4_lucas_34.wav,data/fsdd/recordings/4_lucas_34.wav,4,lucas,34,8000,3809,0.476125,1,PCM_16,f67bf15ae191cc9be01b25a3f7533f97dc53f1629af3fe008b5339d993600e25,True,True,
4_lucas_35.wav,data/fsdd/recordings/4_lucas_35.wav,4,lucas,35,8000,4749,0.593625,1,PCM_16,3b1a152583b4f5ee8e47d62d489a9a4400f22157cbbebbf46ed8567edf0fd9dc,True,True,
4_lucas_36.wav,data/fsdd/recordings/4_lucas_36.wav,4,lucas,36,8000,3279,0.409875,1,PCM_16,49e62bef2be5443c7718e3177115feef783371779d97b0d56d083585c8e2b860,True,True,
4_lucas_37.wav,data/fsdd/recordings/4_lucas_37.wav,4,lucas,37,8000,4312,0.539,1,PCM_16,596bdda2c3d8738df9689a91df1c8282d26488a9b04095e5467b534d2a90661e,True,True,
4_lucas_38.wav,data/fsdd/recordings/4_lucas_38.wav,4,lucas,38,8000,4143,0.517875,1,PCM_16,337b482e6297e0419091f51c2832d8778b4d66ec7fb916f259427708117a2ef1,True,True,
4_lucas_39.wav,data/fsdd/recordings/4_lucas_39.wav,4,lucas,39,8000,5990,0.74875,1,PCM_16,c656967d9f2d29662e014986b05192f1fd4a02d24ef5c7de20d89981c5787cbe,True,True,
4_lucas_4.wav,data/fsdd/recordings/4_lucas_4.wav,4,lucas,4,8000,4433,0.554125,1,PCM_16,c61aa499f6769f2e2b9fd4e6e55975366a90f727bd77eef1bbccbe83ebdfefa5,True,True,
4_lucas_40.wav,data/fsdd/recordings/4_lucas_40.wav,4,lucas,40,8000,4500,0.5625,1,PCM_16,b3800dddc60be732dda7f1613ed0d02b2a2b265a2a5cb77576c5201470fadb81,True,True,
4_lucas_41.wav,data/fsdd/recordings/4_lucas_41.wav,4,lucas,41,8000,4602,0.57525,1,PCM_16,7091ea66cb256fe4cd9b8a0c8e398d4bd5b194d571bf6a7585cbbd6f895cb1df,True,True,
4_lucas_42.wav,data/fsdd/recordings/4_lucas_42.wav,4,lucas,42,8000,5156,0.6445,1,PCM_16,819e139386701ad8fc8eacc91dc73686288ae2ea1199e51ec895b6f342007751,True,True,
4_lucas_43.wav,data/fsdd/recordings/4_lucas_43.wav,4,lucas,43,8000,4536,0.567,1,PCM_16,a331f7f20c8a77c95510aa2980f9be07b3c14da7aa7c9d98f1296f44c0efdcbc,True,True,
4_lucas_44.wav,data/fsdd/recordings/4_lucas_44.wav,4,lucas,44,8000,4775,0.596875,1,PCM_16,54016620a5e3341eb4d5012f392ec56bcdd73f12dd5fc861ea317fc0246029c0,True,True,
4_lucas_45.wav,data/fsdd/recordings/4_lucas_45.wav,4,lucas,45,8000,4187,0.523375,1,PCM_16,727c27af60c265db7a5a78cbd8cd32725c612ac726b11eebd19d247e3ee27f1b,True,True,
4_lucas_46.wav,data/fsdd/recordings/4_lucas_46.wav,4,lucas,46,8000,4651,0.581375,1,PCM_16,a18a9f207acdc21adbc1364b649aff6e731bc07a9c8595d5863c64637d229fee,True,True,
4_lucas_47.wav,data/fsdd/recordings/4_lucas_47.wav,4,lucas,47,8000,8919,1.114875,1,PCM_16,b0f2789ae9b1377974d885e53ecb74a8e543a16eca416c2c5d2b5927ac50f709,True,True,
4_lucas_48.wav,data/fsdd/recordings/4_lucas_48.wav,4,lucas,48,8000,4895,0.611875,1,PCM_16,160338785a0b194b2408b4e64a22bb86bee1c1d1b159ad8f3cb31a91f1b55986,True,True,
4_lucas_49.wav,data/fsdd/recordings/4_lucas_49.wav,4,lucas,49,8000,3653,0.456625,1,PCM_16,bd839b428c584c724b6a0b6b876a10b67a05f80c4309068fe248505e9f0f2e64,True,True,
4_lucas_5.wav,data/fsdd/recordings/4_lucas_5.wav,4,lucas,5,8000,4095,0.511875,1,PCM_16,87896070374b8ac16f5f5f7f3eebd3c9b070a27a25adf397c380d7154c626b13,True,True,
4_lucas_6.wav,data/fsdd/recordings/4_lucas_6.wav,4,lucas,6,8000,3604,0.4505,1,PCM_16,ac653c7083cf9ed7762f2068fbb70ee6ba84709edfccaa1a1f6cba079adadbe9,True,True,
4_lucas_7.wav,data/fsdd/recordings/4_lucas_7.wav,4,lucas,7,8000,5131,0.641375,1,PCM_16,6f88e8f5013c9686736b36faa4571f3f426dc3a611880e9f0fc8b361ee78a0d4,True,True,
4_lucas_8.wav,data/fsdd/recordings/4_lucas_8.wav,4,lucas,8,8000,4249,0.531125,1,PCM_16,d7bf7613c62b0312e388998cbedcc399b0f98478845ae5762426cd8f187ea9c3,True,True,
4_lucas_9.wav,data/fsdd/recordings/4_lucas_9.wav,4,lucas,9,8000,4018,0.50225,1,PCM_16,c3f27e30e9d306f1134f700a4c162eccfce5b0e98ca31cb3c6f40915ca0b42f3,True,True,
4_nicolas_0.wav,data/fsdd/recordings/4_nicolas_0.wav,4,nicolas,0,8000,2493,0.311625,1,PCM_16,dc6ae853b163bebf1774701a4f7e6e27bbace3472ba3628ec2d61b2e6ab1d0c7,True,True,
4_nicolas_1.wav,data/fsdd/recordings/4_nicolas_1.wav,4,nicolas,1,8000,2800,0.35,1,PCM_16,7bd06ab2ccf69d142dd9410ee3d2416cdd733593cdaa9fce39561a5d8cf15333,True,True,
4_nicolas_10.wav,data/fsdd/recordings/4_nicolas_10.wav,4,nicolas,10,8000,2462,0.30775,1,PCM_16,f939a9e5688e66f17900814d7675ab2dbbd006c7d9ff76f66cdd67a26b0f61d6,True,True,
4_nicolas_11.wav,data/fsdd/recordings/4_nicolas_11.wav,4,nicolas,11,8000,2333,0.291625,1,PCM_16,14d39c9cc41487cafdec9d1e89f021c5e3e5bb2dbd6c6513e1966333a6615143,True,True,
4_nicolas_12.wav,data/fsdd/recordings/4_nicolas_12.wav,4,nicolas,12,8000,2301,0.287625,1,PCM_16,be5f700a596a9e23d00040ce0a5fb7f09aa638da9bfc41618437d0d61cfc533e,True,True,
4_nicolas_13.wav,data/fsdd/recordings/4_nicolas_13.wav,4,nicolas,13,8000,2689,0.336125,1,PCM_16,ba8ae9f2d3b448c1b19591c3f126f284b1dd0bbd4f053d43fcab6f580e171044,True,True,
4_nicolas_14.wav,data/fsdd/recordings/4_nicolas_14.wav,4,nicolas,14,8000,2463,0.307875,1,PCM_16,d0211b2b2abe74383d810f2be0881e19d6da7bd8b7c825adf2f9cc4798b151bb,True,True,
4_nicolas_15.wav,data/fsdd/recordings/4_nicolas_15.wav,4,nicolas,15,8000,2883,0.360375,1,PCM_16,195b965828b0faaaf1e2a21ad5838078fdd1eba47a31d458284f5610af097ca4,True,True,
4_nicolas_16.wav,data/fsdd/recordings/4_nicolas_16.wav,4,nicolas,16,8000,3662,0.45775,1,PCM_16,3b9b0c8cbacc04c3aa031c86ce6a97ba1e6c0cf62d5a2727aba1fd568dcbc81a,True,True,
4_nicolas_17.wav,data/fsdd/recordings/4_nicolas_17.wav,4,nicolas,17,8000,3142,0.39275,1,PCM_16,c8c6d7aad5a66297b16c3f5b55caf218595bb2134a04da241ede09054137a9f0,True,True,
4_nicolas_18.wav,data/fsdd/recordings/4_nicolas_18.wav,4,nicolas,18,8000,3014,0.37675,1,PCM_16,245f93f40c02495f159fdab1ee6b446d6156cde23e06ed1d6fe45f7815d150d2,True,True,
4_nicolas_19.wav,data/fsdd/recordings/4_nicolas_19.wav,4,nicolas,19,8000,2559,0.319875,1,PCM_16,c001006db8d47f7e90c694fcba720e39f679a8878c9f7a236eef5c18555d8248,True,True,
4_nicolas_2.wav,data/fsdd/recordings/4_nicolas_2.wav,4,nicolas,2,8000,2493,0.311625,1,PCM_16,4d92196625a855ef1d2ee07de1c2a0ab883efd8ca7a88149b225c970bad302f7,True,True,
4_nicolas_20.wav,data/fsdd/recordings/4_nicolas_20.wav,4,nicolas,20,8000,2174,0.27175,1,PCM_16,ee4cebfb666ee189c7edac0ba7784f907855ad7467ee234c911edd0c050a3868,True,True,
4_nicolas_21.wav,data/fsdd/recordings/4_nicolas_21.wav,4,nicolas,21,8000,2237,0.279625,1,PCM_16,f356094bbc7dc5a1c72bb543057550d9a4e2e4416ee3f6a83c67957dca601f1a,True,True,
4_nicolas_22.wav,data/fsdd/recordings/4_nicolas_22.wav,4,nicolas,22,8000,2333,0.291625,1,PCM_16,6c5f9c578b5a44480177944c5eec533b9dc30cdc6d91bf66455b07a31bbc28cd,True,True,
4_nicolas_23.wav,data/fsdd/recordings/4_nicolas_23.wav,4,nicolas,23,8000,2430,0.30375,1,PCM_16,24f1c25b0e77304400ba3de1b0bc527a573c004e4f29cab89fc3d297ee23b483,True,True,
4_nicolas_24.wav,data/fsdd/recordings/4_nicolas_24.wav,4,nicolas,24,8000,2589,0.323625,1,PCM_16,4158a6bce232a791ae1792ea0f83406ebe7fdc136d84da1407a17837e60122e3,True,True,
4_nicolas_25.wav,data/fsdd/recordings/4_nicolas_25.wav,4,nicolas,25,8000,2653,0.331625,1,PCM_16,8fb7c01126d23e487f8a1224e469ff29ca9802b1dd147f8df06c577ea3faba42,True,True,
4_nicolas_26.wav,data/fsdd/recordings/4_nicolas_26.wav,4,nicolas,26,8000,2876,0.3595,1,PCM_16,2f7fad28a55fe4a57d91c744f37fa685b56b4b1e0670a3411fde8cec24540a5b,True,True,
4_nicolas_27.wav,data/fsdd/recordings/4_nicolas_27.wav,4,nicolas,27,8000,2717,0.339625,1,PCM_16,f07fadecdfb521bea9b03a2bf647aee04054d35c430605600041f420bef25845,True,True,
4_nicolas_28.wav,data/fsdd/recordings/4_nicolas_28.wav,4,nicolas,28,8000,2813,0.351625,1,PCM_16,0e6740875339b3e196a009239beaa83c1236536360325c11d7261312d37fa3b9,True,True,
4_nicolas_29.wav,data/fsdd/recordings/4_nicolas_29.wav,4,nicolas,29,8000,2621,0.327625,1,PCM_16,c94f4c1ce5ac66beb4d673542b4693b772c67917937891813c93b68c5d16522c,True,True,
4_nicolas_3.wav,data/fsdd/recordings/4_nicolas_3.wav,4,nicolas,3,8000,2630,0.32875,1,PCM_16,f55631b61569f2bdf937aa4dcb955270a929380cc4c05ea9ff170089e19df386,True,True,
4_nicolas_30.wav,data/fsdd/recordings/4_nicolas_30.wav,4,nicolas,30,8000,1832,0.229,1,PCM_16,79bfc8ba10d6563d515cddac6289baacf98db88dd1c5b435781daf468c818908,True,True,
4_nicolas_31.wav,data/fsdd/recordings/4_nicolas_31.wav,4,nicolas,31,8000,2783,0.347875,1,PCM_16,fd57f41bebd9582ce4936376bcd42d01aacd055f8e40d104b27ae0d351f8e5d2,True,True,
4_nicolas_32.wav,data/fsdd/recordings/4_nicolas_32.wav,4,nicolas,32,8000,3087,0.385875,1,PCM_16,5ddc8518aab712c3bdca008236a30d0899794f135cbc143c03d25613aba5f573,True,True,
4_nicolas_33.wav,data/fsdd/recordings/4_nicolas_33.wav,4,nicolas,33,8000,2851,0.356375,1,PCM_16,07acc24031f556a940c61173ada65a8b3f1ed72fd0d96eb2bfafdaaa2f16a699,True,True,
4_nicolas_34.wav,data/fsdd/recordings/4_nicolas_34.wav,4,nicolas,34,8000,2748,0.3435,1,PCM_16,257794e0bad3aa567c79070c74c1e5ff3ffeebd8c5b544a9f8d7393cd8faadce,True,True,
4_nicolas_35.wav,data/fsdd/recordings/4_nicolas_35.wav,4,nicolas,35,8000,2477,0.309625,1,PCM_16,e6097ffade8e53374f3732afb99d2d059f9df2b3296a215db90666e3d36822c0,True,True,
4_nicolas_36.wav,data/fsdd/recordings/4_nicolas_36.wav,4,nicolas,36,8000,3020,0.3775,1,PCM_16,f5f188214bf63415a8ba15c0788df5fc15824c9bd3a093b92ca5751fcfacce5b,True,True,
4_nicolas_37.wav,data/fsdd/recordings/4_nicolas_37.wav,4,nicolas,37,8000,2918,0.36475,1,PCM_16,24376f364a8645c71215f96b6d152fda8c6a2d2eb36a10cede28e9f5d6475b35,True,True,
4_nicolas_38.wav,data/fsdd/recordings/4_nicolas_38.wav,4,nicolas,38,8000,2681,0.335125,1,PCM_16,d931b358142b2f8db5978c41561367c1b1c44edf9933ed356f53bc83ff74e400,True,True,
4_nicolas_39.wav,data/fsdd/recordings/4_nicolas_39.wav,4,nicolas,39,8000,2036,0.2545,1,PCM_16,b678583fd1bb52310c6ec301d0e9cf832112b534b88088bb54db41534a1464a2,True,True,
4_nicolas_4.wav,data/fsdd/recordings/4_nicolas_4.wav,4,nicolas,4,8000,2561,0.320125,1,PCM_16,273c381b6eb49731a5435dc3bcf5894a34f8d0d1e10f4a1359c895c56507d02a,True,True,
4_nicolas_40.wav,data/fsdd/recordings/4_nicolas_40.wav,4,nicolas,40,8000,2583,0.322875,1,PCM_16,cb36a225d666619baa71d1fa1ad57c4756cd1c620daf6ed7568b2490917401b2,True,True,
4_nicolas_41.wav,data/fsdd/recordings/4_nicolas_41.wav,4,nicolas,41,8000,2746,0.34325,1,PCM_16,86609b405212e5b146368a1f1ffbf7f3ccc181e77639e57955ea5d1fdcb2db52,True,True,
4_nicolas_42.wav,data/fsdd/recordings/4_nicolas_42.wav,4,nicolas,42,8000,3204,0.4005,1,PCM_16,244d11e3a5f089fe5e263ace2069b4b18de8bcefbbc6364b3986277bc33ec8a9,True,True,
4_nicolas_43.wav,data/fsdd/recordings/4_nicolas_43.wav,4,nicolas,43,8000,2550,0.31875,1,PCM_16,27a3c89d1098b2f9b5d631493fb683739d63b3a2a8e6637fdff3eb3808d92699,True,True,
4_nicolas_44.wav,data/fsdd/recordings/4_nicolas_44.wav,4,nicolas,44,8000,2550,0.31875,1,PCM_16,926edc00af0ab3ba8a80da4d774ccfce13898779f540b65b00bf8064256a5346,True,True,
4_nicolas_45.wav,data/fsdd/recordings/4_nicolas_45.wav,4,nicolas,45,8000,2648,0.331,1,PCM_16,7e54b0cab10c8d51a96fbf89d1c1dd022a594b82a006f1a2ae3535c2ccdab414,True,True,
4_nicolas_46.wav,data/fsdd/recordings/4_nicolas_46.wav,4,nicolas,46,8000,2452,0.3065,1,PCM_16,2fca5cff84a8cf54f96f085e3ac7bb5e8953950df98a54d49c0ccc783996357d,True,True,
4_nicolas_47.wav,data/fsdd/recordings/4_nicolas_47.wav,4,nicolas,47,8000,2877,0.359625,1,PCM_16,2c9fae9b249278afa3426623ff0905b65c67b9cd5d7509ac435cbceac5675fe4,True,True,
4_nicolas_48.wav,data/fsdd/recordings/4_nicolas_48.wav,4,nicolas,48,8000,3073,0.384125,1,PCM_16,7d41a547cb1111a525f03d3c6cf79c9446a3db94afb4b1777b0bc19e70d15850,True,True,
4_nicolas_49.wav,data/fsdd/recordings/4_nicolas_49.wav,4,nicolas,49,8000,2517,0.314625,1,PCM_16,c372ad307790838e20296068e3695ea188f7248479a8bf49f4cbfb472d58080b,True,True,
4_nicolas_5.wav,data/fsdd/recordings/4_nicolas_5.wav,4,nicolas,5,8000,2732,0.3415,1,PCM_16,5a64d6f62aacf21653cdcebf7f0ec1327b44c53b5441cc1eaf063e054476ff1a,True,True,
4_nicolas_6.wav,data/fsdd/recordings/4_nicolas_6.wav,4,nicolas,6,8000,2766,0.34575,1,PCM_16,13a7b08c037ac892db3d1f23e5626e7fc003eed606e03c3bba8f7e3de3cfdb24,True,True,
4_nicolas_7.wav,data/fsdd/recordings/4_nicolas_7.wav,4,nicolas,7,8000,2357,0.294625,1,PCM_16,3d8ef19824b78249d9116f7159bf485038f663599a83f78a7c34665f9858c2eb,True,True,
4_nicolas_8.wav,data/fsdd/recordings/4_nicolas_8.wav,4,nicolas,8,8000,2288,0.286,1,PCM_16,55f160388db6ced04455af53d5df851d571a7a7a1d51a41fa3c817b328cf31c0,True,True,
4_nicolas_9.wav,data/fsdd/recordings/4_nicolas_9.wav,4,nicolas,9,8000,2629,0.328625,1,PCM_16,b6139976418c3495233c0fd1788153496e8b8a09eec3764e79e0b89db8bafa26,True,True,
4_theo_0.wav,data/fsdd/recordings/4_theo_0.wav,4,theo,0,8000,2190,0.27375,1,PCM_16,4b96496d35d799b61b8341ac42161907b0a4dac68564310016396d9c6cffebe4,True,True,
4_theo_1.wav,data/fsdd/recordings/4_theo_1.wav,4,theo,1,8000,2039,0.254875,1,PCM_16,3cca39a735cd2c06ead7607dce81efadc5c32163a4b5e6386143880951d6aaad,True,True,
4_theo_10.wav,data/fsdd/recordings/4_theo_10.wav,4,theo,10,8000,1873,0.234125,1,PCM_16,1544d3b974b12d933fdf286cb17ed514cc1520c13d75e6b2af457ccaa0c2aa41,True,True,
4_theo_11.wav,data/fsdd/recordings/4_theo_11.wav,4,theo,11,8000,2694,0.33675,1,PCM_16,03bac3c23016ea4edb19c08065c34ee32b874a44c41cd0fe0c735013dce1ddd3,True,True,
4_theo_12.wav,data/fsdd/recordings/4_theo_12.wav,4,theo,12,8000,2696,0.337,1,PCM_16,4254b894e72e40c1d2a12b30c28cebf1fc93de51bb6025d14d5f9c98ca3973d6,True,True,
4_theo_13.wav,data/fsdd/recordings/4_theo_13.wav,4,theo,13,8000,2544,0.318,1,PCM_16,fdebf658eabe637e68124eff86583bcc9b6a5fb70580ab65e2cc402bf4cd2c47,True,True,
4_theo_14.wav,data/fsdd/recordings/4_theo_14.wav,4,theo,14,8000,3602,0.45025,1,PCM_16,5952c52de7e685ad6590e746e9c54f679fb4f7bd61b4852fd025d31d4018437b,True,True,
4_theo_15.wav,data/fsdd/recordings/4_theo_15.wav,4,theo,15,8000,3461,0.432625,1,PCM_16,80f8e7f688b559edcc2125e9f24908b9f186928f08b495e91f4c753bd1a45bc4,True,True,
4_theo_16.wav,data/fsdd/recordings/4_theo_16.wav,4,theo,16,8000,4254,0.53175,1,PCM_16,e30fa343a52b3224a4a67b8d4e198fb50a0536a6b21cd0bd514425654475891a,True,True,
4_theo_17.wav,data/fsdd/recordings/4_theo_17.wav,4,theo,17,8000,1632,0.204,1,PCM_16,4b4a0d73ca1b130e34b4397a7cbea375c3f5e609a40f97ae5672aa40c652a649,True,True,
4_theo_18.wav,data/fsdd/recordings/4_theo_18.wav,4,theo,18,8000,3326,0.41575,1,PCM_16,cb03cf7224fd6b2bbc222dc7818d3b1d93e87fdf5d9d8b87d4ace8ecbd770dfe,True,True,
4_theo_19.wav,data/fsdd/recordings/4_theo_19.wav,4,theo,19,8000,3122,0.39025,1,PCM_16,dee5c999f8ae0b5ef2394ce4bb7a862e7a14559b62918b87112fb594c56ba55e,True,True,
4_theo_2.wav,data/fsdd/recordings/4_theo_2.wav,4,theo,2,8000,1806,0.22575,1,PCM_16,5569aaa92cf08c0cc5c07ad837ce23aff291a77372f4936071bb2efee763a009,True,True,
4_theo_20.wav,data/fsdd/recordings/4_theo_20.wav,4,theo,20,8000,2823,0.352875,1,PCM_16,f6a54f5cde8f522ca8604f3df654da73fe73141f8a02f72ddb0e97232be29ab8,True,True,
4_theo_21.wav,data/fsdd/recordings/4_theo_21.wav,4,theo,21,8000,3311,0.413875,1,PCM_16,3988161f13396e3ea2c6ad4cc17c564b23a26405ebb468699052e826a4b2f8bc,True,True,
4_theo_22.wav,data/fsdd/recordings/4_theo_22.wav,4,theo,22,8000,3582,0.44775,1,PCM_16,c06e9f699307b34df05a105ab14f75bf57f6c29d20b12812617709072983f44f,True,True,
4_theo_23.wav,data/fsdd/recordings/4_theo_23.wav,4,theo,23,8000,3939,0.492375,1,PCM_16,df1ff967804a23d6a2716ad0d60ff41345017ac9967d2fd91ad376cdd99b8dc2,True,True,
4_theo_24.wav,data/fsdd/recordings/4_theo_24.wav,4,theo,24,8000,3803,0.475375,1,PCM_16,46b1dabea7b0662a900ec723632a6341ab0b055f2a5a31aa4af3ef262a69e20b,True,True,
4_theo_25.wav,data/fsdd/recordings/4_theo_25.wav,4,theo,25,8000,3124,0.3905,1,PCM_16,572b2c5cefdfa6131a0c6179403d96794eafb90f1e92cc4251e15fcef011a2c8,True,True,
4_theo_26.wav,data/fsdd/recordings/4_theo_26.wav,4,theo,26,8000,2022,0.25275,1,PCM_16,63231c83f66117e3818337d5f1d3d38b2590e59c0f21cf79eb185b7774b5c49c,True,True,
4_theo_27.wav,data/fsdd/recordings/4_theo_27.wav,4,theo,27,8000,4809,0.601125,1,PCM_16,b76b875a5b72f1e0dd52cc9238c504bc76fb761d242174636d291ceb438682ce,True,True,
4_theo_28.wav,data/fsdd/recordings/4_theo_28.wav,4,theo,28,8000,5467,0.683375,1,PCM_16,02e450f0af39416429190668666ae07620deaa64e72041ab042f2a207c78a858,True,True,
4_theo_29.wav,data/fsdd/recordings/4_theo_29.wav,4,theo,29,8000,2329,0.291125,1,PCM_16,53fdc3997470e6e5d5d768fcbef9510b696afa5896aa0d52290829c49d1e912e,True,True,
4_theo_3.wav,data/fsdd/recordings/4_theo_3.wav,4,theo,3,8000,2014,0.25175,1,PCM_16,c1f1d9e77651d7f31715f732aabdb0479c73278d6bc7020435445dcf6557390e,True,True,
4_theo_30.wav,data/fsdd/recordings/4_theo_30.wav,4,theo,30,8000,2045,0.255625,1,PCM_16,2739ab5c9770efdfedaf3e117cf292ce72265ced984bfe667bfd53c720603005,True,True,
4_theo_31.wav,data/fsdd/recordings/4_theo_31.wav,4,theo,31,8000,3220,0.4025,1,PCM_16,e8f7e7cc873d18a206da1dfa1516b6c7169b1f606b4802e1829ce0d8b5f4ed93,True,True,
4_theo_32.wav,data/fsdd/recordings/4_theo_32.wav,4,theo,32,8000,2608,0.326,1,PCM_16,5e9391986f2a6e4efad5b6114da87bd16ee3587bc91af0657575a0253cf8e168,True,True,
4_theo_33.wav,data/fsdd/recordings/4_theo_33.wav,4,theo,33,8000,2599,0.324875,1,PCM_16,7502431e6eea9e6f3d79fb89c434890284579cecb3d13ffe96d771164ffcb887,True,True,
4_theo_34.wav,data/fsdd/recordings/4_theo_34.wav,4,theo,34,8000,3083,0.385375,1,PCM_16,7a7c3117192eaaefa80ff28945722c56b68a04254c2ba8da05f04a841d7544d4,True,True,
4_theo_35.wav,data/fsdd/recordings/4_theo_35.wav,4,theo,35,8000,2826,0.35325,1,PCM_16,5e4b88f64d07368e0e05d5597a9d1ec854cfc1e4b62f8d25410e3366a9f9c36c,True,True,
4_theo_36.wav,data/fsdd/recordings/4_theo_36.wav,4,theo,36,8000,2698,0.33725,1,PCM_16,f5faff19aaf42accbfa5c9ed06ec85d17912105ab56b56fd040c70c80a1d4f6d,True,True,
4_theo_37.wav,data/fsdd/recordings/4_theo_37.wav,4,theo,37,8000,2382,0.29775,1,PCM_16,8fd9e1ad328975ddabc8e2319c376faac8b8f118a164844dc0534b01242adb33,True,True,
4_theo_38.wav,data/fsdd/recordings/4_theo_38.wav,4,theo,38,8000,2530,0.31625,1,PCM_16,9a0f3eeaa08237dd1541507b3ddf3d3e2035baa30bece8a63b03ca16bfc44a8f,True,True,
4_theo_39.wav,data/fsdd/recordings/4_theo_39.wav,4,theo,39,8000,2904,0.363,1,PCM_16,f9b3cd1071bad914c2e99d44cd38b30d38024de4efedc4ec4392b91486ca5eab,True,True,
4_theo_4.wav,data/fsdd/recordings/4_theo_4.wav,4,theo,4,8000,2326,0.29075,1,PCM_16,13c7e0c19c82adeb688459a2e710b01ade1fd05b00a6d0c0d100dd52fa00f90d,True,True,
4_theo_40.wav,data/fsdd/recordings/4_theo_40.wav,4,theo,40,8000,3631,0.453875,1,PCM_16,142d5b7eedf20e1c8e38eb8f103b335529021259c332740626ee74cb1b58b1f3,True,True,
4_theo_41.wav,data/fsdd/recordings/4_theo_41.wav,4,theo,41,8000,2455,0.306875,1,PCM_16,5356de4dd1829e0b6255b797329664144669522c80c9907bb693e16ac5ca84ac,True,True,
4_theo_42.wav,data/fsdd/recordings/4_theo_42.wav,4,theo,42,8000,2362,0.29525,1,PCM_16,888bf6a45eee20c0e1757c8882f56c16fa6a83d3c9740973238fc53d0a426644,True,True,
4_theo_43.wav,data/fsdd/recordings/4_theo_43.wav,4,theo,43,8000,3143,0.392875,1,PCM_16,d959593751a92c8700abb4366979d21bfe47c3f3371c6218721833dc4fc8d7b9,True,True,
4_theo_44.wav,data/fsdd/recordings/4_theo_44.wav,4,theo,44,8000,2113,0.264125,1,PCM_16,59a2858948ccbd38864322ff68cfdb233b2e319e37b58959fbd56cdd1dc7edbe,True,True,
4_theo_45.wav,data/fsdd/recordings/4_theo_45.wav,4,theo,45,8000,2922,0.36525,1,PCM_16,645a08ceb46ad7187cfa92f8bca52c495205c7b1764d25a81e55b3df7a38125c,True,True,
4_theo_46.wav,data/fsdd/recordings/4_theo_46.wav,4,theo,46,8000,2703,0.337875,1,PCM_16,a7255327ab039ad79625b63bbe6a7e11e26ea40bcf8d7f5e37b41588b71de4d8,True,True,
4_theo_47.wav,data/fsdd/recordings/4_theo_47.wav,4,theo,47,8000,2110,0.26375,1,PCM_16,17e1e3aecb94c22fb7eed821b2ebd2d25ac3c1cc163eed975f89e10375cc070a,True,True,
4_theo_48.wav,data/fsdd/recordings/4_theo_48.wav,4,theo,48,8000,2807,0.350875,1,PCM_16,4da82c102d21f0ee0deb3719a88a3ccabca0704af9d03387803aea421be74483,True,True,
4_theo_49.wav,data/fsdd/recordings/4_theo_49.wav,4,theo,49,8000,2699,0.337375,1,PCM_16,05dbdb8f0208252344f9649e3c90baea7593d106b64b2d8c22b84ec65925ac61,True,True,
4_theo_5.wav,data/fsdd/recordings/4_theo_5.wav,4,theo,5,8000,1790,0.22375,1,PCM_16,3e42608b1dc1ce5daa01732780f390642c1e8fae85fb5bfaaccb036013b896fc,True,True,
4_theo_6.wav,data/fsdd/recordings/4_theo_6.wav,4,theo,6,8000,1705,0.213125,1,PCM_16,98a6954ade3ed8c841ef28eb18f2703f0576395ac93ede38fa907e7146f71919,True,True,
4_theo_7.wav,data/fsdd/recordings/4_theo_7.wav,4,theo,7,8000,2640,0.33,1,PCM_16,066bde0568e233da0e3967ff0031bdcf4f5fd6700a81683dd29ae2be5ae811b3,True,True,
4_theo_8.wav,data/fsdd/recordings/4_theo_8.wav,4,theo,8,8000,2189,0.273625,1,PCM_16,f3d5136e30454ef654959ebd6f5bcae0c027f40b884059edb0a74e979e5832a0,True,True,
4_theo_9.wav,data/fsdd/recordings/4_theo_9.wav,4,theo,9,8000,2109,0.263625,1,PCM_16,0480d217003242d0adaf25633e6432911c953c266ae591b12caeab1d041ced95,True,True,
4_yweweler_0.wav,data/fsdd/recordings/4_yweweler_0.wav,4,yweweler,0,8000,3279,0.409875,1,PCM_16,bb9eaa256fdcf0e5e07b4c0367a021896655398d33fda6da91b44a97fcbb27c7,True,True,
4_yweweler_1.wav,data/fsdd/recordings/4_yweweler_1.wav,4,yweweler,1,8000,3138,0.39225,1,PCM_16,4bf751e079153ca5108dfc68c1ab74ff475a7cd3a11929370e8aff16c2d45109,True,True,
4_yweweler_10.wav,data/fsdd/recordings/4_yweweler_10.wav,4,yweweler,10,8000,2898,0.36225,1,PCM_16,a2cebc7ed95c764206036a6784af416ecf4598acba06718ab62a768ba13f45a1,True,True,
4_yweweler_11.wav,data/fsdd/recordings/4_yweweler_11.wav,4,yweweler,11,8000,2733,0.341625,1,PCM_16,c5837d2fec9da89abdbf113d73d084e4cbfdf6fa07bcc935347091b8b2cbfa04,True,True,
4_yweweler_12.wav,data/fsdd/recordings/4_yweweler_12.wav,4,yweweler,12,8000,3347,0.418375,1,PCM_16,76d951cb3e0f1a75da66eeedfa69e9513fe0c6a9098e413f98f46ca1b0053ff8,True,True,
4_yweweler_13.wav,data/fsdd/recordings/4_yweweler_13.wav,4,yweweler,13,8000,2628,0.3285,1,PCM_16,66e66f6606ec01a4424799f741f9d16afeedd4413877b249324c13d6465b7e84,True,True,
4_yweweler_14.wav,data/fsdd/recordings/4_yweweler_14.wav,4,yweweler,14,8000,2124,0.2655,1,PCM_16,2e8ba2a569d13da6bbe3f74083103e1839e41c64d09233aa336895b8256c6545,True,True,
4_yweweler_15.wav,data/fsdd/recordings/4_yweweler_15.wav,4,yweweler,15,8000,2823,0.352875,1,PCM_16,1f18b6b54b97bc9a66d7b74840b69bcd2dbf2302781d5ddf2e8eebd6bb0f2ac3,True,True,
4_yweweler_16.wav,data/fsdd/recordings/4_yweweler_16.wav,4,yweweler,16,8000,2147,0.268375,1,PCM_16,ba1293f96ea4fe33a2ce82e18e49a2ceeb34c084726172668a2f057d678f439d,True,True,
4_yweweler_17.wav,data/fsdd/recordings/4_yweweler_17.wav,4,yweweler,17,8000,2723,0.340375,1,PCM_16,f85a948bc868cd6d03b58233119cbfdcd8253002593245469bc05baa6ed598c8,True,True,
4_yweweler_18.wav,data/fsdd/recordings/4_yweweler_18.wav,4,yweweler,18,8000,2469,0.308625,1,PCM_16,87bd1c686a516aca7df0633eb5243c128ac79e322c65bce3bff6adc4cfa977eb,True,True,
4_yweweler_19.wav,data/fsdd/recordings/4_yweweler_19.wav,4,yweweler,19,8000,2479,0.309875,1,PCM_16,d87251f379c9b1d9a96ed30d5b243dac012f4592e21f95151cf3b598e3b3bec0,True,True,
4_yweweler_2.wav,data/fsdd/recordings/4_yweweler_2.wav,4,yweweler,2,8000,2678,0.33475,1,PCM_16,4329bd281a8c75f2f7b3b48ab26d131de4b1137b39aa1a2a6a73436876ac2f34,True,True,
4_yweweler_20.wav,data/fsdd/recordings/4_yweweler_20.wav,4,yweweler,20,8000,2565,0.320625,1,PCM_16,1b5b096dfb0e8b2b67eac386f568234741057236329c333808369f807d43a7bf,True,True,
4_yweweler_21.wav,data/fsdd/recordings/4_yweweler_21.wav,4,yweweler,21,8000,2740,0.3425,1,PCM_16,1566f4a9429017ebee9ae0db1efc91d78f28b4979e0c4d6ffd72cecb00883cd8,True,True,
4_yweweler_22.wav,data/fsdd/recordings/4_yweweler_22.wav,4,yweweler,22,8000,2181,0.272625,1,PCM_16,4684ea1fb5e112e7ea23c91d122428d1a21d992f9cc447276a38ce8740fe66e6,True,True,
4_yweweler_23.wav,data/fsdd/recordings/4_yweweler_23.wav,4,yweweler,23,8000,3426,0.42825,1,PCM_16,49044ca957d65eeabf08d01fddfdd334c46f67dc717acdd3f6788d4413a7f1c1,True,True,
4_yweweler_24.wav,data/fsdd/recordings/4_yweweler_24.wav,4,yweweler,24,8000,2756,0.3445,1,PCM_16,2ad663dca4f322decf5c0c3052e0d4cd381702d4b9cf209242536fcd061ccadc,True,True,
4_yweweler_25.wav,data/fsdd/recordings/4_yweweler_25.wav,4,yweweler,25,8000,2743,0.342875,1,PCM_16,d23332d0d907b6d7c6112b41b9b5322f8dbd296d42fc5126167bf868eb0aacb5,True,True,
4_yweweler_26.wav,data/fsdd/recordings/4_yweweler_26.wav,4,yweweler,26,8000,2628,0.3285,1,PCM_16,8b5a91d02c63e4d0a2fd30cd74236709aabf94ee7b84f6914296d4869b011a7c,True,True,
4_yweweler_27.wav,data/fsdd/recordings/4_yweweler_27.wav,4,yweweler,27,8000,3308,0.4135,1,PCM_16,dcc8405391f868e512f4c9e9e689df11dc76494b918ac1d01b7a1abfffb625b6,True,True,
4_yweweler_28.wav,data/fsdd/recordings/4_yweweler_28.wav,4,yweweler,28,8000,2180,0.2725,1,PCM_16,35b7e05d33c840cca0ace202a4e7945982b75c8cefb717cd6583a3edb475fbd8,True,True,
4_yweweler_29.wav,data/fsdd/recordings/4_yweweler_29.wav,4,yweweler,29,8000,2873,0.359125,1,PCM_16,9bb368edc08e10f16411e2602087c1f2f5d347560cef8c43696aed8841870c4f,True,True,
4_yweweler_3.wav,data/fsdd/recordings/4_yweweler_3.wav,4,yweweler,3,8000,2170,0.27125,1,PCM_16,101ca1151fc99bd6815e66dca485444c7a90832434dff82256a13232c173af1f,True,True,
4_yweweler_30.wav,data/fsdd/recordings/4_yweweler_30.wav,4,yweweler,30,8000,3118,0.38975,1,PCM_16,f9e423c981620b2da3742dfe6d32d8f91ea0195d993865d6720c5b118c6bff1d,True,True,
4_yweweler_31.wav,data/fsdd/recordings/4_yweweler_31.wav,4,yweweler,31,8000,3109,0.388625,1,PCM_16,c5bb017e8a079ed927310f0979185776aea1f7578b444e3e8e1d16cae97c144e,True,True,
4_yweweler_32.wav,data/fsdd/recordings/4_yweweler_32.wav,4,yweweler,32,8000,3402,0.42525,1,PCM_16,ce3029ded62176d238ff3c7045218e32b3c516067f057f2eb4454bd8ad53c9c2,True,True,
4_yweweler_33.wav,data/fsdd/recordings/4_yweweler_33.wav,4,yweweler,33,8000,2267,0.283375,1,PCM_16,f4f493cf4eb550328e149e40c9fa79f444ab3cae5ae46d0e1a987ea2d80ad21e,True,True,
4_yweweler_34.wav,data/fsdd/recordings/4_yweweler_34.wav,4,yweweler,34,8000,3049,0.381125,1,PCM_16,748b2a8fa1ded9e8d11acb28e33416b11d0fd5ea56537831ee4064c7e6ed8a02,True,True,
4_yweweler_35.wav,data/fsdd/recordings/4_yweweler_35.wav,4,yweweler,35,8000,3857,0.482125,1,PCM_16,d8d384587e48b9ec91bc638620d2e9d30a21499510b3129c70598f814dbc842b,True,True,
4_yweweler_36.wav,data/fsdd/recordings/4_yweweler_36.wav,4,yweweler,36,8000,2753,0.344125,1,PCM_16,6b7a9f7a81189af557a8b0669599e260508156331044691689c8e57d89f6780e,True,True,
4_yweweler_37.wav,data/fsdd/recordings/4_yweweler_37.wav,4,yweweler,37,8000,4864,0.608,1,PCM_16,495596032bbbaebaafd5c7d73895440da40e5e3e52da63a4f7bf58483607a94e,True,True,
4_yweweler_38.wav,data/fsdd/recordings/4_yweweler_38.wav,4,yweweler,38,8000,3065,0.383125,1,PCM_16,25d125e32055d418884d2d27fcc40c8897be8647e954ee8d8aa328c1f3778731,True,True,
4_yweweler_39.wav,data/fsdd/recordings/4_yweweler_39.wav,4,yweweler,39,8000,4195,0.524375,1,PCM_16,7e044a8269ff66a91a22a61543a22fd09bf167bd00bf2e13905c989cb9d9556a,True,True,
4_yweweler_4.wav,data/fsdd/recordings/4_yweweler_4.wav,4,yweweler,4,8000,2797,0.349625,1,PCM_16,fcd326b50b4d26eb09d87491f1f5cc6d4500f5eb2407b4681263b4cc72ed013c,True,True,
4_yweweler_40.wav,data/fsdd/recordings/4_yweweler_40.wav,4,yweweler,40,8000,3297,0.412125,1,PCM_16,c644cb414b1a7b8165d8307445a88bfd9650f624497ea842c50c130e0c6bc372,True,True,
4_yweweler_41.wav,data/fsdd/recordings/4_yweweler_41.wav,4,yweweler,41,8000,2762,0.34525,1,PCM_16,2a134d1c4cc7600ef1414c6aea2cadea1496e8a9e76235f87d05415d2dbbfb5e,True,True,
4_yweweler_42.wav,data/fsdd/recordings/4_yweweler_42.wav,4,yweweler,42,8000,2401,0.300125,1,PCM_16,a3c416fff18ed4655d454179bcf401e1a11b855cf39fd9ca7335a0b24772a6ef,True,True,
4_yweweler_43.wav,data/fsdd/recordings/4_yweweler_43.wav,4,yweweler,43,8000,2397,0.299625,1,PCM_16,07b76e9f039ab89f879c504d43dd03e065f21ece40a5de3c51c998e0c9a55c40,True,True,
4_yweweler_44.wav,data/fsdd/recordings/4_yweweler_44.wav,4,yweweler,44,8000,2911,0.363875,1,PCM_16,5a16c570e2b0e091a3ce3ab904d33ba43cfd518d98cc7706658e41c33bd21594,True,True,
4_yweweler_45.wav,data/fsdd/recordings/4_yweweler_45.wav,4,yweweler,45,8000,2382,0.29775,1,PCM_16,c85c5ab4cee7a941e421e114fba446d791e98839b1e401da84f837e5b655ac57,True,True,
4_yweweler_46.wav,data/fsdd/recordings/4_yweweler_46.wav,4,yweweler,46,8000,2282,0.28525,1,PCM_16,dff0699888510efec708d5e6133761b04a44f9f1a8e9e5afebbf37f27b10a150,True,True,
4_yweweler_47.wav,data/fsdd/recordings/4_yweweler_47.wav,4,yweweler,47,8000,2863,0.357875,1,PCM_16,a2692748a5f2929330181dd806d9075c2fd48d25af3ca792c60b672a87dc725d,True,True,
4_yweweler_48.wav,data/fsdd/recordings/4_yweweler_48.wav,4,yweweler,48,8000,2192,0.274,1,PCM_16,b46e191456ebfc78e0b987cd0a84321f5617f41ae72cf4f5a4e286fdaac73fc6,True,True,
4_yweweler_49.wav,data/fsdd/recordings/4_yweweler_49.wav,4,yweweler,49,8000,2820,0.3525,1,PCM_16,99bbbcff832664bbf98857fafb991917e63a0339b77e8e0874e8b2fd4a5193f4,True,True,
4_yweweler_5.wav,data/fsdd/recordings/4_yweweler_5.wav,4,yweweler,5,8000,2671,0.333875,1,PCM_16,147f2560d1af47edef0c3ef558e8e7f7d53282fef3a2e26c48dc5cb70d6a25ea,True,True,
4_yweweler_6.wav,data/fsdd/recordings/4_yweweler_6.wav,4,yweweler,6,8000,2494,0.31175,1,PCM_16,268140227456dd66c8482610536ef4153c13c9e86a428cc3e44be30d093662a6,True,True,
4_yweweler_7.wav,data/fsdd/recordings/4_yweweler_7.wav,4,yweweler,7,8000,2198,0.27475,1,PCM_16,e7f74a17359deb3dc7b7586d60be9cacff6771326197c830a261330981ca7e2b,True,True,
4_yweweler_8.wav,data/fsdd/recordings/4_yweweler_8.wav,4,yweweler,8,8000,1359,0.169875,1,PCM_16,524cd388d4ed8121d756f08028b6970a97b3e9cb0cb3294687c2a187e44c82e9,True,True,
4_yweweler_9.wav,data/fsdd/recordings/4_yweweler_9.wav,4,yweweler,9,8000,2726,0.34075,1,PCM_16,01206838009531137ba552af261f6709ee0430eca3162eaca254a5ff12ca988c,True,True,
5_george_0.wav,data/fsdd/recordings/5_george_0.wav,5,george,0,8000,4480,0.56,1,PCM_16,573faed14e5b9037ca124a040d87aea6bdb1852d47a106eba099cdd36701f34b,True,True,
5_george_1.wav,data/fsdd/recordings/5_george_1.wav,5,george,1,8000,4611,0.576375,1,PCM_16,92c06a934a3905dba06b9085def638070916896397740ca26f326fc78addfbba,True,True,
5_george_10.wav,data/fsdd/recordings/5_george_10.wav,5,george,10,8000,2838,0.35475,1,PCM_16,aa268a1a25c346f4e70dbdbd79ad7febe7524a7237a790fdde1910c8e1489379,True,True,
5_george_11.wav,data/fsdd/recordings/5_george_11.wav,5,george,11,8000,3034,0.37925,1,PCM_16,ce024e8d244cac06efb206efb9ca205bd172d119123b046f3e5ff1c54c0f9f92,True,True,
5_george_12.wav,data/fsdd/recordings/5_george_12.wav,5,george,12,8000,3402,0.42525,1,PCM_16,7e2cfed812bce9c9dab16b32be37fcaa50cc5676a48b12dafc00f70a071cef1b,True,True,
5_george_13.wav,data/fsdd/recordings/5_george_13.wav,5,george,13,8000,2904,0.363,1,PCM_16,d9fefb21bc6e4cc8603dbe532ce31d94b61ef8badd8238adfd0dde895efbeb93,True,True,
5_george_14.wav,data/fsdd/recordings/5_george_14.wav,5,george,14,8000,3379,0.422375,1,PCM_16,3223fcaf6ff1060dfc4af3030791b56a40ccaa836c4fb497620ae805e70e6764,True,True,
5_george_15.wav,data/fsdd/recordings/5_george_15.wav,5,george,15,8000,3266,0.40825,1,PCM_16,ad546f1863bcdfafee5699feca9a0fabe4c1438096d024cd5849df09b02b7779,True,True,
5_george_16.wav,data/fsdd/recordings/5_george_16.wav,5,george,16,8000,4029,0.503625,1,PCM_16,1d0ae2c51e50799591ac4a91caabbd667f709ddea815f405e7126ee1129c1713,True,True,
5_george_17.wav,data/fsdd/recordings/5_george_17.wav,5,george,17,8000,3874,0.48425,1,PCM_16,feb0433dee9817b7f7b400d5c11d6b344ab807f6e1cf298dcac696f9448e1a4f,True,True,
5_george_18.wav,data/fsdd/recordings/5_george_18.wav,5,george,18,8000,3531,0.441375,1,PCM_16,8564b54ea126945fb0ae1b39ac95c8d1bdac0bfcd5a71a35beba91b08f67908c,True,True,
5_george_19.wav,data/fsdd/recordings/5_george_19.wav,5,george,19,8000,4204,0.5255,1,PCM_16,b1b0e3a0a11979a325993e30952dcd014cc7a3b166a57bf2beb558bfefffca37,True,True,
5_george_2.wav,data/fsdd/recordings/5_george_2.wav,5,george,2,8000,3854,0.48175,1,PCM_16,f188cb3eb678156cb263e69f60515c34025eeb3f4e72bc819fcca65448effef9,True,True,
5_george_20.wav,data/fsdd/recordings/5_george_20.wav,5,george,20,8000,3385,0.423125,1,PCM_16,e136868e8dcd0423a23af4350413ab7964ec36554609fd2b67fc64fea98a782b,True,True,
5_george_21.wav,data/fsdd/recordings/5_george_21.wav,5,george,21,8000,4604,0.5755,1,PCM_16,98937ca0b1f325bd9f8790dd09b2336b088fda03db0675e1861676fa9b9ec42a,True,True,
5_george_22.wav,data/fsdd/recordings/5_george_22.wav,5,george,22,8000,3544,0.443,1,PCM_16,244bb76f0a7ddc93b33be1426be198ae9165d1d28616e871e0f3ec6a0309f9c4,True,True,
5_george_23.wav,data/fsdd/recordings/5_george_23.wav,5,george,23,8000,3152,0.394,1,PCM_16,d92a31ca5674da3382f9d7dd4cd56077900a1b606023dde9bab82f292abb7475,True,True,
5_george_24.wav,data/fsdd/recordings/5_george_24.wav,5,george,24,8000,3201,0.400125,1,PCM_16,9bddd29868cf670657548fe11b911578878724e79b8f881cd63041bc21a5ff0e,True,True,
5_george_25.wav,data/fsdd/recordings/5_george_25.wav,5,george,25,8000,3264,0.408,1,PCM_16,5185733961047dd91dad0f01b9877bee64fb0960eb2a1621ade2d3e3b66f45f4,True,True,
5_george_26.wav,data/fsdd/recordings/5_george_26.wav,5,george,26,8000,3497,0.437125,1,PCM_16,3eacb2feba2deefdf9d9fbc54c189a50b51478c87c916cb9faeb796cf4ee5fcf,True,True,
5_george_27.wav,data/fsdd/recordings/5_george_27.wav,5,george,27,8000,3446,0.43075,1,PCM_16,b671566fdc95b7b2f379bbef8fe581de2a35994ffcfd25736d6a5cca6c1e419d,True,True,
5_george_28.wav,data/fsdd/recordings/5_george_28.wav,5,george,28,8000,3258,0.40725,1,PCM_16,6944c72bf8c9e45c202b8fdaf77aacc3d0e86a51343d7acf854023a18ccf61a9,True,True,
5_george_29.wav,data/fsdd/recordings/5_george_29.wav,5,george,29,8000,4348,0.5435,1,PCM_16,e1ef6ebd7fb1c668e638f77a552fd90bdaab88bae997d51cbfeb29329dac0358,True,True,
5_george_3.wav,data/fsdd/recordings/5_george_3.wav,5,george,3,8000,4003,0.500375,1,PCM_16,24ba337bbaf2879609de200a48d915100919460add20c9e1449ea7ffc81944dd,True,True,
5_george_30.wav,data/fsdd/recordings/5_george_30.wav,5,george,30,8000,3087,0.385875,1,PCM_16,b550a3241cbd8bfc46add82c075ea4c4d1abff9b24fb77838e919a8da935e47b,True,True,
5_george_31.wav,data/fsdd/recordings/5_george_31.wav,5,george,31,8000,3425,0.428125,1,PCM_16,dff07c1e413b865116102fce82538ba0ad839054bab14b632a527c17151f140d,True,True,
5_george_32.wav,data/fsdd/recordings/5_george_32.wav,5,george,32,8000,3010,0.37625,1,PCM_16,f67c9cb4262b81863180ce0a9bd7aa9611b0bf7792932f7ec8aa72bb2566e928,True,True,
5_george_33.wav,data/fsdd/recordings/5_george_33.wav,5,george,33,8000,2807,0.350875,1,PCM_16,d0be7f0e2f625a336fa38f6d03208a87ccd0669f2e8de002b708d3c70678cc1e,True,True,
5_george_34.wav,data/fsdd/recordings/5_george_34.wav,5,george,34,8000,2962,0.37025,1,PCM_16,128a364c2247d30329bdb15101037d83c045bb599222aa0b3fe29b42a6ab9564,True,True,
5_george_35.wav,data/fsdd/recordings/5_george_35.wav,5,george,35,8000,3812,0.4765,1,PCM_16,f23218333bef93c027d3722cf39629bdc56e0727d0be00dbb66fc4f94cbd18db,True,True,
5_george_36.wav,data/fsdd/recordings/5_george_36.wav,5,george,36,8000,3324,0.4155,1,PCM_16,f02abc12959efdc07a1a06a0c46765b98c5f37e783284d4ac9bdbaef929b9de8,True,True,
5_george_37.wav,data/fsdd/recordings/5_george_37.wav,5,george,37,8000,4067,0.508375,1,PCM_16,b6248a52e8da256b282f74f78ff7c703cf1608fb45be0b532ddbbd833953ca79,True,True,
5_george_38.wav,data/fsdd/recordings/5_george_38.wav,5,george,38,8000,2740,0.3425,1,PCM_16,2bac362e83318ab44504fc771727154a07b676c15310db418a3ef30c7d656996,True,True,
5_george_39.wav,data/fsdd/recordings/5_george_39.wav,5,george,39,8000,2419,0.302375,1,PCM_16,b677f34fb36f42e140440a929cb9f252d5d0eed6e27bc1687433ad74f4f2f9f9,True,True,
5_george_4.wav,data/fsdd/recordings/5_george_4.wav,5,george,4,8000,3803,0.475375,1,PCM_16,7ccf047094cd54c13b4254e6f8ee6bf0f8e2718cca5e98603f2d55915edbc560,True,True,
5_george_40.wav,data/fsdd/recordings/5_george_40.wav,5,george,40,8000,2706,0.33825,1,PCM_16,819cb3a1924e5a648f8a2ffddd570d9cdf513ec2b21d858b89ba389a28ec8a41,True,True,
5_george_41.wav,data/fsdd/recordings/5_george_41.wav,5,george,41,8000,4048,0.506,1,PCM_16,53d146851866205549914f750e5602c09562c8f374507c2a1dd8c1309a10bffe,True,True,
5_george_42.wav,data/fsdd/recordings/5_george_42.wav,5,george,42,8000,3029,0.378625,1,PCM_16,9e7439d3cc4950add6f6fb2735baa8782919dbf71f01ce5bbee4fa260d26f23b,True,True,
5_george_43.wav,data/fsdd/recordings/5_george_43.wav,5,george,43,8000,2990,0.37375,1,PCM_16,c34e919e176b1eb965bcee8769cbadcf4b0e5b1b91865cb042291baffaf7275e,True,True,
5_george_44.wav,data/fsdd/recordings/5_george_44.wav,5,george,44,8000,2949,0.368625,1,PCM_16,1ebf79b2f8c5cdbf48f553a156dfc8a86d065a3910372b9601423d74134d301a,True,True,
5_george_45.wav,data/fsdd/recordings/5_george_45.wav,5,george,45,8000,3402,0.42525,1,PCM_16,448ddd34c1bd0c86093a20a7aacd5b1ed9b29078f5429a80b9db0c73f196f22a,True,True,
5_george_46.wav,data/fsdd/recordings/5_george_46.wav,5,george,46,8000,3396,0.4245,1,PCM_16,0292f4f42dbdbac7a20ddc01498718fb7477d7943388ad3f02fff7631085d621,True,True,
5_george_47.wav,data/fsdd/recordings/5_george_47.wav,5,george,47,8000,3256,0.407,1,PCM_16,db0d8915248333e09913423c3034120090fbbbe534bec2f3aafffb5704c092a4,True,True,
5_george_48.wav,data/fsdd/recordings/5_george_48.wav,5,george,48,8000,2945,0.368125,1,PCM_16,5ee79615787a8e4896b6955a06352eecf7a43c206d6214f8199ccc2bda04460e,True,True,
5_george_49.wav,data/fsdd/recordings/5_george_49.wav,5,george,49,8000,4252,0.5315,1,PCM_16,6662141509e540848118034fb0ee8341d2dbdac061c002642233047af7750fbc,True,True,
5_george_5.wav,data/fsdd/recordings/5_george_5.wav,5,george,5,8000,3197,0.399625,1,PCM_16,fcf6a40759cf6983dd5198195f4cef5778c819e46e08bc0604af63f5a28f675f,True,True,
5_george_6.wav,data/fsdd/recordings/5_george_6.wav,5,george,6,8000,4397,0.549625,1,PCM_16,c56eb0bba7925fbd7c8ca8558ee7c71e025bfedfd7240093ff49cc2a18c29b1e,True,True,
5_george_7.wav,data/fsdd/recordings/5_george_7.wav,5,george,7,8000,4151,0.518875,1,PCM_16,58014bd60a5142c5bf9e3f99d81baa5d08fd9b1985dd0dafc031a38ef29a8c29,True,True,
5_george_8.wav,data/fsdd/recordings/5_george_8.wav,5,george,8,8000,3240,0.405,1,PCM_16,b27f195397cc60551699962959b56dbbe21c7001be61d3d9f563dada7c3c3289,True,True,
5_george_9.wav,data/fsdd/recordings/5_george_9.wav,5,george,9,8000,3695,0.461875,1,PCM_16,b3517727a86c14a1ea95056db14c6f1e42edb5816300303d979b8a256c001f3f,True,True,
5_jackson_0.wav,data/fsdd/recordings/5_jackson_0.wav,5,jackson,0,8000,3394,0.42425,1,PCM_16,070af5213084191c4de1156125bb792c28cea2728798043283e3def0dadd55b4,True,True,
5_jackson_1.wav,data/fsdd/recordings/5_jackson_1.wav,5,jackson,1,8000,3319,0.414875,1,PCM_16,efd4a46bfcadc9f839f67a0c9d33e05c6d545851a690773ce651796edf74176d,True,True,
5_jackson_10.wav,data/fsdd/recordings/5_jackson_10.wav,5,jackson,10,8000,3148,0.3935,1,PCM_16,bf1ada0fb46b5659e185623c006ac95bb519495098cfeef9ae785c98bd83ceeb,True,True,
5_jackson_11.wav,data/fsdd/recordings/5_jackson_11.wav,5,jackson,11,8000,3555,0.444375,1,PCM_16,64c9e2921dab4dc29fb7d0bf860986c56e70cf1cc2023bf54cbae8787cd1e10d,True,True,
5_jackson_12.wav,data/fsdd/recordings/5_jackson_12.wav,5,jackson,12,8000,2942,0.36775,1,PCM_16,fe52d72bb68d73057d64bde9c10f79e4b308616175c5d16d03f0d9b475817787,True,True,
5_jackson_13.wav,data/fsdd/recordings/5_jackson_13.wav,5,jackson,13,8000,3373,0.421625,1,PCM_16,90ceb037e1a144e46f32f3a81a0b69fff1d826a0d5fc1ceb154aa80a48bc3c1e,True,True,
5_jackson_14.wav,data/fsdd/recordings/5_jackson_14.wav,5,jackson,14,8000,3031,0.378875,1,PCM_16,c331ec3165185c5b994b91b9b42c72c8e2987c1a05f1e0b4742be1a0ea221a63,True,True,
5_jackson_15.wav,data/fsdd/recordings/5_jackson_15.wav,5,jackson,15,8000,3451,0.431375,1,PCM_16,aeef8368457d5cc65b7cc271a30e5af05ce333683205c73ad32adeb2f068fee3,True,True,
5_jackson_16.wav,data/fsdd/recordings/5_jackson_16.wav,5,jackson,16,8000,3163,0.395375,1,PCM_16,51742277c496c63f78dd6d815c224c04fa3f73b62afcb34857d4e0e489f09412,True,True,
5_jackson_17.wav,data/fsdd/recordings/5_jackson_17.wav,5,jackson,17,8000,3169,0.396125,1,PCM_16,834d10bb69a2f1eea7765c85538c0eb0c9ed3ea840bd22ae38f165f916ea0679,True,True,
5_jackson_18.wav,data/fsdd/recordings/5_jackson_18.wav,5,jackson,18,8000,2876,0.3595,1,PCM_16,833439d11e8aa4ba7cf8325443446de4d7d809ee0f0a0d1636659312e204ebaa,True,True,
5_jackson_19.wav,data/fsdd/recordings/5_jackson_19.wav,5,jackson,19,8000,2955,0.369375,1,PCM_16,d9961777afd1caea77ead2ca6af2ff5ec3504a3f5b7603ff9ef851605b6bc84d,True,True,
5_jackson_2.wav,data/fsdd/recordings/5_jackson_2.wav,5,jackson,2,8000,3635,0.454375,1,PCM_16,9472c4879a6dcfa29569a8c7d4552b099f099fa23040ef025806b19d66b4e79c,True,True,
5_jackson_20.wav,data/fsdd/recordings/5_jackson_20.wav,5,jackson,20,8000,2753,0.344125,1,PCM_16,52070461b0ea170a0dbe399bf90eec3025a0acec5516b48034665e648fde33f4,True,True,
5_jackson_21.wav,data/fsdd/recordings/5_jackson_21.wav,5,jackson,21,8000,3045,0.380625,1,PCM_16,3d4fbdc445d924e2d2a54be11943ba5cd8c4148f4b0dc37032027c3b97e9fcb8,True,True,
5_jackson_22.wav,data/fsdd/recordings/5_jackson_22.wav,5,jackson,22,8000,2974,0.37175,1,PCM_16,7d2e3728e6c160337574c2ad304434b9f9147ef2a55a5d2d21585246897f87e9,True,True,
5_jackson_23.wav,data/fsdd/recordings/5_jackson_23.wav,5,jackson,23,8000,3247,0.405875,1,PCM_16,45396a5aaee134e526e03f64a36aeb046ce779b9c619eb1e438201c215d9e567,True,True,
5_jackson_24.wav,data/fsdd/recordings/5_jackson_24.wav,5,jackson,24,8000,3168,0.396,1,PCM_16,99e295e166733f28b42a77f504b78d6415a78fc3582601df741f9c63dab4f2d3,True,True,
5_jackson_25.wav,data/fsdd/recordings/5_jackson_25.wav,5,jackson,25,8000,3158,0.39475,1,PCM_16,afbfb079ca1bd7bd47af7c0cd38ec2ed63f2ad81eff26273ab546e8548069632,True,True,
5_jackson_26.wav,data/fsdd/recordings/5_jackson_26.wav,5,jackson,26,8000,3261,0.407625,1,PCM_16,7b02b333cdc269f11a838d1237d491f97a9f0f71477c4747df19a9d01fa4e160,True,True,
5_jackson_27.wav,data/fsdd/recordings/5_jackson_27.wav,5,jackson,27,8000,3235,0.404375,1,PCM_16,64c884e663c6e5ef34d0c2515e83687987ea62518ea108e92184bb9783e0abc0,True,True,
5_jackson_28.wav,data/fsdd/recordings/5_jackson_28.wav,5,jackson,28,8000,2951,0.368875,1,PCM_16,ce3dce0522b921f84ac54b45e53d69b54914711f1154bd2e0901ecf553d976dd,True,True,
5_jackson_29.wav,data/fsdd/recordings/5_jackson_29.wav,5,jackson,29,8000,3835,0.479375,1,PCM_16,018b48088b85c308d970a2db461d19b72d152f3a6f9fb73bf00583c7a945a07b,True,True,
5_jackson_3.wav,data/fsdd/recordings/5_jackson_3.wav,5,jackson,3,8000,3161,0.395125,1,PCM_16,b46788aed764f9b07bc6c21847e504f8ce9f63278138cc799737f44fad67dc70,True,True,
5_jackson_30.wav,data/fsdd/recordings/5_jackson_30.wav,5,jackson,30,8000,3431,0.428875,1,PCM_16,4e12a9a6f26350e8e024a5e06c2765df69af699f579e511e6f6c9557770d9fb5,True,True,
5_jackson_31.wav,data/fsdd/recordings/5_jackson_31.wav,5,jackson,31,8000,3287,0.410875,1,PCM_16,a10118227eb47b69b1ced121bd7f6cc84f8509b3ef00c68075bda834a7a8f37d,True,True,
5_jackson_32.wav,data/fsdd/recordings/5_jackson_32.wav,5,jackson,32,8000,3294,0.41175,1,PCM_16,cf23e426342001b472e3b57c3f7a946477384e0ca178b470aee86efb1b30c0c4,True,True,
5_jackson_33.wav,data/fsdd/recordings/5_jackson_33.wav,5,jackson,33,8000,3135,0.391875,1,PCM_16,c3970039f73e4767c33e8145be3dafa65e158e830247645d4f65fea70bafddf9,True,True,
5_jackson_34.wav,data/fsdd/recordings/5_jackson_34.wav,5,jackson,34,8000,2891,0.361375,1,PCM_16,37f8cdad79ba9b2a2f6d72ba065729ec8ed8223af35d0a8fd51cd38b03c073bd,True,True,
5_jackson_35.wav,data/fsdd/recordings/5_jackson_35.wav,5,jackson,35,8000,3459,0.432375,1,PCM_16,0217b68627881851a3b13ed50781cebbe636512dfdb21bcc41747c91c4361cca,True,True,
5_jackson_36.wav,data/fsdd/recordings/5_jackson_36.wav,5,jackson,36,8000,2966,0.37075,1,PCM_16,71db10a3ee63e0e7c7d9cd1dcb4b75dcd508f4f70442680471e2b8129f70e5a6,True,True,
5_jackson_37.wav,data/fsdd/recordings/5_jackson_37.wav,5,jackson,37,8000,3126,0.39075,1,PCM_16,35d30d6f33fcc560082007f575b260e6d9d77ac8f266719a66dd7568f09df41a,True,True,
5_jackson_38.wav,data/fsdd/recordings/5_jackson_38.wav,5,jackson,38,8000,3426,0.42825,1,PCM_16,2b07785e3937195cb06b045bd05da0cde094f292aa9b4679a0ad4c74730bb9e9,True,True,
5_jackson_39.wav,data/fsdd/recordings/5_jackson_39.wav,5,jackson,39,8000,3039,0.379875,1,PCM_16,3e3395172d6e3d4eca1c037f44266ea12480b92e4656a88f6b50b08a4aec595f,True,True,
5_jackson_4.wav,data/fsdd/recordings/5_jackson_4.wav,5,jackson,4,8000,4204,0.5255,1,PCM_16,e0ad1e77b639fafa2dccd07b90e8ab48043154a694e4a23563e40eea753f18c0,True,True,
5_jackson_40.wav,data/fsdd/recordings/5_jackson_40.wav,5,jackson,40,8000,3274,0.40925,1,PCM_16,d057126bc09d1c5777bbbe72f94b1cfb275de90c84f18949d5530dc23252201d,True,True,
5_jackson_41.wav,data/fsdd/recordings/5_jackson_41.wav,5,jackson,41,8000,3171,0.396375,1,PCM_16,d41c2e460dd8aa3837c686b4f070292b1b0a033ec45125d156bf44ef055059e7,True,True,
5_jackson_42.wav,data/fsdd/recordings/5_jackson_42.wav,5,jackson,42,8000,3739,0.467375,1,PCM_16,e999b83197ec73926be719fcf415f9ac156288b8fe348f6468a8122517663e9f,True,True,
5_jackson_43.wav,data/fsdd/recordings/5_jackson_43.wav,5,jackson,43,8000,3483,0.435375,1,PCM_16,7f692271e7e25c469a57e9764a368e128d575bc2e0050edf43420e9e22ed01f2,True,True,
5_jackson_44.wav,data/fsdd/recordings/5_jackson_44.wav,5,jackson,44,8000,3902,0.48775,1,PCM_16,def6db247ea24dd22a5bb0ea7c83bccd6332ca5e85a54fa64b1b574f5d019cb1,True,True,
5_jackson_45.wav,data/fsdd/recordings/5_jackson_45.wav,5,jackson,45,8000,3693,0.461625,1,PCM_16,509b45d72889c0c77c888c41eeb0b60071e0738751be42210b1e89294290c9e0,True,True,
5_jackson_46.wav,data/fsdd/recordings/5_jackson_46.wav,5,jackson,46,8000,4016,0.502,1,PCM_16,9ec846c0de51cae34b3fc07fc1341f9525d7128fba1ca7f434c810ef568b20a1,True,True,
5_jackson_47.wav,data/fsdd/recordings/5_jackson_47.wav,5,jackson,47,8000,4100,0.5125,1,PCM_16,1c4c711e3d85b14682beef0f1c5fa8e54452899d42ae5b9ac6de2f88019422ff,True,True,
5_jackson_48.wav,data/fsdd/recordings/5_jackson_48.wav,5,jackson,48,8000,4052,0.5065,1,PCM_16,65268eaf95d00eb850204ee5c9b0aed396df181681ec01617b967d61a74d7aa9,True,True,
5_jackson_49.wav,data/fsdd/recordings/5_jackson_49.wav,5,jackson,49,8000,3839,0.479875,1,PCM_16,5efec35a99eb5c2e2b2bedbb6319cd36f76c06548d250bd17eaa60a82d13b530,True,True,
5_jackson_5.wav,data/fsdd/recordings/5_jackson_5.wav,5,jackson,5,8000,3098,0.38725,1,PCM_16,38927e6fbc6c173f6f5c9652a4d8770c6ada9a2173f3d920c487d881959ede37,True,True,
5_jackson_6.wav,data/fsdd/recordings/5_jackson_6.wav,5,jackson,6,8000,3187,0.398375,1,PCM_16,e4742c83e5049afd91d9964eb9496264769365547ee9317bc7ed2066cf5e38f0,True,True,
5_jackson_7.wav,data/fsdd/recordings/5_jackson_7.wav,5,jackson,7,8000,3070,0.38375,1,PCM_16,98ae327f26a79f2d95f1f50a5f49f6e0e583f77bcefff39fa29c31635e406691,True,True,
5_jackson_8.wav,data/fsdd/recordings/5_jackson_8.wav,5,jackson,8,8000,2942,0.36775,1,PCM_16,570449e1c9b0516848d9b37fde097b3d4edc75ba1dd6cc6f86f4c812ddee494b,True,True,
5_jackson_9.wav,data/fsdd/recordings/5_jackson_9.wav,5,jackson,9,8000,4608,0.576,1,PCM_16,eb2d3d37062afb457f4a8dd6b76313a8c7d479b46ff224a24d5ecf1e72698891,True,True,
5_lucas_0.wav,data/fsdd/recordings/5_lucas_0.wav,5,lucas,0,8000,4802,0.60025,1,PCM_16,266bab64975aebcb2f8e734cb8f4721ef362fb506190c35bd7a31c4bd9e418a2,True,True,
5_lucas_1.wav,data/fsdd/recordings/5_lucas_1.wav,5,lucas,1,8000,9178,1.14725,1,PCM_16,dbf802c200643901bb891473fe356fdbf6473d12c6e8a98333b6a7e082068f1f,True,True,
5_lucas_10.wav,data/fsdd/recordings/5_lucas_10.wav,5,lucas,10,8000,4499,0.562375,1,PCM_16,f1a60261c168e3fdcee3cbf4fef85c8809d64d704933edac3482e29a948e42f2,True,True,
5_lucas_11.wav,data/fsdd/recordings/5_lucas_11.wav,5,lucas,11,8000,5208,0.651,1,PCM_16,230ba895f303e601e584209f7e3d0cd8f7c3d567c4ce5bcca829979528631e07,True,True,
5_lucas_12.wav,data/fsdd/recordings/5_lucas_12.wav,5,lucas,12,8000,4374,0.54675,1,PCM_16,44a2f2c09988f9785d7eb3002eaabe21c7ddec1025e8c884c8c862b175139d9e,True,True,
5_lucas_13.wav,data/fsdd/recordings/5_lucas_13.wav,5,lucas,13,8000,4778,0.59725,1,PCM_16,e52e75a2f95262989ad7511721d1851ce2b11f8f646793f7e24e6b9a33181721,True,True,
5_lucas_14.wav,data/fsdd/recordings/5_lucas_14.wav,5,lucas,14,8000,5053,0.631625,1,PCM_16,3c13a68fcd601818398236f219e57b75440017cf4ea116364d3f682605bb4a5e,True,True,
5_lucas_15.wav,data/fsdd/recordings/5_lucas_15.wav,5,lucas,15,8000,4423,0.552875,1,PCM_16,72967e2bb0b93b29ece55705df7e8b73b2738cc5010bdc449291fb8f31f08f88,True,True,
5_lucas_16.wav,data/fsdd/recordings/5_lucas_16.wav,5,lucas,16,8000,4825,0.603125,1,PCM_16,1aca16b03e2cbbac50d34c26d52973b0636a92caa1dc40d509e5f8fb12dd1a14,True,True,
5_lucas_17.wav,data/fsdd/recordings/5_lucas_17.wav,5,lucas,17,8000,4094,0.51175,1,PCM_16,67056c2d0ea3f7ac65b3a6a13ac37c25af5f28537c04c569f43b07b8364f79da,True,True,
5_lucas_18.wav,data/fsdd/recordings/5_lucas_18.wav,5,lucas,18,8000,4344,0.543,1,PCM_16,9bfa71d003e72606da085fa306cb20c2d9936b0dd07cddef81e6472a37a00192,True,True,
5_lucas_19.wav,data/fsdd/recordings/5_lucas_19.wav,5,lucas,19,8000,5659,0.707375,1,PCM_16,3d36a5139d6d3d4e3598d7262e870ab3108eae2b7e04dfa494315ca306b5cde1,True,True,
5_lucas_2.wav,data/fsdd/recordings/5_lucas_2.wav,5,lucas,2,8000,4637,0.579625,1,PCM_16,13ed345ae6fe5281f2735c84be364d1dc85c3e7541d7146faa38aee5225a425d,True,True,
5_lucas_20.wav,data/fsdd/recordings/5_lucas_20.wav,5,lucas,20,8000,6117,0.764625,1,PCM_16,2dfe58d12df97f2b20a29edf58afa4ff87d00373ce8321bbb934f6c65ae74946,True,True,
5_lucas_21.wav,data/fsdd/recordings/5_lucas_21.wav,5,lucas,21,8000,6981,0.872625,1,PCM_16,308e0e8a211e853468a3bdf7cd86c06e371c9320494330a7d824a69a3aaddb12,True,True,
5_lucas_22.wav,data/fsdd/recordings/5_lucas_22.wav,5,lucas,22,8000,4623,0.577875,1,PCM_16,834e0fd4e992b508554251a017e18a05f3dc6907f8e1e3a254472424e0876073,True,True,
5_lucas_23.wav,data/fsdd/recordings/5_lucas_23.wav,5,lucas,23,8000,4727,0.590875,1,PCM_16,8c72b89ad461ec6bcc76e1c73319095f58d768610efe41b2a57bc616e8db2130,True,True,
5_lucas_24.wav,data/fsdd/recordings/5_lucas_24.wav,5,lucas,24,8000,5519,0.689875,1,PCM_16,5b7a19e695594a1cbaf938aa1e3a4c314b7eea24891916293f9c68816a109b2a,True,True,
5_lucas_25.wav,data/fsdd/recordings/5_lucas_25.wav,5,lucas,25,8000,4895,0.611875,1,PCM_16,e554e82c6d95b6df0a1f3dbe56c8b4ebc14e6ce1acf445bd5d1ae2f64da2b1c8,True,True,
5_lucas_26.wav,data/fsdd/recordings/5_lucas_26.wav,5,lucas,26,8000,4794,0.59925,1,PCM_16,e0b80c61adb92a8ef563ad89c2529a1cddd531dcff017d1da9bd008fdafad2b3,True,True,
5_lucas_27.wav,data/fsdd/recordings/5_lucas_27.wav,5,lucas,27,8000,4817,0.602125,1,PCM_16,0df3be3a9e1bf348069ba2ab97bdd40cafd012d7bbfe7d0a232fb349109f2717,True,True,
5_lucas_28.wav,data/fsdd/recordings/5_lucas_28.wav,5,lucas,28,8000,4355,0.544375,1,PCM_16,e7a9ab2b5e9a24f499dc50bd43ce1c867bcf8c3b5b79e2c140be45007bf92d89,True,True,
5_lucas_29.wav,data/fsdd/recordings/5_lucas_29.wav,5,lucas,29,8000,4349,0.543625,1,PCM_16,a4857ccbfccbce633583aa74e4824755c0b72ae3a667ffa3f6aa3231b5f9c387,True,True,
5_lucas_3.wav,data/fsdd/recordings/5_lucas_3.wav,5,lucas,3,8000,4229,0.528625,1,PCM_16,9c0df59536caa9db1e26439872568ebf1a98d82e52dc8e028d172ad17bd33fb3,True,True,
5_lucas_30.wav,data/fsdd/recordings/5_lucas_30.wav,5,lucas,30,8000,5960,0.745,1,PCM_16,c04f357adeb088b7de4ea9b103bba1f1b0470a9a1c9c409fb62e731f5a924977,True,True,
5_lucas_31.wav,data/fsdd/recordings/5_lucas_31.wav,5,lucas,31,8000,4741,0.592625,1,PCM_16,1a8347e70df89d3de8f4263873c1d539700ca29726b64e1e1855c4578734609c,True,True,
5_lucas_32.wav,data/fsdd/recordings/5_lucas_32.wav,5,lucas,32,8000,4910,0.61375,1,PCM_16,08bcbf86105169cbf5106c5bfe7e248c2c9ab3f0eec750e3d2e320ac849541ba,True,True,
5_lucas_33.wav,data/fsdd/recordings/5_lucas_33.wav,5,lucas,33,8000,4868,0.6085,1,PCM_16,d6dcd85cdf05ab35e0f2dfd3ba2ee87871ad7c3c73f24875d200daa504525f00,True,True,
5_lucas_34.wav,data/fsdd/recordings/5_lucas_34.wav,5,lucas,34,8000,4442,0.55525,1,PCM_16,d34cbbd37720fd92211b620c039de0faca1cf5832ab63f08b278de5f3b8793da,True,True,
5_lucas_35.wav,data/fsdd/recordings/5_lucas_35.wav,5,lucas,35,8000,4978,0.62225,1,PCM_16,6262eb0a08c11b4e47de4b7f8e5187716493d432974eecc34d31e61da06075c1,True,True,
5_lucas_36.wav,data/fsdd/recordings/5_lucas_36.wav,5,lucas,36,8000,4876,0.6095,1,PCM_16,271ddac09052828d17cd1c49dc43ea93ae2efd32394f8e9e9cbf6c14a1d16bc2,True,True,
5_lucas_37.wav,data/fsdd/recordings/5_lucas_37.wav,5,lucas,37,8000,5707,0.713375,1,PCM_16,fd997b530b8d3417ed7b95d07ac5c4888e21e5229eb5a7c38a6b40c091711ce2,True,True,
5_lucas_38.wav,data/fsdd/recordings/5_lucas_38.wav,5,lucas,38,8000,4417,0.552125,1,PCM_16,91370f58044b1ddb8361fcf08c775833cefd24ea4a479e041131c30401e1974f,True,True,
5_lucas_39.wav,data/fsdd/recordings/5_lucas_39.wav,5,lucas,39,8000,5619,0.702375,1,PCM_16,6f67fb0f0d3762e7ff444245dd61d4eb0d189a59fb79756e220dc98b98ae821c,True,True,
5_lucas_4.wav,data/fsdd/recordings/5_lucas_4.wav,5,lucas,4,8000,4067,0.508375,1,PCM_16,973d6a1a7329d3d89d8b5c63b0a6c1a2d08366c6dfab96b7e85a11e466f22f30,True,True,
5_lucas_40.wav,data/fsdd/recordings/5_lucas_40.wav,5,lucas,40,8000,4153,0.519125,1,PCM_16,bd173328e6c2525ab41a8d098253c853ec393cfe16b117a951f7a1c1fff2a8ef,True,True,
5_lucas_41.wav,data/fsdd/recordings/5_lucas_41.wav,5,lucas,41,8000,4187,0.523375,1,PCM_16,3d60e3542a8e07b9aec39fd747b4a743e598dc122e6161d0ddef7557c4908862,True,True,
5_lucas_42.wav,data/fsdd/recordings/5_lucas_42.wav,5,lucas,42,8000,5595,0.699375,1,PCM_16,d969588650bbef65dd410dc2f94a63577185629206ae8f0a84564c7d81b9ef9d,True,True,
5_lucas_43.wav,data/fsdd/recordings/5_lucas_43.wav,5,lucas,43,8000,4480,0.56,1,PCM_16,242551b6591b5dd3e3e1992a7f8184c49dd6600c6b35768344e54f2577403e07,True,True,
5_lucas_44.wav,data/fsdd/recordings/5_lucas_44.wav,5,lucas,44,8000,5376,0.672,1,PCM_16,fb13826abd391a5ead4ffd02594fde111127cd4a690537f2c67ea3b9fb1cd89d,True,True,
5_lucas_45.wav,data/fsdd/recordings/5_lucas_45.wav,5,lucas,45,8000,7223,0.902875,1,PCM_16,314d43616386715a1e3f3524c5cae34765233f83a513fbdea558b4c6e351d2ac,True,True,
5_lucas_46.wav,data/fsdd/recordings/5_lucas_46.wav,5,lucas,46,8000,5426,0.67825,1,PCM_16,ab4fe6f85d138bf2305305874d4b7bf62d0eea3fb002693a8a1d7bfe49756a32,True,True,
5_lucas_47.wav,data/fsdd/recordings/5_lucas_47.wav,5,lucas,47,8000,5425,0.678125,1,PCM_16,8189f7b92f47cbb561e3a54a06d565429b2c2e47ac187b6c917485b392b77c81,True,True,
5_lucas_48.wav,data/fsdd/recordings/5_lucas_48.wav,5,lucas,48,8000,4934,0.61675,1,PCM_16,4f16e34aba596b6c33dafcf8e20e21ca14efa57646dda4101ce0f88f5fcf320f,True,True,
5_lucas_49.wav,data/fsdd/recordings/5_lucas_49.wav,5,lucas,49,8000,4473,0.559125,1,PCM_16,50ec65401a56f12d3d0fd662761d26bce773acb02aa978e06a7ac753a2fff918,True,True,
5_lucas_5.wav,data/fsdd/recordings/5_lucas_5.wav,5,lucas,5,8000,4656,0.582,1,PCM_16,397491e668f23c05a1684db74406c370f07380eee094e30dc23c7522cff04f89,True,True,
5_lucas_6.wav,data/fsdd/recordings/5_lucas_6.wav,5,lucas,6,8000,4766,0.59575,1,PCM_16,7f136edc52a7ac20afe95c611698bd53d2dfbb2e49a1ef8c59a34e6cd7e8f1dc,True,True,
5_lucas_7.wav,data/fsdd/recordings/5_lucas_7.wav,5,lucas,7,8000,4852,0.6065,1,PCM_16,672017cc96c3c501d7616963e1dc8abf23989cfc2bd2579808f0d977def96f1c,True,True,
5_lucas_8.wav,data/fsdd/recordings/5_lucas_8.wav,5,lucas,8,8000,5295,0.661875,1,PCM_16,5ca3b800c9a8f9fd8b9e22b0509a51fb052de02189198ee9ce1cdff3f94809f1,True,True,
5_lucas_9.wav,data/fsdd/recordings/5_lucas_9.wav,5,lucas,9,8000,4583,0.572875,1,PCM_16,619be724fe22bdb35d19103291de3a4ec13604d9b49a4d3cb6a6fa0c0e8bbea4,True,True,
5_nicolas_0.wav,data/fsdd/recordings/5_nicolas_0.wav,5,nicolas,0,8000,2732,0.3415,1,PCM_16,808a05f646857095e97450f6824440c271c5a17029d24065a7ff27ea7813f61d,True,True,
5_nicolas_1.wav,data/fsdd/recordings/5_nicolas_1.wav,5,nicolas,1,8000,3064,0.383,1,PCM_16,fafeb62089db6d12dff9fdc61fc510095f098b02758318d1720c108015bdc16a,True,True,
5_nicolas_10.wav,data/fsdd/recordings/5_nicolas_10.wav,5,nicolas,10,8000,2854,0.35675,1,PCM_16,79680d3198453d2d011d14b941d55e9f7bd843b78382e2af5c1b5c6d08f5c05b,True,True,
5_nicolas_11.wav,data/fsdd/recordings/5_nicolas_11.wav,5,nicolas,11,8000,3817,0.477125,1,PCM_16,f06c0214b0adbf47205d3e722397dfde1893d1ec6a3f46b0a7341c8352dd61f0,True,True,
5_nicolas_12.wav,data/fsdd/recordings/5_nicolas_12.wav,5,nicolas,12,8000,3336,0.417,1,PCM_16,00bca951b54b9d265c0bce2a2f37d984d9ef85b5e1907515c4c9396eb69e9e3b,True,True,
5_nicolas_13.wav,data/fsdd/recordings/5_nicolas_13.wav,5,nicolas,13,8000,2983,0.372875,1,PCM_16,d4153f18cebdb7def726854ab7513ea7ca3a599220bcceba7390f5ddfd4da4a8,True,True,
5_nicolas_14.wav,data/fsdd/recordings/5_nicolas_14.wav,5,nicolas,14,8000,3399,0.424875,1,PCM_16,9a20e5d8889a89b96bb56d82416c973cc1f927ab360afa8875faa7a18c6f4dce,True,True,
5_nicolas_15.wav,data/fsdd/recordings/5_nicolas_15.wav,5,nicolas,15,8000,3464,0.433,1,PCM_16,a4cdd35f23882188746765e1c62a58261d17ffb025a8ccd3ebb3072df64c2f88,True,True,
5_nicolas_16.wav,data/fsdd/recordings/5_nicolas_16.wav,5,nicolas,16,8000,3849,0.481125,1,PCM_16,ad7d9e4843b5ae35362751c129651f1d84c07a538fb8b84d88a4fda82da88e22,True,True,
5_nicolas_17.wav,data/fsdd/recordings/5_nicolas_17.wav,5,nicolas,17,8000,3079,0.384875,1,PCM_16,994bb3a67016dd5548814f1f331fb4911d272638be3fc049aa27758c54074b2b,True,True,
5_nicolas_18.wav,data/fsdd/recordings/5_nicolas_18.wav,5,nicolas,18,8000,3079,0.384875,1,PCM_16,eb8470fb949d71979d7c1e9239e2c585f8f22da85d8487bf84d2d111e0375fdf,True,True,
5_nicolas_19.wav,data/fsdd/recordings/5_nicolas_19.wav,5,nicolas,19,8000,2437,0.304625,1,PCM_16,e1274afc269dd0cb853c6523934680695e00e3110c0bc40cd795cdd1305e5716,True,True,
5_nicolas_2.wav,data/fsdd/recordings/5_nicolas_2.wav,5,nicolas,2,8000,2499,0.312375,1,PCM_16,fc21d9746cb5d77603455df22cf462485653464c2011a3a138e30c4c04ab5b5e,True,True,
5_nicolas_20.wav,data/fsdd/recordings/5_nicolas_20.wav,5,nicolas,20,8000,3062,0.38275,1,PCM_16,622146d6557a730392709d32f542c9a56c483ec1cff1025f3b8a51fc51c45e6e,True,True,
5_nicolas_21.wav,data/fsdd/recordings/5_nicolas_21.wav,5,nicolas,21,8000,2718,0.33975,1,PCM_16,ca38a70245ab32611606d7a1c14528c3a00542ecef4269064c1d0090343f684b,True,True,
5_nicolas_22.wav,data/fsdd/recordings/5_nicolas_22.wav,5,nicolas,22,8000,3165,0.395625,1,PCM_16,f22724ae942539732e6b30f4fbfc1b83ba9959517ee2c44c51efb97ca43cc1e4,True,True,
5_nicolas_23.wav,data/fsdd/recordings/5_nicolas_23.wav,5,nicolas,23,8000,2890,0.36125,1,PCM_16,372a6afa711cdac5d7c3d87ec8326ac8536914c01965c835ae36c41bd74cb72d,True,True,
5_nicolas_24.wav,data/fsdd/recordings/5_nicolas_24.wav,5,nicolas,24,8000,2994,0.37425,1,PCM_16,031eba4b5e564b9ad7e3b92baf744cab1b9f2f75836eae7b68d352a9c372f4ad,True,True,
5_nicolas_25.wav,data/fsdd/recordings/5_nicolas_25.wav,5,nicolas,25,8000,2821,0.352625,1,PCM_16,16717278bebc0469a465b5be4cbfbf0f6f7aabb8445cf6613985e681f17941b5,True,True,
5_nicolas_26.wav,data/fsdd/recordings/5_nicolas_26.wav,5,nicolas,26,8000,3062,0.38275,1,PCM_16,1ccb1ca05228c1d321d2ac62b8547e14800f10a52285874ffa8dff910fea026b,True,True,
5_nicolas_27.wav,data/fsdd/recordings/5_nicolas_27.wav,5,nicolas,27,8000,3028,0.3785,1,PCM_16,6c0281b7430e574f49c81cfce2178708b29c43c546f4cd49d1b1a44e1611dff6,True,True,
5_nicolas_28.wav,data/fsdd/recordings/5_nicolas_28.wav,5,nicolas,28,8000,3303,0.412875,1,PCM_16,156ba05eca40fc37f6e484d7c9171d6c8b7e48959fb86c2b01ccbb563001b79a,True,True,
5_nicolas_29.wav,data/fsdd/recordings/5_nicolas_29.wav,5,nicolas,29,8000,2580,0.3225,1,PCM_16,52a00f694d5932c0c272218788819eea2b2c7dafedd30c7d8f9b530f764e534b,True,True,
5_nicolas_3.wav,data/fsdd/recordings/5_nicolas_3.wav,5,nicolas,3,8000,2898,0.36225,1,PCM_16,a4515f9148fdfb3846547ed201172c0c8f12edb44a27619437d2e218c8fe393d,True,True,
5_nicolas_30.wav,data/fsdd/recordings/5_nicolas_30.wav,5,nicolas,30,8000,2830,0.35375,1,PCM_16,5e33b9e89a67c3f3cd570b4cdcae7e683c829050e0986ab8bc3ca8be72b625e2,True,True,
5_nicolas_31.wav,data/fsdd/recordings/5_nicolas_31.wav,5,nicolas,31,8000,4148,0.5185,1,PCM_16,3c830b690fe7b2000c0082256fff1ef3a9a701da0f7d84dd581c563c7ece09de,True,True,
5_nicolas_32.wav,data/fsdd/recordings/5_nicolas_32.wav,5,nicolas,32,8000,2830,0.35375,1,PCM_16,2fe2e5323964a6d9513144f51f091bd06dd76a888cd9aa898f43c45c10d85e04,True,True,
5_nicolas_33.wav,data/fsdd/recordings/5_nicolas_33.wav,5,nicolas,33,8000,3281,0.410125,1,PCM_16,7c9b63ad1f327902f386f302b63561a9d3e4bf0e4afce5efededecdb9d48751a,True,True,
5_nicolas_34.wav,data/fsdd/recordings/5_nicolas_34.wav,5,nicolas,34,8000,2605,0.325625,1,PCM_16,de60362f809e428ba820e1726fb1231b6e237879c6e0c5ad275397b993e4f53b,True,True,
5_nicolas_35.wav,data/fsdd/recordings/5_nicolas_35.wav,5,nicolas,35,8000,3537,0.442125,1,PCM_16,a9ac7009ccd87ce5df62759fc6ba2f4b59d499f45656fa57449959d3274bab01,True,True,
5_nicolas_36.wav,data/fsdd/recordings/5_nicolas_36.wav,5,nicolas,36,8000,3505,0.438125,1,PCM_16,7adfff83e8cbe8b534b8b33792c695edf037a503ccdcdc26880f0ef7b4225d43,True,True,
5_nicolas_37.wav,data/fsdd/recordings/5_nicolas_37.wav,5,nicolas,37,8000,3345,0.418125,1,PCM_16,96981ec2f31e1622a549c7d395cff6d69a87e106500d784debddccf110158c29,True,True,
5_nicolas_38.wav,data/fsdd/recordings/5_nicolas_38.wav,5,nicolas,38,8000,3023,0.377875,1,PCM_16,58f1be05f5f213b7f67724c04eb50effd7770b7cfa182f777d4cea07f2a2344d,True,True,
5_nicolas_39.wav,data/fsdd/recordings/5_nicolas_39.wav,5,nicolas,39,8000,2669,0.333625,1,PCM_16,c0559f1101def8521548c4e824bc5cd009593ce58b19f359e8e79b8cddaec86f,True,True,
5_nicolas_4.wav,data/fsdd/recordings/5_nicolas_4.wav,5,nicolas,4,8000,2798,0.34975,1,PCM_16,741287fc6edfc9b39a8f188da83bd6b453e46d10a1b56311f05fbe4874eed80d,True,True,
5_nicolas_40.wav,data/fsdd/recordings/5_nicolas_40.wav,5,nicolas,40,8000,2770,0.34625,1,PCM_16,ea873e47c702a497de7bbe084e2b461df969fe62923b407060097b4fb502564d,True,True,
5_nicolas_41.wav,data/fsdd/recordings/5_nicolas_41.wav,5,nicolas,41,8000,3193,0.399125,1,PCM_16,b8196f63f98c5420d622535d952fbe286ed82cd7037f4a9249ac93d140ea988d,True,True,
5_nicolas_42.wav,data/fsdd/recordings/5_nicolas_42.wav,5,nicolas,42,8000,3160,0.395,1,PCM_16,7d910fdb057b28e7e239f074a8d4e3a77bb0dab37abf8caaed19bcf68f0cf567,True,True,
5_nicolas_43.wav,data/fsdd/recordings/5_nicolas_43.wav,5,nicolas,43,8000,2900,0.3625,1,PCM_16,28c1195e44f7f7307b25210e7eaa216ec5cf916481e9fd46efc43862b651581e,True,True,
5_nicolas_44.wav,data/fsdd/recordings/5_nicolas_44.wav,5,nicolas,44,8000,2933,0.366625,1,PCM_16,d8c4eef46de82414fdb79e43fe9d0eea19aeaee6cc19e06bbb6d6bb44fac2008,True,True,
5_nicolas_45.wav,data/fsdd/recordings/5_nicolas_45.wav,5,nicolas,45,8000,3160,0.395,1,PCM_16,a11b561a78e130e413a4d67c6cbfb039aa948a5b760e414bb7a217657404aded,True,True,
5_nicolas_46.wav,data/fsdd/recordings/5_nicolas_46.wav,5,nicolas,46,8000,2705,0.338125,1,PCM_16,b5e2331e577f135b56c88980fe80206b8f8dfcfefa6e735bc2146208ef5027b5,True,True,
5_nicolas_47.wav,data/fsdd/recordings/5_nicolas_47.wav,5,nicolas,47,8000,3356,0.4195,1,PCM_16,6ac71e9fa733cdbb7c7a54d36343aea5518a1fe9e8c1a263511ae4ffbf6f9c96,True,True,
5_nicolas_48.wav,data/fsdd/recordings/5_nicolas_48.wav,5,nicolas,48,8000,3323,0.415375,1,PCM_16,1c6b79a3fd7caf79a36ac7879fdeba4602a5486698f5a26bde374468a4ab04d6,True,True,
5_nicolas_49.wav,data/fsdd/recordings/5_nicolas_49.wav,5,nicolas,49,8000,2770,0.34625,1,PCM_16,5a9fc7f2766997aee55ba9849c36b9d5c49b1fa23620f68325082c9991b90e73,True,True,
5_nicolas_5.wav,data/fsdd/recordings/5_nicolas_5.wav,5,nicolas,5,8000,3131,0.391375,1,PCM_16,2bf0cf1935e5c934706f3d91658e0e000586036fb9d95647ad2e90e5e153bcd4,True,True,
5_nicolas_6.wav,data/fsdd/recordings/5_nicolas_6.wav,5,nicolas,6,8000,2865,0.358125,1,PCM_16,3ac4877bb6349e013f723eb1cc61f81451338ce4f350977a149c541d01ac0775,True,True,
5_nicolas_7.wav,data/fsdd/recordings/5_nicolas_7.wav,5,nicolas,7,8000,2832,0.354,1,PCM_16,ce7029e242f575003ba13b5b38fc152db865c0b9259021809a6ae4eece1574c8,True,True,
5_nicolas_8.wav,data/fsdd/recordings/5_nicolas_8.wav,5,nicolas,8,8000,2931,0.366375,1,PCM_16,f006b4e2b7243dce09dee0533b05535433f73093f6372ee55a38d79714bb6bf6,True,True,
5_nicolas_9.wav,data/fsdd/recordings/5_nicolas_9.wav,5,nicolas,9,8000,2699,0.337375,1,PCM_16,34cc148c710ff0381cea13b799b0cd133cd9c38132499cc3c8853ecbeba90836,True,True,
5_theo_0.wav,data/fsdd/recordings/5_theo_0.wav,5,theo,0,8000,2427,0.303375,1,PCM_16,a5c0beb43ad7e0236d927481d98b6f6bb1b21fbbd7bc26e7f42fcdf6d5f307d5,True,True,
5_theo_1.wav,data/fsdd/recordings/5_theo_1.wav,5,theo,1,8000,2355,0.294375,1,PCM_16,c70cf66fe7c9f50a440c856432e630f662df83e741acb65f49ebecd777e3eeaf,True,True,
5_theo_10.wav,data/fsdd/recordings/5_theo_10.wav,5,theo,10,8000,2201,0.275125,1,PCM_16,ccddc3bce56bf5a7ad0c667834c8a00183109b0a32556bec224a941ee6454145,True,True,
5_theo_11.wav,data/fsdd/recordings/5_theo_11.wav,5,theo,11,8000,2065,0.258125,1,PCM_16,5d1438bcd9092e9a7384ca740e3e77d5c58802af2c2a73fac1d918e68cac8ef7,True,True,
5_theo_12.wav,data/fsdd/recordings/5_theo_12.wav,5,theo,12,8000,2433,0.304125,1,PCM_16,91018ccf8b7366744a0c65ef369bfd974c3c54475cfd1081a161b101ed97a2e8,True,True,
5_theo_13.wav,data/fsdd/recordings/5_theo_13.wav,5,theo,13,8000,2653,0.331625,1,PCM_16,3a1089ec06527e06a4dd43c71fe4e609f57e3eb91cf8a51b6541606aa75232e3,True,True,
5_theo_14.wav,data/fsdd/recordings/5_theo_14.wav,5,theo,14,8000,2170,0.27125,1,PCM_16,2883862598cd604bacb631fa815b4d36742bada88e2a3ed441585570ed1d3c4c,True,True,
5_theo_15.wav,data/fsdd/recordings/5_theo_15.wav,5,theo,15,8000,2624,0.328,1,PCM_16,0e676584da896fa645a14ba1e45c8c723b3ce60877dae518ec54acbce389bf8d,True,True,
5_theo_16.wav,data/fsdd/recordings/5_theo_16.wav,5,theo,16,8000,3150,0.39375,1,PCM_16,99dcfb858783e935763db79766e3e7f80feb3bd48112cf63630e2cc48c3d8180,True,True,
5_theo_17.wav,data/fsdd/recordings/5_theo_17.wav,5,theo,17,8000,3817,0.477125,1,PCM_16,1fd32929f593ad01e2c477dd6fc988ee7de9ddb9e027b621b352ecc12e1eb503,True,True,
5_theo_18.wav,data/fsdd/recordings/5_theo_18.wav,5,theo,18,8000,2916,0.3645,1,PCM_16,ced9087fe054296c39f6b0424340abedc69c6b05b2dfd9f774d0efd2a63a42b0,True,True,
5_theo_19.wav,data/fsdd/recordings/5_theo_19.wav,5,theo,19,8000,4495,0.561875,1,PCM_16,136ab98f558f3ecac530999164996cb728ed618e92c2901214d4147f329bec26,True,True,
5_theo_2.wav,data/fsdd/recordings/5_theo_2.wav,5,theo,2,8000,2139,0.267375,1,PCM_16,e5c5db060a706a1ecf69a7d2c5b98d4d6fa656b17618f5f2253bfb80f2987b42,True,True,
5_theo_20.wav,data/fsdd/recordings/5_theo_20.wav,5,theo,20,8000,2425,0.303125,1,PCM_16,36ee107663e59d0d468fa7c18e4936eff0ad1bdaeb17217d62ef439ec541f219,True,True,
5_theo_21.wav,data/fsdd/recordings/5_theo_21.wav,5,theo,21,8000,3631,0.453875,1,PCM_16,5bf79212c3dfaf0665fb86e52aa0e50e38ed7e1792970e6d9deddf5607f61e57,True,True,
5_theo_22.wav,data/fsdd/recordings/5_theo_22.wav,5,theo,22,8000,4101,0.512625,1,PCM_16,d4ef07635946a285bc7d5542e6fe9dbcc0c4adaa487cfaf99d37573059f56738,True,True,
5_theo_23.wav,data/fsdd/recordings/5_theo_23.wav,5,theo,23,8000,4277,0.534625,1,PCM_16,a16396b17682887c6ccb6f6145d56f7edca28ff142e90df84e5172a869f73935,True,True,
5_theo_24.wav,data/fsdd/recordings/5_theo_24.wav,5,theo,24,8000,1673,0.209125,1,PCM_16,eedbb89dddfdc9356fedbea0424f83666a50f0de4d7d4803d6451cb5b4f3a0b4,True,True,
5_theo_25.wav,data/fsdd/recordings/5_theo_25.wav,5,theo,25,8000,3130,0.39125,1,PCM_16,a02bf27648352008589fa373d0be6e2ba8ac4f3be041dbb38e9ce527817926b0,True,True,
5_theo_26.wav,data/fsdd/recordings/5_theo_26.wav,5,theo,26,8000,4123,0.515375,1,PCM_16,24865df7af2d3f69a4abfefc3afbaa28a14dcdd0b5d54059a7d361187c664638,True,True,
5_theo_27.wav,data/fsdd/recordings/5_theo_27.wav,5,theo,27,8000,4341,0.542625,1,PCM_16,5e9f2530e92a0ad6a0cc2463991e6e95b6d9e5833db5d5fe17deb5f87e05741f,True,True,
5_theo_28.wav,data/fsdd/recordings/5_theo_28.wav,5,theo,28,8000,3044,0.3805,1,PCM_16,626d926eeb0133aa8ac428458a7089ceca46a1b0819646528cc27c5d15ca01dd,True,True,
5_theo_29.wav,data/fsdd/recordings/5_theo_29.wav,5,theo,29,8000,4666,0.58325,1,PCM_16,2f958a328081552811f8d479dd4842c7785ab6241b73b3898c75f9ae950cc673,True,True,
5_theo_3.wav,data/fsdd/recordings/5_theo_3.wav,5,theo,3,8000,2219,0.277375,1,PCM_16,6cd3402d3979ba7439627eb2fcbd0ecdc3c49a532b15837f7e02b44caf4f5752,True,True,
5_theo_30.wav,data/fsdd/recordings/5_theo_30.wav,5,theo,30,8000,5239,0.654875,1,PCM_16,cbd495ec238c03f3082affc160942dc81350f27b672cb8575dc2486c6d629d1c,True,True,
5_theo_31.wav,data/fsdd/recordings/5_theo_31.wav,5,theo,31,8000,1970,0.24625,1,PCM_16,58813849830ccc32a4d4faeec5e35dda13fc031f35c5f42510451b79fa46ac6b,True,True,
5_theo_32.wav,data/fsdd/recordings/5_theo_32.wav,5,theo,32,8000,3495,0.436875,1,PCM_16,2e6e382b6ebf10a78cde81e63aa35a4385dfd03dc0d38d7dea0d33dd7421242c,True,True,
5_theo_33.wav,data/fsdd/recordings/5_theo_33.wav,5,theo,33,8000,3682,0.46025,1,PCM_16,8f6322fe20ea19b71a54b3adedcb99e5d74d2fc4242d97dcdaf8e532393cbb15,True,True,
5_theo_34.wav,data/fsdd/recordings/5_theo_34.wav,5,theo,34,8000,3853,0.481625,1,PCM_16,363b84c18ffee1759921cc97756b9eb3771e2b4bf461d0021b5770fd16e01be3,True,True,
5_theo_35.wav,data/fsdd/recordings/5_theo_35.wav,5,theo,35,8000,3861,0.482625,1,PCM_16,c962ab037523b7b9117177962e2de090cc513c43cb6cc86a104be763b94ce6d3,True,True,
5_theo_36.wav,data/fsdd/recordings/5_theo_36.wav,5,theo,36,8000,8201,1.025125,1,PCM_16,a9b078f9406ee0bd907a8085367ad1da5ac29c19e6f637a042e3b64572726c6c,True,True,
5_theo_37.wav,data/fsdd/recordings/5_theo_37.wav,5,theo,37,8000,2917,0.364625,1,PCM_16,2d021a6289e63fc435e96db951837e43c767fccfd8cc240a699e67079e38891c,True,True,
5_theo_38.wav,data/fsdd/recordings/5_theo_38.wav,5,theo,38,8000,2045,0.255625,1,PCM_16,dd1fa45be8cab52fe3010053d8de7d8766c8fb40f9fe019d989209a55e077b3c,True,True,
5_theo_39.wav,data/fsdd/recordings/5_theo_39.wav,5,theo,39,8000,2817,0.352125,1,PCM_16,ea43dd216d2ec1f48ba3c792cc004c9d0d5d3c756bb60bdb9f029eb825b1ab91,True,True,
5_theo_4.wav,data/fsdd/recordings/5_theo_4.wav,5,theo,4,8000,2267,0.283375,1,PCM_16,441953a106229c375dfaf465d5be820d652025823b4740bb92246c05875fd542,True,True,
5_theo_40.wav,data/fsdd/recordings/5_theo_40.wav,5,theo,40,8000,2728,0.341,1,PCM_16,d7f3e3e36fa49507bc53ca7c622b7ef33fc09ebf8e699ea47296d423d235e066,True,True,
5_theo_41.wav,data/fsdd/recordings/5_theo_41.wav,5,theo,41,8000,2277,0.284625,1,PCM_16,8f533a99db28fd7501b031e6601ee070ef1589b6250af5cfddd46afc2e4b535e,True,True,
5_theo_42.wav,data/fsdd/recordings/5_theo_42.wav,5,theo,42,8000,3087,0.385875,1,PCM_16,ee4023c590194222c85e8ee4577d233fd10018ad5eb991d66bcc1b5681deea3a,True,True,
5_theo_43.wav,data/fsdd/recordings/5_theo_43.wav,5,theo,43,8000,3100,0.3875,1,PCM_16,aceebb289af0a3c42b85f7e344570e71f5f6d94c925a8dc38f88f1fd34037ff5,True,True,
5_theo_44.wav,data/fsdd/recordings/5_theo_44.wav,5,theo,44,8000,3306,0.41325,1,PCM_16,934d5a3a1ca5f24183b238dde37f9c098de3ca3490efe6aac16cb5a0377b560e,True,True,
5_theo_45.wav,data/fsdd/recordings/5_theo_45.wav,5,theo,45,8000,3389,0.423625,1,PCM_16,69f9d5c2cfe0e74eb407b282f1955b512c42b94f067a51bff81e068278d3a19f,True,True,
5_theo_46.wav,data/fsdd/recordings/5_theo_46.wav,5,theo,46,8000,3273,0.409125,1,PCM_16,d1d9b7069750331d8beb07842b03c9f65b9213ca767d5bfee19f57900b1fc3f6,True,True,
5_theo_47.wav,data/fsdd/recordings/5_theo_47.wav,5,theo,47,8000,3165,0.395625,1,PCM_16,ebf39dcad2c9aa4e1d9a9cca717844e8491f5006b63d98fdb9922c51428799e2,True,True,
5_theo_48.wav,data/fsdd/recordings/5_theo_48.wav,5,theo,48,8000,3248,0.406,1,PCM_16,4e91c50803430ba0c585723d32847bd13864dce8d9177425df68390fa38853c4,True,True,
5_theo_49.wav,data/fsdd/recordings/5_theo_49.wav,5,theo,49,8000,3611,0.451375,1,PCM_16,234a1277d6317e3e8814f9c1787981f684126894852fd29604943328d95dce7a,True,True,
5_theo_5.wav,data/fsdd/recordings/5_theo_5.wav,5,theo,5,8000,2587,0.323375,1,PCM_16,6c4edcd73c0c61583b7495438f96cd4709bdb80ff959d680d16f8151b006edcc,True,True,
5_theo_6.wav,data/fsdd/recordings/5_theo_6.wav,5,theo,6,8000,2207,0.275875,1,PCM_16,4c19462907227de1c9d293c471c3264852f4209c1c07c8ed2748fcb76bb685b9,True,True,
5_theo_7.wav,data/fsdd/recordings/5_theo_7.wav,5,theo,7,8000,3031,0.378875,1,PCM_16,66947b9a4be23aa8eb000ee7e61d2d2a406d7e88ca9f5ea00ad5d61e974d52d8,True,True,
5_theo_8.wav,data/fsdd/recordings/5_theo_8.wav,5,theo,8,8000,2720,0.34,1,PCM_16,5a6e6f08b98ba24f1f35f3a248c0114ac09f94fb004a44b47f189ca2f1dc97d2,True,True,
5_theo_9.wav,data/fsdd/recordings/5_theo_9.wav,5,theo,9,8000,2553,0.319125,1,PCM_16,bf2189763a4a987c7b7c3cb3a17bed9c2a4bd10ffe09572d3f6eea7ecfd3f64f,True,True,
5_yweweler_0.wav,data/fsdd/recordings/5_yweweler_0.wav,5,yweweler,0,8000,2425,0.303125,1,PCM_16,8850c7830e4a4427c1c53c6f4dad91debc90ec08f9ac104621d66e684a7cae76,True,True,
5_yweweler_1.wav,data/fsdd/recordings/5_yweweler_1.wav,5,yweweler,1,8000,3347,0.418375,1,PCM_16,5a18e46d445447169aa456a8577ad627be6dd12cd3d3788da7b8dde094cc9d94,True,True,
5_yweweler_10.wav,data/fsdd/recordings/5_yweweler_10.wav,5,yweweler,10,8000,4048,0.506,1,PCM_16,e480519936a163af7791dcd2263314671400bdcfc6cc402d7756ead85a6e14c2,True,True,
5_yweweler_11.wav,data/fsdd/recordings/5_yweweler_11.wav,5,yweweler,11,8000,4072,0.509,1,PCM_16,913ab9492ae8de9690bb17e369a4d12b69381118a3a4f2f08cbdd446678398dc,True,True,
5_yweweler_12.wav,data/fsdd/recordings/5_yweweler_12.wav,5,yweweler,12,8000,3537,0.442125,1,PCM_16,33f9a385ca08792c1bfdaadc4ca04c8645d6275255a7faa9a3abc0c278bf0f85,True,True,
5_yweweler_13.wav,data/fsdd/recordings/5_yweweler_13.wav,5,yweweler,13,8000,3080,0.385,1,PCM_16,b654e188c56ca35eb368c856b9c81caeff551278440f892cf0a9c7a2b71351aa,True,True,
5_yweweler_14.wav,data/fsdd/recordings/5_yweweler_14.wav,5,yweweler,14,8000,3951,0.493875,1,PCM_16,a653c05239a4be9480be75c0b857567ffad58a56880a9b457c1ec59107e54437,True,True,
5_yweweler_15.wav,data/fsdd/recordings/5_yweweler_15.wav,5,yweweler,15,8000,4003,0.500375,1,PCM_16,bd8bac260404b65c4185f9303f81ce84c075e9ca496e58ad75250c3636f51d49,True,True,
5_yweweler_16.wav,data/fsdd/recordings/5_yweweler_16.wav,5,yweweler,16,8000,3990,0.49875,1,PCM_16,c8317cfd2088ec7bf649b6f3a3d96c117eb5d95afbf18a0366be761c5def6283,True,True,
5_yweweler_17.wav,data/fsdd/recordings/5_yweweler_17.wav,5,yweweler,17,8000,2257,0.282125,1,PCM_16,c067d8f5f8bdb1eed35ddbe2dc2b486d07f3f52c4c40b35c8a5b5e542ba0828c,True,True,
5_yweweler_18.wav,data/fsdd/recordings/5_yweweler_18.wav,5,yweweler,18,8000,2348,0.2935,1,PCM_16,c330ef4e1d32d2f524cb9bbeb9a15499250fbfb890df0b2cd74e1523dcc9e749,True,True,
5_yweweler_19.wav,data/fsdd/recordings/5_yweweler_19.wav,5,yweweler,19,8000,3179,0.397375,1,PCM_16,ad810b4b159afbd42f3678b1287149c7c2ee26d40b51cb63259770a7ecebc633,True,True,
5_yweweler_2.wav,data/fsdd/recordings/5_yweweler_2.wav,5,yweweler,2,8000,3114,0.38925,1,PCM_16,70999e729076a542e084b1f9b753ce88907e632029d373e122d11a17c48cc0ae,True,True,
5_yweweler_20.wav,data/fsdd/recordings/5_yweweler_20.wav,5,yweweler,20,8000,3634,0.45425,1,PCM_16,a0dd9d49c6e2d16f86e6d2f21405f06331f496f41956851eb48f740865b76cca,True,True,
5_yweweler_21.wav,data/fsdd/recordings/5_yweweler_21.wav,5,yweweler,21,8000,4186,0.52325,1,PCM_16,3bb0d4ce49928b8ff64e80460d304d0d92199f3038c15aff37708a31c07f4f3f,True,True,
5_yweweler_22.wav,data/fsdd/recordings/5_yweweler_22.wav,5,yweweler,22,8000,4174,0.52175,1,PCM_16,5b6bbb48d36fd6f961141df7c2063ea369759c5c2a2075e19ae928b8ab5c929c,True,True,
5_yweweler_23.wav,data/fsdd/recordings/5_yweweler_23.wav,5,yweweler,23,8000,3658,0.45725,1,PCM_16,6449471dab34a4fe40d046b0289717f6a1716ac9cd21dbf7a42806a8a4b54bfc,True,True,
5_yweweler_24.wav,data/fsdd/recordings/5_yweweler_24.wav,5,yweweler,24,8000,3274,0.40925,1,PCM_16,d997bff4798b0503efd4c82d0b99577770d82d18697527b3b274ec9c52101849,True,True,
5_yweweler_25.wav,data/fsdd/recordings/5_yweweler_25.wav,5,yweweler,25,8000,4252,0.5315,1,PCM_16,5bf1ec7191f0ef9bee52c2a735236b2cebff977c44049868606a4696c353a12f,True,True,
5_yweweler_26.wav,data/fsdd/recordings/5_yweweler_26.wav,5,yweweler,26,8000,3249,0.406125,1,PCM_16,fa318d559851558d70cf19aa60c08242b1287b93c2b5d6b57b6b15e221e0d6e6,True,True,
5_yweweler_27.wav,data/fsdd/recordings/5_yweweler_27.wav,5,yweweler,27,8000,3615,0.451875,1,PCM_16,0b99dd6696a7564eaab4dafad9f6eee9aa19015e6a9687f1033183cbf72b1ce7,True,True,
5_yweweler_28.wav,data/fsdd/recordings/5_yweweler_28.wav,5,yweweler,28,8000,4005,0.500625,1,PCM_16,694ac09ffcadd81bac963e97ac1442df2a25630fca9663638019f17f8a5d6931,True,True,
5_yweweler_29.wav,data/fsdd/recordings/5_yweweler_29.wav,5,yweweler,29,8000,3877,0.484625,1,PCM_16,c1b91417e117679e8211129c0d375adbcbb9b132497ed403673ddaa6a74bb769,True,True,
5_yweweler_3.wav,data/fsdd/recordings/5_yweweler_3.wav,5,yweweler,3,8000,3327,0.415875,1,PCM_16,0508ac7bea35a189194bd4edd45f727be1667116535efeeecebecebb92c1a7cb,True,True,
5_yweweler_30.wav,data/fsdd/recordings/5_yweweler_30.wav,5,yweweler,30,8000,3331,0.416375,1,PCM_16,ce04c508488a4b223c2669d438bf8d18d98aa110aa60ee11c90c22d62348aec3,True,True,
5_yweweler_31.wav,data/fsdd/recordings/5_yweweler_31.wav,5,yweweler,31,8000,3997,0.499625,1,PCM_16,81e910bb0fd33aeac6a9f15be3ae60501b889e3b06baf710a667469d6adf8e7d,True,True,
5_yweweler_32.wav,data/fsdd/recordings/5_yweweler_32.wav,5,yweweler,32,8000,4635,0.579375,1,PCM_16,5e703878cfb74610248a5458c759ac0973e8adf2d98f0fe21bef15fd124752bc,True,True,
5_yweweler_33.wav,data/fsdd/recordings/5_yweweler_33.wav,5,yweweler,33,8000,3399,0.424875,1,PCM_16,a650fa3b73168a6b123c4b6c320877381b262468b622d87e1b1892200bfa8516,True,True,
5_yweweler_34.wav,data/fsdd/recordings/5_yweweler_34.wav,5,yweweler,34,8000,5139,0.642375,1,PCM_16,a7b8b235d90129e7f1b1e19cc16e2a2867c3dc87ec0cceabdb82bc1a5d43a404,True,True,
5_yweweler_35.wav,data/fsdd/recordings/5_yweweler_35.wav,5,yweweler,35,8000,3663,0.457875,1,PCM_16,f6b825f2cb13b677fab51aca0fe786227c7cb3ed9592372dfdf81c9c09009928,True,True,
5_yweweler_36.wav,data/fsdd/recordings/5_yweweler_36.wav,5,yweweler,36,8000,3768,0.471,1,PCM_16,04b7c47c89ee7b7c222e426cf86e5c56c8445ec4403b6b08fb26ab10722ec87b,True,True,
5_yweweler_37.wav,data/fsdd/recordings/5_yweweler_37.wav,5,yweweler,37,8000,3961,0.495125,1,PCM_16,2986c4decff3e938b7d066cc14d19375589326dff7cba790507833f7f73555c6,True,True,
5_yweweler_38.wav,data/fsdd/recordings/5_yweweler_38.wav,5,yweweler,38,8000,4468,0.5585,1,PCM_16,b204b01b1791dad5815138fcab3c797bb4fed49cba7cca51f88857a4cefec0d0,True,True,
5_yweweler_39.wav,data/fsdd/recordings/5_yweweler_39.wav,5,yweweler,39,8000,3447,0.430875,1,PCM_16,70480b25a50f788f379424f9aa52ff417fb65d21b9f0f565edfca2f45de68eaf,True,True,
5_yweweler_4.wav,data/fsdd/recordings/5_yweweler_4.wav,5,yweweler,4,8000,4008,0.501,1,PCM_16,0ab511a804114a052e395aa92a15d4cd8b3e99e584a98403b095da54a98af91c,True,True,
5_yweweler_40.wav,data/fsdd/recordings/5_yweweler_40.wav,5,yweweler,40,8000,5470,0.68375,1,PCM_16,58cf9c6bf6894422d01c4720ce8e7f8978fe8e10c5cd5b8565c8f72e5e132cb7,True,True,
5_yweweler_41.wav,data/fsdd/recordings/5_yweweler_41.wav,5,yweweler,41,8000,3980,0.4975,1,PCM_16,1fc04dbd2871db4d1d2d60b3b4c28fe725ddbefc7b4ba6e1cc28eb9a514172ac,True,True,
5_yweweler_42.wav,data/fsdd/recordings/5_yweweler_42.wav,5,yweweler,42,8000,3776,0.472,1,PCM_16,560651cc8a8151341255dc151a99fec6ec922def7cd594336220f034573ff93b,True,True,
5_yweweler_43.wav,data/fsdd/recordings/5_yweweler_43.wav,5,yweweler,43,8000,3763,0.470375,1,PCM_16,285ceeba366b10bb211278cd848b014bb65a95ea27d966ee355cd344b4317f80,True,True,
5_yweweler_44.wav,data/fsdd/recordings/5_yweweler_44.wav,5,yweweler,44,8000,3642,0.45525,1,PCM_16,4e6ab5002b5265d771093e070223882aa442e38b387407f43d904d84bf9e5281,True,True,
5_yweweler_45.wav,data/fsdd/recordings/5_yweweler_45.wav,5,yweweler,45,8000,2974,0.37175,1,PCM_16,76daedeb4fdd2e568147a5329220333361b43384153a2d2d2138457dea418692,True,True,
5_yweweler_46.wav,data/fsdd/recordings/5_yweweler_46.wav,5,yweweler,46,8000,4111,0.513875,1,PCM_16,b37ff9b24bc8f1c59247f867f92b28a942a2c5aaaaf02230b398b34921f6dfc9,True,True,
5_yweweler_47.wav,data/fsdd/recordings/5_yweweler_47.wav,5,yweweler,47,8000,3813,0.476625,1,PCM_16,a13dd6d926591f6d5bdb97b87eb09c351b5e35070da843e0844609aa05f49639,True,True,
5_yweweler_48.wav,data/fsdd/recordings/5_yweweler_48.wav,5,yweweler,48,8000,3986,0.49825,1,PCM_16,9cc963c3c0fe419ad137839955b629b27abf8c4150bb8e98fbc145c82dd6fffd,True,True,
5_yweweler_49.wav,data/fsdd/recordings/5_yweweler_49.wav,5,yweweler,49,8000,3783,0.472875,1,PCM_16,eb2bf68627712ebc0c7e3283954607ee4b076f31ae3a04735606998a8e1195cd,True,True,
5_yweweler_5.wav,data/fsdd/recordings/5_yweweler_5.wav,5,yweweler,5,8000,3018,0.37725,1,PCM_16,bc229d56b86e0e1c09dbd83458807f2c887213396828b62402476d5a392c660a,True,True,
5_yweweler_6.wav,data/fsdd/recordings/5_yweweler_6.wav,5,yweweler,6,8000,2657,0.332125,1,PCM_16,961d5cca26f0fc71fb95a98d10adcf9ef399ae7c5f1b767756bf8bc9b7e74b52,True,True,
5_yweweler_7.wav,data/fsdd/recordings/5_yweweler_7.wav,5,yweweler,7,8000,3670,0.45875,1,PCM_16,38286792e989ae580d1917fd12c868d42fab2178a565afd3c3fb11e95194006e,True,True,
5_yweweler_8.wav,data/fsdd/recordings/5_yweweler_8.wav,5,yweweler,8,8000,3519,0.439875,1,PCM_16,a2b950ca584ff034306330edeca6284037b730a5cd82a2ed593c81875a49a88b,True,True,
5_yweweler_9.wav,data/fsdd/recordings/5_yweweler_9.wav,5,yweweler,9,8000,4213,0.526625,1,PCM_16,d79cdc0eac58bd0a3e52644e3ef0341872d692674b08773a4fc32c2ae6f5f598,True,True,
6_george_0.wav,data/fsdd/recordings/6_george_0.wav,6,george,0,8000,4155,0.519375,1,PCM_16,a5afa6e3dad8290335c2883434d51f45d425fe33d545d784c21f1f677712abbb,True,True,
6_george_1.wav,data/fsdd/recordings/6_george_1.wav,6,george,1,8000,3746,0.46825,1,PCM_16,7084ce484c7390bbf565b2f36ae0feea079a4cffec18ddbcc39f5a60fd4624aa,True,True,
6_george_10.wav,data/fsdd/recordings/6_george_10.wav,6,george,10,8000,3355,0.419375,1,PCM_16,07569170d0c819d847264f6fbf4c8bae268f70cc8ed01a0ad55d2fef11982ab8,True,True,
6_george_11.wav,data/fsdd/recordings/6_george_11.wav,6,george,11,8000,3016,0.377,1,PCM_16,a1089f2db890be044a91b3c7508db668f51468d1d6a2d88196482d8a2dbaca13,True,True,
6_george_12.wav,data/fsdd/recordings/6_george_12.wav,6,george,12,8000,5020,0.6275,1,PCM_16,a3100531769b5facf46c4f1623a3296fbb9214066d6027bb9eb4f02bf3a65e1e,True,True,
6_george_13.wav,data/fsdd/recordings/6_george_13.wav,6,george,13,8000,3343,0.417875,1,PCM_16,8342192abb5e7f04cbc6e7b670f873de01048ccc8c9e47cafbe595248658df02,True,True,
6_george_14.wav,data/fsdd/recordings/6_george_14.wav,6,george,14,8000,3472,0.434,1,PCM_16,dd133f8a25b43394770ecf9867a7326d3da1376559495fa5ce7b7327a227f071,True,True,
6_george_15.wav,data/fsdd/recordings/6_george_15.wav,6,george,15,8000,3243,0.405375,1,PCM_16,0669420ef837b0d3a1a12faa64501204c3a2fbb5ee10671f2cd941cfa0722df6,True,True,
6_george_16.wav,data/fsdd/recordings/6_george_16.wav,6,george,16,8000,3708,0.4635,1,PCM_16,4b8bb333f42e51286089a40cb1d1ac00284007ddc93728cd3495fba877ccd575,True,True,
6_george_17.wav,data/fsdd/recordings/6_george_17.wav,6,george,17,8000,3340,0.4175,1,PCM_16,6a890e02f00b0a69feeabeae9a2a849e7072b1a54bc574115bdac6a1c94e0846,True,True,
6_george_18.wav,data/fsdd/recordings/6_george_18.wav,6,george,18,8000,3125,0.390625,1,PCM_16,ab0cca542aa592ba64eef351f20e6b34023380499b9284da448858f765ae7907,True,True,
6_george_19.wav,data/fsdd/recordings/6_george_19.wav,6,george,19,8000,1761,0.220125,1,PCM_16,726f7802cf853ad69d6c217108685c8ce98334630cfd545807623e18cb452d7d,True,True,
6_george_2.wav,data/fsdd/recordings/6_george_2.wav,6,george,2,8000,4505,0.563125,1,PCM_16,9f0515bd68c114e66bb1210fcdd5f78081076ee8d7f67995e763e46fac39b73a,True,True,
6_george_20.wav,data/fsdd/recordings/6_george_20.wav,6,george,20,8000,3529,0.441125,1,PCM_16,cbc28e45e3e4cda904abe5e393f7f62b891816c8c88234ba73ec571c257c4d45,True,True,
6_george_21.wav,data/fsdd/recordings/6_george_21.wav,6,george,21,8000,2551,0.318875,1,PCM_16,8cf9ac96099e48b62bea759969b115de64527d99c96df1656ad91dcf1107f1c5,True,True,
6_george_22.wav,data/fsdd/recordings/6_george_22.wav,6,george,22,8000,3153,0.394125,1,PCM_16,96cc61b79535ce1de133818f86b6d876f5a16af2183fd4518c5d0e6ccdb049bc,True,True,
6_george_23.wav,data/fsdd/recordings/6_george_23.wav,6,george,23,8000,3793,0.474125,1,PCM_16,b26e3f748f3859f8620fcafd8d12df31ae35a928fe6002fa61dd602930b644e1,True,True,
6_george_24.wav,data/fsdd/recordings/6_george_24.wav,6,george,24,8000,3188,0.3985,1,PCM_16,2366bac50e9b9edbad74c77e1f75f545f12d1332781042170671b643726eee23,True,True,
6_george_25.wav,data/fsdd/recordings/6_george_25.wav,6,george,25,8000,3801,0.475125,1,PCM_16,5606d4f37ef53790438b9161565a0e673f012580baf8717d03b55042d308e2e2,True,True,
6_george_26.wav,data/fsdd/recordings/6_george_26.wav,6,george,26,8000,3164,0.3955,1,PCM_16,e49be0e8417f2b3fce06b400b511511c32097b5114ead4a48b7b6e47f930752d,True,True,
6_george_27.wav,data/fsdd/recordings/6_george_27.wav,6,george,27,8000,3606,0.45075,1,PCM_16,e48a7c8cfaee5c90183ddc6c69e7572916ef8dc2522696057acc9f2fd81551c4,True,True,
6_george_28.wav,data/fsdd/recordings/6_george_28.wav,6,george,28,8000,3466,0.43325,1,PCM_16,c40b08f77d3375b0c02f1df0719dd59b63e27dd60a95f9c86ae0946cf33d00cb,True,True,
6_george_29.wav,data/fsdd/recordings/6_george_29.wav,6,george,29,8000,3157,0.394625,1,PCM_16,0a193ff37c50d17bdb4b8101fb0e576b5bcddc839891d5cbefcef7f0d3795be6,True,True,
6_george_3.wav,data/fsdd/recordings/6_george_3.wav,6,george,3,8000,4680,0.585,1,PCM_16,433f888566dd21030da6eaa334b627b7923c8a686000650bab484b161486c61e,True,True,
6_george_30.wav,data/fsdd/recordings/6_george_30.wav,6,george,30,8000,2422,0.30275,1,PCM_16,27905d5bc9fffdaee560738e8e466f934c2b5e77edc6188baed66fb7be78736b,True,True,
6_george_31.wav,data/fsdd/recordings/6_george_31.wav,6,george,31,8000,2582,0.32275,1,PCM_16,186c0038bfc8a14744f1ad30f5691a57d3945ca82bc8ecdc765c4acdd5e979a1,True,True,
6_george_32.wav,data/fsdd/recordings/6_george_32.wav,6,george,32,8000,2932,0.3665,1,PCM_16,88747efe25b8f7186a52c3352c4c58dfe4036353645cda781660ac0aebe25b27,True,True,
6_george_33.wav,data/fsdd/recordings/6_george_33.wav,6,george,33,8000,2803,0.350375,1,PCM_16,2389091ebae4250fd61606a3fca9a841c3a4d9b7f76dcbbde579e5a590bccb7f,True,True,
6_george_34.wav,data/fsdd/recordings/6_george_34.wav,6,george,34,8000,2342,0.29275,1,PCM_16,d4d16a8fb3739faa0bd84e2174d939ef8434daa9a4d9cfeb2d9e3e06a3a495ba,True,True,
6_george_35.wav,data/fsdd/recordings/6_george_35.wav,6,george,35,8000,4175,0.521875,1,PCM_16,d8a779918d0e1084a1439a66c0385d7a07bbac254bd38f15c78a58006e4e8871,True,True,
6_george_36.wav,data/fsdd/recordings/6_george_36.wav,6,george,36,8000,2230,0.27875,1,PCM_16,8b22d48fe92827de4e6d7193d5c55f10519989a1011f60192a07a1910f82a7cf,True,True,
6_george_37.wav,data/fsdd/recordings/6_george_37.wav,6,george,37,8000,2791,0.348875,1,PCM_16,b05f61502f4308c8f988bedf492ea7a6c3eda4fde6799fd2dc264ab57c3c2c7e,True,True,
6_george_38.wav,data/fsdd/recordings/6_george_38.wav,6,george,38,8000,2983,0.372875,1,PCM_16,6bf1568277e857922da2af1722508b1b1bb7d7497472cfc5fe1e231335c0ba4c,True,True,
6_george_39.wav,data/fsdd/recordings/6_george_39.wav,6,george,39,8000,3531,0.441375,1,PCM_16,7fa362186c17ce0fc4c044a747e2bb3ab900cd6470b351e2402e3c04f112ec05,True,True,
6_george_4.wav,data/fsdd/recordings/6_george_4.wav,6,george,4,8000,4419,0.552375,1,PCM_16,9c170bcb333127b0346d2be87775c047c4fbe4443e9f2e299f6444f58e0aead4,True,True,
6_george_40.wav,data/fsdd/recordings/6_george_40.wav,6,george,40,8000,3307,0.413375,1,PCM_16,8ab31b4576fcd76a45bd7dbcef76b7b2d28ae4060591da498d785cd770e89893,True,True,
6_george_41.wav,data/fsdd/recordings/6_george_41.wav,6,george,41,8000,3022,0.37775,1,PCM_16,7fbdffdba0ad51012967ced5f349cb62a53f8af35bdd9ab87d9830a3f1935de7,True,True,
6_george_42.wav,data/fsdd/recordings/6_george_42.wav,6,george,42,8000,3223,0.402875,1,PCM_16,13dc76712a368694b47793b99f1fc9d70ccda160c233c063d4a8f6acd39b33f7,True,True,
6_george_43.wav,data/fsdd/recordings/6_george_43.wav,6,george,43,8000,2883,0.360375,1,PCM_16,e520b795dd59dfeb623755146b5810d9f91d2d68f70204d5a3b40621e1ad7964,True,True,
6_george_44.wav,data/fsdd/recordings/6_george_44.wav,6,george,44,8000,2875,0.359375,1,PCM_16,dfd5c83ee938b9c849fc9f6474062c67c80d381d8f54f64b519ddbca2e971c69,True,True,
6_george_45.wav,data/fsdd/recordings/6_george_45.wav,6,george,45,8000,3854,0.48175,1,PCM_16,80996171b943229e78302aa304d2b1387e43dde544414e9ec63ed8e517cb945d,True,True,
6_george_46.wav,data/fsdd/recordings/6_george_46.wav,6,george,46,8000,3398,0.42475,1,PCM_16,24a3295bc6f99ecb0c2fc52af94080da7d817d71b3bed657821892dd575a9928,True,True,
6_george_47.wav,data/fsdd/recordings/6_george_47.wav,6,george,47,8000,2752,0.344,1,PCM_16,8e82e6fd962e2dde060025ca15f243678a973ca3e8cd6b5e0b3a1b26dcdec5db,True,True,
6_george_48.wav,data/fsdd/recordings/6_george_48.wav,6,george,48,8000,2711,0.338875,1,PCM_16,b5cb56ae38cc3197d5b4ed8cb765e50211ede286d320a8af92f959fa68a3a5b5,True,True,
6_george_49.wav,data/fsdd/recordings/6_george_49.wav,6,george,49,8000,3424,0.428,1,PCM_16,6bdb43d867571c8be33c8bb72f7bbb355b03899af39a0d16749e06444f880b81,True,True,
6_george_5.wav,data/fsdd/recordings/6_george_5.wav,6,george,5,8000,4395,0.549375,1,PCM_16,303339bda1b823f69de99c51af7fb9668bf63180f83b026df7f32238328e943a,True,True,
6_george_6.wav,data/fsdd/recordings/6_george_6.wav,6,george,6,8000,4499,0.562375,1,PCM_16,8c4477922d1788bac5a7fd2cfc8054a2372da351cad30d8c23e8bdc140ca10a1,True,True,
6_george_7.wav,data/fsdd/recordings/6_george_7.wav,6,george,7,8000,4450,0.55625,1,PCM_16,ec9a6039ee7eafb98e38d5b4f929a82b4e85049d04d28e131692127c873e8174,True,True,
6_george_8.wav,data/fsdd/recordings/6_george_8.wav,6,george,8,8000,4502,0.56275,1,PCM_16,c877a6ba9c83305965480657ecaa121ab86fa069db3723eaa251d5ab8dc0a1e6,True,True,
6_george_9.wav,data/fsdd/recordings/6_george_9.wav,6,george,9,8000,4720,0.59,1,PCM_16,4a00c1d8f1d88c9a64dedfd9e4f3c94185f797260707627d178633c1a18b4ccb,True,True,
6_jackson_0.wav,data/fsdd/recordings/6_jackson_0.wav,6,jackson,0,8000,6623,0.827875,1,PCM_16,fe7705fdfaddc378d72c479664ab8aacd53fa78a99c3d130ad74b1ff40212595,True,True,
6_jackson_1.wav,data/fsdd/recordings/6_jackson_1.wav,6,jackson,1,8000,5145,0.643125,1,PCM_16,3e63d1e2c56aa8190a04a854e534dce2f6a02bed0166a3a53830d480d76661f2,True,True,
6_jackson_10.wav,data/fsdd/recordings/6_jackson_10.wav,6,jackson,10,8000,6845,0.855625,1,PCM_16,d7c0dd1105ab51a3ff598e570d7d2ebe5b2d56278c026c1d86c00b147538c378,True,True,
6_jackson_11.wav,data/fsdd/recordings/6_jackson_11.wav,6,jackson,11,8000,6923,0.865375,1,PCM_16,33ec8f86fc0f583cbdc07b5666976d2e185c7be1f4fcf97fad023c733a1b8b6f,True,True,
6_jackson_12.wav,data/fsdd/recordings/6_jackson_12.wav,6,jackson,12,8000,6884,0.8605,1,PCM_16,1dcbd9133b026f27b5ffeae32e5f2ad34723e27b99747f294fce4958fcce3239,True,True,
6_jackson_13.wav,data/fsdd/recordings/6_jackson_13.wav,6,jackson,13,8000,5696,0.712,1,PCM_16,614c74eb8c85988431a981a664b48ae9fa9c714ec4209c6355bb7ab3f27b419b,True,True,
6_jackson_14.wav,data/fsdd/recordings/6_jackson_14.wav,6,jackson,14,8000,6122,0.76525,1,PCM_16,fcda971e074f004b9deeeeb3bc899968e06fe102513636f79ddea217a4933fa1,True,True,
6_jackson_15.wav,data/fsdd/recordings/6_jackson_15.wav,6,jackson,15,8000,7038,0.87975,1,PCM_16,b6fefa25ded742fa77a9ad8135e568bb7ab7ef0e73719ae3a77169df20a7afbb,True,True,
6_jackson_16.wav,data/fsdd/recordings/6_jackson_16.wav,6,jackson,16,8000,5807,0.725875,1,PCM_16,4dd726fb2c0bc9ff3c31136b4b4486c759a0683d901095c4e25b0448d90becd1,True,True,
6_jackson_17.wav,data/fsdd/recordings/6_jackson_17.wav,6,jackson,17,8000,5888,0.736,1,PCM_16,da396d954bdb83c261ec6290d8e208cd6677ded770e5e7ffd2295e1f5a46df94,True,True,
6_jackson_18.wav,data/fsdd/recordings/6_jackson_18.wav,6,jackson,18,8000,6883,0.860375,1,PCM_16,e6fc4d72de4e6de9940bb4a74d215ff9e14344c472ebb0680b7c5627bddc1727,True,True,
6_jackson_19.wav,data/fsdd/recordings/6_jackson_19.wav,6,jackson,19,8000,5540,0.6925,1,PCM_16,99104dfea5ce061743957075da9b18b1baa872635ee9bb106c86c0ef7c740edd,True,True,
6_jackson_2.wav,data/fsdd/recordings/6_jackson_2.wav,6,jackson,2,8000,5064,0.633,1,PCM_16,dd156ce9bb3184f37a14c4b5a6ca523e1785fcbc6cda5d760cebc27cafed7659,True,True,
6_jackson_20.wav,data/fsdd/recordings/6_jackson_20.wav,6,jackson,20,8000,5517,0.689625,1,PCM_16,82ec91fea617fa94c30142ab277e43283102173ace494fa078a22192fdccae56,True,True,
6_jackson_21.wav,data/fsdd/recordings/6_jackson_21.wav,6,jackson,21,8000,6368,0.796,1,PCM_16,65c38ab1ad076288535be9f3f5a4abea8c0869feadcf4f40090fe2565ff509bd,True,True,
6_jackson_22.wav,data/fsdd/recordings/6_jackson_22.wav,6,jackson,22,8000,5718,0.71475,1,PCM_16,add69046af4b663cdba69c027a2b5c584da1c36d2560958e43d48b172dd10b0a,True,True,
6_jackson_23.wav,data/fsdd/recordings/6_jackson_23.wav,6,jackson,23,8000,6546,0.81825,1,PCM_16,aa213b4fe6cd07f74188c9dd9433d7522a8479022a9a862e3b1b8802cde26410,True,True,
6_jackson_24.wav,data/fsdd/recordings/6_jackson_24.wav,6,jackson,24,8000,5798,0.72475,1,PCM_16,868b7bb00b7898d30e586a8eb55dd688899efb9107ea78dc46591de7b48b5b76,True,True,
6_jackson_25.wav,data/fsdd/recordings/6_jackson_25.wav,6,jackson,25,8000,6325,0.790625,1,PCM_16,de51b31a6d256bd42ac2f740e1473e324ab2ede1907b049745f12f5b199046d6,True,True,
6_jackson_26.wav,data/fsdd/recordings/6_jackson_26.wav,6,jackson,26,8000,5738,0.71725,1,PCM_16,41c13ad2985ce4734c09c1780c2b8ebb0182a601e8e59be1cb2c509341cc4c77,True,True,
6_jackson_27.wav,data/fsdd/recordings/6_jackson_27.wav,6,jackson,27,8000,6454,0.80675,1,PCM_16,824b8ade1f3889c12608a5ca281beb22b452e674242016cf2322611763318f04,True,True,
6_jackson_28.wav,data/fsdd/recordings/6_jackson_28.wav,6,jackson,28,8000,5173,0.646625,1,PCM_16,7965eea8e160f93efe6927bc3638a0b8ce094536b7219a4d0c969a234c18890b,True,True,
6_jackson_29.wav,data/fsdd/recordings/6_jackson_29.wav,6,jackson,29,8000,4968,0.621,1,PCM_16,49e53c2f6d6c5e5b74831699ff4499311c952d00fa66c356ddcf68bfa851b7a9,True,True,
6_jackson_3.wav,data/fsdd/recordings/6_jackson_3.wav,6,jackson,3,8000,6925,0.865625,1,PCM_16,6ee9f8f6ec64e4369489aad98fd2738d1c27018b14a7d4fe91bf7e161e888456,True,True,
6_jackson_30.wav,data/fsdd/recordings/6_jackson_30.wav,6,jackson,30,8000,6370,0.79625,1,PCM_16,4119d69d9abace72674a82ef5c043172fc4ad369a6641bc3aaf4ee982dffe17c,True,True,
6_jackson_31.wav,data/fsdd/recordings/6_jackson_31.wav,6,jackson,31,8000,5071,0.633875,1,PCM_16,756e0b0363b8b798958ebd4d2cfceb2f6c76e175000ccc998bef4ea83893ea56,True,True,
6_jackson_32.wav,data/fsdd/recordings/6_jackson_32.wav,6,jackson,32,8000,6807,0.850875,1,PCM_16,8be4c38329625801d6d7b7b8cd2b19287d64e1c92239ab2a3a0070d67fcf1f98,True,True,
6_jackson_33.wav,data/fsdd/recordings/6_jackson_33.wav,6,jackson,33,8000,5092,0.6365,1,PCM_16,d2e1380fe91af4b13073d36b636629f36185862e49e71e20a810c4937c33ec50,True,True,
6_jackson_34.wav,data/fsdd/recordings/6_jackson_34.wav,6,jackson,34,8000,4607,0.575875,1,PCM_16,2864d3753ca6ce96cc155da908f8e02591c9d964d092cd668807002a9e7fea85,True,True,
6_jackson_35.wav,data/fsdd/recordings/6_jackson_35.wav,6,jackson,35,8000,5108,0.6385,1,PCM_16,f2b7019c6ee07851250e0c88f561305ebc283b1f7165977a9e2a89a36214c4dc,True,True,
6_jackson_36.wav,data/fsdd/recordings/6_jackson_36.wav,6,jackson,36,8000,4650,0.58125,1,PCM_16,8a7943941eac7f7097c9cbd7b6fad950cdc4ee26c0cc6fae03edd9ce87c5f776,True,True,
6_jackson_37.wav,data/fsdd/recordings/6_jackson_37.wav,6,jackson,37,8000,5639,0.704875,1,PCM_16,b40d69c271b4a5308ec914e7a5105cc8b104e777519482876d84eaa47ed780c5,True,True,
6_jackson_38.wav,data/fsdd/recordings/6_jackson_38.wav,6,jackson,38,8000,6039,0.754875,1,PCM_16,9d645f69d41cea9621452e2702ae68609e3418713f16861c406f4298e953b1b2,True,True,
6_jackson_39.wav,data/fsdd/recordings/6_jackson_39.wav,6,jackson,39,8000,5308,0.6635,1,PCM_16,b7ee978e9ae05ec0f5b02ee644bb91d4e5888b9c6729f0ed2a5d85e06ea3e179,True,True,
6_jackson_4.wav,data/fsdd/recordings/6_jackson_4.wav,6,jackson,4,8000,5035,0.629375,1,PCM_16,ab116bbde41fa87d82e3f5a12df560d235a2f54fb335a74703d5de1744bac144,True,True,
6_jackson_40.wav,data/fsdd/recordings/6_jackson_40.wav,6,jackson,40,8000,4687,0.585875,1,PCM_16,a753c34f38c0497ccad1432a0f7172baca3ed333f802f8b9c56dea584eae0497,True,True,
6_jackson_41.wav,data/fsdd/recordings/6_jackson_41.wav,6,jackson,41,8000,4503,0.562875,1,PCM_16,f110ab03a81731d3efc008cf6cad606f12d65bbdf4ab977bd8b35683d7b773ad,True,True,
6_jackson_42.wav,data/fsdd/recordings/6_jackson_42.wav,6,jackson,42,8000,4054,0.50675,1,PCM_16,94df4ea8ff530907a8430e153b35dee2c46879edd42413691381e8002ef58323,True,True,
6_jackson_43.wav,data/fsdd/recordings/6_jackson_43.wav,6,jackson,43,8000,5383,0.672875,1,PCM_16,83709ec331c2040662ad938d044fdec93608eab1087e5f81ca2ca4c76ff42263,True,True,
6_jackson_44.wav,data/fsdd/recordings/6_jackson_44.wav,6,jackson,44,8000,3936,0.492,1,PCM_16,32da370a9d81400d12c996a7c5c67a9acbcff8ed957bddd2e78f1efbb18c4f90,True,True,
6_jackson_45.wav,data/fsdd/recordings/6_jackson_45.wav,6,jackson,45,8000,4751,0.593875,1,PCM_16,2f9b0db79fe62b7a0f6ac8078bde87da807231d80569412dc96c9ea53e4f5bb4,True,True,
6_jackson_46.wav,data/fsdd/recordings/6_jackson_46.wav,6,jackson,46,8000,6344,0.793,1,PCM_16,42b2ab80d63a93d38afd6524f4aa523f8806cefb2800a99740675f520a3e0442,True,True,
6_jackson_47.wav,data/fsdd/recordings/6_jackson_47.wav,6,jackson,47,8000,5563,0.695375,1,PCM_16,293a98541cb7dabdc23c4139a22863425558a8cf3db73b25abcddb5570d5db45,True,True,
6_jackson_48.wav,data/fsdd/recordings/6_jackson_48.wav,6,jackson,48,8000,4330,0.54125,1,PCM_16,3f35a27b31f9c24a17e0b2aaa1dce3ff502c099d9d485646ed84acfe38e6b297,True,True,
6_jackson_49.wav,data/fsdd/recordings/6_jackson_49.wav,6,jackson,49,8000,5507,0.688375,1,PCM_16,bf006c6c52201d5289f7a7ec8f2b0302c2cda8689916ee7910e5f0da4207acc3,True,True,
6_jackson_5.wav,data/fsdd/recordings/6_jackson_5.wav,6,jackson,5,8000,5428,0.6785,1,PCM_16,f3eff4138b56c1fa374a83fe3ca337cf863ad96c9dd299f8952389b6de0c58fb,True,True,
6_jackson_6.wav,data/fsdd/recordings/6_jackson_6.wav,6,jackson,6,8000,6074,0.75925,1,PCM_16,e58b2ae0b7e8928e9a14a60c341ebc5c54c33887747d8a6055e1c2350714a8ae,True,True,
6_jackson_7.wav,data/fsdd/recordings/6_jackson_7.wav,6,jackson,7,8000,5087,0.635875,1,PCM_16,df22e0b95a3210a2ccf5c41a0d0884d705f25149fb4767a30875853dc5774fdb,True,True,
6_jackson_8.wav,data/fsdd/recordings/6_jackson_8.wav,6,jackson,8,8000,6625,0.828125,1,PCM_16,9d8ef7e082226bc6894d71462b22820409c497490d0b9cdafc807bb4dbdca72f,True,True,
6_jackson_9.wav,data/fsdd/recordings/6_jackson_9.wav,6,jackson,9,8000,6609,0.826125,1,PCM_16,c21423d9ed9e4152ffcdd948d66955d87fb3268ac0270812d3229ce92294ef47,True,True,
6_lucas_0.wav,data/fsdd/recordings/6_lucas_0.wav,6,lucas,0,8000,3876,0.4845,1,PCM_16,199e9f44ea8c5ce3556bb8bda78e831dccc383ee1acb4c5bc22531f67d79e968,True,True,
6_lucas_1.wav,data/fsdd/recordings/6_lucas_1.wav,6,lucas,1,8000,4978,0.62225,1,PCM_16,72cf6e1d443351eba90f5bd68b044ffbccc058f3cc8b5268020d2317a57b46c6,True,True,
6_lucas_10.wav,data/fsdd/recordings/6_lucas_10.wav,6,lucas,10,8000,4848,0.606,1,PCM_16,3c1b41a22df35f026706a0834ad8f630114c4f77e4b84caa9470c22dd2c8410f,True,True,
6_lucas_11.wav,data/fsdd/recordings/6_lucas_11.wav,6,lucas,11,8000,4476,0.5595,1,PCM_16,5e1506230ecfd4dbaa4741e82847655b91882201ce3279a9aa0c5f8564a1ad53,True,True,
6_lucas_12.wav,data/fsdd/recordings/6_lucas_12.wav,6,lucas,12,8000,3513,0.439125,1,PCM_16,55f387e7beebf74d13b223ca67f1600b196a877b2b4b607336a43f1450eba292,True,True,
6_lucas_13.wav,data/fsdd/recordings/6_lucas_13.wav,6,lucas,13,8000,4139,0.517375,1,PCM_16,6a9ac471f2735743b4b90ac0a7d399eddb46d7b81662544ca5ef1d56293d25ef,True,True,
6_lucas_14.wav,data/fsdd/recordings/6_lucas_14.wav,6,lucas,14,8000,4161,0.520125,1,PCM_16,1f60e2e1ac1baec0758727a002aeede76773dfe04c1ba0895e5c9653970ee4a7,True,True,
6_lucas_15.wav,data/fsdd/recordings/6_lucas_15.wav,6,lucas,15,8000,4574,0.57175,1,PCM_16,67470ccdff04d2f9342e8539a51e8d8c0ade073b35c098f3224efc2dab8736fc,True,True,
6_lucas_16.wav,data/fsdd/recordings/6_lucas_16.wav,6,lucas,16,8000,4935,0.616875,1,PCM_16,b2f90b1b3e73e019ba4836773cad573f542762a79d5685b98908abb2bd952757,True,True,
6_lucas_17.wav,data/fsdd/recordings/6_lucas_17.wav,6,lucas,17,8000,4646,0.58075,1,PCM_16,9c3c123cbb1caad6b2b240a4916d7950fde7c16a93dcd825825ec2605207ec42,True,True,
6_lucas_18.wav,data/fsdd/recordings/6_lucas_18.wav,6,lucas,18,8000,4812,0.6015,1,PCM_16,22794bd74dc68027708e379ab9b5b8209a3dcde001bb0a7a93357ffa8ba6d6c2,True,True,
6_lucas_19.wav,data/fsdd/recordings/6_lucas_19.wav,6,lucas,19,8000,4696,0.587,1,PCM_16,7f895d75168a3cc78a1f060185b2580f1ee2e985b2a0cfef489389aee0173d02,True,True,
6_lucas_2.wav,data/fsdd/recordings/6_lucas_2.wav,6,lucas,2,8000,3848,0.481,1,PCM_16,52d46dd2593c00827ccaa9c83fdf3e77eacfcd255a47e03da549cdd84ccc1abf,True,True,
6_lucas_20.wav,data/fsdd/recordings/6_lucas_20.wav,6,lucas,20,8000,3764,0.4705,1,PCM_16,4d39f8ab210063bc4ccff2387a9814229b331e6aa7b1604b09fe87d3d0735f2d,True,True,
6_lucas_21.wav,data/fsdd/recordings/6_lucas_21.wav,6,lucas,21,8000,5050,0.63125,1,PCM_16,f708ff20988c3b47163a3421add2358cf7be03bc8207810ce75a4e00bdf5e771,True,True,
6_lucas_22.wav,data/fsdd/recordings/6_lucas_22.wav,6,lucas,22,8000,7794,0.97425,1,PCM_16,e0b3bb76e3b21fbce2367f6cf6e03bb280ba5e929df9f7a6bd204520b4345833,True,True,
6_lucas_23.wav,data/fsdd/recordings/6_lucas_23.wav,6,lucas,23,8000,4370,0.54625,1,PCM_16,8bc6022d7add04dc0f7c1650bfede9294ad6c77f6997925370bee422035163b0,True,True,
6_lucas_24.wav,data/fsdd/recordings/6_lucas_24.wav,6,lucas,24,8000,4722,0.59025,1,PCM_16,bd68cf7bc8edd9f9d2502e85fe783fd3b83a8447b64f30f66308242e9d95e81f,True,True,
6_lucas_25.wav,data/fsdd/recordings/6_lucas_25.wav,6,lucas,25,8000,4103,0.512875,1,PCM_16,3f9c1d6db520fe70733f56781cc02c8896a617895163b034878865939bdc662e,True,True,
6_lucas_26.wav,data/fsdd/recordings/6_lucas_26.wav,6,lucas,26,8000,4838,0.60475,1,PCM_16,d4ebe28d71f4f231b6ae83d24a4424d0553ecdf4e4d5b0a45bcdcabec3022399,True,True,
6_lucas_27.wav,data/fsdd/recordings/6_lucas_27.wav,6,lucas,27,8000,3742,0.46775,1,PCM_16,e51636465e5deb7b736089b60698ecc3ebfe632471fc4e2e905f5f4aa19c98ac,True,True,
6_lucas_28.wav,data/fsdd/recordings/6_lucas_28.wav,6,lucas,28,8000,4070,0.50875,1,PCM_16,c5c5c7be029028f59cefabb2980c4b77655c84aa7e06352aa1de844f0a9ab906,True,True,
6_lucas_29.wav,data/fsdd/recordings/6_lucas_29.wav,6,lucas,29,8000,4596,0.5745,1,PCM_16,9a088f9d1dfefd8b3b8f5ecd6c673226ee12384bce12debe3dfe291ac28ecf10,True,True,
6_lucas_3.wav,data/fsdd/recordings/6_lucas_3.wav,6,lucas,3,8000,6981,0.872625,1,PCM_16,3cd796975aacf842e8d0f11d2af8e98f70080db1a6f484ab2b461be88d2c358c,True,True,
6_lucas_30.wav,data/fsdd/recordings/6_lucas_30.wav,6,lucas,30,8000,4306,0.53825,1,PCM_16,ac746a56fbd148ee4d21315c77c2dce518df8e5e5ff05405e691557f16c20f1c,True,True,
6_lucas_31.wav,data/fsdd/recordings/6_lucas_31.wav,6,lucas,31,8000,5201,0.650125,1,PCM_16,19df57aa5542b5837b01dc68da6c3a4499a81a3d874d98854e8b7e4010aa7603,True,True,
6_lucas_32.wav,data/fsdd/recordings/6_lucas_32.wav,6,lucas,32,8000,4166,0.52075,1,PCM_16,8bc66affbee65f356e2a49f41ef0fbb94497440f63c99993e30156363a25850c,True,True,
6_lucas_33.wav,data/fsdd/recordings/6_lucas_33.wav,6,lucas,33,8000,7820,0.9775,1,PCM_16,d989d54b62165ecf1cda139430da8826fea6aa05cd657c5eca4903a2dfaa0329,True,True,
6_lucas_34.wav,data/fsdd/recordings/6_lucas_34.wav,6,lucas,34,8000,3986,0.49825,1,PCM_16,1af8de3272a090e4ac4542efe6c327d6966deb8364bd93ea9797f36c7f235251,True,True,
6_lucas_35.wav,data/fsdd/recordings/6_lucas_35.wav,6,lucas,35,8000,4074,0.50925,1,PCM_16,2237d8d8556bc81d5150613ceda5ae39d95e6f4f02c29f2da935a3722ad5c4c2,True,True,
6_lucas_36.wav,data/fsdd/recordings/6_lucas_36.wav,6,lucas,36,8000,4271,0.533875,1,PCM_16,7ca314f27508c48b00d1f5fa3c0af087554dbee1effb6168ca2c08796d213e52,True,True,
6_lucas_37.wav,data/fsdd/recordings/6_lucas_37.wav,6,lucas,37,8000,3783,0.472875,1,PCM_16,b8d9c2845466a607459d83264fc4ff05dd8d17501531f1452fc0c8dbbda6c353,True,True,
6_lucas_38.wav,data/fsdd/recordings/6_lucas_38.wav,6,lucas,38,8000,3950,0.49375,1,PCM_16,7f02fdc714f11e018077c75d4096ea2002d0dd66b54d3ae5562fc419b0b0f7d2,True,True,
6_lucas_39.wav,data/fsdd/recordings/6_lucas_39.wav,6,lucas,39,8000,4628,0.5785,1,PCM_16,95234149ccd19b307edaccd43d8275a4ec601c3892741834d45b4c67b243ba81,True,True,
6_lucas_4.wav,data/fsdd/recordings/6_lucas_4.wav,6,lucas,4,8000,3897,0.487125,1,PCM_16,ab1edfe249b1c455bb11f2ce7ea7e72f5cfcc820efbe51ddcfb71cb212383568,True,True,
6_lucas_40.wav,data/fsdd/recordings/6_lucas_40.wav,6,lucas,40,8000,5094,0.63675,1,PCM_16,91f2b8266370290789d11c5a426c9ed43c533b118058733c0f45f28779fc77ff,True,True,
6_lucas_41.wav,data/fsdd/recordings/6_lucas_41.wav,6,lucas,41,8000,4002,0.50025,1,PCM_16,96379ef7b8dc70e60dd7161f6719b18e70e7549239305a0918c63a798c29eaf2,True,True,
6_lucas_42.wav,data/fsdd/recordings/6_lucas_42.wav,6,lucas,42,8000,3939,0.492375,1,PCM_16,efff6d03da230107d05baf412e9e8b3c4c49d27ab5c892c9cc44263fac010565,True,True,
6_lucas_43.wav,data/fsdd/recordings/6_lucas_43.wav,6,lucas,43,8000,3948,0.4935,1,PCM_16,4219c8421e54816799a8de1e527e1ad1e0a779a08c868f229762572de3d7f473,True,True,
6_lucas_44.wav,data/fsdd/recordings/6_lucas_44.wav,6,lucas,44,8000,4109,0.513625,1,PCM_16,923d5dea40391e4566bd00dc511f7fe6aa74665e9db89b95a128c7a485a67b87,True,True,
6_lucas_45.wav,data/fsdd/recordings/6_lucas_45.wav,6,lucas,45,8000,4926,0.61575,1,PCM_16,f01c4f262386d8f39d55890effb29c7c938c6b06a88a755b4dcbae56a4160b36,True,True,
6_lucas_46.wav,data/fsdd/recordings/6_lucas_46.wav,6,lucas,46,8000,4300,0.5375,1,PCM_16,f0c16b9d4df48b81752cc4c221722cf198408e20ba39cca939951710765a582e,True,True,
6_lucas_47.wav,data/fsdd/recordings/6_lucas_47.wav,6,lucas,47,8000,4648,0.581,1,PCM_16,60de2d78ae5c53a5defe37a8366342e58bac7764947242d31affd3894989bcbe,True,True,
6_lucas_48.wav,data/fsdd/recordings/6_lucas_48.wav,6,lucas,48,8000,3528,0.441,1,PCM_16,42076371824a73244ab9e75cbafba892436500eaa52685ff7e4c38d1feb52262,True,True,
6_lucas_49.wav,data/fsdd/recordings/6_lucas_49.wav,6,lucas,49,8000,4194,0.52425,1,PCM_16,411292e67107452ac5303d78f59138649f72370a9035dcc86f8b1226f1334237,True,True,
6_lucas_5.wav,data/fsdd/recordings/6_lucas_5.wav,6,lucas,5,8000,4761,0.595125,1,PCM_16,1e8bc096e3b9c39a34b0c710f28dfa66d86af4056fa6c29dfdb061e7d3443bde,True,True,
6_lucas_6.wav,data/fsdd/recordings/6_lucas_6.wav,6,lucas,6,8000,4188,0.5235,1,PCM_16,a993452bf872b988655bf04936f805e87321b7deec441d9b8e8402f1efa4920d,True,True,
6_lucas_7.wav,data/fsdd/recordings/6_lucas_7.wav,6,lucas,7,8000,4182,0.52275,1,PCM_16,79534835829864146fcc6cac9ff15e0f87e81856d461b4068485b14562bb5f5f,True,True,
6_lucas_8.wav,data/fsdd/recordings/6_lucas_8.wav,6,lucas,8,8000,4513,0.564125,1,PCM_16,688f2247c7ca4afc290864be036103d94cb0ed5c31077d7bbc86db893daaf428,True,True,
6_lucas_9.wav,data/fsdd/recordings/6_lucas_9.wav,6,lucas,9,8000,3867,0.483375,1,PCM_16,de1645773be49f509e1a24cc01655c047632fcb0ad700fb73e2e0acc18d0c4c5,True,True,
6_nicolas_0.wav,data/fsdd/recordings/6_nicolas_0.wav,6,nicolas,0,8000,1722,0.21525,1,PCM_16,48d22b265d86c14e6b4462f51122834bc66e99e3966e95f2279a9d07ffcb9e95,True,True,
6_nicolas_1.wav,data/fsdd/recordings/6_nicolas_1.wav,6,nicolas,1,8000,1850,0.23125,1,PCM_16,ea67d991a682569b25ed717475afd47a5e3917cdda231e7b5f072f7ad7b46976,True,True,
6_nicolas_10.wav,data/fsdd/recordings/6_nicolas_10.wav,6,nicolas,10,8000,2716,0.3395,1,PCM_16,86d2165c8db0c4db716fd97697a4b70d39e223ea5be5be29c9b51d6198468430,True,True,
6_nicolas_11.wav,data/fsdd/recordings/6_nicolas_11.wav,6,nicolas,11,8000,2683,0.335375,1,PCM_16,ac18ad6d41d791568ca4ce876e3c8c2e785a5161f35d6db99ad8d742f1cb0dc8,True,True,
6_nicolas_12.wav,data/fsdd/recordings/6_nicolas_12.wav,6,nicolas,12,8000,2424,0.303,1,PCM_16,046598411b43ff38add36b5bdfb53fea6225a67f008bf25ae4b54d4ad62a0ad8,True,True,
6_nicolas_13.wav,data/fsdd/recordings/6_nicolas_13.wav,6,nicolas,13,8000,2619,0.327375,1,PCM_16,64b9db883c573512ff50aa4fe52aba5f25c3ad1a7487d0f002f42427437ac6c7,True,True,
6_nicolas_14.wav,data/fsdd/recordings/6_nicolas_14.wav,6,nicolas,14,8000,2554,0.31925,1,PCM_16,1d4f0c17caeac32f0c4aca619a0d8e4f6a76d73dd729678e4f4110a6d4c59742,True,True,
6_nicolas_15.wav,data/fsdd/recordings/6_nicolas_15.wav,6,nicolas,15,8000,2618,0.32725,1,PCM_16,34e5255a5929cbaacc0fafe2786825c40a1e629eff72114a23c6e71277210ec1,True,True,
6_nicolas_16.wav,data/fsdd/recordings/6_nicolas_16.wav,6,nicolas,16,8000,1843,0.230375,1,PCM_16,da1fd4582a80037353e56e152391bf06cff1ec24e938ad6a8583096d5f9e7f00,True,True,
6_nicolas_17.wav,data/fsdd/recordings/6_nicolas_17.wav,6,nicolas,17,8000,1843,0.230375,1,PCM_16,1c70cdd244545759f38758887e410c1cf4b786c70fab9bb93b0b9dae2c926747,True,True,
6_nicolas_18.wav,data/fsdd/recordings/6_nicolas_18.wav,6,nicolas,18,8000,1778,0.22225,1,PCM_16,668529b0b37b5b3d47f1bc3ec7794a011ec60aa36b9ee6bb73822c636c0ccc93,True,True,
6_nicolas_19.wav,data/fsdd/recordings/6_nicolas_19.wav,6,nicolas,19,8000,2134,0.26675,1,PCM_16,93194877741abaf2798a48d01025c73e92181349a72cc3e94104942def1a48a2,True,True,
6_nicolas_2.wav,data/fsdd/recordings/6_nicolas_2.wav,6,nicolas,2,8000,2105,0.263125,1,PCM_16,1a3ba0e79e289181cb1df5dd1811a56796e70a8ad244297533e47f4dbe16d85b,True,True,
6_nicolas_20.wav,data/fsdd/recordings/6_nicolas_20.wav,6,nicolas,20,8000,2388,0.2985,1,PCM_16,bf5b15a58ca69f89fe9f96c741bd7c9e3427faad842c62e146378b4935f63bfd,True,True,
6_nicolas_21.wav,data/fsdd/recordings/6_nicolas_21.wav,6,nicolas,21,8000,1433,0.179125,1,PCM_16,a2156e4ac407cf8f82a5227ae5476cf5426c41f332a0ab1d5c4a5aa93b032d52,True,True,
6_nicolas_22.wav,data/fsdd/recordings/6_nicolas_22.wav,6,nicolas,22,8000,2081,0.260125,1,PCM_16,45fe685d0ce7bd3d2f305203a3b6fc6251059cd509689afa0dbb4ea4f1803313,True,True,
6_nicolas_23.wav,data/fsdd/recordings/6_nicolas_23.wav,6,nicolas,23,8000,1296,0.162,1,PCM_16,4cbee6d5995f8f1b66a558d62420192ac8dbede9f51447e3917dd17f642bf91e,True,True,
6_nicolas_24.wav,data/fsdd/recordings/6_nicolas_24.wav,6,nicolas,24,8000,2422,0.30275,1,PCM_16,53e112432cca46c75fd8f83a4a6fc0932de3b234718b08698fa6b121579ef677,True,True,
6_nicolas_25.wav,data/fsdd/recordings/6_nicolas_25.wav,6,nicolas,25,8000,2559,0.319875,1,PCM_16,325a2c122a3d48637a5e31d2b809ee156f2f225fe44d0d02ed433760053dde0c,True,True,
6_nicolas_26.wav,data/fsdd/recordings/6_nicolas_26.wav,6,nicolas,26,8000,2012,0.2515,1,PCM_16,3d8c7eb8c61799bae4ac1e3cb7291b7ea7451eb7fd913c7cf6b2e0079b3888a0,True,True,
6_nicolas_27.wav,data/fsdd/recordings/6_nicolas_27.wav,6,nicolas,27,8000,1911,0.238875,1,PCM_16,09567493bcbedd923d6e7b8fb2b87b0a2020217bc07d0a049b13c6c139e0579c,True,True,
6_nicolas_28.wav,data/fsdd/recordings/6_nicolas_28.wav,6,nicolas,28,8000,2422,0.30275,1,PCM_16,c773ac8b73b20fd08ab1b971eb134b57ab37a8e7b2fe7a8a962ae89a275d5491,True,True,
6_nicolas_29.wav,data/fsdd/recordings/6_nicolas_29.wav,6,nicolas,29,8000,1569,0.196125,1,PCM_16,b450242b6736696ce00391ab66cd5b1af6859593b7f7ccfe9aaf6a35a883d9da,True,True,
6_nicolas_3.wav,data/fsdd/recordings/6_nicolas_3.wav,6,nicolas,3,8000,3125,0.390625,1,PCM_16,d17ef808b1b7468dc46ec9c59f11503d983e941ba9bef570e09ca3797e736e2a,True,True,
6_nicolas_30.wav,data/fsdd/recordings/6_nicolas_30.wav,6,nicolas,30,8000,2590,0.32375,1,PCM_16,e7357ed179d15b3e483a3d13807d164e7f6eede1bd5eff59c04afefcb7c2d7f1,True,True,
6_nicolas_31.wav,data/fsdd/recordings/6_nicolas_31.wav,6,nicolas,31,8000,1973,0.246625,1,PCM_16,faf926f7bdc850336a0b3e93f7bfc38f1e74b506c7f544196831810873d573cf,True,True,
6_nicolas_32.wav,data/fsdd/recordings/6_nicolas_32.wav,6,nicolas,32,8000,2837,0.354625,1,PCM_16,316901271c666e863688289864edf1a5add92208c401ad3eb7118f9a287b6db4,True,True,
6_nicolas_33.wav,data/fsdd/recordings/6_nicolas_33.wav,6,nicolas,33,8000,2528,0.316,1,PCM_16,5544f32f0fc89d9fbdb282ddee8f034f4d819f5fc2589383c2dab7d2eaccf546,True,True,
6_nicolas_34.wav,data/fsdd/recordings/6_nicolas_34.wav,6,nicolas,34,8000,1434,0.17925,1,PCM_16,4c55509b1698e4371ec4e156cb9b49fc2a8769d41951a3d08b2b8449041bc4ab,True,True,
6_nicolas_35.wav,data/fsdd/recordings/6_nicolas_35.wav,6,nicolas,35,8000,1295,0.161875,1,PCM_16,26da798e439703e6b493ededc78f790b23835d554cf8c833ad12017c336b9b60,True,True,
6_nicolas_36.wav,data/fsdd/recordings/6_nicolas_36.wav,6,nicolas,36,8000,1403,0.175375,1,PCM_16,1dc30a2ebbd1fe1fbdf84eedfe960ca7da431bb56bad9e7524bdda080e2d36a0,True,True,
6_nicolas_37.wav,data/fsdd/recordings/6_nicolas_37.wav,6,nicolas,37,8000,1634,0.20425,1,PCM_16,800bd06c8996bfd5b00801c57c38a10ce1f60529a98c217bbc7d55a3945a5b24,True,True,
6_nicolas_38.wav,data/fsdd/recordings/6_nicolas_38.wav,6,nicolas,38,8000,1357,0.169625,1,PCM_16,0528dfd5aea98aaade55b242666fe6376caa9d00fa9aee683e64a4e03d6c12ee,True,True,
6_nicolas_39.wav,data/fsdd/recordings/6_nicolas_39.wav,6,nicolas,39,8000,1434,0.17925,1,PCM_16,87d7ff0237e1d1fb799563caed3efbf65f5063d1d95141181b60bcd2ac233a81,True,True,
6_nicolas_4.wav,data/fsdd/recordings/6_nicolas_4.wav,6,nicolas,4,8000,3763,0.470375,1,PCM_16,dff908e672df45e49107a83c41ce8957957d76231d9fdaf4ae6c5a65aa838579,True,True,
6_nicolas_40.wav,data/fsdd/recordings/6_nicolas_40.wav,6,nicolas,40,8000,1968,0.246,1,PCM_16,786af9dba78d4f6f58a48089a07dd0b1db832ceef2604a72ccef11cb8ba60413,True,True,
6_nicolas_41.wav,data/fsdd/recordings/6_nicolas_41.wav,6,nicolas,41,8000,2342,0.29275,1,PCM_16,5caa2171fbc62362c15ef255d1cdf8c6fc84cf9df5957c63923f36bd188b03b0,True,True,
6_nicolas_42.wav,data/fsdd/recordings/6_nicolas_42.wav,6,nicolas,42,8000,1593,0.199125,1,PCM_16,4489ba00c03a1a0c46b2bc7abc038464dcf8a31c5ef2fa669e47476209f3b365,True,True,
6_nicolas_43.wav,data/fsdd/recordings/6_nicolas_43.wav,6,nicolas,43,8000,2780,0.3475,1,PCM_16,e382ed007d368a4101004e245f389882bd7b38411a128286d36130ece8ecc1bb,True,True,
6_nicolas_44.wav,data/fsdd/recordings/6_nicolas_44.wav,6,nicolas,44,8000,2936,0.367,1,PCM_16,f916ecacc1f482c326f542c916b81e7b42083dc1b9b654914e1b3db1c1b89726,True,True,
6_nicolas_45.wav,data/fsdd/recordings/6_nicolas_45.wav,6,nicolas,45,8000,2374,0.29675,1,PCM_16,e8e9e51404aeac5b7eac993efe496a9868b221425055820945bf2f61c5aa19d2,True,True,
6_nicolas_46.wav,data/fsdd/recordings/6_nicolas_46.wav,6,nicolas,46,8000,2842,0.35525,1,PCM_16,266f496b033a14b0ce2c1cd8ef363752bc88e910c5f853177ad0d9a37e14c6aa,True,True,
6_nicolas_47.wav,data/fsdd/recordings/6_nicolas_47.wav,6,nicolas,47,8000,2780,0.3475,1,PCM_16,54adf927d6d1cf05a18f3f6f8307ad0200f18404347c9bd4ad64c85f0257d998,True,True,
6_nicolas_48.wav,data/fsdd/recordings/6_nicolas_48.wav,6,nicolas,48,8000,2499,0.312375,1,PCM_16,16e9c21bdbce3af67c93c67100e95764f1947cb435fd948d10ca6ed5f4a536d5,True,True,
6_nicolas_49.wav,data/fsdd/recordings/6_nicolas_49.wav,6,nicolas,49,8000,2187,0.273375,1,PCM_16,7e0c7188b6638bcaaa8be656e43ecd88fc87985f57687530935d223800a139a9,True,True,
6_nicolas_5.wav,data/fsdd/recordings/6_nicolas_5.wav,6,nicolas,5,8000,3763,0.470375,1,PCM_16,17745cd180cb7728e90661c8fa56d85d6ea852c06995d7ab4bc79711a0ba6e7d,True,True,
6_nicolas_6.wav,data/fsdd/recordings/6_nicolas_6.wav,6,nicolas,6,8000,1913,0.239125,1,PCM_16,3e123348c20b37b9a0804aebde5e2c0a8e67c104f48e617d665ec1e784532e44,True,True,
6_nicolas_7.wav,data/fsdd/recordings/6_nicolas_7.wav,6,nicolas,7,8000,1149,0.143625,1,PCM_16,6babbf6bcd7904c78515bf40328bea1e1383c433874d91b08ab144023482662e,True,True,
6_nicolas_8.wav,data/fsdd/recordings/6_nicolas_8.wav,6,nicolas,8,8000,1610,0.20125,1,PCM_16,2fcc860cb44d7081eecc7599e4f72c068c0d552f6d4e60d9c53897873e611440,True,True,
6_nicolas_9.wav,data/fsdd/recordings/6_nicolas_9.wav,6,nicolas,9,8000,1259,0.157375,1,PCM_16,a0bf1ed5a81af14e12775d83acd0f99bbe0d5699652a678222cbb52dcf314017,True,True,
6_theo_0.wav,data/fsdd/recordings/6_theo_0.wav,6,theo,0,8000,3928,0.491,1,PCM_16,f65b8fe10ffcce1e1c407c1ae1adf33af6980f1f278e481ca13f8d4bfe58a30c,True,True,
6_theo_1.wav,data/fsdd/recordings/6_theo_1.wav,6,theo,1,8000,3849,0.481125,1,PCM_16,9eb5e686a073a9c9a5ddd1ad2d093d26298e8e1a55254d12cd89488b0450fb08,True,True,
6_theo_10.wav,data/fsdd/recordings/6_theo_10.wav,6,theo,10,8000,3553,0.444125,1,PCM_16,8311e5c2075e8959af62462a0e0e385c4aaefe5202db21839a6d485a2be1ff77,True,True,
6_theo_11.wav,data/fsdd/recordings/6_theo_11.wav,6,theo,11,8000,3754,0.46925,1,PCM_16,c9b4b8900d2c55e0a91af1d206536b99da2e5b3c63c731cb9e63227e98c51b30,True,True,
6_theo_12.wav,data/fsdd/recordings/6_theo_12.wav,6,theo,12,8000,3628,0.4535,1,PCM_16,5b8591fc350672fd0ceb0893f13f19e9c160a8a7ec487df3b7319386f4cc669c,True,True,
6_theo_13.wav,data/fsdd/recordings/6_theo_13.wav,6,theo,13,8000,2721,0.340125,1,PCM_16,131cd0f60856259e8020716e4c65281f0fc63fde2a2590c47619f463a14507cc,True,True,
6_theo_14.wav,data/fsdd/recordings/6_theo_14.wav,6,theo,14,8000,3277,0.409625,1,PCM_16,e286df469b84cfc0a0fd62f19c42a2c5c9a088cafa5b622235c689340f804bca,True,True,
6_theo_15.wav,data/fsdd/recordings/6_theo_15.wav,6,theo,15,8000,3027,0.378375,1,PCM_16,6699197ca84165c8ab3200070165e2c4af4fec56bec35ccb352c055c5b51677c,True,True,
6_theo_16.wav,data/fsdd/recordings/6_theo_16.wav,6,theo,16,8000,2889,0.361125,1,PCM_16,d9ad54ed009efb7792ead0d9706ced88459e9431db79d9e12a761ca1f5319d1d,True,True,
6_theo_17.wav,data/fsdd/recordings/6_theo_17.wav,6,theo,17,8000,4779,0.597375,1,PCM_16,7b8dd82c02429c465541b3e7ead5e07dbe0d203c222c23c56437f53e04414313,True,True,
6_theo_18.wav,data/fsdd/recordings/6_theo_18.wav,6,theo,18,8000,4439,0.554875,1,PCM_16,437c4bc969f5f294c907168ba8825a80f118ad1f893a3dbedbe1cdfdd39d96ff,True,True,
6_theo_19.wav,data/fsdd/recordings/6_theo_19.wav,6,theo,19,8000,3287,0.410875,1,PCM_16,dc418d6dc2efa8bd04cc568e1ee15c3d6ee21a56fee0da9c6916c73714b717ac,True,True,
6_theo_2.wav,data/fsdd/recordings/6_theo_2.wav,6,theo,2,8000,3979,0.497375,1,PCM_16,4e3401b79926e7ac78b2698c9c13ab23f946941b526fe8384d52ff6dc4d889ae,True,True,
6_theo_20.wav,data/fsdd/recordings/6_theo_20.wav,6,theo,20,8000,3279,0.409875,1,PCM_16,49c7bab8be4ad8efea540b244e6581ce395151b1a5b907561ce71a8d0b1669f6,True,True,
6_theo_21.wav,data/fsdd/recordings/6_theo_21.wav,6,theo,21,8000,3599,0.449875,1,PCM_16,b843f0efd4fcb2d91b7f0087b8fa9a5855c65c985201fac4a5a69ab6abbea91b,True,True,
6_theo_22.wav,data/fsdd/recordings/6_theo_22.wav,6,theo,22,8000,3599,0.449875,1,PCM_16,0ef2c76e756013733c65fc7a5198aa1bc7aa299ee9902a106a65340375ccfdee,True,True,
6_theo_23.wav,data/fsdd/recordings/6_theo_23.wav,6,theo,23,8000,3431,0.428875,1,PCM_16,b8fa2509a7ad605cddcd6ae1f580d9cc2d04ca4435df82a3f2172d04f2182667,True,True,
6_theo_24.wav,data/fsdd/recordings/6_theo_24.wav,6,theo,24,8000,3992,0.499,1,PCM_16,71be58ddbb0b7705dae50cf0c95a3a9e2263c617841fd65388cdc000ac0a2f0f,True,True,
6_theo_25.wav,data/fsdd/recordings/6_theo_25.wav,6,theo,25,8000,4681,0.585125,1,PCM_16,6a82624ee3ec1c195fc864ecb9666c3f6498dae635b86cba23b6d90fef9121c6,True,True,
6_theo_26.wav,data/fsdd/recordings/6_theo_26.wav,6,theo,26,8000,3348,0.4185,1,PCM_16,48da95645a37566c7c696d9ba214160b59a6bb2aa273879a631f8a5345b61c00,True,True,
6_theo_27.wav,data/fsdd/recordings/6_theo_27.wav,6,theo,27,8000,4917,0.614625,1,PCM_16,f36587a9920f1d56916928683a16d66d6c3923a8bb0fa51f8446c798556a9b42,True,True,
6_theo_28.wav,data/fsdd/recordings/6_theo_28.wav,6,theo,28,8000,4820,0.6025,1,PCM_16,c3e73d60db218fcda5d5e1afe1dd77a627bd10eb7bd13cf52e43339215ff5617,True,True,
6_theo_29.wav,data/fsdd/recordings/6_theo_29.wav,6,theo,29,8000,3723,0.465375,1,PCM_16,3bf31803190a31a4e4174553bad2e9404c6f53002c483eb6a6c7dc3220a49e64,True,True,
6_theo_3.wav,data/fsdd/recordings/6_theo_3.wav,6,theo,3,8000,3842,0.48025,1,PCM_16,8cf2dd33eabb04f921ac2e09121f14341d4ad732b0db5a3f7941c555dfb94cb4,True,True,
6_theo_30.wav,data/fsdd/recordings/6_theo_30.wav,6,theo,30,8000,2731,0.341375,1,PCM_16,f4eb455bddd62f17a6ede837037ba08491602ed2a204f2ee3f652f8199d65d34,True,True,
6_theo_31.wav,data/fsdd/recordings/6_theo_31.wav,6,theo,31,8000,4089,0.511125,1,PCM_16,68508398bc2f2a7a5dca610351ab8718c866eb2e555d193c7a8edc534052cb83,True,True,
6_theo_32.wav,data/fsdd/recordings/6_theo_32.wav,6,theo,32,8000,3410,0.42625,1,PCM_16,279d0a6c519926501fc3f589c23c2210ba8905d16d42366ee6d73e63a828ee08,True,True,
6_theo_33.wav,data/fsdd/recordings/6_theo_33.wav,6,theo,33,8000,2922,0.36525,1,PCM_16,5a0d7231f7afef8d08031d37e3fd6ad03f17fa02f28069c95327f90be750e8ef,True,True,
6_theo_34.wav,data/fsdd/recordings/6_theo_34.wav,6,theo,34,8000,3383,0.422875,1,PCM_16,53349d25bfe3f3cc02889d30ca98aa64841cea1146a234ad59136ca094583d3d,True,True,
6_theo_35.wav,data/fsdd/recordings/6_theo_35.wav,6,theo,35,8000,3591,0.448875,1,PCM_16,f8072c6c639f8f1ad38c4604c855545d066343469aa627fc1e90f76129717503,True,True,
6_theo_36.wav,data/fsdd/recordings/6_theo_36.wav,6,theo,36,8000,4347,0.543375,1,PCM_16,05f1f2b182f954a1aa07f0d0fcdfa0e01c00dd8af2fdd37012172572fbcf11e3,True,True,
6_theo_37.wav,data/fsdd/recordings/6_theo_37.wav,6,theo,37,8000,2622,0.32775,1,PCM_16,e3f8d9363d7635764a21ef4ae19264b656044fed2c0617f0c91b46c7f24a448c,True,True,
6_theo_38.wav,data/fsdd/recordings/6_theo_38.wav,6,theo,38,8000,3673,0.459125,1,PCM_16,5d8f404f7d931c16f265e7d1b342ee6e8a8ec0a47ae83c0983bccdc3cee7de5b,True,True,
6_theo_39.wav,data/fsdd/recordings/6_theo_39.wav,6,theo,39,8000,3421,0.427625,1,PCM_16,9228cc0416dd322210abd2aff017a31181d44637c62c50044b4555eea19a0c04,True,True,
6_theo_4.wav,data/fsdd/recordings/6_theo_4.wav,6,theo,4,8000,3802,0.47525,1,PCM_16,5369d8babdb221a26e7b5afbce1500812426815dda5b603813f16dd5a218675b,True,True,
6_theo_40.wav,data/fsdd/recordings/6_theo_40.wav,6,theo,40,8000,3326,0.41575,1,PCM_16,8b84beff284fc69e116ba7cf2a0f9514008d884591a662477955c0b819f1d170,True,True,
6_theo_41.wav,data/fsdd/recordings/6_theo_41.wav,6,theo,41,8000,3866,0.48325,1,PCM_16,d95dfc73f47519c4bbcf91372fa4a95cd7c1b7a599e888bfa8d518e31c4e729c,True,True,
6_theo_42.wav,data/fsdd/recordings/6_theo_42.wav,6,theo,42,8000,3668,0.4585,1,PCM_16,4744a7cb62904cb4cb8ca32ed6b60ad2f45a5467377a7c60aadfbacf9a7e0121,True,True,
6_theo_43.wav,data/fsdd/recordings/6_theo_43.wav,6,theo,43,8000,3029,0.378625,1,PCM_16,9a243e2399344a17d1b632b0805917fa6c31ffce1abc157c5c550e29d5541a7b,True,True,
6_theo_44.wav,data/fsdd/recordings/6_theo_44.wav,6,theo,44,8000,3680,0.46,1,PCM_16,b2ddaae6ce05284ce31dbb70500bc1097462505e9b3c1ba83373f69701b9bc14,True,True,
6_theo_45.wav,data/fsdd/recordings/6_theo_45.wav,6,theo,45,8000,3474,0.43425,1,PCM_16,94a324dffb80c9033dacebac8d233d9b7834f19190509e93a078d2ebdeabdea9,True,True,
6_theo_46.wav,data/fsdd/recordings/6_theo_46.wav,6,theo,46,8000,3554,0.44425,1,PCM_16,67859c878cb2415195a0142328e1a8a917ce00e3e782df3cb9694040387dd41e,True,True,
6_theo_47.wav,data/fsdd/recordings/6_theo_47.wav,6,theo,47,8000,3787,0.473375,1,PCM_16,c907983f90891744120738a958aaef63b173fe3c9227ff03f3eb9b471de3f8d5,True,True,
6_theo_48.wav,data/fsdd/recordings/6_theo_48.wav,6,theo,48,8000,2342,0.29275,1,PCM_16,1bec4d9886c5e9d39b3e19491fad46b5248584661de45edaa3551bd8fe5ccac7,True,True,
6_theo_49.wav,data/fsdd/recordings/6_theo_49.wav,6,theo,49,8000,2782,0.34775,1,PCM_16,79db8b1563eeee446e72cf29e24f7aec5755f68f001f04033bca0f361039667c,True,True,
6_theo_5.wav,data/fsdd/recordings/6_theo_5.wav,6,theo,5,8000,3930,0.49125,1,PCM_16,01f5c357bed1fec702503e9fbcb36a88064d967737e89eab4e4fee06e878ff9d,True,True,
6_theo_6.wav,data/fsdd/recordings/6_theo_6.wav,6,theo,6,8000,3173,0.396625,1,PCM_16,3710835af1046f45a7245e8953aad8324f7523a66875352677c1898e470fb9df,True,True,
6_theo_7.wav,data/fsdd/recordings/6_theo_7.wav,6,theo,7,8000,3582,0.44775,1,PCM_16,7eba35e93afb201e8518ad4c350f8641f3484c7adedf7dd3b16cc1e914674d53,True,True,
6_theo_8.wav,data/fsdd/recordings/6_theo_8.wav,6,theo,8,8000,3853,0.481625,1,PCM_16,cff02385eb06b4952e772e8caf3510e9966f64c6a5b2ea4e2d222dfdaf6f3ec0,True,True,
6_theo_9.wav,data/fsdd/recordings/6_theo_9.wav,6,theo,9,8000,4017,0.502125,1,PCM_16,db922878d624cc1e9b2b86853b6094c5a540d2f31015cd800dd996fba03a5322,True,True,
6_yweweler_0.wav,data/fsdd/recordings/6_yweweler_0.wav,6,yweweler,0,8000,2653,0.331625,1,PCM_16,69f807440b59477df6645a02f0758e9e4f141846aa161a71a7fa4da024e94950,True,True,
6_yweweler_1.wav,data/fsdd/recordings/6_yweweler_1.wav,6,yweweler,1,8000,1251,0.156375,1,PCM_16,f12a98590c716270613d497957c3d92a490b9f84a638787b2badf1af1a339a4c,True,True,
6_yweweler_10.wav,data/fsdd/recordings/6_yweweler_10.wav,6,yweweler,10,8000,1302,0.16275,1,PCM_16,4e77b9b2fdc5e8c34610f62ffd6929f27c53d6ee5a8357875dac2ef630c1b9d3,True,True,
6_yweweler_11.wav,data/fsdd/recordings/6_yweweler_11.wav,6,yweweler,11,8000,2368,0.296,1,PCM_16,fe8a3dc48882aaf5190dfad6c5c0cf65fc67c238a8e18a4e8aa874ece43ad097,True,True,
6_yweweler_12.wav,data/fsdd/recordings/6_yweweler_12.wav,6,yweweler,12,8000,3637,0.454625,1,PCM_16,2ee247122ef0b2fa35d2471e4c923ea6cb9ee6fdb21daa7302a0ee81b9f6c8d4,True,True,
6_yweweler_13.wav,data/fsdd/recordings/6_yweweler_13.wav,6,yweweler,13,8000,3022,0.37775,1,PCM_16,1bb2dfc340d2686525c787b4096a164f125db68660e3924da725cbba479f1ea7,True,True,
6_yweweler_14.wav,data/fsdd/recordings/6_yweweler_14.wav,6,yweweler,14,8000,2175,0.271875,1,PCM_16,693dc3ebbb595ccd0e82f0cb8ea03433e6e56dfa836b948b945bac5c5c6a2990,True,True,
6_yweweler_15.wav,data/fsdd/recordings/6_yweweler_15.wav,6,yweweler,15,8000,1988,0.2485,1,PCM_16,65681a97fb8f24d4d3a5ff51d4e79c7e7e64670d1dfcaaba35dd45dfa0c9c77d,True,True,
6_yweweler_16.wav,data/fsdd/recordings/6_yweweler_16.wav,6,yweweler,16,8000,3416,0.427,1,PCM_16,7c913d57b4d4bb42c26ab8ca21a59e198ac53cb8dfec547b44edd65ffec2f8fb,True,True,
6_yweweler_17.wav,data/fsdd/recordings/6_yweweler_17.wav,6,yweweler,17,8000,1294,0.16175,1,PCM_16,e8c0c4889dd4866a38840406acffcc28070e2ea58dff21f0c96ee25ade45cbea,True,True,
6_yweweler_18.wav,data/fsdd/recordings/6_yweweler_18.wav,6,yweweler,18,8000,2237,0.279625,1,PCM_16,96cd7880b5d1059117fb1866e4999b8f464b7c82b6dc4b19a9d6fb3d09c18a61,True,True,
6_yweweler_19.wav,data/fsdd/recordings/6_yweweler_19.wav,6,yweweler,19,8000,1446,0.18075,1,PCM_16,1ec4f8598df8218fa6719d9da7d0c6811224ce979817e84250e8096ff5eaf996,True,True,
6_yweweler_2.wav,data/fsdd/recordings/6_yweweler_2.wav,6,yweweler,2,8000,1830,0.22875,1,PCM_16,6e069e174afa308f7fe594229ce58f1337bfe6ea3273b466ccdc5c2009cbb68e,True,True,
6_yweweler_20.wav,data/fsdd/recordings/6_yweweler_20.wav,6,yweweler,20,8000,1440,0.18,1,PCM_16,c791cd9866c7fc0bc8ab1a5c0fb48f589fd0ddd44bfd2d84928635990bfc9cbc,True,True,
6_yweweler_21.wav,data/fsdd/recordings/6_yweweler_21.wav,6,yweweler,21,8000,1710,0.21375,1,PCM_16,cf093467eefd5ee932c3452bf98cb3054c14e7f4cb097dc0091bf270aab037a0,True,True,
6_yweweler_22.wav,data/fsdd/recordings/6_yweweler_22.wav,6,yweweler,22,8000,1714,0.21425,1,PCM_16,907bdefff72e4045a062f42841c2b945fd989fafb2a452ba53396293349c6c92,True,True,
6_yweweler_23.wav,data/fsdd/recordings/6_yweweler_23.wav,6,yweweler,23,8000,1381,0.172625,1,PCM_16,04a865b1446b477fdbae238d82b7cb407f874189ebb948e1f93e8cf8284ca5ff,True,True,
6_yweweler_24.wav,data/fsdd/recordings/6_yweweler_24.wav,6,yweweler,24,8000,1868,0.2335,1,PCM_16,c2c5a5c7c176cf873046f6c74f66168958fc6b1f5233b4211b88d1f6caf7b4e4,True,True,
6_yweweler_25.wav,data/fsdd/recordings/6_yweweler_25.wav,6,yweweler,25,8000,1410,0.17625,1,PCM_16,69a936cb9fed29677af5232d9f0232aa498677d1827647406dfbaa8133d874a1,True,True,
6_yweweler_26.wav,data/fsdd/recordings/6_yweweler_26.wav,6,yweweler,26,8000,1542,0.19275,1,PCM_16,87a94db702734b4566e0decaf0e855b51f4b433853d0469496916eb4399f78b9,True,True,
6_yweweler_27.wav,data/fsdd/recordings/6_yweweler_27.wav,6,yweweler,27,8000,1682,0.21025,1,PCM_16,eb29010b8b99dc3e2ce5caf726f49e5ec60b2845b49254435fb52bc5c4274ead,True,True,
6_yweweler_28.wav,data/fsdd/recordings/6_yweweler_28.wav,6,yweweler,28,8000,1873,0.234125,1,PCM_16,babcd80b4cd16d265ce1344594151f18fdb6ecdf231da45ed998bbc752f04c9a,True,True,
6_yweweler_29.wav,data/fsdd/recordings/6_yweweler_29.wav,6,yweweler,29,8000,2736,0.342,1,PCM_16,bc3dec4cbe98f1545bb15a60f77d6fa142a80838f8798cb9401d0ca5a9ca8481,True,True,
6_yweweler_3.wav,data/fsdd/recordings/6_yweweler_3.wav,6,yweweler,3,8000,1148,0.1435,1,PCM_16,99d5e361bdcb1f5ebdc93b440269784730edee7911110f868cc540ac7a1952ae,True,True,
6_yweweler_30.wav,data/fsdd/recordings/6_yweweler_30.wav,6,yweweler,30,8000,2453,0.306625,1,PCM_16,b2d5246187a3a22516420ca40b4a143858718fe2771d0154499fca46607a1044,True,True,
6_yweweler_31.wav,data/fsdd/recordings/6_yweweler_31.wav,6,yweweler,31,8000,1838,0.22975,1,PCM_16,f48cb21a144b3a61936e9a09989fd8a48934f456a0e7fb4b107639e4be9ba019,True,True,
6_yweweler_32.wav,data/fsdd/recordings/6_yweweler_32.wav,6,yweweler,32,8000,1502,0.18775,1,PCM_16,b113f23bbc372050cb1497200e181beb71bb04631e73334ed96c3031ea3382aa,True,True,
6_yweweler_33.wav,data/fsdd/recordings/6_yweweler_33.wav,6,yweweler,33,8000,1763,0.220375,1,PCM_16,958ca9b2af777814870ffcd50e32b927df2b087590c528d51bfdf523b803f929,True,True,
6_yweweler_34.wav,data/fsdd/recordings/6_yweweler_34.wav,6,yweweler,34,8000,3462,0.43275,1,PCM_16,5d06fc59ab552d12ccb0a35211c85a59003799dcb64d1e50abbc62a9e1d661f9,True,True,
6_yweweler_35.wav,data/fsdd/recordings/6_yweweler_35.wav,6,yweweler,35,8000,2016,0.252,1,PCM_16,8bcf955b37d42f5c66ea6ebd263aed7436aee9302aecf75e0ebe1261be01777e,True,True,
6_yweweler_36.wav,data/fsdd/recordings/6_yweweler_36.wav,6,yweweler,36,8000,2244,0.2805,1,PCM_16,292b8ddcae90b8161b5dddb6a90210b7ddab8f92ff6054a72742ae3ad0c49407,True,True,
6_yweweler_37.wav,data/fsdd/recordings/6_yweweler_37.wav,6,yweweler,37,8000,3256,0.407,1,PCM_16,97ac5ce5b156493b8981430ee4527d93dd6f001812100c33bb834219d637b9a9,True,True,
6_yweweler_38.wav,data/fsdd/recordings/6_yweweler_38.wav,6,yweweler,38,8000,3484,0.4355,1,PCM_16,11772f691cf16b09c7e5231c6822654bc207b5a227988021e08aaf952664c59f,True,True,
6_yweweler_39.wav,data/fsdd/recordings/6_yweweler_39.wav,6,yweweler,39,8000,2726,0.34075,1,PCM_16,5ab3b07e7689471079d12ca8e53392f8e18481d79120b12d7779cd4ebbce04ca,True,True,
6_yweweler_4.wav,data/fsdd/recordings/6_yweweler_4.wav,6,yweweler,4,8000,1450,0.18125,1,PCM_16,88c73680a7ed3746df3d87785599461d80ea7b13e472947ffd4cf34d531764c9,True,True,
6_yweweler_40.wav,data/fsdd/recordings/6_yweweler_40.wav,6,yweweler,40,8000,3163,0.395375,1,PCM_16,dc35d720a916ae1d3e6bb99e1387cd9072791b9d412db625295167d2a0cea23e,True,True,
6_yweweler_41.wav,data/fsdd/recordings/6_yweweler_41.wav,6,yweweler,41,8000,2825,0.353125,1,PCM_16,774068c0f41d56854912fafec75b0343e4e664be92bcb61fc52981a87a49e7d1,True,True,
6_yweweler_42.wav,data/fsdd/recordings/6_yweweler_42.wav,6,yweweler,42,8000,1538,0.19225,1,PCM_16,48d3b5223c760e7f844ad2f33b3aa8e8acca870a5064149c6a900722fc86cd4c,True,True,
6_yweweler_43.wav,data/fsdd/recordings/6_yweweler_43.wav,6,yweweler,43,8000,1833,0.229125,1,PCM_16,0d556d282d137475b27a624b084f42040f92fb6ce281f977cc1e6386c1062ef7,True,True,
6_yweweler_44.wav,data/fsdd/recordings/6_yweweler_44.wav,6,yweweler,44,8000,1443,0.180375,1,PCM_16,355c3e88b2548bdd09c9715851f8b74b8c6387cbb84009236f64c626d67db5e4,True,True,
6_yweweler_45.wav,data/fsdd/recordings/6_yweweler_45.wav,6,yweweler,45,8000,2043,0.255375,1,PCM_16,31c1bc71e6b3bb8da2d111e107bcaa56b1e9ad928494facb7c69ffa9649086cc,True,True,
6_yweweler_46.wav,data/fsdd/recordings/6_yweweler_46.wav,6,yweweler,46,8000,1567,0.195875,1,PCM_16,18958ad3884236c2008bb676e1aa3f2894a186e772d9a7a89b921e9ada9f621f,True,True,
6_yweweler_47.wav,data/fsdd/recordings/6_yweweler_47.wav,6,yweweler,47,8000,1781,0.222625,1,PCM_16,7e6d5d8fb3126c2157c49255e738aea312fe40828e23f35d3ad2ca50f511c7dd,True,True,
6_yweweler_48.wav,data/fsdd/recordings/6_yweweler_48.wav,6,yweweler,48,8000,2701,0.337625,1,PCM_16,9d71f430665d3931102d42f3211ee02f00dd4e42cfca4e3fc2247cac32ba11eb,True,True,
6_yweweler_49.wav,data/fsdd/recordings/6_yweweler_49.wav,6,yweweler,49,8000,2214,0.27675,1,PCM_16,5824041d2d1e699b92489f03c6da31643fcbe634e5f87890a71f4b7f208c0450,True,True,
6_yweweler_5.wav,data/fsdd/recordings/6_yweweler_5.wav,6,yweweler,5,8000,1932,0.2415,1,PCM_16,3c3f3c038b0c3b918e849541f800e27a6c6c62c0ac5da151098fcdf22713cb27,True,True,
6_yweweler_6.wav,data/fsdd/recordings/6_yweweler_6.wav,6,yweweler,6,8000,2172,0.2715,1,PCM_16,11c8ad5d3f27702c9c4bec3d38ccab4df7a14522a892a7da0c617c249a92cdde,True,True,
6_yweweler_7.wav,data/fsdd/recordings/6_yweweler_7.wav,6,yweweler,7,8000,2165,0.270625,1,PCM_16,a17658449ca143648d55fd21149aaf8dafd0a11f66f7aa86f982856d0e213da2,True,True,
6_yweweler_8.wav,data/fsdd/recordings/6_yweweler_8.wav,6,yweweler,8,8000,2294,0.28675,1,PCM_16,15d6fb0eb71f7b2f2726f2f73303f1481326f8882573dc0bc47c16836d265493,True,True,
6_yweweler_9.wav,data/fsdd/recordings/6_yweweler_9.wav,6,yweweler,9,8000,3224,0.403,1,PCM_16,9309ab78fddaa66f2267a2a8190e7ff86a2ac07c5a419419480b857c48cea916,True,True,
7_george_0.wav,data/fsdd/recordings/7_george_0.wav,7,george,0,8000,5131,0.641375,1,PCM_16,645dc7b2bd40ca8bddb2b580de6877ddffaf041a94b72a87ab9274d5345581a0,True,True,
7_george_1.wav,data/fsdd/recordings/7_george_1.wav,7,george,1,8000,4719,0.589875,1,PCM_16,6cc744db751d36e75cef346fb0d963dc1448417dbbd85b2e229daff89189b205,True,True,
7_george_10.wav,data/fsdd/recordings/7_george_10.wav,7,george,10,8000,4301,0.537625,1,PCM_16,5af3bda341cfcd5493ce1f8feb27322bdcd819c2531190bea5179057b5e31983,True,True,
7_george_11.wav,data/fsdd/recordings/7_george_11.wav,7,george,11,8000,4244,0.5305,1,PCM_16,babf4a972235c0fe4b4f89643e26da31a453b032808b2f7133f47517130df07a,True,True,
7_george_12.wav,data/fsdd/recordings/7_george_12.wav,7,george,12,8000,4008,0.501,1,PCM_16,b5ceecf0f56009fd1a167377a066eab3ffac780de0d3216252485a7cc093b089,True,True,
7_george_13.wav,data/fsdd/recordings/7_george_13.wav,7,george,13,8000,3784,0.473,1,PCM_16,4e5a3990d6e27f2abcc3077488d017c616d5041142e5848c3df27e2e9b417a21,True,True,
7_george_14.wav,data/fsdd/recordings/7_george_14.wav,7,george,14,8000,4381,0.547625,1,PCM_16,1d04daf55d9502dfe66b80cfa6872b4c87bd1e2874917b0759c543d46e1dc25c,True,True,
7_george_15.wav,data/fsdd/recordings/7_george_15.wav,7,george,15,8000,4002,0.50025,1,PCM_16,57cc21d51001cc7cea99d25ceef98879b44c73c89f946c5bef8cf08eb2ab4605,True,True,
7_george_16.wav,data/fsdd/recordings/7_george_16.wav,7,george,16,8000,5062,0.63275,1,PCM_16,f7ef7e09f07caa272ca75562abaea15897d26b38c306db7fd41d7108d70c3b37,True,True,
7_george_17.wav,data/fsdd/recordings/7_george_17.wav,7,george,17,8000,5063,0.632875,1,PCM_16,7f84e6d75aa03f6b7e154734684b4f4c85e0b3479fe43b3ffc78593fc06b2fed,True,True,
7_george_18.wav,data/fsdd/recordings/7_george_18.wav,7,george,18,8000,4695,0.586875,1,PCM_16,33f47831bd2c68c9c29d0faa67c767f2816465c3f71859ed87905f39c973f2b4,True,True,
7_george_19.wav,data/fsdd/recordings/7_george_19.wav,7,george,19,8000,4761,0.595125,1,PCM_16,cafe09be90a0b767f5cbc0c8038659100657b168e3acc12fd01cf0cd7036ce71,True,True,
7_george_2.wav,data/fsdd/recordings/7_george_2.wav,7,george,2,8000,5278,0.65975,1,PCM_16,71a1f29b88a1dbd01649d87af6565f7efcd3568f538a58e71f59050937c2d94a,True,True,
7_george_20.wav,data/fsdd/recordings/7_george_20.wav,7,george,20,8000,3638,0.45475,1,PCM_16,d506c22fdbea87a8c7637f3c60fa62ce61fc1d3f9f83474fbf5c8ec7f66a76b8,True,True,
7_george_21.wav,data/fsdd/recordings/7_george_21.wav,7,george,21,8000,3578,0.44725,1,PCM_16,c5b430a79f27ece311cc9c56f9abb52fa1031e31f93a51eec3a5e7831839655d,True,True,
7_george_22.wav,data/fsdd/recordings/7_george_22.wav,7,george,22,8000,3471,0.433875,1,PCM_16,d33cf0527d5141f788f94a692e7519a57322e6b9b5e2828062517aab27bde1a1,True,True,
7_george_23.wav,data/fsdd/recordings/7_george_23.wav,7,george,23,8000,5306,0.66325,1,PCM_16,3b1cf419e897dda611828551bdd132b24c250011dba3175fedb03ef967cfbaa0,True,True,
7_george_24.wav,data/fsdd/recordings/7_george_24.wav,7,george,24,8000,5108,0.6385,1,PCM_16,a399c35d0e5f64aeac891581bffbf095479f48de78f04a6f8644900e70287a0f,True,True,
7_george_25.wav,data/fsdd/recordings/7_george_25.wav,7,george,25,8000,4544,0.568,1,PCM_16,8d27523de898e1b76a1c58909323f237702562beb46afa4521aeef2d1d6bfb25,True,True,
7_george_26.wav,data/fsdd/recordings/7_george_26.wav,7,george,26,8000,2147,0.268375,1,PCM_16,bd8a95b3ad4dfc5056d3bb93befad7db95c1060078cf933783da472106bac920,True,True,
7_george_27.wav,data/fsdd/recordings/7_george_27.wav,7,george,27,8000,4372,0.5465,1,PCM_16,39a249ab2dc8e673989cf735784990a01e57b0dc9d6537c1fc1bbdc745be7182,True,True,
7_george_28.wav,data/fsdd/recordings/7_george_28.wav,7,george,28,8000,4105,0.513125,1,PCM_16,f708edd6a01461c1dfb3e618b8ac8ac78124522eda3638fbcb99aa1b8c220aa3,True,True,
7_george_29.wav,data/fsdd/recordings/7_george_29.wav,7,george,29,8000,7999,0.999875,1,PCM_16,1b6462e2c4c4c9c15253e5d759ed0837d39b16d36948aef008facdb68548bd90,True,True,
7_george_3.wav,data/fsdd/recordings/7_george_3.wav,7,george,3,8000,4577,0.572125,1,PCM_16,07a49b4c6332f36e6b3ba576aeea98208a26e8c2bde358c9e66a8c7c3a31507f,True,True,
7_george_30.wav,data/fsdd/recordings/7_george_30.wav,7,george,30,8000,3135,0.391875,1,PCM_16,497b1ac4f146cd848ffc6d7dbf0fe309e3b03a21b5d172bc86124ceb63ab31b2,True,True,
7_george_31.wav,data/fsdd/recordings/7_george_31.wav,7,george,31,8000,2774,0.34675,1,PCM_16,020215bf41e62055d34182d0467b1985c9f92207afad8137a0acf2142f25a489,True,True,
7_george_32.wav,data/fsdd/recordings/7_george_32.wav,7,george,32,8000,2568,0.321,1,PCM_16,12aad41748677b3b53b454aa8998529698de811afbb2eb1367beb9c2985994d1,True,True,
7_george_33.wav,data/fsdd/recordings/7_george_33.wav,7,george,33,8000,4338,0.54225,1,PCM_16,2ab9ff6a9a3d8a9c52a475d229886d50449039376735f1564d47a22490d2a525,True,True,
7_george_34.wav,data/fsdd/recordings/7_george_34.wav,7,george,34,8000,3729,0.466125,1,PCM_16,7617678bc442c6ac4c931e71d027f828a8393a4b0922ff4ea1629c5ea9f3c504,True,True,
7_george_35.wav,data/fsdd/recordings/7_george_35.wav,7,george,35,8000,3992,0.499,1,PCM_16,6087d4d9a240d1e91a6ccfbca35bed0ee1a302cfcd8dea96946b2096c690a4f4,True,True,
7_george_36.wav,data/fsdd/recordings/7_george_36.wav,7,george,36,8000,4054,0.50675,1,PCM_16,e692dfad50e65b2b1789fc4e180af42a7c9a4753ab568f78d264885ba4e3c6d9,True,True,
7_george_37.wav,data/fsdd/recordings/7_george_37.wav,7,george,37,8000,2673,0.334125,1,PCM_16,14f7d325d23411df3782858bf4e29b37d3c6dc0916b215b89c50c5046c026a6e,True,True,
7_george_38.wav,data/fsdd/recordings/7_george_38.wav,7,george,38,8000,4086,0.51075,1,PCM_16,aac89803089a70475861b4f446a0e86121e939d7c838b6f8ca9812159ea41e1a,True,True,
7_george_39.wav,data/fsdd/recordings/7_george_39.wav,7,george,39,8000,2720,0.34,1,PCM_16,8c84def5da82a15d3b8af56e7c4598e727bbb4d2fa4d7cd949484aca221d0591,True,True,
7_george_4.wav,data/fsdd/recordings/7_george_4.wav,7,george,4,8000,4931,0.616375,1,PCM_16,2f26de10bd002611aef5a8ea812c2d3d26ab1e95d425791c88d9baa52a858950,True,True,
7_george_40.wav,data/fsdd/recordings/7_george_40.wav,7,george,40,8000,4275,0.534375,1,PCM_16,d11e1c0325a9dfdbdc2fe6a52b7e3b55b2ace3a7aee7cc7bc86d89897d1ebb30,True,True,
7_george_41.wav,data/fsdd/recordings/7_george_41.wav,7,george,41,8000,3853,0.481625,1,PCM_16,2d90d5d4741591294f0b7e55fa173eda95f8e3f504a6bbd2cf53d1bb38ba999b,True,True,
7_george_42.wav,data/fsdd/recordings/7_george_42.wav,7,george,42,8000,3584,0.448,1,PCM_16,63cbf9c2bdd8da337fcf8564443c94e7da595b9d5c5c423494247cd120e8bb67,True,True,
7_george_43.wav,data/fsdd/recordings/7_george_43.wav,7,george,43,8000,3512,0.439,1,PCM_16,6605e317be69221eebf2fd70296e7e5b5a9348e145c0141db1dc3c76676d4090,True,True,
7_george_44.wav,data/fsdd/recordings/7_george_44.wav,7,george,44,8000,3656,0.457,1,PCM_16,04ddcbbf7a3b7e93d5f6a396d5cb3204aafb5c317292d3b0acdcae82ec04deff,True,True,
7_george_45.wav,data/fsdd/recordings/7_george_45.wav,7,george,45,8000,3301,0.412625,1,PCM_16,366a70e30f6769208ac2189638ce514f01a5dd8cad84e915dfbd067f9f36393b,True,True,
7_george_46.wav,data/fsdd/recordings/7_george_46.wav,7,george,46,8000,3977,0.497125,1,PCM_16,34368468ac183302777ed7d68fffa0c83591af1cce24cb3e0919bfde0ed4b620,True,True,
7_george_47.wav,data/fsdd/recordings/7_george_47.wav,7,george,47,8000,3348,0.4185,1,PCM_16,43a6c7caa2c96f0caba50110622cc3e932e79d6ad588e61521c15bd0d71d5f6d,True,True,
7_george_48.wav,data/fsdd/recordings/7_george_48.wav,7,george,48,8000,4384,0.548,1,PCM_16,46932521c72ec1e0da5b6bc43c6ec157b79254b571aed7c00a8715aeab8e2435,True,True,
7_george_49.wav,data/fsdd/recordings/7_george_49.wav,7,george,49,8000,3379,0.422375,1,PCM_16,7028895f0cc0efab8079be4e6105d70a225161c9ecfb1e49299a52347a917d0e,True,True,
7_george_5.wav,data/fsdd/recordings/7_george_5.wav,7,george,5,8000,4960,0.62,1,PCM_16,72db22c1e246c6f5dc85cca33956ccdd13203827df547439d8435731d6c65f2d,True,True,
7_george_6.wav,data/fsdd/recordings/7_george_6.wav,7,george,6,8000,4737,0.592125,1,PCM_16,222a4e085c777f5922031813349c3002a61e8845c8de42611f8a457442cb18de,True,True,
7_george_7.wav,data/fsdd/recordings/7_george_7.wav,7,george,7,8000,4323,0.540375,1,PCM_16,23bb0c4284340cd1adbbe2724198cc1748d2d1440fad868a6a5fd6f7953ad1ec,True,True,
7_george_8.wav,data/fsdd/recordings/7_george_8.wav,7,george,8,8000,5159,0.644875,1,PCM_16,d7ad3162368152ddc532e8bed3d16c69ba478281f277b62b49c7d0d013fe1bea,True,True,
7_george_9.wav,data/fsdd/recordings/7_george_9.wav,7,george,9,8000,4547,0.568375,1,PCM_16,94d9801e2f14e289c6afc656a4cadfa47550aeefdb24a18d1c81a542392cdfdf,True,True,
7_jackson_0.wav,data/fsdd/recordings/7_jackson_0.wav,7,jackson,0,8000,3457,0.432125,1,PCM_16,bd4f5fa8db9a8a8d14a88236da314cd38fce2370cc406181b2485e03437d55d3,True,True,
7_jackson_1.wav,data/fsdd/recordings/7_jackson_1.wav,7,jackson,1,8000,3789,0.473625,1,PCM_16,762dfcc851874c662ab1b12e68d875733ee32bde15f8516cd491e058511c5ac8,True,True,
7_jackson_10.wav,data/fsdd/recordings/7_jackson_10.wav,7,jackson,10,8000,3538,0.44225,1,PCM_16,70984b3583e269a4115b9ee3af5186316ffb906626b9f19473553b5a42d6611a,True,True,
7_jackson_11.wav,data/fsdd/recordings/7_jackson_11.wav,7,jackson,11,8000,3273,0.409125,1,PCM_16,a820cd1bcb68d1c0905d4606f0cf6fbec9f0187f1043329fad135f66678470e5,True,True,
7_jackson_12.wav,data/fsdd/recordings/7_jackson_12.wav,7,jackson,12,8000,3547,0.443375,1,PCM_16,0c6a7f8419da7614e428e815106abcd59be8d3d24333d72400b9f3d0b0747298,True,True,
7_jackson_13.wav,data/fsdd/recordings/7_jackson_13.wav,7,jackson,13,8000,3608,0.451,1,PCM_16,f870fe2a32c6711ad3c0335f56a0cd5ca2a780d6235a844fff40d0fb3fcb80af,True,True,
7_jackson_14.wav,data/fsdd/recordings/7_jackson_14.wav,7,jackson,14,8000,3821,0.477625,1,PCM_16,ddf89b466ea6c8b4c9c9121120b6af90f70f582615ff534f98deb73e601742f5,True,True,
7_jackson_15.wav,data/fsdd/recordings/7_jackson_15.wav,7,jackson,15,8000,3202,0.40025,1,PCM_16,8189114185e4566bde2fbacb1e5e013bba7f5601438e37968334ed0387cd9ba4,True,True,
7_jackson_16.wav,data/fsdd/recordings/7_jackson_16.wav,7,jackson,16,8000,3430,0.42875,1,PCM_16,ad262481dc8f5213f2412c65ac6386f21c3c96b61b4d4713f73abead9cf1ce69,True,True,
7_jackson_17.wav,data/fsdd/recordings/7_jackson_17.wav,7,jackson,17,8000,3727,0.465875,1,PCM_16,484c282c7d9c71f1232284d32757b9cb0037efcd1526e89f88d76ad31f72775c,True,True,
7_jackson_18.wav,data/fsdd/recordings/7_jackson_18.wav,7,jackson,18,8000,3278,0.40975,1,PCM_16,7fc490ac01e6a1bc4778aeb1f712bbac5b4c92298858b586126ee0867d5762f6,True,True,
7_jackson_19.wav,data/fsdd/recordings/7_jackson_19.wav,7,jackson,19,8000,3722,0.46525,1,PCM_16,4eb5464b2fb0d9f61b5c7230eb7e3c17972ff3a3c92e822c428a7dae54c17729,True,True,
7_jackson_2.wav,data/fsdd/recordings/7_jackson_2.wav,7,jackson,2,8000,3077,0.384625,1,PCM_16,caa4216532464ddbd435e4f42a4617d937779c4a14d10d74bb00aeda4bda89a8,True,True,
7_jackson_20.wav,data/fsdd/recordings/7_jackson_20.wav,7,jackson,20,8000,3692,0.4615,1,PCM_16,4abdf06c95c5fc35d509881c118e04f2453a904e84190583c8a23062caf5973d,True,True,
7_jackson_21.wav,data/fsdd/recordings/7_jackson_21.wav,7,jackson,21,8000,4196,0.5245,1,PCM_16,5aabe6d2982aa5acc8b6501fa51b5f30c6dd7aa02f286a2e7babccc05404dbef,True,True,
7_jackson_22.wav,data/fsdd/recordings/7_jackson_22.wav,7,jackson,22,8000,3559,0.444875,1,PCM_16,ef8777a8aade3ec7a8cd5a758711792062518575c5d58840c0467863852d9be0,True,True,
7_jackson_23.wav,data/fsdd/recordings/7_jackson_23.wav,7,jackson,23,8000,4496,0.562,1,PCM_16,56cc51ec72c91949081bb4ae21a30085fff588d77ae2e5b7c53e04e94ae9eb48,True,True,
7_jackson_24.wav,data/fsdd/recordings/7_jackson_24.wav,7,jackson,24,8000,3519,0.439875,1,PCM_16,6411bccccb6713595d17e990f7437afddeb47c9494c681dff3fc373b5c40dbb4,True,True,
7_jackson_25.wav,data/fsdd/recordings/7_jackson_25.wav,7,jackson,25,8000,3753,0.469125,1,PCM_16,b87f2b9e0f1209f166373e05ef278a1650098dd93cf2d03ecedfe4c491a3b366,True,True,
7_jackson_26.wav,data/fsdd/recordings/7_jackson_26.wav,7,jackson,26,8000,3880,0.485,1,PCM_16,60c8cf6020eea8153d117316bcac4d6767f0d7b96e85b1fdcf6cd61305f652e8,True,True,
7_jackson_27.wav,data/fsdd/recordings/7_jackson_27.wav,7,jackson,27,8000,3931,0.491375,1,PCM_16,a10fddac2db85adc2683d65184d731cc06fd2106aadfef829a13d09871baafff,True,True,
7_jackson_28.wav,data/fsdd/recordings/7_jackson_28.wav,7,jackson,28,8000,3410,0.42625,1,PCM_16,c03d2c8cbc3571e089db0f2e3b3a58088c01ee3e891293c4062755ad57664425,True,True,
7_jackson_29.wav,data/fsdd/recordings/7_jackson_29.wav,7,jackson,29,8000,3576,0.447,1,PCM_16,f01e408df9e78e0f8875623fdae4ce1246940a494c55b033f5b6c3d8f5897dc3,True,True,
7_jackson_3.wav,data/fsdd/recordings/7_jackson_3.wav,7,jackson,3,8000,3472,0.434,1,PCM_16,1135c7246f7081ebd397647f36948e4854ba9bdf4eb4eee2575b8ed63e760783,True,True,
7_jackson_30.wav,data/fsdd/recordings/7_jackson_30.wav,7,jackson,30,8000,3706,0.46325,1,PCM_16,5a1fb745e080db0a500b1f28afd3b2d95ea4a7e68acf38356764b030b9acd9e7,True,True,
7_jackson_31.wav,data/fsdd/recordings/7_jackson_31.wav,7,jackson,31,8000,3367,0.420875,1,PCM_16,8ff949ca72e111cd426eca464ef7fe4f302a8203094253cb3c9e9eecce8e1f68,True,True,
7_jackson_32.wav,data/fsdd/recordings/7_jackson_32.wav,7,jackson,32,8000,4301,0.537625,1,PCM_16,b0a35fd4ecbef922d4947ac7bff886142148bc609e348979ae59068f2006d7ec,True,True,
7_jackson_33.wav,data/fsdd/recordings/7_jackson_33.wav,7,jackson,33,8000,4296,0.537,1,PCM_16,1126c03106203420bc85bdbdfd3bf72028f00b0b9634f9e8cb04d9b39f358407,True,True,
7_jackson_34.wav,data/fsdd/recordings/7_jackson_34.wav,7,jackson,34,8000,4063,0.507875,1,PCM_16,69f9d72df4a96aad48039c1c9bd00ed2c8043d9297d4d8e84c340c86509cce2b,True,True,
7_jackson_35.wav,data/fsdd/recordings/7_jackson_35.wav,7,jackson,35,8000,3306,0.41325,1,PCM_16,74a4c6e899fa2d84451f0c4472c3f974fccc8442a3c10319ab27e0fccf8200ea,True,True,
7_jackson_36.wav,data/fsdd/recordings/7_jackson_36.wav,7,jackson,36,8000,3195,0.399375,1,PCM_16,bb22649f8b921a5e102f2ccf6231682b0e1c9d57ee55173842d173c349bace01,True,True,
7_jackson_37.wav,data/fsdd/recordings/7_jackson_37.wav,7,jackson,37,8000,3241,0.405125,1,PCM_16,14f49fee549bf46076d67e16df831f226667d9ddead4d7932a06583a6c87bd3e,True,True,
7_jackson_38.wav,data/fsdd/recordings/7_jackson_38.wav,7,jackson,38,8000,3830,0.47875,1,PCM_16,d6f82e85435e09e5bf5aab1650a2d5a96028c47fa9092e60172a9970a3fbf594,True,True,
7_jackson_39.wav,data/fsdd/recordings/7_jackson_39.wav,7,jackson,39,8000,4108,0.5135,1,PCM_16,fc99cc28c1f9378f56fd3a44acfcdd46cd0f192e70ce77465569e6d517b0283c,True,True,
7_jackson_4.wav,data/fsdd/recordings/7_jackson_4.wav,7,jackson,4,8000,3338,0.41725,1,PCM_16,fe3f6a4d9a213b2a043b54b0ee2170ab019ea403edef27f94d22f614da9f83b1,True,True,
7_jackson_40.wav,data/fsdd/recordings/7_jackson_40.wav,7,jackson,40,8000,3890,0.48625,1,PCM_16,ade6a800baea9215509f3605e2dd0cb276c7d2f68aa5f4064a659f8a4d7877a4,True,True,
7_jackson_41.wav,data/fsdd/recordings/7_jackson_41.wav,7,jackson,41,8000,3966,0.49575,1,PCM_16,358af0cd4afd9bb0f6a4b117c39357b597299586cdfe4c7d682d31bae0976c44,True,True,
7_jackson_42.wav,data/fsdd/recordings/7_jackson_42.wav,7,jackson,42,8000,3878,0.48475,1,PCM_16,8fddc01fb7f53b4faa0b512602e2c57d73071b78bc0b6b821354e370fe7c37c1,True,True,
7_jackson_43.wav,data/fsdd/recordings/7_jackson_43.wav,7,jackson,43,8000,4303,0.537875,1,PCM_16,d38eb112c9f6d598a31c9e2ea54002a731adf9826a85915a7a05e556eb49c3fa,True,True,
7_jackson_44.wav,data/fsdd/recordings/7_jackson_44.wav,7,jackson,44,8000,4108,0.5135,1,PCM_16,90f22c8aad8f9ead19167998f05bca9f7254ba2dac456888cb62da431e479c28,True,True,
7_jackson_45.wav,data/fsdd/recordings/7_jackson_45.wav,7,jackson,45,8000,3700,0.4625,1,PCM_16,8682de32bd5e858a9d7b8068b1e48b7e16e603f225cc0f98c7580f0ab1648a08,True,True,
7_jackson_46.wav,data/fsdd/recordings/7_jackson_46.wav,7,jackson,46,8000,3891,0.486375,1,PCM_16,28cb980bd5ff32e0f227de1537ec93c6a8b9938561b4aabc735b51f3f9b3e289,True,True,
7_jackson_47.wav,data/fsdd/recordings/7_jackson_47.wav,7,jackson,47,8000,3945,0.493125,1,PCM_16,4c5ce8a63decfe00f5091e3b9d1d9610e4a2d5fefda1875fc764d83229e7ea42,True,True,
7_jackson_48.wav,data/fsdd/recordings/7_jackson_48.wav,7,jackson,48,8000,3671,0.458875,1,PCM_16,33a7cdab4add8e5571d673ed5a2d0ad36b3f449d1602cfaa0b26f5a75183920f,True,True,
7_jackson_49.wav,data/fsdd/recordings/7_jackson_49.wav,7,jackson,49,8000,3918,0.48975,1,PCM_16,cedf97bb4628a2d9f99c066bb6db0bf5cf6c022405bb19929949159a7dff2f21,True,True,
7_jackson_5.wav,data/fsdd/recordings/7_jackson_5.wav,7,jackson,5,8000,3566,0.44575,1,PCM_16,1f67b679bcd596bb1c0aec3a00ea1f5466534fed27da8fd56b7a09b39a04ae40,True,True,
7_jackson_6.wav,data/fsdd/recordings/7_jackson_6.wav,7,jackson,6,8000,3567,0.445875,1,PCM_16,c9ee7773335d7d41b7a84f0fa06007eeda28045d7557ea8f6f6b7a6703adfb45,True,True,
7_jackson_7.wav,data/fsdd/recordings/7_jackson_7.wav,7,jackson,7,8000,3363,0.420375,1,PCM_16,bc9522633e7df630599cb9487319ea3c4ff1fef47d6c5d51c9fcc3f583c28b4e,True,True,
7_jackson_8.wav,data/fsdd/recordings/7_jackson_8.wav,7,jackson,8,8000,3405,0.425625,1,PCM_16,b5cb7a5778907390bf7d6cccee12276b7ebd148a833f86e4cc408417168415b8,True,True,
7_jackson_9.wav,data/fsdd/recordings/7_jackson_9.wav,7,jackson,9,8000,3531,0.441375,1,PCM_16,c5577a7ffacbfb565975f97b9627cf1b4081e2cb87a339afd194f489c625c109,True,True,
7_lucas_0.wav,data/fsdd/recordings/7_lucas_0.wav,7,lucas,0,8000,5299,0.662375,1,PCM_16,d3dbe5d28532c1ba3a47b099477a9e0bc9697017b1d1d4458091fe54be014ee1,True,True,
7_lucas_1.wav,data/fsdd/recordings/7_lucas_1.wav,7,lucas,1,8000,3608,0.451,1,PCM_16,b0966b0c861a85c10f8db2e328e5e3388808a4790a6f0ee38d8e7d621645da05,True,True,
7_lucas_10.wav,data/fsdd/recordings/7_lucas_10.wav,7,lucas,10,8000,3576,0.447,1,PCM_16,ccb8927de8540d9507051c92c136de92a423872ed1087223f80211fd0d31b27d,True,True,
7_lucas_11.wav,data/fsdd/recordings/7_lucas_11.wav,7,lucas,11,8000,4405,0.550625,1,PCM_16,8fb06963a2fa3b56fbd6779f7c0676b22c4fea84512c6dd821872b9b1d1659ea,True,True,
7_lucas_12.wav,data/fsdd/recordings/7_lucas_12.wav,7,lucas,12,8000,3699,0.462375,1,PCM_16,a178d88e6b1b1d5fc1fedf2c6e83d1e3130c2573179a2065052faf1e07bb53d2,True,True,
7_lucas_13.wav,data/fsdd/recordings/7_lucas_13.wav,7,lucas,13,8000,3648,0.456,1,PCM_16,56cf2db71f27694f052705c4924c2bcc77dc36dae5ee302cabb4591d4aa04e97,True,True,
7_lucas_14.wav,data/fsdd/recordings/7_lucas_14.wav,7,lucas,14,8000,4992,0.624,1,PCM_16,c074073af5c2c8c4dd7418f3a4dc8056497df8b323626c5bedc15deb24d605d2,True,True,
7_lucas_15.wav,data/fsdd/recordings/7_lucas_15.wav,7,lucas,15,8000,6978,0.87225,1,PCM_16,063cd1582a739aab9dbd2a1aebfa6fd984a708f662174c51453462366102c3f6,True,True,
7_lucas_16.wav,data/fsdd/recordings/7_lucas_16.wav,7,lucas,16,8000,4059,0.507375,1,PCM_16,5f5194167b0da3529ee74827a8bcd7cc2f83e5be28f397f9d181a2ecaaeecab3,True,True,
7_lucas_17.wav,data/fsdd/recordings/7_lucas_17.wav,7,lucas,17,8000,4108,0.5135,1,PCM_16,88e15cb8a47bd5f7369da19bef8d78e12f4a45a3c32280fe45887676b21391d2,True,True,
7_lucas_18.wav,data/fsdd/recordings/7_lucas_18.wav,7,lucas,18,8000,5363,0.670375,1,PCM_16,dc084aabc849ca2a592a2da72624367cd80cc974da9de7c8f4bc7b34919398b4,True,True,
7_lucas_19.wav,data/fsdd/recordings/7_lucas_19.wav,7,lucas,19,8000,3870,0.48375,1,PCM_16,82c7d3f5c34f4d7efcfdfee1688790fd92dc4eda83f5877078cc85e7160ef965,True,True,
7_lucas_2.wav,data/fsdd/recordings/7_lucas_2.wav,7,lucas,2,8000,3821,0.477625,1,PCM_16,c0bb4963a1cd01d68cefad5f6cd75e0b91656f9c8a58e8d37d84ac864d13f9af,True,True,
7_lucas_20.wav,data/fsdd/recordings/7_lucas_20.wav,7,lucas,20,8000,3947,0.493375,1,PCM_16,f6c4ac2c81ee4aaad26d5305fcead5c81036e8f526cd08e77740ff0a50f91bf4,True,True,
7_lucas_21.wav,data/fsdd/recordings/7_lucas_21.wav,7,lucas,21,8000,4758,0.59475,1,PCM_16,c078d8bd7ce8dfcb2b6dc1b640d2953214ba6c481b70dd13369bad631eef3ed2,True,True,
7_lucas_22.wav,data/fsdd/recordings/7_lucas_22.wav,7,lucas,22,8000,8024,1.003,1,PCM_16,81479da789fb8452851d16c015b150a42e0c8970f2734e1ef81775c0c7a72c2a,True,True,
7_lucas_23.wav,data/fsdd/recordings/7_lucas_23.wav,7,lucas,23,8000,3659,0.457375,1,PCM_16,7eed8eeb99590803028c2cc79185d6eeefb094ee233c760f79e6acac1cea8d3d,True,True,
7_lucas_24.wav,data/fsdd/recordings/7_lucas_24.wav,7,lucas,24,8000,9692,1.2115,1,PCM_16,34749f9e1ed2577653b6e2b35e93221b73ef5c73eb741c63874ee11dbda86722,True,True,
7_lucas_25.wav,data/fsdd/recordings/7_lucas_25.wav,7,lucas,25,8000,3822,0.47775,1,PCM_16,33e60c0eedd0426a441cac5c00e077c7f1694442c4438414eb20eb70d70fd83d,True,True,
7_lucas_26.wav,data/fsdd/recordings/7_lucas_26.wav,7,lucas,26,8000,3560,0.445,1,PCM_16,eb7380d1405b74dc4a99707f72fcd2e9ef5620a45b7fa506c1e0a8d13e82c9bb,True,True,
7_lucas_27.wav,data/fsdd/recordings/7_lucas_27.wav,7,lucas,27,8000,4089,0.511125,1,PCM_16,41cfe02253230f1b97afa901c60beb59aa3ddfd49d8f267fd43bf5c2ef684abb,True,True,
7_lucas_28.wav,data/fsdd/recordings/7_lucas_28.wav,7,lucas,28,8000,9331,1.166375,1,PCM_16,6cffd29349c9455cd0d2552cf856c0243f6139ff34d787d6bf3eb03bcf4a1a37,True,True,
7_lucas_29.wav,data/fsdd/recordings/7_lucas_29.wav,7,lucas,29,8000,10399,1.299875,1,PCM_16,0ff2cee9cd8774fb57f8f6a70295c0362c20fb778b74535d41dd4add0aa90e0d,True,True,
7_lucas_3.wav,data/fsdd/recordings/7_lucas_3.wav,7,lucas,3,8000,4470,0.55875,1,PCM_16,84e2910c4071fbab3489609023d0b323b59e31ef46d5dd41bf9bcc73f594e5ae,True,True,
7_lucas_30.wav,data/fsdd/recordings/7_lucas_30.wav,7,lucas,30,8000,5443,0.680375,1,PCM_16,d862d59e8e75fb70298c20c60669876be90f0d28e89bbba53603c13f57c862a5,True,True,
7_lucas_31.wav,data/fsdd/recordings/7_lucas_31.wav,7,lucas,31,8000,4316,0.5395,1,PCM_16,9fc568db73227b701cde09429d77d941c12acd6771696f5d7654ff2b8208fd38,True,True,
7_lucas_32.wav,data/fsdd/recordings/7_lucas_32.wav,7,lucas,32,8000,4242,0.53025,1,PCM_16,9e5bdd7ac77d6d8294f001403e7143d9e0c3bb432776067fe753f9e3498c75a5,True,True,
7_lucas_33.wav,data/fsdd/recordings/7_lucas_33.wav,7,lucas,33,8000,4319,0.539875,1,PCM_16,27a0f90212850a8b81837820b6e7050f4e3b1cd1a322c879e4b2be9211179392,True,True,
7_lucas_34.wav,data/fsdd/recordings/7_lucas_34.wav,7,lucas,34,8000,4412,0.5515,1,PCM_16,ef86406e10cb25d2f553b3e1fbf962e83230f1f813e7b259f2c07182a59f24e9,True,True,
7_lucas_35.wav,data/fsdd/recordings/7_lucas_35.wav,7,lucas,35,8000,3562,0.44525,1,PCM_16,6461a10865c76acef14a001c7d504e766454fc29bba574b950aac8ad3a059888,True,True,
7_lucas_36.wav,data/fsdd/recordings/7_lucas_36.wav,7,lucas,36,8000,3615,0.451875,1,PCM_16,b3699ac0205a408ee7e9fa6f27fcac58465266a8d48881e1ad270c1cbc8d628d,True,True,
7_lucas_37.wav,data/fsdd/recordings/7_lucas_37.wav,7,lucas,37,8000,2775,0.346875,1,PCM_16,5d8f57cce986f86d63d29199ecd7fa8dc5446acd831659e1d623434e0c534c09,True,True,
7_lucas_38.wav,data/fsdd/recordings/7_lucas_38.wav,7,lucas,38,8000,4262,0.53275,1,PCM_16,829bb9d04843bf32626728f4761a710ce6ec15bb9aa8fcb13f4a132279c54b33,True,True,
7_lucas_39.wav,data/fsdd/recordings/7_lucas_39.wav,7,lucas,39,8000,3005,0.375625,1,PCM_16,5e2398c2c7f015e4bcef3482745b89c8eefdd456f61267240d333929053cd877,True,True,
7_lucas_4.wav,data/fsdd/recordings/7_lucas_4.wav,7,lucas,4,8000,4627,0.578375,1,PCM_16,9321dacbbc693049d4c98c9cf753cc4c3620792d6b7800a1871df2f514db2983,True,True,
7_lucas_40.wav,data/fsdd/recordings/7_lucas_40.wav,7,lucas,40,8000,5163,0.645375,1,PCM_16,00162c0dd404ec9ba4724bb678612f547915b1c156bf58819bb115109b59b4cb,True,True,
7_lucas_41.wav,data/fsdd/recordings/7_lucas_41.wav,7,lucas,41,8000,3789,0.473625,1,PCM_16,4aa3e2754745f37df149896a8da7070327055b701d771370beb5e8bb36817a1d,True,True,
7_lucas_42.wav,data/fsdd/recordings/7_lucas_42.wav,7,lucas,42,8000,4337,0.542125,1,PCM_16,005d81cb90bbcdfe20e32db4426963a57dde66d66b054d8fbc35ab03ac0d3949,True,True,
7_lucas_43.wav,data/fsdd/recordings/7_lucas_43.wav,7,lucas,43,8000,4117,0.514625,1,PCM_16,d2af4b20f8c7667567f99cd8c99830bced13b02cfcc3a90c8cbcb96779c65262,True,True,
7_lucas_44.wav,data/fsdd/recordings/7_lucas_44.wav,7,lucas,44,8000,3805,0.475625,1,PCM_16,64da930f8224f2cbf1d21ff203dbeadc0c042cea5fa98aa0d25235e3c1a39aaf,True,True,
7_lucas_45.wav,data/fsdd/recordings/7_lucas_45.wav,7,lucas,45,8000,3928,0.491,1,PCM_16,ee298adb7b821f6a29688048c9264a318704a13b72967d9e3ce49140bf1cfae1,True,True,
7_lucas_46.wav,data/fsdd/recordings/7_lucas_46.wav,7,lucas,46,8000,6913,0.864125,1,PCM_16,427a91a4f02ed0d762ad208eab8941a44afeeb6fc782827a7423b6235a4cf700,True,True,
7_lucas_47.wav,data/fsdd/recordings/7_lucas_47.wav,7,lucas,47,8000,4060,0.5075,1,PCM_16,48d4aa999f36a297bd0c31d2080b9ef4c3391afcaa8e32f0e6a9a995fca109c4,True,True,
7_lucas_48.wav,data/fsdd/recordings/7_lucas_48.wav,7,lucas,48,8000,5228,0.6535,1,PCM_16,0be15cd87d9ac4fc4790469375bca7e235ab139f145a9e7dde138d85e476d721,True,True,
7_lucas_49.wav,data/fsdd/recordings/7_lucas_49.wav,7,lucas,49,8000,3368,0.421,1,PCM_16,c061ad16263eb645ad51b7215ce20b18e8c43f2a0756410ea550e54ec0b49571,True,True,
7_lucas_5.wav,data/fsdd/recordings/7_lucas_5.wav,7,lucas,5,8000,4314,0.53925,1,PCM_16,8b38116a18776e8d40471829c5a914c0e61b337a9947529e3d8e7c46000a2e1b,True,True,
7_lucas_6.wav,data/fsdd/recordings/7_lucas_6.wav,7,lucas,6,8000,4357,0.544625,1,PCM_16,965f5adc53d2887745d5f0d09277efb794123bc8e72ac3ad3af25ed34ca71542,True,True,
7_lucas_7.wav,data/fsdd/recordings/7_lucas_7.wav,7,lucas,7,8000,8309,1.038625,1,PCM_16,d83447e2c27626fbefbead22c4070c9b7000a26dca33d2c23bb45ee1f8ac7b69,True,True,
7_lucas_8.wav,data/fsdd/recordings/7_lucas_8.wav,7,lucas,8,8000,6405,0.800625,1,PCM_16,4106032785b4d6cbc2d0c3ee7393ec8f9038cbd82f9d1e055bca310b860bf913,True,True,
7_lucas_9.wav,data/fsdd/recordings/7_lucas_9.wav,7,lucas,9,8000,3693,0.461625,1,PCM_16,a097b9a1cd5a43b58320498d1a52c692a8ae676ae223c45957b52b307c2479d3,True,True,
7_nicolas_0.wav,data/fsdd/recordings/7_nicolas_0.wav,7,nicolas,0,8000,2979,0.372375,1,PCM_16,615dc2a2ba6e915521151479bbec3724bd1f5e0c839bb57b693c45f897a174a3,True,True,
7_nicolas_1.wav,data/fsdd/recordings/7_nicolas_1.wav,7,nicolas,1,8000,3709,0.463625,1,PCM_16,8df620ef0ecf9ffaf962154d9eed7097811d743a1f50d607a3a91ffac14740dd,True,True,
7_nicolas_10.wav,data/fsdd/recordings/7_nicolas_10.wav,7,nicolas,10,8000,3186,0.39825,1,PCM_16,48756fb9d37fa476a0fc62f2a514e5e2afe7c64697aeda6f02c2b13792e20a6d,True,True,
7_nicolas_11.wav,data/fsdd/recordings/7_nicolas_11.wav,7,nicolas,11,8000,2936,0.367,1,PCM_16,a207e9d380e06cde6704b2d374accf9f4d25ca7c6a8bd9c70d628da250ff903e,True,True,
7_nicolas_12.wav,data/fsdd/recordings/7_nicolas_12.wav,7,nicolas,12,8000,2936,0.367,1,PCM_16,0822c8cdef1fc24f2b026b091dba78d0b4768893ac4e4e05fa96d259836c7fce,True,True,
7_nicolas_13.wav,data/fsdd/recordings/7_nicolas_13.wav,7,nicolas,13,8000,2999,0.374875,1,PCM_16,819dd9b6c6307e24b898b1addacd3170818a30531b800addee94b7e34e86c7ed,True,True,
7_nicolas_14.wav,data/fsdd/recordings/7_nicolas_14.wav,7,nicolas,14,8000,3310,0.41375,1,PCM_16,5a241024f5093c7dfc03bb4230564a3efd02dd7c0f7f465d401f5d9bff0dcb9a,True,True,
7_nicolas_15.wav,data/fsdd/recordings/7_nicolas_15.wav,7,nicolas,15,8000,2343,0.292875,1,PCM_16,f5cdcae2f12c366a11aa54ab39ab42f0a3426aaa82ccb81e2923e0744b054a19,True,True,
7_nicolas_16.wav,data/fsdd/recordings/7_nicolas_16.wav,7,nicolas,16,8000,2218,0.27725,1,PCM_16,ea38b8481d616794d77130955438f9f8f4a7f506396fca38851282c50428cc72,True,True,
7_nicolas_17.wav,data/fsdd/recordings/7_nicolas_17.wav,7,nicolas,17,8000,3029,0.378625,1,PCM_16,e7875c17d690311b98c74c1e415e3e74e0eed7bbc627d88beae079b00aac6bb5,True,True,
7_nicolas_18.wav,data/fsdd/recordings/7_nicolas_18.wav,7,nicolas,18,8000,3186,0.39825,1,PCM_16,df82bc1fe3b2c57309ad781d150dcb1404f2e426f3f3cd659ce12719d6274427,True,True,
7_nicolas_19.wav,data/fsdd/recordings/7_nicolas_19.wav,7,nicolas,19,8000,2655,0.331875,1,PCM_16,746aae31c6ca08bbc017a095fb1065197690a4a026f64d8ce2b332369104fd5b,True,True,
7_nicolas_2.wav,data/fsdd/recordings/7_nicolas_2.wav,7,nicolas,2,8000,3569,0.446125,1,PCM_16,4b95334af5a5041553c45f9254e670094b4404371e34c60702a9c317f6b1130a,True,True,
7_nicolas_20.wav,data/fsdd/recordings/7_nicolas_20.wav,7,nicolas,20,8000,2716,0.3395,1,PCM_16,cbdcd503b7e286a9569eb581368b670533d6eb24a306e49e6e8ef26895b072e4,True,True,
7_nicolas_21.wav,data/fsdd/recordings/7_nicolas_21.wav,7,nicolas,21,8000,2952,0.369,1,PCM_16,7496f541c63e4f6620cdcfb713ece2e64eedc3bbec20fdf3c1e0865b6545fbf4,True,True,
7_nicolas_22.wav,data/fsdd/recordings/7_nicolas_22.wav,7,nicolas,22,8000,2746,0.34325,1,PCM_16,fbbdfd8fd91c84598aa0b783b39ea023d78740db7ea1e36a14ac4fcb19fa7967,True,True,
7_nicolas_23.wav,data/fsdd/recordings/7_nicolas_23.wav,7,nicolas,23,8000,3218,0.40225,1,PCM_16,d5149f248fcfc27e59219f637cdbd81da7597a4e13c05a2bd76be21ff63f4ebc,True,True,
7_nicolas_24.wav,data/fsdd/recordings/7_nicolas_24.wav,7,nicolas,24,8000,2214,0.27675,1,PCM_16,6f998efe4205b786cd68edc7615dbb5a67ae0802eecde9ae8274a914bcb7c919,True,True,
7_nicolas_25.wav,data/fsdd/recordings/7_nicolas_25.wav,7,nicolas,25,8000,1978,0.24725,1,PCM_16,0fff0657c404569574b94c8d72a689e23db6df87c9d80ba0611bef7964653843,True,True,
7_nicolas_26.wav,data/fsdd/recordings/7_nicolas_26.wav,7,nicolas,26,8000,2598,0.32475,1,PCM_16,5633c1e13e50439dac80ea87e124defc4c22130a7744a275fdba74f40b49e0f4,True,True,
7_nicolas_27.wav,data/fsdd/recordings/7_nicolas_27.wav,7,nicolas,27,8000,2922,0.36525,1,PCM_16,7c0e1f02fcc852688f41d9407665e1aca0f7739782ea3d9db329ac586c0e4357,True,True,
7_nicolas_28.wav,data/fsdd/recordings/7_nicolas_28.wav,7,nicolas,28,8000,3041,0.380125,1,PCM_16,e89fc47451d7854ba08b28443852584ccd06a884bda4ed869ccc5a7d83cacb9d,True,True,
7_nicolas_29.wav,data/fsdd/recordings/7_nicolas_29.wav,7,nicolas,29,8000,3070,0.38375,1,PCM_16,5b0094a585a53672de4bee2a4607a5b3fcc2a8c014e4dae5c9cdfffe26fbda5d,True,True,
7_nicolas_3.wav,data/fsdd/recordings/7_nicolas_3.wav,7,nicolas,3,8000,2922,0.36525,1,PCM_16,43a9487a5c38b89f4bdf4ea98351925c9563bb9ad9823ace5a360b99a9d75d09,True,True,
7_nicolas_30.wav,data/fsdd/recordings/7_nicolas_30.wav,7,nicolas,30,8000,2774,0.34675,1,PCM_16,de9fd231e8dafe824998ebb3d240c05cb554332b05a1abbacefbf6cab6f13dd5,True,True,
7_nicolas_31.wav,data/fsdd/recordings/7_nicolas_31.wav,7,nicolas,31,8000,2440,0.305,1,PCM_16,c537cb935abcd36d47317f5a201afef744ca690197de9a08da67127e68171b22,True,True,
7_nicolas_32.wav,data/fsdd/recordings/7_nicolas_32.wav,7,nicolas,32,8000,2829,0.353625,1,PCM_16,670ac6552a1184340fac285284fc2eed25af9d7eb65f87e41dea0be365b0710d,True,True,
7_nicolas_33.wav,data/fsdd/recordings/7_nicolas_33.wav,7,nicolas,33,8000,2608,0.326,1,PCM_16,b25126b8cac9655dbf66c073645bfa1277f24fd9889ad8c3f05547228e332ec0,True,True,
7_nicolas_34.wav,data/fsdd/recordings/7_nicolas_34.wav,7,nicolas,34,8000,2440,0.305,1,PCM_16,6dd23644aefdf4b3e4c5f157085d4050a12b9a8f97d6aeb41267d80b6e29a681,True,True,
7_nicolas_35.wav,data/fsdd/recordings/7_nicolas_35.wav,7,nicolas,35,8000,2469,0.308625,1,PCM_16,d95bae26fba0b6e836ec4cf5d66745fd92cc19a312fb789c9788c7c70120891d,True,True,
7_nicolas_36.wav,data/fsdd/recordings/7_nicolas_36.wav,7,nicolas,36,8000,3134,0.39175,1,PCM_16,aaa4b4177b14408195096debc7f465f02694341398f46a17f78ddf9ca92bad30,True,True,
7_nicolas_37.wav,data/fsdd/recordings/7_nicolas_37.wav,7,nicolas,37,8000,3245,0.405625,1,PCM_16,3431b171efac94d65332aa3a65a7c7e7f6d6070af0c304eb6558decaa9201af6,True,True,
7_nicolas_38.wav,data/fsdd/recordings/7_nicolas_38.wav,7,nicolas,38,8000,2885,0.360625,1,PCM_16,3213a60e3441c523355eb317c58aed092afeecd10c4a1d90875e886aaa293af1,True,True,
7_nicolas_39.wav,data/fsdd/recordings/7_nicolas_39.wav,7,nicolas,39,8000,2107,0.263375,1,PCM_16,665bc0f64d275a3d0bc2dba0af945fc9f57f87e65a3055eb809d13d3a7bde1da,True,True,
7_nicolas_4.wav,data/fsdd/recordings/7_nicolas_4.wav,7,nicolas,4,8000,3569,0.446125,1,PCM_16,5ff214a30aee4a90bfa7705399c4a784213906ed6d4ebab7cec95cf3f115d50d,True,True,
7_nicolas_40.wav,data/fsdd/recordings/7_nicolas_40.wav,7,nicolas,40,8000,2828,0.3535,1,PCM_16,a9f34a803f61fa8b478981b511fe742d3a1198bc6c508621b70b422585cb6503,True,True,
7_nicolas_41.wav,data/fsdd/recordings/7_nicolas_41.wav,7,nicolas,41,8000,3425,0.428125,1,PCM_16,2717fa6b1a2479fe42ccac6feda35d81fdc72bf2c16eee0e75d3f45132102b92,True,True,
7_nicolas_42.wav,data/fsdd/recordings/7_nicolas_42.wav,7,nicolas,42,8000,3209,0.401125,1,PCM_16,23d07b34ca3a9a94d5a3da814ab2b294d0fda01cd551e755cda75b9fe91087f9,True,True,
7_nicolas_43.wav,data/fsdd/recordings/7_nicolas_43.wav,7,nicolas,43,8000,2066,0.25825,1,PCM_16,b275a5b0ced1a04346ab48058bd5ecb815125adbd9c0f847011bc2bb86e04aff,True,True,
7_nicolas_44.wav,data/fsdd/recordings/7_nicolas_44.wav,7,nicolas,44,8000,2882,0.36025,1,PCM_16,e75d55f748b2e166ed1579bd5269ddb5606745932b151737daf8cae8c48ac654,True,True,
7_nicolas_45.wav,data/fsdd/recordings/7_nicolas_45.wav,7,nicolas,45,8000,3562,0.44525,1,PCM_16,acc390d9853b935e14cfc2968b82662e8a6b28022189b4056548a4cb775dac12,True,True,
7_nicolas_46.wav,data/fsdd/recordings/7_nicolas_46.wav,7,nicolas,46,8000,3072,0.384,1,PCM_16,be35cfbfd6924b596cd449a04f1a50ed4d906361721fba698c8ce96d0fcc9bcd,True,True,
7_nicolas_47.wav,data/fsdd/recordings/7_nicolas_47.wav,7,nicolas,47,8000,3453,0.431625,1,PCM_16,6ad6d0487f807a014eec891f4894e7ca94fcdee8c3b260d2107046ba899bc199,True,True,
7_nicolas_48.wav,data/fsdd/recordings/7_nicolas_48.wav,7,nicolas,48,8000,2910,0.36375,1,PCM_16,051191d6aba93f2c5449db52abbcf29c3a3c29965d83fc14c6859ec443b37af0,True,True,
7_nicolas_49.wav,data/fsdd/recordings/7_nicolas_49.wav,7,nicolas,49,8000,2474,0.30925,1,PCM_16,97ab00c98c7c18cb9fb01d4fba7340dad282b4cad72beafc9c3fefb52d9cd63e,True,True,
7_nicolas_5.wav,data/fsdd/recordings/7_nicolas_5.wav,7,nicolas,5,8000,2444,0.3055,1,PCM_16,5aeb58629aa736d5f065df5a4b2ec1fe615e8f6ebb15002d8373318a4b45a6f5,True,True,
7_nicolas_6.wav,data/fsdd/recordings/7_nicolas_6.wav,7,nicolas,6,8000,2951,0.368875,1,PCM_16,1cddb4b68ffbbfce093782773af3171f9b902fab50a73b76fa8dcbb3ee9895de,True,True,
7_nicolas_7.wav,data/fsdd/recordings/7_nicolas_7.wav,7,nicolas,7,8000,2979,0.372375,1,PCM_16,39b58d1d7ad2ec5ad791cbf03a054c096208a31e5e3d605c3a89570d0d9af9d2,True,True,
7_nicolas_8.wav,data/fsdd/recordings/7_nicolas_8.wav,7,nicolas,8,8000,3484,0.4355,1,PCM_16,5feb837cf9c6c38f8259b6fc8eec749e4bd7edef714c4629b339bb29a49fd0d8,True,True,
7_nicolas_9.wav,data/fsdd/recordings/7_nicolas_9.wav,7,nicolas,9,8000,2979,0.372375,1,PCM_16,e2f7c77200bb8f8d492066892c8a861fb19b6a9046eb6c19e2968ccf54203572,True,True,
7_theo_0.wav,data/fsdd/recordings/7_theo_0.wav,7,theo,0,8000,3428,0.4285,1,PCM_16,3074f5a5db8a3588bc8616c5888fa25bbac2c71728d14a6b413baf89d779ef70,True,True,
7_theo_1.wav,data/fsdd/recordings/7_theo_1.wav,7,theo,1,8000,2892,0.3615,1,PCM_16,2dfca73538ec2a6b9f3c90bc3be1d5dd5ce19fb074f0a28768c91857dce2a58e,True,True,
7_theo_10.wav,data/fsdd/recordings/7_theo_10.wav,7,theo,10,8000,3705,0.463125,1,PCM_16,f744bdf041fcf44aac65787fc1b080ee36a240fe5a36e6d2ec103a51a910eee1,True,True,
7_theo_11.wav,data/fsdd/recordings/7_theo_11.wav,7,theo,11,8000,3508,0.4385,1,PCM_16,e67d12ec569169f2c04226c97ddce1e438ed01fe5988b82f4abad0ba382c58b6,True,True,
7_theo_12.wav,data/fsdd/recordings/7_theo_12.wav,7,theo,12,8000,1965,0.245625,1,PCM_16,6b6a35fc7b62a52bcccbfd9e87aad418f733442dcfbe094195beedc8ab7c906b,True,True,
7_theo_13.wav,data/fsdd/recordings/7_theo_13.wav,7,theo,13,8000,2826,0.35325,1,PCM_16,4ab33c8da69a19c97e416d45757872e922282e69cdc3b2522757631286480b0e,True,True,
7_theo_14.wav,data/fsdd/recordings/7_theo_14.wav,7,theo,14,8000,3876,0.4845,1,PCM_16,2422f521ab60f714bfc19a49b394c819fb804a7a2ecc00d601e05f8412c74489,True,True,
7_theo_15.wav,data/fsdd/recordings/7_theo_15.wav,7,theo,15,8000,5322,0.66525,1,PCM_16,172a1be94bd342554047b7a56aa526d4d828ceba80351e2f140bf9be0a45a2de,True,True,
7_theo_16.wav,data/fsdd/recordings/7_theo_16.wav,7,theo,16,8000,3135,0.391875,1,PCM_16,a22e28cf8e7e5cdff313c3a7e9770cb8270022d2339c030f352873e03d6ef43a,True,True,
7_theo_17.wav,data/fsdd/recordings/7_theo_17.wav,7,theo,17,8000,4881,0.610125,1,PCM_16,7d1400ffc16bb558c7a45ac467668813a551678fa3b203b5542339fc417665e2,True,True,
7_theo_18.wav,data/fsdd/recordings/7_theo_18.wav,7,theo,18,8000,3019,0.377375,1,PCM_16,3db1fe729c3d1b08ec68e9be94f231d0d8d5a962bcd366da4c34b00b773ecbb7,True,True,
7_theo_19.wav,data/fsdd/recordings/7_theo_19.wav,7,theo,19,8000,2342,0.29275,1,PCM_16,21615dcf4705b77e251c2512ce894d4f088482676b6f5f7d7a0820d74816fcb8,True,True,
7_theo_2.wav,data/fsdd/recordings/7_theo_2.wav,7,theo,2,8000,2020,0.2525,1,PCM_16,4a9319c997a0d6a9f9d465c984432e1c858a0aa4f2a33bc14f68626ee12c1ad0,True,True,
7_theo_20.wav,data/fsdd/recordings/7_theo_20.wav,7,theo,20,8000,3624,0.453,1,PCM_16,b3d1b361f6e40f7bd399b1cd2b5f1144dc405c374b80fb2fd548dc420bc4b13a,True,True,
7_theo_21.wav,data/fsdd/recordings/7_theo_21.wav,7,theo,21,8000,3128,0.391,1,PCM_16,784211094be8ae80538369fc86c15ed82e5897af74417bd979bfcdab922f5240,True,True,
7_theo_22.wav,data/fsdd/recordings/7_theo_22.wav,7,theo,22,8000,2956,0.3695,1,PCM_16,f41b67d49f7e28a9e86f2da5c439c0695a4dc4a8428dbfd476fa1f6b35afc038,True,True,
7_theo_23.wav,data/fsdd/recordings/7_theo_23.wav,7,theo,23,8000,4033,0.504125,1,PCM_16,d37c0ce9fe01c9f33ee86006ff7949f3cbbc15249a8e2e634af05a1324f13da9,True,True,
7_theo_24.wav,data/fsdd/recordings/7_theo_24.wav,7,theo,24,8000,4442,0.55525,1,PCM_16,c62daa7a121d28107d33e11656d0d5ea477def67242ee0d71d1a01d9b3d06722,True,True,
7_theo_25.wav,data/fsdd/recordings/7_theo_25.wav,7,theo,25,8000,4132,0.5165,1,PCM_16,312ed3666779239e0f0e07f91e1ba0604563b0f79ffe1539e38939a5a133a2a1,True,True,
7_theo_26.wav,data/fsdd/recordings/7_theo_26.wav,7,theo,26,8000,2327,0.290875,1,PCM_16,ea02d7d0ada7f7336625f8635dd5a7093eefb9fd72e389c9ae601a0662cc4a7f,True,True,
7_theo_27.wav,data/fsdd/recordings/7_theo_27.wav,7,theo,27,8000,3349,0.418625,1,PCM_16,13f20cc681405712f145b2cd43b9c74910a80fdece1addcfd84f0d3c35077875,True,True,
7_theo_28.wav,data/fsdd/recordings/7_theo_28.wav,7,theo,28,8000,3681,0.460125,1,PCM_16,e4eca963079a6ae5d19e757e7b06df21171d1856d475ebdca3063d12d5551210,True,True,
7_theo_29.wav,data/fsdd/recordings/7_theo_29.wav,7,theo,29,8000,2080,0.26,1,PCM_16,87c4dde98eb58833532362cc8a6f3126fedcab3da33b72fea3d793cf81726d36,True,True,
7_theo_3.wav,data/fsdd/recordings/7_theo_3.wav,7,theo,3,8000,2292,0.2865,1,PCM_16,4a1954c0fa6b42b0f925458487860cbb19168059d10a594a12dac0ee9d9fcb4b,True,True,
7_theo_30.wav,data/fsdd/recordings/7_theo_30.wav,7,theo,30,8000,3008,0.376,1,PCM_16,64328185ba695e0820b70425917cfee507c74098168b9b382a6a04eb381aa81d,True,True,
7_theo_31.wav,data/fsdd/recordings/7_theo_31.wav,7,theo,31,8000,3301,0.412625,1,PCM_16,35f5431e843db0a2f42a5afff90fa33bfaf629e4ca66908f4f1038437a5b4991,True,True,
7_theo_32.wav,data/fsdd/recordings/7_theo_32.wav,7,theo,32,8000,2230,0.27875,1,PCM_16,e6f22e77f84a4f59035f3cc9b0550234cb220c0ace81da44174fe1d00e75db6d,True,True,
7_theo_33.wav,data/fsdd/recordings/7_theo_33.wav,7,theo,33,8000,2785,0.348125,1,PCM_16,160de34cc6ca24eeb92bf836f4807508ebf1b2a184b23ab5e36b1d247a9d060b,True,True,
7_theo_34.wav,data/fsdd/recordings/7_theo_34.wav,7,theo,34,8000,2328,0.291,1,PCM_16,0fe6a282237e929c0facc867f6fc99e87cc9fc456e9b3aa77d73309c84b6f086,True,True,
7_theo_35.wav,data/fsdd/recordings/7_theo_35.wav,7,theo,35,8000,4883,0.610375,1,PCM_16,d67f162964e7783799df856e760f6b49f1e1edec0d1416189e0b16baefc80d02,True,True,
7_theo_36.wav,data/fsdd/recordings/7_theo_36.wav,7,theo,36,8000,17567,2.195875,1,PCM_16,b6225c6f4f3a18cb5b4c2665106eea59dec178086cdec943905825f4dd789420,True,True,
7_theo_37.wav,data/fsdd/recordings/7_theo_37.wav,7,theo,37,8000,6265,0.783125,1,PCM_16,8161c8c309d446ff60507732ddffb5acd40e351ac28d172ef71e961ced7f3979,True,True,
7_theo_38.wav,data/fsdd/recordings/7_theo_38.wav,7,theo,38,8000,3001,0.375125,1,PCM_16,9358c3cd8c4e901a6a6ddc4462620e9d7e4638924d1ccc0cc7780e756adb38b9,True,True,
7_theo_39.wav,data/fsdd/recordings/7_theo_39.wav,7,theo,39,8000,1998,0.24975,1,PCM_16,c94218d7c4b3a8291595145a0d7f13138eae5f29644960b28289ab30e130ff91,True,True,
7_theo_4.wav,data/fsdd/recordings/7_theo_4.wav,7,theo,4,8000,3424,0.428,1,PCM_16,3baf71f47769277d7123bc78719fab659de4ab50676e46c77fff538bbb45d67e,True,True,
7_theo_40.wav,data/fsdd/recordings/7_theo_40.wav,7,theo,40,8000,3813,0.476625,1,PCM_16,253bbeb66d4662c864ebea3df633e8a7af931eda57d7ef4698933b956a03eac4,True,True,
7_theo_41.wav,data/fsdd/recordings/7_theo_41.wav,7,theo,41,8000,3393,0.424125,1,PCM_16,8c1a9e2f2f3d9db316530e2f75ee39f49289cc5f45c0418177a0e17d20cbe776,True,True,
7_theo_42.wav,data/fsdd/recordings/7_theo_42.wav,7,theo,42,8000,3536,0.442,1,PCM_16,154dbdf27b93fea7cf7f90a51e93a18196ba74e57f3989f425692aaaa4ff758f,True,True,
7_theo_43.wav,data/fsdd/recordings/7_theo_43.wav,7,theo,43,8000,4198,0.52475,1,PCM_16,8f120fee06cbdfc28d0cffc3762712444a20d0ac29fab1287fd55c8bce0679c6,True,True,
7_theo_44.wav,data/fsdd/recordings/7_theo_44.wav,7,theo,44,8000,3673,0.459125,1,PCM_16,e0417de4e4f6dfd99c6dbe23d39b5d1670cbb1be691079bf293ddff3365fc73d,True,True,
7_theo_45.wav,data/fsdd/recordings/7_theo_45.wav,7,theo,45,8000,2554,0.31925,1,PCM_16,c3f2da21d14259c29368ce35f17ca3973df110b3fee3a832ca9aaa4a163ed109,True,True,
7_theo_46.wav,data/fsdd/recordings/7_theo_46.wav,7,theo,46,8000,3050,0.38125,1,PCM_16,8f615871eedd5c5c46a04922c8817431c0ebf7bfa1634238205c6fe315300428,True,True,
7_theo_47.wav,data/fsdd/recordings/7_theo_47.wav,7,theo,47,8000,3122,0.39025,1,PCM_16,8ca89b40a73b399dd73c06db76d6a8f8610a12d2618f1e43ea1abdb2dc2274a8,True,True,
7_theo_48.wav,data/fsdd/recordings/7_theo_48.wav,7,theo,48,8000,2630,0.32875,1,PCM_16,164a392438f4ee19f24fce1509549f3fc02224fcbea77a2a04059e2702b3be94,True,True,
7_theo_49.wav,data/fsdd/recordings/7_theo_49.wav,7,theo,49,8000,2849,0.356125,1,PCM_16,f43ed3181b28694549a7d58ea81b046fc787b7a85dc288ace46d7eff2471f53c,True,True,
7_theo_5.wav,data/fsdd/recordings/7_theo_5.wav,7,theo,5,8000,2922,0.36525,1,PCM_16,ccba509c1dbfc27df45ed6435de96c5ea8511472f0fbabc2b7cef76c0e3c07af,True,True,
7_theo_6.wav,data/fsdd/recordings/7_theo_6.wav,7,theo,6,8000,2245,0.280625,1,PCM_16,e572e49aded16b923a5167227702787ec88fba3c4c32599e723d998d8c77ac6b,True,True,
7_theo_7.wav,data/fsdd/recordings/7_theo_7.wav,7,theo,7,8000,4568,0.571,1,PCM_16,6733283497bcb63a866aa6703d03ebbed1ea69028d20cb2d618cd5a27394aae9,True,True,
7_theo_8.wav,data/fsdd/recordings/7_theo_8.wav,7,theo,8,8000,2585,0.323125,1,PCM_16,3c55f3d99906fbfb880938cc3cdfd6927004785f0b9f290edf5b616774e86c0a,True,True,
7_theo_9.wav,data/fsdd/recordings/7_theo_9.wav,7,theo,9,8000,3192,0.399,1,PCM_16,d131e95d2c0ce024974df86c3e3a01ee8aee20fea4458c0f6086210b11abde1f,True,True,
7_yweweler_0.wav,data/fsdd/recordings/7_yweweler_0.wav,7,yweweler,0,8000,3491,0.436375,1,PCM_16,1ade92413c587002f728dd262068ace084088a62a216c0003d300c0d3913ade6,True,True,
7_yweweler_1.wav,data/fsdd/recordings/7_yweweler_1.wav,7,yweweler,1,8000,3131,0.391375,1,PCM_16,b8cf02e1dc6b3b639fe8bbcf439f5d12d269d02222320af22fdd013e8bc527d6,True,True,
7_yweweler_10.wav,data/fsdd/recordings/7_yweweler_10.wav,7,yweweler,10,8000,2900,0.3625,1,PCM_16,409e69aaf1dcc959bb2c80312819976d4f122f3bf474d3ad576b735ee84d5a84,True,True,
7_yweweler_11.wav,data/fsdd/recordings/7_yweweler_11.wav,7,yweweler,11,8000,2503,0.312875,1,PCM_16,24c0f2bd9b796f59c3919ec93da96f1f3776c79e9793d3f201bf54775a6d4627,True,True,
7_yweweler_12.wav,data/fsdd/recordings/7_yweweler_12.wav,7,yweweler,12,8000,2707,0.338375,1,PCM_16,d62d5f887bacd827aaa233bbfb7f3bbd0f414e3034da46a9e708b9ba8d9f35c3,True,True,
7_yweweler_13.wav,data/fsdd/recordings/7_yweweler_13.wav,7,yweweler,13,8000,2859,0.357375,1,PCM_16,79588781196d1f4682c1f213eb0212ffe547ec4670861f1b11bec3b2f86a9f36,True,True,
7_yweweler_14.wav,data/fsdd/recordings/7_yweweler_14.wav,7,yweweler,14,8000,2590,0.32375,1,PCM_16,3b05eb14979e406c1cba4da9e5d92b2c105a637addf2f00a4547360bb72300a0,True,True,
7_yweweler_15.wav,data/fsdd/recordings/7_yweweler_15.wav,7,yweweler,15,8000,2518,0.31475,1,PCM_16,99bf11eb543b52bae27adfe79aec186cc6cdc891d17805e3e0d2430ad09b190a,True,True,
7_yweweler_16.wav,data/fsdd/recordings/7_yweweler_16.wav,7,yweweler,16,8000,2469,0.308625,1,PCM_16,53fd7f8554167a0ebb1b5648a0834b400200fa013e47d5837d20e42ff2964fd1,True,True,
7_yweweler_17.wav,data/fsdd/recordings/7_yweweler_17.wav,7,yweweler,17,8000,2365,0.295625,1,PCM_16,1a592a62f289975da98b7ff18ba8f1b6b401103b4e948a194a67873205979609,True,True,
7_yweweler_18.wav,data/fsdd/recordings/7_yweweler_18.wav,7,yweweler,18,8000,2835,0.354375,1,PCM_16,5e50901b12a483c9804bbee0060067593846c4acd3e9e3e21e30414dd825b755,True,True,
7_yweweler_19.wav,data/fsdd/recordings/7_yweweler_19.wav,7,yweweler,19,8000,2464,0.308,1,PCM_16,4a9718ed8346f261e02ecc6f2b04e06be8b78fc067bd8ce10a88bb937893b0d8,True,True,
7_yweweler_2.wav,data/fsdd/recordings/7_yweweler_2.wav,7,yweweler,2,8000,3373,0.421625,1,PCM_16,6a47def01ccb2ed8cdaa8d54544601da3109db89e780a40551750668fdc513eb,True,True,
7_yweweler_20.wav,data/fsdd/recordings/7_yweweler_20.wav,7,yweweler,20,8000,3050,0.38125,1,PCM_16,655e062ed8b1eb1ce31db02ca86a699db1c7326879ef99d537b650ba335ad100,True,True,
7_yweweler_21.wav,data/fsdd/recordings/7_yweweler_21.wav,7,yweweler,21,8000,3366,0.42075,1,PCM_16,703cc81dc65ad8b57a0e98d7001d71bf36ff884651bebae7f4e37f11bb8814b3,True,True,
7_yweweler_22.wav,data/fsdd/recordings/7_yweweler_22.wav,7,yweweler,22,8000,2886,0.36075,1,PCM_16,097a1d69322439d0ed14c3dd78bdaecb1aea508c910e5d642fe4d52d31e6d3b3,True,True,
7_yweweler_23.wav,data/fsdd/recordings/7_yweweler_23.wav,7,yweweler,23,8000,2023,0.252875,1,PCM_16,cf2ea0a551b2111d53bb5aea91d487e61a0da6eabbc9817c8a106556203e47d7,True,True,
7_yweweler_24.wav,data/fsdd/recordings/7_yweweler_24.wav,7,yweweler,24,8000,2762,0.34525,1,PCM_16,969122a0497ebb60c842b011f0af4b08c26b74dfe048f882b980a0e3928ce13f,True,True,
7_yweweler_25.wav,data/fsdd/recordings/7_yweweler_25.wav,7,yweweler,25,8000,2518,0.31475,1,PCM_16,180dc185f14c4cec95133acd18e69fb1c2d8a187577000edb6ec3e97808792ab,True,True,
7_yweweler_26.wav,data/fsdd/recordings/7_yweweler_26.wav,7,yweweler,26,8000,3887,0.485875,1,PCM_16,a00abd512be5ab0f9483cd507f8b1ea66de9cffb469b8e3b64a47f185508b428,True,True,
7_yweweler_27.wav,data/fsdd/recordings/7_yweweler_27.wav,7,yweweler,27,8000,3303,0.412875,1,PCM_16,a06133d8f827dd603151d4f0031763929c9cc3295869759231e021da86d0ecda,True,True,
7_yweweler_28.wav,data/fsdd/recordings/7_yweweler_28.wav,7,yweweler,28,8000,3357,0.419625,1,PCM_16,1bc0de038d4683cc5fa8590126916aecb198bf09181523c5e9357cd6b94ff1e8,True,True,
7_yweweler_29.wav,data/fsdd/recordings/7_yweweler_29.wav,7,yweweler,29,8000,2650,0.33125,1,PCM_16,507e824ce55311310b910c18535112443ee7b6d9188cafe5c79ee2fe137b67a0,True,True,
7_yweweler_3.wav,data/fsdd/recordings/7_yweweler_3.wav,7,yweweler,3,8000,3397,0.424625,1,PCM_16,c37bf8a3ed13454e3c33d5b9ba61e27c6205dac903409d117f230a834d3a5770,True,True,
7_yweweler_30.wav,data/fsdd/recordings/7_yweweler_30.wav,7,yweweler,30,8000,2622,0.32775,1,PCM_16,da15ec86105f323a4cd73894dc7fcfe1116b1fd820ac43e8e8f05baf8eac5015,True,True,
7_yweweler_31.wav,data/fsdd/recordings/7_yweweler_31.wav,7,yweweler,31,8000,2116,0.2645,1,PCM_16,318f310fd69742b454eff9ea095e0784dfb24989a6d99e2d7503a423da2d6797,True,True,
7_yweweler_32.wav,data/fsdd/recordings/7_yweweler_32.wav,7,yweweler,32,8000,3001,0.375125,1,PCM_16,9a37107e345760715f1ea1410928d22d2be450307c2da1df9be3a63e7f333df4,True,True,
7_yweweler_33.wav,data/fsdd/recordings/7_yweweler_33.wav,7,yweweler,33,8000,3808,0.476,1,PCM_16,6a250245342585d13133ef277a075523ffbde81c167f16800f88a618896f309d,True,True,
7_yweweler_34.wav,data/fsdd/recordings/7_yweweler_34.wav,7,yweweler,34,8000,3625,0.453125,1,PCM_16,62a1028713723896ffd34c3269c42d8383fd8ac3474471f642e46cc3d62f8761,True,True,
7_yweweler_35.wav,data/fsdd/recordings/7_yweweler_35.wav,7,yweweler,35,8000,4096,0.512,1,PCM_16,7777211e47c7b762c827b794f89769d7fc0acc36c481ea022542d0cee9adb675,True,True,
7_yweweler_36.wav,data/fsdd/recordings/7_yweweler_36.wav,7,yweweler,36,8000,3252,0.4065,1,PCM_16,419b03471364d0fa79cb17b6c310e7f3282d0874206d8916d15023873099073d,True,True,
7_yweweler_37.wav,data/fsdd/recordings/7_yweweler_37.wav,7,yweweler,37,8000,2470,0.30875,1,PCM_16,10970cd646ad8791361e56cfe6cf846fd3baea1fe26a58205c280624ba062d50,True,True,
7_yweweler_38.wav,data/fsdd/recordings/7_yweweler_38.wav,7,yweweler,38,8000,3892,0.4865,1,PCM_16,ec9ebf6242d9231cb8d9a0c8bba56b3fa464d7661311108c339deabae453e2fe,True,True,
7_yweweler_39.wav,data/fsdd/recordings/7_yweweler_39.wav,7,yweweler,39,8000,3891,0.486375,1,PCM_16,fa611fec4793450b6742fdb447f3a6e028810320091dcc4e3f18d3343f05f137,True,True,
7_yweweler_4.wav,data/fsdd/recordings/7_yweweler_4.wav,7,yweweler,4,8000,2884,0.3605,1,PCM_16,a623bd85d0022262c51d6b3551e7f910309955915ac2e9c4d5802eb8910e21e5,True,True,
7_yweweler_40.wav,data/fsdd/recordings/7_yweweler_40.wav,7,yweweler,40,8000,4852,0.6065,1,PCM_16,45d6de9ef4caf7990ec585ced5463ada1a51d3131ded41a62a8114cda527034d,True,True,
7_yweweler_41.wav,data/fsdd/recordings/7_yweweler_41.wav,7,yweweler,41,8000,4312,0.539,1,PCM_16,1a3de62f95296693f0682be1cb49021eb02c959c206fb365970285a18eff9ea5,True,True,
7_yweweler_42.wav,data/fsdd/recordings/7_yweweler_42.wav,7,yweweler,42,8000,3114,0.38925,1,PCM_16,0baea41b7421e3c0e48a77297b8de5966da08def3dbaf2b544e43ea994cdcb3e,True,True,
7_yweweler_43.wav,data/fsdd/recordings/7_yweweler_43.wav,7,yweweler,43,8000,3218,0.40225,1,PCM_16,d2fb393fe266f5de0bb0881b3a6da97f81c235582c51764330afeb108fa9f990,True,True,
7_yweweler_44.wav,data/fsdd/recordings/7_yweweler_44.wav,7,yweweler,44,8000,3668,0.4585,1,PCM_16,a5bdfa974b4afe23c7a0dec2a9a27994e33d4f2f21c2d0d160bce52265f723fa,True,True,
7_yweweler_45.wav,data/fsdd/recordings/7_yweweler_45.wav,7,yweweler,45,8000,3611,0.451375,1,PCM_16,5f8c6695eb19defa7f175f899848dac11a8fd66f58c0fee14e713392aa3abfcc,True,True,
7_yweweler_46.wav,data/fsdd/recordings/7_yweweler_46.wav,7,yweweler,46,8000,3247,0.405875,1,PCM_16,1ecc9bc182b73abe74245f1810901508f1f4239a07b24ea741cbff2ce6257383,True,True,
7_yweweler_47.wav,data/fsdd/recordings/7_yweweler_47.wav,7,yweweler,47,8000,2836,0.3545,1,PCM_16,be2efb5cb21657718776cfc9b49fd529310ee07078c45e1ac72e2245522b51c9,True,True,
7_yweweler_48.wav,data/fsdd/recordings/7_yweweler_48.wav,7,yweweler,48,8000,2381,0.297625,1,PCM_16,057231a8f926278e96005ad8aa7fc4f5e84fc37954956580888cfc6e53bf0cad,True,True,
7_yweweler_49.wav,data/fsdd/recordings/7_yweweler_49.wav,7,yweweler,49,8000,2658,0.33225,1,PCM_16,92dbe0d62253ce8c1f63398f24e06c317139fdf7ca7f48f25d056ec503fc1b6c,True,True,
7_yweweler_5.wav,data/fsdd/recordings/7_yweweler_5.wav,7,yweweler,5,8000,3778,0.47225,1,PCM_16,983225e728ea5647a32b41bc702c934bf2db70850c1d6148c127e66ebc00d1e7,True,True,
7_yweweler_6.wav,data/fsdd/recordings/7_yweweler_6.wav,7,yweweler,6,8000,2044,0.2555,1,PCM_16,296195ed9f88ce8bc47201c367918b0caffab1787e47edee1654c4ee0ffbff73,True,True,
7_yweweler_7.wav,data/fsdd/recordings/7_yweweler_7.wav,7,yweweler,7,8000,2795,0.349375,1,PCM_16,345d9378460118c422989bee7ac6e743ea35ed8479f4ab4454969b03bd6a9126,True,True,
7_yweweler_8.wav,data/fsdd/recordings/7_yweweler_8.wav,7,yweweler,8,8000,2715,0.339375,1,PCM_16,f076acbd2d1eb80c8227715dcba03af07864643eea973aab74c7905b8cb4b1b3,True,True,
7_yweweler_9.wav,data/fsdd/recordings/7_yweweler_9.wav,7,yweweler,9,8000,2947,0.368375,1,PCM_16,13274fd63ca46e48666473bb568edae4e84552097319ba106279e3f24a2bf500,True,True,
8_george_0.wav,data/fsdd/recordings/8_george_0.wav,8,george,0,8000,4222,0.52775,1,PCM_16,ad8f7a9a1212a3a46e64a8e8a81d050043503f57305ba8b8d1f3b45e78a3a7c5,True,True,
8_george_1.wav,data/fsdd/recordings/8_george_1.wav,8,george,1,8000,4111,0.513875,1,PCM_16,98cc01b792b18fe78473cdceb14a82bea1162f3c4740801cdaf33f26caf53fb1,True,True,
8_george_10.wav,data/fsdd/recordings/8_george_10.wav,8,george,10,8000,3670,0.45875,1,PCM_16,812df58106ed640911bc1b6b35ed61f2cca42fd85596d76426e0d42cbf1a1b08,True,True,
8_george_11.wav,data/fsdd/recordings/8_george_11.wav,8,george,11,8000,3566,0.44575,1,PCM_16,d5dab34111ca46c943d7d29b070a6da18498e87b0a46a7b2c14a0d6d51414a25,True,True,
8_george_12.wav,data/fsdd/recordings/8_george_12.wav,8,george,12,8000,3513,0.439125,1,PCM_16,ae50939c089fcd00bc947065bac2dc818cc89890efe3fcfea2ba70c1f13624f5,True,True,
8_george_13.wav,data/fsdd/recordings/8_george_13.wav,8,george,13,8000,4191,0.523875,1,PCM_16,394ca13dfdb141eafc4bc4b617a71aecb1bf449091cc42e0964be0176db8234e,True,True,
8_george_14.wav,data/fsdd/recordings/8_george_14.wav,8,george,14,8000,4052,0.5065,1,PCM_16,6d761fc5f6640124add45db6e0c5fc3f4a7066a927e542b450848d4440934562,True,True,
8_george_15.wav,data/fsdd/recordings/8_george_15.wav,8,george,15,8000,3112,0.389,1,PCM_16,cea829a00838fa0f616fa1b0702d3e0d315939b57c58d042c4f2d5b9e09abf6e,True,True,
8_george_16.wav,data/fsdd/recordings/8_george_16.wav,8,george,16,8000,3631,0.453875,1,PCM_16,6309be0351c10e7e62785194384411294cfad475e24715046da4c67e057d988d,True,True,
8_george_17.wav,data/fsdd/recordings/8_george_17.wav,8,george,17,8000,4085,0.510625,1,PCM_16,a51718e2d1da05e0745c060034bd28cf6be88259b4e74e3fa8d194978d834521,True,True,
8_george_18.wav,data/fsdd/recordings/8_george_18.wav,8,george,18,8000,3747,0.468375,1,PCM_16,56900528b56c4c4edefa2df26a1e60fc2b83d1914711d9ac394726e55d9b9352,True,True,
8_george_19.wav,data/fsdd/recordings/8_george_19.wav,8,george,19,8000,3921,0.490125,1,PCM_16,1ecad5710e7d6a26022ee57c24a6c48d64f4d8f3c17f2d4f1dbe7611bb7f5adc,True,True,
8_george_2.wav,data/fsdd/recordings/8_george_2.wav,8,george,2,8000,4336,0.542,1,PCM_16,5c27b405aec749533f4d89d582d2fd14f7b8b1a57b7f09597ee199c4cdbc3d0d,True,True,
8_george_20.wav,data/fsdd/recordings/8_george_20.wav,8,george,20,8000,3397,0.424625,1,PCM_16,9773f9fd9d189ed2a8621fbb264bee9154da1d6be75fdad10471838602843b4e,True,True,
8_george_21.wav,data/fsdd/recordings/8_george_21.wav,8,george,21,8000,2995,0.374375,1,PCM_16,b0c971456604a11c516736b11524c853d4780a45b1973b588c12d3c77fb9c481,True,True,
8_george_22.wav,data/fsdd/recordings/8_george_22.wav,8,george,22,8000,4013,0.501625,1,PCM_16,b09a980fd68d460c01504da7834804be14ed9a22c641b18a2fe9e500a60a7bfc,True,True,
8_george_23.wav,data/fsdd/recordings/8_george_23.wav,8,george,23,8000,4187,0.523375,1,PCM_16,1aa0393df7e1715539450ea6c34cecee7bbfd7f85fa083ace2b87cd083ab4ec2,True,True,
8_george_24.wav,data/fsdd/recordings/8_george_24.wav,8,george,24,8000,3294,0.41175,1,PCM_16,2723a33fb0439d49813359d7bdeae58a81ab1e9a2118f5a7ed9a173a7a5b3671,True,True,
8_george_25.wav,data/fsdd/recordings/8_george_25.wav,8,george,25,8000,3673,0.459125,1,PCM_16,068ebb9d6c6f67ffecb622032451d03034d7ba46cffc0d9cbb2001c42cca01b7,True,True,
8_george_26.wav,data/fsdd/recordings/8_george_26.wav,8,george,26,8000,3570,0.44625,1,PCM_16,f4497e032534790059159baaa0eb99ecc0115ab598867ced838b91b6a5017f09,True,True,
8_george_27.wav,data/fsdd/recordings/8_george_27.wav,8,george,27,8000,4014,0.50175,1,PCM_16,9441ae7ed97bd2530eb91407de50ad8bfc0fd6cca4111ee8dd9eff3aa8c27955,True,True,
8_george_28.wav,data/fsdd/recordings/8_george_28.wav,8,george,28,8000,4669,0.583625,1,PCM_16,fdb628a92ef352e33f0235a28dc98c374537da22fba966dcce3c0f1e271fc93b,True,True,
8_george_29.wav,data/fsdd/recordings/8_george_29.wav,8,george,29,8000,2610,0.32625,1,PCM_16,603aacb70a386b76686142c71a2aded7509c4ca57bcb521415ae726cab6fa177,True,True,
8_george_3.wav,data/fsdd/recordings/8_george_3.wav,8,george,3,8000,4076,0.5095,1,PCM_16,fb4ce882f90faa530a0681b94c704b69e108a56a61e211149704ca152ac36446,True,True,
8_george_30.wav,data/fsdd/recordings/8_george_30.wav,8,george,30,8000,2973,0.371625,1,PCM_16,420c86489c5ab57a5f30f57d9d1b176a6ca0981a2559acba576f8d36242ae2d9,True,True,
8_george_31.wav,data/fsdd/recordings/8_george_31.wav,8,george,31,8000,2550,0.31875,1,PCM_16,6bbe531030f3bf00230452efc6408d75ea70bbc9688c603371e738dbbccc10d9,True,True,
8_george_32.wav,data/fsdd/recordings/8_george_32.wav,8,george,32,8000,3314,0.41425,1,PCM_16,421b89e90ead207678fcf16eb23f5123c7de669ce3452e020f65ca6bf4864010,True,True,
8_george_33.wav,data/fsdd/recordings/8_george_33.wav,8,george,33,8000,3793,0.474125,1,PCM_16,8af3f1a9259872f5f8d032ccf8b39ddb6ec3f56c884d78eb632b96de917d08a3,True,True,
8_george_34.wav,data/fsdd/recordings/8_george_34.wav,8,george,34,8000,3149,0.393625,1,PCM_16,447e71f2ca6aec0c8d4a7271f934a4e004ee16c6155fc866b1a466da6f3f6d90,True,True,
8_george_35.wav,data/fsdd/recordings/8_george_35.wav,8,george,35,8000,2884,0.3605,1,PCM_16,dff4054e53777e692498bb8dab815d60ec19f3a1570c9005e9bd035a3937c9fe,True,True,
8_george_36.wav,data/fsdd/recordings/8_george_36.wav,8,george,36,8000,3306,0.41325,1,PCM_16,13b533a714c184576060bd51524ddca9d67227e6d3d833e9cc2d47671d5ac9f6,True,True,
8_george_37.wav,data/fsdd/recordings/8_george_37.wav,8,george,37,8000,3342,0.41775,1,PCM_16,fd71d53182344dec3f7947c322851f22e4939fffb625ed9556667e50e9acc784,True,True,
8_george_38.wav,data/fsdd/recordings/8_george_38.wav,8,george,38,8000,2570,0.32125,1,PCM_16,a9bfbb44b6ba1c9efd623a7cff162af3f122f701cac5fa9497648bd1767293d1,True,True,
8_george_39.wav,data/fsdd/recordings/8_george_39.wav,8,george,39,8000,2161,0.270125,1,PCM_16,7bc507a5f0c79c9f9a2e285d30475aac42345f41bdd46370604172a6e0f14acf,True,True,
8_george_4.wav,data/fsdd/recordings/8_george_4.wav,8,george,4,8000,4051,0.506375,1,PCM_16,ea1e0a7efe7b3137c260a31e47b58ee7500b3051f8079accd2a10afeb0278c0e,True,True,
8_george_40.wav,data/fsdd/recordings/8_george_40.wav,8,george,40,8000,3618,0.45225,1,PCM_16,616c971ee0195d3da8243067ed6b155a0e440658a64bdaf0dbde4afeeca6c086,True,True,
8_george_41.wav,data/fsdd/recordings/8_george_41.wav,8,george,41,8000,2335,0.291875,1,PCM_16,a2b74d37ff83883374743bdf207746187358c63e49d2f2d3229fd77cb804fa8b,True,True,
8_george_42.wav,data/fsdd/recordings/8_george_42.wav,8,george,42,8000,3158,0.39475,1,PCM_16,ec25aba561fcc8bb5c7c7b5f736c80c49805f9510129068b7df685cf97990d17,True,True,
8_george_43.wav,data/fsdd/recordings/8_george_43.wav,8,george,43,8000,3393,0.424125,1,PCM_16,f719b54933817482c09045c225007ce1adac0a87c95303de01c2ed65ec6cc1f9,True,True,
8_george_44.wav,data/fsdd/recordings/8_george_44.wav,8,george,44,8000,3282,0.41025,1,PCM_16,161561967cf5ff720b6b354aa49398ecf808abebff9f932c78a24e80f72b0f77,True,True,
8_george_45.wav,data/fsdd/recordings/8_george_45.wav,8,george,45,8000,3462,0.43275,1,PCM_16,b6fa655a775c5ac07f23d71fe2a61e448eb744a252d55b82dc3c27d89cc491b1,True,True,
8_george_46.wav,data/fsdd/recordings/8_george_46.wav,8,george,46,8000,3805,0.475625,1,PCM_16,8a4dc105255f244b8962858470de907024d72a95efdd3dfd52f9c5d09c6773cf,True,True,
8_george_47.wav,data/fsdd/recordings/8_george_47.wav,8,george,47,8000,3639,0.454875,1,PCM_16,4ba60550c08dfa13489c2a6d186ae95dd2a0829c855515a86b8ec20e25c9b3d5,True,True,
8_george_48.wav,data/fsdd/recordings/8_george_48.wav,8,george,48,8000,3546,0.44325,1,PCM_16,fd62b164be6ed897b026b5bde7dddc18e72a7b211c92b330ec5ea696d33ae601,True,True,
8_george_49.wav,data/fsdd/recordings/8_george_49.wav,8,george,49,8000,3243,0.405375,1,PCM_16,1322cb15fbc8f84f70caeb67093d1a2588b7fadc98ccc09925c6c758d5a77553,True,True,
8_george_5.wav,data/fsdd/recordings/8_george_5.wav,8,george,5,8000,3791,0.473875,1,PCM_16,9d9dc88be157d4f2b9596121ff182bd7a502ff3adaa694cab69d5f8e8bad5bee,True,True,
8_george_6.wav,data/fsdd/recordings/8_george_6.wav,8,george,6,8000,3971,0.496375,1,PCM_16,ffd7fbb398b09345fe10efa3faf3c4a71de6b9638a2a588d28cfe40c5e235bc5,True,True,
8_george_7.wav,data/fsdd/recordings/8_george_7.wav,8,george,7,8000,3938,0.49225,1,PCM_16,5f29791426dd3b83b1e4664771a3adf899f98ea1f9f68dfe81e24492c7e93d28,True,True,
8_george_8.wav,data/fsdd/recordings/8_george_8.wav,8,george,8,8000,4095,0.511875,1,PCM_16,10de8a1d8f9591ac8bcf6cdd4ba0ba1253ed1c1f1ccb70cd2206a6462c8848be,True,True,
8_george_9.wav,data/fsdd/recordings/8_george_9.wav,8,george,9,8000,3829,0.478625,1,PCM_16,6a8cb2acc0e934adde3f478dce5b635e061a7536e67540913aac78afecc9348d,True,True,
8_jackson_0.wav,data/fsdd/recordings/8_jackson_0.wav,8,jackson,0,8000,2776,0.347,1,PCM_16,25172d71c574ee504094d4b704efa478a253d29ee7da562ce6ec4800ffdb6eaf,True,True,
8_jackson_1.wav,data/fsdd/recordings/8_jackson_1.wav,8,jackson,1,8000,3229,0.403625,1,PCM_16,556a54cd75086379d90aee189965e7232b1cec94e4b37a22f711de618f3627d4,True,True,
8_jackson_10.wav,data/fsdd/recordings/8_jackson_10.wav,8,jackson,10,8000,2914,0.36425,1,PCM_16,0ac09d4ddf22c0c0892c77f0b59a6093245d7db209fe83d9fe16e6450ac66776,True,True,
8_jackson_11.wav,data/fsdd/recordings/8_jackson_11.wav,8,jackson,11,8000,3299,0.412375,1,PCM_16,2bc8be786c5171d7e17561d8e7f1a2c1251510d8a8689af5a9772c1888aae228,True,True,
8_jackson_12.wav,data/fsdd/recordings/8_jackson_12.wav,8,jackson,12,8000,2846,0.35575,1,PCM_16,f8b4c843bfc7dfdb0a6c07b773295a887676eeb55dc9341bff09c582393f3a20,True,True,
8_jackson_13.wav,data/fsdd/recordings/8_jackson_13.wav,8,jackson,13,8000,3039,0.379875,1,PCM_16,49d07535245b0e7a2f92393246f9e70f74bfb9ae4fa38be2a6632d0431aa550e,True,True,
8_jackson_14.wav,data/fsdd/recordings/8_jackson_14.wav,8,jackson,14,8000,2905,0.363125,1,PCM_16,286b5a8afef31a9f754da6c3b8edd071116c1584b908eb226505c9cc91b1d1b6,True,True,
8_jackson_15.wav,data/fsdd/recordings/8_jackson_15.wav,8,jackson,15,8000,3148,0.3935,1,PCM_16,fc18d08d9778616e44501f4fb36d55e28b593fb64dc2c9b9936fb4b40a8dbc41,True,True,
8_jackson_16.wav,data/fsdd/recordings/8_jackson_16.wav,8,jackson,16,8000,2786,0.34825,1,PCM_16,7f2cc3090cd2293b76dec91f5f9bfc0ad0fceb86de65385fc31eb7e291d257ba,True,True,
8_jackson_17.wav,data/fsdd/recordings/8_jackson_17.wav,8,jackson,17,8000,3169,0.396125,1,PCM_16,d5e10e1d349ffb5186bd6a0cb1ad3358b8b5de5c08774d71a26452672d709124,True,True,
8_jackson_18.wav,data/fsdd/recordings/8_jackson_18.wav,8,jackson,18,8000,3204,0.4005,1,PCM_16,4d61c17b2db367df3f3b921a70603e426946fa0441816d352014f38d39ee8b96,True,True,
8_jackson_19.wav,data/fsdd/recordings/8_jackson_19.wav,8,jackson,19,8000,3037,0.379625,1,PCM_16,04aad81185901e768145842f64bcf397452d4eb52810352e3349579d2e6c1cbb,True,True,
8_jackson_2.wav,data/fsdd/recordings/8_jackson_2.wav,8,jackson,2,8000,3061,0.382625,1,PCM_16,b6eb97cd74abd28bfb270b73d824d09ea2a7502638694d04255a71eb864a1384,True,True,
8_jackson_20.wav,data/fsdd/recordings/8_jackson_20.wav,8,jackson,20,8000,3158,0.39475,1,PCM_16,02b8a28dd3de753626906ede99e008637ffa6db2a0f4d7cde496711e5a29fedb,True,True,
8_jackson_21.wav,data/fsdd/recordings/8_jackson_21.wav,8,jackson,21,8000,3100,0.3875,1,PCM_16,07da7fc211505ca9af5f0183b98978d87d5f4c3b25d28205f54fe8a6e0fd5802,True,True,
8_jackson_22.wav,data/fsdd/recordings/8_jackson_22.wav,8,jackson,22,8000,3569,0.446125,1,PCM_16,f05653e151469f962de61e20ab5c29262b605312839605ad4157932b134429ee,True,True,
8_jackson_23.wav,data/fsdd/recordings/8_jackson_23.wav,8,jackson,23,8000,3496,0.437,1,PCM_16,eda3b20c7f257973c339a06c6521ebc348819eacbef9b607867c1e48923a2921,True,True,
8_jackson_24.wav,data/fsdd/recordings/8_jackson_24.wav,8,jackson,24,8000,2986,0.37325,1,PCM_16,13780493302f6134657f49f109ffb44130a9ff5f3d576647aa1b2548c0edf7f2,True,True,
8_jackson_25.wav,data/fsdd/recordings/8_jackson_25.wav,8,jackson,25,8000,3201,0.400125,1,PCM_16,95a670a9567821657684e5f522ab66d6683809e998a1502c0803841db033a159,True,True,
8_jackson_26.wav,data/fsdd/recordings/8_jackson_26.wav,8,jackson,26,8000,3681,0.460125,1,PCM_16,cd649bc6979dec75e47b20be8825515d6e2601e44ec918714a8c0bffd7a99cf2,True,True,
8_jackson_27.wav,data/fsdd/recordings/8_jackson_27.wav,8,jackson,27,8000,3249,0.406125,1,PCM_16,e326d3b7827771ac14a1113da00e86f33035ea6346698014ed01ba2cf0cfb454,True,True,
8_jackson_28.wav,data/fsdd/recordings/8_jackson_28.wav,8,jackson,28,8000,3283,0.410375,1,PCM_16,f254a80f797164409dcec5a157610a9840b1590c666972a8ccd108b3243cc658,True,True,
8_jackson_29.wav,data/fsdd/recordings/8_jackson_29.wav,8,jackson,29,8000,3210,0.40125,1,PCM_16,caedbd35f3958c7ca69a139b347c61ccf7cd3da32ced0fbba4f4cec151133c93,True,True,
8_jackson_3.wav,data/fsdd/recordings/8_jackson_3.wav,8,jackson,3,8000,3117,0.389625,1,PCM_16,3a6bdc6396921840ab2b86f86e5d0d36f816f9af25d3db1051d9f7d1169f7950,True,True,
8_jackson_30.wav,data/fsdd/recordings/8_jackson_30.wav,8,jackson,30,8000,3519,0.439875,1,PCM_16,2b210c94cebb560ca5d2f6d6821d2ee6f4be69f109274e33cc830e8d57b8dcf6,True,True,
8_jackson_31.wav,data/fsdd/recordings/8_jackson_31.wav,8,jackson,31,8000,3399,0.424875,1,PCM_16,9983feda58e9ad6c8261989fd31361ab6b4921e82ffc284685ea6a55ed89b858,True,True,
8_jackson_32.wav,data/fsdd/recordings/8_jackson_32.wav,8,jackson,32,8000,3655,0.456875,1,PCM_16,8ac051786944f24c004ad534b254cc0c57cf1efdf89e5ab35582e1ec609f9ffc,True,True,
8_jackson_33.wav,data/fsdd/recordings/8_jackson_33.wav,8,jackson,33,8000,3581,0.447625,1,PCM_16,20fb889b5a0ed4ff44fc7fd074501894f2d0a2518ebdfedf00b708e78a400fd9,True,True,
8_jackson_34.wav,data/fsdd/recordings/8_jackson_34.wav,8,jackson,34,8000,3844,0.4805,1,PCM_16,25b10f93125b8c6b459cc0a2eaed4cfc07c445e7e82873dac5b2073028165fa9,True,True,
8_jackson_35.wav,data/fsdd/recordings/8_jackson_35.wav,8,jackson,35,8000,3824,0.478,1,PCM_16,00493f2e04eccfb88eb6a2a9f98215e32c78ab0a47d14944d0c0c2294fe32379,True,True,
8_jackson_36.wav,data/fsdd/recordings/8_jackson_36.wav,8,jackson,36,8000,3339,0.417375,1,PCM_16,83cfe4eb84a4187cf21dad6cd11621ee56ad1e0840c003e50667bdeebc5d709c,True,True,
8_jackson_37.wav,data/fsdd/recordings/8_jackson_37.wav,8,jackson,37,8000,3249,0.406125,1,PCM_16,2dd0be46ba8fca340887bb2797f1b5fd38eeed2ef45a9fcc525d650c291bf827,True,True,
8_jackson_38.wav,data/fsdd/recordings/8_jackson_38.wav,8,jackson,38,8000,3599,0.449875,1,PCM_16,e8d2e243eeff3052cc2e96521b413f0f739777c7dc0c98833553324f7f8766f7,True,True,
8_jackson_39.wav,data/fsdd/recordings/8_jackson_39.wav,8,jackson,39,8000,3759,0.469875,1,PCM_16,51821d5c509b1662eec5630564e829a159a0d6834c6f3aa667d61433b27d319d,True,True,
8_jackson_4.wav,data/fsdd/recordings/8_jackson_4.wav,8,jackson,4,8000,3248,0.406,1,PCM_16,e3da7f35776b815ace62651ee29d6025b6929ce8decd0239048980802c08753e,True,True,
8_jackson_40.wav,data/fsdd/recordings/8_jackson_40.wav,8,jackson,40,8000,3532,0.4415,1,PCM_16,e25c29f0cb51ea4a2da3050f0e5c3c95d1d9db00b5db8cbef961f35e8f85e8e4,True,True,
8_jackson_41.wav,data/fsdd/recordings/8_jackson_41.wav,8,jackson,41,8000,4604,0.5755,1,PCM_16,b3b1f3cd62c36f27b35021fda366cebb286ff38c44231162ed6c03f28632c957,True,True,
8_jackson_42.wav,data/fsdd/recordings/8_jackson_42.wav,8,jackson,42,8000,3379,0.422375,1,PCM_16,bd8af6a951e76f7a9a1ad888cf5bbb355bed5941715ffcdee66cd2d999f8bdf8,True,True,
8_jackson_43.wav,data/fsdd/recordings/8_jackson_43.wav,8,jackson,43,8000,3355,0.419375,1,PCM_16,06587f08801c199bfcf5790ac8f49b921dac94c5a2591c7a2d320b6bb4b558fc,True,True,
8_jackson_44.wav,data/fsdd/recordings/8_jackson_44.wav,8,jackson,44,8000,3495,0.436875,1,PCM_16,1e275727e423ea502ba7e16abcf7ba04a7f7d09c5dc8a5d65fb87e5365faefd2,True,True,
8_jackson_45.wav,data/fsdd/recordings/8_jackson_45.wav,8,jackson,45,8000,3506,0.43825,1,PCM_16,481cce38becbbcf98c1d6edbec2b972cb7eb60f72c861ff9a794fcd8b553438a,True,True,
8_jackson_46.wav,data/fsdd/recordings/8_jackson_46.wav,8,jackson,46,8000,3356,0.4195,1,PCM_16,d95f01cf300db1a2786276f8ce7f611bb506abcbe9d4a28d974cc234ff95c556,True,True,
8_jackson_47.wav,data/fsdd/recordings/8_jackson_47.wav,8,jackson,47,8000,3421,0.427625,1,PCM_16,10195e7ac08243c3b97aa886ad8186148aa4c291d8cddf69db3cb53fc9eb621d,True,True,
8_jackson_48.wav,data/fsdd/recordings/8_jackson_48.wav,8,jackson,48,8000,3391,0.423875,1,PCM_16,dd672013d9c366466e0c978ee8e267b0183f625e15b0c87decd8b0c52ad8b7f4,True,True,
8_jackson_49.wav,data/fsdd/recordings/8_jackson_49.wav,8,jackson,49,8000,3764,0.4705,1,PCM_16,2251e9f4f9fd17baf159ed20c89b3827e85cc0355927f293bd226482de9a63e0,True,True,
8_jackson_5.wav,data/fsdd/recordings/8_jackson_5.wav,8,jackson,5,8000,3442,0.43025,1,PCM_16,58cdf40d8d2cfb2bcf1e4053a31a3b52619a0555feecbddf39bffbc62f84cb50,True,True,
8_jackson_6.wav,data/fsdd/recordings/8_jackson_6.wav,8,jackson,6,8000,3379,0.422375,1,PCM_16,c8c2a95f1a92412f491d4204ba7a60545425ae749b4b81e1ef3af4e7e30fa5f8,True,True,
8_jackson_7.wav,data/fsdd/recordings/8_jackson_7.wav,8,jackson,7,8000,3464,0.433,1,PCM_16,584f1398c7a47bf82c9175dc2d1fb53d733349abb59b11482273a202e17ecb72,True,True,
8_jackson_8.wav,data/fsdd/recordings/8_jackson_8.wav,8,jackson,8,8000,2950,0.36875,1,PCM_16,1e316bf09314ad6a50903c0271562e8dfe6443d00f717303439e4be3ab00973f,True,True,
8_jackson_9.wav,data/fsdd/recordings/8_jackson_9.wav,8,jackson,9,8000,3043,0.380375,1,PCM_16,4c832283eee86b13c34421e72d231bf50d3770e1b6066c18e3d559d0dc28945e,True,True,
8_lucas_0.wav,data/fsdd/recordings/8_lucas_0.wav,8,lucas,0,8000,9143,1.142875,1,PCM_16,154cfd07257bb8488778969d694b770d6648bdc793761335115ecd2a0239de53,True,True,
8_lucas_1.wav,data/fsdd/recordings/8_lucas_1.wav,8,lucas,1,8000,2713,0.339125,1,PCM_16,bbef48359b1fd61a945058618c6edc28d4067bae7797387b9df491994ddb4f12,True,True,
8_lucas_10.wav,data/fsdd/recordings/8_lucas_10.wav,8,lucas,10,8000,3222,0.40275,1,PCM_16,71c479c330e671f3638886d6705e1674eee978e25ad29bce4fd50f79b50b49a4,True,True,
8_lucas_11.wav,data/fsdd/recordings/8_lucas_11.wav,8,lucas,11,8000,4014,0.50175,1,PCM_16,a47ff49af903f03fc1ad011a3a7032c2e00c78e98697d04ae5f67ae87890614b,True,True,
8_lucas_12.wav,data/fsdd/recordings/8_lucas_12.wav,8,lucas,12,8000,3883,0.485375,1,PCM_16,b1b150bda3b9c9af77c9e06c2cee821dd02bf4e54bbe7b46ee7f57ae82f45cbe,True,True,
8_lucas_13.wav,data/fsdd/recordings/8_lucas_13.wav,8,lucas,13,8000,3961,0.495125,1,PCM_16,0849c4fd36b4d4dd2628fbf3880fb95d0df442d7a568c8a5ebe0388ae6563480,True,True,
8_lucas_14.wav,data/fsdd/recordings/8_lucas_14.wav,8,lucas,14,8000,7011,0.876375,1,PCM_16,14b413872e92a8e245c33af1708ca4acdd0ba68d7eceebb3cfd9e2f3ac7493e3,True,True,
8_lucas_15.wav,data/fsdd/recordings/8_lucas_15.wav,8,lucas,15,8000,2738,0.34225,1,PCM_16,4e54aed47a466011e69e478b1f1f98ac08743b870558ef3cdea24a5e6dd5f7b4,True,True,
8_lucas_16.wav,data/fsdd/recordings/8_lucas_16.wav,8,lucas,16,8000,1965,0.245625,1,PCM_16,8ecc02e0bb593d218afea9612adf33e50b2e0f7d4c3dbff1e86c296afeaa2089,True,True,
8_lucas_17.wav,data/fsdd/recordings/8_lucas_17.wav,8,lucas,17,8000,3860,0.4825,1,PCM_16,8da07fd759927daf02ff9f490e5158249dee6119ec56d52b757f9df01c1ba0b2,True,True,
8_lucas_18.wav,data/fsdd/recordings/8_lucas_18.wav,8,lucas,18,8000,4479,0.559875,1,PCM_16,c4e23a24261a77218bd0a2d7e44559e849d1b179e7ca3f959cc90108fa54874e,True,True,
8_lucas_19.wav,data/fsdd/recordings/8_lucas_19.wav,8,lucas,19,8000,4241,0.530125,1,PCM_16,8c19b2537eeb021b7570190842cfc42d4de2a4ec60bb59523ad61bd0a574fbd6,True,True,
8_lucas_2.wav,data/fsdd/recordings/8_lucas_2.wav,8,lucas,2,8000,6572,0.8215,1,PCM_16,86f5cd61b08f75409ae641707e6e4d9e6303f81ac2244b885b7207b9ae8d6cc7,True,True,
8_lucas_20.wav,data/fsdd/recordings/8_lucas_20.wav,8,lucas,20,8000,2835,0.354375,1,PCM_16,ae23333da73cd993936f7be00c0d88c12d2b47f71ea5e453fabe431c2ddfff85,True,True,
8_lucas_21.wav,data/fsdd/recordings/8_lucas_21.wav,8,lucas,21,8000,5616,0.702,1,PCM_16,15bf92d92c699080c4a3f86ffa9c4442596719cf141ebf6ec017de471a4a87ad,True,True,
8_lucas_22.wav,data/fsdd/recordings/8_lucas_22.wav,8,lucas,22,8000,3346,0.41825,1,PCM_16,214d78022527a53d078b65e7490e4eabb993065a7f259c78914682cdb6d3bc5a,True,True,
8_lucas_23.wav,data/fsdd/recordings/8_lucas_23.wav,8,lucas,23,8000,4333,0.541625,1,PCM_16,a5c57b16b8a7aa8e8c65566091f9199640b054e1147db27aee5dde89f69a8a06,True,True,
8_lucas_24.wav,data/fsdd/recordings/8_lucas_24.wav,8,lucas,24,8000,3258,0.40725,1,PCM_16,878b82978ffa2952d71e126661ca9ee46e0fd368e80b1d3df5d5845aae0f79f7,True,True,
8_lucas_25.wav,data/fsdd/recordings/8_lucas_25.wav,8,lucas,25,8000,4460,0.5575,1,PCM_16,44a24500680ae9106cfcf8a748c3036bb3b73a3aed4d04e1f0d57ed90c22da05,True,True,
8_lucas_26.wav,data/fsdd/recordings/8_lucas_26.wav,8,lucas,26,8000,3812,0.4765,1,PCM_16,c94a5725dd828e729c102ac293b56f35268a06feae727adafb6e292d1b5d8cd7,True,True,
8_lucas_27.wav,data/fsdd/recordings/8_lucas_27.wav,8,lucas,27,8000,4286,0.53575,1,PCM_16,e8f0e1c995cbedb5427720785a585e329938f977562bfdf50382f344870d3396,True,True,
8_lucas_28.wav,data/fsdd/recordings/8_lucas_28.wav,8,lucas,28,8000,8023,1.002875,1,PCM_16,f9926a531c0705ef73aee4fd17bec40879c71eb1d7c0baae7e4e87d5ddd74031,True,True,
8_lucas_29.wav,data/fsdd/recordings/8_lucas_29.wav,8,lucas,29,8000,3958,0.49475,1,PCM_16,050c56269b8cc52d14b365ffdbccbd1419be5a0e7e3b9f1dadf1795162ebc073,True,True,
8_lucas_3.wav,data/fsdd/recordings/8_lucas_3.wav,8,lucas,3,8000,5583,0.697875,1,PCM_16,cb70a529f68f4770cb759676d004de2dbcc3810fec0667a4795ee446bef4f4b1,True,True,
8_lucas_30.wav,data/fsdd/recordings/8_lucas_30.wav,8,lucas,30,8000,4134,0.51675,1,PCM_16,e954d84d605032efecb656488ab0c7fa9c941d8e00f608c2c68cca62e69ab5af,True,True,
8_lucas_31.wav,data/fsdd/recordings/8_lucas_31.wav,8,lucas,31,8000,4228,0.5285,1,PCM_16,bcd5fadac14c98aede5e07b3af5a2bd66ad6f1551bf82bc3ba3497351e5b635b,True,True,
8_lucas_32.wav,data/fsdd/recordings/8_lucas_32.wav,8,lucas,32,8000,4392,0.549,1,PCM_16,8805503ae8295a0efc371ddba92a6d32271548fcaeeec1f676e966d1cdb0a13c,True,True,
8_lucas_33.wav,data/fsdd/recordings/8_lucas_33.wav,8,lucas,33,8000,5008,0.626,1,PCM_16,f1af245ec49a74223b45dc8410cfb2337512320256efdd82808d179d3c107105,True,True,
8_lucas_34.wav,data/fsdd/recordings/8_lucas_34.wav,8,lucas,34,8000,4282,0.53525,1,PCM_16,3123c73558a6b39280f8bf4aea2eea09dd318481db0c49f69908d55c8ecdadab,True,True,
8_lucas_35.wav,data/fsdd/recordings/8_lucas_35.wav,8,lucas,35,8000,4279,0.534875,1,PCM_16,b09b2ea7dc47b3b110c782bdc91b6e8b09e4bf66ffd304b15bf4dbad29116579,True,True,
8_lucas_36.wav,data/fsdd/recordings/8_lucas_36.wav,8,lucas,36,8000,4206,0.52575,1,PCM_16,ceab23edcf095764e84aac2ce4ff6eaba3f425c5aa9819fc13990495587072b1,True,True,
8_lucas_37.wav,data/fsdd/recordings/8_lucas_37.wav,8,lucas,37,8000,3906,0.48825,1,PCM_16,4f42ca72451feea7b3117341abfcd41d84e8cc712f6c8fbc1a3b983faa5aa9f4,True,True,
8_lucas_38.wav,data/fsdd/recordings/8_lucas_38.wav,8,lucas,38,8000,3837,0.479625,1,PCM_16,90a15787e92f5339c8ba49ae493fe6938272de6bbb34b3728625e2010346876a,True,True,
8_lucas_39.wav,data/fsdd/recordings/8_lucas_39.wav,8,lucas,39,8000,4468,0.5585,1,PCM_16,d8de77ff7cdd90fb05ade425d4cd015655ff6a4a8224dddd5f9459744cc29373,True,True,
8_lucas_4.wav,data/fsdd/recordings/8_lucas_4.wav,8,lucas,4,8000,5431,0.678875,1,PCM_16,164852fef331f7a528dffe82c2158323c97f037787b275ec7117b5d762519d38,True,True,
8_lucas_40.wav,data/fsdd/recordings/8_lucas_40.wav,8,lucas,40,8000,3975,0.496875,1,PCM_16,627f79aa28a01ecd489ea5a73716ee4b2b3d213143c2169e3d109f81ecb2bcd3,True,True,
8_lucas_41.wav,data/fsdd/recordings/8_lucas_41.wav,8,lucas,41,8000,4350,0.54375,1,PCM_16,6c86ce3bbee4e64694e8525f11cb558099c348a60f69b7f47b63eee677725c64,True,True,
8_lucas_42.wav,data/fsdd/recordings/8_lucas_42.wav,8,lucas,42,8000,3780,0.4725,1,PCM_16,46bee11dd32954f68cba0a5fb63acee7f6ebdd7d29a02113253df7e890c4d025,True,True,
8_lucas_43.wav,data/fsdd/recordings/8_lucas_43.wav,8,lucas,43,8000,4695,0.586875,1,PCM_16,174a2084bb074f27c594b6205bb5b79042314a6ec4acea6732d4944e07abf720,True,True,
8_lucas_44.wav,data/fsdd/recordings/8_lucas_44.wav,8,lucas,44,8000,4040,0.505,1,PCM_16,f652a15b1c0426d391440219cef21dcec57b853d424bc63a1193c7758dd7c8b0,True,True,
8_lucas_45.wav,data/fsdd/recordings/8_lucas_45.wav,8,lucas,45,8000,3927,0.490875,1,PCM_16,117076d84876cc5720ad318fb44ca7bf681347018bd433735b626261070c733c,True,True,
8_lucas_46.wav,data/fsdd/recordings/8_lucas_46.wav,8,lucas,46,8000,3735,0.466875,1,PCM_16,9e13f3db450af5f03b8d0ebf3eff4aaefbc235aa2b95edd3f37c38ddfb37e803,True,True,
8_lucas_47.wav,data/fsdd/recordings/8_lucas_47.wav,8,lucas,47,8000,4670,0.58375,1,PCM_16,45ce42b5b0c3d7adba3bb160841c47fbac1ed7ccaf96792908597ad6d8234301,True,True,
8_lucas_48.wav,data/fsdd/recordings/8_lucas_48.wav,8,lucas,48,8000,3275,0.409375,1,PCM_16,dae5397e0bb0d61132849cb413316aa1643a17c7b749aeac28d128d670a3b718,True,True,
8_lucas_49.wav,data/fsdd/recordings/8_lucas_49.wav,8,lucas,49,8000,3222,0.40275,1,PCM_16,a3b717bbdd29e4ee4b04900247b21f3e478416e1a8483fd85346465acb87cf4d,True,True,
8_lucas_5.wav,data/fsdd/recordings/8_lucas_5.wav,8,lucas,5,8000,7361,0.920125,1,PCM_16,a9d6f4ac7267cd3f496fa7a48cd61ab15b36b2aee69a51b95e6f616400c4331d,True,True,
8_lucas_6.wav,data/fsdd/recordings/8_lucas_6.wav,8,lucas,6,8000,3416,0.427,1,PCM_16,b7b0711fa62dbea05b6754dfae55b322fc6ca63daf46f630556ba722ab9bde3d,True,True,
8_lucas_7.wav,data/fsdd/recordings/8_lucas_7.wav,8,lucas,7,8000,6203,0.775375,1,PCM_16,712c5b4cf7cec73b682132dac6e8acbf39eda7f88a01cc4b80644d25136464d9,True,True,
8_lucas_8.wav,data/fsdd/recordings/8_lucas_8.wav,8,lucas,8,8000,3646,0.45575,1,PCM_16,5e2baf0607ba9bd3535481151d18e3e92a587dfe2eedf7fae9e576bbb031c0ed,True,True,
8_lucas_9.wav,data/fsdd/recordings/8_lucas_9.wav,8,lucas,9,8000,4204,0.5255,1,PCM_16,7c5773b3b45b6c86823c89cdb508d8cd430c67b3ae7c9d487c843bf8d6e22fb3,True,True,
8_nicolas_0.wav,data/fsdd/recordings/8_nicolas_0.wav,8,nicolas,0,8000,1858,0.23225,1,PCM_16,8e2af922d9417b55344ab3ff7d14148c77551c877d5a5543103a6dc07625bc12,True,True,
8_nicolas_1.wav,data/fsdd/recordings/8_nicolas_1.wav,8,nicolas,1,8000,1805,0.225625,1,PCM_16,7b549bf7ddc327e75fd056b7af1bf62480a031cec1b6c89a6b0ca08d9c8e6382,True,True,
8_nicolas_10.wav,data/fsdd/recordings/8_nicolas_10.wav,8,nicolas,10,8000,3050,0.38125,1,PCM_16,0d8674bc493d9f0d6f88d682e5a06691bf5bc133fd7a8d60035f2a69ec9211e7,True,True,
8_nicolas_11.wav,data/fsdd/recordings/8_nicolas_11.wav,8,nicolas,11,8000,3984,0.498,1,PCM_16,12e6fb6b8671f8e83e4dacd3943ea61f5e54c8fb12a9e56e2ffaa968891e96c9,True,True,
8_nicolas_12.wav,data/fsdd/recordings/8_nicolas_12.wav,8,nicolas,12,8000,3591,0.448875,1,PCM_16,9ebac686039d908a9a308d7b2927fd1a1b5a99c63d1b03e05736e07d0e653e2c,True,True,
8_nicolas_13.wav,data/fsdd/recordings/8_nicolas_13.wav,8,nicolas,13,8000,3124,0.3905,1,PCM_16,d8179545cdca1fb9ff29be3c5e742422b7ec9e459fc14cfd955c0ece3d5c2cfd,True,True,
8_nicolas_14.wav,data/fsdd/recordings/8_nicolas_14.wav,8,nicolas,14,8000,3197,0.399625,1,PCM_16,13be4e00098cd370bc611f5f48372e86f8d233471440cda6364f991839974cf8,True,True,
8_nicolas_15.wav,data/fsdd/recordings/8_nicolas_15.wav,8,nicolas,15,8000,3689,0.461125,1,PCM_16,66f462a5c9d3d91d2fcc0dd56b05959e7d50b3bceab3a7cb2e89087ce4e1cecd,True,True,
8_nicolas_16.wav,data/fsdd/recordings/8_nicolas_16.wav,8,nicolas,16,8000,3739,0.467375,1,PCM_16,b17088ecdcdd965cd04f6ec8c75f141555ca52a022d52fac8fb73e7fee3a6be0,True,True,
8_nicolas_17.wav,data/fsdd/recordings/8_nicolas_17.wav,8,nicolas,17,8000,2828,0.3535,1,PCM_16,c8afa4352afdfb05797a91a10e5e2e8142c57e2422a5c18bfa5adf434ac1c7e2,True,True,
8_nicolas_18.wav,data/fsdd/recordings/8_nicolas_18.wav,8,nicolas,18,8000,3197,0.399625,1,PCM_16,08ed3fbb6c4544f3db8a85f8aff56e3b551b8d3c401e757393befbedadf40660,True,True,
8_nicolas_19.wav,data/fsdd/recordings/8_nicolas_19.wav,8,nicolas,19,8000,3320,0.415,1,PCM_16,086dfa1ed4fc421502177f999599b7091954c548cc47cab47004b357d99242f8,True,True,
8_nicolas_2.wav,data/fsdd/recordings/8_nicolas_2.wav,8,nicolas,2,8000,1936,0.242,1,PCM_16,cbc6ea166625b66c5c62e5f1a7427f672d9a1d52b104d53a64e27496da3156ce,True,True,
8_nicolas_20.wav,data/fsdd/recordings/8_nicolas_20.wav,8,nicolas,20,8000,3361,0.420125,1,PCM_16,292049a5a09a9c4899f0e67136616edbedd09bee97d4cfbbdff826b69a8b87b8,True,True,
8_nicolas_21.wav,data/fsdd/recordings/8_nicolas_21.wav,8,nicolas,21,8000,3361,0.420125,1,PCM_16,f60de4047618923add453ba9d008df4610885f636bd2d0611f8023a8dbe85398,True,True,
8_nicolas_22.wav,data/fsdd/recordings/8_nicolas_22.wav,8,nicolas,22,8000,3136,0.392,1,PCM_16,e59417cf51a494f3bb8930ced80915224eaaee8bff5051229744f99599fead0d,True,True,
8_nicolas_23.wav,data/fsdd/recordings/8_nicolas_23.wav,8,nicolas,23,8000,3236,0.4045,1,PCM_16,0527a6d133f1807cc4b87737bd276404b235b0b129baebdc34696e8690adad5f,True,True,
8_nicolas_24.wav,data/fsdd/recordings/8_nicolas_24.wav,8,nicolas,24,8000,3485,0.435625,1,PCM_16,1fe567b02671e4eff09498525c9f4964f38b7a0c1b871450f9597d51c21529fc,True,True,
8_nicolas_25.wav,data/fsdd/recordings/8_nicolas_25.wav,8,nicolas,25,8000,3137,0.392125,1,PCM_16,d14d3eeee645427556a641d1168e8f2125f374eecc53391efeedfdd8f3265343,True,True,
8_nicolas_26.wav,data/fsdd/recordings/8_nicolas_26.wav,8,nicolas,26,8000,2639,0.329875,1,PCM_16,94c126af57f39349c5c402000736375edbbcfab81bb2b91213f63c73b6786401,True,True,
8_nicolas_27.wav,data/fsdd/recordings/8_nicolas_27.wav,8,nicolas,27,8000,2912,0.364,1,PCM_16,05e8025dd1dc2c8307dfe49b2b4e517973534a7ea0b75a4985969524bc415412,True,True,
8_nicolas_28.wav,data/fsdd/recordings/8_nicolas_28.wav,8,nicolas,28,8000,3062,0.38275,1,PCM_16,4257341d862ae84ddfd7febec5c8bdb999da7c0c058344dba59b557ad8406a95,True,True,
8_nicolas_29.wav,data/fsdd/recordings/8_nicolas_29.wav,8,nicolas,29,8000,2863,0.357875,1,PCM_16,9efe6ed7ca705b02ac6ba34fedd6c7dd41dea7fca9b738dde6542f0eef6ca8e7,True,True,
8_nicolas_3.wav,data/fsdd/recordings/8_nicolas_3.wav,8,nicolas,3,8000,2015,0.251875,1,PCM_16,5d2ac286f63a410ff4435e80a93ba0bbf2ca63e49b471cda71b468c46ad8ae68,True,True,
8_nicolas_30.wav,data/fsdd/recordings/8_nicolas_30.wav,8,nicolas,30,8000,3025,0.378125,1,PCM_16,53216c6bd04b2ad0c2ae8caeb4ed99d6d62fa461d5d12af88b554800a972ec30,True,True,
8_nicolas_31.wav,data/fsdd/recordings/8_nicolas_31.wav,8,nicolas,31,8000,3143,0.392875,1,PCM_16,738a89cacfe1f27dc3e053ca6f1690aa88ae722fbc97ac286aac5c8ee55a9a31,True,True,
8_nicolas_32.wav,data/fsdd/recordings/8_nicolas_32.wav,8,nicolas,32,8000,3380,0.4225,1,PCM_16,3d6aabe62b515dddc4d45447c36adc8884b97c3edba417ce28b6d4e71a7c4e4e,True,True,
8_nicolas_33.wav,data/fsdd/recordings/8_nicolas_33.wav,8,nicolas,33,8000,2936,0.367,1,PCM_16,259be29c04a3672bcd13d34d95c84a94cfbf10e2aa5f16f0765f3aeb9a4b7e76,True,True,
8_nicolas_34.wav,data/fsdd/recordings/8_nicolas_34.wav,8,nicolas,34,8000,3262,0.40775,1,PCM_16,e281d3eebd476bb63c7086fad052ebe20b7a3c5677ea4b9b6a5879938944284d,True,True,
8_nicolas_35.wav,data/fsdd/recordings/8_nicolas_35.wav,8,nicolas,35,8000,3025,0.378125,1,PCM_16,c65e78e92ca15e30a15caf21474ad289c0f62c501f4ebd7f92eda0f3525a7e93,True,True,
8_nicolas_36.wav,data/fsdd/recordings/8_nicolas_36.wav,8,nicolas,36,8000,3499,0.437375,1,PCM_16,0233a7ce6a214aed1eca298666f0cc260679bbf4a5e462b98ca80dc5e04086d5,True,True,
8_nicolas_37.wav,data/fsdd/recordings/8_nicolas_37.wav,8,nicolas,37,8000,3262,0.40775,1,PCM_16,b8b72e3c202942e867e1a12396b773e824b0fef4b65614fa198f640513cf542f,True,True,
8_nicolas_38.wav,data/fsdd/recordings/8_nicolas_38.wav,8,nicolas,38,8000,3380,0.4225,1,PCM_16,ec3b1bbf10506ac1f0f49efbba280232d54ea3a0995c4687fd03e078724bceef,True,True,
8_nicolas_39.wav,data/fsdd/recordings/8_nicolas_39.wav,8,nicolas,39,8000,3262,0.40775,1,PCM_16,5c0a6284dfbeb6857c5f88009c1291cd68d78f00127305d5aa62118ed329f700,True,True,
8_nicolas_4.wav,data/fsdd/recordings/8_nicolas_4.wav,8,nicolas,4,8000,2067,0.258375,1,PCM_16,08176ccf9dc7085586390aeacb93a10af64294659e90789e8627c080eba4f836,True,True,
8_nicolas_40.wav,data/fsdd/recordings/8_nicolas_40.wav,8,nicolas,40,8000,3053,0.381625,1,PCM_16,fcb77a1cf888c36bd5f336b3b2f3b4a9acc193a79974b4c4693ef09ed26dcce5,True,True,
8_nicolas_41.wav,data/fsdd/recordings/8_nicolas_41.wav,8,nicolas,41,8000,3020,0.3775,1,PCM_16,6fc4ed76cb19af484a8752d354bcf5a26eee30392f76f93b65d75623e8ac3481,True,True,
8_nicolas_42.wav,data/fsdd/recordings/8_nicolas_42.wav,8,nicolas,42,8000,2790,0.34875,1,PCM_16,f238a13ff7323da0e2c2efe233b96012814d62933a30b12dd007028b9ddd7cbe,True,True,
8_nicolas_43.wav,data/fsdd/recordings/8_nicolas_43.wav,8,nicolas,43,8000,2823,0.352875,1,PCM_16,ad24b9b4bab3be57b28fa26914d68578aaec60f62820949990dcac6135a36ab9,True,True,
8_nicolas_44.wav,data/fsdd/recordings/8_nicolas_44.wav,8,nicolas,44,8000,2987,0.373375,1,PCM_16,aa0c372c76cc1f8241b7ab32986e1486e4299a4c15ca44195050804c34a12e73,True,True,
8_nicolas_45.wav,data/fsdd/recordings/8_nicolas_45.wav,8,nicolas,45,8000,3119,0.389875,1,PCM_16,bb925af6b0aff967fb70320eed57c6b774e3a837bb6f64915ad8281a30cc357a,True,True,
8_nicolas_46.wav,data/fsdd/recordings/8_nicolas_46.wav,8,nicolas,46,8000,2987,0.373375,1,PCM_16,4e23e6506740a8f67318f34ae49508a51f54611d0e4a1c027e1bcc998f2dfd18,True,True,
8_nicolas_47.wav,data/fsdd/recordings/8_nicolas_47.wav,8,nicolas,47,8000,3184,0.398,1,PCM_16,13e8da23c1d6b616dccd7db2765363cdcc02a8ec42887f2ce5bb1d8ad73f36a4,True,True,
8_nicolas_48.wav,data/fsdd/recordings/8_nicolas_48.wav,8,nicolas,48,8000,3151,0.393875,1,PCM_16,ae1ec4d5c79b6ce3a4b88fa7dbfe35c1fdf01f71937c0e3f4dbec4e8dab4aa47,True,True,
8_nicolas_49.wav,data/fsdd/recordings/8_nicolas_49.wav,8,nicolas,49,8000,3217,0.402125,1,PCM_16,22d357cd6b70cbc93aead0a4591cb3efe4a8e724a85529395178c3df42638da0,True,True,
8_nicolas_5.wav,data/fsdd/recordings/8_nicolas_5.wav,8,nicolas,5,8000,2407,0.300875,1,PCM_16,9f1b80d2d7790c290b84523d3ad9cc6c5dae90bbb9aa55bac848a8d033efc9a4,True,True,
8_nicolas_6.wav,data/fsdd/recordings/8_nicolas_6.wav,8,nicolas,6,8000,3244,0.4055,1,PCM_16,c6f06f2da6293d6d8c0e400b646757ca5500626b09c7e6c844b9ee9c01d65cc5,True,True,
8_nicolas_7.wav,data/fsdd/recordings/8_nicolas_7.wav,8,nicolas,7,8000,1805,0.225625,1,PCM_16,28a832b2b3b7d4e6d961470ff5ce335562c1e4611259a929bdfce38b86acad73,True,True,
8_nicolas_8.wav,data/fsdd/recordings/8_nicolas_8.wav,8,nicolas,8,8000,1858,0.23225,1,PCM_16,b78b922f50faef4729364341b4c71e339877470b140ab2bab0a0ba0051646d61,True,True,
8_nicolas_9.wav,data/fsdd/recordings/8_nicolas_9.wav,8,nicolas,9,8000,2146,0.26825,1,PCM_16,7665aaf52fc38784442db4850693146d5c35dbdd2b4ad03e640f936a49c4b8e2,True,True,
8_theo_0.wav,data/fsdd/recordings/8_theo_0.wav,8,theo,0,8000,2898,0.36225,1,PCM_16,24b8f7da347f041d1c5ddfa2e19984f12844b2a05ac6270de5856452092ec21f,True,True,
8_theo_1.wav,data/fsdd/recordings/8_theo_1.wav,8,theo,1,8000,2535,0.316875,1,PCM_16,08587f2d2bc5b9ca91af4067d6c2f267c5d2dea13ffd9f7b1eb601f7d3bb2bda,True,True,
8_theo_10.wav,data/fsdd/recordings/8_theo_10.wav,8,theo,10,8000,2590,0.32375,1,PCM_16,a20be63554dbab442c74ffc058d346d7d3e9ffd7bd50583381bc1c5031a21f00,True,True,
8_theo_11.wav,data/fsdd/recordings/8_theo_11.wav,8,theo,11,8000,2975,0.371875,1,PCM_16,c6d34ef1fab05f38b75c9f87e35c019475db4b34311d611adae33086b1b31e72,True,True,
8_theo_12.wav,data/fsdd/recordings/8_theo_12.wav,8,theo,12,8000,2982,0.37275,1,PCM_16,48559f9f2c22e98eece4b475123486cafb9eaef547698e746ff1548ea75bbbcd,True,True,
8_theo_13.wav,data/fsdd/recordings/8_theo_13.wav,8,theo,13,8000,2888,0.361,1,PCM_16,4c20e58e25bcd7853965dcb0fefd3763504c385d09fab843925cac691cb8c14a,True,True,
8_theo_14.wav,data/fsdd/recordings/8_theo_14.wav,8,theo,14,8000,2606,0.32575,1,PCM_16,0369b3aeac1b54b1329d31d6d24564eb16f2fca902a39ec04793fe508f0e0153,True,True,
8_theo_15.wav,data/fsdd/recordings/8_theo_15.wav,8,theo,15,8000,3159,0.394875,1,PCM_16,243b0b91b5b1b9153fbc1567a404452921bf2c922393aa11e166e08587283182,True,True,
8_theo_16.wav,data/fsdd/recordings/8_theo_16.wav,8,theo,16,8000,3236,0.4045,1,PCM_16,148408a7f552b19e2cf896aadd4b26b1061a23c649c4f0002a664d628c8e01cf,True,True,
8_theo_17.wav,data/fsdd/recordings/8_theo_17.wav,8,theo,17,8000,2757,0.344625,1,PCM_16,66782a2bd3a69196e53042ca82a4564b12fc6dd740dd039f722cae76ee6b528b,True,True,
8_theo_18.wav,data/fsdd/recordings/8_theo_18.wav,8,theo,18,8000,3153,0.394125,1,PCM_16,f104894585fdbed466eea0bfa144dc3db8f2e8fac9690ed103dd3e8fe16fe66d,True,True,
8_theo_19.wav,data/fsdd/recordings/8_theo_19.wav,8,theo,19,8000,2631,0.328875,1,PCM_16,e3f24ed9f3fc867c36b0c2ece3624451ebd8eb93f2f4adb252b9dc9cb7895fdf,True,True,
8_theo_2.wav,data/fsdd/recordings/8_theo_2.wav,8,theo,2,8000,2892,0.3615,1,PCM_16,543f8803728ebd2377e87be8de87fc69ab3bf2115d9e0be85197e0b0ff6501c0,True,True,
8_theo_20.wav,data/fsdd/recordings/8_theo_20.wav,8,theo,20,8000,3123,0.390375,1,PCM_16,b78d2c6236d3e02a0d68c8381f88efc0851bdf73a6d7694efd7333035e3c819b,True,True,
8_theo_21.wav,data/fsdd/recordings/8_theo_21.wav,8,theo,21,8000,4016,0.502,1,PCM_16,4512dfe062306c437fdce5db30e3f9c83722e5cc8e26454d1417d07cafcb5b5e,True,True,
8_theo_22.wav,data/fsdd/recordings/8_theo_22.wav,8,theo,22,8000,4535,0.566875,1,PCM_16,52bfbc857865f2193188b5481e988e5c4861c133361c6c66ce7309a7283a3b68,True,True,
8_theo_23.wav,data/fsdd/recordings/8_theo_23.wav,8,theo,23,8000,2546,0.31825,1,PCM_16,4cfd95f9c48f5dcee3e806c32150869ee6b805de373949852b9d0b5cd4fa98cc,True,True,
8_theo_24.wav,data/fsdd/recordings/8_theo_24.wav,8,theo,24,8000,2732,0.3415,1,PCM_16,ea0b2b65d99bd8b87cce41dd82a1842d7a7850a9c306c181d277435e8ee55e6a,True,True,
8_theo_25.wav,data/fsdd/recordings/8_theo_25.wav,8,theo,25,8000,2313,0.289125,1,PCM_16,1ec27b655072008ab8c6efda3bdaf37dd89beb724b249a28eb3c2a8f775b348c,True,True,
8_theo_26.wav,data/fsdd/recordings/8_theo_26.wav,8,theo,26,8000,2779,0.347375,1,PCM_16,26638899b1d9e616ec76fbd4e994a085e517fde09d7cb1f33947b1347b993d26,True,True,
8_theo_27.wav,data/fsdd/recordings/8_theo_27.wav,8,theo,27,8000,5026,0.62825,1,PCM_16,a7e88d14a1e201d701afb90e52fb5b04ee554195014b41ab56957115748965fb,True,True,
8_theo_28.wav,data/fsdd/recordings/8_theo_28.wav,8,theo,28,8000,3454,0.43175,1,PCM_16,2d058ff9f15506df2520d99dc83fad4e42bead7f3ec58da8583dfd8774db33fe,True,True,
8_theo_29.wav,data/fsdd/recordings/8_theo_29.wav,8,theo,29,8000,2347,0.293375,1,PCM_16,f128e228aeafdf601555983f8757d949bd1c23b35ee5442e96d8c8045400a98b,True,True,
8_theo_3.wav,data/fsdd/recordings/8_theo_3.wav,8,theo,3,8000,2320,0.29,1,PCM_16,d30c1d582d2bdde0e04ac89f1b68b6d45dc0803aa545a80450adc16d5cedca10,True,True,
8_theo_30.wav,data/fsdd/recordings/8_theo_30.wav,8,theo,30,8000,3252,0.4065,1,PCM_16,89078cb15835cd1bd2b979e510960bcabc74f68c95fae2d471d3560efbcb1e2c,True,True,
8_theo_31.wav,data/fsdd/recordings/8_theo_31.wav,8,theo,31,8000,2509,0.313625,1,PCM_16,75294939d7a9ec7fd6c86a300c26015e8b5982b62a37d294a43f6a9de0df8a3e,True,True,
8_theo_32.wav,data/fsdd/recordings/8_theo_32.wav,8,theo,32,8000,3513,0.439125,1,PCM_16,06310335c4859de4b8df427758523dab4ed11d9a2dddec12dbd2f6f0bf5ef5ae,True,True,
8_theo_33.wav,data/fsdd/recordings/8_theo_33.wav,8,theo,33,8000,4092,0.5115,1,PCM_16,5b5b65b3db7dc586e209f55e201bc233494cf98627a30ca50d460ed9284f0fac,True,True,
8_theo_34.wav,data/fsdd/recordings/8_theo_34.wav,8,theo,34,8000,2049,0.256125,1,PCM_16,b6ededa5134cb5af471f7af193af94a7cfe9efe4a0cb7d2b5370db12e9987ba7,True,True,
8_theo_35.wav,data/fsdd/recordings/8_theo_35.wav,8,theo,35,8000,2671,0.333875,1,PCM_16,ff27734bb2e17b8e38eed0aad2f47ac6be0e1731c9931ed4f89bdd16866b0271,True,True,
8_theo_36.wav,data/fsdd/recordings/8_theo_36.wav,8,theo,36,8000,2972,0.3715,1,PCM_16,55968a72eddbfecc5bc1c226bffbf73fb2295d46aa6b8d0754503c5fd54d8e2d,True,True,
8_theo_37.wav,data/fsdd/recordings/8_theo_37.wav,8,theo,37,8000,2818,0.35225,1,PCM_16,1f9d3b16c9c5aa40a79dcd64dbf3eaf9094172dde9273786afc17a4cac999f17,True,True,
8_theo_38.wav,data/fsdd/recordings/8_theo_38.wav,8,theo,38,8000,2311,0.288875,1,PCM_16,37992f6dca4f983bb517624c769938d9eaa33db4833af1754fd280ebb0189827,True,True,
8_theo_39.wav,data/fsdd/recordings/8_theo_39.wav,8,theo,39,8000,4244,0.5305,1,PCM_16,bdb5c4eada741399f0961d66d74d9e38ed60d550c24580981c88e13bda6490fa,True,True,
8_theo_4.wav,data/fsdd/recordings/8_theo_4.wav,8,theo,4,8000,2818,0.35225,1,PCM_16,43134b97433b6275faa1ec9ec410d82984ba388118e585a0324556234d2e2405,True,True,
8_theo_40.wav,data/fsdd/recordings/8_theo_40.wav,8,theo,40,8000,2855,0.356875,1,PCM_16,92da74c455cb2a79313731fad56b1f6f8956808a0058c83081c7728ac9655ffa,True,True,
8_theo_41.wav,data/fsdd/recordings/8_theo_41.wav,8,theo,41,8000,2872,0.359,1,PCM_16,23372f478a3b99aedd41c4a4a9855a47263e2d38e6b300ec92bfdbbc5994882e,True,True,
8_theo_42.wav,data/fsdd/recordings/8_theo_42.wav,8,theo,42,8000,2636,0.3295,1,PCM_16,66e63064c5bd8c3efa3154884588c13c0c06f388fa854d9e1e4a9f8c957be1b4,True,True,
8_theo_43.wav,data/fsdd/recordings/8_theo_43.wav,8,theo,43,8000,2540,0.3175,1,PCM_16,75a155d6e19455811e1595afb01bf612942882d0355ab022911e4778a2f20611,True,True,
8_theo_44.wav,data/fsdd/recordings/8_theo_44.wav,8,theo,44,8000,2279,0.284875,1,PCM_16,da7ac785e185dde14b83fd863756582bbc03620f89a41dce268cae30e3194a9e,True,True,
8_theo_45.wav,data/fsdd/recordings/8_theo_45.wav,8,theo,45,8000,2318,0.28975,1,PCM_16,6e006ffc6b8b74cc2e5e6efe67b30a8beab0390dab127b4ea8e02c32e1c99b7d,True,True,
8_theo_46.wav,data/fsdd/recordings/8_theo_46.wav,8,theo,46,8000,3123,0.390375,1,PCM_16,a6f74389b843e063ba784dd84319c373e2762c2b09a6b002356e237b4bf34446,True,True,
8_theo_47.wav,data/fsdd/recordings/8_theo_47.wav,8,theo,47,8000,2683,0.335375,1,PCM_16,177a3b48cd427eb666d9489d79a18527720c33d31ddbdfceb9f71ec996718f02,True,True,
8_theo_48.wav,data/fsdd/recordings/8_theo_48.wav,8,theo,48,8000,5077,0.634625,1,PCM_16,e0fc1b76b4d55d3de0d8ecbcd5f60e50613781280196535e0d383401e1271d22,True,True,
8_theo_49.wav,data/fsdd/recordings/8_theo_49.wav,8,theo,49,8000,2499,0.312375,1,PCM_16,a6c4c80993239dd3ff724e25c368fd90dec1c08689a0a4525bb3df6bc69c9acf,True,True,
8_theo_5.wav,data/fsdd/recordings/8_theo_5.wav,8,theo,5,8000,2507,0.313375,1,PCM_16,70b9f01fd002aa6dff7c6812cda7a59b8a0999f29f441255a7b56fe503dc43f2,True,True,
8_theo_6.wav,data/fsdd/recordings/8_theo_6.wav,8,theo,6,8000,3142,0.39275,1,PCM_16,a99132022e419d0891a1632552576affb34881b26683b62eaf452b7f7e6dbe50,True,True,
8_theo_7.wav,data/fsdd/recordings/8_theo_7.wav,8,theo,7,8000,2565,0.320625,1,PCM_16,14537f7f266af7732a7bde39ca05946fbbdefa9ad54abd2f96778905456e6827,True,True,
8_theo_8.wav,data/fsdd/recordings/8_theo_8.wav,8,theo,8,8000,2520,0.315,1,PCM_16,e71c9e2f9311a343564a77db896c573468c07dfd40a97c70c68d52023a239999,True,True,
8_theo_9.wav,data/fsdd/recordings/8_theo_9.wav,8,theo,9,8000,2813,0.351625,1,PCM_16,a15a8432ecf9cf312eba0ca64851006b71ad60c5f4353a59b20a1f59297761c7,True,True,
8_yweweler_0.wav,data/fsdd/recordings/8_yweweler_0.wav,8,yweweler,0,8000,2532,0.3165,1,PCM_16,ef1973bb1d3111d6b251aee38ea7afe93a987fff84b2861729648f90acfa47b3,True,True,
8_yweweler_1.wav,data/fsdd/recordings/8_yweweler_1.wav,8,yweweler,1,8000,2834,0.35425,1,PCM_16,80e9f4e922055cf7d34a1ae4b83d7607b1e5d7370c39d6d57199fb1fff3e4f2d,True,True,
8_yweweler_10.wav,data/fsdd/recordings/8_yweweler_10.wav,8,yweweler,10,8000,2527,0.315875,1,PCM_16,4b942579895db16c1da035aa7d1505f9df4e9cfa42866a00401da69d208e6696,True,True,
8_yweweler_11.wav,data/fsdd/recordings/8_yweweler_11.wav,8,yweweler,11,8000,2800,0.35,1,PCM_16,12bea4656178159f33c220424a27cdaf443408bebd30df7ce45bc620c93ae88c,True,True,
8_yweweler_12.wav,data/fsdd/recordings/8_yweweler_12.wav,8,yweweler,12,8000,2431,0.303875,1,PCM_16,727c6ac83b02793cbbec816efa8fb2f1b74d551a0765da1052e176ed4f20a7f1,True,True,
8_yweweler_13.wav,data/fsdd/recordings/8_yweweler_13.wav,8,yweweler,13,8000,3112,0.389,1,PCM_16,c94ad1eef9adccf91036f9e40a09e78f9b73d76367f610159ccda81a721a988c,True,True,
8_yweweler_14.wav,data/fsdd/recordings/8_yweweler_14.wav,8,yweweler,14,8000,2657,0.332125,1,PCM_16,6d79aba404d067e283da113e717791676fb8d3983a10d36a8ba6173aee24fd66,True,True,
8_yweweler_15.wav,data/fsdd/recordings/8_yweweler_15.wav,8,yweweler,15,8000,1880,0.235,1,PCM_16,c9238392c6e7e94c40081f31cc52e4a162c19df187e72262ba41302fb1f157b9,True,True,
8_yweweler_16.wav,data/fsdd/recordings/8_yweweler_16.wav,8,yweweler,16,8000,2062,0.25775,1,PCM_16,c32512dd455a3afdf9a675ec296151ec1c96216334be7cd9137c65645147491c,True,True,
8_yweweler_17.wav,data/fsdd/recordings/8_yweweler_17.wav,8,yweweler,17,8000,2561,0.320125,1,PCM_16,b1a36a4d0389283a4b58f22542f59043f71962838c0afdee7d4b07e6de5e695a,True,True,
8_yweweler_18.wav,data/fsdd/recordings/8_yweweler_18.wav,8,yweweler,18,8000,1963,0.245375,1,PCM_16,d0c3e6ec45ac9fa14f4b09cade119dfe84eb7e09440ce1e39ea4cbebd4cf9c6e,True,True,
8_yweweler_19.wav,data/fsdd/recordings/8_yweweler_19.wav,8,yweweler,19,8000,2020,0.2525,1,PCM_16,c172b3b90702bfd94b81277e99b204a7dbedd5e63c87b9a65d808c4bd5e02596,True,True,
8_yweweler_2.wav,data/fsdd/recordings/8_yweweler_2.wav,8,yweweler,2,8000,2169,0.271125,1,PCM_16,05e104c8ede1404986a1d6e0aca09b0dc40dab89ae4471aac9533a3d2e63a1b4,True,True,
8_yweweler_20.wav,data/fsdd/recordings/8_yweweler_20.wav,8,yweweler,20,8000,2518,0.31475,1,PCM_16,93dd058671ae827cf5b77b8bd7062bd7ddf8d35fac39c5c711634a945f78a8e2,True,True,
8_yweweler_21.wav,data/fsdd/recordings/8_yweweler_21.wav,8,yweweler,21,8000,2465,0.308125,1,PCM_16,d713c758527a7c807d23588b6ed416d4ea2c35395f7ff5e9724433537530ed36,True,True,
8_yweweler_22.wav,data/fsdd/recordings/8_yweweler_22.wav,8,yweweler,22,8000,3118,0.38975,1,PCM_16,c1992c7480130f7291e71b1992e1f37f8f81a7cbe337af4bfda4c356e49174d8,True,True,
8_yweweler_23.wav,data/fsdd/recordings/8_yweweler_23.wav,8,yweweler,23,8000,2375,0.296875,1,PCM_16,3f9f08b0c5d53b275fdbd915f2cfda52502e0b56743c5f6ce2f353455fe33c7d,True,True,
8_yweweler_24.wav,data/fsdd/recordings/8_yweweler_24.wav,8,yweweler,24,8000,2982,0.37275,1,PCM_16,2d9fe8792eb38de97c5c93de78b7927d40fa7db8732bbecf3e94a11ee3c013b8,True,True,
8_yweweler_25.wav,data/fsdd/recordings/8_yweweler_25.wav,8,yweweler,25,8000,2235,0.279375,1,PCM_16,a4ecf97988d199b392b884bce401ce88a50002940486ebb77a1f46ad338ba5d5,True,True,
8_yweweler_26.wav,data/fsdd/recordings/8_yweweler_26.wav,8,yweweler,26,8000,2628,0.3285,1,PCM_16,ddfb51f7039273aa61a2984c4b18449951151cf119d6eaae16907b9a9607d019,True,True,
8_yweweler_27.wav,data/fsdd/recordings/8_yweweler_27.wav,8,yweweler,27,8000,2596,0.3245,1,PCM_16,949424d36aaecffc7239a74bb47245b768573164f068e5264d57e4e288baba53,True,True,
8_yweweler_28.wav,data/fsdd/recordings/8_yweweler_28.wav,8,yweweler,28,8000,4296,0.537,1,PCM_16,e151092e689469ea03b79a687d0a4b92c67af11eb39e5374f8589349afb39340,True,True,
8_yweweler_29.wav,data/fsdd/recordings/8_yweweler_29.wav,8,yweweler,29,8000,2658,0.33225,1,PCM_16,c532c70320b9e512eeedae930f6e6397cafa9baa6ea212be0c55c4381d7dcdfd,True,True,
8_yweweler_3.wav,data/fsdd/recordings/8_yweweler_3.wav,8,yweweler,3,8000,2597,0.324625,1,PCM_16,4bc9b2728282f3979ee827b95b720122a3e794912d6d10713d195122c74ec806,True,True,
8_yweweler_30.wav,data/fsdd/recordings/8_yweweler_30.wav,8,yweweler,30,8000,2845,0.355625,1,PCM_16,5decef80a1e15187c9e4bf75763225e739ec1f24c0ffb2c045ebf09441a2c1ff,True,True,
8_yweweler_31.wav,data/fsdd/recordings/8_yweweler_31.wav,8,yweweler,31,8000,3172,0.3965,1,PCM_16,6934fc5d82915e7b12e8a87cc5df2754de2d9eab760058f4e35be67b4d08c77c,True,True,
8_yweweler_32.wav,data/fsdd/recordings/8_yweweler_32.wav,8,yweweler,32,8000,3276,0.4095,1,PCM_16,a2fd13ee32da14a3b49b14951bb0153132b1626c97a0c50e16c488ebf37d81b6,True,True,
8_yweweler_33.wav,data/fsdd/recordings/8_yweweler_33.wav,8,yweweler,33,8000,3243,0.405375,1,PCM_16,a2efec14d350de12436661fadb84112985ebeaf25c1250cd9aec7040154e2aef,True,True,
8_yweweler_34.wav,data/fsdd/recordings/8_yweweler_34.wav,8,yweweler,34,8000,3874,0.48425,1,PCM_16,4c3dd146101f19024f9aa00f2bad26ca73e4e1f294f47fa710ff676a617fcc20,True,True,
8_yweweler_35.wav,data/fsdd/recordings/8_yweweler_35.wav,8,yweweler,35,8000,2489,0.311125,1,PCM_16,2523ca33feb9d2012fba8fc00a967e9f7d489d1c449f3466f519a9b34a6bd8b5,True,True,
8_yweweler_36.wav,data/fsdd/recordings/8_yweweler_36.wav,8,yweweler,36,8000,2353,0.294125,1,PCM_16,aec7d91dedb98d1f982f52e25dc3c5fbb5d84b5c3d6982e3387ddd767f0cdc40,True,True,
8_yweweler_37.wav,data/fsdd/recordings/8_yweweler_37.wav,8,yweweler,37,8000,2459,0.307375,1,PCM_16,08eeef2b36018c6d3efbce8b03ead41e2d945c4c683cd79fc80f56583e4163a8,True,True,
8_yweweler_38.wav,data/fsdd/recordings/8_yweweler_38.wav,8,yweweler,38,8000,2857,0.357125,1,PCM_16,7f13a97edee843fac2c21dbf74a7bfff0ae8ffff7169dd9bd3a8a469d1bbe590,True,True,
8_yweweler_39.wav,data/fsdd/recordings/8_yweweler_39.wav,8,yweweler,39,8000,2798,0.34975,1,PCM_16,e1003b5fa04a5d00d7fc5e39c4f24f24e4c21ef417645ec3e0fa65bfdb1520af,True,True,
8_yweweler_4.wav,data/fsdd/recordings/8_yweweler_4.wav,8,yweweler,4,8000,2608,0.326,1,PCM_16,06a853d132358c41a3aba507ab569384d6f386a0fdb2a1e75cc6cec5cc8fec65,True,True,
8_yweweler_40.wav,data/fsdd/recordings/8_yweweler_40.wav,8,yweweler,40,8000,2847,0.355875,1,PCM_16,ec9d07c7c7ca900c84fe4ac8cdfd4725bca2f448fddde1815f6cd8209058da24,True,True,
8_yweweler_41.wav,data/fsdd/recordings/8_yweweler_41.wav,8,yweweler,41,8000,2716,0.3395,1,PCM_16,3aa35050ade6c56e32260f810a97245fc8d476ed2bd637714e45ee67039f74d3,True,True,
8_yweweler_42.wav,data/fsdd/recordings/8_yweweler_42.wav,8,yweweler,42,8000,2697,0.337125,1,PCM_16,788f30f5489d24a23ead75714bcf970e533c53d91b914e0c3e89230ab8c598af,True,True,
8_yweweler_43.wav,data/fsdd/recordings/8_yweweler_43.wav,8,yweweler,43,8000,1749,0.218625,1,PCM_16,b46d7f2e77a99c64bcdf65d9db32782c788595914d35eb9f456fb07c7d0f80e2,True,True,
8_yweweler_44.wav,data/fsdd/recordings/8_yweweler_44.wav,8,yweweler,44,8000,1995,0.249375,1,PCM_16,fd00e00f51ef390fdc132bc2045b1fce1b1f7b581df5352431ba069e14a86487,True,True,
8_yweweler_45.wav,data/fsdd/recordings/8_yweweler_45.wav,8,yweweler,45,8000,2540,0.3175,1,PCM_16,808a71f9105d4b4f267767b41f2de38c088d065edb723f00cd459b9fb654384d,True,True,
8_yweweler_46.wav,data/fsdd/recordings/8_yweweler_46.wav,8,yweweler,46,8000,2629,0.328625,1,PCM_16,1e1ac92cbd9fc571285dda18e103cc62dbe3b8e1e0f9af28e4705fd6b60fd0f8,True,True,
8_yweweler_47.wav,data/fsdd/recordings/8_yweweler_47.wav,8,yweweler,47,8000,2727,0.340875,1,PCM_16,2235569a2a417b56e91b89b620ee046bea020a08478f02f96d48d78c62bcebf0,True,True,
8_yweweler_48.wav,data/fsdd/recordings/8_yweweler_48.wav,8,yweweler,48,8000,2414,0.30175,1,PCM_16,1d07d3eafde4027e9bc158351ab73aa7c73f55eb4fda61805a53b27efec487f0,True,True,
8_yweweler_49.wav,data/fsdd/recordings/8_yweweler_49.wav,8,yweweler,49,8000,1962,0.24525,1,PCM_16,5c45612cb430adfaff345941a829c3cd389d1ac6e918ce26b546638dff12d5b4,True,True,
8_yweweler_5.wav,data/fsdd/recordings/8_yweweler_5.wav,8,yweweler,5,8000,2149,0.268625,1,PCM_16,f97766267bdc29b1124cf060932b35b373cf30bb285a103353c84bbfb48add9b,True,True,
8_yweweler_6.wav,data/fsdd/recordings/8_yweweler_6.wav,8,yweweler,6,8000,2178,0.27225,1,PCM_16,abf10ab096ebfbb6dd89fcf21339a69f3d133f0519159431f72a3ebc2b608406,True,True,
8_yweweler_7.wav,data/fsdd/recordings/8_yweweler_7.wav,8,yweweler,7,8000,2171,0.271375,1,PCM_16,b5ca784767210867a5ecf0d30bac1a56da2e1252abcc9b1284100eefc09a8778,True,True,
8_yweweler_8.wav,data/fsdd/recordings/8_yweweler_8.wav,8,yweweler,8,8000,2483,0.310375,1,PCM_16,d2aac49c65832cbaa167c3bf3f4f770b3bbbf39f4b6f838be910215fd7c812a9,True,True,
8_yweweler_9.wav,data/fsdd/recordings/8_yweweler_9.wav,8,yweweler,9,8000,2499,0.312375,1,PCM_16,7270508d5b6a78982b208b0505c3135b4f54c1bb8918825ee971b1fb711c715a,True,True,
9_george_0.wav,data/fsdd/recordings/9_george_0.wav,9,george,0,8000,4189,0.523625,1,PCM_16,2a9e54630a64239890f4716445dfa949236841b76e2f880f38cd0c5e28a997e9,True,True,
9_george_1.wav,data/fsdd/recordings/9_george_1.wav,9,george,1,8000,4000,0.5,1,PCM_16,a66489d953f56adf6963a64f410c7a0d4ae76704684abb5165b8b03433b2b55c,True,True,
9_george_10.wav,data/fsdd/recordings/9_george_10.wav,9,george,10,8000,3856,0.482,1,PCM_16,363cbe5ed039df3115d702b64ff5dd966ec1040c14527982bd43ae0fc15045bb,True,True,
9_george_11.wav,data/fsdd/recordings/9_george_11.wav,9,george,11,8000,3659,0.457375,1,PCM_16,f0eb3a987ca5dd0df1c75a6048bf3ec20020e613a6626985d8287d525b8d88e4,True,True,
9_george_12.wav,data/fsdd/recordings/9_george_12.wav,9,george,12,8000,3881,0.485125,1,PCM_16,808a0a75b4716f99c54d61cb91a7b95bc588c87d1a9e5c1430e89553cc55e42a,True,True,
9_george_13.wav,data/fsdd/recordings/9_george_13.wav,9,george,13,8000,3440,0.43,1,PCM_16,0a6274581bd56ee6dc6588876f426732224bd5b7885e295f8746ac0ac269e092,True,True,
9_george_14.wav,data/fsdd/recordings/9_george_14.wav,9,george,14,8000,3875,0.484375,1,PCM_16,afe6a339960276f07a4a6a5c31eafe192bcb5a7d2e33b469258a1b41a90f7e86,True,True,
9_george_15.wav,data/fsdd/recordings/9_george_15.wav,9,george,15,8000,4346,0.54325,1,PCM_16,be9e0a81912d3a7bd03ede4a406227e5027c236ad8c0848665ec72b4d0d8d2f5,True,True,
9_george_16.wav,data/fsdd/recordings/9_george_16.wav,9,george,16,8000,4299,0.537375,1,PCM_16,1cffc2a5112f12b138d1deab70e461513f2f9b18f4c130b59bf7165812b7b074,True,True,
9_george_17.wav,data/fsdd/recordings/9_george_17.wav,9,george,17,8000,4778,0.59725,1,PCM_16,9f663b977068372c2b2935b15564425cf4f02d4ff4a20a953d2591f894618bac,True,True,
9_george_18.wav,data/fsdd/recordings/9_george_18.wav,9,george,18,8000,3951,0.493875,1,PCM_16,1228c908532572df822ea0c34ed9b98b53d543b763048334d0191dd573de767a,True,True,
9_george_19.wav,data/fsdd/recordings/9_george_19.wav,9,george,19,8000,4898,0.61225,1,PCM_16,3cbb53fbb25b471d902b74a4350dfe1e5fc00ed08478bc481729071b5fa304f8,True,True,
9_george_2.wav,data/fsdd/recordings/9_george_2.wav,9,george,2,8000,3983,0.497875,1,PCM_16,ca35b3a937cc95d2682ad27688f23dec1dc6f6dc88d05fdd0d710fb87cacb46e,True,True,
9_george_20.wav,data/fsdd/recordings/9_george_20.wav,9,george,20,8000,3207,0.400875,1,PCM_16,faec8cfa9a349ecf848efadcb40dda279807235b99ab8679db5da47044337703,True,True,
9_george_21.wav,data/fsdd/recordings/9_george_21.wav,9,george,21,8000,4038,0.50475,1,PCM_16,e25502e8a67170411acd8a5219eff44f13abd672d18576508d9df8d34a06e0ef,True,True,
9_george_22.wav,data/fsdd/recordings/9_george_22.wav,9,george,22,8000,4896,0.612,1,PCM_16,67ab10a283039bdf87ad89631690a29194a0be9709d1a4ce3847725edc89bdc8,True,True,
9_george_23.wav,data/fsdd/recordings/9_george_23.wav,9,george,23,8000,4782,0.59775,1,PCM_16,23f6048c4147463491b10c8c1683b463f4c5f5965dbc671b9478c61707a56a29,True,True,
9_george_24.wav,data/fsdd/recordings/9_george_24.wav,9,george,24,8000,3231,0.403875,1,PCM_16,14cc45f023361383dd88c0645dc586d621c896b03149b728ff2f0659da02e1b1,True,True,
9_george_25.wav,data/fsdd/recordings/9_george_25.wav,9,george,25,8000,3785,0.473125,1,PCM_16,013ad5918711eeb9f683e0482f97510c7eccc885cbfc60cf3b207ce1d5ddaa96,True,True,
9_george_26.wav,data/fsdd/recordings/9_george_26.wav,9,george,26,8000,3524,0.4405,1,PCM_16,9d15132c4cad471e688c5624a6747f622d47f413424f7f09d0b0dd38ea821350,True,True,
9_george_27.wav,data/fsdd/recordings/9_george_27.wav,9,george,27,8000,3690,0.46125,1,PCM_16,ae72129abbd6227008eb8dc3d08cdbc0fe2f4d1237a6736c4a047695c62f0825,True,True,
9_george_28.wav,data/fsdd/recordings/9_george_28.wav,9,george,28,8000,3934,0.49175,1,PCM_16,62009373f4bd9ce44e7bf401da5fa2b9c6c0463b39acadb3e0a6e571ddfaee9e,True,True,
9_george_29.wav,data/fsdd/recordings/9_george_29.wav,9,george,29,8000,3673,0.459125,1,PCM_16,d51e8939cec0e2abeb96dba48e8ac03254c9af1d5fe8f7d98ea0c57361e19561,True,True,
9_george_3.wav,data/fsdd/recordings/9_george_3.wav,9,george,3,8000,2683,0.335375,1,PCM_16,a02da7dbb5c35ef503528c465c14044d2b54d399aaaba6765183f11f3ddb8e8a,True,True,
9_george_30.wav,data/fsdd/recordings/9_george_30.wav,9,george,30,8000,2759,0.344875,1,PCM_16,5dceab726b668607e5373c81336dea3844911137a8aba75fc9cf0f6fa162d911,True,True,
9_george_31.wav,data/fsdd/recordings/9_george_31.wav,9,george,31,8000,2248,0.281,1,PCM_16,249e894d97c1919eace1e6ada0232c5a22d99661bd0dbdbbcfdab351a40d6ae4,True,True,
9_george_32.wav,data/fsdd/recordings/9_george_32.wav,9,george,32,8000,3914,0.48925,1,PCM_16,a48b17accb866985a46c8fc2a7b9a450a19b96ad0854577e22c475a1dd5c48b0,True,True,
9_george_33.wav,data/fsdd/recordings/9_george_33.wav,9,george,33,8000,2929,0.366125,1,PCM_16,2697961ce7bfd0eba71b31057940a719c8bea6422bea5908db36bdaec1157703,True,True,
9_george_34.wav,data/fsdd/recordings/9_george_34.wav,9,george,34,8000,3032,0.379,1,PCM_16,a84025482028042243a601c5cd6c6de5a7f5b4e022dafc95cd92740c2f5dcdd1,True,True,
9_george_35.wav,data/fsdd/recordings/9_george_35.wav,9,george,35,8000,2863,0.357875,1,PCM_16,c646e9c7e45bd5a5f2ca65a4d205c669ce894f4dc786cfc57a730372fb1199f4,True,True,
9_george_36.wav,data/fsdd/recordings/9_george_36.wav,9,george,36,8000,3262,0.40775,1,PCM_16,7d6e41ac4570139dd932cc9a96453342e00c2b93b0075448e9a24c2ca23d4412,True,True,
9_george_37.wav,data/fsdd/recordings/9_george_37.wav,9,george,37,8000,3900,0.4875,1,PCM_16,c0c07ca254b81760cdd1773531f4e6c3348b543f0d92e96e0f953bc27f23cfcb,True,True,
9_george_38.wav,data/fsdd/recordings/9_george_38.wav,9,george,38,8000,3310,0.41375,1,PCM_16,1ca5cb16d81053b51540e8a3df613fc56920555eb89eb04ed615e667a1ab61ef,True,True,
9_george_39.wav,data/fsdd/recordings/9_george_39.wav,9,george,39,8000,3790,0.47375,1,PCM_16,d19f1dd39e5f18b7a2d3a3a3cb8bc6845c45793fa4b738263306afbf413fde2c,True,True,
9_george_4.wav,data/fsdd/recordings/9_george_4.wav,9,george,4,8000,3952,0.494,1,PCM_16,a85f20245d8770227dcc36fdd85d448e3e6f9e2bdaaf94c1375a1f7376c9d863,True,True,
9_george_40.wav,data/fsdd/recordings/9_george_40.wav,9,george,40,8000,2788,0.3485,1,PCM_16,c59c4ba82be1be19d3b6acc63232a49fc1fae3f75d7ad57e29e4ee42cad28111,True,True,
9_george_41.wav,data/fsdd/recordings/9_george_41.wav,9,george,41,8000,3930,0.49125,1,PCM_16,f27e79308cb9a332fe84cf7da626d02e14e965e1c9617b18a5ad4110914f5462,True,True,
9_george_42.wav,data/fsdd/recordings/9_george_42.wav,9,george,42,8000,2846,0.35575,1,PCM_16,430b77c60673ff03cbf05193ebf469eb3b704c90df8f0367a7ac6e1db683f89f,True,True,
9_george_43.wav,data/fsdd/recordings/9_george_43.wav,9,george,43,8000,3278,0.40975,1,PCM_16,1236839cf656e59e5cfc7e0283598ce4de3500d23145ec532ee79d864ff9bf8c,True,True,
9_george_44.wav,data/fsdd/recordings/9_george_44.wav,9,george,44,8000,3418,0.42725,1,PCM_16,bda1b0c3fbfc76f67e543ef6c7063606c9bdd260e8dc4a3e3b64106b56475768,True,True,
9_george_45.wav,data/fsdd/recordings/9_george_45.wav,9,george,45,8000,3972,0.4965,1,PCM_16,88215b950a2d5697e3510a96e7465b11c37ad5e35ccabdc6b36b55dc0c44c4d7,True,True,
9_george_46.wav,data/fsdd/recordings/9_george_46.wav,9,george,46,8000,3450,0.43125,1,PCM_16,6a3615e9858457ca87c334540866d8a73a3d678d5cf203b27ed91588774f12cf,True,True,
9_george_47.wav,data/fsdd/recordings/9_george_47.wav,9,george,47,8000,3806,0.47575,1,PCM_16,a068bcf74e055c57a8fc1c8750ce874cb9287225eed45d2b597021e6c4d89130,True,True,
9_george_48.wav,data/fsdd/recordings/9_george_48.wav,9,george,48,8000,3442,0.43025,1,PCM_16,1ec98f23d8c58961d2482bfaf156bc0a1264aacd41e5fcccf1925e4724a0820b,True,True,
9_george_49.wav,data/fsdd/recordings/9_george_49.wav,9,george,49,8000,3588,0.4485,1,PCM_16,9066b52d9c0c640c1ef858f82c4a2aa8015b4eda48655e646a2c338659db37e4,True,True,
9_george_5.wav,data/fsdd/recordings/9_george_5.wav,9,george,5,8000,4285,0.535625,1,PCM_16,35ca3cb0f9528ce9b2af566b97dfdc344428005038571ff0dec505726e9dccec,True,True,
9_george_6.wav,data/fsdd/recordings/9_george_6.wav,9,george,6,8000,4587,0.573375,1,PCM_16,3760cc356b389fbe92433a94082f751e8432a2c663904a86db13eade5c80653a,True,True,
9_george_7.wav,data/fsdd/recordings/9_george_7.wav,9,george,7,8000,5043,0.630375,1,PCM_16,d47172a95e05344fc69d376135479e841b473ebdb4222c8e3afaabf3876f212e,True,True,
9_george_8.wav,data/fsdd/recordings/9_george_8.wav,9,george,8,8000,4308,0.5385,1,PCM_16,5c17551885f8bada5e4283779bc99ad01609ba6c805f3d5ff825053716b46595,True,True,
9_george_9.wav,data/fsdd/recordings/9_george_9.wav,9,george,9,8000,4125,0.515625,1,PCM_16,a2bf599219e9c0488715ce2960e4527d985510d312ebd3bd1539ad11865eddfc,True,True,
9_jackson_0.wav,data/fsdd/recordings/9_jackson_0.wav,9,jackson,0,8000,4827,0.603375,1,PCM_16,6b25bbf21f65cf5a6c9713ecf05b5d34641bbcfaac56b9d4d694f65758e12ff0,True,True,
9_jackson_1.wav,data/fsdd/recordings/9_jackson_1.wav,9,jackson,1,8000,4523,0.565375,1,PCM_16,86eb4753f8231b049d4209b2a5458a1c8c888ba0283af25fb529309b15b29882,True,True,
9_jackson_10.wav,data/fsdd/recordings/9_jackson_10.wav,9,jackson,10,8000,4108,0.5135,1,PCM_16,7cd9ff19b53edad2b896cbeae8514e05dc4762b0adefdfc2f313578377bf09da,True,True,
9_jackson_11.wav,data/fsdd/recordings/9_jackson_11.wav,9,jackson,11,8000,4960,0.62,1,PCM_16,b5a655526e7d08393060ae524008b1ca0dd374cde6e8666f07e4e9f79b652c56,True,True,
9_jackson_12.wav,data/fsdd/recordings/9_jackson_12.wav,9,jackson,12,8000,4622,0.57775,1,PCM_16,2ad316aed6ee58db99cab094ca2908040e57c10486d5635132210dbb10f555f8,True,True,
9_jackson_13.wav,data/fsdd/recordings/9_jackson_13.wav,9,jackson,13,8000,4751,0.593875,1,PCM_16,ac739c2fa3712e30df34c10d5c1a49dda874071868171635492f448a27f47913,True,True,
9_jackson_14.wav,data/fsdd/recordings/9_jackson_14.wav,9,jackson,14,8000,4972,0.6215,1,PCM_16,3995c3de094e21ff26c840e5f66399fb68a291b32dc7ff8dacd7ac11a8afd7b4,True,True,
9_jackson_15.wav,data/fsdd/recordings/9_jackson_15.wav,9,jackson,15,8000,4716,0.5895,1,PCM_16,3ed760fc210840b2d28d037bb52101b675c34b20948739bc41f1f1c7f4447605,True,True,
9_jackson_16.wav,data/fsdd/recordings/9_jackson_16.wav,9,jackson,16,8000,3752,0.469,1,PCM_16,9ecb86115ea5e9188a5d3417b8d327654dbb1d39e47a80092e6ef6e377580101,True,True,
9_jackson_17.wav,data/fsdd/recordings/9_jackson_17.wav,9,jackson,17,8000,3827,0.478375,1,PCM_16,0b36b39647ba650e60653f0781ec31e76733450f919fc1563804c5ba56ce82d1,True,True,
9_jackson_18.wav,data/fsdd/recordings/9_jackson_18.wav,9,jackson,18,8000,4282,0.53525,1,PCM_16,e8615e175601d8d9b793f3ca2307f880a92dc1a9aaf62d198b86c6f54ebba3e5,True,True,
9_jackson_19.wav,data/fsdd/recordings/9_jackson_19.wav,9,jackson,19,8000,4343,0.542875,1,PCM_16,ade01da5a26fe3504c9ab0a7c6e3d29700ff130f89544ac33465628d94895a1f,True,True,
9_jackson_2.wav,data/fsdd/recordings/9_jackson_2.wav,9,jackson,2,8000,4632,0.579,1,PCM_16,a9688175aa71fdd002c683e3af48a06cc94c331282e6f300f116b702edaa1525,True,True,
9_jackson_20.wav,data/fsdd/recordings/9_jackson_20.wav,9,jackson,20,8000,4746,0.59325,1,PCM_16,472c62db01bb4dd57df84fe38978f948886a16f177cb9ad1e44e95a05ecf3dcd,True,True,
9_jackson_21.wav,data/fsdd/recordings/9_jackson_21.wav,9,jackson,21,8000,4294,0.53675,1,PCM_16,ab115337cda87a231ed72d114cc92466d3b7512f56943980e11f58985afd0ebc,True,True,
9_jackson_22.wav,data/fsdd/recordings/9_jackson_22.wav,9,jackson,22,8000,4142,0.51775,1,PCM_16,c7894c1cc181762971dd83b8da582de30c788d7cddcb07612e712c262318db68,True,True,
9_jackson_23.wav,data/fsdd/recordings/9_jackson_23.wav,9,jackson,23,8000,4923,0.615375,1,PCM_16,f5dc826d61373080118d95db5a2dd2801f5b8ae70b72cb5552a7dc70b11a3e7b,True,True,
9_jackson_24.wav,data/fsdd/recordings/9_jackson_24.wav,9,jackson,24,8000,4330,0.54125,1,PCM_16,d70d2234358a07e87e5e2ad2f979d8a31327403bd184bc1218b438f0d6dea802,True,True,
9_jackson_25.wav,data/fsdd/recordings/9_jackson_25.wav,9,jackson,25,8000,3942,0.49275,1,PCM_16,51cbd3bdbe447e43a650a635a5449499a52bd88234a6ddd82f9f200866ce2b45,True,True,
9_jackson_26.wav,data/fsdd/recordings/9_jackson_26.wav,9,jackson,26,8000,4984,0.623,1,PCM_16,35070785a55eb5d41a2e9670a02f0876058f13251cbd996407ac4c53b590d88f,True,True,
9_jackson_27.wav,data/fsdd/recordings/9_jackson_27.wav,9,jackson,27,8000,4865,0.608125,1,PCM_16,88dd8e5666e58784fd45caf5d04cf94d01a5c65942b3f0df109fe337efab6722,True,True,
9_jackson_28.wav,data/fsdd/recordings/9_jackson_28.wav,9,jackson,28,8000,4881,0.610125,1,PCM_16,a119e3147c0a19c89dd0ddf5f0fda0cd6778d61a931d5cd2246c7492149142e7,True,True,
9_jackson_29.wav,data/fsdd/recordings/9_jackson_29.wav,9,jackson,29,8000,4135,0.516875,1,PCM_16,b927f9d18bd15910ce3e32cad9093ab469e42dd40eea21594d789746826160bc,True,True,
9_jackson_3.wav,data/fsdd/recordings/9_jackson_3.wav,9,jackson,3,8000,4300,0.5375,1,PCM_16,e31bd5b6bae99c8f706029461a89e3fdf71e0625d7d662f73782c20be0f625b5,True,True,
9_jackson_30.wav,data/fsdd/recordings/9_jackson_30.wav,9,jackson,30,8000,5093,0.636625,1,PCM_16,860259fb42fc532ad6e4fb89724b9bb1ef2e97de507003e7fd00f609207d0bce,True,True,
9_jackson_31.wav,data/fsdd/recordings/9_jackson_31.wav,9,jackson,31,8000,5198,0.64975,1,PCM_16,723dbba0df3e2821d9dbb9164c5035643b511e094025dead109bc864ac01c097,True,True,
9_jackson_32.wav,data/fsdd/recordings/9_jackson_32.wav,9,jackson,32,8000,5084,0.6355,1,PCM_16,5026c518a5ed48b93fe4c63b518f7d7d9ec3523847506fc9b56537fc1fa68f20,True,True,
9_jackson_33.wav,data/fsdd/recordings/9_jackson_33.wav,9,jackson,33,8000,5405,0.675625,1,PCM_16,5b55b61ae8d92e85eaf7db458ebe53a9d19eb96267c3aaaefb1068609f9d5ea3,True,True,
9_jackson_34.wav,data/fsdd/recordings/9_jackson_34.wav,9,jackson,34,8000,5450,0.68125,1,PCM_16,4e1b5d5655a648d292f5e05791923cf37c4adf64caa351a609efff8b5bde6914,True,True,
9_jackson_35.wav,data/fsdd/recordings/9_jackson_35.wav,9,jackson,35,8000,5269,0.658625,1,PCM_16,8b0103d4332ed8b3c345ffbc1cd3dbef4ddb56218f6e5794dbc1a464ecd5d0be,True,True,
9_jackson_36.wav,data/fsdd/recordings/9_jackson_36.wav,9,jackson,36,8000,5267,0.658375,1,PCM_16,c5bc4904020ca83b19dbec5f459c0ed243c32cde41afb1e7e67404bc3b6613f1,True,True,
9_jackson_37.wav,data/fsdd/recordings/9_jackson_37.wav,9,jackson,37,8000,4992,0.624,1,PCM_16,789d88a97a8a60c99d729b4ec60ad2f3fa867467037b43f51f314beefc0391c8,True,True,
9_jackson_38.wav,data/fsdd/recordings/9_jackson_38.wav,9,jackson,38,8000,5201,0.650125,1,PCM_16,3fbb00ee64c6a06a21b5e780c7e4bc77abefffe398829efb7438155ac14ca828,True,True,
9_jackson_39.wav,data/fsdd/recordings/9_jackson_39.wav,9,jackson,39,8000,4830,0.60375,1,PCM_16,9d64699ffb6d7c0b08434de444c089d2038af4710af6ad347f45c5c408b30796,True,True,
9_jackson_4.wav,data/fsdd/recordings/9_jackson_4.wav,9,jackson,4,8000,4653,0.581625,1,PCM_16,484ea4682d507c1f80ebd34a8fd65b5ca5216b26ba99a060d74c6392f00c8a84,True,True,
9_jackson_40.wav,data/fsdd/recordings/9_jackson_40.wav,9,jackson,40,8000,4962,0.62025,1,PCM_16,a67bd0dcd345465168a92724d8c9cc8ccc83e6ff9db0cfc486621bd25dcdf9cf,True,True,
9_jackson_41.wav,data/fsdd/recordings/9_jackson_41.wav,9,jackson,41,8000,4443,0.555375,1,PCM_16,09fb11024c774124483cf69e0c269b50b7dd5ce675cc4ec6cab28ef971152aef,True,True,
9_jackson_42.wav,data/fsdd/recordings/9_jackson_42.wav,9,jackson,42,8000,4649,0.581125,1,PCM_16,f1d5ffd4bb4c2aa8f9c323ad06b6e2ae92b1381f374ede42731f82271ff15474,True,True,
9_jackson_43.wav,data/fsdd/recordings/9_jackson_43.wav,9,jackson,43,8000,4962,0.62025,1,PCM_16,abe0e31a129e22b8394c7958563ade3ffc9cf0111cd9c5753decb64add247051,True,True,
9_jackson_44.wav,data/fsdd/recordings/9_jackson_44.wav,9,jackson,44,8000,4835,0.604375,1,PCM_16,e600f0b2f37dfaae6b39e7cd48154342c5e913317b00f4b4d9e4db243f104d54,True,True,
9_jackson_45.wav,data/fsdd/recordings/9_jackson_45.wav,9,jackson,45,8000,4328,0.541,1,PCM_16,8f39562efd0455912ae7435622851ff9f4249a7b4718acf10ea4979c65700b64,True,True,
9_jackson_46.wav,data/fsdd/recordings/9_jackson_46.wav,9,jackson,46,8000,5177,0.647125,1,PCM_16,c2cb3ff07915fec577d1de58abd9187842a1f832b0bbc324adbc475819c0c955,True,True,
9_jackson_47.wav,data/fsdd/recordings/9_jackson_47.wav,9,jackson,47,8000,4896,0.612,1,PCM_16,20c2cbe33df1436d4d014a56f251dc6bfaf0e1177cddf3978376c3bc6b46ceee,True,True,
9_jackson_48.wav,data/fsdd/recordings/9_jackson_48.wav,9,jackson,48,8000,4872,0.609,1,PCM_16,5e504dedf3f657100e8819107c1093ab578d6914fc028c0fb2885b59006920dc,True,True,
9_jackson_49.wav,data/fsdd/recordings/9_jackson_49.wav,9,jackson,49,8000,5158,0.64475,1,PCM_16,bfcd48b99d113ea9092c6918030589e02e459b33f10f71689f341d3562e6691e,True,True,
9_jackson_5.wav,data/fsdd/recordings/9_jackson_5.wav,9,jackson,5,8000,4605,0.575625,1,PCM_16,e95d78c078540eeb7f5aecc42673b80c069342137b5bf3ac67f00107d09e5056,True,True,
9_jackson_6.wav,data/fsdd/recordings/9_jackson_6.wav,9,jackson,6,8000,4445,0.555625,1,PCM_16,3fa1ecac9a5fca4a9638156f9eef7b065daba20cd592988b90ce038665e48b55,True,True,
9_jackson_7.wav,data/fsdd/recordings/9_jackson_7.wav,9,jackson,7,8000,4307,0.538375,1,PCM_16,96e5eb05b750dabb7acf279708c6faf29a630709a5ce309767649650d8fd672d,True,True,
9_jackson_8.wav,data/fsdd/recordings/9_jackson_8.wav,9,jackson,8,8000,5090,0.63625,1,PCM_16,376eb3c8f4b8d64a15c185ecda63f20730061d77bb206888b73efb08b795ca8c,True,True,
9_jackson_9.wav,data/fsdd/recordings/9_jackson_9.wav,9,jackson,9,8000,4313,0.539125,1,PCM_16,5efa4d54716a4d01cba0635c958031936a06f8364c4bf552ac0a351fe905be1e,True,True,
9_lucas_0.wav,data/fsdd/recordings/9_lucas_0.wav,9,lucas,0,8000,4087,0.510875,1,PCM_16,6508d1d8403fdaceb221968cd0090a422645493bc24a049dda75a04b6387495c,True,True,
9_lucas_1.wav,data/fsdd/recordings/9_lucas_1.wav,9,lucas,1,8000,4484,0.5605,1,PCM_16,041cc6ed99d4c7a0f305c06d38876a91f51df819351ab4caf0b4c1c757093b8b,True,True,
9_lucas_10.wav,data/fsdd/recordings/9_lucas_10.wav,9,lucas,10,8000,3962,0.49525,1,PCM_16,99580c6c83a86e659abd38e04e50d9a9f811ac324921c6a38fc13c2e94221bf2,True,True,
9_lucas_11.wav,data/fsdd/recordings/9_lucas_11.wav,9,lucas,11,8000,3580,0.4475,1,PCM_16,46ffa0104b7ef38b4a917cdb502f4399e8903e62bd8ab0eb9e1a88a6d342c898,True,True,
9_lucas_12.wav,data/fsdd/recordings/9_lucas_12.wav,9,lucas,12,8000,8943,1.117875,1,PCM_16,73cf59a25cb64a53b0444fa3acb81b8e5c674f07f44beb8de633ce50ea84db46,True,True,
9_lucas_13.wav,data/fsdd/recordings/9_lucas_13.wav,9,lucas,13,8000,6995,0.874375,1,PCM_16,1f7bdbe0e45b215e0915c8b48a1281c1ff13b888deb13e7cef1c7477cb200bd1,True,True,
9_lucas_14.wav,data/fsdd/recordings/9_lucas_14.wav,9,lucas,14,8000,3559,0.444875,1,PCM_16,2bf92eff6aa93aa3522bcc446dfd2a7229e9bdda7f123b9ac5398164b720a966,True,True,
9_lucas_15.wav,data/fsdd/recordings/9_lucas_15.wav,9,lucas,15,8000,4120,0.515,1,PCM_16,d77499f239ae6f81dd8abfb48fb472c21de1cec2e05382156b1160f16de6adfb,True,True,
9_lucas_16.wav,data/fsdd/recordings/9_lucas_16.wav,9,lucas,16,8000,3423,0.427875,1,PCM_16,5b0d4cc0985c8232525c2412c167f21a5ce8220163e22d86feba299f7b032f50,True,True,
9_lucas_17.wav,data/fsdd/recordings/9_lucas_17.wav,9,lucas,17,8000,3560,0.445,1,PCM_16,45b0acfe58544058300391e402f342f1fba8c3f702cf4cca55906aadba616484,True,True,
9_lucas_18.wav,data/fsdd/recordings/9_lucas_18.wav,9,lucas,18,8000,5379,0.672375,1,PCM_16,85d4f78b08f657d5ddd9fec81317808d58914c1ee7d503d67474750191cbe28b,True,True,
9_lucas_19.wav,data/fsdd/recordings/9_lucas_19.wav,9,lucas,19,8000,2733,0.341625,1,PCM_16,e0b7ba1f364b0af8733b3292ce5a675791e3be9c2df1c695cc70a5355b1df6ef,True,True,
9_lucas_2.wav,data/fsdd/recordings/9_lucas_2.wav,9,lucas,2,8000,3828,0.4785,1,PCM_16,c490aa86483c463fa522ea1bacbe23f33b577469d8798bc3e606ad53629ec169,True,True,
9_lucas_20.wav,data/fsdd/recordings/9_lucas_20.wav,9,lucas,20,8000,3830,0.47875,1,PCM_16,bf1b583edada2a630e178b21477ec501dbc50ddf095b087bcb5b2735a61698df,True,True,
9_lucas_21.wav,data/fsdd/recordings/9_lucas_21.wav,9,lucas,21,8000,4539,0.567375,1,PCM_16,b7284c7c1629724138663aee22fecb503cf8661da0d2549770077921494aaab8,True,True,
9_lucas_22.wav,data/fsdd/recordings/9_lucas_22.wav,9,lucas,22,8000,3612,0.4515,1,PCM_16,9d0b7b095370c560f430f438a7476080ddc41f3bbecdad572fc60c721a49985c,True,True,
9_lucas_23.wav,data/fsdd/recordings/9_lucas_23.wav,9,lucas,23,8000,4221,0.527625,1,PCM_16,4a7729a63de95d7c257c12de24275b6f5add5dd1efeefd5120e38d09a143cb7e,True,True,
9_lucas_24.wav,data/fsdd/recordings/9_lucas_24.wav,9,lucas,24,8000,6733,0.841625,1,PCM_16,b5d2c26a6b8fa7e042920f063636382c990d236374df8bcde839286fb9744107,True,True,
9_lucas_25.wav,data/fsdd/recordings/9_lucas_25.wav,9,lucas,25,8000,6548,0.8185,1,PCM_16,706c5e6bc1a7e67bc076113fb138feaaa8915bb9b5e6cdd20cb8b1468f351ee4,True,True,
9_lucas_26.wav,data/fsdd/recordings/9_lucas_26.wav,9,lucas,26,8000,2970,0.37125,1,PCM_16,5527eba412e9754fcdbdc14768fb853f5cfa9400ce5074d18e989dfcf7354d5e,True,True,
9_lucas_27.wav,data/fsdd/recordings/9_lucas_27.wav,9,lucas,27,8000,2784,0.348,1,PCM_16,0e2ee6fa09ff2a0f645f1fe51ac8fa2db2b25c860225c1b72c30ba9af803b0fc,True,True,
9_lucas_28.wav,data/fsdd/recordings/9_lucas_28.wav,9,lucas,28,8000,3918,0.48975,1,PCM_16,23bbc4bc830f440b83ba026dde705b8b57baca6434b836cd5b435cc51902f391,True,True,
9_lucas_29.wav,data/fsdd/recordings/9_lucas_29.wav,9,lucas,29,8000,5045,0.630625,1,PCM_16,4f28f40e616c3600723d0d31748b8d220a31783d898cd23f90bcad6257c082d8,True,True,
9_lucas_3.wav,data/fsdd/recordings/9_lucas_3.wav,9,lucas,3,8000,3626,0.45325,1,PCM_16,a0f6796fbb1c840e70156b7b0ffad6840c953ddd20634ef026b772939899671c,True,True,
9_lucas_30.wav,data/fsdd/recordings/9_lucas_30.wav,9,lucas,30,8000,4362,0.54525,1,PCM_16,4d116e2bfcec16579d85fccdf40554f7cbc5c144f859023698e302c81985387a,True,True,
9_lucas_31.wav,data/fsdd/recordings/9_lucas_31.wav,9,lucas,31,8000,4585,0.573125,1,PCM_16,58ce2fdddd9f3b52b31b600566c532137f4416556d4d6bfc88e5705ecff709f3,True,True,
9_lucas_32.wav,data/fsdd/recordings/9_lucas_32.wav,9,lucas,32,8000,4934,0.61675,1,PCM_16,0176f046b08a6910c307638c10bccb368da79bce4b4cc1685f7cf0ff0d1aee5b,True,True,
9_lucas_33.wav,data/fsdd/recordings/9_lucas_33.wav,9,lucas,33,8000,5040,0.63,1,PCM_16,1573b54abf2ee70fbc8170ad2a544e976e2533a3ac5c612483c511c5536ccb95,True,True,
9_lucas_34.wav,data/fsdd/recordings/9_lucas_34.wav,9,lucas,34,8000,4160,0.52,1,PCM_16,2d6d0b0f7ecd237d7cde9bed7d9e9b7b10d96b3b8bfb1d690c428b12e1e20f1c,True,True,
9_lucas_35.wav,data/fsdd/recordings/9_lucas_35.wav,9,lucas,35,8000,4359,0.544875,1,PCM_16,0537bfa77b1e8baeb9e66641456db44986e2b61cf8b66c58aa4f10666bf55cf0,True,True,
9_lucas_36.wav,data/fsdd/recordings/9_lucas_36.wav,9,lucas,36,8000,4408,0.551,1,PCM_16,c5228801e689c62d287b976ab4115c202d9f120939d09ab467864257bcc1a562,True,True,
9_lucas_37.wav,data/fsdd/recordings/9_lucas_37.wav,9,lucas,37,8000,4923,0.615375,1,PCM_16,b3c2e57925938fb10e7422cc1dcf2a6188c7927fbedaf1e15427fe7acdaaf942,True,True,
9_lucas_38.wav,data/fsdd/recordings/9_lucas_38.wav,9,lucas,38,8000,5153,0.644125,1,PCM_16,deb033adb2867600f4244823773caf174b25c9e1c8602ce695939a83a8b24911,True,True,
9_lucas_39.wav,data/fsdd/recordings/9_lucas_39.wav,9,lucas,39,8000,4657,0.582125,1,PCM_16,e5d9b8936502a37fc71609f588d0a6660d169e86fa54b88aefd047f414969a31,True,True,
9_lucas_4.wav,data/fsdd/recordings/9_lucas_4.wav,9,lucas,4,8000,3813,0.476625,1,PCM_16,495780535f3e40e13094dec1fb50fac9266f2e905153c97355adaee0de583c2d,True,True,
9_lucas_40.wav,data/fsdd/recordings/9_lucas_40.wav,9,lucas,40,8000,4202,0.52525,1,PCM_16,ce3169b4646edf1a5751fbce44c1f0c37c90fc3ba7823eef1c8d3fb5c041028b,True,True,
9_lucas_41.wav,data/fsdd/recordings/9_lucas_41.wav,9,lucas,41,8000,4502,0.56275,1,PCM_16,730b498a05c289f3fe89cb52f92e569362b350b0224251043c780640687ba1cf,True,True,
9_lucas_42.wav,data/fsdd/recordings/9_lucas_42.wav,9,lucas,42,8000,4074,0.50925,1,PCM_16,206572258de7f8e0f2174e44e99603ddebc4c03930f16406b32bf1022655bb54,True,True,
9_lucas_43.wav,data/fsdd/recordings/9_lucas_43.wav,9,lucas,43,8000,4941,0.617625,1,PCM_16,85fc69ae2d241009c5a1a3e66ea1db7ad1ba584bc000d341299f7e0044eb8cc9,True,True,
9_lucas_44.wav,data/fsdd/recordings/9_lucas_44.wav,9,lucas,44,8000,3153,0.394125,1,PCM_16,bc90c56ba9c8a86ea6e2304ff0463c8a90a58f1bd7af24d8d7def0a6971ef8d8,True,True,
9_lucas_45.wav,data/fsdd/recordings/9_lucas_45.wav,9,lucas,45,8000,5616,0.702,1,PCM_16,4b6c884787d33b33ddf58b4d93f5eb781c3bd4906ad7c3bc9de00a0b9fda279a,True,True,
9_lucas_46.wav,data/fsdd/recordings/9_lucas_46.wav,9,lucas,46,8000,4186,0.52325,1,PCM_16,62e5b5b7e5fc6f28e92eabccb810536bfc7e079ef100b2fc987a5b08d9afa269,True,True,
9_lucas_47.wav,data/fsdd/recordings/9_lucas_47.wav,9,lucas,47,8000,4715,0.589375,1,PCM_16,3dd14121e305825376245b68564807ece340aff9754e5248bc365e544540caf6,True,True,
9_lucas_48.wav,data/fsdd/recordings/9_lucas_48.wav,9,lucas,48,8000,9681,1.210125,1,PCM_16,b9a9414e4bac00b83181c75a52d2045a07d8c12245ff30e360a3e2cf1208a191,True,True,
9_lucas_49.wav,data/fsdd/recordings/9_lucas_49.wav,9,lucas,49,8000,3418,0.42725,1,PCM_16,b216628d8acc605caf897403e36d74adb863b4837c7265baea1b89927108fffc,True,True,
9_lucas_5.wav,data/fsdd/recordings/9_lucas_5.wav,9,lucas,5,8000,4340,0.5425,1,PCM_16,1673ebfb2ef8bd9ec9e77bd9aeeea3b41c96b1a1a7a5fb4e15c16379a1a93856,True,True,
9_lucas_6.wav,data/fsdd/recordings/9_lucas_6.wav,9,lucas,6,8000,3877,0.484625,1,PCM_16,b8eb8a5b355aeaf091491c472bc02412db228b28f6471320eb05d9cc77d7aea2,True,True,
9_lucas_7.wav,data/fsdd/recordings/9_lucas_7.wav,9,lucas,7,8000,4561,0.570125,1,PCM_16,8e722ceccf61d02a804984d035b639de27118106f80bd79a5ad246d399b83e6a,True,True,
9_lucas_8.wav,data/fsdd/recordings/9_lucas_8.wav,9,lucas,8,8000,4012,0.5015,1,PCM_16,f354040fe14eb48fae7b99a908c92f5c05e3c6f90ad9c34bf4ab3530317b0bae,True,True,
9_lucas_9.wav,data/fsdd/recordings/9_lucas_9.wav,9,lucas,9,8000,5119,0.639875,1,PCM_16,b3227a0dad26ad60588939bc3674d96d3277cee6d6d022af89ebe468bb43d7ff,True,True,
9_nicolas_0.wav,data/fsdd/recordings/9_nicolas_0.wav,9,nicolas,0,8000,3335,0.416875,1,PCM_16,44e8eb48a33839ac22c10c702963fbb53463858187a721f3addbacfe0e5cf14b,True,True,
9_nicolas_1.wav,data/fsdd/recordings/9_nicolas_1.wav,9,nicolas,1,8000,3941,0.492625,1,PCM_16,27321fdd3105d4ec80a6b9a8e6730d8c0c8ed91149bc14ecdc9c5773a9a86bce,True,True,
9_nicolas_10.wav,data/fsdd/recordings/9_nicolas_10.wav,9,nicolas,10,8000,4083,0.510375,1,PCM_16,eadf4d93f6c285129e705dd2bfadeab144297b76af5d3fc03f7a37cd2797df2e,True,True,
9_nicolas_11.wav,data/fsdd/recordings/9_nicolas_11.wav,9,nicolas,11,8000,4265,0.533125,1,PCM_16,297a6d06d91b46b7c82426a2e7504900eabb0307f45ce0e1b5c1c9f58db0af99,True,True,
9_nicolas_12.wav,data/fsdd/recordings/9_nicolas_12.wav,9,nicolas,12,8000,3902,0.48775,1,PCM_16,e288e1df50f222b9fdc9b770414904892f16331d888bb51f43c2402ac28462b5,True,True,
9_nicolas_13.wav,data/fsdd/recordings/9_nicolas_13.wav,9,nicolas,13,8000,3448,0.431,1,PCM_16,c61e40a72afb3a3a3d98a9786d0df3736d851a7b4a1c29422acc013fde997eb3,True,True,
9_nicolas_14.wav,data/fsdd/recordings/9_nicolas_14.wav,9,nicolas,14,8000,3388,0.4235,1,PCM_16,d2c5475bec59b965cd21b147df8cdbe8665c1e8ffc94aefb6a5ae90eb0392895,True,True,
9_nicolas_15.wav,data/fsdd/recordings/9_nicolas_15.wav,9,nicolas,15,8000,3448,0.431,1,PCM_16,a6f8fca442599a19ff4a84d6527f3c4b91b633425d6f480a609b34de71b4657e,True,True,
9_nicolas_16.wav,data/fsdd/recordings/9_nicolas_16.wav,9,nicolas,16,8000,3479,0.434875,1,PCM_16,0f81e937519cb684e035980941e9a90841222ed90eff739910e3ce3542879bdf,True,True,
9_nicolas_17.wav,data/fsdd/recordings/9_nicolas_17.wav,9,nicolas,17,8000,3539,0.442375,1,PCM_16,f6a3bb21e59c02f3acc35832b7c1a57677df921f6f2af1dafac5783c2304daef,True,True,
9_nicolas_18.wav,data/fsdd/recordings/9_nicolas_18.wav,9,nicolas,18,8000,3720,0.465,1,PCM_16,48fc64d91b08b2f5d540a85021d95e89f3eda89d7cdb89bb0e3ec529adae8fa7,True,True,
9_nicolas_19.wav,data/fsdd/recordings/9_nicolas_19.wav,9,nicolas,19,8000,3357,0.419625,1,PCM_16,79df33ce1d11f0c0d24eed433b77e3b98d73c18ba516ba892a8d070168ecddfd,True,True,
9_nicolas_2.wav,data/fsdd/recordings/9_nicolas_2.wav,9,nicolas,2,8000,3547,0.443375,1,PCM_16,e772f8b570fe6125877e4818257690117aca98622522f68165f70ac2d1c93985,True,True,
9_nicolas_20.wav,data/fsdd/recordings/9_nicolas_20.wav,9,nicolas,20,8000,2968,0.371,1,PCM_16,3f17f847191e2aba34107ae2fcd82a1d35bbb3e52da7096c0fd58dd9a97ee7d9,True,True,
9_nicolas_21.wav,data/fsdd/recordings/9_nicolas_21.wav,9,nicolas,21,8000,3119,0.389875,1,PCM_16,7e0390f8546048aad832720b393b67fc227541b8fe43ea5255d29d5fceabff1a,True,True,
9_nicolas_22.wav,data/fsdd/recordings/9_nicolas_22.wav,9,nicolas,22,8000,3119,0.389875,1,PCM_16,4cf7bd551832664e5f737d5ef56b4184cc89a674dd57b043026a3afa993d7eac,True,True,
9_nicolas_23.wav,data/fsdd/recordings/9_nicolas_23.wav,9,nicolas,23,8000,3180,0.3975,1,PCM_16,565520ffb8407787e88390ed63a46069daee131b818446ee06b6188cdc74ef77,True,True,
9_nicolas_24.wav,data/fsdd/recordings/9_nicolas_24.wav,9,nicolas,24,8000,3392,0.424,1,PCM_16,ae6a17c4ed2c277882f968a9f9ad7ce44196b1811668d5c4b532aaf3c965b793,True,True,
9_nicolas_25.wav,data/fsdd/recordings/9_nicolas_25.wav,9,nicolas,25,8000,3331,0.416375,1,PCM_16,26295fd58b166ae0c4b9c7eaf2fc035accbd959877bc28e2a9bfb4cbbe1872a4,True,True,
9_nicolas_26.wav,data/fsdd/recordings/9_nicolas_26.wav,9,nicolas,26,8000,3240,0.405,1,PCM_16,6224e75d59bec53487489d9f4180e44320b94ef2e0cb8fb32ae47f226b3a9a54,True,True,
9_nicolas_27.wav,data/fsdd/recordings/9_nicolas_27.wav,9,nicolas,27,8000,3603,0.450375,1,PCM_16,d94adda87ce89a202cab1e0bb0084f3cfd005ca278cf7e1931aba7e010ee79df,True,True,
9_nicolas_28.wav,data/fsdd/recordings/9_nicolas_28.wav,9,nicolas,28,8000,3785,0.473125,1,PCM_16,a0d4f6ddf2b4f5eac005db516cff3093c36b268ea99c7ee5175a418203b5df0b,True,True,
9_nicolas_29.wav,data/fsdd/recordings/9_nicolas_29.wav,9,nicolas,29,8000,3422,0.42775,1,PCM_16,6515227bc3b1ab3a02f6aace65d6ebb5b43ca8f7f7857461a85729255b5b72bd,True,True,
9_nicolas_3.wav,data/fsdd/recordings/9_nicolas_3.wav,9,nicolas,3,8000,3486,0.43575,1,PCM_16,161a814d0276415db63bf71a8af026c48eebac5e72a02689fa7ab0b3f1666839,True,True,
9_nicolas_30.wav,data/fsdd/recordings/9_nicolas_30.wav,9,nicolas,30,8000,3616,0.452,1,PCM_16,c7ff091cfa7b3ec726699f94bd0b1482a7be95f8b59f70b6d18e53e35e274a65,True,True,
9_nicolas_31.wav,data/fsdd/recordings/9_nicolas_31.wav,9,nicolas,31,8000,2868,0.3585,1,PCM_16,e62344abc7fcf6ad3680435c5ca43eae0a7233cfc0a4b04e2036856c30e00e17,True,True,
9_nicolas_32.wav,data/fsdd/recordings/9_nicolas_32.wav,9,nicolas,32,8000,3429,0.428625,1,PCM_16,53e3d8568ec81ddcafc00d1dc42872e13215a8358bf5d0df14e1bcfd9be5e84c,True,True,
9_nicolas_33.wav,data/fsdd/recordings/9_nicolas_33.wav,9,nicolas,33,8000,3460,0.4325,1,PCM_16,ccd413e33aebe71306cd3a2df982fc08afd06bf155e71d1c5a7196756fce0f2a,True,True,
9_nicolas_34.wav,data/fsdd/recordings/9_nicolas_34.wav,9,nicolas,34,8000,3304,0.413,1,PCM_16,b4ea02fad4eb4dc0e19ee41b3e8c6ee63b4c2ae8074cf0ec5a0fb83ab15af4b7,True,True,
9_nicolas_35.wav,data/fsdd/recordings/9_nicolas_35.wav,9,nicolas,35,8000,3117,0.389625,1,PCM_16,c1abac14aa6ce3697b8d41c5fc6ef6eedc9e8cb4939aafaf0eab52df10c8ef23,True,True,
9_nicolas_36.wav,data/fsdd/recordings/9_nicolas_36.wav,9,nicolas,36,8000,3741,0.467625,1,PCM_16,ef3cf855ec504cca24e9904758e205087b235f4affaec4d0af23ef9421007f78,True,True,
9_nicolas_37.wav,data/fsdd/recordings/9_nicolas_37.wav,9,nicolas,37,8000,3429,0.428625,1,PCM_16,c66aa49c9232d69eb7bb9afe57c36f659d2f64c7ef82b32fac17e8978768ca98,True,True,
9_nicolas_38.wav,data/fsdd/recordings/9_nicolas_38.wav,9,nicolas,38,8000,3647,0.455875,1,PCM_16,085c49b9d3a2d47fb0082bf49d30214f1235d2fe6e34198b9376f04c55a5b3b4,True,True,
9_nicolas_39.wav,data/fsdd/recordings/9_nicolas_39.wav,9,nicolas,39,8000,3429,0.428625,1,PCM_16,b52f7f39bb6b697e49c468f823591ae1767360543a3791f267d55f00b1541e14,True,True,
9_nicolas_4.wav,data/fsdd/recordings/9_nicolas_4.wav,9,nicolas,4,8000,2850,0.35625,1,PCM_16,11db5b72710f15b9b3fdd6f69911d88d8eb7061843885148c8e01ed38bfbf86a,True,True,
9_nicolas_40.wav,data/fsdd/recordings/9_nicolas_40.wav,9,nicolas,40,8000,3632,0.454,1,PCM_16,1a3e4d4d462145d6e48c663ed936384bfe7119dae1ab64459e91488e2dd36397,True,True,
9_nicolas_41.wav,data/fsdd/recordings/9_nicolas_41.wav,9,nicolas,41,8000,3539,0.442375,1,PCM_16,309f4bf7c53305936ff3cec9aa4f18ff296d074a63e0178f676a1ae17da173ab,True,True,
9_nicolas_42.wav,data/fsdd/recordings/9_nicolas_42.wav,9,nicolas,42,8000,3383,0.422875,1,PCM_16,066eb6ce23d48ec564742b3cbae870ab351e1c61ee93cc68e4372f5cd2eee7f8,True,True,
9_nicolas_43.wav,data/fsdd/recordings/9_nicolas_43.wav,9,nicolas,43,8000,3787,0.473375,1,PCM_16,0eb2a717c92f4f457481818d794e277536e32809f7edfb4278dd89b2364bba0d,True,True,
9_nicolas_44.wav,data/fsdd/recordings/9_nicolas_44.wav,9,nicolas,44,8000,3414,0.42675,1,PCM_16,22804c96d79c7ee4ab10a20c62b46110c0069f2708769c080f2773e77da0b4fa,True,True,
9_nicolas_45.wav,data/fsdd/recordings/9_nicolas_45.wav,9,nicolas,45,8000,3073,0.384125,1,PCM_16,057bdb882ca0fbf9a719ac413ef0bce9e3c9cb34f80ebc7b1b94549b01ce76bf,True,True,
9_nicolas_46.wav,data/fsdd/recordings/9_nicolas_46.wav,9,nicolas,46,8000,3539,0.442375,1,PCM_16,370bf313710afaa922246dab168a8c036db8fc8c5f837d89c4e863195232d90f,True,True,
9_nicolas_47.wav,data/fsdd/recordings/9_nicolas_47.wav,9,nicolas,47,8000,3446,0.43075,1,PCM_16,fc52c276a89955e2fda16bd24c6523dc2f77a4ab99ec0f19efb2053cab7482a0,True,True,
9_nicolas_48.wav,data/fsdd/recordings/9_nicolas_48.wav,9,nicolas,48,8000,3104,0.388,1,PCM_16,12ee6e6c82095d2739c2042d8656733d211566502007d9d52884199d7c09e884,True,True,
9_nicolas_49.wav,data/fsdd/recordings/9_nicolas_49.wav,9,nicolas,49,8000,3508,0.4385,1,PCM_16,c34b30901b28e9b9b0beef2eecbd26b07dbb10df3f6fc05786af621adf2789b0,True,True,
9_nicolas_5.wav,data/fsdd/recordings/9_nicolas_5.wav,9,nicolas,5,8000,3759,0.469875,1,PCM_16,e196c574ea058a46f32ca3942c78de537e133d16f9025532840601aa4a4ce7d5,True,True,
9_nicolas_6.wav,data/fsdd/recordings/9_nicolas_6.wav,9,nicolas,6,8000,4062,0.50775,1,PCM_16,fb8a72ef6346e37ea33f069ee810faf3ceabd81faeba0968f8fe81f3329d726b,True,True,
9_nicolas_7.wav,data/fsdd/recordings/9_nicolas_7.wav,9,nicolas,7,8000,3304,0.413,1,PCM_16,5409a854c107e40b15d037bea327ec1f55537bb4c739cfa9d970bb7efda9a755,True,True,
9_nicolas_8.wav,data/fsdd/recordings/9_nicolas_8.wav,9,nicolas,8,8000,3668,0.4585,1,PCM_16,41bb6059b54a15c0a50df5ddabba744284cd5cc43395885d633fb3beeef05186,True,True,
9_nicolas_9.wav,data/fsdd/recordings/9_nicolas_9.wav,9,nicolas,9,8000,3486,0.43575,1,PCM_16,e8fd4c86dff0193a6ae1bbec2e2e44dd3b65cf9a8082278fe2ee9f4b293df688,True,True,
9_theo_0.wav,data/fsdd/recordings/9_theo_0.wav,9,theo,0,8000,3079,0.384875,1,PCM_16,2a30491b41495dd457c496dc80c7f4066b28a8eb8bc4c57c100f4a7fa2a2e8ef,True,True,
9_theo_1.wav,data/fsdd/recordings/9_theo_1.wav,9,theo,1,8000,2326,0.29075,1,PCM_16,75cae59cea42e5845395e8395c329fa4643e0f2b6c84d2d24aacccd84a2a8a93,True,True,
9_theo_10.wav,data/fsdd/recordings/9_theo_10.wav,9,theo,10,8000,2885,0.360625,1,PCM_16,0f890392d8e3f20769f3774e174a5a5585e470f99cb67ab93fe66565d76dec2a,True,True,
9_theo_11.wav,data/fsdd/recordings/9_theo_11.wav,9,theo,11,8000,3086,0.38575,1,PCM_16,bae372f37bc4c89e0a3f3d84889a41cc3833eee6172b8493bc72ef3ee8a6aaab,True,True,
9_theo_12.wav,data/fsdd/recordings/9_theo_12.wav,9,theo,12,8000,3437,0.429625,1,PCM_16,cd731a46be4b76fdaa1375523f8a9f2b949b34d21bfd306b06ef83d7daa4afa3,True,True,
9_theo_13.wav,data/fsdd/recordings/9_theo_13.wav,9,theo,13,8000,3816,0.477,1,PCM_16,2bcbd43302e626e4dca8bdea410c8ec3b32f7d2216d230e2ae3df94349b18e47,True,True,
9_theo_14.wav,data/fsdd/recordings/9_theo_14.wav,9,theo,14,8000,3448,0.431,1,PCM_16,ffa4593bbc10f5f58bcc9699b97864f914df56989bb93c5df735764247606d81,True,True,
9_theo_15.wav,data/fsdd/recordings/9_theo_15.wav,9,theo,15,8000,3599,0.449875,1,PCM_16,b6b1a7e756e25e5558ff69e2b00d5d7ff876900f0bd3536e926c64a890675a40,True,True,
9_theo_16.wav,data/fsdd/recordings/9_theo_16.wav,9,theo,16,8000,18262,2.28275,1,PCM_16,0cb97806c9b33af346c59ec2989b9d433a3a4faefbf3e8d9b1ce977a152cb678,True,True,
9_theo_17.wav,data/fsdd/recordings/9_theo_17.wav,9,theo,17,8000,3545,0.443125,1,PCM_16,2bb6184a291731a11cdabf13e23e998a0e6a045cafe63f82194832acfadf0bd5,True,True,
9_theo_18.wav,data/fsdd/recordings/9_theo_18.wav,9,theo,18,8000,3363,0.420375,1,PCM_16,6a8a1cb08e833ecb6bd76bce582c506c0be7d7808ee221f4271b3e34374e3efd,True,True,
9_theo_19.wav,data/fsdd/recordings/9_theo_19.wav,9,theo,19,8000,3686,0.46075,1,PCM_16,c3e730e7a3e8c87bb6774c7a36f45b1609c82cdfcd2f4a04f25fe44f3e17ac6f,True,True,
9_theo_2.wav,data/fsdd/recordings/9_theo_2.wav,9,theo,2,8000,2218,0.27725,1,PCM_16,9dfbecca927fc423ed7ac036d3e727d7f9456323e07c59c44151cf2b65089870,True,True,
9_theo_20.wav,data/fsdd/recordings/9_theo_20.wav,9,theo,20,8000,4465,0.558125,1,PCM_16,98fa85c52b2f2809a0e4215aebd83641ea214d8d3492f8d91499813ab0af7316,True,True,
9_theo_21.wav,data/fsdd/recordings/9_theo_21.wav,9,theo,21,8000,2938,0.36725,1,PCM_16,8f5e76cf0ea604a1e333793c1c4aea816c01d436e41bb072a0eccc9143853606,True,True,
9_theo_22.wav,data/fsdd/recordings/9_theo_22.wav,9,theo,22,8000,2899,0.362375,1,PCM_16,1b70d1f5a578b4d4d6c0044a06accd8af1f848d7d787be3a8fb598d0d5c44d9b,True,True,
9_theo_23.wav,data/fsdd/recordings/9_theo_23.wav,9,theo,23,8000,4108,0.5135,1,PCM_16,e8e7bc81d7feee13d567972131ff094cd328d145f4ce69799162b2332c26cb16,True,True,
9_theo_24.wav,data/fsdd/recordings/9_theo_24.wav,9,theo,24,8000,5455,0.681875,1,PCM_16,6bd4c9699bf47f0090471c3d036ac60e1ec7268d81158a2510a2109747ec0d7e,True,True,
9_theo_25.wav,data/fsdd/recordings/9_theo_25.wav,9,theo,25,8000,3519,0.439875,1,PCM_16,67c0a66f154ecc3a93c4083a18021603d165f4a4c04cdd6066e4bb973cab87f3,True,True,
9_theo_26.wav,data/fsdd/recordings/9_theo_26.wav,9,theo,26,8000,4450,0.55625,1,PCM_16,bf280701a2725efd72f845914539dd946dcf837096c938fe4210db58da2ec138,True,True,
9_theo_27.wav,data/fsdd/recordings/9_theo_27.wav,9,theo,27,8000,6953,0.869125,1,PCM_16,7841eaeb92d3624603918528a7b198aad25c49757183ee29b729f3f8740562c9,True,True,
9_theo_28.wav,data/fsdd/recordings/9_theo_28.wav,9,theo,28,8000,8281,1.035125,1,PCM_16,5fc04ae634d11dd18dca53677843676713f7544fc50f5d715c87a00c9fcbeaee,True,True,
9_theo_29.wav,data/fsdd/recordings/9_theo_29.wav,9,theo,29,8000,6567,0.820875,1,PCM_16,4ea3df8889de6291685bfba5748fb4a26889e7d50badf359be1dac28ef056301,True,True,
9_theo_3.wav,data/fsdd/recordings/9_theo_3.wav,9,theo,3,8000,3593,0.449125,1,PCM_16,cd895898bb87b29c34d75cbd637ec8fddeff1c09c5e3469f0853d5b7dfe61454,True,True,
9_theo_30.wav,data/fsdd/recordings/9_theo_30.wav,9,theo,30,8000,6457,0.807125,1,PCM_16,0fb0ffa6ddcc61d11d1be70fe55bb387d91fd34246884c1bba6cba15e975fbb8,True,True,
9_theo_31.wav,data/fsdd/recordings/9_theo_31.wav,9,theo,31,8000,4796,0.5995,1,PCM_16,3116c97b3f63b2b9749910ea010926b40cdfaeaec50b627af35fb4393f7653b9,True,True,
9_theo_32.wav,data/fsdd/recordings/9_theo_32.wav,9,theo,32,8000,4906,0.61325,1,PCM_16,7793b556ebdbf70ba8e4bc2f06dcb1a23fbfe8938e00fc52202d5621990e8b8d,True,True,
9_theo_33.wav,data/fsdd/recordings/9_theo_33.wav,9,theo,33,8000,3965,0.495625,1,PCM_16,68b56694a425780a18e2b3bc251e1c9617ea35bf18637d6496d6bc41f50cb9f9,True,True,
9_theo_34.wav,data/fsdd/recordings/9_theo_34.wav,9,theo,34,8000,2531,0.316375,1,PCM_16,b3d1f4430434fc3f99f73dff9b0d0d369cec0476c8220bd5f61eddbb97cf23c6,True,True,
9_theo_35.wav,data/fsdd/recordings/9_theo_35.wav,9,theo,35,8000,3295,0.411875,1,PCM_16,80d5360f359ffbc8534180a3808e7cf3f0180b8d886968397c4d6fe4c678ddee,True,True,
9_theo_36.wav,data/fsdd/recordings/9_theo_36.wav,9,theo,36,8000,4120,0.515,1,PCM_16,72928930a29280ecc398081482e0f8734f900b4d2fe1224cb58055ea5bf2fd73,True,True,
9_theo_37.wav,data/fsdd/recordings/9_theo_37.wav,9,theo,37,8000,3226,0.40325,1,PCM_16,dc6a6cfe97df5c486c6a656213eea5363743ccbf293faa9e9d89c440059e1681,True,True,
9_theo_38.wav,data/fsdd/recordings/9_theo_38.wav,9,theo,38,8000,4105,0.513125,1,PCM_16,dcfd646f75295587e7b4bd679b9be316c204b9bc1f4f9cb7a1425b04bf556633,True,True,
9_theo_39.wav,data/fsdd/recordings/9_theo_39.wav,9,theo,39,8000,2815,0.351875,1,PCM_16,e2288d450a3df2b0551688fdfb06375ab3c73cc59711ddb8954565c0c7cf44bc,True,True,
9_theo_4.wav,data/fsdd/recordings/9_theo_4.wav,9,theo,4,8000,3535,0.441875,1,PCM_16,103d5720cf8102c58a7a76f12fe5db5eeff13fb269924fb462af564f22f504cf,True,True,
9_theo_40.wav,data/fsdd/recordings/9_theo_40.wav,9,theo,40,8000,3423,0.427875,1,PCM_16,81e1db5111bc890686864cc75baebe2c30d3f9c9fcac44bd535a40b833ed4c1f,True,True,
9_theo_41.wav,data/fsdd/recordings/9_theo_41.wav,9,theo,41,8000,3149,0.393625,1,PCM_16,b3afd811fe76a2a2b3bec982afca76dc7d4f01d68b1c8c1a702319229927be9d,True,True,
9_theo_42.wav,data/fsdd/recordings/9_theo_42.wav,9,theo,42,8000,3698,0.46225,1,PCM_16,4ab1500ead8369068d7e5445132453c90ff1cc69ccd53aa202dc640262fafdd8,True,True,
9_theo_43.wav,data/fsdd/recordings/9_theo_43.wav,9,theo,43,8000,2773,0.346625,1,PCM_16,6ca7f63592c7324086816a95b0ef783c851a44fc4d85a13fb97a1bdd0b3b70fe,True,True,
9_theo_44.wav,data/fsdd/recordings/9_theo_44.wav,9,theo,44,8000,3699,0.462375,1,PCM_16,4dcd8fcf8616fcb5e1d407b5595d280e47161446a36863afb51e2450e5e6af98,True,True,
9_theo_45.wav,data/fsdd/recordings/9_theo_45.wav,9,theo,45,8000,1778,0.22225,1,PCM_16,d058afe496625f71b24a6cf718f5b77dd04a408902ce46abfdbf0c95ddc89cfd,True,True,
9_theo_46.wav,data/fsdd/recordings/9_theo_46.wav,9,theo,46,8000,3084,0.3855,1,PCM_16,745fa71ce2f0c562bfe256939f958997568bba6c41f6c4a06074a04c17fdd706,True,True,
9_theo_47.wav,data/fsdd/recordings/9_theo_47.wav,9,theo,47,8000,3612,0.4515,1,PCM_16,14e4c9664fe51f47ff1efb50c5f93ab6afdd80fe11de5c7684d3cf1ca8d397bc,True,True,
9_theo_48.wav,data/fsdd/recordings/9_theo_48.wav,9,theo,48,8000,3431,0.428875,1,PCM_16,61b4f875564587c97478203787837de139a279e61b8af44194e65989b0e1027e,True,True,
9_theo_49.wav,data/fsdd/recordings/9_theo_49.wav,9,theo,49,8000,3204,0.4005,1,PCM_16,677f4323c95ffc1ff5ed5397814efea60dbd92d559ed9b546a46a6e56fad805b,True,True,
9_theo_5.wav,data/fsdd/recordings/9_theo_5.wav,9,theo,5,8000,3678,0.45975,1,PCM_16,83ed5d40635ab333b90dc625694d868b56a53fcbd51226423b4fd1daaa1280c4,True,True,
9_theo_6.wav,data/fsdd/recordings/9_theo_6.wav,9,theo,6,8000,2553,0.319125,1,PCM_16,a5f17aacc0b1b6efbcee9be805674ee3278cf2040fde5ed33db9d628d7d61ec6,True,True,
9_theo_7.wav,data/fsdd/recordings/9_theo_7.wav,9,theo,7,8000,3488,0.436,1,PCM_16,d4e3ab0a421400357176bf3a20017e0daf0532a7443a0454cf43f71760cf9c99,True,True,
9_theo_8.wav,data/fsdd/recordings/9_theo_8.wav,9,theo,8,8000,3349,0.418625,1,PCM_16,26dbd54437ba7393121df6c71b5dd063dc650401763cdca2c212b58365d895ee,True,True,
9_theo_9.wav,data/fsdd/recordings/9_theo_9.wav,9,theo,9,8000,3348,0.4185,1,PCM_16,2077f5ebb5a937d02cc1832fd3a74876a2ae98a8600443a0781f36d2d128d2f7,True,True,
9_yweweler_0.wav,data/fsdd/recordings/9_yweweler_0.wav,9,yweweler,0,8000,2877,0.359625,1,PCM_16,3a5c85a22f6646a4fd5f51b486bb647c86dbb17b13339fd8a22ed1b307749bca,True,True,
9_yweweler_1.wav,data/fsdd/recordings/9_yweweler_1.wav,9,yweweler,1,8000,3101,0.387625,1,PCM_16,2cd64a770143d60ebb669f2634df7d272572f5b7a48b844130c4a114d669902e,True,True,
9_yweweler_10.wav,data/fsdd/recordings/9_yweweler_10.wav,9,yweweler,10,8000,3497,0.437125,1,PCM_16,364e513dff21b16b8fc1240cdb17db5b112cfcef7bbaa807c888cbc1f5324c5a,True,True,
9_yweweler_11.wav,data/fsdd/recordings/9_yweweler_11.wav,9,yweweler,11,8000,3480,0.435,1,PCM_16,128439e70d4e148efd8b27a3ac546a16fd11db08777ce5b100e96ff4a9946ebf,True,True,
9_yweweler_12.wav,data/fsdd/recordings/9_yweweler_12.wav,9,yweweler,12,8000,3005,0.375625,1,PCM_16,c03b82b3a4bb53fde969f911cbc6ceec4e9b333ab96e4dbc4fa113aa42c9d69d,True,True,
9_yweweler_13.wav,data/fsdd/recordings/9_yweweler_13.wav,9,yweweler,13,8000,3192,0.399,1,PCM_16,a6579ea63b4c0fccf19de719796e01d9ad3a929fc67ebb59fcebcb327290c98c,True,True,
9_yweweler_14.wav,data/fsdd/recordings/9_yweweler_14.wav,9,yweweler,14,8000,3571,0.446375,1,PCM_16,27d701fda5558d03a13ad4e187e58b948540936c6a4aead27a19d793b94a9f48,True,True,
9_yweweler_15.wav,data/fsdd/recordings/9_yweweler_15.wav,9,yweweler,15,8000,3303,0.412875,1,PCM_16,22a6c94288e54b7965f097696340a00a2aba13855d35b428625b51a8aa976762,True,True,
9_yweweler_16.wav,data/fsdd/recordings/9_yweweler_16.wav,9,yweweler,16,8000,3425,0.428125,1,PCM_16,d94930a1c7568304e27ba4f00e61fb4fe5e587102909949c155f0a978d01dffc,True,True,
9_yweweler_17.wav,data/fsdd/recordings/9_yweweler_17.wav,9,yweweler,17,8000,2882,0.36025,1,PCM_16,73c35b08b8d8f3ace1209c7ff61e8d23e7484d6c32e6d3ff29abeab5845391e5,True,True,
9_yweweler_18.wav,data/fsdd/recordings/9_yweweler_18.wav,9,yweweler,18,8000,2818,0.35225,1,PCM_16,e8a119abeb2594f7d1d88d67cd0ec1044a5493652e305d201f524eb297625848,True,True,
9_yweweler_19.wav,data/fsdd/recordings/9_yweweler_19.wav,9,yweweler,19,8000,2848,0.356,1,PCM_16,93896325f532474f6ce9937e36a00036291a03859635595ffbbbfdda81a6a2e4,True,True,
9_yweweler_2.wav,data/fsdd/recordings/9_yweweler_2.wav,9,yweweler,2,8000,3182,0.39775,1,PCM_16,01f7482c3a8ee6451979bcb4fadcd45a0fd0ff95b12bdffef5a004185180baab,True,True,
9_yweweler_20.wav,data/fsdd/recordings/9_yweweler_20.wav,9,yweweler,20,8000,3331,0.416375,1,PCM_16,a270f01c47c17120cb5c0b6e5e7f729827c48f961466b85942625494a041fc17,True,True,
9_yweweler_21.wav,data/fsdd/recordings/9_yweweler_21.wav,9,yweweler,21,8000,3332,0.4165,1,PCM_16,05abaffb92afdcf7b381654e6eccbc342a9d67df9272f7ccb71d2c46619e4cbf,True,True,
9_yweweler_22.wav,data/fsdd/recordings/9_yweweler_22.wav,9,yweweler,22,8000,3401,0.425125,1,PCM_16,b9f6e1a3f78c90f1433398d0c08bb5d3fe684bc37e28f24ace0303bb91675333,True,True,
9_yweweler_23.wav,data/fsdd/recordings/9_yweweler_23.wav,9,yweweler,23,8000,3786,0.47325,1,PCM_16,352d5228cd3110e961a01f722f02258d93706a0eb46e3c0b6b36aebb0631089e,True,True,
9_yweweler_24.wav,data/fsdd/recordings/9_yweweler_24.wav,9,yweweler,24,8000,3772,0.4715,1,PCM_16,423e220a2b2a10c294041c5c99e3970c5d8ae1379cc762030e3664e3454c3f75,True,True,
9_yweweler_25.wav,data/fsdd/recordings/9_yweweler_25.wav,9,yweweler,25,8000,3558,0.44475,1,PCM_16,101373fb47934f1889e8f83030ae5126d22804eea5627b8edd6b0882b3511589,True,True,
9_yweweler_26.wav,data/fsdd/recordings/9_yweweler_26.wav,9,yweweler,26,8000,4074,0.50925,1,PCM_16,065ac18063d642326552774c7b0ef876cf9083617638bed7100ea09d1de96b31,True,True,
9_yweweler_27.wav,data/fsdd/recordings/9_yweweler_27.wav,9,yweweler,27,8000,3263,0.407875,1,PCM_16,66935b41bf11069348f17f1440c2c6aafd6efd35d8c3f28eb9197b140cd80ef5,True,True,
9_yweweler_28.wav,data/fsdd/recordings/9_yweweler_28.wav,9,yweweler,28,8000,2983,0.372875,1,PCM_16,1296a6be100fcc855fc26fc37270ce318bd3846bf968e48ddf7f322a66006cf2,True,True,
9_yweweler_29.wav,data/fsdd/recordings/9_yweweler_29.wav,9,yweweler,29,8000,2780,0.3475,1,PCM_16,85ac69bc40a26d44159cb8907a28aaf8ffa10b60078dc2f876ac22f59ae33fea,True,True,
9_yweweler_3.wav,data/fsdd/recordings/9_yweweler_3.wav,9,yweweler,3,8000,4425,0.553125,1,PCM_16,63906367a58e50ecdf739d43c9b31176fb00d40bad6059348a389df648a3e860,True,True,
9_yweweler_30.wav,data/fsdd/recordings/9_yweweler_30.wav,9,yweweler,30,8000,3537,0.442125,1,PCM_16,49956857ffb2d2318f217d3fbbe6a866bc980dcf1eba81a18a1bfe2802014ee5,True,True,
9_yweweler_31.wav,data/fsdd/recordings/9_yweweler_31.wav,9,yweweler,31,8000,4150,0.51875,1,PCM_16,92c435d951de20e407469a3eaeb518671e0ce27758a85e8933e141294f7099da,True,True,
9_yweweler_32.wav,data/fsdd/recordings/9_yweweler_32.wav,9,yweweler,32,8000,3836,0.4795,1,PCM_16,4402d6accc45cc683d8a44144357397c14883f63f4e8cc2cd20734fd337e8ebf,True,True,
9_yweweler_33.wav,data/fsdd/recordings/9_yweweler_33.wav,9,yweweler,33,8000,3543,0.442875,1,PCM_16,da2a2042792d9e8b57736e53389992eece050805e753016f6e10e822bd148bc0,True,True,
9_yweweler_34.wav,data/fsdd/recordings/9_yweweler_34.wav,9,yweweler,34,8000,3446,0.43075,1,PCM_16,f302afff5d3024edb517658bee08cbdf4bbdc05a5c4fcc3dfb68f187387d5aff,True,True,
9_yweweler_35.wav,data/fsdd/recordings/9_yweweler_35.wav,9,yweweler,35,8000,3599,0.449875,1,PCM_16,55056752032afa4885dd84380c0b959d2f0f4efe3fbd8f36864542be665f3d0c,True,True,
9_yweweler_36.wav,data/fsdd/recordings/9_yweweler_36.wav,9,yweweler,36,8000,3640,0.455,1,PCM_16,7ba111dcaca2c199cd1f67f0b119db7292ed6d19e412bae577ea4bf6dd33cd33,True,True,
9_yweweler_37.wav,data/fsdd/recordings/9_yweweler_37.wav,9,yweweler,37,8000,2764,0.3455,1,PCM_16,941ebd9b5b2ff3f6ce517cbec7572b4574e814d511c4c4be1241112a6b7238b6,True,True,
9_yweweler_38.wav,data/fsdd/recordings/9_yweweler_38.wav,9,yweweler,38,8000,2916,0.3645,1,PCM_16,99fb5548ee7f68bfc5a0730b6ee2ce03a10114ca51cc49d411645f013886ab26,True,True,
9_yweweler_39.wav,data/fsdd/recordings/9_yweweler_39.wav,9,yweweler,39,8000,3091,0.386375,1,PCM_16,2c852405fdc7f34e32000cca0e5e53338052d628b49b01cf36aa0e53d60b1fda,True,True,
9_yweweler_4.wav,data/fsdd/recordings/9_yweweler_4.wav,9,yweweler,4,8000,3360,0.42,1,PCM_16,7cfb39af858b6c7cfe61109bf55d82ecb3948fc3c6220e782c152cf1d851987f,True,True,
9_yweweler_40.wav,data/fsdd/recordings/9_yweweler_40.wav,9,yweweler,40,8000,2950,0.36875,1,PCM_16,46697c09a8aa5aa9c4613d11c41fe0ef89eea7ead634639caaa4bfa4acf982fb,True,True,
9_yweweler_41.wav,data/fsdd/recordings/9_yweweler_41.wav,9,yweweler,41,8000,3405,0.425625,1,PCM_16,b063de4cd34b9d9dabc96af01988141373dfc817f65ca48e9885b96590ec4a50,True,True,
9_yweweler_42.wav,data/fsdd/recordings/9_yweweler_42.wav,9,yweweler,42,8000,3559,0.444875,1,PCM_16,68a3440f4dd6e25004ec25801ee520eef24ac5aac2f39f2dbcaf27a6be9bb0f6,True,True,
9_yweweler_43.wav,data/fsdd/recordings/9_yweweler_43.wav,9,yweweler,43,8000,3236,0.4045,1,PCM_16,9078a252b9cee6adfbfd3f563b223fcc46dcbbcbaa9ae16531d13a45fc8ed13e,True,True,
9_yweweler_44.wav,data/fsdd/recordings/9_yweweler_44.wav,9,yweweler,44,8000,2617,0.327125,1,PCM_16,45bb270ca11451d22233cefac99a790144e49fb341bd4521b8748811156554af,True,True,
9_yweweler_45.wav,data/fsdd/recordings/9_yweweler_45.wav,9,yweweler,45,8000,3389,0.423625,1,PCM_16,e43714aa1a6106a9502d55b2720877b3707453a8c2f1677439acd3b4fcb920db,True,True,
9_yweweler_46.wav,data/fsdd/recordings/9_yweweler_46.wav,9,yweweler,46,8000,3038,0.37975,1,PCM_16,54b6d3a47fa501a3f16a001a6928ee072731c89abcb68a9ceae78c62629cf75b,True,True,
9_yweweler_47.wav,data/fsdd/recordings/9_yweweler_47.wav,9,yweweler,47,8000,3451,0.431375,1,PCM_16,12076a79d736a2d17164663957dee22b99de3218c16e09d92fa83633c765cf64,True,True,
9_yweweler_48.wav,data/fsdd/recordings/9_yweweler_48.wav,9,yweweler,48,8000,3039,0.379875,1,PCM_16,7fca86dfbe083fc553955cba940628df6377d6d2f3f1a4fa7b614c386e372e84,True,True,
9_yweweler_49.wav,data/fsdd/recordings/9_yweweler_49.wav,9,yweweler,49,8000,3050,0.38125,1,PCM_16,d80929528817a1b5755ea66c78012ff02f4b8a73b09c9e11a506f59941778a82,True,True,
9_yweweler_5.wav,data/fsdd/recordings/9_yweweler_5.wav,9,yweweler,5,8000,2877,0.359625,1,PCM_16,e68b48b98c10114d932201b19842a66d1ad1834bd51882ea3cb4e88f0c2a2d02,True,True,
9_yweweler_6.wav,data/fsdd/recordings/9_yweweler_6.wav,9,yweweler,6,8000,2778,0.34725,1,PCM_16,a536dd1ac501833ac6f3efe8ed53ea91d295262035df4ac41e7c6a69961c75bd,True,True,
9_yweweler_7.wav,data/fsdd/recordings/9_yweweler_7.wav,9,yweweler,7,8000,2815,0.351875,1,PCM_16,819b153f19d3d97d0a917133f157852ea9ac85c25264ab2a447235ec4f663ab6,True,True,
9_yweweler_8.wav,data/fsdd/recordings/9_yweweler_8.wav,9,yweweler,8,8000,3164,0.3955,1,PCM_16,111ce0c8c94eec888df38dfd813b4e475d5c1a901b2f05fd1f7e00f884f2f2db,True,True,
9_yweweler_9.wav,data/fsdd/recordings/9_yweweler_9.wav,9,yweweler,9,8000,3507,0.438375,1,PCM_16,e46095a15eb3681d441397273c2f91fff3f3d29a409437ae2e2568e375c7aab7,True,True,
