filename,label,prediction_python,prediction_esp32_packet,match,d,payload_bytes,packet_bytes,encoder_latency_ms,preprocess_latency_ms,latent_exact_ratio,latent_max_abs_diff,mode,fold,seed,run_id
0_george_0.wav,0,6,6,1,128,128,132,490.952,0.0,1.0,0,L,1,0,d128_20261005_193250
0_george_1.wav,0,0,0,1,128,128,132,490.94,0.0,1.0,0,L,1,0,d128_20261005_193250
0_george_10.wav,0,7,7,1,128,128,132,490.927,0.0,1.0,0,L,1,0,d128_20261005_193250
0_george_11.wav,0,7,7,1,128,128,132,490.929,0.0,1.0,0,L,1,0,d128_20261005_193250
0_george_12.wav,0,7,7,1,128,128,132,490.93,0.0,1.0,0,L,1,0,d128_20261005_193250
0_george_13.wav,0,0,0,1,128,128,132,490.928,0.0,1.0,0,L,1,0,d128_20261005_193250
0_george_14.wav,0,9,9,1,128,128,132,490.928,0.0,1.0,0,L,1,0,d128_20261005_193250
0_george_15.wav,0,7,7,1,128,128,132,490.926,0.0,1.0,0,L,1,0,d128_20261005_193250
0_george_16.wav,0,0,0,1,128,128,132,490.923,0.0,1.0,0,L,1,0,d128_20261005_193250
0_george_17.wav,0,0,0,1,128,128,132,490.93,0.0,1.0,0,L,1,0,d128_20261005_193250
0_george_18.wav,0,0,0,1,128,128,132,490.934,0.0,1.0,0,L,1,0,d128_20261005_193250
0_george_19.wav,0,0,0,1,128,128,132,490.93,0.0,1.0,0,L,1,0,d128_20261005_193250
0_george_2.wav,0,0,0,1,128,128,132,490.929,0.0,1.0,0,L,1,0,d128_20261005_193250
0_george_20.wav,0,0,0,1,128,128,132,490.927,0.0,1.0,0,L,1,0,d128_20261005_193250
0_george_21.wav,0,0,0,1,128,128,132,490.926,0.0,1.0,0,L,1,0,d128_20261005_193250
0_george_22.wav,0,0,0,1,128,128,132,490.931,0.0,1.0,0,L,1,0,d128_20261005_193250
0_george_23.wav,0,0,0,1,128,128,132,490.928,0.0,1.0,0,L,1,0,d128_20261005_193250
0_george_24.wav,0,7,7,1,128,128,132,490.927,0.0,1.0,0,L,1,0,d128_20261005_193250
0_george_25.wav,0,7,7,1,128,128,132,490.937,0.0,1.0,0,L,1,0,d128_20261005_193250
0_george_26.wav,0,0,0,1,128,128,132,490.923,0.0,1.0,0,L,1,0,d128_20261005_193250
0_george_27.wav,0,0,0,1,128,128,132,490.929,0.0,1.0,0,L,1,0,d128_20261005_193250
0_george_28.wav,0,0,0,1,128,128,132,490.93,0.0,1.0,0,L,1,0,d128_20261005_193250
0_george_29.wav,0,6,6,1,128,128,132,490.928,0.0,1.0,0,L,1,0,d128_20261005_193250
0_george_3.wav,0,0,0,1,128,128,132,490.929,0.0,1.0,0,L,1,0,d128_20261005_193250
0_george_30.wav,0,7,7,1,128,128,132,490.931,0.0,1.0,0,L,1,0,d128_20261005_193250
0_george_31.wav,0,6,6,1,128,128,132,490.929,0.0,1.0,0,L,1,0,d128_20261005_193250
0_george_32.wav,0,9,9,1,128,128,132,490.931,0.0,1.0,0,L,1,0,d128_20261005_193250
0_george_33.wav,0,7,7,1,128,128,132,490.938,0.0,1.0,0,L,1,0,d128_20261005_193250
0_george_34.wav,0,5,5,1,128,128,132,490.928,0.0,1.0,0,L,1,0,d128_20261005_193250
0_george_35.wav,0,7,7,1,128,128,132,490.931,0.0,1.0,0,L,1,0,d128_20261005_193250
0_george_36.wav,0,9,9,1,128,128,132,490.928,0.0,1.0,0,L,1,0,d128_20261005_193250
0_george_37.wav,0,2,2,1,128,128,132,490.933,0.0,1.0,0,L,1,0,d128_20261005_193250
0_george_38.wav,0,7,7,1,128,128,132,490.932,0.0,1.0,0,L,1,0,d128_20261005_193250
0_george_39.wav,0,5,5,1,128,128,132,490.928,0.0,1.0,0,L,1,0,d128_20261005_193250
0_george_4.wav,0,9,9,1,128,128,132,490.929,0.0,1.0,0,L,1,0,d128_20261005_193250
0_george_40.wav,0,0,0,1,128,128,132,490.931,0.0,1.0,0,L,1,0,d128_20261005_193250
0_george_41.wav,0,0,0,1,128,128,132,490.93,0.0,1.0,0,L,1,0,d128_20261005_193250
0_george_42.wav,0,7,7,1,128,128,132,490.933,0.0,1.0,0,L,1,0,d128_20261005_193250
0_george_43.wav,0,7,7,1,128,128,132,490.931,0.0,1.0,0,L,1,0,d128_20261005_193250
0_george_44.wav,0,0,0,1,128,128,132,490.932,0.0,1.0,0,L,1,0,d128_20261005_193250
0_george_45.wav,0,7,7,1,128,128,132,490.934,0.0,1.0,0,L,1,0,d128_20261005_193250
0_george_46.wav,0,7,7,1,128,128,132,490.93,0.0,1.0,0,L,1,0,d128_20261005_193250
0_george_47.wav,0,6,6,1,128,128,132,490.93,0.0,1.0,0,L,1,0,d128_20261005_193250
0_george_48.wav,0,9,9,1,128,128,132,490.93,0.0,1.0,0,L,1,0,d128_20261005_193250
0_george_49.wav,0,7,7,1,128,128,132,490.93,0.0,1.0,0,L,1,0,d128_20261005_193250
0_george_5.wav,0,0,0,1,128,128,132,490.928,0.0,1.0,0,L,1,0,d128_20261005_193250
0_george_6.wav,0,0,0,1,128,128,132,490.929,0.0,1.0,0,L,1,0,d128_20261005_193250
0_george_7.wav,0,0,0,1,128,128,132,490.926,0.0,1.0,0,L,1,0,d128_20261005_193250
0_george_8.wav,0,0,0,1,128,128,132,490.925,0.0,1.0,0,L,1,0,d128_20261005_193250
0_george_9.wav,0,0,0,1,128,128,132,490.931,0.0,1.0,0,L,1,0,d128_20261005_193250
1_george_0.wav,1,5,5,1,128,128,132,490.926,0.0,1.0,0,L,1,0,d128_20261005_193250
1_george_1.wav,1,5,5,1,128,128,132,490.932,0.0,1.0,0,L,1,0,d128_20261005_193250
1_george_10.wav,1,9,9,1,128,128,132,490.929,0.0,1.0,0,L,1,0,d128_20261005_193250
1_george_11.wav,1,1,1,1,128,128,132,490.928,0.0,1.0,0,L,1,0,d128_20261005_193250
1_george_12.wav,1,1,1,1,128,128,132,490.929,0.0,1.0,0,L,1,0,d128_20261005_193250
1_george_13.wav,1,9,9,1,128,128,132,490.931,0.0,1.0,0,L,1,0,d128_20261005_193250
1_george_14.wav,1,9,9,1,128,128,132,490.931,0.0,1.0,0,L,1,0,d128_20261005_193250
1_george_15.wav,1,1,1,1,128,128,132,490.929,0.0,1.0,0,L,1,0,d128_20261005_193250
1_george_16.wav,1,9,9,1,128,128,132,490.929,0.0,1.0,0,L,1,0,d128_20261005_193250
1_george_17.wav,1,9,9,1,128,128,132,490.932,0.0,1.0,0,L,1,0,d128_20261005_193250
1_george_18.wav,1,9,9,1,128,128,132,490.929,0.0,1.0,0,L,1,0,d128_20261005_193250
1_george_19.wav,1,9,9,1,128,128,132,490.931,0.0,1.0,0,L,1,0,d128_20261005_193250
1_george_2.wav,1,9,9,1,128,128,132,490.927,0.0,1.0,0,L,1,0,d128_20261005_193250
1_george_20.wav,1,1,1,1,128,128,132,490.931,0.0,1.0,0,L,1,0,d128_20261005_193250
1_george_21.wav,1,1,1,1,128,128,132,490.929,0.0,1.0,0,L,1,0,d128_20261005_193250
1_george_22.wav,1,1,1,1,128,128,132,490.932,0.0,1.0,0,L,1,0,d128_20261005_193250
1_george_23.wav,1,1,1,1,128,128,132,490.929,0.0,1.0,0,L,1,0,d128_20261005_193250
1_george_24.wav,1,5,5,1,128,128,132,490.932,0.0,1.0,0,L,1,0,d128_20261005_193250
1_george_25.wav,1,1,1,1,128,128,132,490.932,0.0,1.0,0,L,1,0,d128_20261005_193250
1_george_26.wav,1,9,9,1,128,128,132,490.929,0.0,1.0,0,L,1,0,d128_20261005_193250
1_george_27.wav,1,5,5,1,128,128,132,490.929,0.0,1.0,0,L,1,0,d128_20261005_193250
1_george_28.wav,1,5,5,1,128,128,132,490.931,0.0,1.0,0,L,1,0,d128_20261005_193250
1_george_29.wav,1,9,9,1,128,128,132,490.927,0.0,1.0,0,L,1,0,d128_20261005_193250
1_george_3.wav,1,9,9,1,128,128,132,490.929,0.0,1.0,0,L,1,0,d128_20261005_193250
1_george_30.wav,1,8,8,1,128,128,132,490.929,0.0,1.0,0,L,1,0,d128_20261005_193250
1_george_31.wav,1,8,8,1,128,128,132,490.929,0.0,1.0,0,L,1,0,d128_20261005_193250
1_george_32.wav,1,6,6,1,128,128,132,490.933,0.0,1.0,0,L,1,0,d128_20261005_193250
1_george_33.wav,1,5,5,1,128,128,132,490.929,0.0,1.0,0,L,1,0,d128_20261005_193250
1_george_34.wav,1,9,9,1,128,128,132,490.929,0.0,1.0,0,L,1,0,d128_20261005_193250
1_george_35.wav,1,5,5,1,128,128,132,490.931,0.0,1.0,0,L,1,0,d128_20261005_193250
1_george_36.wav,1,9,9,1,128,128,132,490.927,0.0,1.0,0,L,1,0,d128_20261005_193250
1_george_37.wav,1,2,2,1,128,128,132,490.925,0.0,1.0,0,L,1,0,d128_20261005_193250
1_george_38.wav,1,8,8,1,128,128,132,490.929,0.0,1.0,0,L,1,0,d128_20261005_193250
1_george_39.wav,1,3,3,1,128,128,132,490.932,0.0,1.0,0,L,1,0,d128_20261005_193250
1_george_4.wav,1,9,9,1,128,128,132,490.927,0.0,1.0,0,L,1,0,d128_20261005_193250
1_george_40.wav,1,1,1,1,128,128,132,490.937,0.0,1.0,0,L,1,0,d128_20261005_193250
1_george_41.wav,1,1,1,1,128,128,132,490.929,0.0,1.0,0,L,1,0,d128_20261005_193250
1_george_42.wav,1,9,9,1,128,128,132,490.932,0.0,1.0,0,L,1,0,d128_20261005_193250
1_george_43.wav,1,1,1,1,128,128,132,490.929,0.0,1.0,0,L,1,0,d128_20261005_193250
1_george_44.wav,1,1,1,1,128,128,132,490.931,0.0,1.0,0,L,1,0,d128_20261005_193250
1_george_45.wav,1,1,1,1,128,128,132,490.932,0.0,1.0,0,L,1,0,d128_20261005_193250
1_george_46.wav,1,1,1,1,128,128,132,490.937,0.0,1.0,0,L,1,0,d128_20261005_193250
1_george_47.wav,1,1,1,1,128,128,132,490.928,0.0,1.0,0,L,1,0,d128_20261005_193250
1_george_48.wav,1,1,1,1,128,128,132,490.93,0.0,1.0,0,L,1,0,d128_20261005_193250
1_george_49.wav,1,9,9,1,128,128,132,490.93,0.0,1.0,0,L,1,0,d128_20261005_193250
1_george_5.wav,1,5,5,1,128,128,132,490.928,0.0,1.0,0,L,1,0,d128_20261005_193250
1_george_6.wav,1,9,9,1,128,128,132,490.93,0.0,1.0,0,L,1,0,d128_20261005_193250
1_george_7.wav,1,5,5,1,128,128,132,490.927,0.0,1.0,0,L,1,0,d128_20261005_193250
1_george_8.wav,1,5,5,1,128,128,132,490.929,0.0,1.0,0,L,1,0,d128_20261005_193250
1_george_9.wav,1,9,9,1,128,128,132,490.929,0.0,1.0,0,L,1,0,d128_20261005_193250
2_george_0.wav,2,2,2,1,128,128,132,490.93,0.0,1.0,0,L,1,0,d128_20261005_193250
2_george_1.wav,2,8,8,1,128,128,132,490.926,0.0,1.0,0,L,1,0,d128_20261005_193250
2_george_10.wav,2,2,2,1,128,128,132,490.928,0.0,1.0,0,L,1,0,d128_20261005_193250
2_george_11.wav,2,2,2,1,128,128,132,490.93,0.0,1.0,0,L,1,0,d128_20261005_193250
2_george_12.wav,2,2,2,1,128,128,132,490.926,0.0,1.0,0,L,1,0,d128_20261005_193250
2_george_13.wav,2,4,4,1,128,128,132,490.93,0.0,1.0,0,L,1,0,d128_20261005_193250
2_george_14.wav,2,2,2,1,128,128,132,490.926,0.0,1.0,0,L,1,0,d128_20261005_193250
2_george_15.wav,2,2,2,1,128,128,132,490.931,0.0,1.0,0,L,1,0,d128_20261005_193250
2_george_16.wav,2,2,2,1,128,128,132,490.93,0.0,1.0,0,L,1,0,d128_20261005_193250
2_george_17.wav,2,2,2,1,128,128,132,490.931,0.0,1.0,0,L,1,0,d128_20261005_193250
2_george_18.wav,2,2,2,1,128,128,132,490.927,0.0,1.0,0,L,1,0,d128_20261005_193250
2_george_19.wav,2,2,2,1,128,128,132,490.929,0.0,1.0,0,L,1,0,d128_20261005_193250
2_george_2.wav,2,2,2,1,128,128,132,490.929,0.0,1.0,0,L,1,0,d128_20261005_193250
2_george_20.wav,2,8,8,1,128,128,132,490.93,0.0,1.0,0,L,1,0,d128_20261005_193250
2_george_21.wav,2,8,8,1,128,128,132,490.926,0.0,1.0,0,L,1,0,d128_20261005_193250
2_george_22.wav,2,2,2,1,128,128,132,490.929,0.0,1.0,0,L,1,0,d128_20261005_193250
2_george_23.wav,2,2,2,1,128,128,132,490.926,0.0,1.0,0,L,1,0,d128_20261005_193250
2_george_24.wav,2,4,4,1,128,128,132,490.931,0.0,1.0,0,L,1,0,d128_20261005_193250
2_george_25.wav,2,2,2,1,128,128,132,490.933,0.0,1.0,0,L,1,0,d128_20261005_193250
2_george_26.wav,2,2,2,1,128,128,132,490.932,0.0,1.0,0,L,1,0,d128_20261005_193250
2_george_27.wav,2,4,4,1,128,128,132,490.927,0.0,1.0,0,L,1,0,d128_20261005_193250
2_george_28.wav,2,4,4,1,128,128,132,490.933,0.0,1.0,0,L,1,0,d128_20261005_193250
2_george_29.wav,2,2,2,1,128,128,132,490.925,0.0,1.0,0,L,1,0,d128_20261005_193250
2_george_3.wav,2,2,2,1,128,128,132,490.931,0.0,1.0,0,L,1,0,d128_20261005_193250
2_george_30.wav,2,8,8,1,128,128,132,490.924,0.0,1.0,0,L,1,0,d128_20261005_193250
2_george_31.wav,2,8,8,1,128,128,132,490.937,0.0,1.0,0,L,1,0,d128_20261005_193250
2_george_32.wav,2,2,2,1,128,128,132,490.925,0.0,1.0,0,L,1,0,d128_20261005_193250
2_george_33.wav,2,2,2,1,128,128,132,490.928,0.0,1.0,0,L,1,0,d128_20261005_193250
2_george_34.wav,2,4,4,1,128,128,132,490.926,0.0,1.0,0,L,1,0,d128_20261005_193250
2_george_35.wav,2,2,2,1,128,128,132,490.931,0.0,1.0,0,L,1,0,d128_20261005_193250
2_george_36.wav,2,2,2,1,128,128,132,490.93,0.0,1.0,0,L,1,0,d128_20261005_193250
2_george_37.wav,2,8,8,1,128,128,132,490.929,0.0,1.0,0,L,1,0,d128_20261005_193250
2_george_38.wav,2,2,2,1,128,128,132,490.93,0.0,1.0,0,L,1,0,d128_20261005_193250
2_george_39.wav,2,7,7,1,128,128,132,490.932,0.0,1.0,0,L,1,0,d128_20261005_193250
2_george_4.wav,2,2,2,1,128,128,132,490.93,0.0,1.0,0,L,1,0,d128_20261005_193250
2_george_40.wav,2,2,2,1,128,128,132,490.93,0.0,1.0,0,L,1,0,d128_20261005_193250
2_george_41.wav,2,2,2,1,128,128,132,490.928,0.0,1.0,0,L,1,0,d128_20261005_193250
2_george_42.wav,2,2,2,1,128,128,132,490.933,0.0,1.0,0,L,1,0,d128_20261005_193250
2_george_43.wav,2,8,8,1,128,128,132,490.928,0.0,1.0,0,L,1,0,d128_20261005_193250
2_george_44.wav,2,2,2,1,128,128,132,490.93,0.0,1.0,0,L,1,0,d128_20261005_193250
2_george_45.wav,2,8,8,1,128,128,132,490.926,0.0,1.0,0,L,1,0,d128_20261005_193250
2_george_46.wav,2,2,2,1,128,128,132,490.931,0.0,1.0,0,L,1,0,d128_20261005_193250
2_george_47.wav,2,8,8,1,128,128,132,490.928,0.0,1.0,0,L,1,0,d128_20261005_193250
2_george_48.wav,2,8,8,1,128,128,132,490.931,0.0,1.0,0,L,1,0,d128_20261005_193250
2_george_49.wav,2,2,2,1,128,128,132,490.933,0.0,1.0,0,L,1,0,d128_20261005_193250
2_george_5.wav,2,2,2,1,128,128,132,490.93,0.0,1.0,0,L,1,0,d128_20261005_193250
2_george_6.wav,2,2,2,1,128,128,132,490.93,0.0,1.0,0,L,1,0,d128_20261005_193250
2_george_7.wav,2,2,2,1,128,128,132,490.93,0.0,1.0,0,L,1,0,d128_20261005_193250
2_george_8.wav,2,2,2,1,128,128,132,490.931,0.0,1.0,0,L,1,0,d128_20261005_193250
2_george_9.wav,2,2,2,1,128,128,132,490.93,0.0,1.0,0,L,1,0,d128_20261005_193250
3_george_0.wav,3,7,7,1,128,128,132,490.931,0.0,1.0,0,L,1,0,d128_20261005_193250
3_george_1.wav,3,7,7,1,128,128,132,490.937,0.0,1.0,0,L,1,0,d128_20261005_193250
3_george_10.wav,3,5,5,1,128,128,132,490.929,0.0,1.0,0,L,1,0,d128_20261005_193250
3_george_11.wav,3,8,8,1,128,128,132,490.93,0.0,1.0,0,L,1,0,d128_20261005_193250
3_george_12.wav,3,8,8,1,128,128,132,490.925,0.0,1.0,0,L,1,0,d128_20261005_193250
3_george_13.wav,3,8,8,1,128,128,132,490.931,0.0,1.0,0,L,1,0,d128_20261005_193250
3_george_14.wav,3,8,8,1,128,128,132,490.929,0.0,1.0,0,L,1,0,d128_20261005_193250
3_george_15.wav,3,5,5,1,128,128,132,490.928,0.0,1.0,0,L,1,0,d128_20261005_193250
3_george_16.wav,3,7,7,1,128,128,132,490.934,0.0,1.0,0,L,1,0,d128_20261005_193250
3_george_17.wav,3,8,8,1,128,128,132,490.931,0.0,1.0,0,L,1,0,d128_20261005_193250
3_george_18.wav,3,5,5,1,128,128,132,490.929,0.0,1.0,0,L,1,0,d128_20261005_193250
3_george_19.wav,3,8,8,1,128,128,132,490.931,0.0,1.0,0,L,1,0,d128_20261005_193250
3_george_2.wav,3,7,7,1,128,128,132,490.933,0.0,1.0,0,L,1,0,d128_20261005_193250
3_george_20.wav,3,2,2,1,128,128,132,490.928,0.0,1.0,0,L,1,0,d128_20261005_193250
3_george_21.wav,3,8,8,1,128,128,132,490.93,0.0,1.0,0,L,1,0,d128_20261005_193250
3_george_22.wav,3,8,8,1,128,128,132,490.929,0.0,1.0,0,L,1,0,d128_20261005_193250
3_george_23.wav,3,1,1,1,128,128,132,490.933,0.0,1.0,0,L,1,0,d128_20261005_193250
3_george_24.wav,3,8,8,1,128,128,132,490.933,0.0,1.0,0,L,1,0,d128_20261005_193250
3_george_25.wav,3,8,8,1,128,128,132,490.929,0.0,1.0,0,L,1,0,d128_20261005_193250
3_george_26.wav,3,2,2,1,128,128,132,490.934,0.0,1.0,0,L,1,0,d128_20261005_193250
3_george_27.wav,3,8,8,1,128,128,132,490.925,0.0,1.0,0,L,1,0,d128_20261005_193250
3_george_28.wav,3,8,8,1,128,128,132,490.93,0.0,1.0,0,L,1,0,d128_20261005_193250
3_george_29.wav,3,8,8,1,128,128,132,490.926,0.0,1.0,0,L,1,0,d128_20261005_193250
3_george_3.wav,3,3,3,1,128,128,132,490.931,0.0,1.0,0,L,1,0,d128_20261005_193250
3_george_30.wav,3,8,8,1,128,128,132,490.931,0.0,1.0,0,L,1,0,d128_20261005_193250
3_george_31.wav,3,8,8,1,128,128,132,490.93,0.0,1.0,0,L,1,0,d128_20261005_193250
3_george_32.wav,3,8,8,1,128,128,132,490.928,0.0,1.0,0,L,1,0,d128_20261005_193250
3_george_33.wav,3,3,3,1,128,128,132,490.934,0.0,1.0,0,L,1,0,d128_20261005_193250
3_george_34.wav,3,8,8,1,128,128,132,490.928,0.0,1.0,0,L,1,0,d128_20261005_193250
3_george_35.wav,3,8,8,1,128,128,132,490.93,0.0,1.0,0,L,1,0,d128_20261005_193250
3_george_36.wav,3,3,3,1,128,128,132,490.93,0.0,1.0,0,L,1,0,d128_20261005_193250
3_george_37.wav,3,8,8,1,128,128,132,490.93,0.0,1.0,0,L,1,0,d128_20261005_193250
3_george_38.wav,3,8,8,1,128,128,132,490.93,0.0,1.0,0,L,1,0,d128_20261005_193250
3_george_39.wav,3,6,6,1,128,128,132,490.93,0.0,1.0,0,L,1,0,d128_20261005_193250
3_george_4.wav,3,3,3,1,128,128,132,490.929,0.0,1.0,0,L,1,0,d128_20261005_193250
3_george_40.wav,3,2,2,1,128,128,132,490.936,0.0,1.0,0,L,1,0,d128_20261005_193250
3_george_41.wav,3,8,8,1,128,128,132,490.929,0.0,1.0,0,L,1,0,d128_20261005_193250
3_george_42.wav,3,6,6,1,128,128,132,490.929,0.0,1.0,0,L,1,0,d128_20261005_193250
3_george_43.wav,3,1,1,1,128,128,132,490.928,0.0,1.0,0,L,1,0,d128_20261005_193250
3_george_44.wav,3,8,8,1,128,128,132,490.939,0.0,1.0,0,L,1,0,d128_20261005_193250
3_george_45.wav,3,8,8,1,128,128,132,490.926,0.0,1.0,0,L,1,0,d128_20261005_193250
3_george_46.wav,3,8,8,1,128,128,132,490.931,0.0,1.0,0,L,1,0,d128_20261005_193250
3_george_47.wav,3,8,8,1,128,128,132,490.93,0.0,1.0,0,L,1,0,d128_20261005_193250
3_george_48.wav,3,1,1,1,128,128,132,490.932,0.0,1.0,0,L,1,0,d128_20261005_193250
3_george_49.wav,3,8,8,1,128,128,132,490.931,0.0,1.0,0,L,1,0,d128_20261005_193250
3_george_5.wav,3,5,5,1,128,128,132,490.932,0.0,1.0,0,L,1,0,d128_20261005_193250
3_george_6.wav,3,8,8,1,128,128,132,490.929,0.0,1.0,0,L,1,0,d128_20261005_193250
3_george_7.wav,3,2,2,1,128,128,132,490.932,0.0,1.0,0,L,1,0,d128_20261005_193250
3_george_8.wav,3,8,8,1,128,128,132,490.93,0.0,1.0,0,L,1,0,d128_20261005_193250
3_george_9.wav,3,8,8,1,128,128,132,490.93,0.0,1.0,0,L,1,0,d128_20261005_193250
4_george_0.wav,4,9,9,1,128,128,132,490.926,0.0,1.0,0,L,1,0,d128_20261005_193250
4_george_1.wav,4,4,4,1,128,128,132,490.929,0.0,1.0,0,L,1,0,d128_20261005_193250
4_george_10.wav,4,5,5,1,128,128,132,490.935,0.0,1.0,0,L,1,0,d128_20261005_193250
4_george_11.wav,4,9,9,1,128,128,132,490.93,0.0,1.0,0,L,1,0,d128_20261005_193250
4_george_12.wav,4,9,9,1,128,128,132,490.93,0.0,1.0,0,L,1,0,d128_20261005_193250
4_george_13.wav,4,4,4,1,128,128,132,490.932,0.0,1.0,0,L,1,0,d128_20261005_193250
4_george_14.wav,4,9,9,1,128,128,132,490.93,0.0,1.0,0,L,1,0,d128_20261005_193250
4_george_15.wav,4,0,0,1,128,128,132,490.93,0.0,1.0,0,L,1,0,d128_20261005_193250
4_george_16.wav,4,9,9,1,128,128,132,490.931,0.0,1.0,0,L,1,0,d128_20261005_193250
4_george_17.wav,4,4,4,1,128,128,132,490.934,0.0,1.0,0,L,1,0,d128_20261005_193250
4_george_18.wav,4,5,5,1,128,128,132,490.928,0.0,1.0,0,L,1,0,d128_20261005_193250
4_george_19.wav,4,3,3,1,128,128,132,490.935,0.0,1.0,0,L,1,0,d128_20261005_193250
4_george_2.wav,4,9,9,1,128,128,132,490.925,0.0,1.0,0,L,1,0,d128_20261005_193250
4_george_20.wav,4,9,9,1,128,128,132,490.928,0.0,1.0,0,L,1,0,d128_20261005_193250
4_george_21.wav,4,7,7,1,128,128,132,490.928,0.0,1.0,0,L,1,0,d128_20261005_193250
4_george_22.wav,4,0,0,1,128,128,132,490.931,0.0,1.0,0,L,1,0,d128_20261005_193250
4_george_23.wav,4,5,5,1,128,128,132,490.931,0.0,1.0,0,L,1,0,d128_20261005_193250
4_george_24.wav,4,9,9,1,128,128,132,490.931,0.0,1.0,0,L,1,0,d128_20261005_193250
4_george_25.wav,4,7,7,1,128,128,132,490.938,0.0,1.0,0,L,1,0,d128_20261005_193250
4_george_26.wav,4,0,0,1,128,128,132,490.929,0.0,1.0,0,L,1,0,d128_20261005_193250
4_george_27.wav,4,4,4,1,128,128,132,490.928,0.0,1.0,0,L,1,0,d128_20261005_193250
4_george_28.wav,4,9,9,1,128,128,132,490.928,0.0,1.0,0,L,1,0,d128_20261005_193250
4_george_29.wav,4,7,7,1,128,128,132,490.93,0.0,1.0,0,L,1,0,d128_20261005_193250
4_george_3.wav,4,9,9,1,128,128,132,490.933,0.0,1.0,0,L,1,0,d128_20261005_193250
4_george_30.wav,4,7,7,1,128,128,132,490.929,0.0,1.0,0,L,1,0,d128_20261005_193250
4_george_31.wav,4,5,5,1,128,128,132,490.93,0.0,1.0,0,L,1,0,d128_20261005_193250
4_george_32.wav,4,9,9,1,128,128,132,490.929,0.0,1.0,0,L,1,0,d128_20261005_193250
4_george_33.wav,4,7,7,1,128,128,132,490.936,0.0,1.0,0,L,1,0,d128_20261005_193250
4_george_34.wav,4,4,4,1,128,128,132,490.926,0.0,1.0,0,L,1,0,d128_20261005_193250
4_george_35.wav,4,4,4,1,128,128,132,490.928,0.0,1.0,0,L,1,0,d128_20261005_193250
4_george_36.wav,4,4,4,1,128,128,132,490.927,0.0,1.0,0,L,1,0,d128_20261005_193250
4_george_37.wav,4,5,5,1,128,128,132,490.931,0.0,1.0,0,L,1,0,d128_20261005_193250
4_george_38.wav,4,5,5,1,128,128,132,490.931,0.0,1.0,0,L,1,0,d128_20261005_193250
4_george_39.wav,4,5,5,1,128,128,132,490.935,0.0,1.0,0,L,1,0,d128_20261005_193250
4_george_4.wav,4,9,9,1,128,128,132,490.931,0.0,1.0,0,L,1,0,d128_20261005_193250
4_george_40.wav,4,3,3,1,128,128,132,490.931,0.0,1.0,0,L,1,0,d128_20261005_193250
4_george_41.wav,4,7,7,1,128,128,132,490.929,0.0,1.0,0,L,1,0,d128_20261005_193250
4_george_42.wav,4,9,9,1,128,128,132,490.93,0.0,1.0,0,L,1,0,d128_20261005_193250
4_george_43.wav,4,4,4,1,128,128,132,490.933,0.0,1.0,0,L,1,0,d128_20261005_193250
4_george_44.wav,4,2,2,1,128,128,132,490.935,0.0,1.0,0,L,1,0,d128_20261005_193250
4_george_45.wav,4,7,7,1,128,128,132,490.929,0.0,1.0,0,L,1,0,d128_20261005_193250
4_george_46.wav,4,9,9,1,128,128,132,490.929,0.0,1.0,0,L,1,0,d128_20261005_193250
4_george_47.wav,4,5,5,1,128,128,132,490.937,0.0,1.0,0,L,1,0,d128_20261005_193250
4_george_48.wav,4,4,4,1,128,128,132,490.928,0.0,1.0,0,L,1,0,d128_20261005_193250
4_george_49.wav,4,2,2,1,128,128,132,490.93,0.0,1.0,0,L,1,0,d128_20261005_193250
4_george_5.wav,4,5,5,1,128,128,132,490.93,0.0,1.0,0,L,1,0,d128_20261005_193250
4_george_6.wav,4,3,3,1,128,128,132,490.929,0.0,1.0,0,L,1,0,d128_20261005_193250
4_george_7.wav,4,4,4,1,128,128,132,490.929,0.0,1.0,0,L,1,0,d128_20261005_193250
4_george_8.wav,4,4,4,1,128,128,132,490.925,0.0,1.0,0,L,1,0,d128_20261005_193250
4_george_9.wav,4,5,5,1,128,128,132,490.926,0.0,1.0,0,L,1,0,d128_20261005_193250
5_george_0.wav,5,9,9,1,128,128,132,490.929,0.0,1.0,0,L,1,0,d128_20261005_193250
5_george_1.wav,5,9,9,1,128,128,132,490.932,0.0,1.0,0,L,1,0,d128_20261005_193250
5_george_10.wav,5,5,5,1,128,128,132,490.929,0.0,1.0,0,L,1,0,d128_20261005_193250
5_george_11.wav,5,5,5,1,128,128,132,490.929,0.0,1.0,0,L,1,0,d128_20261005_193250
5_george_12.wav,5,9,9,1,128,128,132,490.932,0.0,1.0,0,L,1,0,d128_20261005_193250
5_george_13.wav,5,5,5,1,128,128,132,490.935,0.0,1.0,0,L,1,0,d128_20261005_193250
5_george_14.wav,5,5,5,1,128,128,132,490.93,0.0,1.0,0,L,1,0,d128_20261005_193250
5_george_15.wav,5,5,5,1,128,128,132,490.93,0.0,1.0,0,L,1,0,d128_20261005_193250
5_george_16.wav,5,5,5,1,128,128,132,490.924,0.0,1.0,0,L,1,0,d128_20261005_193250
5_george_17.wav,5,9,9,1,128,128,132,490.93,0.0,1.0,0,L,1,0,d128_20261005_193250
5_george_18.wav,5,5,5,1,128,128,132,490.932,0.0,1.0,0,L,1,0,d128_20261005_193250
5_george_19.wav,5,5,5,1,128,128,132,490.931,0.0,1.0,0,L,1,0,d128_20261005_193250
5_george_2.wav,5,5,5,1,128,128,132,490.934,0.0,1.0,0,L,1,0,d128_20261005_193250
5_george_20.wav,5,8,8,1,128,128,132,490.929,0.0,1.0,0,L,1,0,d128_20261005_193250
5_george_21.wav,5,5,5,1,128,128,132,490.932,0.0,1.0,0,L,1,0,d128_20261005_193250
5_george_22.wav,5,9,9,1,128,128,132,490.931,0.0,1.0,0,L,1,0,d128_20261005_193250
5_george_23.wav,5,9,9,1,128,128,132,490.928,0.0,1.0,0,L,1,0,d128_20261005_193250
5_george_24.wav,5,5,5,1,128,128,132,490.932,0.0,1.0,0,L,1,0,d128_20261005_193250
5_george_25.wav,5,7,7,1,128,128,132,490.93,0.0,1.0,0,L,1,0,d128_20261005_193250
5_george_26.wav,5,9,9,1,128,128,132,490.931,0.0,1.0,0,L,1,0,d128_20261005_193250
5_george_27.wav,5,9,9,1,128,128,132,490.927,0.0,1.0,0,L,1,0,d128_20261005_193250
5_george_28.wav,5,9,9,1,128,128,132,490.937,0.0,1.0,0,L,1,0,d128_20261005_193250
5_george_29.wav,5,5,5,1,128,128,132,490.926,0.0,1.0,0,L,1,0,d128_20261005_193250
5_george_3.wav,5,5,5,1,128,128,132,490.932,0.0,1.0,0,L,1,0,d128_20261005_193250
5_george_30.wav,5,3,3,1,128,128,132,490.936,0.0,1.0,0,L,1,0,d128_20261005_193250
5_george_31.wav,5,5,5,1,128,128,132,490.929,0.0,1.0,0,L,1,0,d128_20261005_193250
5_george_32.wav,5,5,5,1,128,128,132,490.93,0.0,1.0,0,L,1,0,d128_20261005_193250
5_george_33.wav,5,5,5,1,128,128,132,490.932,0.0,1.0,0,L,1,0,d128_20261005_193250
5_george_34.wav,5,3,3,1,128,128,132,490.932,0.0,1.0,0,L,1,0,d128_20261005_193250
5_george_35.wav,5,5,5,1,128,128,132,490.933,0.0,1.0,0,L,1,0,d128_20261005_193250
5_george_36.wav,5,7,7,1,128,128,132,490.936,0.0,1.0,0,L,1,0,d128_20261005_193250
5_george_37.wav,5,5,5,1,128,128,132,490.932,0.0,1.0,0,L,1,0,d128_20261005_193250
5_george_38.wav,5,5,5,1,128,128,132,490.93,0.0,1.0,0,L,1,0,d128_20261005_193250
5_george_39.wav,5,3,3,1,128,128,132,490.931,0.0,1.0,0,L,1,0,d128_20261005_193250
5_george_4.wav,5,5,5,1,128,128,132,490.926,0.0,1.0,0,L,1,0,d128_20261005_193250
5_george_40.wav,5,1,1,1,128,128,132,490.929,0.0,1.0,0,L,1,0,d128_20261005_193250
5_george_41.wav,5,5,5,1,128,128,132,490.931,0.0,1.0,0,L,1,0,d128_20261005_193250
5_george_42.wav,5,9,9,1,128,128,132,490.93,0.0,1.0,0,L,1,0,d128_20261005_193250
5_george_43.wav,5,7,7,1,128,128,132,490.935,0.0,1.0,0,L,1,0,d128_20261005_193250
5_george_44.wav,5,9,9,1,128,128,132,490.932,0.0,1.0,0,L,1,0,d128_20261005_193250
5_george_45.wav,5,9,9,1,128,128,132,490.932,0.0,1.0,0,L,1,0,d128_20261005_193250
5_george_46.wav,5,5,5,1,128,128,132,490.932,0.0,1.0,0,L,1,0,d128_20261005_193250
5_george_47.wav,5,9,9,1,128,128,132,490.934,0.0,1.0,0,L,1,0,d128_20261005_193250
5_george_48.wav,5,1,1,1,128,128,132,490.932,0.0,1.0,0,L,1,0,d128_20261005_193250
5_george_49.wav,5,9,9,1,128,128,132,490.933,0.0,1.0,0,L,1,0,d128_20261005_193250
5_george_5.wav,5,5,5,1,128,128,132,490.932,0.0,1.0,0,L,1,0,d128_20261005_193250
5_george_6.wav,5,9,9,1,128,128,132,490.934,0.0,1.0,0,L,1,0,d128_20261005_193250
5_george_7.wav,5,5,5,1,128,128,132,490.926,0.0,1.0,0,L,1,0,d128_20261005_193250
5_george_8.wav,5,5,5,1,128,128,132,490.929,0.0,1.0,0,L,1,0,d128_20261005_193250
5_george_9.wav,5,5,5,1,128,128,132,490.934,0.0,1.0,0,L,1,0,d128_20261005_193250
6_george_0.wav,6,6,6,1,128,128,132,490.929,0.0,1.0,0,L,1,0,d128_20261005_193250
6_george_1.wav,6,6,6,1,128,128,132,490.931,0.0,1.0,0,L,1,0,d128_20261005_193250
6_george_10.wav,6,6,6,1,128,128,132,490.931,0.0,1.0,0,L,1,0,d128_20261005_193250
6_george_11.wav,6,8,8,1,128,128,132,490.93,0.0,1.0,0,L,1,0,d128_20261005_193250
6_george_12.wav,6,8,8,1,128,128,132,490.928,0.0,1.0,0,L,1,0,d128_20261005_193250
6_george_13.wav,6,7,7,1,128,128,132,490.937,0.0,1.0,0,L,1,0,d128_20261005_193250
6_george_14.wav,6,6,6,1,128,128,132,490.929,0.0,1.0,0,L,1,0,d128_20261005_193250
6_george_15.wav,6,6,6,1,128,128,132,490.929,0.0,1.0,0,L,1,0,d128_20261005_193250
6_george_16.wav,6,8,8,1,128,128,132,490.932,0.0,1.0,0,L,1,0,d128_20261005_193250
6_george_17.wav,6,8,8,1,128,128,132,490.931,0.0,1.0,0,L,1,0,d128_20261005_193250
6_george_18.wav,6,8,8,1,128,128,132,490.93,0.0,1.0,0,L,1,0,d128_20261005_193250
6_george_19.wav,6,8,8,1,128,128,132,490.925,0.0,1.0,0,L,1,0,d128_20261005_193250
6_george_2.wav,6,6,6,1,128,128,132,490.929,0.0,1.0,0,L,1,0,d128_20261005_193250
6_george_20.wav,6,6,6,1,128,128,132,490.928,0.0,1.0,0,L,1,0,d128_20261005_193250
6_george_21.wav,6,6,6,1,128,128,132,490.933,0.0,1.0,0,L,1,0,d128_20261005_193250
6_george_22.wav,6,6,6,1,128,128,132,490.928,0.0,1.0,0,L,1,0,d128_20261005_193250
6_george_23.wav,6,6,6,1,128,128,132,490.932,0.0,1.0,0,L,1,0,d128_20261005_193250
6_george_24.wav,6,8,8,1,128,128,132,490.928,0.0,1.0,0,L,1,0,d128_20261005_193250
6_george_25.wav,6,6,6,1,128,128,132,490.937,0.0,1.0,0,L,1,0,d128_20261005_193250
6_george_26.wav,6,8,8,1,128,128,132,490.927,0.0,1.0,0,L,1,0,d128_20261005_193250
6_george_27.wav,6,6,6,1,128,128,132,490.931,0.0,1.0,0,L,1,0,d128_20261005_193250
6_george_28.wav,6,6,6,1,128,128,132,490.929,0.0,1.0,0,L,1,0,d128_20261005_193250
6_george_29.wav,6,6,6,1,128,128,132,490.932,0.0,1.0,0,L,1,0,d128_20261005_193250
6_george_3.wav,6,6,6,1,128,128,132,490.929,0.0,1.0,0,L,1,0,d128_20261005_193250
6_george_30.wav,6,2,2,1,128,128,132,490.936,0.0,1.0,0,L,1,0,d128_20261005_193250
6_george_31.wav,6,6,6,1,128,128,132,490.933,0.0,1.0,0,L,1,0,d128_20261005_193250
6_george_32.wav,6,8,8,1,128,128,132,490.929,0.0,1.0,0,L,1,0,d128_20261005_193250
6_george_33.wav,6,6,6,1,128,128,132,490.931,0.0,1.0,0,L,1,0,d128_20261005_193250
6_george_34.wav,6,3,3,1,128,128,132,490.936,0.0,1.0,0,L,1,0,d128_20261005_193250
6_george_35.wav,6,6,6,1,128,128,132,490.93,0.0,1.0,0,L,1,0,d128_20261005_193250
6_george_36.wav,6,6,6,1,128,128,132,490.931,0.0,1.0,0,L,1,0,d128_20261005_193250
6_george_37.wav,6,6,6,1,128,128,132,490.931,0.0,1.0,0,L,1,0,d128_20261005_193250
6_george_38.wav,6,6,6,1,128,128,132,490.929,0.0,1.0,0,L,1,0,d128_20261005_193250
6_george_39.wav,6,6,6,1,128,128,132,490.932,0.0,1.0,0,L,1,0,d128_20261005_193250
6_george_4.wav,6,6,6,1,128,128,132,490.928,0.0,1.0,0,L,1,0,d128_20261005_193250
6_george_40.wav,6,6,6,1,128,128,132,490.931,0.0,1.0,0,L,1,0,d128_20261005_193250
6_george_41.wav,6,6,6,1,128,128,132,490.932,0.0,1.0,0,L,1,0,d128_20261005_193250
6_george_42.wav,6,6,6,1,128,128,132,490.932,0.0,1.0,0,L,1,0,d128_20261005_193250
6_george_43.wav,6,6,6,1,128,128,132,490.929,0.0,1.0,0,L,1,0,d128_20261005_193250
6_george_44.wav,6,6,6,1,128,128,132,490.934,0.0,1.0,0,L,1,0,d128_20261005_193250
6_george_45.wav,6,6,6,1,128,128,132,490.932,0.0,1.0,0,L,1,0,d128_20261005_193250
6_george_46.wav,6,6,6,1,128,128,132,490.929,0.0,1.0,0,L,1,0,d128_20261005_193250
6_george_47.wav,6,6,6,1,128,128,132,490.928,0.0,1.0,0,L,1,0,d128_20261005_193250
6_george_48.wav,6,8,8,1,128,128,132,490.933,0.0,1.0,0,L,1,0,d128_20261005_193250
6_george_49.wav,6,6,6,1,128,128,132,490.933,0.0,1.0,0,L,1,0,d128_20261005_193250
6_george_5.wav,6,3,3,1,128,128,132,490.931,0.0,1.0,0,L,1,0,d128_20261005_193250
6_george_6.wav,6,6,6,1,128,128,132,490.932,0.0,1.0,0,L,1,0,d128_20261005_193250
6_george_7.wav,6,6,6,1,128,128,132,490.931,0.0,1.0,0,L,1,0,d128_20261005_193250
6_george_8.wav,6,6,6,1,128,128,132,490.928,0.0,1.0,0,L,1,0,d128_20261005_193250
6_george_9.wav,6,6,6,1,128,128,132,490.93,0.0,1.0,0,L,1,0,d128_20261005_193250
7_george_0.wav,7,6,6,1,128,128,132,490.93,0.0,1.0,0,L,1,0,d128_20261005_193250
7_george_1.wav,7,9,9,1,128,128,132,490.927,0.0,1.0,0,L,1,0,d128_20261005_193250
7_george_10.wav,7,7,7,1,128,128,132,490.931,0.0,1.0,0,L,1,0,d128_20261005_193250
7_george_11.wav,7,9,9,1,128,128,132,490.932,0.0,1.0,0,L,1,0,d128_20261005_193250
7_george_12.wav,7,7,7,1,128,128,132,490.929,0.0,1.0,0,L,1,0,d128_20261005_193250
7_george_13.wav,7,6,6,1,128,128,132,490.934,0.0,1.0,0,L,1,0,d128_20261005_193250
7_george_14.wav,7,9,9,1,128,128,132,490.933,0.0,1.0,0,L,1,0,d128_20261005_193250
7_george_15.wav,7,7,7,1,128,128,132,490.929,0.0,1.0,0,L,1,0,d128_20261005_193250
7_george_16.wav,7,6,6,1,128,128,132,490.929,0.0,1.0,0,L,1,0,d128_20261005_193250
7_george_17.wav,7,6,6,1,128,128,132,490.931,0.0,1.0,0,L,1,0,d128_20261005_193250
7_george_18.wav,7,9,9,1,128,128,132,490.926,0.0,1.0,0,L,1,0,d128_20261005_193250
7_george_19.wav,7,9,9,1,128,128,132,490.936,0.0,1.0,0,L,1,0,d128_20261005_193250
7_george_2.wav,7,6,6,1,128,128,132,490.925,0.0,1.0,0,L,1,0,d128_20261005_193250
7_george_20.wav,7,6,6,1,128,128,132,490.932,0.0,1.0,0,L,1,0,d128_20261005_193250
7_george_21.wav,7,8,8,1,128,128,132,490.929,0.0,1.0,0,L,1,0,d128_20261005_193250
7_george_22.wav,7,7,7,1,128,128,132,490.929,0.0,1.0,0,L,1,0,d128_20261005_193250
7_george_23.wav,7,6,6,1,128,128,132,490.931,0.0,1.0,0,L,1,0,d128_20261005_193250
7_george_24.wav,7,6,6,1,128,128,132,490.927,0.0,1.0,0,L,1,0,d128_20261005_193250
7_george_25.wav,7,6,6,1,128,128,132,490.937,0.0,1.0,0,L,1,0,d128_20261005_193250
7_george_26.wav,7,6,6,1,128,128,132,490.931,0.0,1.0,0,L,1,0,d128_20261005_193250
7_george_27.wav,7,6,6,1,128,128,132,490.93,0.0,1.0,0,L,1,0,d128_20261005_193250
7_george_28.wav,7,6,6,1,128,128,132,490.937,0.0,1.0,0,L,1,0,d128_20261005_193250
7_george_29.wav,7,8,8,1,128,128,132,490.932,0.0,1.0,0,L,1,0,d128_20261005_193250
7_george_3.wav,7,9,9,1,128,128,132,490.931,0.0,1.0,0,L,1,0,d128_20261005_193250
7_george_30.wav,7,7,7,1,128,128,132,490.927,0.0,1.0,0,L,1,0,d128_20261005_193250
7_george_31.wav,7,3,3,1,128,128,132,490.932,0.0,1.0,0,L,1,0,d128_20261005_193250
7_george_32.wav,7,3,3,1,128,128,132,490.937,0.0,1.0,0,L,1,0,d128_20261005_193250
7_george_33.wav,7,8,8,1,128,128,132,490.932,0.0,1.0,0,L,1,0,d128_20261005_193250
7_george_34.wav,7,8,8,1,128,128,132,490.93,0.0,1.0,0,L,1,0,d128_20261005_193250
7_george_35.wav,7,8,8,1,128,128,132,490.93,0.0,1.0,0,L,1,0,d128_20261005_193250
7_george_36.wav,7,8,8,1,128,128,132,490.929,0.0,1.0,0,L,1,0,d128_20261005_193250
7_george_37.wav,7,7,7,1,128,128,132,490.932,0.0,1.0,0,L,1,0,d128_20261005_193250
7_george_38.wav,7,7,7,1,128,128,132,490.931,0.0,1.0,0,L,1,0,d128_20261005_193250
7_george_39.wav,7,7,7,1,128,128,132,490.934,0.0,1.0,0,L,1,0,d128_20261005_193250
7_george_4.wav,7,6,6,1,128,128,132,490.928,0.0,1.0,0,L,1,0,d128_20261005_193250
7_george_40.wav,7,7,7,1,128,128,132,490.93,0.0,1.0,0,L,1,0,d128_20261005_193250
7_george_41.wav,7,6,6,1,128,128,132,490.929,0.0,1.0,0,L,1,0,d128_20261005_193250
7_george_42.wav,7,6,6,1,128,128,132,490.931,0.0,1.0,0,L,1,0,d128_20261005_193250
7_george_43.wav,7,7,7,1,128,128,132,490.932,0.0,1.0,0,L,1,0,d128_20261005_193250
7_george_44.wav,7,6,6,1,128,128,132,490.933,0.0,1.0,0,L,1,0,d128_20261005_193250
7_george_45.wav,7,7,7,1,128,128,132,490.937,0.0,1.0,0,L,1,0,d128_20261005_193250
7_george_46.wav,7,6,6,1,128,128,132,490.932,0.0,1.0,0,L,1,0,d128_20261005_193250
7_george_47.wav,7,7,7,1,128,128,132,490.931,0.0,1.0,0,L,1,0,d128_20261005_193250
7_george_48.wav,7,7,7,1,128,128,132,490.927,0.0,1.0,0,L,1,0,d128_20261005_193250
7_george_49.wav,7,7,7,1,128,128,132,490.932,0.0,1.0,0,L,1,0,d128_20261005_193250
7_george_5.wav,7,9,9,1,128,128,132,490.927,0.0,1.0,0,L,1,0,d128_20261005_193250
7_george_6.wav,7,7,7,1,128,128,132,490.928,0.0,1.0,0,L,1,0,d128_20261005_193250
7_george_7.wav,7,9,9,1,128,128,132,490.932,0.0,1.0,0,L,1,0,d128_20261005_193250
7_george_8.wav,7,3,3,1,128,128,132,490.926,0.0,1.0,0,L,1,0,d128_20261005_193250
7_george_9.wav,7,6,6,1,128,128,132,490.928,0.0,1.0,0,L,1,0,d128_20261005_193250
8_george_0.wav,8,8,8,1,128,128,132,490.929,0.0,1.0,0,L,1,0,d128_20261005_193250
8_george_1.wav,8,8,8,1,128,128,132,490.929,0.0,1.0,0,L,1,0,d128_20261005_193250
8_george_10.wav,8,8,8,1,128,128,132,490.928,0.0,1.0,0,L,1,0,d128_20261005_193250
8_george_11.wav,8,8,8,1,128,128,132,490.93,0.0,1.0,0,L,1,0,d128_20261005_193250
8_george_12.wav,8,8,8,1,128,128,132,490.932,0.0,1.0,0,L,1,0,d128_20261005_193250
8_george_13.wav,8,8,8,1,128,128,132,490.927,0.0,1.0,0,L,1,0,d128_20261005_193250
8_george_14.wav,8,8,8,1,128,128,132,490.927,0.0,1.0,0,L,1,0,d128_20261005_193250
8_george_15.wav,8,1,1,1,128,128,132,490.93,0.0,1.0,0,L,1,0,d128_20261005_193250
8_george_16.wav,8,8,8,1,128,128,132,490.927,0.0,1.0,0,L,1,0,d128_20261005_193250
8_george_17.wav,8,5,5,1,128,128,132,490.925,0.0,1.0,0,L,1,0,d128_20261005_193250
8_george_18.wav,8,8,8,1,128,128,132,490.929,0.0,1.0,0,L,1,0,d128_20261005_193250
8_george_19.wav,8,8,8,1,128,128,132,490.926,0.0,1.0,0,L,1,0,d128_20261005_193250
8_george_2.wav,8,8,8,1,128,128,132,490.933,0.0,1.0,0,L,1,0,d128_20261005_193250
8_george_20.wav,8,8,8,1,128,128,132,490.931,0.0,1.0,0,L,1,0,d128_20261005_193250
8_george_21.wav,8,8,8,1,128,128,132,490.927,0.0,1.0,0,L,1,0,d128_20261005_193250
8_george_22.wav,8,8,8,1,128,128,132,490.934,0.0,1.0,0,L,1,0,d128_20261005_193250
8_george_23.wav,8,8,8,1,128,128,132,490.93,0.0,1.0,0,L,1,0,d128_20261005_193250
8_george_24.wav,8,8,8,1,128,128,132,490.928,0.0,1.0,0,L,1,0,d128_20261005_193250
8_george_25.wav,8,8,8,1,128,128,132,490.926,0.0,1.0,0,L,1,0,d128_20261005_193250
8_george_26.wav,8,8,8,1,128,128,132,490.929,0.0,1.0,0,L,1,0,d128_20261005_193250
8_george_27.wav,8,8,8,1,128,128,132,490.927,0.0,1.0,0,L,1,0,d128_20261005_193250
8_george_28.wav,8,3,3,1,128,128,132,490.928,0.0,1.0,0,L,1,0,d128_20261005_193250
8_george_29.wav,8,6,6,1,128,128,132,490.933,0.0,1.0,0,L,1,0,d128_20261005_193250
8_george_3.wav,8,8,8,1,128,128,132,490.929,0.0,1.0,0,L,1,0,d128_20261005_193250
8_george_30.wav,8,8,8,1,128,128,132,490.927,0.0,1.0,0,L,1,0,d128_20261005_193250
8_george_31.wav,8,6,6,1,128,128,132,490.931,0.0,1.0,0,L,1,0,d128_20261005_193250
8_george_32.wav,8,8,8,1,128,128,132,490.931,0.0,1.0,0,L,1,0,d128_20261005_193250
8_george_33.wav,8,8,8,1,128,128,132,490.927,0.0,1.0,0,L,1,0,d128_20261005_193250
8_george_34.wav,8,8,8,1,128,128,132,490.928,0.0,1.0,0,L,1,0,d128_20261005_193250
8_george_35.wav,8,8,8,1,128,128,132,490.928,0.0,1.0,0,L,1,0,d128_20261005_193250
8_george_36.wav,8,8,8,1,128,128,132,490.928,0.0,1.0,0,L,1,0,d128_20261005_193250
8_george_37.wav,8,8,8,1,128,128,132,490.93,0.0,1.0,0,L,1,0,d128_20261005_193250
8_george_38.wav,8,6,6,1,128,128,132,490.929,0.0,1.0,0,L,1,0,d128_20261005_193250
8_george_39.wav,8,6,6,1,128,128,132,490.929,0.0,1.0,0,L,1,0,d128_20261005_193250
8_george_4.wav,8,8,8,1,128,128,132,490.926,0.0,1.0,0,L,1,0,d128_20261005_193250
8_george_40.wav,8,8,8,1,128,128,132,490.93,0.0,1.0,0,L,1,0,d128_20261005_193250
8_george_41.wav,8,6,6,1,128,128,132,490.928,0.0,1.0,0,L,1,0,d128_20261005_193250
8_george_42.wav,8,8,8,1,128,128,132,490.93,0.0,1.0,0,L,1,0,d128_20261005_193250
8_george_43.wav,8,8,8,1,128,128,132,490.93,0.0,1.0,0,L,1,0,d128_20261005_193250
8_george_44.wav,8,8,8,1,128,128,132,490.927,0.0,1.0,0,L,1,0,d128_20261005_193250
8_george_45.wav,8,8,8,1,128,128,132,490.93,0.0,1.0,0,L,1,0,d128_20261005_193250
8_george_46.wav,8,8,8,1,128,128,132,490.932,0.0,1.0,0,L,1,0,d128_20261005_193250
8_george_47.wav,8,8,8,1,128,128,132,490.93,0.0,1.0,0,L,1,0,d128_20261005_193250
8_george_48.wav,8,8,8,1,128,128,132,490.929,0.0,1.0,0,L,1,0,d128_20261005_193250
8_george_49.wav,8,8,8,1,128,128,132,490.927,0.0,1.0,0,L,1,0,d128_20261005_193250
8_george_5.wav,8,8,8,1,128,128,132,490.928,0.0,0.9921875,1,L,1,0,d128_20261005_193250
8_george_6.wav,8,8,8,1,128,128,132,490.928,0.0,1.0,0,L,1,0,d128_20261005_193250
8_george_7.wav,8,8,8,1,128,128,132,490.928,0.0,1.0,0,L,1,0,d128_20261005_193250
8_george_8.wav,8,8,8,1,128,128,132,490.926,0.0,1.0,0,L,1,0,d128_20261005_193250
8_george_9.wav,8,8,8,1,128,128,132,490.929,0.0,1.0,0,L,1,0,d128_20261005_193250
9_george_0.wav,9,9,9,1,128,128,132,490.929,0.0,1.0,0,L,1,0,d128_20261005_193250
9_george_1.wav,9,9,9,1,128,128,132,490.924,0.0,1.0,0,L,1,0,d128_20261005_193250
9_george_10.wav,9,9,9,1,128,128,132,490.929,0.0,1.0,0,L,1,0,d128_20261005_193250
9_george_11.wav,9,9,9,1,128,128,132,490.932,0.0,1.0,0,L,1,0,d128_20261005_193250
9_george_12.wav,9,9,9,1,128,128,132,490.928,0.0,1.0,0,L,1,0,d128_20261005_193250
9_george_13.wav,9,5,5,1,128,128,132,490.933,0.0,1.0,0,L,1,0,d128_20261005_193250
9_george_14.wav,9,5,5,1,128,128,132,490.932,0.0,1.0,0,L,1,0,d128_20261005_193250
9_george_15.wav,9,9,9,1,128,128,132,490.929,0.0,1.0,0,L,1,0,d128_20261005_193250
9_george_16.wav,9,9,9,1,128,128,132,490.929,0.0,1.0,0,L,1,0,d128_20261005_193250
9_george_17.wav,9,9,9,1,128,128,132,490.929,0.0,1.0,0,L,1,0,d128_20261005_193250
9_george_18.wav,9,9,9,1,128,128,132,490.924,0.0,1.0,0,L,1,0,d128_20261005_193250
9_george_19.wav,9,9,9,1,128,128,132,490.93,0.0,1.0,0,L,1,0,d128_20261005_193250
9_george_2.wav,9,9,9,1,128,128,132,490.928,0.0,1.0,0,L,1,0,d128_20261005_193250
9_george_20.wav,9,5,5,1,128,128,132,490.936,0.0,1.0,0,L,1,0,d128_20261005_193250
9_george_21.wav,9,5,5,1,128,128,132,490.934,0.0,1.0,0,L,1,0,d128_20261005_193250
9_george_22.wav,9,6,6,1,128,128,132,490.928,0.0,1.0,0,L,1,0,d128_20261005_193250
9_george_23.wav,9,5,5,1,128,128,132,490.926,0.0,1.0,0,L,1,0,d128_20261005_193250
9_george_24.wav,9,9,9,1,128,128,132,490.934,0.0,1.0,0,L,1,0,d128_20261005_193250
9_george_25.wav,9,9,9,1,128,128,132,490.931,0.0,1.0,0,L,1,0,d128_20261005_193250
9_george_26.wav,9,5,5,1,128,128,132,490.929,0.0,1.0,0,L,1,0,d128_20261005_193250
9_george_27.wav,9,9,9,1,128,128,132,490.932,0.0,1.0,0,L,1,0,d128_20261005_193250
9_george_28.wav,9,9,9,1,128,128,132,490.931,0.0,1.0,0,L,1,0,d128_20261005_193250
9_george_29.wav,9,9,9,1,128,128,132,490.931,0.0,1.0,0,L,1,0,d128_20261005_193250
9_george_3.wav,9,1,1,1,128,128,132,490.93,0.0,1.0,0,L,1,0,d128_20261005_193250
9_george_30.wav,9,7,7,1,128,128,132,490.93,0.0,1.0,0,L,1,0,d128_20261005_193250
9_george_31.wav,9,6,6,1,128,128,132,490.93,0.0,1.0,0,L,1,0,d128_20261005_193250
9_george_32.wav,9,5,5,1,128,128,132,490.927,0.0,1.0,0,L,1,0,d128_20261005_193250
9_george_33.wav,9,5,5,1,128,128,132,490.931,0.0,1.0,0,L,1,0,d128_20261005_193250
9_george_34.wav,9,5,5,1,128,128,132,490.938,0.0,1.0,0,L,1,0,d128_20261005_193250
9_george_35.wav,9,5,5,1,128,128,132,490.929,0.0,1.0,0,L,1,0,d128_20261005_193250
9_george_36.wav,9,5,5,1,128,128,132,490.932,0.0,1.0,0,L,1,0,d128_20261005_193250
9_george_37.wav,9,5,5,1,128,128,132,490.924,0.0,1.0,0,L,1,0,d128_20261005_193250
9_george_38.wav,9,5,5,1,128,128,132,490.933,0.0,1.0,0,L,1,0,d128_20261005_193250
9_george_39.wav,9,9,9,1,128,128,132,490.931,0.0,1.0,0,L,1,0,d128_20261005_193250
9_george_4.wav,9,9,9,1,128,128,132,490.932,0.0,1.0,0,L,1,0,d128_20261005_193250
9_george_40.wav,9,1,1,1,128,128,132,490.931,0.0,1.0,0,L,1,0,d128_20261005_193250
9_george_41.wav,9,9,9,1,128,128,132,490.932,0.0,1.0,0,L,1,0,d128_20261005_193250
9_george_42.wav,9,5,5,1,128,128,132,490.937,0.0,1.0,0,L,1,0,d128_20261005_193250
9_george_43.wav,9,5,5,1,128,128,132,490.933,0.0,1.0,0,L,1,0,d128_20261005_193250
9_george_44.wav,9,9,9,1,128,128,132,490.93,0.0,1.0,0,L,1,0,d128_20261005_193250
9_george_45.wav,9,9,9,1,128,128,132,490.931,0.0,1.0,0,L,1,0,d128_20261005_193250
9_george_46.wav,9,9,9,1,128,128,132,490.931,0.0,1.0,0,L,1,0,d128_20261005_193250
9_george_47.wav,9,9,9,1,128,128,132,490.929,0.0,1.0,0,L,1,0,d128_20261005_193250
9_george_48.wav,9,9,9,1,128,128,132,490.938,0.0,1.0,0,L,1,0,d128_20261005_193250
9_george_49.wav,9,9,9,1,128,128,132,490.93,0.0,1.0,0,L,1,0,d128_20261005_193250
9_george_5.wav,9,9,9,1,128,128,132,490.93,0.0,1.0,0,L,1,0,d128_20261005_193250
9_george_6.wav,9,9,9,1,128,128,132,490.928,0.0,1.0,0,L,1,0,d128_20261005_193250
9_george_7.wav,9,5,5,1,128,128,132,490.934,0.0,1.0,0,L,1,0,d128_20261005_193250
9_george_8.wav,9,9,9,1,128,128,132,490.929,0.0,1.0,0,L,1,0,d128_20261005_193250
9_george_9.wav,9,9,9,1,128,128,132,490.927,0.0,1.0,0,L,1,0,d128_20261005_193250
0_george_0.wav,0,6,6,1,128,128,132,490.764,87.585,1.0,0,A,1,0,d128_20261005_193250
0_george_1.wav,0,0,0,1,128,128,132,490.757,87.555,1.0,0,A,1,0,d128_20261005_193250
0_george_10.wav,0,7,7,1,128,128,132,490.763,87.552,1.0,0,A,1,0,d128_20261005_193250
0_george_11.wav,0,7,7,1,128,128,132,490.76,87.552,1.0,0,A,1,0,d128_20261005_193250
0_george_12.wav,0,7,7,1,128,128,132,490.759,87.563,1.0,0,A,1,0,d128_20261005_193250
0_george_13.wav,0,0,0,1,128,128,132,490.754,87.547,1.0,0,A,1,0,d128_20261005_193250
0_george_14.wav,0,9,9,1,128,128,132,490.758,87.556,1.0,0,A,1,0,d128_20261005_193250
0_george_15.wav,0,7,7,1,128,128,132,490.754,87.559,1.0,0,A,1,0,d128_20261005_193250
0_george_16.wav,0,0,0,1,128,128,132,490.758,87.563,1.0,0,A,1,0,d128_20261005_193250
0_george_17.wav,0,0,0,1,128,128,132,490.759,87.553,1.0,0,A,1,0,d128_20261005_193250
0_george_18.wav,0,0,0,1,128,128,132,490.756,87.553,1.0,0,A,1,0,d128_20261005_193250
0_george_19.wav,0,0,0,1,128,128,132,490.756,87.546,1.0,0,A,1,0,d128_20261005_193250
0_george_2.wav,0,0,0,1,128,128,132,490.758,87.553,1.0,0,A,1,0,d128_20261005_193250
0_george_20.wav,0,0,0,1,128,128,132,490.756,87.55,1.0,0,A,1,0,d128_20261005_193250
0_george_21.wav,0,0,0,1,128,128,132,490.758,87.561,1.0,0,A,1,0,d128_20261005_193250
0_george_22.wav,0,0,0,1,128,128,132,490.755,87.554,1.0,0,A,1,0,d128_20261005_193250
0_george_23.wav,0,0,0,1,128,128,132,490.758,87.557,1.0,0,A,1,0,d128_20261005_193250
0_george_24.wav,0,7,7,1,128,128,132,490.758,87.551,1.0,0,A,1,0,d128_20261005_193250
0_george_25.wav,0,7,7,1,128,128,132,490.759,87.548,1.0,0,A,1,0,d128_20261005_193250
0_george_26.wav,0,0,0,1,128,128,132,490.754,87.554,1.0,0,A,1,0,d128_20261005_193250
0_george_27.wav,0,0,0,1,128,128,132,490.759,87.561,1.0,0,A,1,0,d128_20261005_193250
0_george_28.wav,0,0,0,1,128,128,132,490.763,87.541,1.0,0,A,1,0,d128_20261005_193250
0_george_29.wav,0,6,6,1,128,128,132,490.757,87.559,1.0,0,A,1,0,d128_20261005_193250
0_george_3.wav,0,0,0,1,128,128,132,490.757,87.544,1.0,0,A,1,0,d128_20261005_193250
0_george_30.wav,0,7,7,1,128,128,132,490.762,87.55,1.0,0,A,1,0,d128_20261005_193250
0_george_31.wav,0,6,6,1,128,128,132,490.756,87.54,1.0,0,A,1,0,d128_20261005_193250
0_george_32.wav,0,9,9,1,128,128,132,490.759,87.559,1.0,0,A,1,0,d128_20261005_193250
0_george_33.wav,0,7,7,1,128,128,132,490.758,87.551,1.0,0,A,1,0,d128_20261005_193250
0_george_34.wav,0,5,5,1,128,128,132,490.76,87.562,1.0,0,A,1,0,d128_20261005_193250
0_george_35.wav,0,7,7,1,128,128,132,490.759,87.543,1.0,0,A,1,0,d128_20261005_193250
0_george_36.wav,0,9,9,1,128,128,132,490.761,87.555,1.0,0,A,1,0,d128_20261005_193250
0_george_37.wav,0,2,2,1,128,128,132,490.756,87.548,1.0,0,A,1,0,d128_20261005_193250
0_george_38.wav,0,7,7,1,128,128,132,490.759,87.556,1.0,0,A,1,0,d128_20261005_193250
0_george_39.wav,0,5,5,1,128,128,132,490.757,87.552,1.0,0,A,1,0,d128_20261005_193250
0_george_4.wav,0,9,9,1,128,128,132,490.759,87.562,1.0,0,A,1,0,d128_20261005_193250
0_george_40.wav,0,0,0,1,128,128,132,490.755,87.553,1.0,0,A,1,0,d128_20261005_193250
0_george_41.wav,0,0,0,1,128,128,132,490.762,87.565,1.0,0,A,1,0,d128_20261005_193250
0_george_42.wav,0,7,7,1,128,128,132,490.758,87.549,1.0,0,A,1,0,d128_20261005_193250
0_george_43.wav,0,7,7,1,128,128,132,490.758,87.562,1.0,0,A,1,0,d128_20261005_193250
0_george_44.wav,0,0,0,1,128,128,132,490.759,87.553,1.0,0,A,1,0,d128_20261005_193250
0_george_45.wav,0,7,7,1,128,128,132,490.759,87.553,1.0,0,A,1,0,d128_20261005_193250
0_george_46.wav,0,7,7,1,128,128,132,490.758,87.542,1.0,0,A,1,0,d128_20261005_193250
0_george_47.wav,0,6,6,1,128,128,132,490.759,87.554,1.0,0,A,1,0,d128_20261005_193250
0_george_48.wav,0,9,9,1,128,128,132,490.764,87.543,1.0,0,A,1,0,d128_20261005_193250
0_george_49.wav,0,7,7,1,128,128,132,490.759,87.558,1.0,0,A,1,0,d128_20261005_193250
0_george_5.wav,0,0,0,1,128,128,132,490.755,87.555,1.0,0,A,1,0,d128_20261005_193250
0_george_6.wav,0,0,0,1,128,128,132,490.758,87.549,1.0,0,A,1,0,d128_20261005_193250
0_george_7.wav,0,0,0,1,128,128,132,490.756,87.553,1.0,0,A,1,0,d128_20261005_193250
0_george_8.wav,0,0,0,1,128,128,132,490.759,87.554,1.0,0,A,1,0,d128_20261005_193250
0_george_9.wav,0,0,0,1,128,128,132,490.757,87.563,1.0,0,A,1,0,d128_20261005_193250
1_george_0.wav,1,5,5,1,128,128,132,490.758,87.554,1.0,0,A,1,0,d128_20261005_193250
1_george_1.wav,1,5,5,1,128,128,132,490.753,87.543,1.0,0,A,1,0,d128_20261005_193250
1_george_10.wav,1,9,9,1,128,128,132,490.76,87.558,1.0,0,A,1,0,d128_20261005_193250
1_george_11.wav,1,1,1,1,128,128,132,490.758,87.55,1.0,0,A,1,0,d128_20261005_193250
1_george_12.wav,1,1,1,1,128,128,132,490.76,87.558,1.0,0,A,1,0,d128_20261005_193250
1_george_13.wav,1,9,9,1,128,128,132,490.756,87.553,1.0,0,A,1,0,d128_20261005_193250
1_george_14.wav,1,9,9,1,128,128,132,490.758,87.551,1.0,0,A,1,0,d128_20261005_193250
1_george_15.wav,1,1,1,1,128,128,132,490.757,87.542,1.0,0,A,1,0,d128_20261005_193250
1_george_16.wav,1,9,9,1,128,128,132,490.76,87.557,1.0,0,A,1,0,d128_20261005_193250
1_george_17.wav,1,9,9,1,128,128,132,490.756,87.543,1.0,0,A,1,0,d128_20261005_193250
1_george_18.wav,1,9,9,1,128,128,132,490.759,87.547,1.0,0,A,1,0,d128_20261005_193250
1_george_19.wav,1,9,9,1,128,128,132,490.755,87.551,1.0,0,A,1,0,d128_20261005_193250
1_george_2.wav,1,9,9,1,128,128,132,490.756,87.554,1.0,0,A,1,0,d128_20261005_193250
1_george_20.wav,1,1,1,1,128,128,132,490.757,87.547,1.0,0,A,1,0,d128_20261005_193250
1_george_21.wav,1,1,1,1,128,128,132,490.759,87.546,1.0,0,A,1,0,d128_20261005_193250
1_george_22.wav,1,1,1,1,128,128,132,490.758,87.558,1.0,0,A,1,0,d128_20261005_193250
1_george_23.wav,1,1,1,1,128,128,132,490.764,87.549,1.0,0,A,1,0,d128_20261005_193250
1_george_24.wav,1,5,5,1,128,128,132,490.755,87.548,1.0,0,A,1,0,d128_20261005_193250
1_george_25.wav,1,1,1,1,128,128,132,490.762,87.549,1.0,0,A,1,0,d128_20261005_193250
1_george_26.wav,1,9,9,1,128,128,132,490.762,87.551,1.0,0,A,1,0,d128_20261005_193250
1_george_27.wav,1,5,5,1,128,128,132,490.76,87.552,1.0,0,A,1,0,d128_20261005_193250
1_george_28.wav,1,5,5,1,128,128,132,490.757,87.554,1.0,0,A,1,0,d128_20261005_193250
1_george_29.wav,1,9,9,1,128,128,132,490.759,87.551,1.0,0,A,1,0,d128_20261005_193250
1_george_3.wav,1,9,9,1,128,128,132,490.757,87.552,1.0,0,A,1,0,d128_20261005_193250
1_george_30.wav,1,8,8,1,128,128,132,490.756,87.565,1.0,0,A,1,0,d128_20261005_193250
1_george_31.wav,1,8,8,1,128,128,132,490.757,87.549,1.0,0,A,1,0,d128_20261005_193250
1_george_32.wav,1,6,6,1,128,128,132,490.761,87.565,1.0,0,A,1,0,d128_20261005_193250
1_george_33.wav,1,5,5,1,128,128,132,490.756,87.547,1.0,0,A,1,0,d128_20261005_193250
1_george_34.wav,1,9,9,1,128,128,132,490.759,87.551,1.0,0,A,1,0,d128_20261005_193250
1_george_35.wav,1,5,5,1,128,128,132,490.756,87.556,1.0,0,A,1,0,d128_20261005_193250
1_george_36.wav,1,9,9,1,128,128,132,490.758,87.55,1.0,0,A,1,0,d128_20261005_193250
1_george_37.wav,1,2,2,1,128,128,132,490.752,87.545,1.0,0,A,1,0,d128_20261005_193250
1_george_38.wav,1,8,8,1,128,128,132,490.76,87.548,1.0,0,A,1,0,d128_20261005_193250
1_george_39.wav,1,3,3,1,128,128,132,490.756,87.544,1.0,0,A,1,0,d128_20261005_193250
1_george_4.wav,1,9,9,1,128,128,132,490.759,87.554,1.0,0,A,1,0,d128_20261005_193250
1_george_40.wav,1,1,1,1,128,128,132,490.758,87.551,1.0,0,A,1,0,d128_20261005_193250
1_george_41.wav,1,1,1,1,128,128,132,490.761,87.549,1.0,0,A,1,0,d128_20261005_193250
1_george_42.wav,1,9,9,1,128,128,132,490.758,87.546,1.0,0,A,1,0,d128_20261005_193250
1_george_43.wav,1,1,1,1,128,128,132,490.761,87.549,1.0,0,A,1,0,d128_20261005_193250
1_george_44.wav,1,1,1,1,128,128,132,490.759,87.547,1.0,0,A,1,0,d128_20261005_193250
1_george_45.wav,1,1,1,1,128,128,132,490.759,87.55,1.0,0,A,1,0,d128_20261005_193250
1_george_46.wav,1,1,1,1,128,128,132,490.762,87.544,1.0,0,A,1,0,d128_20261005_193250
1_george_47.wav,1,1,1,1,128,128,132,490.76,87.556,1.0,0,A,1,0,d128_20261005_193250
1_george_48.wav,1,1,1,1,128,128,132,490.763,87.547,1.0,0,A,1,0,d128_20261005_193250
1_george_49.wav,1,9,9,1,128,128,132,490.76,87.554,1.0,0,A,1,0,d128_20261005_193250
1_george_5.wav,1,5,5,1,128,128,132,490.758,87.552,1.0,0,A,1,0,d128_20261005_193250
1_george_6.wav,1,9,9,1,128,128,132,490.759,87.544,1.0,0,A,1,0,d128_20261005_193250
1_george_7.wav,1,5,5,1,128,128,132,490.755,87.55,1.0,0,A,1,0,d128_20261005_193250
1_george_8.wav,1,5,5,1,128,128,132,490.759,87.551,1.0,0,A,1,0,d128_20261005_193250
1_george_9.wav,1,9,9,1,128,128,132,490.759,87.554,1.0,0,A,1,0,d128_20261005_193250
2_george_0.wav,2,2,2,1,128,128,132,490.762,87.569,1.0,0,A,1,0,d128_20261005_193250
2_george_1.wav,2,8,8,1,128,128,132,490.753,87.548,1.0,0,A,1,0,d128_20261005_193250
2_george_10.wav,2,2,2,1,128,128,132,490.76,87.554,1.0,0,A,1,0,d128_20261005_193250
2_george_11.wav,2,2,2,1,128,128,132,490.754,87.545,1.0,0,A,1,0,d128_20261005_193250
2_george_12.wav,2,2,2,1,128,128,132,490.759,87.551,1.0,0,A,1,0,d128_20261005_193250
2_george_13.wav,2,4,4,1,128,128,132,490.76,87.546,1.0,0,A,1,0,d128_20261005_193250
2_george_14.wav,2,2,2,1,128,128,132,490.758,87.554,1.0,0,A,1,0,d128_20261005_193250
2_george_15.wav,2,2,2,1,128,128,132,490.757,87.566,1.0,0,A,1,0,d128_20261005_193250
2_george_16.wav,2,2,2,1,128,128,132,490.76,87.559,1.0,0,A,1,0,d128_20261005_193250
2_george_17.wav,2,2,2,1,128,128,132,490.757,87.546,1.0,0,A,1,0,d128_20261005_193250
2_george_18.wav,2,2,2,1,128,128,132,490.758,87.574,1.0,0,A,1,0,d128_20261005_193250
2_george_19.wav,2,2,2,1,128,128,132,490.755,87.562,1.0,0,A,1,0,d128_20261005_193250
2_george_2.wav,2,2,2,1,128,128,132,490.759,87.571,1.0,0,A,1,0,d128_20261005_193250
2_george_20.wav,2,8,8,1,128,128,132,490.757,87.545,1.0,0,A,1,0,d128_20261005_193250
2_george_21.wav,2,8,8,1,128,128,132,490.76,87.575,1.0,0,A,1,0,d128_20261005_193250
2_george_22.wav,2,2,2,1,128,128,132,490.758,87.574,1.0,0,A,1,0,d128_20261005_193250
2_george_23.wav,2,2,2,1,128,128,132,490.76,87.56,1.0,0,A,1,0,d128_20261005_193250
2_george_24.wav,2,4,4,1,128,128,132,490.755,87.547,1.0,0,A,1,0,d128_20261005_193250
2_george_25.wav,2,2,2,1,128,128,132,490.76,87.565,1.0,0,A,1,0,d128_20261005_193250
2_george_26.wav,2,2,2,1,128,128,132,490.757,87.548,1.0,0,A,1,0,d128_20261005_193250
2_george_27.wav,2,4,4,1,128,128,132,490.757,87.568,1.0,0,A,1,0,d128_20261005_193250
2_george_28.wav,2,4,4,1,128,128,132,490.757,87.552,1.0,0,A,1,0,d128_20261005_193250
2_george_29.wav,2,2,2,1,128,128,132,490.756,87.556,1.0,0,A,1,0,d128_20261005_193250
2_george_3.wav,2,2,2,1,128,128,132,490.757,87.56,1.0,0,A,1,0,d128_20261005_193250
2_george_30.wav,2,8,8,1,128,128,132,490.756,87.573,1.0,0,A,1,0,d128_20261005_193250
2_george_31.wav,2,8,8,1,128,128,132,490.758,87.568,1.0,0,A,1,0,d128_20261005_193250
2_george_32.wav,2,2,2,1,128,128,132,490.761,87.577,1.0,0,A,1,0,d128_20261005_193250
2_george_33.wav,2,2,2,1,128,128,132,490.755,87.575,1.0,0,A,1,0,d128_20261005_193250
2_george_34.wav,2,4,4,1,128,128,132,490.76,87.575,1.0,0,A,1,0,d128_20261005_193250
2_george_35.wav,2,2,2,1,128,128,132,490.754,87.547,1.0,0,A,1,0,d128_20261005_193250
2_george_36.wav,2,2,2,1,128,128,132,490.757,87.574,1.0,0,A,1,0,d128_20261005_193250
2_george_37.wav,2,8,8,1,128,128,132,490.755,87.572,1.0,0,A,1,0,d128_20261005_193250
2_george_38.wav,2,2,2,1,128,128,132,490.756,87.576,1.0,0,A,1,0,d128_20261005_193250
2_george_39.wav,2,7,7,1,128,128,132,490.754,87.568,1.0,0,A,1,0,d128_20261005_193250
2_george_4.wav,2,2,2,1,128,128,132,490.756,87.57,1.0,0,A,1,0,d128_20261005_193250
2_george_40.wav,2,2,2,1,128,128,132,490.755,87.55,1.0,0,A,1,0,d128_20261005_193250
2_george_41.wav,2,2,2,1,128,128,132,490.765,87.575,1.0,0,A,1,0,d128_20261005_193250
2_george_42.wav,2,2,2,1,128,128,132,490.757,87.572,1.0,0,A,1,0,d128_20261005_193250
2_george_43.wav,2,8,8,1,128,128,132,490.764,87.568,1.0,0,A,1,0,d128_20261005_193250
2_george_44.wav,2,2,2,1,128,128,132,490.757,87.547,1.0,0,A,1,0,d128_20261005_193250
2_george_45.wav,2,8,8,1,128,128,132,490.761,87.548,1.0,0,A,1,0,d128_20261005_193250
2_george_46.wav,2,2,2,1,128,128,132,490.755,87.564,1.0,0,A,1,0,d128_20261005_193250
2_george_47.wav,2,8,8,1,128,128,132,490.76,87.552,1.0,0,A,1,0,d128_20261005_193250
2_george_48.wav,2,8,8,1,128,128,132,490.765,87.543,1.0,0,A,1,0,d128_20261005_193250
2_george_49.wav,2,2,2,1,128,128,132,490.759,87.55,1.0,0,A,1,0,d128_20261005_193250
2_george_5.wav,2,2,2,1,128,128,132,490.755,87.568,1.0,0,A,1,0,d128_20261005_193250
2_george_6.wav,2,2,2,1,128,128,132,490.758,87.553,1.0,0,A,1,0,d128_20261005_193250
2_george_7.wav,2,2,2,1,128,128,132,490.756,87.576,1.0,0,A,1,0,d128_20261005_193250
2_george_8.wav,2,2,2,1,128,128,132,490.76,87.552,1.0,0,A,1,0,d128_20261005_193250
2_george_9.wav,2,2,2,1,128,128,132,490.756,87.55,1.0,0,A,1,0,d128_20261005_193250
3_george_0.wav,3,7,7,1,128,128,132,490.761,87.558,1.0,0,A,1,0,d128_20261005_193250
3_george_1.wav,3,7,7,1,128,128,132,490.758,87.559,1.0,0,A,1,0,d128_20261005_193250
3_george_10.wav,3,5,5,1,128,128,132,490.76,87.566,1.0,0,A,1,0,d128_20261005_193250
3_george_11.wav,3,8,8,1,128,128,132,490.755,87.568,1.0,0,A,1,0,d128_20261005_193250
3_george_12.wav,3,8,8,1,128,128,132,490.758,87.557,1.0,0,A,1,0,d128_20261005_193250
3_george_13.wav,3,8,8,1,128,128,132,490.758,87.57,1.0,0,A,1,0,d128_20261005_193250
3_george_14.wav,3,8,8,1,128,128,132,490.761,87.57,1.0,0,A,1,0,d128_20261005_193250
3_george_15.wav,3,5,5,1,128,128,132,490.756,87.544,1.0,0,A,1,0,d128_20261005_193250
3_george_16.wav,3,7,7,1,128,128,132,490.76,87.563,1.0,0,A,1,0,d128_20261005_193250
3_george_17.wav,3,8,8,1,128,128,132,490.756,87.549,1.0,0,A,1,0,d128_20261005_193250
3_george_18.wav,3,5,5,1,128,128,132,490.76,87.573,1.0,0,A,1,0,d128_20261005_193250
3_george_19.wav,3,8,8,1,128,128,132,490.765,87.561,1.0,0,A,1,0,d128_20261005_193250
3_george_2.wav,3,7,7,1,128,128,132,490.757,87.567,1.0,0,A,1,0,d128_20261005_193250
3_george_20.wav,3,2,2,1,128,128,132,490.763,87.541,1.0,0,A,1,0,d128_20261005_193250
3_george_21.wav,3,8,8,1,128,128,132,490.761,87.553,1.0,0,A,1,0,d128_20261005_193250
3_george_22.wav,3,8,8,1,128,128,132,490.757,87.552,1.0,0,A,1,0,d128_20261005_193250
3_george_23.wav,3,1,1,1,128,128,132,490.76,87.56,1.0,0,A,1,0,d128_20261005_193250
3_george_24.wav,3,8,8,1,128,128,132,490.759,87.548,1.0,0,A,1,0,d128_20261005_193250
3_george_25.wav,3,8,8,1,128,128,132,490.759,87.565,1.0,0,A,1,0,d128_20261005_193250
3_george_26.wav,3,2,2,1,128,128,132,490.757,87.558,1.0,0,A,1,0,d128_20261005_193250
3_george_27.wav,3,8,8,1,128,128,132,490.758,87.564,1.0,0,A,1,0,d128_20261005_193250
3_george_28.wav,3,8,8,1,128,128,132,490.757,87.549,1.0,0,A,1,0,d128_20261005_193250
3_george_29.wav,3,8,8,1,128,128,132,490.76,87.561,1.0,0,A,1,0,d128_20261005_193250
3_george_3.wav,3,3,3,1,128,128,132,490.758,87.561,1.0,0,A,1,0,d128_20261005_193250
3_george_30.wav,3,8,8,1,128,128,132,490.759,87.56,1.0,0,A,1,0,d128_20261005_193250
3_george_31.wav,3,8,8,1,128,128,132,490.758,87.564,1.0,0,A,1,0,d128_20261005_193250
3_george_32.wav,3,8,8,1,128,128,132,490.76,87.545,1.0,0,A,1,0,d128_20261005_193250
3_george_33.wav,3,3,3,1,128,128,132,490.757,87.549,1.0,0,A,1,0,d128_20261005_193250
3_george_34.wav,3,8,8,1,128,128,132,490.762,87.558,1.0,0,A,1,0,d128_20261005_193250
3_george_35.wav,3,8,8,1,128,128,132,490.756,87.573,1.0,0,A,1,0,d128_20261005_193250
3_george_36.wav,3,3,3,1,128,128,132,490.761,87.568,1.0,0,A,1,0,d128_20261005_193250
3_george_37.wav,3,8,8,1,128,128,132,490.765,87.541,1.0,0,A,1,0,d128_20261005_193250
3_george_38.wav,3,8,8,1,128,128,132,490.76,87.573,1.0,0,A,1,0,d128_20261005_193250
3_george_39.wav,3,6,6,1,128,128,132,490.751,87.539,1.0,0,A,1,0,d128_20261005_193250
3_george_4.wav,3,3,3,1,128,128,132,490.759,87.552,1.0,0,A,1,0,d128_20261005_193250
3_george_40.wav,3,2,2,1,128,128,132,490.763,87.565,1.0,0,A,1,0,d128_20261005_193250
3_george_41.wav,3,8,8,1,128,128,132,490.758,87.554,1.0,0,A,1,0,d128_20261005_193250
3_george_42.wav,3,6,6,1,128,128,132,490.758,87.546,1.0,0,A,1,0,d128_20261005_193250
3_george_43.wav,3,1,1,1,128,128,132,490.758,87.561,1.0,0,A,1,0,d128_20261005_193250
3_george_44.wav,3,8,8,1,128,128,132,490.765,87.541,1.0,0,A,1,0,d128_20261005_193250
3_george_45.wav,3,8,8,1,128,128,132,490.761,87.568,1.0,0,A,1,0,d128_20261005_193250
3_george_46.wav,3,8,8,1,128,128,132,490.758,87.543,1.0,0,A,1,0,d128_20261005_193250
3_george_47.wav,3,8,8,1,128,128,132,490.761,87.55,1.0,0,A,1,0,d128_20261005_193250
3_george_48.wav,3,1,1,1,128,128,132,490.758,87.551,1.0,0,A,1,0,d128_20261005_193250
3_george_49.wav,3,8,8,1,128,128,132,490.758,87.549,1.0,0,A,1,0,d128_20261005_193250
3_george_5.wav,3,5,5,1,128,128,132,490.755,87.557,1.0,0,A,1,0,d128_20261005_193250
3_george_6.wav,3,8,8,1,128,128,132,490.756,87.569,1.0,0,A,1,0,d128_20261005_193250
3_george_7.wav,3,2,2,1,128,128,132,490.759,87.553,1.0,0,A,1,0,d128_20261005_193250
3_george_8.wav,3,8,8,1,128,128,132,490.758,87.548,1.0,0,A,1,0,d128_20261005_193250
3_george_9.wav,3,8,8,1,128,128,132,490.757,87.547,1.0,0,A,1,0,d128_20261005_193250
4_george_0.wav,4,9,9,1,128,128,132,490.759,87.55,1.0,0,A,1,0,d128_20261005_193250
4_george_1.wav,4,4,4,1,128,128,132,490.756,87.548,1.0,0,A,1,0,d128_20261005_193250
4_george_10.wav,4,5,5,1,128,128,132,490.76,87.564,1.0,0,A,1,0,d128_20261005_193250
4_george_11.wav,4,9,9,1,128,128,132,490.758,87.552,1.0,0,A,1,0,d128_20261005_193250
4_george_12.wav,4,9,9,1,128,128,132,490.761,87.552,1.0,0,A,1,0,d128_20261005_193250
4_george_13.wav,4,4,4,1,128,128,132,490.757,87.544,1.0,0,A,1,0,d128_20261005_193250
4_george_14.wav,4,9,9,1,128,128,132,490.76,87.556,1.0,0,A,1,0,d128_20261005_193250
4_george_15.wav,4,0,0,1,128,128,132,490.756,87.553,1.0,0,A,1,0,d128_20261005_193250
4_george_16.wav,4,9,9,1,128,128,132,490.76,87.554,1.0,0,A,1,0,d128_20261005_193250
4_george_17.wav,4,4,4,1,128,128,132,490.756,87.554,1.0,0,A,1,0,d128_20261005_193250
4_george_18.wav,4,5,5,1,128,128,132,490.755,87.555,1.0,0,A,1,0,d128_20261005_193250
4_george_19.wav,4,3,3,1,128,128,132,490.756,87.544,1.0,0,A,1,0,d128_20261005_193250
4_george_2.wav,4,9,9,1,128,128,132,490.756,87.549,1.0,0,A,1,0,d128_20261005_193250
4_george_20.wav,4,9,9,1,128,128,132,490.756,87.559,1.0,0,A,1,0,d128_20261005_193250
4_george_21.wav,4,7,7,1,128,128,132,490.758,87.556,1.0,0,A,1,0,d128_20261005_193250
4_george_22.wav,4,0,0,1,128,128,132,490.759,87.546,1.0,0,A,1,0,d128_20261005_193250
4_george_23.wav,4,5,5,1,128,128,132,490.761,87.555,1.0,0,A,1,0,d128_20261005_193250
4_george_24.wav,4,9,9,1,128,128,132,490.759,87.554,1.0,0,A,1,0,d128_20261005_193250
4_george_25.wav,4,7,7,1,128,128,132,490.76,87.546,1.0,0,A,1,0,d128_20261005_193250
4_george_26.wav,4,0,0,1,128,128,132,490.756,87.553,1.0,0,A,1,0,d128_20261005_193250
4_george_27.wav,4,4,4,1,128,128,132,490.764,87.544,1.0,0,A,1,0,d128_20261005_193250
4_george_28.wav,4,9,9,1,128,128,132,490.755,87.546,1.0,0,A,1,0,d128_20261005_193250
4_george_29.wav,4,7,7,1,128,128,132,490.758,87.554,1.0,0,A,1,0,d128_20261005_193250
4_george_3.wav,4,9,9,1,128,128,132,490.755,87.548,1.0,0,A,1,0,d128_20261005_193250
4_george_30.wav,4,7,7,1,128,128,132,490.767,87.545,1.0,0,A,1,0,d128_20261005_193250
4_george_31.wav,4,5,5,1,128,128,132,490.757,87.545,1.0,0,A,1,0,d128_20261005_193250
4_george_32.wav,4,9,9,1,128,128,132,490.758,87.551,1.0,0,A,1,0,d128_20261005_193250
4_george_33.wav,4,7,7,1,128,128,132,490.755,87.554,1.0,0,A,1,0,d128_20261005_193250
4_george_34.wav,4,4,4,1,128,128,132,490.76,87.552,0.9921875,1,A,1,0,d128_20261005_193250
4_george_35.wav,4,4,4,1,128,128,132,490.757,87.554,1.0,0,A,1,0,d128_20261005_193250
4_george_36.wav,4,4,4,1,128,128,132,490.758,87.555,1.0,0,A,1,0,d128_20261005_193250
4_george_37.wav,4,5,5,1,128,128,132,490.755,87.548,1.0,0,A,1,0,d128_20261005_193250
4_george_38.wav,4,5,5,1,128,128,132,490.759,87.574,1.0,0,A,1,0,d128_20261005_193250
4_george_39.wav,4,5,5,1,128,128,132,490.753,87.557,1.0,0,A,1,0,d128_20261005_193250
4_george_4.wav,4,9,9,1,128,128,132,490.758,87.548,1.0,0,A,1,0,d128_20261005_193250
4_george_40.wav,4,3,3,1,128,128,132,490.756,87.549,1.0,0,A,1,0,d128_20261005_193250
4_george_41.wav,4,7,7,1,128,128,132,490.759,87.56,1.0,0,A,1,0,d128_20261005_193250
4_george_42.wav,4,9,9,1,128,128,132,490.762,87.538,1.0,0,A,1,0,d128_20261005_193250
4_george_43.wav,4,4,4,1,128,128,132,490.76,87.554,1.0,0,A,1,0,d128_20261005_193250
4_george_44.wav,4,2,2,1,128,128,132,490.757,87.549,1.0,0,A,1,0,d128_20261005_193250
4_george_45.wav,4,7,7,1,128,128,132,490.76,87.546,1.0,0,A,1,0,d128_20261005_193250
4_george_46.wav,4,9,9,1,128,128,132,490.759,87.551,1.0,0,A,1,0,d128_20261005_193250
4_george_47.wav,4,5,5,1,128,128,132,490.759,87.558,1.0,0,A,1,0,d128_20261005_193250
4_george_48.wav,4,4,4,1,128,128,132,490.758,87.55,1.0,0,A,1,0,d128_20261005_193250
4_george_49.wav,4,2,2,1,128,128,132,490.76,87.544,1.0,0,A,1,0,d128_20261005_193250
4_george_5.wav,4,5,5,1,128,128,132,490.756,87.548,1.0,0,A,1,0,d128_20261005_193250
4_george_6.wav,4,3,3,1,128,128,132,490.759,87.559,1.0,0,A,1,0,d128_20261005_193250
4_george_7.wav,4,4,4,1,128,128,132,490.756,87.549,1.0,0,A,1,0,d128_20261005_193250
4_george_8.wav,4,4,4,1,128,128,132,490.755,87.557,1.0,0,A,1,0,d128_20261005_193250
4_george_9.wav,4,5,5,1,128,128,132,490.756,87.553,1.0,0,A,1,0,d128_20261005_193250
5_george_0.wav,5,9,9,1,128,128,132,490.761,87.557,1.0,0,A,1,0,d128_20261005_193250
5_george_1.wav,5,9,9,1,128,128,132,490.758,87.552,1.0,0,A,1,0,d128_20261005_193250
5_george_10.wav,5,5,5,1,128,128,132,490.759,87.547,1.0,0,A,1,0,d128_20261005_193250
5_george_11.wav,5,5,5,1,128,128,132,490.755,87.55,1.0,0,A,1,0,d128_20261005_193250
5_george_12.wav,5,9,9,1,128,128,132,490.758,87.56,1.0,0,A,1,0,d128_20261005_193250
5_george_13.wav,5,5,5,1,128,128,132,490.757,87.544,1.0,0,A,1,0,d128_20261005_193250
5_george_14.wav,5,5,5,1,128,128,132,490.762,87.556,1.0,0,A,1,0,d128_20261005_193250
5_george_15.wav,5,5,5,1,128,128,132,490.757,87.548,1.0,0,A,1,0,d128_20261005_193250
5_george_16.wav,5,5,5,1,128,128,132,490.762,87.544,1.0,0,A,1,0,d128_20261005_193250
5_george_17.wav,5,9,9,1,128,128,132,490.757,87.546,1.0,0,A,1,0,d128_20261005_193250
5_george_18.wav,5,5,5,1,128,128,132,490.758,87.549,1.0,0,A,1,0,d128_20261005_193250
5_george_19.wav,5,5,5,1,128,128,132,490.76,87.546,1.0,0,A,1,0,d128_20261005_193250
5_george_2.wav,5,5,5,1,128,128,132,490.758,87.555,1.0,0,A,1,0,d128_20261005_193250
5_george_20.wav,5,8,8,1,128,128,132,490.758,87.545,1.0,0,A,1,0,d128_20261005_193250
5_george_21.wav,5,5,5,1,128,128,132,490.767,87.546,1.0,0,A,1,0,d128_20261005_193250
5_george_22.wav,5,9,9,1,128,128,132,490.758,87.55,1.0,0,A,1,0,d128_20261005_193250
5_george_23.wav,5,9,9,1,128,128,132,490.762,87.55,1.0,0,A,1,0,d128_20261005_193250
5_george_24.wav,5,5,5,1,128,128,132,490.758,87.554,1.0,0,A,1,0,d128_20261005_193250
5_george_25.wav,5,7,7,1,128,128,132,490.76,87.553,1.0,0,A,1,0,d128_20261005_193250
5_george_26.wav,5,9,9,1,128,128,132,490.759,87.545,1.0,0,A,1,0,d128_20261005_193250
5_george_27.wav,5,9,9,1,128,128,132,490.76,87.545,1.0,0,A,1,0,d128_20261005_193250
5_george_28.wav,5,9,9,1,128,128,132,490.758,87.554,1.0,0,A,1,0,d128_20261005_193250
5_george_29.wav,5,5,5,1,128,128,132,490.756,87.552,1.0,0,A,1,0,d128_20261005_193250
5_george_3.wav,5,5,5,1,128,128,132,490.756,87.55,1.0,0,A,1,0,d128_20261005_193250
5_george_30.wav,5,3,3,1,128,128,132,490.759,87.56,1.0,0,A,1,0,d128_20261005_193250
5_george_31.wav,5,5,5,1,128,128,132,490.757,87.548,1.0,0,A,1,0,d128_20261005_193250
5_george_32.wav,5,5,5,1,128,128,132,490.762,87.551,1.0,0,A,1,0,d128_20261005_193250
5_george_33.wav,5,5,5,1,128,128,132,490.757,87.547,1.0,0,A,1,0,d128_20261005_193250
5_george_34.wav,5,3,3,1,128,128,132,490.761,87.553,1.0,0,A,1,0,d128_20261005_193250
5_george_35.wav,5,5,5,1,128,128,132,490.756,87.545,1.0,0,A,1,0,d128_20261005_193250
5_george_36.wav,5,7,7,1,128,128,132,490.76,87.549,1.0,0,A,1,0,d128_20261005_193250
5_george_37.wav,5,5,5,1,128,128,132,490.757,87.546,1.0,0,A,1,0,d128_20261005_193250
5_george_38.wav,5,5,5,1,128,128,132,490.761,87.549,1.0,0,A,1,0,d128_20261005_193250
5_george_39.wav,5,3,3,1,128,128,132,490.759,87.551,1.0,0,A,1,0,d128_20261005_193250
5_george_4.wav,5,5,5,1,128,128,132,490.757,87.552,1.0,0,A,1,0,d128_20261005_193250
5_george_40.wav,5,1,1,1,128,128,132,490.76,87.538,1.0,0,A,1,0,d128_20261005_193250
5_george_41.wav,5,5,5,1,128,128,132,490.762,87.549,1.0,0,A,1,0,d128_20261005_193250
5_george_42.wav,5,9,9,1,128,128,132,490.76,87.542,1.0,0,A,1,0,d128_20261005_193250
5_george_43.wav,5,7,7,1,128,128,132,490.762,87.547,1.0,0,A,1,0,d128_20261005_193250
5_george_44.wav,5,9,9,1,128,128,132,490.759,87.551,1.0,0,A,1,0,d128_20261005_193250
5_george_45.wav,5,9,9,1,128,128,132,490.762,87.551,1.0,0,A,1,0,d128_20261005_193250
5_george_46.wav,5,5,5,1,128,128,132,490.758,87.543,1.0,0,A,1,0,d128_20261005_193250
5_george_47.wav,5,9,9,1,128,128,132,490.763,87.548,1.0,0,A,1,0,d128_20261005_193250
5_george_48.wav,5,1,1,1,128,128,132,490.759,87.547,1.0,0,A,1,0,d128_20261005_193250
5_george_49.wav,5,9,9,1,128,128,132,490.768,87.548,1.0,0,A,1,0,d128_20261005_193250
5_george_5.wav,5,5,5,1,128,128,132,490.756,87.544,1.0,0,A,1,0,d128_20261005_193250
5_george_6.wav,5,9,9,1,128,128,132,490.762,87.551,1.0,0,A,1,0,d128_20261005_193250
5_george_7.wav,5,5,5,1,128,128,132,490.759,87.543,1.0,0,A,1,0,d128_20261005_193250
5_george_8.wav,5,5,5,1,128,128,132,490.76,87.557,1.0,0,A,1,0,d128_20261005_193250
5_george_9.wav,5,5,5,1,128,128,132,490.759,87.538,1.0,0,A,1,0,d128_20261005_193250
6_george_0.wav,6,6,6,1,128,128,132,490.757,87.564,1.0,0,A,1,0,d128_20261005_193250
6_george_1.wav,6,6,6,1,128,128,132,490.759,87.551,1.0,0,A,1,0,d128_20261005_193250
6_george_10.wav,6,6,6,1,128,128,132,490.758,87.561,1.0,0,A,1,0,d128_20261005_193250
6_george_11.wav,6,8,8,1,128,128,132,490.754,87.543,1.0,0,A,1,0,d128_20261005_193250
6_george_12.wav,6,8,8,1,128,128,132,490.76,87.566,1.0,0,A,1,0,d128_20261005_193250
6_george_13.wav,6,7,7,1,128,128,132,490.756,87.568,1.0,0,A,1,0,d128_20261005_193250
6_george_14.wav,6,6,6,1,128,128,132,490.759,87.565,1.0,0,A,1,0,d128_20261005_193250
6_george_15.wav,6,6,6,1,128,128,132,490.756,87.543,1.0,0,A,1,0,d128_20261005_193250
6_george_16.wav,6,8,8,1,128,128,132,490.761,87.551,1.0,0,A,1,0,d128_20261005_193250
6_george_17.wav,6,8,8,1,128,128,132,490.764,87.543,1.0,0,A,1,0,d128_20261005_193250
6_george_18.wav,6,8,8,1,128,128,132,490.759,87.554,1.0,0,A,1,0,d128_20261005_193250
6_george_19.wav,6,8,8,1,128,128,132,490.755,87.556,1.0,0,A,1,0,d128_20261005_193250
6_george_2.wav,6,6,6,1,128,128,132,490.757,87.568,1.0,0,A,1,0,d128_20261005_193250
6_george_20.wav,6,6,6,1,128,128,132,490.757,87.545,1.0,0,A,1,0,d128_20261005_193250
6_george_21.wav,6,6,6,1,128,128,132,490.762,87.562,1.0,0,A,1,0,d128_20261005_193250
6_george_22.wav,6,6,6,1,128,128,132,490.758,87.551,1.0,0,A,1,0,d128_20261005_193250
6_george_23.wav,6,6,6,1,128,128,132,490.766,87.549,1.0,0,A,1,0,d128_20261005_193250
6_george_24.wav,6,8,8,1,128,128,132,490.756,87.558,1.0,0,A,1,0,d128_20261005_193250
6_george_25.wav,6,6,6,1,128,128,132,490.761,87.552,1.0,0,A,1,0,d128_20261005_193250
6_george_26.wav,6,8,8,1,128,128,132,490.752,87.549,1.0,0,A,1,0,d128_20261005_193250
6_george_27.wav,6,6,6,1,128,128,132,490.76,87.555,1.0,0,A,1,0,d128_20261005_193250
6_george_28.wav,6,6,6,1,128,128,132,490.758,87.552,1.0,0,A,1,0,d128_20261005_193250
6_george_29.wav,6,6,6,1,128,128,132,490.76,87.562,1.0,0,A,1,0,d128_20261005_193250
6_george_3.wav,6,6,6,1,128,128,132,490.754,87.565,1.0,0,A,1,0,d128_20261005_193250
6_george_30.wav,6,2,2,1,128,128,132,490.759,87.564,1.0,0,A,1,0,d128_20261005_193250
6_george_31.wav,6,6,6,1,128,128,132,490.757,87.542,1.0,0,A,1,0,d128_20261005_193250
6_george_32.wav,6,8,8,1,128,128,132,490.757,87.564,1.0,0,A,1,0,d128_20261005_193250
6_george_33.wav,6,6,6,1,128,128,132,490.758,87.565,1.0,0,A,1,0,d128_20261005_193250
6_george_34.wav,6,3,3,1,128,128,132,490.76,87.549,1.0,0,A,1,0,d128_20261005_193250
6_george_35.wav,6,6,6,1,128,128,132,490.757,87.561,1.0,0,A,1,0,d128_20261005_193250
6_george_36.wav,6,6,6,1,128,128,132,490.759,87.555,1.0,0,A,1,0,d128_20261005_193250
6_george_37.wav,6,6,6,1,128,128,132,490.758,87.563,1.0,0,A,1,0,d128_20261005_193250
6_george_38.wav,6,6,6,1,128,128,132,490.76,87.557,1.0,0,A,1,0,d128_20261005_193250
6_george_39.wav,6,6,6,1,128,128,132,490.758,87.561,1.0,0,A,1,0,d128_20261005_193250
6_george_4.wav,6,6,6,1,128,128,132,490.764,87.554,1.0,0,A,1,0,d128_20261005_193250
6_george_40.wav,6,6,6,1,128,128,132,490.757,87.549,1.0,0,A,1,0,d128_20261005_193250
6_george_41.wav,6,6,6,1,128,128,132,490.759,87.552,1.0,0,A,1,0,d128_20261005_193250
6_george_42.wav,6,6,6,1,128,128,132,490.757,87.552,1.0,0,A,1,0,d128_20261005_193250
6_george_43.wav,6,6,6,1,128,128,132,490.759,87.551,1.0,0,A,1,0,d128_20261005_193250
6_george_44.wav,6,6,6,1,128,128,132,490.758,87.55,1.0,0,A,1,0,d128_20261005_193250
6_george_45.wav,6,6,6,1,128,128,132,490.761,87.563,1.0,0,A,1,0,d128_20261005_193250
6_george_46.wav,6,6,6,1,128,128,132,490.756,87.56,1.0,0,A,1,0,d128_20261005_193250
6_george_47.wav,6,6,6,1,128,128,132,490.762,87.549,1.0,0,A,1,0,d128_20261005_193250
6_george_48.wav,6,8,8,1,128,128,132,490.756,87.548,1.0,0,A,1,0,d128_20261005_193250
6_george_49.wav,6,6,6,1,128,128,132,490.76,87.551,1.0,0,A,1,0,d128_20261005_193250
6_george_5.wav,6,3,3,1,128,128,132,490.754,87.554,1.0,0,A,1,0,d128_20261005_193250
6_george_6.wav,6,6,6,1,128,128,132,490.76,87.553,1.0,0,A,1,0,d128_20261005_193250
6_george_7.wav,6,6,6,1,128,128,132,490.758,87.555,1.0,0,A,1,0,d128_20261005_193250
6_george_8.wav,6,6,6,1,128,128,132,490.761,87.562,1.0,0,A,1,0,d128_20261005_193250
6_george_9.wav,6,6,6,1,128,128,132,490.755,87.553,1.0,0,A,1,0,d128_20261005_193250
7_george_0.wav,7,6,6,1,128,128,132,490.758,87.56,1.0,0,A,1,0,d128_20261005_193250
7_george_1.wav,7,9,9,1,128,128,132,490.755,87.545,1.0,0,A,1,0,d128_20261005_193250
7_george_10.wav,7,7,7,1,128,128,132,490.76,87.558,1.0,0,A,1,0,d128_20261005_193250
7_george_11.wav,7,9,9,1,128,128,132,490.757,87.548,1.0,0,A,1,0,d128_20261005_193250
7_george_12.wav,7,7,7,1,128,128,132,490.757,87.552,1.0,0,A,1,0,d128_20261005_193250
7_george_13.wav,7,6,6,1,128,128,132,490.762,87.542,1.0,0,A,1,0,d128_20261005_193250
7_george_14.wav,7,9,9,1,128,128,132,490.762,87.56,1.0,0,A,1,0,d128_20261005_193250
7_george_15.wav,7,7,7,1,128,128,132,490.758,87.547,1.0,0,A,1,0,d128_20261005_193250
7_george_16.wav,7,6,6,1,128,128,132,490.757,87.554,1.0,0,A,1,0,d128_20261005_193250
7_george_17.wav,7,6,6,1,128,128,132,490.751,87.55,1.0,0,A,1,0,d128_20261005_193250
7_george_18.wav,7,9,9,1,128,128,132,490.759,87.559,1.0,0,A,1,0,d128_20261005_193250
7_george_19.wav,7,9,9,1,128,128,132,490.755,87.547,1.0,0,A,1,0,d128_20261005_193250
7_george_2.wav,7,6,6,1,128,128,132,490.758,87.562,1.0,0,A,1,0,d128_20261005_193250
7_george_20.wav,7,6,6,1,128,128,132,490.757,87.549,1.0,0,A,1,0,d128_20261005_193250
7_george_21.wav,7,8,8,1,128,128,132,490.76,87.559,1.0,0,A,1,0,d128_20261005_193250
7_george_22.wav,7,7,7,1,128,128,132,490.755,87.555,1.0,0,A,1,0,d128_20261005_193250
7_george_23.wav,7,6,6,1,128,128,132,490.763,87.555,1.0,0,A,1,0,d128_20261005_193250
7_george_24.wav,7,6,6,1,128,128,132,490.756,87.555,1.0,0,A,1,0,d128_20261005_193250
7_george_25.wav,7,6,6,1,128,128,132,490.757,87.554,1.0,0,A,1,0,d128_20261005_193250
7_george_26.wav,7,6,6,1,128,128,132,490.76,87.542,1.0,0,A,1,0,d128_20261005_193250
7_george_27.wav,7,6,6,1,128,128,132,490.758,87.558,1.0,0,A,1,0,d128_20261005_193250
7_george_28.wav,7,6,6,1,128,128,132,490.76,87.548,1.0,0,A,1,0,d128_20261005_193250
7_george_29.wav,7,8,8,1,128,128,132,490.762,87.563,1.0,0,A,1,0,d128_20261005_193250
7_george_3.wav,7,9,9,1,128,128,132,490.757,87.55,1.0,0,A,1,0,d128_20261005_193250
7_george_30.wav,7,7,7,1,128,128,132,490.761,87.55,1.0,0,A,1,0,d128_20261005_193250
7_george_31.wav,7,3,3,1,128,128,132,490.757,87.571,1.0,0,A,1,0,d128_20261005_193250
7_george_32.wav,7,3,3,1,128,128,132,490.763,87.551,1.0,0,A,1,0,d128_20261005_193250
7_george_33.wav,7,8,8,1,128,128,132,490.754,87.551,1.0,0,A,1,0,d128_20261005_193250
7_george_34.wav,7,8,8,1,128,128,132,490.759,87.561,1.0,0,A,1,0,d128_20261005_193250
7_george_35.wav,7,8,8,1,128,128,132,490.756,87.556,1.0,0,A,1,0,d128_20261005_193250
7_george_36.wav,7,8,8,1,128,128,132,490.757,87.556,1.0,0,A,1,0,d128_20261005_193250
7_george_37.wav,7,7,7,1,128,128,132,490.76,87.544,1.0,0,A,1,0,d128_20261005_193250
7_george_38.wav,7,7,7,1,128,128,132,490.766,87.547,1.0,0,A,1,0,d128_20261005_193250
7_george_39.wav,7,7,7,1,128,128,132,490.76,87.543,1.0,0,A,1,0,d128_20261005_193250
7_george_4.wav,7,6,6,1,128,128,132,490.758,87.565,1.0,0,A,1,0,d128_20261005_193250
7_george_40.wav,7,7,7,1,128,128,132,490.758,87.543,1.0,0,A,1,0,d128_20261005_193250
7_george_41.wav,7,6,6,1,128,128,132,490.759,87.552,1.0,0,A,1,0,d128_20261005_193250
7_george_42.wav,7,6,6,1,128,128,132,490.757,87.553,1.0,0,A,1,0,d128_20261005_193250
7_george_43.wav,7,7,7,1,128,128,132,490.761,87.551,1.0,0,A,1,0,d128_20261005_193250
7_george_44.wav,7,6,6,1,128,128,132,490.757,87.541,1.0,0,A,1,0,d128_20261005_193250
7_george_45.wav,7,7,7,1,128,128,132,490.761,87.564,1.0,0,A,1,0,d128_20261005_193250
7_george_46.wav,7,6,6,1,128,128,132,490.762,87.553,1.0,0,A,1,0,d128_20261005_193250
7_george_47.wav,7,7,7,1,128,128,132,490.76,87.55,1.0,0,A,1,0,d128_20261005_193250
7_george_48.wav,7,7,7,1,128,128,132,490.757,87.556,1.0,0,A,1,0,d128_20261005_193250
7_george_49.wav,7,7,7,1,128,128,132,490.761,87.564,1.0,0,A,1,0,d128_20261005_193250
7_george_5.wav,7,9,9,1,128,128,132,490.755,87.552,1.0,0,A,1,0,d128_20261005_193250
7_george_6.wav,7,7,7,1,128,128,132,490.76,87.557,1.0,0,A,1,0,d128_20261005_193250
7_george_7.wav,7,9,9,1,128,128,132,490.758,87.558,1.0,0,A,1,0,d128_20261005_193250
7_george_8.wav,7,3,3,1,128,128,132,490.756,87.547,1.0,0,A,1,0,d128_20261005_193250
7_george_9.wav,7,6,6,1,128,128,132,490.756,87.56,1.0,0,A,1,0,d128_20261005_193250
8_george_0.wav,8,8,8,1,128,128,132,490.758,87.553,1.0,0,A,1,0,d128_20261005_193250
8_george_1.wav,8,8,8,1,128,128,132,490.755,87.55,1.0,0,A,1,0,d128_20261005_193250
8_george_10.wav,8,8,8,1,128,128,132,490.759,87.568,1.0,0,A,1,0,d128_20261005_193250
8_george_11.wav,8,8,8,1,128,128,132,490.754,87.556,1.0,0,A,1,0,d128_20261005_193250
8_george_12.wav,8,8,8,1,128,128,132,490.762,87.571,1.0,0,A,1,0,d128_20261005_193250
8_george_13.wav,8,8,8,1,128,128,132,490.755,87.566,1.0,0,A,1,0,d128_20261005_193250
8_george_14.wav,8,8,8,1,128,128,132,490.759,87.553,1.0,0,A,1,0,d128_20261005_193250
8_george_15.wav,8,1,1,1,128,128,132,490.758,87.549,1.0,0,A,1,0,d128_20261005_193250
8_george_16.wav,8,8,8,1,128,128,132,490.759,87.568,1.0,0,A,1,0,d128_20261005_193250
8_george_17.wav,8,5,5,1,128,128,132,490.754,87.561,1.0,0,A,1,0,d128_20261005_193250
8_george_18.wav,8,8,8,1,128,128,132,490.758,87.572,1.0,0,A,1,0,d128_20261005_193250
8_george_19.wav,8,8,8,1,128,128,132,490.756,87.549,1.0,0,A,1,0,d128_20261005_193250
8_george_2.wav,8,8,8,1,128,128,132,490.756,87.554,1.0,0,A,1,0,d128_20261005_193250
8_george_20.wav,8,8,8,1,128,128,132,490.756,87.55,1.0,0,A,1,0,d128_20261005_193250
8_george_21.wav,8,8,8,1,128,128,132,490.756,87.553,1.0,0,A,1,0,d128_20261005_193250
8_george_22.wav,8,8,8,1,128,128,132,490.755,87.55,1.0,0,A,1,0,d128_20261005_193250
8_george_23.wav,8,8,8,1,128,128,132,490.758,87.565,1.0,0,A,1,0,d128_20261005_193250
8_george_24.wav,8,8,8,1,128,128,132,490.754,87.549,1.0,0,A,1,0,d128_20261005_193250
8_george_25.wav,8,8,8,1,128,128,132,490.757,87.559,1.0,0,A,1,0,d128_20261005_193250
8_george_26.wav,8,8,8,1,128,128,132,490.756,87.551,1.0,0,A,1,0,d128_20261005_193250
8_george_27.wav,8,8,8,1,128,128,132,490.758,87.554,1.0,0,A,1,0,d128_20261005_193250
8_george_28.wav,8,3,3,1,128,128,132,490.755,87.552,1.0,0,A,1,0,d128_20261005_193250
8_george_29.wav,8,6,6,1,128,128,132,490.761,87.551,1.0,0,A,1,0,d128_20261005_193250
8_george_3.wav,8,8,8,1,128,128,132,490.756,87.564,1.0,0,A,1,0,d128_20261005_193250
8_george_30.wav,8,8,8,1,128,128,132,490.76,87.562,1.0,0,A,1,0,d128_20261005_193250
8_george_31.wav,8,6,6,1,128,128,132,490.757,87.542,1.0,0,A,1,0,d128_20261005_193250
8_george_32.wav,8,8,8,1,128,128,132,490.759,87.554,1.0,0,A,1,0,d128_20261005_193250
8_george_33.wav,8,8,8,1,128,128,132,490.755,87.542,1.0,0,A,1,0,d128_20261005_193250
8_george_34.wav,8,8,8,1,128,128,132,490.757,87.57,1.0,0,A,1,0,d128_20261005_193250
8_george_35.wav,8,8,8,1,128,128,132,490.756,87.551,1.0,0,A,1,0,d128_20261005_193250
8_george_36.wav,8,8,8,1,128,128,132,490.757,87.553,1.0,0,A,1,0,d128_20261005_193250
8_george_37.wav,8,8,8,1,128,128,132,490.757,87.551,1.0,0,A,1,0,d128_20261005_193250
8_george_38.wav,8,6,6,1,128,128,132,490.758,87.552,1.0,0,A,1,0,d128_20261005_193250
8_george_39.wav,8,6,6,1,128,128,132,490.755,87.553,1.0,0,A,1,0,d128_20261005_193250
8_george_4.wav,8,8,8,1,128,128,132,490.76,87.58,1.0,0,A,1,0,d128_20261005_193250
8_george_40.wav,8,8,8,1,128,128,132,490.755,87.547,1.0,0,A,1,0,d128_20261005_193250
8_george_41.wav,8,6,6,1,128,128,132,490.758,87.545,1.0,0,A,1,0,d128_20261005_193250
8_george_42.wav,8,8,8,1,128,128,132,490.755,87.549,1.0,0,A,1,0,d128_20261005_193250
8_george_43.wav,8,8,8,1,128,128,132,490.756,87.572,1.0,0,A,1,0,d128_20261005_193250
8_george_44.wav,8,8,8,1,128,128,132,490.755,87.559,1.0,0,A,1,0,d128_20261005_193250
8_george_45.wav,8,8,8,1,128,128,132,490.759,87.567,1.0,0,A,1,0,d128_20261005_193250
8_george_46.wav,8,8,8,1,128,128,132,490.754,87.562,1.0,0,A,1,0,d128_20261005_193250
8_george_47.wav,8,8,8,1,128,128,132,490.761,87.563,1.0,0,A,1,0,d128_20261005_193250
8_george_48.wav,8,8,8,1,128,128,132,490.759,87.549,1.0,0,A,1,0,d128_20261005_193250
8_george_49.wav,8,8,8,1,128,128,132,490.758,87.558,1.0,0,A,1,0,d128_20261005_193250
8_george_5.wav,8,8,8,1,128,128,132,490.756,87.546,0.9921875,1,A,1,0,d128_20261005_193250
8_george_6.wav,8,8,8,1,128,128,132,490.759,87.561,1.0,0,A,1,0,d128_20261005_193250
8_george_7.wav,8,8,8,1,128,128,132,490.76,87.553,1.0,0,A,1,0,d128_20261005_193250
8_george_8.wav,8,8,8,1,128,128,132,490.757,87.558,1.0,0,A,1,0,d128_20261005_193250
8_george_9.wav,8,8,8,1,128,128,132,490.755,87.554,1.0,0,A,1,0,d128_20261005_193250
9_george_0.wav,9,9,9,1,128,128,132,490.758,87.552,1.0,0,A,1,0,d128_20261005_193250
9_george_1.wav,9,9,9,1,128,128,132,490.758,87.549,1.0,0,A,1,0,d128_20261005_193250
9_george_10.wav,9,9,9,1,128,128,132,490.762,87.551,1.0,0,A,1,0,d128_20261005_193250
9_george_11.wav,9,9,9,1,128,128,132,490.757,87.544,1.0,0,A,1,0,d128_20261005_193250
9_george_12.wav,9,9,9,1,128,128,132,490.757,87.553,1.0,0,A,1,0,d128_20261005_193250
9_george_13.wav,9,5,5,1,128,128,132,490.76,87.557,1.0,0,A,1,0,d128_20261005_193250
9_george_14.wav,9,5,5,1,128,128,132,490.758,87.552,1.0,0,A,1,0,d128_20261005_193250
9_george_15.wav,9,9,9,1,128,128,132,490.756,87.552,1.0,0,A,1,0,d128_20261005_193250
9_george_16.wav,9,9,9,1,128,128,132,490.757,87.553,1.0,0,A,1,0,d128_20261005_193250
9_george_17.wav,9,9,9,1,128,128,132,490.755,87.547,1.0,0,A,1,0,d128_20261005_193250
9_george_18.wav,9,9,9,1,128,128,132,490.756,87.548,1.0,0,A,1,0,d128_20261005_193250
9_george_19.wav,9,9,9,1,128,128,132,490.756,87.546,1.0,0,A,1,0,d128_20261005_193250
9_george_2.wav,9,9,9,1,128,128,132,490.761,87.557,1.0,0,A,1,0,d128_20261005_193250
9_george_20.wav,9,5,5,1,128,128,132,490.766,87.54,1.0,0,A,1,0,d128_20261005_193250
9_george_21.wav,9,5,5,1,128,128,132,490.76,87.55,1.0,0,A,1,0,d128_20261005_193250
9_george_22.wav,9,6,6,1,128,128,132,490.756,87.552,1.0,0,A,1,0,d128_20261005_193250
9_george_23.wav,9,5,5,1,128,128,132,490.758,87.559,1.0,0,A,1,0,d128_20261005_193250
9_george_24.wav,9,9,9,1,128,128,132,490.758,87.548,1.0,0,A,1,0,d128_20261005_193250
9_george_25.wav,9,9,9,1,128,128,132,490.76,87.55,1.0,0,A,1,0,d128_20261005_193250
9_george_26.wav,9,5,5,1,128,128,132,490.756,87.558,1.0,0,A,1,0,d128_20261005_193250
9_george_27.wav,9,9,9,1,128,128,132,490.762,87.55,1.0,0,A,1,0,d128_20261005_193250
9_george_28.wav,9,9,9,1,128,128,132,490.756,87.553,1.0,0,A,1,0,d128_20261005_193250
9_george_29.wav,9,9,9,1,128,128,132,490.759,87.548,1.0,0,A,1,0,d128_20261005_193250
9_george_3.wav,9,1,1,1,128,128,132,490.756,87.549,1.0,0,A,1,0,d128_20261005_193250
9_george_30.wav,9,7,7,1,128,128,132,490.76,87.553,1.0,0,A,1,0,d128_20261005_193250
9_george_31.wav,9,6,6,1,128,128,132,490.759,87.557,1.0,0,A,1,0,d128_20261005_193250
9_george_32.wav,9,5,5,1,128,128,132,490.757,87.555,1.0,0,A,1,0,d128_20261005_193250
9_george_33.wav,9,5,5,1,128,128,132,490.758,87.553,1.0,0,A,1,0,d128_20261005_193250
9_george_34.wav,9,5,5,1,128,128,132,490.76,87.549,1.0,0,A,1,0,d128_20261005_193250
9_george_35.wav,9,5,5,1,128,128,132,490.756,87.549,1.0,0,A,1,0,d128_20261005_193250
9_george_36.wav,9,5,5,1,128,128,132,490.759,87.545,1.0,0,A,1,0,d128_20261005_193250
9_george_37.wav,9,5,5,1,128,128,132,490.758,87.56,1.0,0,A,1,0,d128_20261005_193250
9_george_38.wav,9,5,5,1,128,128,132,490.76,87.557,1.0,0,A,1,0,d128_20261005_193250
9_george_39.wav,9,9,9,1,128,128,132,490.763,87.545,1.0,0,A,1,0,d128_20261005_193250
9_george_4.wav,9,9,9,1,128,128,132,490.759,87.558,1.0,0,A,1,0,d128_20261005_193250
9_george_40.wav,9,1,1,1,128,128,132,490.766,87.541,1.0,0,A,1,0,d128_20261005_193250
9_george_41.wav,9,9,9,1,128,128,132,490.758,87.555,1.0,0,A,1,0,d128_20261005_193250
9_george_42.wav,9,5,5,1,128,128,132,490.759,87.548,1.0,0,A,1,0,d128_20261005_193250
9_george_43.wav,9,5,5,1,128,128,132,490.759,87.552,1.0,0,A,1,0,d128_20261005_193250
9_george_44.wav,9,9,9,1,128,128,132,490.759,87.553,1.0,0,A,1,0,d128_20261005_193250
9_george_45.wav,9,9,9,1,128,128,132,490.758,87.552,1.0,0,A,1,0,d128_20261005_193250
9_george_46.wav,9,9,9,1,128,128,132,490.757,87.546,1.0,0,A,1,0,d128_20261005_193250
9_george_47.wav,9,9,9,1,128,128,132,490.76,87.551,1.0,0,A,1,0,d128_20261005_193250
9_george_48.wav,9,9,9,1,128,128,132,490.757,87.559,1.0,0,A,1,0,d128_20261005_193250
9_george_49.wav,9,9,9,1,128,128,132,490.768,87.543,1.0,0,A,1,0,d128_20261005_193250
9_george_5.wav,9,9,9,1,128,128,132,490.755,87.547,1.0,0,A,1,0,d128_20261005_193250
9_george_6.wav,9,9,9,1,128,128,132,490.756,87.552,1.0,0,A,1,0,d128_20261005_193250
9_george_7.wav,9,5,5,1,128,128,132,490.755,87.548,1.0,0,A,1,0,d128_20261005_193250
9_george_8.wav,9,9,9,1,128,128,132,490.756,87.555,1.0,0,A,1,0,d128_20261005_193250
9_george_9.wav,9,9,9,1,128,128,132,490.756,87.547,1.0,0,A,1,0,d128_20261005_193250
0_george_0.wav,0,2,2,1,256,256,260,494.875,0.0,1.0,0,L,1,0,d256_20261005_195354
0_george_1.wav,0,0,0,1,256,256,260,494.866,0.0,1.0,0,L,1,0,d256_20261005_195354
0_george_10.wav,0,7,7,1,256,256,260,494.858,0.0,1.0,0,L,1,0,d256_20261005_195354
0_george_11.wav,0,7,7,1,256,256,260,494.859,0.0,1.0,0,L,1,0,d256_20261005_195354
0_george_12.wav,0,7,7,1,256,256,260,494.862,0.0,1.0,0,L,1,0,d256_20261005_195354
0_george_13.wav,0,0,0,1,256,256,260,494.861,0.0,1.0,0,L,1,0,d256_20261005_195354
0_george_14.wav,0,9,9,1,256,256,260,494.862,0.0,1.0,0,L,1,0,d256_20261005_195354
0_george_15.wav,0,6,6,1,256,256,260,494.863,0.0,1.0,0,L,1,0,d256_20261005_195354
0_george_16.wav,0,0,0,1,256,256,260,494.863,0.0,1.0,0,L,1,0,d256_20261005_195354
0_george_17.wav,0,0,0,1,256,256,260,494.862,0.0,1.0,0,L,1,0,d256_20261005_195354
0_george_18.wav,0,0,0,1,256,256,260,494.861,0.0,1.0,0,L,1,0,d256_20261005_195354
0_george_19.wav,0,0,0,1,256,256,260,494.86,0.0,1.0,0,L,1,0,d256_20261005_195354
0_george_2.wav,0,0,0,1,256,256,260,494.852,0.0,1.0,0,L,1,0,d256_20261005_195354
0_george_20.wav,0,0,0,1,256,256,260,494.857,0.0,1.0,0,L,1,0,d256_20261005_195354
0_george_21.wav,0,0,0,1,256,256,260,494.858,0.0,1.0,0,L,1,0,d256_20261005_195354
0_george_22.wav,0,0,0,1,256,256,260,494.856,0.0,1.0,0,L,1,0,d256_20261005_195354
0_george_23.wav,0,7,7,1,256,256,260,494.857,0.0,1.0,0,L,1,0,d256_20261005_195354
0_george_24.wav,0,0,0,1,256,256,260,494.856,0.0,1.0,0,L,1,0,d256_20261005_195354
0_george_25.wav,0,7,7,1,256,256,260,494.865,0.0,1.0,0,L,1,0,d256_20261005_195354
0_george_26.wav,0,0,0,1,256,256,260,494.864,0.0,1.0,0,L,1,0,d256_20261005_195354
0_george_27.wav,0,0,0,1,256,256,260,494.862,0.0,1.0,0,L,1,0,d256_20261005_195354
0_george_28.wav,0,0,0,1,256,256,260,494.859,0.0,1.0,0,L,1,0,d256_20261005_195354
0_george_29.wav,0,6,6,1,256,256,260,494.854,0.0,1.0,0,L,1,0,d256_20261005_195354
0_george_3.wav,0,0,0,1,256,256,260,494.858,0.0,1.0,0,L,1,0,d256_20261005_195354
0_george_30.wav,0,7,7,1,256,256,260,494.851,0.0,1.0,0,L,1,0,d256_20261005_195354
0_george_31.wav,0,1,1,1,256,256,260,494.858,0.0,1.0,0,L,1,0,d256_20261005_195354
0_george_32.wav,0,0,0,1,256,256,260,494.853,0.0,1.0,0,L,1,0,d256_20261005_195354
0_george_33.wav,0,7,7,1,256,256,260,494.859,0.0,1.0,0,L,1,0,d256_20261005_195354
0_george_34.wav,0,5,5,1,256,256,260,494.857,0.0,1.0,0,L,1,0,d256_20261005_195354
0_george_35.wav,0,7,7,1,256,256,260,494.867,0.0,1.0,0,L,1,0,d256_20261005_195354
0_george_36.wav,0,9,9,1,256,256,260,494.86,0.0,1.0,0,L,1,0,d256_20261005_195354
0_george_37.wav,0,2,2,1,256,256,260,494.864,0.0,1.0,0,L,1,0,d256_20261005_195354
0_george_38.wav,0,5,5,1,256,256,260,494.859,0.0,1.0,0,L,1,0,d256_20261005_195354
0_george_39.wav,0,5,5,1,256,256,260,494.855,0.0,1.0,0,L,1,0,d256_20261005_195354
0_george_4.wav,0,9,9,1,256,256,260,494.856,0.0,1.0,0,L,1,0,d256_20261005_195354
0_george_40.wav,0,0,0,1,256,256,260,494.857,0.0,1.0,0,L,1,0,d256_20261005_195354
0_george_41.wav,0,7,7,1,256,256,260,494.858,0.0,1.0,0,L,1,0,d256_20261005_195354
0_george_42.wav,0,0,0,1,256,256,260,494.856,0.0,1.0,0,L,1,0,d256_20261005_195354
0_george_43.wav,0,7,7,1,256,256,260,494.854,0.0,1.0,0,L,1,0,d256_20261005_195354
0_george_44.wav,0,7,7,1,256,256,260,494.861,0.0,1.0,0,L,1,0,d256_20261005_195354
0_george_45.wav,0,0,0,1,256,256,260,494.86,0.0,1.0,0,L,1,0,d256_20261005_195354
0_george_46.wav,0,7,7,1,256,256,260,494.864,0.0,1.0,0,L,1,0,d256_20261005_195354
0_george_47.wav,0,6,6,1,256,256,260,494.861,0.0,1.0,0,L,1,0,d256_20261005_195354
0_george_48.wav,0,9,9,1,256,256,260,494.862,0.0,1.0,0,L,1,0,d256_20261005_195354
0_george_49.wav,0,7,7,1,256,256,260,494.859,0.0,1.0,0,L,1,0,d256_20261005_195354
0_george_5.wav,0,0,0,1,256,256,260,494.855,0.0,1.0,0,L,1,0,d256_20261005_195354
0_george_6.wav,0,0,0,1,256,256,260,494.857,0.0,1.0,0,L,1,0,d256_20261005_195354
0_george_7.wav,0,0,0,1,256,256,260,494.857,0.0,1.0,0,L,1,0,d256_20261005_195354
0_george_8.wav,0,0,0,1,256,256,260,494.857,0.0,1.0,0,L,1,0,d256_20261005_195354
0_george_9.wav,0,0,0,1,256,256,260,494.857,0.0,1.0,0,L,1,0,d256_20261005_195354
1_george_0.wav,1,5,5,1,256,256,260,494.862,0.0,1.0,0,L,1,0,d256_20261005_195354
1_george_1.wav,1,5,5,1,256,256,260,494.864,0.0,1.0,0,L,1,0,d256_20261005_195354
1_george_10.wav,1,9,9,1,256,256,260,494.862,0.0,1.0,0,L,1,0,d256_20261005_195354
1_george_11.wav,1,1,1,1,256,256,260,494.865,0.0,1.0,0,L,1,0,d256_20261005_195354
1_george_12.wav,1,1,1,1,256,256,260,494.863,0.0,1.0,0,L,1,0,d256_20261005_195354
1_george_13.wav,1,9,9,1,256,256,260,494.86,0.0,1.0,0,L,1,0,d256_20261005_195354
1_george_14.wav,1,9,9,1,256,256,260,494.855,0.0,1.0,0,L,1,0,d256_20261005_195354
1_george_15.wav,1,1,1,1,256,256,260,494.852,0.0,1.0,0,L,1,0,d256_20261005_195354
1_george_16.wav,1,9,9,1,256,256,260,494.856,0.0,1.0,0,L,1,0,d256_20261005_195354
1_george_17.wav,1,9,9,1,256,256,260,494.858,0.0,1.0,0,L,1,0,d256_20261005_195354
1_george_18.wav,1,9,9,1,256,256,260,494.859,0.0,1.0,0,L,1,0,d256_20261005_195354
1_george_19.wav,1,9,9,1,256,256,260,494.861,0.0,1.0,0,L,1,0,d256_20261005_195354
1_george_2.wav,1,9,9,1,256,256,260,494.863,0.0,1.0,0,L,1,0,d256_20261005_195354
1_george_20.wav,1,1,1,1,256,256,260,494.861,0.0,1.0,0,L,1,0,d256_20261005_195354
1_george_21.wav,1,1,1,1,256,256,260,494.866,0.0,1.0,0,L,1,0,d256_20261005_195354
1_george_22.wav,1,1,1,1,256,256,260,494.865,0.0,1.0,0,L,1,0,d256_20261005_195354
1_george_23.wav,1,1,1,1,256,256,260,494.863,0.0,1.0,0,L,1,0,d256_20261005_195354
1_george_24.wav,1,9,9,1,256,256,260,494.865,0.0,1.0,0,L,1,0,d256_20261005_195354
1_george_25.wav,1,1,1,1,256,256,260,494.855,0.0,1.0,0,L,1,0,d256_20261005_195354
1_george_26.wav,1,9,9,1,256,256,260,494.863,0.0,1.0,0,L,1,0,d256_20261005_195354
1_george_27.wav,1,9,9,1,256,256,260,494.86,0.0,1.0,0,L,1,0,d256_20261005_195354
1_george_28.wav,1,8,8,1,256,256,260,494.859,0.0,1.0,0,L,1,0,d256_20261005_195354
1_george_29.wav,1,9,9,1,256,256,260,494.859,0.0,1.0,0,L,1,0,d256_20261005_195354
1_george_3.wav,1,9,9,1,256,256,260,494.863,0.0,1.0,0,L,1,0,d256_20261005_195354
1_george_30.wav,1,8,8,1,256,256,260,494.864,0.0,1.0,0,L,1,0,d256_20261005_195354
1_george_31.wav,1,8,8,1,256,256,260,494.863,0.0,1.0,0,L,1,0,d256_20261005_195354
1_george_32.wav,1,6,6,1,256,256,260,494.865,0.0,1.0,0,L,1,0,d256_20261005_195354
1_george_33.wav,1,5,5,1,256,256,260,494.86,0.0,1.0,0,L,1,0,d256_20261005_195354
1_george_34.wav,1,1,1,1,256,256,260,494.851,0.0,1.0,0,L,1,0,d256_20261005_195354
1_george_35.wav,1,8,8,1,256,256,260,494.858,0.0,1.0,0,L,1,0,d256_20261005_195354
1_george_36.wav,1,9,9,1,256,256,260,494.855,0.0,1.0,0,L,1,0,d256_20261005_195354
1_george_37.wav,1,7,7,1,256,256,260,494.853,0.0,1.0,0,L,1,0,d256_20261005_195354
1_george_38.wav,1,8,8,1,256,256,260,494.862,0.0,1.0,0,L,1,0,d256_20261005_195354
1_george_39.wav,1,6,6,1,256,256,260,494.864,0.0,1.0,0,L,1,0,d256_20261005_195354
1_george_4.wav,1,9,9,1,256,256,260,494.867,0.0,1.0,0,L,1,0,d256_20261005_195354
1_george_40.wav,1,1,1,1,256,256,260,494.859,0.0,1.0,0,L,1,0,d256_20261005_195354
1_george_41.wav,1,1,1,1,256,256,260,494.863,0.0,1.0,0,L,1,0,d256_20261005_195354
1_george_42.wav,1,1,1,1,256,256,260,494.857,0.0,1.0,0,L,1,0,d256_20261005_195354
1_george_43.wav,1,1,1,1,256,256,260,494.861,0.0,1.0,0,L,1,0,d256_20261005_195354
1_george_44.wav,1,1,1,1,256,256,260,494.857,0.0,1.0,0,L,1,0,d256_20261005_195354
1_george_45.wav,1,1,1,1,256,256,260,494.858,0.0,1.0,0,L,1,0,d256_20261005_195354
1_george_46.wav,1,1,1,1,256,256,260,494.867,0.0,1.0,0,L,1,0,d256_20261005_195354
1_george_47.wav,1,1,1,1,256,256,260,494.866,0.0,1.0,0,L,1,0,d256_20261005_195354
1_george_48.wav,1,1,1,1,256,256,260,494.864,0.0,1.0,0,L,1,0,d256_20261005_195354
1_george_49.wav,1,9,9,1,256,256,260,494.863,0.0,1.0,0,L,1,0,d256_20261005_195354
1_george_5.wav,1,5,5,1,256,256,260,494.86,0.0,1.0,0,L,1,0,d256_20261005_195354
1_george_6.wav,1,9,9,1,256,256,260,494.865,0.0,1.0,0,L,1,0,d256_20261005_195354
1_george_7.wav,1,9,9,1,256,256,260,494.86,0.0,1.0,0,L,1,0,d256_20261005_195354
1_george_8.wav,1,9,9,1,256,256,260,494.856,0.0,1.0,0,L,1,0,d256_20261005_195354
1_george_9.wav,1,9,9,1,256,256,260,494.862,0.0,1.0,0,L,1,0,d256_20261005_195354
2_george_0.wav,2,2,2,1,256,256,260,494.859,0.0,1.0,0,L,1,0,d256_20261005_195354
2_george_1.wav,2,2,2,1,256,256,260,494.856,0.0,1.0,0,L,1,0,d256_20261005_195354
2_george_10.wav,2,7,7,1,256,256,260,494.863,0.0,1.0,0,L,1,0,d256_20261005_195354
2_george_11.wav,2,2,2,1,256,256,260,494.864,0.0,1.0,0,L,1,0,d256_20261005_195354
2_george_12.wav,2,2,2,1,256,256,260,494.86,0.0,1.0,0,L,1,0,d256_20261005_195354
2_george_13.wav,2,4,4,1,256,256,260,494.856,0.0,1.0,0,L,1,0,d256_20261005_195354
2_george_14.wav,2,4,4,1,256,256,260,494.86,0.0,1.0,0,L,1,0,d256_20261005_195354
2_george_15.wav,2,2,2,1,256,256,260,494.857,0.0,1.0,0,L,1,0,d256_20261005_195354
2_george_16.wav,2,2,2,1,256,256,260,494.852,0.0,1.0,0,L,1,0,d256_20261005_195354
2_george_17.wav,2,2,2,1,256,256,260,494.858,0.0,1.0,0,L,1,0,d256_20261005_195354
2_george_18.wav,2,2,2,1,256,256,260,494.855,0.0,1.0,0,L,1,0,d256_20261005_195354
2_george_19.wav,2,2,2,1,256,256,260,494.861,0.0,1.0,0,L,1,0,d256_20261005_195354
2_george_2.wav,2,2,2,1,256,256,260,494.858,0.0,1.0,0,L,1,0,d256_20261005_195354
2_george_20.wav,2,6,6,1,256,256,260,494.86,0.0,1.0,0,L,1,0,d256_20261005_195354
2_george_21.wav,2,8,8,1,256,256,260,494.859,0.0,1.0,0,L,1,0,d256_20261005_195354
2_george_22.wav,2,7,7,1,256,256,260,494.859,0.0,1.0,0,L,1,0,d256_20261005_195354
2_george_23.wav,2,2,2,1,256,256,260,494.864,0.0,1.0,0,L,1,0,d256_20261005_195354
2_george_24.wav,2,2,2,1,256,256,260,494.855,0.0,1.0,0,L,1,0,d256_20261005_195354
2_george_25.wav,2,2,2,1,256,256,260,494.854,0.0,1.0,0,L,1,0,d256_20261005_195354
2_george_26.wav,2,2,2,1,256,256,260,494.851,0.0,1.0,0,L,1,0,d256_20261005_195354
2_george_27.wav,2,4,4,1,256,256,260,494.856,0.0,1.0,0,L,1,0,d256_20261005_195354
2_george_28.wav,2,7,7,1,256,256,260,494.86,0.0,1.0,0,L,1,0,d256_20261005_195354
2_george_29.wav,2,4,4,1,256,256,260,494.857,0.0,1.0,0,L,1,0,d256_20261005_195354
2_george_3.wav,2,2,2,1,256,256,260,494.861,0.0,1.0,0,L,1,0,d256_20261005_195354
2_george_30.wav,2,8,8,1,256,256,260,494.86,0.0,1.0,0,L,1,0,d256_20261005_195354
2_george_31.wav,2,7,7,1,256,256,260,494.862,0.0,1.0,0,L,1,0,d256_20261005_195354
2_george_32.wav,2,7,7,1,256,256,260,494.846,0.0,1.0,0,L,1,0,d256_20261005_195354
2_george_33.wav,2,7,7,1,256,256,260,494.857,0.0,1.0,0,L,1,0,d256_20261005_195354
2_george_34.wav,2,4,4,1,256,256,260,494.853,0.0,1.0,0,L,1,0,d256_20261005_195354
2_george_35.wav,2,2,2,1,256,256,260,494.859,0.0,1.0,0,L,1,0,d256_20261005_195354
2_george_36.wav,2,4,4,1,256,256,260,494.858,0.0,1.0,0,L,1,0,d256_20261005_195354
2_george_37.wav,2,2,2,1,256,256,260,494.859,0.0,1.0,0,L,1,0,d256_20261005_195354
2_george_38.wav,2,2,2,1,256,256,260,494.854,0.0,1.0,0,L,1,0,d256_20261005_195354
2_george_39.wav,2,7,7,1,256,256,260,494.857,0.0,1.0,0,L,1,0,d256_20261005_195354
2_george_4.wav,2,4,4,1,256,256,260,494.862,0.0,1.0,0,L,1,0,d256_20261005_195354
2_george_40.wav,2,2,2,1,256,256,260,494.857,0.0,1.0,0,L,1,0,d256_20261005_195354
2_george_41.wav,2,2,2,1,256,256,260,494.851,0.0,1.0,0,L,1,0,d256_20261005_195354
2_george_42.wav,2,2,2,1,256,256,260,494.855,0.0,1.0,0,L,1,0,d256_20261005_195354
2_george_43.wav,2,2,2,1,256,256,260,494.854,0.0,1.0,0,L,1,0,d256_20261005_195354
2_george_44.wav,2,2,2,1,256,256,260,494.857,0.0,1.0,0,L,1,0,d256_20261005_195354
2_george_45.wav,2,2,2,1,256,256,260,494.855,0.0,1.0,0,L,1,0,d256_20261005_195354
2_george_46.wav,2,4,4,1,256,256,260,494.857,0.0,1.0,0,L,1,0,d256_20261005_195354
2_george_47.wav,2,2,2,1,256,256,260,494.862,0.0,1.0,0,L,1,0,d256_20261005_195354
2_george_48.wav,2,2,2,1,256,256,260,494.861,0.0,1.0,0,L,1,0,d256_20261005_195354
2_george_49.wav,2,2,2,1,256,256,260,494.861,0.0,1.0,0,L,1,0,d256_20261005_195354
2_george_5.wav,2,2,2,1,256,256,260,494.86,0.0,1.0,0,L,1,0,d256_20261005_195354
2_george_6.wav,2,2,2,1,256,256,260,494.861,0.0,1.0,0,L,1,0,d256_20261005_195354
2_george_7.wav,2,4,4,1,256,256,260,494.861,0.0,1.0,0,L,1,0,d256_20261005_195354
2_george_8.wav,2,4,4,1,256,256,260,494.854,0.0,1.0,0,L,1,0,d256_20261005_195354
2_george_9.wav,2,4,4,1,256,256,260,494.853,0.0,1.0,0,L,1,0,d256_20261005_195354
3_george_0.wav,3,0,0,1,256,256,260,494.855,0.0,1.0,0,L,1,0,d256_20261005_195354
3_george_1.wav,3,7,7,1,256,256,260,494.856,0.0,1.0,0,L,1,0,d256_20261005_195354
3_george_10.wav,3,7,7,1,256,256,260,494.857,0.0,1.0,0,L,1,0,d256_20261005_195354
3_george_11.wav,3,8,8,1,256,256,260,494.86,0.0,1.0,0,L,1,0,d256_20261005_195354
3_george_12.wav,3,8,8,1,256,256,260,494.863,0.0,1.0,0,L,1,0,d256_20261005_195354
3_george_13.wav,3,3,3,1,256,256,260,494.866,0.0,1.0,0,L,1,0,d256_20261005_195354
3_george_14.wav,3,8,8,1,256,256,260,494.862,0.0,1.0,0,L,1,0,d256_20261005_195354
3_george_15.wav,3,8,8,1,256,256,260,494.862,0.0,1.0,0,L,1,0,d256_20261005_195354
3_george_16.wav,3,7,7,1,256,256,260,494.861,0.0,1.0,0,L,1,0,d256_20261005_195354
3_george_17.wav,3,8,8,1,256,256,260,494.854,0.0,1.0,0,L,1,0,d256_20261005_195354
3_george_18.wav,3,8,8,1,256,256,260,494.86,0.0,1.0,0,L,1,0,d256_20261005_195354
3_george_19.wav,3,8,8,1,256,256,260,494.857,0.0,1.0,0,L,1,0,d256_20261005_195354
3_george_2.wav,3,3,3,1,256,256,260,494.857,0.0,1.0,0,L,1,0,d256_20261005_195354
3_george_20.wav,3,2,2,1,256,256,260,494.856,0.0,1.0,0,L,1,0,d256_20261005_195354
3_george_21.wav,3,8,8,1,256,256,260,494.863,0.0,1.0,0,L,1,0,d256_20261005_195354
3_george_22.wav,3,8,8,1,256,256,260,494.865,0.0,1.0,0,L,1,0,d256_20261005_195354
3_george_23.wav,3,3,3,1,256,256,260,494.86,0.0,1.0,0,L,1,0,d256_20261005_195354
3_george_24.wav,3,8,8,1,256,256,260,494.857,0.0,1.0,0,L,1,0,d256_20261005_195354
3_george_25.wav,3,8,8,1,256,256,260,494.855,0.0,1.0,0,L,1,0,d256_20261005_195354
3_george_26.wav,3,9,9,1,256,256,260,494.858,0.0,1.0,0,L,1,0,d256_20261005_195354
3_george_27.wav,3,8,8,1,256,256,260,494.855,0.0,1.0,0,L,1,0,d256_20261005_195354
3_george_28.wav,3,8,8,1,256,256,260,494.861,0.0,1.0,0,L,1,0,d256_20261005_195354
3_george_29.wav,3,8,8,1,256,256,260,494.867,0.0,1.0,0,L,1,0,d256_20261005_195354
3_george_3.wav,3,3,3,1,256,256,260,494.862,0.0,1.0,0,L,1,0,d256_20261005_195354
3_george_30.wav,3,8,8,1,256,256,260,494.863,0.0,1.0,0,L,1,0,d256_20261005_195354
3_george_31.wav,3,8,8,1,256,256,260,494.854,0.0,1.0,0,L,1,0,d256_20261005_195354
3_george_32.wav,3,8,8,1,256,256,260,494.853,0.0,1.0,0,L,1,0,d256_20261005_195354
3_george_33.wav,3,3,3,1,256,256,260,494.853,0.0,1.0,0,L,1,0,d256_20261005_195354
3_george_34.wav,3,8,8,1,256,256,260,494.859,0.0,1.0,0,L,1,0,d256_20261005_195354
3_george_35.wav,3,8,8,1,256,256,260,494.854,0.0,1.0,0,L,1,0,d256_20261005_195354
3_george_36.wav,3,8,8,1,256,256,260,494.86,0.0,1.0,0,L,1,0,d256_20261005_195354
3_george_37.wav,3,8,8,1,256,256,260,494.863,0.0,1.0,0,L,1,0,d256_20261005_195354
3_george_38.wav,3,8,8,1,256,256,260,494.86,0.0,1.0,0,L,1,0,d256_20261005_195354
3_george_39.wav,3,6,6,1,256,256,260,494.862,0.0,1.0,0,L,1,0,d256_20261005_195354
3_george_4.wav,3,3,3,1,256,256,260,494.858,0.0,1.0,0,L,1,0,d256_20261005_195354
3_george_40.wav,3,3,3,1,256,256,260,494.855,0.0,1.0,0,L,1,0,d256_20261005_195354
3_george_41.wav,3,7,7,1,256,256,260,494.86,0.0,1.0,0,L,1,0,d256_20261005_195354
3_george_42.wav,3,8,8,1,256,256,260,494.86,0.0,1.0,0,L,1,0,d256_20261005_195354
3_george_43.wav,3,1,1,1,256,256,260,494.864,0.0,1.0,0,L,1,0,d256_20261005_195354
3_george_44.wav,3,8,8,1,256,256,260,494.863,0.0,1.0,0,L,1,0,d256_20261005_195354
3_george_45.wav,3,8,8,1,256,256,260,494.86,0.0,1.0,0,L,1,0,d256_20261005_195354
3_george_46.wav,3,8,8,1,256,256,260,494.866,0.0,1.0,0,L,1,0,d256_20261005_195354
3_george_47.wav,3,8,8,1,256,256,260,494.862,0.0,1.0,0,L,1,0,d256_20261005_195354
3_george_48.wav,3,1,1,1,256,256,260,494.854,0.0,1.0,0,L,1,0,d256_20261005_195354
3_george_49.wav,3,8,8,1,256,256,260,494.856,0.0,1.0,0,L,1,0,d256_20261005_195354
3_george_5.wav,3,8,8,1,256,256,260,494.864,0.0,1.0,0,L,1,0,d256_20261005_195354
3_george_6.wav,3,8,8,1,256,256,260,494.857,0.0,1.0,0,L,1,0,d256_20261005_195354
3_george_7.wav,3,9,9,1,256,256,260,494.855,0.0,1.0,0,L,1,0,d256_20261005_195354
3_george_8.wav,3,1,1,1,256,256,260,494.857,0.0,1.0,0,L,1,0,d256_20261005_195354
3_george_9.wav,3,8,8,1,256,256,260,494.861,0.0,1.0,0,L,1,0,d256_20261005_195354
4_george_0.wav,4,4,4,1,256,256,260,494.861,0.0,1.0,0,L,1,0,d256_20261005_195354
4_george_1.wav,4,4,4,1,256,256,260,494.861,0.0,1.0,0,L,1,0,d256_20261005_195354
4_george_10.wav,4,5,5,1,256,256,260,494.859,0.0,1.0,0,L,1,0,d256_20261005_195354
4_george_11.wav,4,9,9,1,256,256,260,494.862,0.0,1.0,0,L,1,0,d256_20261005_195354
4_george_12.wav,4,5,5,1,256,256,260,494.858,0.0,1.0,0,L,1,0,d256_20261005_195354
4_george_13.wav,4,4,4,1,256,256,260,494.859,0.0,1.0,0,L,1,0,d256_20261005_195354
4_george_14.wav,4,9,9,1,256,256,260,494.854,0.0,1.0,0,L,1,0,d256_20261005_195354
4_george_15.wav,4,4,4,1,256,256,260,494.857,0.0,1.0,0,L,1,0,d256_20261005_195354
4_george_16.wav,4,9,9,1,256,256,260,494.856,0.0,1.0,0,L,1,0,d256_20261005_195354
4_george_17.wav,4,5,5,1,256,256,260,494.852,0.0,1.0,0,L,1,0,d256_20261005_195354
4_george_18.wav,4,7,7,1,256,256,260,494.856,0.0,1.0,0,L,1,0,d256_20261005_195354
4_george_19.wav,4,3,3,1,256,256,260,494.861,0.0,1.0,0,L,1,0,d256_20261005_195354
4_george_2.wav,4,5,5,1,256,256,260,494.857,0.0,1.0,0,L,1,0,d256_20261005_195354
4_george_20.wav,4,4,4,1,256,256,260,494.858,0.0,1.0,0,L,1,0,d256_20261005_195354
4_george_21.wav,4,5,5,1,256,256,260,494.865,0.0,1.0,0,L,1,0,d256_20261005_195354
4_george_22.wav,4,4,4,1,256,256,260,494.862,0.0,1.0,0,L,1,0,d256_20261005_195354
4_george_23.wav,4,5,5,1,256,256,260,494.867,0.0,1.0,0,L,1,0,d256_20261005_195354
4_george_24.wav,4,9,9,1,256,256,260,494.858,0.0,1.0,0,L,1,0,d256_20261005_195354
4_george_25.wav,4,7,7,1,256,256,260,494.854,0.0,1.0,0,L,1,0,d256_20261005_195354
4_george_26.wav,4,7,7,1,256,256,260,494.856,0.0,1.0,0,L,1,0,d256_20261005_195354
4_george_27.wav,4,4,4,1,256,256,260,494.854,0.0,1.0,0,L,1,0,d256_20261005_195354
4_george_28.wav,4,9,9,1,256,256,260,494.858,0.0,1.0,0,L,1,0,d256_20261005_195354
4_george_29.wav,4,4,4,1,256,256,260,494.856,0.0,1.0,0,L,1,0,d256_20261005_195354
4_george_3.wav,4,4,4,1,256,256,260,494.861,0.0,1.0,0,L,1,0,d256_20261005_195354
4_george_30.wav,4,4,4,1,256,256,260,494.863,0.0,1.0,0,L,1,0,d256_20261005_195354
4_george_31.wav,4,5,5,1,256,256,260,494.862,0.0,1.0,0,L,1,0,d256_20261005_195354
4_george_32.wav,4,4,4,1,256,256,260,494.862,0.0,1.0,0,L,1,0,d256_20261005_195354
4_george_33.wav,4,7,7,1,256,256,260,494.865,0.0,1.0,0,L,1,0,d256_20261005_195354
4_george_34.wav,4,4,4,1,256,256,260,494.855,0.0,1.0,0,L,1,0,d256_20261005_195354
4_george_35.wav,4,4,4,1,256,256,260,494.853,0.0,1.0,0,L,1,0,d256_20261005_195354
4_george_36.wav,4,4,4,1,256,256,260,494.854,0.0,1.0,0,L,1,0,d256_20261005_195354
4_george_37.wav,4,1,1,1,256,256,260,494.856,0.0,1.0,0,L,1,0,d256_20261005_195354
4_george_38.wav,4,5,5,1,256,256,260,494.852,0.0,1.0,0,L,1,0,d256_20261005_195354
4_george_39.wav,4,5,5,1,256,256,260,494.855,0.0,1.0,0,L,1,0,d256_20261005_195354
4_george_4.wav,4,4,4,1,256,256,260,494.857,0.0,1.0,0,L,1,0,d256_20261005_195354
4_george_40.wav,4,7,7,1,256,256,260,494.858,0.0,1.0,0,L,1,0,d256_20261005_195354
4_george_41.wav,4,4,4,1,256,256,260,494.857,0.0,1.0,0,L,1,0,d256_20261005_195354
4_george_42.wav,4,4,4,1,256,256,260,494.856,0.0,1.0,0,L,1,0,d256_20261005_195354
4_george_43.wav,4,4,4,1,256,256,260,494.855,0.0,1.0,0,L,1,0,d256_20261005_195354
4_george_44.wav,4,4,4,1,256,256,260,494.865,0.0,1.0,0,L,1,0,d256_20261005_195354
4_george_45.wav,4,4,4,1,256,256,260,494.863,0.0,1.0,0,L,1,0,d256_20261005_195354
4_george_46.wav,4,4,4,1,256,256,260,494.865,0.0,1.0,0,L,1,0,d256_20261005_195354
4_george_47.wav,4,5,5,1,256,256,260,494.863,0.0,1.0,0,L,1,0,d256_20261005_195354
4_george_48.wav,4,3,3,1,256,256,260,494.865,0.0,1.0,0,L,1,0,d256_20261005_195354
4_george_49.wav,4,2,2,1,256,256,260,494.858,0.0,1.0,0,L,1,0,d256_20261005_195354
4_george_5.wav,4,5,5,1,256,256,260,494.864,0.0,1.0,0,L,1,0,d256_20261005_195354
4_george_6.wav,4,4,4,1,256,256,260,494.858,0.0,1.0,0,L,1,0,d256_20261005_195354
4_george_7.wav,4,4,4,1,256,256,260,494.866,0.0,1.0,0,L,1,0,d256_20261005_195354
4_george_8.wav,4,4,4,1,256,256,260,494.854,0.0,1.0,0,L,1,0,d256_20261005_195354
4_george_9.wav,4,5,5,1,256,256,260,494.855,0.0,1.0,0,L,1,0,d256_20261005_195354
5_george_0.wav,5,9,9,1,256,256,260,494.859,0.0,1.0,0,L,1,0,d256_20261005_195354
5_george_1.wav,5,9,9,1,256,256,260,494.856,0.0,1.0,0,L,1,0,d256_20261005_195354
5_george_10.wav,5,5,5,1,256,256,260,494.86,0.0,1.0,0,L,1,0,d256_20261005_195354
5_george_11.wav,5,5,5,1,256,256,260,494.866,0.0,1.0,0,L,1,0,d256_20261005_195354
5_george_12.wav,5,5,5,1,256,256,260,494.865,0.0,1.0,0,L,1,0,d256_20261005_195354
5_george_13.wav,5,5,5,1,256,256,260,494.857,0.0,1.0,0,L,1,0,d256_20261005_195354
5_george_14.wav,5,5,5,1,256,256,260,494.856,0.0,1.0,0,L,1,0,d256_20261005_195354
5_george_15.wav,5,5,5,1,256,256,260,494.857,0.0,1.0,0,L,1,0,d256_20261005_195354
5_george_16.wav,5,5,5,1,256,256,260,494.855,0.0,1.0,0,L,1,0,d256_20261005_195354
5_george_17.wav,5,5,5,1,256,256,260,494.86,0.0,1.0,0,L,1,0,d256_20261005_195354
5_george_18.wav,5,5,5,1,256,256,260,494.863,0.0,1.0,0,L,1,0,d256_20261005_195354
5_george_19.wav,5,5,5,1,256,256,260,494.866,0.0,1.0,0,L,1,0,d256_20261005_195354
5_george_2.wav,5,5,5,1,256,256,260,494.864,0.0,1.0,0,L,1,0,d256_20261005_195354
5_george_20.wav,5,8,8,1,256,256,260,494.855,0.0,1.0,0,L,1,0,d256_20261005_195354
5_george_21.wav,5,9,9,1,256,256,260,494.856,0.0,1.0,0,L,1,0,d256_20261005_195354
5_george_22.wav,5,9,9,1,256,256,260,494.859,0.0,1.0,0,L,1,0,d256_20261005_195354
5_george_23.wav,5,5,5,1,256,256,260,494.863,0.0,1.0,0,L,1,0,d256_20261005_195354
5_george_24.wav,5,5,5,1,256,256,260,494.865,0.0,1.0,0,L,1,0,d256_20261005_195354
5_george_25.wav,5,7,7,1,256,256,260,494.864,0.0,1.0,0,L,1,0,d256_20261005_195354
5_george_26.wav,5,5,5,1,256,256,260,494.86,0.0,1.0,0,L,1,0,d256_20261005_195354
5_george_27.wav,5,5,5,1,256,256,260,494.862,0.0,1.0,0,L,1,0,d256_20261005_195354
5_george_28.wav,5,5,5,1,256,256,260,494.859,0.0,1.0,0,L,1,0,d256_20261005_195354
5_george_29.wav,5,5,5,1,256,256,260,494.857,0.0,1.0,0,L,1,0,d256_20261005_195354
5_george_3.wav,5,5,5,1,256,256,260,494.856,0.0,1.0,0,L,1,0,d256_20261005_195354
5_george_30.wav,5,3,3,1,256,256,260,494.858,0.0,1.0,0,L,1,0,d256_20261005_195354
5_george_31.wav,5,5,5,1,256,256,260,494.857,0.0,1.0,0,L,1,0,d256_20261005_195354
5_george_32.wav,5,5,5,1,256,256,260,494.865,0.0,1.0,0,L,1,0,d256_20261005_195354
5_george_33.wav,5,6,6,1,256,256,260,494.864,0.0,1.0,0,L,1,0,d256_20261005_195354
5_george_34.wav,5,3,3,1,256,256,260,494.866,0.0,1.0,0,L,1,0,d256_20261005_195354
5_george_35.wav,5,5,5,1,256,256,260,494.857,0.0,1.0,0,L,1,0,d256_20261005_195354
5_george_36.wav,5,7,7,1,256,256,260,494.858,0.0,1.0,0,L,1,0,d256_20261005_195354
5_george_37.wav,5,5,5,1,256,256,260,494.86,0.0,1.0,0,L,1,0,d256_20261005_195354
5_george_38.wav,5,5,5,1,256,256,260,494.861,0.0,1.0,0,L,1,0,d256_20261005_195354
5_george_39.wav,5,3,3,1,256,256,260,494.865,0.0,1.0,0,L,1,0,d256_20261005_195354
5_george_4.wav,5,5,5,1,256,256,260,494.866,0.0,1.0,0,L,1,0,d256_20261005_195354
5_george_40.wav,5,5,5,1,256,256,260,494.864,0.0,1.0,0,L,1,0,d256_20261005_195354
5_george_41.wav,5,5,5,1,256,256,260,494.864,0.0,1.0,0,L,1,0,d256_20261005_195354
5_george_42.wav,5,5,5,1,256,256,260,494.866,0.0,1.0,0,L,1,0,d256_20261005_195354
5_george_43.wav,5,1,1,1,256,256,260,494.862,0.0,1.0,0,L,1,0,d256_20261005_195354
5_george_44.wav,5,5,5,1,256,256,260,494.859,0.0,1.0,0,L,1,0,d256_20261005_195354
5_george_45.wav,5,5,5,1,256,256,260,494.86,0.0,1.0,0,L,1,0,d256_20261005_195354
5_george_46.wav,5,5,5,1,256,256,260,494.859,0.0,1.0,0,L,1,0,d256_20261005_195354
5_george_47.wav,5,9,9,1,256,256,260,494.86,0.0,1.0,0,L,1,0,d256_20261005_195354
5_george_48.wav,5,1,1,1,256,256,260,494.859,0.0,1.0,0,L,1,0,d256_20261005_195354
5_george_49.wav,5,9,9,1,256,256,260,494.863,0.0,1.0,0,L,1,0,d256_20261005_195354
5_george_5.wav,5,5,5,1,256,256,260,494.864,0.0,1.0,0,L,1,0,d256_20261005_195354
5_george_6.wav,5,9,9,1,256,256,260,494.868,0.0,1.0,0,L,1,0,d256_20261005_195354
5_george_7.wav,5,5,5,1,256,256,260,494.865,0.0,1.0,0,L,1,0,d256_20261005_195354
5_george_8.wav,5,5,5,1,256,256,260,494.864,0.0,1.0,0,L,1,0,d256_20261005_195354
5_george_9.wav,5,5,5,1,256,256,260,494.862,0.0,1.0,0,L,1,0,d256_20261005_195354
6_george_0.wav,6,6,6,1,256,256,260,494.859,0.0,1.0,0,L,1,0,d256_20261005_195354
6_george_1.wav,6,6,6,1,256,256,260,494.861,0.0,1.0,0,L,1,0,d256_20261005_195354
6_george_10.wav,6,6,6,1,256,256,260,494.861,0.0,1.0,0,L,1,0,d256_20261005_195354
6_george_11.wav,6,8,8,1,256,256,260,494.861,0.0,1.0,0,L,1,0,d256_20261005_195354
6_george_12.wav,6,8,8,1,256,256,260,494.86,0.0,1.0,0,L,1,0,d256_20261005_195354
6_george_13.wav,6,7,7,1,256,256,260,494.866,0.0,1.0,0,L,1,0,d256_20261005_195354
6_george_14.wav,6,6,6,1,256,256,260,494.86,0.0,1.0,0,L,1,0,d256_20261005_195354
6_george_15.wav,6,6,6,1,256,256,260,494.869,0.0,1.0,0,L,1,0,d256_20261005_195354
6_george_16.wav,6,8,8,1,256,256,260,494.857,0.0,1.0,0,L,1,0,d256_20261005_195354
6_george_17.wav,6,8,8,1,256,256,260,494.855,0.0,1.0,0,L,1,0,d256_20261005_195354
6_george_18.wav,6,8,8,1,256,256,260,494.855,0.0,1.0,0,L,1,0,d256_20261005_195354
6_george_19.wav,6,8,8,1,256,256,260,494.853,0.0,1.0,0,L,1,0,d256_20261005_195354
6_george_2.wav,6,6,6,1,256,256,260,494.861,0.0,1.0,0,L,1,0,d256_20261005_195354
6_george_20.wav,6,6,6,1,256,256,260,494.866,0.0,1.0,0,L,1,0,d256_20261005_195354
6_george_21.wav,6,6,6,1,256,256,260,494.864,0.0,1.0,0,L,1,0,d256_20261005_195354
6_george_22.wav,6,6,6,1,256,256,260,494.864,0.0,1.0,0,L,1,0,d256_20261005_195354
6_george_23.wav,6,6,6,1,256,256,260,494.859,0.0,1.0,0,L,1,0,d256_20261005_195354
6_george_24.wav,6,8,8,1,256,256,260,494.86,0.0,1.0,0,L,1,0,d256_20261005_195354
6_george_25.wav,6,6,6,1,256,256,260,494.861,0.0,1.0,0,L,1,0,d256_20261005_195354
6_george_26.wav,6,8,8,1,256,256,260,494.857,0.0,1.0,0,L,1,0,d256_20261005_195354
6_george_27.wav,6,6,6,1,256,256,260,494.859,0.0,1.0,0,L,1,0,d256_20261005_195354
6_george_28.wav,6,6,6,1,256,256,260,494.866,0.0,1.0,0,L,1,0,d256_20261005_195354
6_george_29.wav,6,6,6,1,256,256,260,494.864,0.0,1.0,0,L,1,0,d256_20261005_195354
6_george_3.wav,6,6,6,1,256,256,260,494.866,0.0,1.0,0,L,1,0,d256_20261005_195354
6_george_30.wav,6,6,6,1,256,256,260,494.866,0.0,1.0,0,L,1,0,d256_20261005_195354
6_george_31.wav,6,6,6,1,256,256,260,494.866,0.0,1.0,0,L,1,0,d256_20261005_195354
6_george_32.wav,6,8,8,1,256,256,260,494.854,0.0,1.0,0,L,1,0,d256_20261005_195354
6_george_33.wav,6,6,6,1,256,256,260,494.86,0.0,1.0,0,L,1,0,d256_20261005_195354
6_george_34.wav,6,6,6,1,256,256,260,494.853,0.0,1.0,0,L,1,0,d256_20261005_195354
6_george_35.wav,6,6,6,1,256,256,260,494.857,0.0,1.0,0,L,1,0,d256_20261005_195354
6_george_36.wav,6,6,6,1,256,256,260,494.86,0.0,1.0,0,L,1,0,d256_20261005_195354
6_george_37.wav,6,8,8,1,256,256,260,494.864,0.0,1.0,0,L,1,0,d256_20261005_195354
6_george_38.wav,6,6,6,1,256,256,260,494.864,0.0,1.0,0,L,1,0,d256_20261005_195354
6_george_39.wav,6,6,6,1,256,256,260,494.863,0.0,1.0,0,L,1,0,d256_20261005_195354
6_george_4.wav,6,6,6,1,256,256,260,494.863,0.0,1.0,0,L,1,0,d256_20261005_195354
6_george_40.wav,6,6,6,1,256,256,260,494.866,0.0,1.0,0,L,1,0,d256_20261005_195354
6_george_41.wav,6,6,6,1,256,256,260,494.861,0.0,1.0,0,L,1,0,d256_20261005_195354
6_george_42.wav,6,6,6,1,256,256,260,494.86,0.0,1.0,0,L,1,0,d256_20261005_195354
6_george_43.wav,6,6,6,1,256,256,260,494.855,0.0,1.0,0,L,1,0,d256_20261005_195354
6_george_44.wav,6,6,6,1,256,256,260,494.86,0.0,1.0,0,L,1,0,d256_20261005_195354
6_george_45.wav,6,6,6,1,256,256,260,494.861,0.0,1.0,0,L,1,0,d256_20261005_195354
6_george_46.wav,6,6,6,1,256,256,260,494.864,0.0,1.0,0,L,1,0,d256_20261005_195354
6_george_47.wav,6,6,6,1,256,256,260,494.863,0.0,1.0,0,L,1,0,d256_20261005_195354
6_george_48.wav,6,8,8,1,256,256,260,494.865,0.0,1.0,0,L,1,0,d256_20261005_195354
6_george_49.wav,6,6,6,1,256,256,260,494.866,0.0,1.0,0,L,1,0,d256_20261005_195354
6_george_5.wav,6,7,7,1,256,256,260,494.865,0.0,1.0,0,L,1,0,d256_20261005_195354
6_george_6.wav,6,6,6,1,256,256,260,494.867,0.0,1.0,0,L,1,0,d256_20261005_195354
6_george_7.wav,6,6,6,1,256,256,260,494.862,0.0,1.0,0,L,1,0,d256_20261005_195354
6_george_8.wav,6,6,6,1,256,256,260,494.858,0.0,1.0,0,L,1,0,d256_20261005_195354
6_george_9.wav,6,6,6,1,256,256,260,494.861,0.0,1.0,0,L,1,0,d256_20261005_195354
7_george_0.wav,7,6,6,1,256,256,260,494.856,0.0,1.0,0,L,1,0,d256_20261005_195354
7_george_1.wav,7,6,6,1,256,256,260,494.858,0.0,1.0,0,L,1,0,d256_20261005_195354
7_george_10.wav,7,6,6,1,256,256,260,494.866,0.0,1.0,0,L,1,0,d256_20261005_195354
7_george_11.wav,7,6,6,1,256,256,260,494.865,0.0,1.0,0,L,1,0,d256_20261005_195354
7_george_12.wav,7,7,7,1,256,256,260,494.865,0.0,1.0,0,L,1,0,d256_20261005_195354
7_george_13.wav,7,6,6,1,256,256,260,494.867,0.0,1.0,0,L,1,0,d256_20261005_195354
7_george_14.wav,7,9,9,1,256,256,260,494.856,0.0,1.0,0,L,1,0,d256_20261005_195354
7_george_15.wav,7,7,7,1,256,256,260,494.858,0.0,1.0,0,L,1,0,d256_20261005_195354
7_george_16.wav,7,6,6,1,256,256,260,494.85,0.0,1.0,0,L,1,0,d256_20261005_195354
7_george_17.wav,7,6,6,1,256,256,260,494.855,0.0,1.0,0,L,1,0,d256_20261005_195354
7_george_18.wav,7,6,6,1,256,256,260,494.86,0.0,1.0,0,L,1,0,d256_20261005_195354
7_george_19.wav,7,9,9,1,256,256,260,494.86,0.0,1.0,0,L,1,0,d256_20261005_195354
7_george_2.wav,7,6,6,1,256,256,260,494.859,0.0,1.0,0,L,1,0,d256_20261005_195354
7_george_20.wav,7,6,6,1,256,256,260,494.867,0.0,1.0,0,L,1,0,d256_20261005_195354
7_george_21.wav,7,8,8,1,256,256,260,494.865,0.0,1.0,0,L,1,0,d256_20261005_195354
7_george_22.wav,7,7,7,1,256,256,260,494.866,0.0,1.0,0,L,1,0,d256_20261005_195354
7_george_23.wav,7,6,6,1,256,256,260,494.861,0.0,1.0,0,L,1,0,d256_20261005_195354
7_george_24.wav,7,6,6,1,256,256,260,494.857,0.0,1.0,0,L,1,0,d256_20261005_195354
7_george_25.wav,7,6,6,1,256,256,260,494.861,0.0,1.0,0,L,1,0,d256_20261005_195354
7_george_26.wav,7,6,6,1,256,256,260,494.862,0.0,1.0,0,L,1,0,d256_20261005_195354
7_george_27.wav,7,6,6,1,256,256,260,494.861,0.0,1.0,0,L,1,0,d256_20261005_195354
7_george_28.wav,7,6,6,1,256,256,260,494.86,0.0,1.0,0,L,1,0,d256_20261005_195354
7_george_29.wav,7,8,8,1,256,256,260,494.87,0.0,1.0,0,L,1,0,d256_20261005_195354
7_george_3.wav,7,9,9,1,256,256,260,494.864,0.0,1.0,0,L,1,0,d256_20261005_195354
7_george_30.wav,7,7,7,1,256,256,260,494.866,0.0,1.0,0,L,1,0,d256_20261005_195354
7_george_31.wav,7,1,1,1,256,256,260,494.862,0.0,1.0,0,L,1,0,d256_20261005_195354
7_george_32.wav,7,3,3,1,256,256,260,494.862,0.0,1.0,0,L,1,0,d256_20261005_195354
7_george_33.wav,7,8,8,1,256,256,260,494.861,0.0,1.0,0,L,1,0,d256_20261005_195354
7_george_34.wav,7,8,8,1,256,256,260,494.861,0.0,1.0,0,L,1,0,d256_20261005_195354
7_george_35.wav,7,8,8,1,256,256,260,494.857,0.0,1.0,0,L,1,0,d256_20261005_195354
7_george_36.wav,7,8,8,1,256,256,260,494.865,0.0,1.0,0,L,1,0,d256_20261005_195354
7_george_37.wav,7,6,6,1,256,256,260,494.869,0.0,1.0,0,L,1,0,d256_20261005_195354
7_george_38.wav,7,7,7,1,256,256,260,494.864,0.0,1.0,0,L,1,0,d256_20261005_195354
7_george_39.wav,7,7,7,1,256,256,260,494.871,0.0,1.0,0,L,1,0,d256_20261005_195354
7_george_4.wav,7,6,6,1,256,256,260,494.858,0.0,1.0,0,L,1,0,d256_20261005_195354
7_george_40.wav,7,7,7,1,256,256,260,494.86,0.0,1.0,0,L,1,0,d256_20261005_195354
7_george_41.wav,7,6,6,1,256,256,260,494.855,0.0,1.0,0,L,1,0,d256_20261005_195354
7_george_42.wav,7,6,6,1,256,256,260,494.859,0.0,1.0,0,L,1,0,d256_20261005_195354
7_george_43.wav,7,7,7,1,256,256,260,494.858,0.0,1.0,0,L,1,0,d256_20261005_195354
7_george_44.wav,7,6,6,1,256,256,260,494.864,0.0,1.0,0,L,1,0,d256_20261005_195354
7_george_45.wav,7,7,7,1,256,256,260,494.869,0.0,1.0,0,L,1,0,d256_20261005_195354
7_george_46.wav,7,6,6,1,256,256,260,494.869,0.0,1.0,0,L,1,0,d256_20261005_195354
7_george_47.wav,7,7,7,1,256,256,260,494.864,0.0,1.0,0,L,1,0,d256_20261005_195354
7_george_48.wav,7,7,7,1,256,256,260,494.858,0.0,1.0,0,L,1,0,d256_20261005_195354
7_george_49.wav,7,7,7,1,256,256,260,494.86,0.0,1.0,0,L,1,0,d256_20261005_195354
7_george_5.wav,7,9,9,1,256,256,260,494.858,0.0,1.0,0,L,1,0,d256_20261005_195354
7_george_6.wav,7,6,6,1,256,256,260,494.855,0.0,1.0,0,L,1,0,d256_20261005_195354
7_george_7.wav,7,9,9,1,256,256,260,494.866,0.0,1.0,0,L,1,0,d256_20261005_195354
7_george_8.wav,7,7,7,1,256,256,260,494.863,0.0,1.0,0,L,1,0,d256_20261005_195354
7_george_9.wav,7,6,6,1,256,256,260,494.86,0.0,1.0,0,L,1,0,d256_20261005_195354
8_george_0.wav,8,8,8,1,256,256,260,494.863,0.0,1.0,0,L,1,0,d256_20261005_195354
8_george_1.wav,8,8,8,1,256,256,260,494.855,0.0,1.0,0,L,1,0,d256_20261005_195354
8_george_10.wav,8,8,8,1,256,256,260,494.858,0.0,1.0,0,L,1,0,d256_20261005_195354
8_george_11.wav,8,8,8,1,256,256,260,494.856,0.0,1.0,0,L,1,0,d256_20261005_195354
8_george_12.wav,8,8,8,1,256,256,260,494.861,0.0,1.0,0,L,1,0,d256_20261005_195354
8_george_13.wav,8,8,8,1,256,256,260,494.861,0.0,1.0,0,L,1,0,d256_20261005_195354
8_george_14.wav,8,8,8,1,256,256,260,494.864,0.0,1.0,0,L,1,0,d256_20261005_195354
8_george_15.wav,8,8,8,1,256,256,260,494.864,0.0,1.0,0,L,1,0,d256_20261005_195354
8_george_16.wav,8,8,8,1,256,256,260,494.86,0.0,1.0,0,L,1,0,d256_20261005_195354
8_george_17.wav,8,8,8,1,256,256,260,494.858,0.0,1.0,0,L,1,0,d256_20261005_195354
8_george_18.wav,8,8,8,1,256,256,260,494.858,0.0,1.0,0,L,1,0,d256_20261005_195354
8_george_19.wav,8,8,8,1,256,256,260,494.857,0.0,1.0,0,L,1,0,d256_20261005_195354
8_george_2.wav,8,8,8,1,256,256,260,494.859,0.0,1.0,0,L,1,0,d256_20261005_195354
8_george_20.wav,8,8,8,1,256,256,260,494.863,0.0,1.0,0,L,1,0,d256_20261005_195354
8_george_21.wav,8,8,8,1,256,256,260,494.861,0.0,1.0,0,L,1,0,d256_20261005_195354
8_george_22.wav,8,8,8,1,256,256,260,494.863,0.0,1.0,0,L,1,0,d256_20261005_195354
8_george_23.wav,8,8,8,1,256,256,260,494.86,0.0,1.0,0,L,1,0,d256_20261005_195354
8_george_24.wav,8,8,8,1,256,256,260,494.855,0.0,1.0,0,L,1,0,d256_20261005_195354
8_george_25.wav,8,8,8,1,256,256,260,494.859,0.0,1.0,0,L,1,0,d256_20261005_195354
8_george_26.wav,8,8,8,1,256,256,260,494.861,0.0,1.0,0,L,1,0,d256_20261005_195354
8_george_27.wav,8,8,8,1,256,256,260,494.859,0.0,1.0,0,L,1,0,d256_20261005_195354
8_george_28.wav,8,3,3,1,256,256,260,494.852,0.0,1.0,0,L,1,0,d256_20261005_195354
8_george_29.wav,8,6,6,1,256,256,260,494.867,0.0,1.0,0,L,1,0,d256_20261005_195354
8_george_3.wav,8,8,8,1,256,256,260,494.862,0.0,1.0,0,L,1,0,d256_20261005_195354
8_george_30.wav,8,8,8,1,256,256,260,494.867,0.0,1.0,0,L,1,0,d256_20261005_195354
8_george_31.wav,8,6,6,1,256,256,260,494.862,0.0,1.0,0,L,1,0,d256_20261005_195354
8_george_32.wav,8,8,8,1,256,256,260,494.865,0.0,1.0,0,L,1,0,d256_20261005_195354
8_george_33.wav,8,8,8,1,256,256,260,494.862,0.0,1.0,0,L,1,0,d256_20261005_195354
8_george_34.wav,8,8,8,1,256,256,260,494.866,0.0,1.0,0,L,1,0,d256_20261005_195354
8_george_35.wav,8,8,8,1,256,256,260,494.866,0.0,1.0,0,L,1,0,d256_20261005_195354
8_george_36.wav,8,8,8,1,256,256,260,494.862,0.0,1.0,0,L,1,0,d256_20261005_195354
8_george_37.wav,8,8,8,1,256,256,260,494.855,0.0,1.0,0,L,1,0,d256_20261005_195354
8_george_38.wav,8,8,8,1,256,256,260,494.858,0.0,1.0,0,L,1,0,d256_20261005_195354
8_george_39.wav,8,6,6,1,256,256,260,494.846,0.0,1.0,0,L,1,0,d256_20261005_195354
8_george_4.wav,8,8,8,1,256,256,260,494.858,0.0,1.0,0,L,1,0,d256_20261005_195354
8_george_40.wav,8,8,8,1,256,256,260,494.859,0.0,1.0,0,L,1,0,d256_20261005_195354
8_george_41.wav,8,6,6,1,256,256,260,494.861,0.0,1.0,0,L,1,0,d256_20261005_195354
8_george_42.wav,8,8,8,1,256,256,260,494.865,0.0,1.0,0,L,1,0,d256_20261005_195354
8_george_43.wav,8,8,8,1,256,256,260,494.864,0.0,1.0,0,L,1,0,d256_20261005_195354
8_george_44.wav,8,8,8,1,256,256,260,494.862,0.0,1.0,0,L,1,0,d256_20261005_195354
8_george_45.wav,8,8,8,1,256,256,260,494.855,0.0,1.0,0,L,1,0,d256_20261005_195354
8_george_46.wav,8,8,8,1,256,256,260,494.858,0.0,1.0,0,L,1,0,d256_20261005_195354
8_george_47.wav,8,8,8,1,256,256,260,494.862,0.0,1.0,0,L,1,0,d256_20261005_195354
8_george_48.wav,8,8,8,1,256,256,260,494.859,0.0,1.0,0,L,1,0,d256_20261005_195354
8_george_49.wav,8,8,8,1,256,256,260,494.857,0.0,1.0,0,L,1,0,d256_20261005_195354
8_george_5.wav,8,8,8,1,256,256,260,494.858,0.0,1.0,0,L,1,0,d256_20261005_195354
8_george_6.wav,8,8,8,1,256,256,260,494.862,0.0,1.0,0,L,1,0,d256_20261005_195354
8_george_7.wav,8,8,8,1,256,256,260,494.866,0.0,1.0,0,L,1,0,d256_20261005_195354
8_george_8.wav,8,8,8,1,256,256,260,494.861,0.0,1.0,0,L,1,0,d256_20261005_195354
8_george_9.wav,8,8,8,1,256,256,260,494.863,0.0,1.0,0,L,1,0,d256_20261005_195354
9_george_0.wav,9,9,9,1,256,256,260,494.86,0.0,1.0,0,L,1,0,d256_20261005_195354
9_george_1.wav,9,9,9,1,256,256,260,494.858,0.0,1.0,0,L,1,0,d256_20261005_195354
9_george_10.wav,9,9,9,1,256,256,260,494.857,0.0,1.0,0,L,1,0,d256_20261005_195354
9_george_11.wav,9,9,9,1,256,256,260,494.854,0.0,1.0,0,L,1,0,d256_20261005_195354
9_george_12.wav,9,9,9,1,256,256,260,494.86,0.0,1.0,0,L,1,0,d256_20261005_195354
9_george_13.wav,9,5,5,1,256,256,260,494.855,0.0,1.0,0,L,1,0,d256_20261005_195354
9_george_14.wav,9,5,5,1,256,256,260,494.861,0.0,1.0,0,L,1,0,d256_20261005_195354
9_george_15.wav,9,9,9,1,256,256,260,494.865,0.0,1.0,0,L,1,0,d256_20261005_195354
9_george_16.wav,9,9,9,1,256,256,260,494.866,0.0,1.0,0,L,1,0,d256_20261005_195354
9_george_17.wav,9,9,9,1,256,256,260,494.858,0.0,1.0,0,L,1,0,d256_20261005_195354
9_george_18.wav,9,9,9,1,256,256,260,494.862,0.0,1.0,0,L,1,0,d256_20261005_195354
9_george_19.wav,9,9,9,1,256,256,260,494.857,0.0,1.0,0,L,1,0,d256_20261005_195354
9_george_2.wav,9,9,9,1,256,256,260,494.857,0.0,1.0,0,L,1,0,d256_20261005_195354
9_george_20.wav,9,5,5,1,256,256,260,494.859,0.0,1.0,0,L,1,0,d256_20261005_195354
9_george_21.wav,9,9,9,1,256,256,260,494.866,0.0,1.0,0,L,1,0,d256_20261005_195354
9_george_22.wav,9,6,6,1,256,256,260,494.863,0.0,1.0,0,L,1,0,d256_20261005_195354
9_george_23.wav,9,9,9,1,256,256,260,494.866,0.0,1.0,0,L,1,0,d256_20261005_195354
9_george_24.wav,9,9,9,1,256,256,260,494.864,0.0,1.0,0,L,1,0,d256_20261005_195354
9_george_25.wav,9,9,9,1,256,256,260,494.86,0.0,1.0,0,L,1,0,d256_20261005_195354
9_george_26.wav,9,5,5,1,256,256,260,494.859,0.0,1.0,0,L,1,0,d256_20261005_195354
9_george_27.wav,9,9,9,1,256,256,260,494.862,0.0,1.0,0,L,1,0,d256_20261005_195354
9_george_28.wav,9,9,9,1,256,256,260,494.86,0.0,1.0,0,L,1,0,d256_20261005_195354
9_george_29.wav,9,9,9,1,256,256,260,494.868,0.0,1.0,0,L,1,0,d256_20261005_195354
9_george_3.wav,9,1,1,1,256,256,260,494.865,0.0,1.0,0,L,1,0,d256_20261005_195354
9_george_30.wav,9,6,6,1,256,256,260,494.866,0.0,1.0,0,L,1,0,d256_20261005_195354
9_george_31.wav,9,6,6,1,256,256,260,494.864,0.0,1.0,0,L,1,0,d256_20261005_195354
9_george_32.wav,9,5,5,1,256,256,260,494.857,0.0,1.0,0,L,1,0,d256_20261005_195354
9_george_33.wav,9,6,6,1,256,256,260,494.857,0.0,1.0,0,L,1,0,d256_20261005_195354
9_george_34.wav,9,6,6,1,256,256,260,494.856,0.0,1.0,0,L,1,0,d256_20261005_195354
9_george_35.wav,9,5,5,1,256,256,260,494.858,0.0,1.0,0,L,1,0,d256_20261005_195354
9_george_36.wav,9,5,5,1,256,256,260,494.863,0.0,1.0,0,L,1,0,d256_20261005_195354
9_george_37.wav,9,9,9,1,256,256,260,494.864,0.0,1.0,0,L,1,0,d256_20261005_195354
9_george_38.wav,9,5,5,1,256,256,260,494.859,0.0,1.0,0,L,1,0,d256_20261005_195354
9_george_39.wav,9,9,9,1,256,256,260,494.863,0.0,1.0,0,L,1,0,d256_20261005_195354
9_george_4.wav,9,9,9,1,256,256,260,494.866,0.0,1.0,0,L,1,0,d256_20261005_195354
9_george_40.wav,9,9,9,1,256,256,260,494.864,0.0,1.0,0,L,1,0,d256_20261005_195354
9_george_41.wav,9,9,9,1,256,256,260,494.86,0.0,1.0,0,L,1,0,d256_20261005_195354
9_george_42.wav,9,8,8,1,256,256,260,494.86,0.0,1.0,0,L,1,0,d256_20261005_195354
9_george_43.wav,9,5,5,1,256,256,260,494.855,0.0,1.0,0,L,1,0,d256_20261005_195354
9_george_44.wav,9,9,9,1,256,256,260,494.855,0.0,1.0,0,L,1,0,d256_20261005_195354
9_george_45.wav,9,9,9,1,256,256,260,494.863,0.0,1.0,0,L,1,0,d256_20261005_195354
9_george_46.wav,9,9,9,1,256,256,260,494.858,0.0,1.0,0,L,1,0,d256_20261005_195354
9_george_47.wav,9,9,9,1,256,256,260,494.859,0.0,1.0,0,L,1,0,d256_20261005_195354
9_george_48.wav,9,9,9,1,256,256,260,494.865,0.0,1.0,0,L,1,0,d256_20261005_195354
9_george_49.wav,9,9,9,1,256,256,260,494.867,0.0,1.0,0,L,1,0,d256_20261005_195354
9_george_5.wav,9,9,9,1,256,256,260,494.863,0.0,1.0,0,L,1,0,d256_20261005_195354
9_george_6.wav,9,9,9,1,256,256,260,494.861,0.0,1.0,0,L,1,0,d256_20261005_195354
9_george_7.wav,9,5,5,1,256,256,260,494.863,0.0,1.0,0,L,1,0,d256_20261005_195354
9_george_8.wav,9,9,9,1,256,256,260,494.857,0.0,1.0,0,L,1,0,d256_20261005_195354
9_george_9.wav,9,9,9,1,256,256,260,494.856,0.0,1.0,0,L,1,0,d256_20261005_195354
0_george_0.wav,0,2,2,1,256,256,260,494.695,87.734,1.0,0,A,1,0,d256_20261005_195354
0_george_1.wav,0,0,0,1,256,256,260,494.69,87.702,1.0,0,A,1,0,d256_20261005_195354
0_george_10.wav,0,7,7,1,256,256,260,494.686,87.704,1.0,0,A,1,0,d256_20261005_195354
0_george_11.wav,0,7,7,1,256,256,260,494.691,87.696,1.0,0,A,1,0,d256_20261005_195354
0_george_12.wav,0,7,7,1,256,256,260,494.693,87.699,1.0,0,A,1,0,d256_20261005_195354
0_george_13.wav,0,0,0,1,256,256,260,494.683,87.691,1.0,0,A,1,0,d256_20261005_195354
0_george_14.wav,0,9,9,1,256,256,260,494.692,87.698,1.0,0,A,1,0,d256_20261005_195354
0_george_15.wav,0,6,6,1,256,256,260,494.683,87.702,1.0,0,A,1,0,d256_20261005_195354
0_george_16.wav,0,0,0,1,256,256,260,494.683,87.704,1.0,0,A,1,0,d256_20261005_195354
0_george_17.wav,0,0,0,1,256,256,260,494.687,87.696,1.0,0,A,1,0,d256_20261005_195354
0_george_18.wav,0,0,0,1,256,256,260,494.682,87.701,1.0,0,A,1,0,d256_20261005_195354
0_george_19.wav,0,0,0,1,256,256,260,494.682,87.694,1.0,0,A,1,0,d256_20261005_195354
0_george_2.wav,0,0,0,1,256,256,260,494.692,87.696,1.0,0,A,1,0,d256_20261005_195354
0_george_20.wav,0,0,0,1,256,256,260,494.688,87.687,1.0,0,A,1,0,d256_20261005_195354
0_george_21.wav,0,0,0,1,256,256,260,494.685,87.703,1.0,0,A,1,0,d256_20261005_195354
0_george_22.wav,0,0,0,1,256,256,260,494.69,87.697,1.0,0,A,1,0,d256_20261005_195354
0_george_23.wav,0,7,7,1,256,256,260,494.685,87.701,1.0,0,A,1,0,d256_20261005_195354
0_george_24.wav,0,0,0,1,256,256,260,494.683,87.692,1.0,0,A,1,0,d256_20261005_195354
0_george_25.wav,0,7,7,1,256,256,260,494.696,87.691,1.0,0,A,1,0,d256_20261005_195354
0_george_26.wav,0,0,0,1,256,256,260,494.683,87.703,1.0,0,A,1,0,d256_20261005_195354
0_george_27.wav,0,0,0,1,256,256,260,494.692,87.702,1.0,0,A,1,0,d256_20261005_195354
0_george_28.wav,0,0,0,1,256,256,260,494.689,87.687,1.0,0,A,1,0,d256_20261005_195354
0_george_29.wav,0,6,6,1,256,256,260,494.686,87.705,1.0,0,A,1,0,d256_20261005_195354
0_george_3.wav,0,0,0,1,256,256,260,494.688,87.688,1.0,0,A,1,0,d256_20261005_195354
0_george_30.wav,0,7,7,1,256,256,260,494.694,87.689,1.0,0,A,1,0,d256_20261005_195354
0_george_31.wav,0,1,1,1,256,256,260,494.684,87.685,1.0,0,A,1,0,d256_20261005_195354
0_george_32.wav,0,0,0,1,256,256,260,494.692,87.705,1.0,0,A,1,0,d256_20261005_195354
0_george_33.wav,0,7,7,1,256,256,260,494.686,87.693,1.0,0,A,1,0,d256_20261005_195354
0_george_34.wav,0,5,5,1,256,256,260,494.687,87.708,1.0,0,A,1,0,d256_20261005_195354
0_george_35.wav,0,7,7,1,256,256,260,494.694,87.691,1.0,0,A,1,0,d256_20261005_195354
0_george_36.wav,0,9,9,1,256,256,260,494.688,87.699,1.0,0,A,1,0,d256_20261005_195354
0_george_37.wav,0,2,2,1,256,256,260,494.69,87.688,1.0,0,A,1,0,d256_20261005_195354
0_george_38.wav,0,5,5,1,256,256,260,494.692,87.69,1.0,0,A,1,0,d256_20261005_195354
0_george_39.wav,0,5,5,1,256,256,260,494.686,87.705,1.0,0,A,1,0,d256_20261005_195354
0_george_4.wav,0,9,9,1,256,256,260,494.691,87.708,1.0,0,A,1,0,d256_20261005_195354
0_george_40.wav,0,0,0,1,256,256,260,494.683,87.698,1.0,0,A,1,0,d256_20261005_195354
0_george_41.wav,0,7,7,1,256,256,260,494.694,87.707,1.0,0,A,1,0,d256_20261005_195354
0_george_42.wav,0,0,0,1,256,256,260,494.683,87.692,1.0,0,A,1,0,d256_20261005_195354
0_george_43.wav,0,7,7,1,256,256,260,494.683,87.707,1.0,0,A,1,0,d256_20261005_195354
0_george_44.wav,0,7,7,1,256,256,260,494.69,87.704,1.0,0,A,1,0,d256_20261005_195354
0_george_45.wav,0,0,0,1,256,256,260,494.683,87.696,1.0,0,A,1,0,d256_20261005_195354
0_george_46.wav,0,7,7,1,256,256,260,494.682,87.692,1.0,0,A,1,0,d256_20261005_195354
0_george_47.wav,0,6,6,1,256,256,260,494.692,87.692,1.0,0,A,1,0,d256_20261005_195354
0_george_48.wav,0,9,9,1,256,256,260,494.685,87.692,1.0,0,A,1,0,d256_20261005_195354
0_george_49.wav,0,7,7,1,256,256,260,494.691,87.704,1.0,0,A,1,0,d256_20261005_195354
0_george_5.wav,0,0,0,1,256,256,260,494.683,87.698,1.0,0,A,1,0,d256_20261005_195354
0_george_6.wav,0,0,0,1,256,256,260,494.683,87.694,1.0,0,A,1,0,d256_20261005_195354
0_george_7.wav,0,0,0,1,256,256,260,494.69,87.688,1.0,0,A,1,0,d256_20261005_195354
0_george_8.wav,0,0,0,1,256,256,260,494.689,87.694,1.0,0,A,1,0,d256_20261005_195354
0_george_9.wav,0,0,0,1,256,256,260,494.685,87.702,1.0,0,A,1,0,d256_20261005_195354
1_george_0.wav,1,5,5,1,256,256,260,494.693,87.692,1.0,0,A,1,0,d256_20261005_195354
1_george_1.wav,1,5,5,1,256,256,260,494.68,87.691,1.0,0,A,1,0,d256_20261005_195354
1_george_10.wav,1,9,9,1,256,256,260,494.692,87.699,1.0,0,A,1,0,d256_20261005_195354
1_george_11.wav,1,1,1,1,256,256,260,494.689,87.688,1.0,0,A,1,0,d256_20261005_195354
1_george_12.wav,1,1,1,1,256,256,260,494.688,87.703,1.0,0,A,1,0,d256_20261005_195354
1_george_13.wav,1,9,9,1,256,256,260,494.686,87.697,1.0,0,A,1,0,d256_20261005_195354
1_george_14.wav,1,9,9,1,256,256,260,494.69,87.692,1.0,0,A,1,0,d256_20261005_195354
1_george_15.wav,1,1,1,1,256,256,260,494.684,87.691,1.0,0,A,1,0,d256_20261005_195354
1_george_16.wav,1,9,9,1,256,256,260,494.692,87.697,1.0,0,A,1,0,d256_20261005_195354
1_george_17.wav,1,9,9,1,256,256,260,494.687,87.692,1.0,0,A,1,0,d256_20261005_195354
1_george_18.wav,1,9,9,1,256,256,260,494.685,87.691,1.0,0,A,1,0,d256_20261005_195354
1_george_19.wav,1,9,9,1,256,256,260,494.692,87.689,1.0,0,A,1,0,d256_20261005_195354
1_george_2.wav,1,9,9,1,256,256,260,494.686,87.694,1.0,0,A,1,0,d256_20261005_195354
1_george_20.wav,1,1,1,1,256,256,260,494.687,87.685,1.0,0,A,1,0,d256_20261005_195354
1_george_21.wav,1,1,1,1,256,256,260,494.69,87.692,1.0,0,A,1,0,d256_20261005_195354
1_george_22.wav,1,1,1,1,256,256,260,494.685,87.699,1.0,0,A,1,0,d256_20261005_195354
1_george_23.wav,1,1,1,1,256,256,260,494.692,87.701,1.0,0,A,1,0,d256_20261005_195354
1_george_24.wav,1,9,9,1,256,256,260,494.689,87.685,1.0,0,A,1,0,d256_20261005_195354
1_george_25.wav,1,1,1,1,256,256,260,494.688,87.691,1.0,0,A,1,0,d256_20261005_195354
1_george_26.wav,1,9,9,1,256,256,260,494.691,87.699,1.0,0,A,1,0,d256_20261005_195354
1_george_27.wav,1,9,9,1,256,256,260,494.688,87.691,1.0,0,A,1,0,d256_20261005_195354
1_george_28.wav,1,8,8,1,256,256,260,494.683,87.699,1.0,0,A,1,0,d256_20261005_195354
1_george_29.wav,1,9,9,1,256,256,260,494.696,87.694,1.0,0,A,1,0,d256_20261005_195354
1_george_3.wav,1,9,9,1,256,256,260,494.682,87.696,1.0,0,A,1,0,d256_20261005_195354
1_george_30.wav,1,8,8,1,256,256,260,494.683,87.705,1.0,0,A,1,0,d256_20261005_195354
1_george_31.wav,1,8,8,1,256,256,260,494.687,87.685,1.0,0,A,1,0,d256_20261005_195354
1_george_32.wav,1,6,6,1,256,256,260,494.686,87.709,1.0,0,A,1,0,d256_20261005_195354
1_george_33.wav,1,5,5,1,256,256,260,494.692,87.693,1.0,0,A,1,0,d256_20261005_195354
1_george_34.wav,1,1,1,1,256,256,260,494.686,87.696,1.0,0,A,1,0,d256_20261005_195354
1_george_35.wav,1,8,8,1,256,256,260,494.683,87.699,1.0,0,A,1,0,d256_20261005_195354
1_george_36.wav,1,9,9,1,256,256,260,494.692,87.685,1.0,0,A,1,0,d256_20261005_195354
1_george_37.wav,1,7,7,1,256,256,260,494.679,87.69,1.0,0,A,1,0,d256_20261005_195354
1_george_38.wav,1,8,8,1,256,256,260,494.69,87.691,1.0,0,A,1,0,d256_20261005_195354
1_george_39.wav,1,6,6,1,256,256,260,494.686,87.689,1.0,0,A,1,0,d256_20261005_195354
1_george_4.wav,1,9,9,1,256,256,260,494.69,87.693,1.0,0,A,1,0,d256_20261005_195354
1_george_40.wav,1,1,1,1,256,256,260,494.689,87.686,1.0,0,A,1,0,d256_20261005_195354
1_george_41.wav,1,1,1,1,256,256,260,494.689,87.694,1.0,0,A,1,0,d256_20261005_195354
1_george_42.wav,1,1,1,1,256,256,260,494.692,87.695,1.0,0,A,1,0,d256_20261005_195354
1_george_43.wav,1,1,1,1,256,256,260,494.694,87.687,1.0,0,A,1,0,d256_20261005_195354
1_george_44.wav,1,1,1,1,256,256,260,494.687,87.689,1.0,0,A,1,0,d256_20261005_195354
1_george_45.wav,1,1,1,1,256,256,260,494.695,87.694,1.0,0,A,1,0,d256_20261005_195354
1_george_46.wav,1,1,1,1,256,256,260,494.687,87.692,1.0,0,A,1,0,d256_20261005_195354
1_george_47.wav,1,1,1,1,256,256,260,494.686,87.695,1.0,0,A,1,0,d256_20261005_195354
1_george_48.wav,1,1,1,1,256,256,260,494.69,87.697,1.0,0,A,1,0,d256_20261005_195354
1_george_49.wav,1,9,9,1,256,256,260,494.687,87.696,1.0,0,A,1,0,d256_20261005_195354
1_george_5.wav,1,5,5,1,256,256,260,494.68,87.696,1.0,0,A,1,0,d256_20261005_195354
1_george_6.wav,1,9,9,1,256,256,260,494.693,87.686,1.0,0,A,1,0,d256_20261005_195354
1_george_7.wav,1,9,9,1,256,256,260,494.688,87.691,1.0,0,A,1,0,d256_20261005_195354
1_george_8.wav,1,9,9,1,256,256,260,494.694,87.697,1.0,0,A,1,0,d256_20261005_195354
1_george_9.wav,1,9,9,1,256,256,260,494.683,87.697,1.0,0,A,1,0,d256_20261005_195354
2_george_0.wav,2,2,2,1,256,256,260,494.688,87.71,1.0,0,A,1,0,d256_20261005_195354
2_george_1.wav,2,2,2,1,256,256,260,494.689,87.693,1.0,0,A,1,0,d256_20261005_195354
2_george_10.wav,2,7,7,1,256,256,260,494.688,87.694,1.0,0,A,1,0,d256_20261005_195354
2_george_11.wav,2,2,2,1,256,256,260,494.685,87.687,1.0,0,A,1,0,d256_20261005_195354
2_george_12.wav,2,2,2,1,256,256,260,494.686,87.694,1.0,0,A,1,0,d256_20261005_195354
2_george_13.wav,2,4,4,1,256,256,260,494.679,87.692,1.0,0,A,1,0,d256_20261005_195354
2_george_14.wav,2,4,4,1,256,256,260,494.692,87.695,1.0,0,A,1,0,d256_20261005_195354
2_george_15.wav,2,2,2,1,256,256,260,494.683,87.715,1.0,0,A,1,0,d256_20261005_195354
2_george_16.wav,2,2,2,1,256,256,260,494.687,87.697,1.0,0,A,1,0,d256_20261005_195354
2_george_17.wav,2,2,2,1,256,256,260,494.687,87.686,1.0,0,A,1,0,d256_20261005_195354
2_george_18.wav,2,2,2,1,256,256,260,494.683,87.719,1.0,0,A,1,0,d256_20261005_195354
2_george_19.wav,2,2,2,1,256,256,260,494.687,87.71,1.0,0,A,1,0,d256_20261005_195354
2_george_2.wav,2,2,2,1,256,256,260,494.691,87.709,1.0,0,A,1,0,d256_20261005_195354
2_george_20.wav,2,6,6,1,256,256,260,494.679,87.693,1.0,0,A,1,0,d256_20261005_195354
2_george_21.wav,2,8,8,1,256,256,260,494.689,87.721,1.0,0,A,1,0,d256_20261005_195354
2_george_22.wav,2,7,7,1,256,256,260,494.682,87.719,1.0,0,A,1,0,d256_20261005_195354
2_george_23.wav,2,2,2,1,256,256,260,494.685,87.709,1.0,0,A,1,0,d256_20261005_195354
2_george_24.wav,2,2,2,1,256,256,260,494.691,87.691,1.0,0,A,1,0,d256_20261005_195354
2_george_25.wav,2,2,2,1,256,256,260,494.681,87.716,1.0,0,A,1,0,d256_20261005_195354
2_george_26.wav,2,2,2,1,256,256,260,494.682,87.688,1.0,0,A,1,0,d256_20261005_195354
2_george_27.wav,2,4,4,1,256,256,260,494.69,87.705,1.0,0,A,1,0,d256_20261005_195354
2_george_28.wav,2,7,7,1,256,256,260,494.685,87.699,1.0,0,A,1,0,d256_20261005_195354
2_george_29.wav,2,4,4,1,256,256,260,494.683,87.695,1.0,0,A,1,0,d256_20261005_195354
2_george_3.wav,2,2,2,1,256,256,260,494.686,87.7,1.0,0,A,1,0,d256_20261005_195354
2_george_30.wav,2,8,8,1,256,256,260,494.683,87.722,1.0,0,A,1,0,d256_20261005_195354
2_george_31.wav,2,7,7,1,256,256,260,494.686,87.71,1.0,0,A,1,0,d256_20261005_195354
2_george_32.wav,2,7,7,1,256,256,260,494.677,87.725,1.0,0,A,1,0,d256_20261005_195354
2_george_33.wav,2,7,7,1,256,256,260,494.681,87.715,1.0,0,A,1,0,d256_20261005_195354
2_george_34.wav,2,4,4,1,256,256,260,494.69,87.716,1.0,0,A,1,0,d256_20261005_195354
2_george_35.wav,2,2,2,1,256,256,260,494.687,87.689,1.0,0,A,1,0,d256_20261005_195354
2_george_36.wav,2,4,4,1,256,256,260,494.682,87.716,1.0,0,A,1,0,d256_20261005_195354
2_george_37.wav,2,2,2,1,256,256,260,494.687,87.713,1.0,0,A,1,0,d256_20261005_195354
2_george_38.wav,2,2,2,1,256,256,260,494.687,87.718,1.0,0,A,1,0,d256_20261005_195354
2_george_39.wav,2,7,7,1,256,256,260,494.677,87.711,0.9921875,1,A,1,0,d256_20261005_195354
2_george_4.wav,2,4,4,1,256,256,260,494.685,87.719,1.0,0,A,1,0,d256_20261005_195354
2_george_40.wav,2,2,2,1,256,256,260,494.684,87.694,1.0,0,A,1,0,d256_20261005_195354
2_george_41.wav,2,2,2,1,256,256,260,494.682,87.721,1.0,0,A,1,0,d256_20261005_195354
2_george_42.wav,2,2,2,1,256,256,260,494.676,87.716,1.0,0,A,1,0,d256_20261005_195354
2_george_43.wav,2,2,2,1,256,256,260,494.689,87.72,1.0,0,A,1,0,d256_20261005_195354
2_george_44.wav,2,2,2,1,256,256,260,494.684,87.693,1.0,0,A,1,0,d256_20261005_195354
2_george_45.wav,2,2,2,1,256,256,260,494.686,87.694,1.0,0,A,1,0,d256_20261005_195354
2_george_46.wav,2,4,4,1,256,256,260,494.69,87.707,1.0,0,A,1,0,d256_20261005_195354
2_george_47.wav,2,2,2,1,256,256,260,494.686,87.699,1.0,0,A,1,0,d256_20261005_195354
2_george_48.wav,2,2,2,1,256,256,260,494.686,87.694,1.0,0,A,1,0,d256_20261005_195354
2_george_49.wav,2,2,2,1,256,256,260,494.688,87.69,1.0,0,A,1,0,d256_20261005_195354
2_george_5.wav,2,2,2,1,256,256,260,494.679,87.713,1.0,0,A,1,0,d256_20261005_195354
2_george_6.wav,2,2,2,1,256,256,260,494.688,87.696,1.0,0,A,1,0,d256_20261005_195354
2_george_7.wav,2,4,4,1,256,256,260,494.681,87.717,1.0,0,A,1,0,d256_20261005_195354
2_george_8.wav,2,4,4,1,256,256,260,494.685,87.694,1.0,0,A,1,0,d256_20261005_195354
2_george_9.wav,2,4,4,1,256,256,260,494.69,87.687,1.0,0,A,1,0,d256_20261005_195354
3_george_0.wav,3,0,0,1,256,256,260,494.686,87.699,1.0,0,A,1,0,d256_20261005_195354
3_george_1.wav,3,7,7,1,256,256,260,494.688,87.704,1.0,0,A,1,0,d256_20261005_195354
3_george_10.wav,3,7,7,1,256,256,260,494.688,87.706,1.0,0,A,1,0,d256_20261005_195354
3_george_11.wav,3,8,8,1,256,256,260,494.683,87.711,1.0,0,A,1,0,d256_20261005_195354
3_george_12.wav,3,8,8,1,256,256,260,494.689,87.694,1.0,0,A,1,0,d256_20261005_195354
3_george_13.wav,3,3,3,1,256,256,260,494.687,87.714,1.0,0,A,1,0,d256_20261005_195354
3_george_14.wav,3,8,8,1,256,256,260,494.693,87.716,1.0,0,A,1,0,d256_20261005_195354
3_george_15.wav,3,8,8,1,256,256,260,494.683,87.695,1.0,0,A,1,0,d256_20261005_195354
3_george_16.wav,3,7,7,1,256,256,260,494.687,87.708,1.0,0,A,1,0,d256_20261005_195354
3_george_17.wav,3,8,8,1,256,256,260,494.682,87.693,1.0,0,A,1,0,d256_20261005_195354
3_george_18.wav,3,8,8,1,256,256,260,494.686,87.716,1.0,0,A,1,0,d256_20261005_195354
3_george_19.wav,3,8,8,1,256,256,260,494.692,87.709,1.0,0,A,1,0,d256_20261005_195354
3_george_2.wav,3,3,3,1,256,256,260,494.684,87.713,1.0,0,A,1,0,d256_20261005_195354
3_george_20.wav,3,2,2,1,256,256,260,494.677,87.687,1.0,0,A,1,0,d256_20261005_195354
3_george_21.wav,3,8,8,1,256,256,260,494.694,87.691,1.0,0,A,1,0,d256_20261005_195354
3_george_22.wav,3,8,8,1,256,256,260,494.688,87.699,1.0,0,A,1,0,d256_20261005_195354
3_george_23.wav,3,3,3,1,256,256,260,494.692,87.702,1.0,0,A,1,0,d256_20261005_195354
3_george_24.wav,3,8,8,1,256,256,260,494.687,87.691,1.0,0,A,1,0,d256_20261005_195354
3_george_25.wav,3,8,8,1,256,256,260,494.687,87.715,1.0,0,A,1,0,d256_20261005_195354
3_george_26.wav,3,9,9,1,256,256,260,494.691,87.705,1.0,0,A,1,0,d256_20261005_195354
3_george_27.wav,3,8,8,1,256,256,260,494.691,87.707,1.0,0,A,1,0,d256_20261005_195354
3_george_28.wav,3,8,8,1,256,256,260,494.681,87.693,1.0,0,A,1,0,d256_20261005_195354
3_george_29.wav,3,8,8,1,256,256,260,494.687,87.709,1.0,0,A,1,0,d256_20261005_195354
3_george_3.wav,3,3,3,1,256,256,260,494.688,87.702,1.0,0,A,1,0,d256_20261005_195354
3_george_30.wav,3,8,8,1,256,256,260,494.683,87.709,1.0,0,A,1,0,d256_20261005_195354
3_george_31.wav,3,8,8,1,256,256,260,494.68,87.71,1.0,0,A,1,0,d256_20261005_195354
3_george_32.wav,3,8,8,1,256,256,260,494.692,87.696,1.0,0,A,1,0,d256_20261005_195354
3_george_33.wav,3,3,3,1,256,256,260,494.691,87.683,1.0,0,A,1,0,d256_20261005_195354
3_george_34.wav,3,8,8,1,256,256,260,494.689,87.708,1.0,0,A,1,0,d256_20261005_195354
3_george_35.wav,3,8,8,1,256,256,260,494.689,87.716,1.0,0,A,1,0,d256_20261005_195354
3_george_36.wav,3,8,8,1,256,256,260,494.691,87.714,1.0,0,A,1,0,d256_20261005_195354
3_george_37.wav,3,8,8,1,256,256,260,494.685,87.694,1.0,0,A,1,0,d256_20261005_195354
3_george_38.wav,3,8,8,1,256,256,260,494.684,87.718,1.0,0,A,1,0,d256_20261005_195354
3_george_39.wav,3,6,6,1,256,256,260,494.687,87.691,1.0,0,A,1,0,d256_20261005_195354
3_george_4.wav,3,3,3,1,256,256,260,494.693,87.693,1.0,0,A,1,0,d256_20261005_195354
3_george_40.wav,3,3,3,1,256,256,260,494.684,87.714,1.0,0,A,1,0,d256_20261005_195354
3_george_41.wav,3,7,7,1,256,256,260,494.696,87.696,1.0,0,A,1,0,d256_20261005_195354
3_george_42.wav,3,8,8,1,256,256,260,494.685,87.688,1.0,0,A,1,0,d256_20261005_195354
3_george_43.wav,3,1,1,1,256,256,260,494.688,87.705,1.0,0,A,1,0,d256_20261005_195354
3_george_44.wav,3,8,8,1,256,256,260,494.683,87.691,1.0,0,A,1,0,d256_20261005_195354
3_george_45.wav,3,8,8,1,256,256,260,494.686,87.714,1.0,0,A,1,0,d256_20261005_195354
3_george_46.wav,3,8,8,1,256,256,260,494.69,87.694,1.0,0,A,1,0,d256_20261005_195354
3_george_47.wav,3,8,8,1,256,256,260,494.687,87.696,1.0,0,A,1,0,d256_20261005_195354
3_george_48.wav,3,1,1,1,256,256,260,494.69,87.702,1.0,0,A,1,0,d256_20261005_195354
3_george_49.wav,3,8,8,1,256,256,260,494.685,87.697,1.0,0,A,1,0,d256_20261005_195354
3_george_5.wav,3,8,8,1,256,256,260,494.682,87.707,1.0,0,A,1,0,d256_20261005_195354
3_george_6.wav,3,8,8,1,256,256,260,494.688,87.706,1.0,0,A,1,0,d256_20261005_195354
3_george_7.wav,3,9,9,1,256,256,260,494.683,87.695,1.0,0,A,1,0,d256_20261005_195354
3_george_8.wav,3,1,1,1,256,256,260,494.689,87.7,1.0,0,A,1,0,d256_20261005_195354
3_george_9.wav,3,8,8,1,256,256,260,494.686,87.692,1.0,0,A,1,0,d256_20261005_195354
4_george_0.wav,4,4,4,1,256,256,260,494.688,87.694,1.0,0,A,1,0,d256_20261005_195354
4_george_1.wav,4,4,4,1,256,256,260,494.684,87.691,1.0,0,A,1,0,d256_20261005_195354
4_george_10.wav,4,5,5,1,256,256,260,494.688,87.7,1.0,0,A,1,0,d256_20261005_195354
4_george_11.wav,4,9,9,1,256,256,260,494.679,87.694,1.0,0,A,1,0,d256_20261005_195354
4_george_12.wav,4,5,5,1,256,256,260,494.688,87.695,1.0,0,A,1,0,d256_20261005_195354
4_george_13.wav,4,4,4,1,256,256,260,494.679,87.69,1.0,0,A,1,0,d256_20261005_195354
4_george_14.wav,4,9,9,1,256,256,260,494.691,87.696,1.0,0,A,1,0,d256_20261005_195354
4_george_15.wav,4,4,4,1,256,256,260,494.688,87.691,1.0,0,A,1,0,d256_20261005_195354
4_george_16.wav,4,9,9,1,256,256,260,494.686,87.695,1.0,0,A,1,0,d256_20261005_195354
4_george_17.wav,4,5,5,1,256,256,260,494.684,87.691,1.0,0,A,1,0,d256_20261005_195354
4_george_18.wav,4,7,7,1,256,256,260,494.687,87.695,1.0,0,A,1,0,d256_20261005_195354
4_george_19.wav,4,3,3,1,256,256,260,494.691,87.685,1.0,0,A,1,0,d256_20261005_195354
4_george_2.wav,4,5,5,1,256,256,260,494.687,87.695,1.0,0,A,1,0,d256_20261005_195354
4_george_20.wav,4,4,4,1,256,256,260,494.685,87.703,1.0,0,A,1,0,d256_20261005_195354
4_george_21.wav,4,5,5,1,256,256,260,494.686,87.703,1.0,0,A,1,0,d256_20261005_195354
4_george_22.wav,4,4,4,1,256,256,260,494.689,87.689,1.0,0,A,1,0,d256_20261005_195354
4_george_23.wav,4,5,5,1,256,256,260,494.69,87.698,1.0,0,A,1,0,d256_20261005_195354
4_george_24.wav,4,9,9,1,256,256,260,494.689,87.7,1.0,0,A,1,0,d256_20261005_195354
4_george_25.wav,4,7,7,1,256,256,260,494.685,87.694,1.0,0,A,1,0,d256_20261005_195354
4_george_26.wav,4,7,7,1,256,256,260,494.683,87.695,1.0,0,A,1,0,d256_20261005_195354
4_george_27.wav,4,4,4,1,256,256,260,494.688,87.69,1.0,0,A,1,0,d256_20261005_195354
4_george_28.wav,4,9,9,1,256,256,260,494.685,87.689,1.0,0,A,1,0,d256_20261005_195354
4_george_29.wav,4,4,4,1,256,256,260,494.694,87.693,1.0,0,A,1,0,d256_20261005_195354
4_george_3.wav,4,4,4,1,256,256,260,494.683,87.691,1.0,0,A,1,0,d256_20261005_195354
4_george_30.wav,4,4,4,1,256,256,260,494.691,87.696,1.0,0,A,1,0,d256_20261005_195354
4_george_31.wav,4,5,5,1,256,256,260,494.684,87.692,1.0,0,A,1,0,d256_20261005_195354
4_george_32.wav,4,4,4,1,256,256,260,494.691,87.693,1.0,0,A,1,0,d256_20261005_195354
4_george_33.wav,4,7,7,1,256,256,260,494.683,87.696,1.0,0,A,1,0,d256_20261005_195354
4_george_34.wav,4,4,4,1,256,256,260,494.684,87.692,1.0,0,A,1,0,d256_20261005_195354
4_george_35.wav,4,4,4,1,256,256,260,494.689,87.697,1.0,0,A,1,0,d256_20261005_195354
4_george_36.wav,4,4,4,1,256,256,260,494.679,87.696,1.0,0,A,1,0,d256_20261005_195354
4_george_37.wav,4,1,1,1,256,256,260,494.69,87.687,1.0,0,A,1,0,d256_20261005_195354
4_george_38.wav,4,5,5,1,256,256,260,494.683,87.717,1.0,0,A,1,0,d256_20261005_195354
4_george_39.wav,4,5,5,1,256,256,260,494.688,87.694,1.0,0,A,1,0,d256_20261005_195354
4_george_4.wav,4,4,4,1,256,256,260,494.687,87.693,1.0,0,A,1,0,d256_20261005_195354
4_george_40.wav,4,7,7,1,256,256,260,494.688,87.686,1.0,0,A,1,0,d256_20261005_195354
4_george_41.wav,4,4,4,1,256,256,260,494.688,87.701,1.0,0,A,1,0,d256_20261005_195354
4_george_42.wav,4,4,4,1,256,256,260,494.686,87.69,1.0,0,A,1,0,d256_20261005_195354
4_george_43.wav,4,4,4,1,256,256,260,494.684,87.698,1.0,0,A,1,0,d256_20261005_195354
4_george_44.wav,4,4,4,1,256,256,260,494.689,87.698,1.0,0,A,1,0,d256_20261005_195354
4_george_45.wav,4,4,4,1,256,256,260,494.693,87.685,1.0,0,A,1,0,d256_20261005_195354
4_george_46.wav,4,4,4,1,256,256,260,494.684,87.689,1.0,0,A,1,0,d256_20261005_195354
4_george_47.wav,4,5,5,1,256,256,260,494.691,87.702,1.0,0,A,1,0,d256_20261005_195354
4_george_48.wav,4,3,3,1,256,256,260,494.685,87.693,1.0,0,A,1,0,d256_20261005_195354
4_george_49.wav,4,2,2,1,256,256,260,494.687,87.693,1.0,0,A,1,0,d256_20261005_195354
4_george_5.wav,4,5,5,1,256,256,260,494.688,87.687,1.0,0,A,1,0,d256_20261005_195354
4_george_6.wav,4,4,4,1,256,256,260,494.681,87.698,1.0,0,A,1,0,d256_20261005_195354
4_george_7.wav,4,4,4,1,256,256,260,494.689,87.689,1.0,0,A,1,0,d256_20261005_195354
4_george_8.wav,4,4,4,1,256,256,260,494.684,87.699,1.0,0,A,1,0,d256_20261005_195354
4_george_9.wav,4,5,5,1,256,256,260,494.687,87.7,1.0,0,A,1,0,d256_20261005_195354
5_george_0.wav,5,9,9,1,256,256,260,494.685,87.699,1.0,0,A,1,0,d256_20261005_195354
5_george_1.wav,5,9,9,1,256,256,260,494.683,87.691,1.0,0,A,1,0,d256_20261005_195354
5_george_10.wav,5,5,5,1,256,256,260,494.691,87.687,1.0,0,A,1,0,d256_20261005_195354
5_george_11.wav,5,5,5,1,256,256,260,494.686,87.694,1.0,0,A,1,0,d256_20261005_195354
5_george_12.wav,5,5,5,1,256,256,260,494.686,87.703,1.0,0,A,1,0,d256_20261005_195354
5_george_13.wav,5,5,5,1,256,256,260,494.688,87.682,1.0,0,A,1,0,d256_20261005_195354
5_george_14.wav,5,5,5,1,256,256,260,494.688,87.702,1.0,0,A,1,0,d256_20261005_195354
5_george_15.wav,5,5,5,1,256,256,260,494.687,87.692,1.0,0,A,1,0,d256_20261005_195354
5_george_16.wav,5,5,5,1,256,256,260,494.692,87.688,1.0,0,A,1,0,d256_20261005_195354
5_george_17.wav,5,5,5,1,256,256,260,494.687,87.688,1.0,0,A,1,0,d256_20261005_195354
5_george_18.wav,5,5,5,1,256,256,260,494.691,87.694,1.0,0,A,1,0,d256_20261005_195354
5_george_19.wav,5,5,5,1,256,256,260,494.684,87.692,1.0,0,A,1,0,d256_20261005_195354
5_george_2.wav,5,5,5,1,256,256,260,494.686,87.699,1.0,0,A,1,0,d256_20261005_195354
5_george_20.wav,5,8,8,1,256,256,260,494.69,87.684,1.0,0,A,1,0,d256_20261005_195354
5_george_21.wav,5,9,9,1,256,256,260,494.684,87.694,1.0,0,A,1,0,d256_20261005_195354
5_george_22.wav,5,9,9,1,256,256,260,494.693,87.693,1.0,0,A,1,0,d256_20261005_195354
5_george_23.wav,5,5,5,1,256,256,260,494.687,87.693,1.0,0,A,1,0,d256_20261005_195354
5_george_24.wav,5,5,5,1,256,256,260,494.692,87.697,1.0,0,A,1,0,d256_20261005_195354
5_george_25.wav,5,7,7,1,256,256,260,494.689,87.694,1.0,0,A,1,0,d256_20261005_195354
5_george_26.wav,5,5,5,1,256,256,260,494.686,87.689,1.0,0,A,1,0,d256_20261005_195354
5_george_27.wav,5,5,5,1,256,256,260,494.696,87.685,1.0,0,A,1,0,d256_20261005_195354
5_george_28.wav,5,5,5,1,256,256,260,494.687,87.695,1.0,0,A,1,0,d256_20261005_195354
5_george_29.wav,5,5,5,1,256,256,260,494.693,87.697,1.0,0,A,1,0,d256_20261005_195354
5_george_3.wav,5,5,5,1,256,256,260,494.681,87.689,1.0,0,A,1,0,d256_20261005_195354
5_george_30.wav,5,3,3,1,256,256,260,494.696,87.702,1.0,0,A,1,0,d256_20261005_195354
5_george_31.wav,5,5,5,1,256,256,260,494.682,87.69,1.0,0,A,1,0,d256_20261005_195354
5_george_32.wav,5,5,5,1,256,256,260,494.691,87.699,1.0,0,A,1,0,d256_20261005_195354
5_george_33.wav,5,6,6,1,256,256,260,494.685,87.691,1.0,0,A,1,0,d256_20261005_195354
5_george_34.wav,5,3,3,1,256,256,260,494.689,87.694,1.0,0,A,1,0,d256_20261005_195354
5_george_35.wav,5,5,5,1,256,256,260,494.685,87.69,1.0,0,A,1,0,d256_20261005_195354
5_george_36.wav,5,7,7,1,256,256,260,494.684,87.693,1.0,0,A,1,0,d256_20261005_195354
5_george_37.wav,5,5,5,1,256,256,260,494.691,87.687,1.0,0,A,1,0,d256_20261005_195354
5_george_38.wav,5,5,5,1,256,256,260,494.689,87.695,1.0,0,A,1,0,d256_20261005_195354
5_george_39.wav,5,3,3,1,256,256,260,494.695,87.7,1.0,0,A,1,0,d256_20261005_195354
5_george_4.wav,5,5,5,1,256,256,260,494.692,87.69,1.0,0,A,1,0,d256_20261005_195354
5_george_40.wav,5,5,5,1,256,256,260,494.687,87.684,1.0,0,A,1,0,d256_20261005_195354
5_george_41.wav,5,5,5,1,256,256,260,494.693,87.696,1.0,0,A,1,0,d256_20261005_195354
5_george_42.wav,5,5,5,1,256,256,260,494.685,87.693,1.0,0,A,1,0,d256_20261005_195354
5_george_43.wav,5,1,1,1,256,256,260,494.696,87.696,1.0,0,A,1,0,d256_20261005_195354
5_george_44.wav,5,5,5,1,256,256,260,494.687,87.694,1.0,0,A,1,0,d256_20261005_195354
5_george_45.wav,5,5,5,1,256,256,260,494.693,87.702,1.0,0,A,1,0,d256_20261005_195354
5_george_46.wav,5,5,5,1,256,256,260,494.69,87.684,1.0,0,A,1,0,d256_20261005_195354
5_george_47.wav,5,9,9,1,256,256,260,494.687,87.695,1.0,0,A,1,0,d256_20261005_195354
5_george_48.wav,5,1,1,1,256,256,260,494.694,87.69,1.0,0,A,1,0,d256_20261005_195354
5_george_49.wav,5,9,9,1,256,256,260,494.695,87.69,1.0,0,A,1,0,d256_20261005_195354
5_george_5.wav,5,5,5,1,256,256,260,494.686,87.687,1.0,0,A,1,0,d256_20261005_195354
5_george_6.wav,5,9,9,1,256,256,260,494.694,87.69,1.0,0,A,1,0,d256_20261005_195354
5_george_7.wav,5,5,5,1,256,256,260,494.688,87.689,1.0,0,A,1,0,d256_20261005_195354
5_george_8.wav,5,5,5,1,256,256,260,494.691,87.702,1.0,0,A,1,0,d256_20261005_195354
5_george_9.wav,5,5,5,1,256,256,260,494.687,87.689,1.0,0,A,1,0,d256_20261005_195354
6_george_0.wav,6,6,6,1,256,256,260,494.69,87.707,1.0,0,A,1,0,d256_20261005_195354
6_george_1.wav,6,6,6,1,256,256,260,494.691,87.695,1.0,0,A,1,0,d256_20261005_195354
6_george_10.wav,6,6,6,1,256,256,260,494.688,87.707,1.0,0,A,1,0,d256_20261005_195354
6_george_11.wav,6,8,8,1,256,256,260,494.688,87.69,1.0,0,A,1,0,d256_20261005_195354
6_george_12.wav,6,8,8,1,256,256,260,494.678,87.711,1.0,0,A,1,0,d256_20261005_195354
6_george_13.wav,6,7,7,1,256,256,260,494.684,87.708,1.0,0,A,1,0,d256_20261005_195354
6_george_14.wav,6,6,6,1,256,256,260,494.692,87.701,1.0,0,A,1,0,d256_20261005_195354
6_george_15.wav,6,6,6,1,256,256,260,494.685,87.692,1.0,0,A,1,0,d256_20261005_195354
6_george_16.wav,6,8,8,1,256,256,260,494.692,87.696,1.0,0,A,1,0,d256_20261005_195354
6_george_17.wav,6,8,8,1,256,256,260,494.684,87.691,1.0,0,A,1,0,d256_20261005_195354
6_george_18.wav,6,8,8,1,256,256,260,494.684,87.696,1.0,0,A,1,0,d256_20261005_195354
6_george_19.wav,6,8,8,1,256,256,260,494.687,87.698,1.0,0,A,1,0,d256_20261005_195354
6_george_2.wav,6,6,6,1,256,256,260,494.686,87.705,1.0,0,A,1,0,d256_20261005_195354
6_george_20.wav,6,6,6,1,256,256,260,494.692,87.69,1.0,0,A,1,0,d256_20261005_195354
6_george_21.wav,6,6,6,1,256,256,260,494.691,87.707,1.0,0,A,1,0,d256_20261005_195354
6_george_22.wav,6,6,6,1,256,256,260,494.692,87.692,1.0,0,A,1,0,d256_20261005_195354
6_george_23.wav,6,6,6,1,256,256,260,494.693,87.696,1.0,0,A,1,0,d256_20261005_195354
6_george_24.wav,6,8,8,1,256,256,260,494.689,87.703,1.0,0,A,1,0,d256_20261005_195354
6_george_25.wav,6,6,6,1,256,256,260,494.697,87.698,1.0,0,A,1,0,d256_20261005_195354
6_george_26.wav,6,8,8,1,256,256,260,494.693,87.685,1.0,0,A,1,0,d256_20261005_195354
6_george_27.wav,6,6,6,1,256,256,260,494.688,87.694,1.0,0,A,1,0,d256_20261005_195354
6_george_28.wav,6,6,6,1,256,256,260,494.69,87.689,1.0,0,A,1,0,d256_20261005_195354
6_george_29.wav,6,6,6,1,256,256,260,494.686,87.706,1.0,0,A,1,0,d256_20261005_195354
6_george_3.wav,6,6,6,1,256,256,260,494.692,87.708,1.0,0,A,1,0,d256_20261005_195354
6_george_30.wav,6,6,6,1,256,256,260,494.694,87.703,1.0,0,A,1,0,d256_20261005_195354
6_george_31.wav,6,6,6,1,256,256,260,494.69,87.69,1.0,0,A,1,0,d256_20261005_195354
6_george_32.wav,6,8,8,1,256,256,260,494.694,87.706,1.0,0,A,1,0,d256_20261005_195354
6_george_33.wav,6,6,6,1,256,256,260,494.693,87.7,1.0,0,A,1,0,d256_20261005_195354
6_george_34.wav,6,6,6,1,256,256,260,494.687,87.691,1.0,0,A,1,0,d256_20261005_195354
6_george_35.wav,6,6,6,1,256,256,260,494.69,87.703,1.0,0,A,1,0,d256_20261005_195354
6_george_36.wav,6,6,6,1,256,256,260,494.692,87.697,1.0,0,A,1,0,d256_20261005_195354
6_george_37.wav,6,8,8,1,256,256,260,494.686,87.707,1.0,0,A,1,0,d256_20261005_195354
6_george_38.wav,6,6,6,1,256,256,260,494.693,87.706,1.0,0,A,1,0,d256_20261005_195354
6_george_39.wav,6,6,6,1,256,256,260,494.686,87.705,1.0,0,A,1,0,d256_20261005_195354
6_george_4.wav,6,6,6,1,256,256,260,494.686,87.7,1.0,0,A,1,0,d256_20261005_195354
6_george_40.wav,6,6,6,1,256,256,260,494.692,87.689,1.0,0,A,1,0,d256_20261005_195354
6_george_41.wav,6,6,6,1,256,256,260,494.691,87.698,1.0,0,A,1,0,d256_20261005_195354
6_george_42.wav,6,6,6,1,256,256,260,494.693,87.695,1.0,0,A,1,0,d256_20261005_195354
6_george_43.wav,6,6,6,1,256,256,260,494.686,87.694,1.0,0,A,1,0,d256_20261005_195354
6_george_44.wav,6,6,6,1,256,256,260,494.683,87.693,1.0,0,A,1,0,d256_20261005_195354
6_george_45.wav,6,6,6,1,256,256,260,494.694,87.7,1.0,0,A,1,0,d256_20261005_195354
6_george_46.wav,6,6,6,1,256,256,260,494.686,87.709,1.0,0,A,1,0,d256_20261005_195354
6_george_47.wav,6,6,6,1,256,256,260,494.688,87.694,1.0,0,A,1,0,d256_20261005_195354
6_george_48.wav,6,8,8,1,256,256,260,494.691,87.683,1.0,0,A,1,0,d256_20261005_195354
6_george_49.wav,6,6,6,1,256,256,260,494.688,87.695,1.0,0,A,1,0,d256_20261005_195354
6_george_5.wav,6,7,7,1,256,256,260,494.69,87.694,1.0,0,A,1,0,d256_20261005_195354
6_george_6.wav,6,6,6,1,256,256,260,494.688,87.7,1.0,0,A,1,0,d256_20261005_195354
6_george_7.wav,6,6,6,1,256,256,260,494.684,87.698,1.0,0,A,1,0,d256_20261005_195354
6_george_8.wav,6,6,6,1,256,256,260,494.696,87.7,1.0,0,A,1,0,d256_20261005_195354
6_george_9.wav,6,6,6,1,256,256,260,494.687,87.697,1.0,0,A,1,0,d256_20261005_195354
7_george_0.wav,7,6,6,1,256,256,260,494.685,87.702,1.0,0,A,1,0,d256_20261005_195354
7_george_1.wav,7,6,6,1,256,256,260,494.69,87.692,0.99609375,1,A,1,0,d256_20261005_195354
7_george_10.wav,7,6,6,1,256,256,260,494.692,87.697,1.0,0,A,1,0,d256_20261005_195354
7_george_11.wav,7,6,6,1,256,256,260,494.687,87.694,1.0,0,A,1,0,d256_20261005_195354
7_george_12.wav,7,7,7,1,256,256,260,494.696,87.692,1.0,0,A,1,0,d256_20261005_195354
7_george_13.wav,7,6,6,1,256,256,260,494.687,87.691,1.0,0,A,1,0,d256_20261005_195354
7_george_14.wav,7,9,9,1,256,256,260,494.691,87.703,1.0,0,A,1,0,d256_20261005_195354
7_george_15.wav,7,7,7,1,256,256,260,494.69,87.689,1.0,0,A,1,0,d256_20261005_195354
7_george_16.wav,7,6,6,1,256,256,260,494.686,87.695,1.0,0,A,1,0,d256_20261005_195354
7_george_17.wav,7,6,6,1,256,256,260,494.686,87.692,1.0,0,A,1,0,d256_20261005_195354
7_george_18.wav,7,6,6,1,256,256,260,494.687,87.707,1.0,0,A,1,0,d256_20261005_195354
7_george_19.wav,7,9,9,1,256,256,260,494.687,87.691,1.0,0,A,1,0,d256_20261005_195354
7_george_2.wav,7,6,6,1,256,256,260,494.69,87.699,1.0,0,A,1,0,d256_20261005_195354
7_george_20.wav,7,6,6,1,256,256,260,494.689,87.691,1.0,0,A,1,0,d256_20261005_195354
7_george_21.wav,7,8,8,1,256,256,260,494.694,87.701,1.0,0,A,1,0,d256_20261005_195354
7_george_22.wav,7,7,7,1,256,256,260,494.686,87.701,1.0,0,A,1,0,d256_20261005_195354
7_george_23.wav,7,6,6,1,256,256,260,494.694,87.703,1.0,0,A,1,0,d256_20261005_195354
7_george_24.wav,7,6,6,1,256,256,260,494.689,87.69,1.0,0,A,1,0,d256_20261005_195354
7_george_25.wav,7,6,6,1,256,256,260,494.687,87.696,1.0,0,A,1,0,d256_20261005_195354
7_george_26.wav,7,6,6,1,256,256,260,494.693,87.688,1.0,0,A,1,0,d256_20261005_195354
7_george_27.wav,7,6,6,1,256,256,260,494.69,87.704,1.0,0,A,1,0,d256_20261005_195354
7_george_28.wav,7,6,6,1,256,256,260,494.69,87.69,1.0,0,A,1,0,d256_20261005_195354
7_george_29.wav,7,8,8,1,256,256,260,494.691,87.702,1.0,0,A,1,0,d256_20261005_195354
7_george_3.wav,7,9,9,1,256,256,260,494.683,87.694,1.0,0,A,1,0,d256_20261005_195354
7_george_30.wav,7,7,7,1,256,256,260,494.694,87.691,1.0,0,A,1,0,d256_20261005_195354
7_george_31.wav,7,1,1,1,256,256,260,494.685,87.716,1.0,0,A,1,0,d256_20261005_195354
7_george_32.wav,7,3,3,1,256,256,260,494.692,87.694,1.0,0,A,1,0,d256_20261005_195354
7_george_33.wav,7,8,8,1,256,256,260,494.691,87.695,1.0,0,A,1,0,d256_20261005_195354
7_george_34.wav,7,8,8,1,256,256,260,494.688,87.702,1.0,0,A,1,0,d256_20261005_195354
7_george_35.wav,7,8,8,1,256,256,260,494.691,87.701,1.0,0,A,1,0,d256_20261005_195354
7_george_36.wav,7,8,8,1,256,256,260,494.691,87.7,1.0,0,A,1,0,d256_20261005_195354
7_george_37.wav,7,6,6,1,256,256,260,494.689,87.69,1.0,0,A,1,0,d256_20261005_195354
7_george_38.wav,7,7,7,1,256,256,260,494.695,87.696,1.0,0,A,1,0,d256_20261005_195354
7_george_39.wav,7,7,7,1,256,256,260,494.688,87.686,1.0,0,A,1,0,d256_20261005_195354
7_george_4.wav,7,6,6,1,256,256,260,494.691,87.705,1.0,0,A,1,0,d256_20261005_195354
7_george_40.wav,7,7,7,1,256,256,260,494.692,87.688,1.0,0,A,1,0,d256_20261005_195354
7_george_41.wav,7,6,6,1,256,256,260,494.696,87.689,1.0,0,A,1,0,d256_20261005_195354
7_george_42.wav,7,6,6,1,256,256,260,494.689,87.701,1.0,0,A,1,0,d256_20261005_195354
7_george_43.wav,7,7,7,1,256,256,260,494.696,87.697,1.0,0,A,1,0,d256_20261005_195354
7_george_44.wav,7,6,6,1,256,256,260,494.695,87.687,1.0,0,A,1,0,d256_20261005_195354
7_george_45.wav,7,7,7,1,256,256,260,494.689,87.706,1.0,0,A,1,0,d256_20261005_195354
7_george_46.wav,7,6,6,1,256,256,260,494.69,87.704,1.0,0,A,1,0,d256_20261005_195354
7_george_47.wav,7,7,7,1,256,256,260,494.692,87.686,1.0,0,A,1,0,d256_20261005_195354
7_george_48.wav,7,7,7,1,256,256,260,494.684,87.698,1.0,0,A,1,0,d256_20261005_195354
7_george_49.wav,7,7,7,1,256,256,260,494.695,87.708,1.0,0,A,1,0,d256_20261005_195354
7_george_5.wav,7,9,9,1,256,256,260,494.684,87.697,1.0,0,A,1,0,d256_20261005_195354
7_george_6.wav,7,6,6,1,256,256,260,494.693,87.701,1.0,0,A,1,0,d256_20261005_195354
7_george_7.wav,7,9,9,1,256,256,260,494.685,87.703,1.0,0,A,1,0,d256_20261005_195354
7_george_8.wav,7,7,7,1,256,256,260,494.687,87.695,1.0,0,A,1,0,d256_20261005_195354
7_george_9.wav,7,6,6,1,256,256,260,494.689,87.697,1.0,0,A,1,0,d256_20261005_195354
8_george_0.wav,8,8,8,1,256,256,260,494.684,87.698,1.0,0,A,1,0,d256_20261005_195354
8_george_1.wav,8,8,8,1,256,256,260,494.691,87.695,1.0,0,A,1,0,d256_20261005_195354
8_george_10.wav,8,8,8,1,256,256,260,494.687,87.711,1.0,0,A,1,0,d256_20261005_195354
8_george_11.wav,8,8,8,1,256,256,260,494.685,87.703,1.0,0,A,1,0,d256_20261005_195354
8_george_12.wav,8,8,8,1,256,256,260,494.695,87.717,1.0,0,A,1,0,d256_20261005_195354
8_george_13.wav,8,8,8,1,256,256,260,494.683,87.709,1.0,0,A,1,0,d256_20261005_195354
8_george_14.wav,8,8,8,1,256,256,260,494.687,87.694,1.0,0,A,1,0,d256_20261005_195354
8_george_15.wav,8,8,8,1,256,256,260,494.69,87.685,1.0,0,A,1,0,d256_20261005_195354
8_george_16.wav,8,8,8,1,256,256,260,494.684,87.714,1.0,0,A,1,0,d256_20261005_195354
8_george_17.wav,8,8,8,1,256,256,260,494.683,87.704,1.0,0,A,1,0,d256_20261005_195354
8_george_18.wav,8,8,8,1,256,256,260,494.687,87.709,1.0,0,A,1,0,d256_20261005_195354
8_george_19.wav,8,8,8,1,256,256,260,494.683,87.69,1.0,0,A,1,0,d256_20261005_195354
8_george_2.wav,8,8,8,1,256,256,260,494.689,87.695,1.0,0,A,1,0,d256_20261005_195354
8_george_20.wav,8,8,8,1,256,256,260,494.684,87.696,1.0,0,A,1,0,d256_20261005_195354
8_george_21.wav,8,8,8,1,256,256,260,494.685,87.696,1.0,0,A,1,0,d256_20261005_195354
8_george_22.wav,8,8,8,1,256,256,260,494.691,87.685,1.0,0,A,1,0,d256_20261005_195354
8_george_23.wav,8,8,8,1,256,256,260,494.684,87.711,1.0,0,A,1,0,d256_20261005_195354
8_george_24.wav,8,8,8,1,256,256,260,494.687,87.693,1.0,0,A,1,0,d256_20261005_195354
8_george_25.wav,8,8,8,1,256,256,260,494.691,87.7,1.0,0,A,1,0,d256_20261005_195354
8_george_26.wav,8,8,8,1,256,256,260,494.687,87.692,1.0,0,A,1,0,d256_20261005_195354
8_george_27.wav,8,8,8,1,256,256,260,494.692,87.696,1.0,0,A,1,0,d256_20261005_195354
8_george_28.wav,8,3,3,1,256,256,260,494.684,87.691,1.0,0,A,1,0,d256_20261005_195354
8_george_29.wav,8,6,6,1,256,256,260,494.688,87.694,1.0,0,A,1,0,d256_20261005_195354
8_george_3.wav,8,8,8,1,256,256,260,494.686,87.713,1.0,0,A,1,0,d256_20261005_195354
8_george_30.wav,8,8,8,1,256,256,260,494.694,87.704,1.0,0,A,1,0,d256_20261005_195354
8_george_31.wav,8,6,6,1,256,256,260,494.684,87.691,1.0,0,A,1,0,d256_20261005_195354
8_george_32.wav,8,8,8,1,256,256,260,494.693,87.694,1.0,0,A,1,0,d256_20261005_195354
8_george_33.wav,8,8,8,1,256,256,260,494.688,87.687,1.0,0,A,1,0,d256_20261005_195354
8_george_34.wav,8,8,8,1,256,256,260,494.686,87.714,1.0,0,A,1,0,d256_20261005_195354
8_george_35.wav,8,8,8,1,256,256,260,494.69,87.692,1.0,0,A,1,0,d256_20261005_195354
8_george_36.wav,8,8,8,1,256,256,260,494.685,87.699,1.0,0,A,1,0,d256_20261005_195354
8_george_37.wav,8,8,8,1,256,256,260,494.685,87.69,1.0,0,A,1,0,d256_20261005_195354
8_george_38.wav,8,8,8,1,256,256,260,494.692,87.69,1.0,0,A,1,0,d256_20261005_195354
8_george_39.wav,8,6,6,1,256,256,260,494.681,87.697,1.0,0,A,1,0,d256_20261005_195354
8_george_4.wav,8,8,8,1,256,256,260,494.689,87.723,1.0,0,A,1,0,d256_20261005_195354
8_george_40.wav,8,8,8,1,256,256,260,494.69,87.689,1.0,0,A,1,0,d256_20261005_195354
8_george_41.wav,8,6,6,1,256,256,260,494.686,87.696,1.0,0,A,1,0,d256_20261005_195354
8_george_42.wav,8,8,8,1,256,256,260,494.687,87.693,1.0,0,A,1,0,d256_20261005_195354
8_george_43.wav,8,8,8,1,256,256,260,494.689,87.717,1.0,0,A,1,0,d256_20261005_195354
8_george_44.wav,8,8,8,1,256,256,260,494.685,87.702,1.0,0,A,1,0,d256_20261005_195354
8_george_45.wav,8,8,8,1,256,256,260,494.694,87.705,1.0,0,A,1,0,d256_20261005_195354
8_george_46.wav,8,8,8,1,256,256,260,494.689,87.706,1.0,0,A,1,0,d256_20261005_195354
8_george_47.wav,8,8,8,1,256,256,260,494.688,87.706,1.0,0,A,1,0,d256_20261005_195354
8_george_48.wav,8,8,8,1,256,256,260,494.693,87.685,1.0,0,A,1,0,d256_20261005_195354
8_george_49.wav,8,8,8,1,256,256,260,494.683,87.701,1.0,0,A,1,0,d256_20261005_195354
8_george_5.wav,8,8,8,1,256,256,260,494.687,87.697,1.0,0,A,1,0,d256_20261005_195354
8_george_6.wav,8,8,8,1,256,256,260,494.69,87.7,1.0,0,A,1,0,d256_20261005_195354
8_george_7.wav,8,8,8,1,256,256,260,494.687,87.704,1.0,0,A,1,0,d256_20261005_195354
8_george_8.wav,8,8,8,1,256,256,260,494.691,87.705,1.0,0,A,1,0,d256_20261005_195354
8_george_9.wav,8,8,8,1,256,256,260,494.68,87.703,1.0,0,A,1,0,d256_20261005_195354
9_george_0.wav,9,9,9,1,256,256,260,494.695,87.698,1.0,0,A,1,0,d256_20261005_195354
9_george_1.wav,9,9,9,1,256,256,260,494.683,87.691,1.0,0,A,1,0,d256_20261005_195354
9_george_10.wav,9,9,9,1,256,256,260,494.685,87.694,1.0,0,A,1,0,d256_20261005_195354
9_george_11.wav,9,9,9,1,256,256,260,494.691,87.687,1.0,0,A,1,0,d256_20261005_195354
9_george_12.wav,9,9,9,1,256,256,260,494.688,87.695,1.0,0,A,1,0,d256_20261005_195354
9_george_13.wav,9,5,5,1,256,256,260,494.691,87.7,1.0,0,A,1,0,d256_20261005_195354
9_george_14.wav,9,5,5,1,256,256,260,494.693,87.69,1.0,0,A,1,0,d256_20261005_195354
9_george_15.wav,9,9,9,1,256,256,260,494.688,87.694,1.0,0,A,1,0,d256_20261005_195354
9_george_16.wav,9,9,9,1,256,256,260,494.682,87.693,1.0,0,A,1,0,d256_20261005_195354
9_george_17.wav,9,9,9,1,256,256,260,494.689,87.685,1.0,0,A,1,0,d256_20261005_195354
9_george_18.wav,9,9,9,1,256,256,260,494.688,87.691,1.0,0,A,1,0,d256_20261005_195354
9_george_19.wav,9,9,9,1,256,256,260,494.683,87.685,1.0,0,A,1,0,d256_20261005_195354
9_george_2.wav,9,9,9,1,256,256,260,494.694,87.702,1.0,0,A,1,0,d256_20261005_195354
9_george_20.wav,9,5,5,1,256,256,260,494.693,87.687,1.0,0,A,1,0,d256_20261005_195354
9_george_21.wav,9,9,9,1,256,256,260,494.691,87.695,1.0,0,A,1,0,d256_20261005_195354
9_george_22.wav,9,6,6,1,256,256,260,494.681,87.691,1.0,0,A,1,0,d256_20261005_195354
9_george_23.wav,9,9,9,1,256,256,260,494.695,87.699,1.0,0,A,1,0,d256_20261005_195354
9_george_24.wav,9,9,9,1,256,256,260,494.684,87.689,1.0,0,A,1,0,d256_20261005_195354
9_george_25.wav,9,9,9,1,256,256,260,494.688,87.693,1.0,0,A,1,0,d256_20261005_195354
9_george_26.wav,9,5,5,1,256,256,260,494.691,87.699,1.0,0,A,1,0,d256_20261005_195354
9_george_27.wav,9,9,9,1,256,256,260,494.69,87.696,1.0,0,A,1,0,d256_20261005_195354
9_george_28.wav,9,9,9,1,256,256,260,494.696,87.7,1.0,0,A,1,0,d256_20261005_195354
9_george_29.wav,9,9,9,1,256,256,260,494.691,87.695,1.0,0,A,1,0,d256_20261005_195354
9_george_3.wav,9,1,1,1,256,256,260,494.687,87.689,1.0,0,A,1,0,d256_20261005_195354
9_george_30.wav,9,6,6,1,256,256,260,494.694,87.69,1.0,0,A,1,0,d256_20261005_195354
9_george_31.wav,9,6,6,1,256,256,260,494.684,87.701,1.0,0,A,1,0,d256_20261005_195354
9_george_32.wav,9,5,5,1,256,256,260,494.688,87.699,1.0,0,A,1,0,d256_20261005_195354
9_george_33.wav,9,6,6,1,256,256,260,494.69,87.69,1.0,0,A,1,0,d256_20261005_195354
9_george_34.wav,9,6,6,1,256,256,260,494.688,87.693,1.0,0,A,1,0,d256_20261005_195354
9_george_35.wav,9,5,5,1,256,256,260,494.692,87.695,1.0,0,A,1,0,d256_20261005_195354
9_george_36.wav,9,5,5,1,256,256,260,494.686,87.696,1.0,0,A,1,0,d256_20261005_195354
9_george_37.wav,9,9,9,1,256,256,260,494.685,87.703,1.0,0,A,1,0,d256_20261005_195354
9_george_38.wav,9,5,5,1,256,256,260,494.693,87.694,1.0,0,A,1,0,d256_20261005_195354
9_george_39.wav,9,9,9,1,256,256,260,494.688,87.691,1.0,0,A,1,0,d256_20261005_195354
9_george_4.wav,9,9,9,1,256,256,260,494.694,87.704,1.0,0,A,1,0,d256_20261005_195354
9_george_40.wav,9,9,9,1,256,256,260,494.685,87.692,1.0,0,A,1,0,d256_20261005_195354
9_george_41.wav,9,9,9,1,256,256,260,494.688,87.701,1.0,0,A,1,0,d256_20261005_195354
9_george_42.wav,9,8,8,1,256,256,260,494.693,87.69,1.0,0,A,1,0,d256_20261005_195354
9_george_43.wav,9,5,5,1,256,256,260,494.692,87.688,1.0,0,A,1,0,d256_20261005_195354
9_george_44.wav,9,9,9,1,256,256,260,494.687,87.7,1.0,0,A,1,0,d256_20261005_195354
9_george_45.wav,9,9,9,1,256,256,260,494.69,87.696,1.0,0,A,1,0,d256_20261005_195354
9_george_46.wav,9,9,9,1,256,256,260,494.688,87.69,1.0,0,A,1,0,d256_20261005_195354
9_george_47.wav,9,9,9,1,256,256,260,494.69,87.694,1.0,0,A,1,0,d256_20261005_195354
9_george_48.wav,9,9,9,1,256,256,260,494.685,87.702,1.0,0,A,1,0,d256_20261005_195354
9_george_49.wav,9,9,9,1,256,256,260,494.689,87.692,1.0,0,A,1,0,d256_20261005_195354
9_george_5.wav,9,9,9,1,256,256,260,494.693,87.685,1.0,0,A,1,0,d256_20261005_195354
9_george_6.wav,9,9,9,1,256,256,260,494.687,87.692,1.0,0,A,1,0,d256_20261005_195354
9_george_7.wav,9,5,5,1,256,256,260,494.691,87.693,1.0,0,A,1,0,d256_20261005_195354
9_george_8.wav,9,9,9,1,256,256,260,494.688,87.696,1.0,0,A,1,0,d256_20261005_195354
9_george_9.wav,9,9,9,1,256,256,260,494.683,87.691,1.0,0,A,1,0,d256_20261005_195354
0_george_0.wav,0,6,6,1,64,64,68,489.218,0.0,1.0,0,L,1,0,d64_20261005_201429
0_george_1.wav,0,0,0,1,64,64,68,489.207,0.0,1.0,0,L,1,0,d64_20261005_201429
0_george_10.wav,0,7,7,1,64,64,68,489.194,0.0,1.0,0,L,1,0,d64_20261005_201429
0_george_11.wav,0,9,9,1,64,64,68,489.202,0.0,1.0,0,L,1,0,d64_20261005_201429
0_george_12.wav,0,9,9,1,64,64,68,489.196,0.0,1.0,0,L,1,0,d64_20261005_201429
0_george_13.wav,0,9,9,1,64,64,68,489.198,0.0,1.0,0,L,1,0,d64_20261005_201429
0_george_14.wav,0,9,9,1,64,64,68,489.199,0.0,1.0,0,L,1,0,d64_20261005_201429
0_george_15.wav,0,9,9,1,64,64,68,489.194,0.0,1.0,0,L,1,0,d64_20261005_201429
0_george_16.wav,0,0,0,1,64,64,68,489.194,0.0,1.0,0,L,1,0,d64_20261005_201429
0_george_17.wav,0,0,0,1,64,64,68,489.197,0.0,1.0,0,L,1,0,d64_20261005_201429
0_george_18.wav,0,3,3,1,64,64,68,489.199,0.0,1.0,0,L,1,0,d64_20261005_201429
0_george_19.wav,0,0,0,1,64,64,68,489.199,0.0,1.0,0,L,1,0,d64_20261005_201429
0_george_2.wav,0,3,3,1,64,64,68,489.195,0.0,1.0,0,L,1,0,d64_20261005_201429
0_george_20.wav,0,0,0,1,64,64,68,489.197,0.0,1.0,0,L,1,0,d64_20261005_201429
0_george_21.wav,0,3,3,1,64,64,68,489.201,0.0,1.0,0,L,1,0,d64_20261005_201429
0_george_22.wav,0,0,0,1,64,64,68,489.201,0.0,1.0,0,L,1,0,d64_20261005_201429
0_george_23.wav,0,7,7,1,64,64,68,489.202,0.0,1.0,0,L,1,0,d64_20261005_201429
0_george_24.wav,0,9,9,1,64,64,68,489.199,0.0,1.0,0,L,1,0,d64_20261005_201429
0_george_25.wav,0,7,7,1,64,64,68,489.203,0.0,1.0,0,L,1,0,d64_20261005_201429
0_george_26.wav,0,0,0,1,64,64,68,489.201,0.0,1.0,0,L,1,0,d64_20261005_201429
0_george_27.wav,0,3,3,1,64,64,68,489.192,0.0,1.0,0,L,1,0,d64_20261005_201429
0_george_28.wav,0,0,0,1,64,64,68,489.198,0.0,1.0,0,L,1,0,d64_20261005_201429
0_george_29.wav,0,9,9,1,64,64,68,489.202,0.0,1.0,0,L,1,0,d64_20261005_201429
0_george_3.wav,0,9,9,1,64,64,68,489.2,0.0,1.0,0,L,1,0,d64_20261005_201429
0_george_30.wav,0,7,7,1,64,64,68,489.203,0.0,1.0,0,L,1,0,d64_20261005_201429
0_george_31.wav,0,8,8,1,64,64,68,489.198,0.0,1.0,0,L,1,0,d64_20261005_201429
0_george_32.wav,0,5,5,1,64,64,68,489.197,0.0,1.0,0,L,1,0,d64_20261005_201429
0_george_33.wav,0,7,7,1,64,64,68,489.2,0.0,1.0,0,L,1,0,d64_20261005_201429
0_george_34.wav,0,5,5,1,64,64,68,489.202,0.0,1.0,0,L,1,0,d64_20261005_201429
0_george_35.wav,0,7,7,1,64,64,68,489.202,0.0,1.0,0,L,1,0,d64_20261005_201429
0_george_36.wav,0,7,7,1,64,64,68,489.198,0.0,1.0,0,L,1,0,d64_20261005_201429
0_george_37.wav,0,2,2,1,64,64,68,489.203,0.0,1.0,0,L,1,0,d64_20261005_201429
0_george_38.wav,0,4,4,1,64,64,68,489.2,0.0,1.0,0,L,1,0,d64_20261005_201429
0_george_39.wav,0,5,5,1,64,64,68,489.198,0.0,1.0,0,L,1,0,d64_20261005_201429
0_george_4.wav,0,9,9,1,64,64,68,489.198,0.0,1.0,0,L,1,0,d64_20261005_201429
0_george_40.wav,0,0,0,1,64,64,68,489.198,0.0,1.0,0,L,1,0,d64_20261005_201429
0_george_41.wav,0,0,0,1,64,64,68,489.198,0.0,1.0,0,L,1,0,d64_20261005_201429
0_george_42.wav,0,0,0,1,64,64,68,489.199,0.0,1.0,0,L,1,0,d64_20261005_201429
0_george_43.wav,0,7,7,1,64,64,68,489.202,0.0,1.0,0,L,1,0,d64_20261005_201429
0_george_44.wav,0,7,7,1,64,64,68,489.201,0.0,1.0,0,L,1,0,d64_20261005_201429
0_george_45.wav,0,9,9,1,64,64,68,489.199,0.0,1.0,0,L,1,0,d64_20261005_201429
0_george_46.wav,0,9,9,1,64,64,68,489.202,0.0,1.0,0,L,1,0,d64_20261005_201429
0_george_47.wav,0,9,9,1,64,64,68,489.198,0.0,1.0,0,L,1,0,d64_20261005_201429
0_george_48.wav,0,9,9,1,64,64,68,489.202,0.0,1.0,0,L,1,0,d64_20261005_201429
0_george_49.wav,0,9,9,1,64,64,68,489.198,0.0,1.0,0,L,1,0,d64_20261005_201429
0_george_5.wav,0,3,3,1,64,64,68,489.199,0.0,1.0,0,L,1,0,d64_20261005_201429
0_george_6.wav,0,7,7,1,64,64,68,489.197,0.0,1.0,0,L,1,0,d64_20261005_201429
0_george_7.wav,0,3,3,1,64,64,68,489.202,0.0,1.0,0,L,1,0,d64_20261005_201429
0_george_8.wav,0,9,9,1,64,64,68,489.197,0.0,1.0,0,L,1,0,d64_20261005_201429
0_george_9.wav,0,9,9,1,64,64,68,489.2,0.0,1.0,0,L,1,0,d64_20261005_201429
1_george_0.wav,1,5,5,1,64,64,68,489.194,0.0,1.0,0,L,1,0,d64_20261005_201429
1_george_1.wav,1,1,1,1,64,64,68,489.203,0.0,1.0,0,L,1,0,d64_20261005_201429
1_george_10.wav,1,1,1,1,64,64,68,489.199,0.0,1.0,0,L,1,0,d64_20261005_201429
1_george_11.wav,1,1,1,1,64,64,68,489.203,0.0,1.0,0,L,1,0,d64_20261005_201429
1_george_12.wav,1,1,1,1,64,64,68,489.199,0.0,1.0,0,L,1,0,d64_20261005_201429
1_george_13.wav,1,9,9,1,64,64,68,489.196,0.0,1.0,0,L,1,0,d64_20261005_201429
1_george_14.wav,1,1,1,1,64,64,68,489.198,0.0,1.0,0,L,1,0,d64_20261005_201429
1_george_15.wav,1,1,1,1,64,64,68,489.202,0.0,1.0,0,L,1,0,d64_20261005_201429
1_george_16.wav,1,9,9,1,64,64,68,489.196,0.0,1.0,0,L,1,0,d64_20261005_201429
1_george_17.wav,1,9,9,1,64,64,68,489.2,0.0,1.0,0,L,1,0,d64_20261005_201429
1_george_18.wav,1,9,9,1,64,64,68,489.198,0.0,1.0,0,L,1,0,d64_20261005_201429
1_george_19.wav,1,9,9,1,64,64,68,489.196,0.0,1.0,0,L,1,0,d64_20261005_201429
1_george_2.wav,1,5,5,1,64,64,68,489.198,0.0,1.0,0,L,1,0,d64_20261005_201429
1_george_20.wav,1,1,1,1,64,64,68,489.201,0.0,1.0,0,L,1,0,d64_20261005_201429
1_george_21.wav,1,1,1,1,64,64,68,489.198,0.0,1.0,0,L,1,0,d64_20261005_201429
1_george_22.wav,1,1,1,1,64,64,68,489.202,0.0,1.0,0,L,1,0,d64_20261005_201429
1_george_23.wav,1,1,1,1,64,64,68,489.199,0.0,1.0,0,L,1,0,d64_20261005_201429
1_george_24.wav,1,5,5,1,64,64,68,489.2,0.0,1.0,0,L,1,0,d64_20261005_201429
1_george_25.wav,1,1,1,1,64,64,68,489.203,0.0,1.0,0,L,1,0,d64_20261005_201429
1_george_26.wav,1,9,9,1,64,64,68,489.202,0.0,1.0,0,L,1,0,d64_20261005_201429
1_george_27.wav,1,5,5,1,64,64,68,489.2,0.0,1.0,0,L,1,0,d64_20261005_201429
1_george_28.wav,1,5,5,1,64,64,68,489.199,0.0,1.0,0,L,1,0,d64_20261005_201429
1_george_29.wav,1,9,9,1,64,64,68,489.199,0.0,1.0,0,L,1,0,d64_20261005_201429
1_george_3.wav,1,9,9,1,64,64,68,489.2,0.0,1.0,0,L,1,0,d64_20261005_201429
1_george_30.wav,1,8,8,1,64,64,68,489.198,0.0,1.0,0,L,1,0,d64_20261005_201429
1_george_31.wav,1,8,8,1,64,64,68,489.202,0.0,1.0,0,L,1,0,d64_20261005_201429
1_george_32.wav,1,6,6,1,64,64,68,489.199,0.0,1.0,0,L,1,0,d64_20261005_201429
1_george_33.wav,1,5,5,1,64,64,68,489.204,0.0,1.0,0,L,1,0,d64_20261005_201429
1_george_34.wav,1,1,1,1,64,64,68,489.201,0.0,1.0,0,L,1,0,d64_20261005_201429
1_george_35.wav,1,8,8,1,64,64,68,489.2,0.0,1.0,0,L,1,0,d64_20261005_201429
1_george_36.wav,1,9,9,1,64,64,68,489.2,0.0,1.0,0,L,1,0,d64_20261005_201429
1_george_37.wav,1,6,6,1,64,64,68,489.203,0.0,1.0,0,L,1,0,d64_20261005_201429
1_george_38.wav,1,8,8,1,64,64,68,489.198,0.0,1.0,0,L,1,0,d64_20261005_201429
1_george_39.wav,1,8,8,1,64,64,68,489.197,0.0,1.0,0,L,1,0,d64_20261005_201429
1_george_4.wav,1,1,1,1,64,64,68,489.199,0.0,1.0,0,L,1,0,d64_20261005_201429
1_george_40.wav,1,1,1,1,64,64,68,489.202,0.0,1.0,0,L,1,0,d64_20261005_201429
1_george_41.wav,1,1,1,1,64,64,68,489.197,0.0,1.0,0,L,1,0,d64_20261005_201429
1_george_42.wav,1,1,1,1,64,64,68,489.201,0.0,1.0,0,L,1,0,d64_20261005_201429
1_george_43.wav,1,1,1,1,64,64,68,489.201,0.0,1.0,0,L,1,0,d64_20261005_201429
1_george_44.wav,1,1,1,1,64,64,68,489.202,0.0,1.0,0,L,1,0,d64_20261005_201429
1_george_45.wav,1,1,1,1,64,64,68,489.2,0.0,1.0,0,L,1,0,d64_20261005_201429
1_george_46.wav,1,1,1,1,64,64,68,489.201,0.0,1.0,0,L,1,0,d64_20261005_201429
1_george_47.wav,1,1,1,1,64,64,68,489.2,0.0,1.0,0,L,1,0,d64_20261005_201429
1_george_48.wav,1,1,1,1,64,64,68,489.199,0.0,1.0,0,L,1,0,d64_20261005_201429
1_george_49.wav,1,1,1,1,64,64,68,489.204,0.0,1.0,0,L,1,0,d64_20261005_201429
1_george_5.wav,1,5,5,1,64,64,68,489.201,0.0,1.0,0,L,1,0,d64_20261005_201429
1_george_6.wav,1,1,1,1,64,64,68,489.201,0.0,1.0,0,L,1,0,d64_20261005_201429
1_george_7.wav,1,5,5,1,64,64,68,489.203,0.0,1.0,0,L,1,0,d64_20261005_201429
1_george_8.wav,1,5,5,1,64,64,68,489.199,0.0,1.0,0,L,1,0,d64_20261005_201429
1_george_9.wav,1,1,1,1,64,64,68,489.203,0.0,1.0,0,L,1,0,d64_20261005_201429
2_george_0.wav,2,6,6,1,64,64,68,489.201,0.0,1.0,0,L,1,0,d64_20261005_201429
2_george_1.wav,2,6,6,1,64,64,68,489.198,0.0,1.0,0,L,1,0,d64_20261005_201429
2_george_10.wav,2,7,7,1,64,64,68,489.197,0.0,1.0,0,L,1,0,d64_20261005_201429
2_george_11.wav,2,3,3,1,64,64,68,489.202,0.0,1.0,0,L,1,0,d64_20261005_201429
2_george_12.wav,2,7,7,1,64,64,68,489.202,0.0,1.0,0,L,1,0,d64_20261005_201429
2_george_13.wav,2,4,4,1,64,64,68,489.199,0.0,1.0,0,L,1,0,d64_20261005_201429
2_george_14.wav,2,7,7,1,64,64,68,489.198,0.0,1.0,0,L,1,0,d64_20261005_201429
2_george_15.wav,2,7,7,1,64,64,68,489.2,0.0,1.0,0,L,1,0,d64_20261005_201429
2_george_16.wav,2,7,7,1,64,64,68,489.199,0.0,1.0,0,L,1,0,d64_20261005_201429
2_george_17.wav,2,7,7,1,64,64,68,489.202,0.0,1.0,0,L,1,0,d64_20261005_201429
2_george_18.wav,2,7,7,1,64,64,68,489.2,0.0,1.0,0,L,1,0,d64_20261005_201429
2_george_19.wav,2,7,7,1,64,64,68,489.203,0.0,1.0,0,L,1,0,d64_20261005_201429
2_george_2.wav,2,3,3,1,64,64,68,489.201,0.0,1.0,0,L,1,0,d64_20261005_201429
2_george_20.wav,2,8,8,1,64,64,68,489.199,0.0,1.0,0,L,1,0,d64_20261005_201429
2_george_21.wav,2,8,8,1,64,64,68,489.202,0.0,1.0,0,L,1,0,d64_20261005_201429
2_george_22.wav,2,7,7,1,64,64,68,489.198,0.0,1.0,0,L,1,0,d64_20261005_201429
2_george_23.wav,2,7,7,1,64,64,68,489.199,0.0,1.0,0,L,1,0,d64_20261005_201429
2_george_24.wav,2,3,3,1,64,64,68,489.199,0.0,1.0,0,L,1,0,d64_20261005_201429
2_george_25.wav,2,8,8,1,64,64,68,489.202,0.0,1.0,0,L,1,0,d64_20261005_201429
2_george_26.wav,2,8,8,1,64,64,68,489.199,0.0,1.0,0,L,1,0,d64_20261005_201429
2_george_27.wav,2,8,8,1,64,64,68,489.201,0.0,1.0,0,L,1,0,d64_20261005_201429
2_george_28.wav,2,7,7,1,64,64,68,489.199,0.0,1.0,0,L,1,0,d64_20261005_201429
2_george_29.wav,2,7,7,1,64,64,68,489.198,0.0,1.0,0,L,1,0,d64_20261005_201429
2_george_3.wav,2,7,7,1,64,64,68,489.202,0.0,1.0,0,L,1,0,d64_20261005_201429
2_george_30.wav,2,8,8,1,64,64,68,489.197,0.0,1.0,0,L,1,0,d64_20261005_201429
2_george_31.wav,2,8,8,1,64,64,68,489.202,0.0,1.0,0,L,1,0,d64_20261005_201429
2_george_32.wav,2,7,7,1,64,64,68,489.197,0.0,1.0,0,L,1,0,d64_20261005_201429
2_george_33.wav,2,7,7,1,64,64,68,489.201,0.0,1.0,0,L,1,0,d64_20261005_201429
2_george_34.wav,2,5,5,1,64,64,68,489.2,0.0,1.0,0,L,1,0,d64_20261005_201429
2_george_35.wav,2,8,8,1,64,64,68,489.199,0.0,1.0,0,L,1,0,d64_20261005_201429
2_george_36.wav,2,5,5,1,64,64,68,489.199,0.0,1.0,0,L,1,0,d64_20261005_201429
2_george_37.wav,2,8,8,1,64,64,68,489.202,0.0,1.0,0,L,1,0,d64_20261005_201429
2_george_38.wav,2,7,7,1,64,64,68,489.194,0.0,1.0,0,L,1,0,d64_20261005_201429
2_george_39.wav,2,7,7,1,64,64,68,489.197,0.0,1.0,0,L,1,0,d64_20261005_201429
2_george_4.wav,2,2,2,1,64,64,68,489.202,0.0,1.0,0,L,1,0,d64_20261005_201429
2_george_40.wav,2,2,2,1,64,64,68,489.201,0.0,1.0,0,L,1,0,d64_20261005_201429
2_george_41.wav,2,8,8,1,64,64,68,489.198,0.0,1.0,0,L,1,0,d64_20261005_201429
2_george_42.wav,2,8,8,1,64,64,68,489.203,0.0,1.0,0,L,1,0,d64_20261005_201429
2_george_43.wav,2,8,8,1,64,64,68,489.196,0.0,1.0,0,L,1,0,d64_20261005_201429
2_george_44.wav,2,2,2,1,64,64,68,489.201,0.0,1.0,0,L,1,0,d64_20261005_201429
2_george_45.wav,2,7,7,1,64,64,68,489.202,0.0,1.0,0,L,1,0,d64_20261005_201429
2_george_46.wav,2,8,8,1,64,64,68,489.201,0.0,1.0,0,L,1,0,d64_20261005_201429
2_george_47.wav,2,8,8,1,64,64,68,489.197,0.0,1.0,0,L,1,0,d64_20261005_201429
2_george_48.wav,2,8,8,1,64,64,68,489.2,0.0,1.0,0,L,1,0,d64_20261005_201429
2_george_49.wav,2,8,8,1,64,64,68,489.195,0.0,1.0,0,L,1,0,d64_20261005_201429
2_george_5.wav,2,4,4,1,64,64,68,489.203,0.0,1.0,0,L,1,0,d64_20261005_201429
2_george_6.wav,2,8,8,1,64,64,68,489.199,0.0,1.0,0,L,1,0,d64_20261005_201429
2_george_7.wav,2,3,3,1,64,64,68,489.194,0.0,1.0,0,L,1,0,d64_20261005_201429
2_george_8.wav,2,4,4,1,64,64,68,489.199,0.0,1.0,0,L,1,0,d64_20261005_201429
2_george_9.wav,2,3,3,1,64,64,68,489.196,0.0,1.0,0,L,1,0,d64_20261005_201429
3_george_0.wav,3,3,3,1,64,64,68,489.199,0.0,1.0,0,L,1,0,d64_20261005_201429
3_george_1.wav,3,2,2,1,64,64,68,489.198,0.0,1.0,0,L,1,0,d64_20261005_201429
3_george_10.wav,3,7,7,1,64,64,68,489.2,0.0,1.0,0,L,1,0,d64_20261005_201429
3_george_11.wav,3,8,8,1,64,64,68,489.202,0.0,1.0,0,L,1,0,d64_20261005_201429
3_george_12.wav,3,8,8,1,64,64,68,489.201,0.0,1.0,0,L,1,0,d64_20261005_201429
3_george_13.wav,3,9,9,1,64,64,68,489.204,0.0,1.0,0,L,1,0,d64_20261005_201429
3_george_14.wav,3,8,8,1,64,64,68,489.198,0.0,1.0,0,L,1,0,d64_20261005_201429
3_george_15.wav,3,8,8,1,64,64,68,489.2,0.0,1.0,0,L,1,0,d64_20261005_201429
3_george_16.wav,3,5,5,1,64,64,68,489.199,0.0,1.0,0,L,1,0,d64_20261005_201429
3_george_17.wav,3,8,8,1,64,64,68,489.205,0.0,1.0,0,L,1,0,d64_20261005_201429
3_george_18.wav,3,8,8,1,64,64,68,489.199,0.0,1.0,0,L,1,0,d64_20261005_201429
3_george_19.wav,3,8,8,1,64,64,68,489.202,0.0,1.0,0,L,1,0,d64_20261005_201429
3_george_2.wav,3,3,3,1,64,64,68,489.2,0.0,1.0,0,L,1,0,d64_20261005_201429
3_george_20.wav,3,6,6,1,64,64,68,489.202,0.0,1.0,0,L,1,0,d64_20261005_201429
3_george_21.wav,3,8,8,1,64,64,68,489.2,0.0,1.0,0,L,1,0,d64_20261005_201429
3_george_22.wav,3,8,8,1,64,64,68,489.198,0.0,1.0,0,L,1,0,d64_20261005_201429
3_george_23.wav,3,6,6,1,64,64,68,489.2,0.0,1.0,0,L,1,0,d64_20261005_201429
3_george_24.wav,3,8,8,1,64,64,68,489.2,0.0,1.0,0,L,1,0,d64_20261005_201429
3_george_25.wav,3,8,8,1,64,64,68,489.202,0.0,1.0,0,L,1,0,d64_20261005_201429
3_george_26.wav,3,1,1,1,64,64,68,489.2,0.0,1.0,0,L,1,0,d64_20261005_201429
3_george_27.wav,3,8,8,1,64,64,68,489.203,0.0,1.0,0,L,1,0,d64_20261005_201429
3_george_28.wav,3,8,8,1,64,64,68,489.203,0.0,1.0,0,L,1,0,d64_20261005_201429
3_george_29.wav,3,8,8,1,64,64,68,489.198,0.0,1.0,0,L,1,0,d64_20261005_201429
3_george_3.wav,3,7,7,1,64,64,68,489.2,0.0,1.0,0,L,1,0,d64_20261005_201429
3_george_30.wav,3,8,8,1,64,64,68,489.198,0.0,1.0,0,L,1,0,d64_20261005_201429
3_george_31.wav,3,8,8,1,64,64,68,489.2,0.0,1.0,0,L,1,0,d64_20261005_201429
3_george_32.wav,3,8,8,1,64,64,68,489.2,0.0,1.0,0,L,1,0,d64_20261005_201429
3_george_33.wav,3,8,8,1,64,64,68,489.204,0.0,1.0,0,L,1,0,d64_20261005_201429
3_george_34.wav,3,8,8,1,64,64,68,489.191,0.0,1.0,0,L,1,0,d64_20261005_201429
3_george_35.wav,3,8,8,1,64,64,68,489.2,0.0,1.0,0,L,1,0,d64_20261005_201429
3_george_36.wav,3,8,8,1,64,64,68,489.198,0.0,1.0,0,L,1,0,d64_20261005_201429
3_george_37.wav,3,8,8,1,64,64,68,489.199,0.0,1.0,0,L,1,0,d64_20261005_201429
3_george_38.wav,3,8,8,1,64,64,68,489.2,0.0,1.0,0,L,1,0,d64_20261005_201429
3_george_39.wav,3,6,6,1,64,64,68,489.204,0.0,1.0,0,L,1,0,d64_20261005_201429
3_george_4.wav,3,3,3,1,64,64,68,489.194,0.0,1.0,0,L,1,0,d64_20261005_201429
3_george_40.wav,3,3,3,1,64,64,68,489.198,0.0,1.0,0,L,1,0,d64_20261005_201429
3_george_41.wav,3,1,1,1,64,64,68,489.197,0.0,1.0,0,L,1,0,d64_20261005_201429
3_george_42.wav,3,8,8,1,64,64,68,489.203,0.0,1.0,0,L,1,0,d64_20261005_201429
3_george_43.wav,3,1,1,1,64,64,68,489.198,0.0,1.0,0,L,1,0,d64_20261005_201429
3_george_44.wav,3,6,6,1,64,64,68,489.202,0.0,1.0,0,L,1,0,d64_20261005_201429
3_george_45.wav,3,8,8,1,64,64,68,489.192,0.0,1.0,0,L,1,0,d64_20261005_201429
3_george_46.wav,3,8,8,1,64,64,68,489.198,0.0,1.0,0,L,1,0,d64_20261005_201429
3_george_47.wav,3,8,8,1,64,64,68,489.199,0.0,1.0,0,L,1,0,d64_20261005_201429
3_george_48.wav,3,8,8,1,64,64,68,489.2,0.0,1.0,0,L,1,0,d64_20261005_201429
3_george_49.wav,3,8,8,1,64,64,68,489.197,0.0,1.0,0,L,1,0,d64_20261005_201429
3_george_5.wav,3,8,8,1,64,64,68,489.195,0.0,1.0,0,L,1,0,d64_20261005_201429
3_george_6.wav,3,8,8,1,64,64,68,489.197,0.0,1.0,0,L,1,0,d64_20261005_201429
3_george_7.wav,3,8,8,1,64,64,68,489.201,0.0,1.0,0,L,1,0,d64_20261005_201429
3_george_8.wav,3,8,8,1,64,64,68,489.197,0.0,1.0,0,L,1,0,d64_20261005_201429
3_george_9.wav,3,8,8,1,64,64,68,489.199,0.0,1.0,0,L,1,0,d64_20261005_201429
4_george_0.wav,4,7,7,1,64,64,68,489.2,0.0,1.0,0,L,1,0,d64_20261005_201429
4_george_1.wav,4,4,4,1,64,64,68,489.2,0.0,1.0,0,L,1,0,d64_20261005_201429
4_george_10.wav,4,5,5,1,64,64,68,489.199,0.0,1.0,0,L,1,0,d64_20261005_201429
4_george_11.wav,4,4,4,1,64,64,68,489.199,0.0,1.0,0,L,1,0,d64_20261005_201429
4_george_12.wav,4,5,5,1,64,64,68,489.193,0.0,1.0,0,L,1,0,d64_20261005_201429
4_george_13.wav,4,7,7,1,64,64,68,489.2,0.0,1.0,0,L,1,0,d64_20261005_201429
4_george_14.wav,4,5,5,1,64,64,68,489.199,0.0,1.0,0,L,1,0,d64_20261005_201429
4_george_15.wav,4,4,4,1,64,64,68,489.201,0.0,1.0,0,L,1,0,d64_20261005_201429
4_george_16.wav,4,9,9,1,64,64,68,489.198,0.0,1.0,0,L,1,0,d64_20261005_201429
4_george_17.wav,4,5,5,1,64,64,68,489.201,0.0,1.0,0,L,1,0,d64_20261005_201429
4_george_18.wav,4,5,5,1,64,64,68,489.191,0.0,1.0,0,L,1,0,d64_20261005_201429
4_george_19.wav,4,4,4,1,64,64,68,489.193,0.0,1.0,0,L,1,0,d64_20261005_201429
4_george_2.wav,4,9,9,1,64,64,68,489.189,0.0,1.0,0,L,1,0,d64_20261005_201429
4_george_20.wav,4,9,9,1,64,64,68,489.193,0.0,1.0,0,L,1,0,d64_20261005_201429
4_george_21.wav,4,7,7,1,64,64,68,489.196,0.0,1.0,0,L,1,0,d64_20261005_201429
4_george_22.wav,4,7,7,1,64,64,68,489.201,0.0,1.0,0,L,1,0,d64_20261005_201429
4_george_23.wav,4,5,5,1,64,64,68,489.199,0.0,1.0,0,L,1,0,d64_20261005_201429
4_george_24.wav,4,9,9,1,64,64,68,489.2,0.0,1.0,0,L,1,0,d64_20261005_201429
4_george_25.wav,4,9,9,1,64,64,68,489.198,0.0,1.0,0,L,1,0,d64_20261005_201429
4_george_26.wav,4,5,5,1,64,64,68,489.199,0.0,1.0,0,L,1,0,d64_20261005_201429
4_george_27.wav,4,4,4,1,64,64,68,489.194,0.0,1.0,0,L,1,0,d64_20261005_201429
4_george_28.wav,4,5,5,1,64,64,68,489.201,0.0,1.0,0,L,1,0,d64_20261005_201429
4_george_29.wav,4,7,7,1,64,64,68,489.199,0.0,1.0,0,L,1,0,d64_20261005_201429
4_george_3.wav,4,9,9,1,64,64,68,489.203,0.0,1.0,0,L,1,0,d64_20261005_201429
4_george_30.wav,4,9,9,1,64,64,68,489.201,0.0,1.0,0,L,1,0,d64_20261005_201429
4_george_31.wav,4,5,5,1,64,64,68,489.201,0.0,1.0,0,L,1,0,d64_20261005_201429
4_george_32.wav,4,9,9,1,64,64,68,489.199,0.0,1.0,0,L,1,0,d64_20261005_201429
4_george_33.wav,4,7,7,1,64,64,68,489.205,0.0,1.0,0,L,1,0,d64_20261005_201429
4_george_34.wav,4,4,4,1,64,64,68,489.197,0.0,1.0,0,L,1,0,d64_20261005_201429
4_george_35.wav,4,4,4,1,64,64,68,489.199,0.0,1.0,0,L,1,0,d64_20261005_201429
4_george_36.wav,4,5,5,1,64,64,68,489.199,0.0,1.0,0,L,1,0,d64_20261005_201429
4_george_37.wav,4,5,5,1,64,64,68,489.203,0.0,1.0,0,L,1,0,d64_20261005_201429
4_george_38.wav,4,5,5,1,64,64,68,489.198,0.0,1.0,0,L,1,0,d64_20261005_201429
4_george_39.wav,4,5,5,1,64,64,68,489.202,0.0,1.0,0,L,1,0,d64_20261005_201429
4_george_4.wav,4,9,9,1,64,64,68,489.201,0.0,1.0,0,L,1,0,d64_20261005_201429
4_george_40.wav,4,7,7,1,64,64,68,489.203,0.0,1.0,0,L,1,0,d64_20261005_201429
4_george_41.wav,4,4,4,1,64,64,68,489.203,0.0,1.0,0,L,1,0,d64_20261005_201429
4_george_42.wav,4,4,4,1,64,64,68,489.202,0.0,1.0,0,L,1,0,d64_20261005_201429
4_george_43.wav,4,5,5,1,64,64,68,489.198,0.0,1.0,0,L,1,0,d64_20261005_201429
4_george_44.wav,4,4,4,1,64,64,68,489.199,0.0,1.0,0,L,1,0,d64_20261005_201429
4_george_45.wav,4,7,7,1,64,64,68,489.2,0.0,1.0,0,L,1,0,d64_20261005_201429
4_george_46.wav,4,5,5,1,64,64,68,489.2,0.0,1.0,0,L,1,0,d64_20261005_201429
4_george_47.wav,4,5,5,1,64,64,68,489.201,0.0,1.0,0,L,1,0,d64_20261005_201429
4_george_48.wav,4,3,3,1,64,64,68,489.204,0.0,1.0,0,L,1,0,d64_20261005_201429
4_george_49.wav,4,7,7,1,64,64,68,489.202,0.0,1.0,0,L,1,0,d64_20261005_201429
4_george_5.wav,4,4,4,1,64,64,68,489.201,0.0,1.0,0,L,1,0,d64_20261005_201429
4_george_6.wav,4,3,3,1,64,64,68,489.199,0.0,1.0,0,L,1,0,d64_20261005_201429
4_george_7.wav,4,7,7,1,64,64,68,489.198,0.0,1.0,0,L,1,0,d64_20261005_201429
4_george_8.wav,4,5,5,1,64,64,68,489.197,0.0,1.0,0,L,1,0,d64_20261005_201429
4_george_9.wav,4,3,3,1,64,64,68,489.199,0.0,1.0,0,L,1,0,d64_20261005_201429
5_george_0.wav,5,5,5,1,64,64,68,489.198,0.0,1.0,0,L,1,0,d64_20261005_201429
5_george_1.wav,5,9,9,1,64,64,68,489.201,0.0,1.0,0,L,1,0,d64_20261005_201429
5_george_10.wav,5,5,5,1,64,64,68,489.197,0.0,1.0,0,L,1,0,d64_20261005_201429
5_george_11.wav,5,5,5,1,64,64,68,489.2,0.0,1.0,0,L,1,0,d64_20261005_201429
5_george_12.wav,5,5,5,1,64,64,68,489.197,0.0,1.0,0,L,1,0,d64_20261005_201429
5_george_13.wav,5,5,5,1,64,64,68,489.2,0.0,1.0,0,L,1,0,d64_20261005_201429
5_george_14.wav,5,5,5,1,64,64,68,489.2,0.0,1.0,0,L,1,0,d64_20261005_201429
5_george_15.wav,5,5,5,1,64,64,68,489.204,0.0,1.0,0,L,1,0,d64_20261005_201429
5_george_16.wav,5,5,5,1,64,64,68,489.199,0.0,1.0,0,L,1,0,d64_20261005_201429
5_george_17.wav,5,5,5,1,64,64,68,489.199,0.0,1.0,0,L,1,0,d64_20261005_201429
5_george_18.wav,5,5,5,1,64,64,68,489.202,0.0,1.0,0,L,1,0,d64_20261005_201429
5_george_19.wav,5,5,5,1,64,64,68,489.2,0.0,1.0,0,L,1,0,d64_20261005_201429
5_george_2.wav,5,5,5,1,64,64,68,489.201,0.0,1.0,0,L,1,0,d64_20261005_201429
5_george_20.wav,5,8,8,1,64,64,68,489.202,0.0,1.0,0,L,1,0,d64_20261005_201429
5_george_21.wav,5,5,5,1,64,64,68,489.199,0.0,1.0,0,L,1,0,d64_20261005_201429
5_george_22.wav,5,9,9,1,64,64,68,489.198,0.0,1.0,0,L,1,0,d64_20261005_201429
5_george_23.wav,5,7,7,1,64,64,68,489.202,0.0,1.0,0,L,1,0,d64_20261005_201429
5_george_24.wav,5,5,5,1,64,64,68,489.204,0.0,1.0,0,L,1,0,d64_20261005_201429
5_george_25.wav,5,7,7,1,64,64,68,489.199,0.0,1.0,0,L,1,0,d64_20261005_201429
5_george_26.wav,5,7,7,1,64,64,68,489.201,0.0,1.0,0,L,1,0,d64_20261005_201429
5_george_27.wav,5,7,7,1,64,64,68,489.202,0.0,1.0,0,L,1,0,d64_20261005_201429
5_george_28.wav,5,9,9,1,64,64,68,489.204,0.0,1.0,0,L,1,0,d64_20261005_201429
5_george_29.wav,5,5,5,1,64,64,68,489.2,0.0,1.0,0,L,1,0,d64_20261005_201429
5_george_3.wav,5,5,5,1,64,64,68,489.198,0.0,1.0,0,L,1,0,d64_20261005_201429
5_george_30.wav,5,8,8,1,64,64,68,489.198,0.0,1.0,0,L,1,0,d64_20261005_201429
5_george_31.wav,5,5,5,1,64,64,68,489.201,0.0,1.0,0,L,1,0,d64_20261005_201429
5_george_32.wav,5,5,5,1,64,64,68,489.2,0.0,1.0,0,L,1,0,d64_20261005_201429
5_george_33.wav,5,8,8,1,64,64,68,489.2,0.0,1.0,0,L,1,0,d64_20261005_201429
5_george_34.wav,5,5,5,1,64,64,68,489.2,0.0,1.0,0,L,1,0,d64_20261005_201429
5_george_35.wav,5,5,5,1,64,64,68,489.201,0.0,1.0,0,L,1,0,d64_20261005_201429
5_george_36.wav,5,7,7,1,64,64,68,489.202,0.0,1.0,0,L,1,0,d64_20261005_201429
5_george_37.wav,5,5,5,1,64,64,68,489.199,0.0,1.0,0,L,1,0,d64_20261005_201429
5_george_38.wav,5,8,8,1,64,64,68,489.203,0.0,1.0,0,L,1,0,d64_20261005_201429
5_george_39.wav,5,8,8,1,64,64,68,489.203,0.0,1.0,0,L,1,0,d64_20261005_201429
5_george_4.wav,5,5,5,1,64,64,68,489.202,0.0,1.0,0,L,1,0,d64_20261005_201429
5_george_40.wav,5,1,1,1,64,64,68,489.197,0.0,1.0,0,L,1,0,d64_20261005_201429
5_george_41.wav,5,5,5,1,64,64,68,489.201,0.0,1.0,0,L,1,0,d64_20261005_201429
5_george_42.wav,5,1,1,1,64,64,68,489.201,0.0,1.0,0,L,1,0,d64_20261005_201429
5_george_43.wav,5,9,9,1,64,64,68,489.203,0.0,1.0,0,L,1,0,d64_20261005_201429
5_george_44.wav,5,9,9,1,64,64,68,489.2,0.0,1.0,0,L,1,0,d64_20261005_201429
5_george_45.wav,5,5,5,1,64,64,68,489.203,0.0,1.0,0,L,1,0,d64_20261005_201429
5_george_46.wav,5,5,5,1,64,64,68,489.2,0.0,1.0,0,L,1,0,d64_20261005_201429
5_george_47.wav,5,9,9,1,64,64,68,489.203,0.0,1.0,0,L,1,0,d64_20261005_201429
5_george_48.wav,5,1,1,1,64,64,68,489.198,0.0,1.0,0,L,1,0,d64_20261005_201429
5_george_49.wav,5,9,9,1,64,64,68,489.204,0.0,1.0,0,L,1,0,d64_20261005_201429
5_george_5.wav,5,5,5,1,64,64,68,489.2,0.0,1.0,0,L,1,0,d64_20261005_201429
5_george_6.wav,5,5,5,1,64,64,68,489.196,0.0,1.0,0,L,1,0,d64_20261005_201429
5_george_7.wav,5,5,5,1,64,64,68,489.196,0.0,1.0,0,L,1,0,d64_20261005_201429
5_george_8.wav,5,5,5,1,64,64,68,489.196,0.0,1.0,0,L,1,0,d64_20261005_201429
5_george_9.wav,5,7,7,1,64,64,68,489.202,0.0,1.0,0,L,1,0,d64_20261005_201429
6_george_0.wav,6,6,6,1,64,64,68,489.2,0.0,1.0,0,L,1,0,d64_20261005_201429
6_george_1.wav,6,7,7,1,64,64,68,489.199,0.0,1.0,0,L,1,0,d64_20261005_201429
6_george_10.wav,6,8,8,1,64,64,68,489.2,0.0,1.0,0,L,1,0,d64_20261005_201429
6_george_11.wav,6,8,8,1,64,64,68,489.202,0.0,1.0,0,L,1,0,d64_20261005_201429
6_george_12.wav,6,8,8,1,64,64,68,489.198,0.0,1.0,0,L,1,0,d64_20261005_201429
6_george_13.wav,6,7,7,1,64,64,68,489.198,0.0,1.0,0,L,1,0,d64_20261005_201429
6_george_14.wav,6,6,6,1,64,64,68,489.2,0.0,1.0,0,L,1,0,d64_20261005_201429
6_george_15.wav,6,8,8,1,64,64,68,489.201,0.0,1.0,0,L,1,0,d64_20261005_201429
6_george_16.wav,6,8,8,1,64,64,68,489.199,0.0,1.0,0,L,1,0,d64_20261005_201429
6_george_17.wav,6,8,8,1,64,64,68,489.196,0.0,1.0,0,L,1,0,d64_20261005_201429
6_george_18.wav,6,8,8,1,64,64,68,489.202,0.0,1.0,0,L,1,0,d64_20261005_201429
6_george_19.wav,6,8,8,1,64,64,68,489.198,0.0,1.0,0,L,1,0,d64_20261005_201429
6_george_2.wav,6,6,6,1,64,64,68,489.201,0.0,1.0,0,L,1,0,d64_20261005_201429
6_george_20.wav,6,6,6,1,64,64,68,489.203,0.0,1.0,0,L,1,0,d64_20261005_201429
6_george_21.wav,6,6,6,1,64,64,68,489.198,0.0,1.0,0,L,1,0,d64_20261005_201429
6_george_22.wav,6,6,6,1,64,64,68,489.198,0.0,1.0,0,L,1,0,d64_20261005_201429
6_george_23.wav,6,6,6,1,64,64,68,489.19,0.0,1.0,0,L,1,0,d64_20261005_201429
6_george_24.wav,6,8,8,1,64,64,68,489.204,0.0,1.0,0,L,1,0,d64_20261005_201429
6_george_25.wav,6,6,6,1,64,64,68,489.197,0.0,1.0,0,L,1,0,d64_20261005_201429
6_george_26.wav,6,8,8,1,64,64,68,489.202,0.0,1.0,0,L,1,0,d64_20261005_201429
6_george_27.wav,6,8,8,1,64,64,68,489.196,0.0,1.0,0,L,1,0,d64_20261005_201429
6_george_28.wav,6,6,6,1,64,64,68,489.2,0.0,1.0,0,L,1,0,d64_20261005_201429
6_george_29.wav,6,6,6,1,64,64,68,489.199,0.0,1.0,0,L,1,0,d64_20261005_201429
6_george_3.wav,6,6,6,1,64,64,68,489.199,0.0,1.0,0,L,1,0,d64_20261005_201429
6_george_30.wav,6,6,6,1,64,64,68,489.198,0.0,1.0,0,L,1,0,d64_20261005_201429
6_george_31.wav,6,6,6,1,64,64,68,489.202,0.0,1.0,0,L,1,0,d64_20261005_201429
6_george_32.wav,6,8,8,1,64,64,68,489.199,0.0,1.0,0,L,1,0,d64_20261005_201429
6_george_33.wav,6,6,6,1,64,64,68,489.203,0.0,1.0,0,L,1,0,d64_20261005_201429
6_george_34.wav,6,6,6,1,64,64,68,489.2,0.0,1.0,0,L,1,0,d64_20261005_201429
6_george_35.wav,6,6,6,1,64,64,68,489.2,0.0,1.0,0,L,1,0,d64_20261005_201429
6_george_36.wav,6,6,6,1,64,64,68,489.199,0.0,1.0,0,L,1,0,d64_20261005_201429
6_george_37.wav,6,8,8,1,64,64,68,489.2,0.0,1.0,0,L,1,0,d64_20261005_201429
6_george_38.wav,6,7,7,1,64,64,68,489.197,0.0,1.0,0,L,1,0,d64_20261005_201429
6_george_39.wav,6,6,6,1,64,64,68,489.194,0.0,1.0,0,L,1,0,d64_20261005_201429
6_george_4.wav,6,6,6,1,64,64,68,489.198,0.0,1.0,0,L,1,0,d64_20261005_201429
6_george_40.wav,6,6,6,1,64,64,68,489.204,0.0,1.0,0,L,1,0,d64_20261005_201429
6_george_41.wav,6,6,6,1,64,64,68,489.201,0.0,1.0,0,L,1,0,d64_20261005_201429
6_george_42.wav,6,6,6,1,64,64,68,489.202,0.0,1.0,0,L,1,0,d64_20261005_201429
6_george_43.wav,6,6,6,1,64,64,68,489.199,0.0,1.0,0,L,1,0,d64_20261005_201429
6_george_44.wav,6,8,8,1,64,64,68,489.201,0.0,1.0,0,L,1,0,d64_20261005_201429
6_george_45.wav,6,8,8,1,64,64,68,489.201,0.0,1.0,0,L,1,0,d64_20261005_201429
6_george_46.wav,6,6,6,1,64,64,68,489.2,0.0,1.0,0,L,1,0,d64_20261005_201429
6_george_47.wav,6,6,6,1,64,64,68,489.199,0.0,1.0,0,L,1,0,d64_20261005_201429
6_george_48.wav,6,6,6,1,64,64,68,489.199,0.0,1.0,0,L,1,0,d64_20261005_201429
6_george_49.wav,6,6,6,1,64,64,68,489.204,0.0,1.0,0,L,1,0,d64_20261005_201429
6_george_5.wav,6,7,7,1,64,64,68,489.196,0.0,1.0,0,L,1,0,d64_20261005_201429
6_george_6.wav,6,6,6,1,64,64,68,489.201,0.0,1.0,0,L,1,0,d64_20261005_201429
6_george_7.wav,6,6,6,1,64,64,68,489.192,0.0,1.0,0,L,1,0,d64_20261005_201429
6_george_8.wav,6,6,6,1,64,64,68,489.193,0.0,1.0,0,L,1,0,d64_20261005_201429
6_george_9.wav,6,3,3,1,64,64,68,489.189,0.0,1.0,0,L,1,0,d64_20261005_201429
7_george_0.wav,7,7,7,1,64,64,68,489.2,0.0,1.0,0,L,1,0,d64_20261005_201429
7_george_1.wav,7,6,6,1,64,64,68,489.198,0.0,1.0,0,L,1,0,d64_20261005_201429
7_george_10.wav,7,7,7,1,64,64,68,489.201,0.0,1.0,0,L,1,0,d64_20261005_201429
7_george_11.wav,7,9,9,1,64,64,68,489.2,0.0,1.0,0,L,1,0,d64_20261005_201429
7_george_12.wav,7,7,7,1,64,64,68,489.201,0.0,1.0,0,L,1,0,d64_20261005_201429
7_george_13.wav,7,6,6,1,64,64,68,489.201,0.0,1.0,0,L,1,0,d64_20261005_201429
7_george_14.wav,7,9,9,1,64,64,68,489.2,0.0,1.0,0,L,1,0,d64_20261005_201429
7_george_15.wav,7,5,5,1,64,64,68,489.195,0.0,1.0,0,L,1,0,d64_20261005_201429
7_george_16.wav,7,6,6,1,64,64,68,489.201,0.0,1.0,0,L,1,0,d64_20261005_201429
7_george_17.wav,7,6,6,1,64,64,68,489.202,0.0,1.0,0,L,1,0,d64_20261005_201429
7_george_18.wav,7,6,6,1,64,64,68,489.197,0.0,1.0,0,L,1,0,d64_20261005_201429
7_george_19.wav,7,6,6,1,64,64,68,489.199,0.0,1.0,0,L,1,0,d64_20261005_201429
7_george_2.wav,7,7,7,1,64,64,68,489.202,0.0,1.0,0,L,1,0,d64_20261005_201429
7_george_20.wav,7,6,6,1,64,64,68,489.201,0.0,1.0,0,L,1,0,d64_20261005_201429
7_george_21.wav,7,8,8,1,64,64,68,489.203,0.0,1.0,0,L,1,0,d64_20261005_201429
7_george_22.wav,7,7,7,1,64,64,68,489.198,0.0,1.0,0,L,1,0,d64_20261005_201429
7_george_23.wav,7,6,6,1,64,64,68,489.201,0.0,1.0,0,L,1,0,d64_20261005_201429
7_george_24.wav,7,6,6,1,64,64,68,489.201,0.0,1.0,0,L,1,0,d64_20261005_201429
7_george_25.wav,7,6,6,1,64,64,68,489.201,0.0,1.0,0,L,1,0,d64_20261005_201429
7_george_26.wav,7,7,7,1,64,64,68,489.201,0.0,1.0,0,L,1,0,d64_20261005_201429
7_george_27.wav,7,6,6,1,64,64,68,489.201,0.0,1.0,0,L,1,0,d64_20261005_201429
7_george_28.wav,7,8,8,1,64,64,68,489.196,0.0,1.0,0,L,1,0,d64_20261005_201429
7_george_29.wav,7,8,8,1,64,64,68,489.198,0.0,1.0,0,L,1,0,d64_20261005_201429
7_george_3.wav,7,9,9,1,64,64,68,489.197,0.0,1.0,0,L,1,0,d64_20261005_201429
7_george_30.wav,7,7,7,1,64,64,68,489.203,0.0,1.0,0,L,1,0,d64_20261005_201429
7_george_31.wav,7,8,8,1,64,64,68,489.191,0.0,1.0,0,L,1,0,d64_20261005_201429
7_george_32.wav,7,3,3,1,64,64,68,489.202,0.0,1.0,0,L,1,0,d64_20261005_201429
7_george_33.wav,7,6,6,1,64,64,68,489.19,0.0,1.0,0,L,1,0,d64_20261005_201429
7_george_34.wav,7,8,8,1,64,64,68,489.194,0.0,1.0,0,L,1,0,d64_20261005_201429
7_george_35.wav,7,6,6,1,64,64,68,489.198,0.0,1.0,0,L,1,0,d64_20261005_201429
7_george_36.wav,7,5,5,1,64,64,68,489.198,0.0,1.0,0,L,1,0,d64_20261005_201429
7_george_37.wav,7,7,7,1,64,64,68,489.195,0.0,1.0,0,L,1,0,d64_20261005_201429
7_george_38.wav,7,7,7,1,64,64,68,489.202,0.0,1.0,0,L,1,0,d64_20261005_201429
7_george_39.wav,7,2,2,1,64,64,68,489.201,0.0,1.0,0,L,1,0,d64_20261005_201429
7_george_4.wav,7,7,7,1,64,64,68,489.198,0.0,1.0,0,L,1,0,d64_20261005_201429
7_george_40.wav,7,7,7,1,64,64,68,489.204,0.0,1.0,0,L,1,0,d64_20261005_201429
7_george_41.wav,7,7,7,1,64,64,68,489.199,0.0,1.0,0,L,1,0,d64_20261005_201429
7_george_42.wav,7,6,6,1,64,64,68,489.196,0.0,1.0,0,L,1,0,d64_20261005_201429
7_george_43.wav,7,7,7,1,64,64,68,489.199,0.0,1.0,0,L,1,0,d64_20261005_201429
7_george_44.wav,7,6,6,1,64,64,68,489.199,0.0,1.0,0,L,1,0,d64_20261005_201429
7_george_45.wav,7,7,7,1,64,64,68,489.198,0.0,1.0,0,L,1,0,d64_20261005_201429
7_george_46.wav,7,7,7,1,64,64,68,489.203,0.0,1.0,0,L,1,0,d64_20261005_201429
7_george_47.wav,7,7,7,1,64,64,68,489.204,0.0,1.0,0,L,1,0,d64_20261005_201429
7_george_48.wav,7,7,7,1,64,64,68,489.201,0.0,1.0,0,L,1,0,d64_20261005_201429
7_george_49.wav,7,7,7,1,64,64,68,489.195,0.0,1.0,0,L,1,0,d64_20261005_201429
7_george_5.wav,7,7,7,1,64,64,68,489.199,0.0,1.0,0,L,1,0,d64_20261005_201429
7_george_6.wav,7,7,7,1,64,64,68,489.198,0.0,1.0,0,L,1,0,d64_20261005_201429
7_george_7.wav,7,6,6,1,64,64,68,489.196,0.0,1.0,0,L,1,0,d64_20261005_201429
7_george_8.wav,7,7,7,1,64,64,68,489.192,0.0,1.0,0,L,1,0,d64_20261005_201429
7_george_9.wav,7,6,6,1,64,64,68,489.198,0.0,1.0,0,L,1,0,d64_20261005_201429
8_george_0.wav,8,8,8,1,64,64,68,489.189,0.0,1.0,0,L,1,0,d64_20261005_201429
8_george_1.wav,8,8,8,1,64,64,68,489.195,0.0,1.0,0,L,1,0,d64_20261005_201429
8_george_10.wav,8,8,8,1,64,64,68,489.197,0.0,1.0,0,L,1,0,d64_20261005_201429
8_george_11.wav,8,8,8,1,64,64,68,489.194,0.0,1.0,0,L,1,0,d64_20261005_201429
8_george_12.wav,8,8,8,1,64,64,68,489.197,0.0,1.0,0,L,1,0,d64_20261005_201429
8_george_13.wav,8,8,8,1,64,64,68,489.194,0.0,1.0,0,L,1,0,d64_20261005_201429
8_george_14.wav,8,8,8,1,64,64,68,489.197,0.0,1.0,0,L,1,0,d64_20261005_201429
8_george_15.wav,8,8,8,1,64,64,68,489.201,0.0,1.0,0,L,1,0,d64_20261005_201429
8_george_16.wav,8,8,8,1,64,64,68,489.203,0.0,1.0,0,L,1,0,d64_20261005_201429
8_george_17.wav,8,5,5,1,64,64,68,489.198,0.0,1.0,0,L,1,0,d64_20261005_201429
8_george_18.wav,8,8,8,1,64,64,68,489.199,0.0,1.0,0,L,1,0,d64_20261005_201429
8_george_19.wav,8,8,8,1,64,64,68,489.202,0.0,1.0,0,L,1,0,d64_20261005_201429
8_george_2.wav,8,8,8,1,64,64,68,489.2,0.0,1.0,0,L,1,0,d64_20261005_201429
8_george_20.wav,8,8,8,1,64,64,68,489.197,0.0,1.0,0,L,1,0,d64_20261005_201429
8_george_21.wav,8,8,8,1,64,64,68,489.201,0.0,1.0,0,L,1,0,d64_20261005_201429
8_george_22.wav,8,6,6,1,64,64,68,489.2,0.0,1.0,0,L,1,0,d64_20261005_201429
8_george_23.wav,8,8,8,1,64,64,68,489.198,0.0,1.0,0,L,1,0,d64_20261005_201429
8_george_24.wav,8,8,8,1,64,64,68,489.2,0.0,1.0,0,L,1,0,d64_20261005_201429
8_george_25.wav,8,8,8,1,64,64,68,489.202,0.0,1.0,0,L,1,0,d64_20261005_201429
8_george_26.wav,8,8,8,1,64,64,68,489.198,0.0,1.0,0,L,1,0,d64_20261005_201429
8_george_27.wav,8,8,8,1,64,64,68,489.197,0.0,1.0,0,L,1,0,d64_20261005_201429
8_george_28.wav,8,3,3,1,64,64,68,489.197,0.0,1.0,0,L,1,0,d64_20261005_201429
8_george_29.wav,8,6,6,1,64,64,68,489.202,0.0,1.0,0,L,1,0,d64_20261005_201429
8_george_3.wav,8,8,8,1,64,64,68,489.195,0.0,1.0,0,L,1,0,d64_20261005_201429
8_george_30.wav,8,6,6,1,64,64,68,489.2,0.0,1.0,0,L,1,0,d64_20261005_201429
8_george_31.wav,8,8,8,1,64,64,68,489.198,0.0,1.0,0,L,1,0,d64_20261005_201429
8_george_32.wav,8,8,8,1,64,64,68,489.201,0.0,1.0,0,L,1,0,d64_20261005_201429
8_george_33.wav,8,8,8,1,64,64,68,489.198,0.0,1.0,0,L,1,0,d64_20261005_201429
8_george_34.wav,8,8,8,1,64,64,68,489.202,0.0,1.0,0,L,1,0,d64_20261005_201429
8_george_35.wav,8,8,8,1,64,64,68,489.198,0.0,1.0,0,L,1,0,d64_20261005_201429
8_george_36.wav,8,8,8,1,64,64,68,489.203,0.0,1.0,0,L,1,0,d64_20261005_201429
8_george_37.wav,8,8,8,1,64,64,68,489.199,0.0,1.0,0,L,1,0,d64_20261005_201429
8_george_38.wav,8,8,8,1,64,64,68,489.2,0.0,1.0,0,L,1,0,d64_20261005_201429
8_george_39.wav,8,8,8,1,64,64,68,489.194,0.0,1.0,0,L,1,0,d64_20261005_201429
8_george_4.wav,8,2,2,1,64,64,68,489.201,0.0,1.0,0,L,1,0,d64_20261005_201429
8_george_40.wav,8,8,8,1,64,64,68,489.198,0.0,1.0,0,L,1,0,d64_20261005_201429
8_george_41.wav,8,8,8,1,64,64,68,489.199,0.0,1.0,0,L,1,0,d64_20261005_201429
8_george_42.wav,8,8,8,1,64,64,68,489.2,0.0,1.0,0,L,1,0,d64_20261005_201429
8_george_43.wav,8,8,8,1,64,64,68,489.197,0.0,1.0,0,L,1,0,d64_20261005_201429
8_george_44.wav,8,8,8,1,64,64,68,489.204,0.0,1.0,0,L,1,0,d64_20261005_201429
8_george_45.wav,8,8,8,1,64,64,68,489.201,0.0,1.0,0,L,1,0,d64_20261005_201429
8_george_46.wav,8,8,8,1,64,64,68,489.2,0.0,1.0,0,L,1,0,d64_20261005_201429
8_george_47.wav,8,8,8,1,64,64,68,489.201,0.0,1.0,0,L,1,0,d64_20261005_201429
8_george_48.wav,8,8,8,1,64,64,68,489.202,0.0,1.0,0,L,1,0,d64_20261005_201429
8_george_49.wav,8,8,8,1,64,64,68,489.202,0.0,1.0,0,L,1,0,d64_20261005_201429
8_george_5.wav,8,8,8,1,64,64,68,489.198,0.0,1.0,0,L,1,0,d64_20261005_201429
8_george_6.wav,8,8,8,1,64,64,68,489.2,0.0,1.0,0,L,1,0,d64_20261005_201429
8_george_7.wav,8,8,8,1,64,64,68,489.198,0.0,1.0,0,L,1,0,d64_20261005_201429
8_george_8.wav,8,8,8,1,64,64,68,489.201,0.0,1.0,0,L,1,0,d64_20261005_201429
8_george_9.wav,8,8,8,1,64,64,68,489.196,0.0,1.0,0,L,1,0,d64_20261005_201429
9_george_0.wav,9,9,9,1,64,64,68,489.196,0.0,1.0,0,L,1,0,d64_20261005_201429
9_george_1.wav,9,9,9,1,64,64,68,489.201,0.0,1.0,0,L,1,0,d64_20261005_201429
9_george_10.wav,9,9,9,1,64,64,68,489.201,0.0,1.0,0,L,1,0,d64_20261005_201429
9_george_11.wav,9,9,9,1,64,64,68,489.199,0.0,1.0,0,L,1,0,d64_20261005_201429
9_george_12.wav,9,9,9,1,64,64,68,489.199,0.0,1.0,0,L,1,0,d64_20261005_201429
9_george_13.wav,9,5,5,1,64,64,68,489.202,0.0,1.0,0,L,1,0,d64_20261005_201429
9_george_14.wav,9,5,5,1,64,64,68,489.2,0.0,1.0,0,L,1,0,d64_20261005_201429
9_george_15.wav,9,5,5,1,64,64,68,489.196,0.0,1.0,0,L,1,0,d64_20261005_201429
9_george_16.wav,9,9,9,1,64,64,68,489.201,0.0,1.0,0,L,1,0,d64_20261005_201429
9_george_17.wav,9,9,9,1,64,64,68,489.197,0.0,1.0,0,L,1,0,d64_20261005_201429
9_george_18.wav,9,9,9,1,64,64,68,489.2,0.0,1.0,0,L,1,0,d64_20261005_201429
9_george_19.wav,9,9,9,1,64,64,68,489.2,0.0,1.0,0,L,1,0,d64_20261005_201429
9_george_2.wav,9,9,9,1,64,64,68,489.202,0.0,1.0,0,L,1,0,d64_20261005_201429
9_george_20.wav,9,1,1,1,64,64,68,489.195,0.0,1.0,0,L,1,0,d64_20261005_201429
9_george_21.wav,9,9,9,1,64,64,68,489.203,0.0,1.0,0,L,1,0,d64_20261005_201429
9_george_22.wav,9,5,5,1,64,64,68,489.192,0.0,1.0,0,L,1,0,d64_20261005_201429
9_george_23.wav,9,3,3,1,64,64,68,489.202,0.0,1.0,0,L,1,0,d64_20261005_201429
9_george_24.wav,9,9,9,1,64,64,68,489.201,0.0,1.0,0,L,1,0,d64_20261005_201429
9_george_25.wav,9,9,9,1,64,64,68,489.204,0.0,1.0,0,L,1,0,d64_20261005_201429
9_george_26.wav,9,5,5,1,64,64,68,489.202,0.0,1.0,0,L,1,0,d64_20261005_201429
9_george_27.wav,9,7,7,1,64,64,68,489.194,0.0,1.0,0,L,1,0,d64_20261005_201429
9_george_28.wav,9,9,9,1,64,64,68,489.202,0.0,1.0,0,L,1,0,d64_20261005_201429
9_george_29.wav,9,5,5,1,64,64,68,489.204,0.0,1.0,0,L,1,0,d64_20261005_201429
9_george_3.wav,9,1,1,1,64,64,68,489.197,0.0,1.0,0,L,1,0,d64_20261005_201429
9_george_30.wav,9,8,8,1,64,64,68,489.199,0.0,1.0,0,L,1,0,d64_20261005_201429
9_george_31.wav,9,8,8,1,64,64,68,489.201,0.0,1.0,0,L,1,0,d64_20261005_201429
9_george_32.wav,9,5,5,1,64,64,68,489.2,0.0,1.0,0,L,1,0,d64_20261005_201429
9_george_33.wav,9,8,8,1,64,64,68,489.201,0.0,1.0,0,L,1,0,d64_20261005_201429
9_george_34.wav,9,5,5,1,64,64,68,489.201,0.0,1.0,0,L,1,0,d64_20261005_201429
9_george_35.wav,9,5,5,1,64,64,68,489.202,0.0,1.0,0,L,1,0,d64_20261005_201429
9_george_36.wav,9,5,5,1,64,64,68,489.199,0.0,1.0,0,L,1,0,d64_20261005_201429
9_george_37.wav,9,9,9,1,64,64,68,489.201,0.0,1.0,0,L,1,0,d64_20261005_201429
9_george_38.wav,9,5,5,1,64,64,68,489.202,0.0,1.0,0,L,1,0,d64_20261005_201429
9_george_39.wav,9,9,9,1,64,64,68,489.204,0.0,1.0,0,L,1,0,d64_20261005_201429
9_george_4.wav,9,9,9,1,64,64,68,489.191,0.0,1.0,0,L,1,0,d64_20261005_201429
9_george_40.wav,9,1,1,1,64,64,68,489.199,0.0,1.0,0,L,1,0,d64_20261005_201429
9_george_41.wav,9,9,9,1,64,64,68,489.201,0.0,1.0,0,L,1,0,d64_20261005_201429
9_george_42.wav,9,6,6,1,64,64,68,489.201,0.0,1.0,0,L,1,0,d64_20261005_201429
9_george_43.wav,9,8,8,1,64,64,68,489.202,0.0,1.0,0,L,1,0,d64_20261005_201429
9_george_44.wav,9,9,9,1,64,64,68,489.201,0.0,1.0,0,L,1,0,d64_20261005_201429
9_george_45.wav,9,8,8,1,64,64,68,489.198,0.0,1.0,0,L,1,0,d64_20261005_201429
9_george_46.wav,9,9,9,1,64,64,68,489.202,0.0,1.0,0,L,1,0,d64_20261005_201429
9_george_47.wav,9,9,9,1,64,64,68,489.202,0.0,1.0,0,L,1,0,d64_20261005_201429
9_george_48.wav,9,9,9,1,64,64,68,489.199,0.0,1.0,0,L,1,0,d64_20261005_201429
9_george_49.wav,9,9,9,1,64,64,68,489.202,0.0,1.0,0,L,1,0,d64_20261005_201429
9_george_5.wav,9,9,9,1,64,64,68,489.202,0.0,1.0,0,L,1,0,d64_20261005_201429
9_george_6.wav,9,9,9,1,64,64,68,489.197,0.0,1.0,0,L,1,0,d64_20261005_201429
9_george_7.wav,9,5,5,1,64,64,68,489.196,0.0,1.0,0,L,1,0,d64_20261005_201429
9_george_8.wav,9,9,9,1,64,64,68,489.203,0.0,1.0,0,L,1,0,d64_20261005_201429
9_george_9.wav,9,9,9,1,64,64,68,489.199,0.0,1.0,0,L,1,0,d64_20261005_201429
0_george_0.wav,0,6,6,1,64,64,68,489.032,87.327,1.0,0,A,1,0,d64_20261005_201429
0_george_1.wav,0,0,0,1,64,64,68,489.027,87.288,1.0,0,A,1,0,d64_20261005_201429
0_george_10.wav,0,7,7,1,64,64,68,489.023,87.296,1.0,0,A,1,0,d64_20261005_201429
0_george_11.wav,0,9,9,1,64,64,68,489.032,87.293,1.0,0,A,1,0,d64_20261005_201429
0_george_12.wav,0,9,9,1,64,64,68,489.031,87.299,1.0,0,A,1,0,d64_20261005_201429
0_george_13.wav,0,9,9,1,64,64,68,489.029,87.283,1.0,0,A,1,0,d64_20261005_201429
0_george_14.wav,0,9,9,1,64,64,68,489.027,87.29,1.0,0,A,1,0,d64_20261005_201429
0_george_15.wav,0,9,9,1,64,64,68,489.026,87.296,1.0,0,A,1,0,d64_20261005_201429
0_george_16.wav,0,0,0,1,64,64,68,489.031,87.299,1.0,0,A,1,0,d64_20261005_201429
0_george_17.wav,0,0,0,1,64,64,68,489.026,87.294,1.0,0,A,1,0,d64_20261005_201429
0_george_18.wav,0,3,3,1,64,64,68,489.027,87.286,1.0,0,A,1,0,d64_20261005_201429
0_george_19.wav,0,0,0,1,64,64,68,489.025,87.281,1.0,0,A,1,0,d64_20261005_201429
0_george_2.wav,0,3,3,1,64,64,68,489.028,87.283,1.0,0,A,1,0,d64_20261005_201429
0_george_20.wav,0,0,0,1,64,64,68,489.024,87.282,1.0,0,A,1,0,d64_20261005_201429
0_george_21.wav,0,3,3,1,64,64,68,489.025,87.3,1.0,0,A,1,0,d64_20261005_201429
0_george_22.wav,0,0,0,1,64,64,68,489.023,87.29,1.0,0,A,1,0,d64_20261005_201429
0_george_23.wav,0,7,7,1,64,64,68,489.026,87.294,1.0,0,A,1,0,d64_20261005_201429
0_george_24.wav,0,9,9,1,64,64,68,489.03,87.287,1.0,0,A,1,0,d64_20261005_201429
0_george_25.wav,0,7,7,1,64,64,68,489.029,87.293,1.0,0,A,1,0,d64_20261005_201429
0_george_26.wav,0,0,0,1,64,64,68,489.029,87.295,1.0,0,A,1,0,d64_20261005_201429
0_george_27.wav,0,3,3,1,64,64,68,489.023,87.296,1.0,0,A,1,0,d64_20261005_201429
0_george_28.wav,0,0,0,1,64,64,68,489.028,87.286,1.0,0,A,1,0,d64_20261005_201429
0_george_29.wav,0,9,9,1,64,64,68,489.027,87.296,1.0,0,A,1,0,d64_20261005_201429
0_george_3.wav,0,9,9,1,64,64,68,489.028,87.284,1.0,0,A,1,0,d64_20261005_201429
0_george_30.wav,0,7,7,1,64,64,68,489.032,87.288,1.0,0,A,1,0,d64_20261005_201429
0_george_31.wav,0,8,8,1,64,64,68,489.028,87.275,1.0,0,A,1,0,d64_20261005_201429
0_george_32.wav,0,5,5,1,64,64,68,489.03,87.291,1.0,0,A,1,0,d64_20261005_201429
0_george_33.wav,0,7,7,1,64,64,68,489.024,87.288,1.0,0,A,1,0,d64_20261005_201429
0_george_34.wav,0,5,5,1,64,64,68,489.032,87.304,1.0,0,A,1,0,d64_20261005_201429
0_george_35.wav,0,7,7,1,64,64,68,489.028,87.28,1.0,0,A,1,0,d64_20261005_201429
0_george_36.wav,0,7,7,1,64,64,68,489.029,87.289,1.0,0,A,1,0,d64_20261005_201429
0_george_37.wav,0,2,2,1,64,64,68,489.025,87.278,1.0,0,A,1,0,d64_20261005_201429
0_george_38.wav,0,4,4,1,64,64,68,489.03,87.285,1.0,0,A,1,0,d64_20261005_201429
0_george_39.wav,0,5,5,1,64,64,68,489.026,87.289,1.0,0,A,1,0,d64_20261005_201429
0_george_4.wav,0,9,9,1,64,64,68,489.03,87.294,1.0,0,A,1,0,d64_20261005_201429
0_george_40.wav,0,0,0,1,64,64,68,489.029,87.286,1.0,0,A,1,0,d64_20261005_201429
0_george_41.wav,0,0,0,1,64,64,68,489.029,87.304,1.0,0,A,1,0,d64_20261005_201429
0_george_42.wav,0,0,0,1,64,64,68,489.03,87.283,1.0,0,A,1,0,d64_20261005_201429
0_george_43.wav,0,7,7,1,64,64,68,489.031,87.299,1.0,0,A,1,0,d64_20261005_201429
0_george_44.wav,0,7,7,1,64,64,68,489.029,87.296,1.0,0,A,1,0,d64_20261005_201429
0_george_45.wav,0,9,9,1,64,64,68,489.028,87.285,1.0,0,A,1,0,d64_20261005_201429
0_george_46.wav,0,9,9,1,64,64,68,489.028,87.288,1.0,0,A,1,0,d64_20261005_201429
0_george_47.wav,0,9,9,1,64,64,68,489.028,87.288,1.0,0,A,1,0,d64_20261005_201429
0_george_48.wav,0,9,9,1,64,64,68,489.027,87.285,1.0,0,A,1,0,d64_20261005_201429
0_george_49.wav,0,9,9,1,64,64,68,489.029,87.297,1.0,0,A,1,0,d64_20261005_201429
0_george_5.wav,0,3,3,1,64,64,68,489.028,87.286,1.0,0,A,1,0,d64_20261005_201429
0_george_6.wav,0,7,7,1,64,64,68,489.026,87.29,1.0,0,A,1,0,d64_20261005_201429
0_george_7.wav,0,3,3,1,64,64,68,489.027,87.289,1.0,0,A,1,0,d64_20261005_201429
0_george_8.wav,0,9,9,1,64,64,68,489.032,87.288,1.0,0,A,1,0,d64_20261005_201429
0_george_9.wav,0,9,9,1,64,64,68,489.028,87.297,1.0,0,A,1,0,d64_20261005_201429
1_george_0.wav,1,5,5,1,64,64,68,489.028,87.288,1.0,0,A,1,0,d64_20261005_201429
1_george_1.wav,1,1,1,1,64,64,68,489.028,87.285,1.0,0,A,1,0,d64_20261005_201429
1_george_10.wav,1,1,1,1,64,64,68,489.03,87.292,1.0,0,A,1,0,d64_20261005_201429
1_george_11.wav,1,1,1,1,64,64,68,489.032,87.28,1.0,0,A,1,0,d64_20261005_201429
1_george_12.wav,1,1,1,1,64,64,68,489.029,87.296,1.0,0,A,1,0,d64_20261005_201429
1_george_13.wav,1,9,9,1,64,64,68,489.025,87.29,1.0,0,A,1,0,d64_20261005_201429
1_george_14.wav,1,1,1,1,64,64,68,489.03,87.29,1.0,0,A,1,0,d64_20261005_201429
1_george_15.wav,1,1,1,1,64,64,68,489.027,87.278,1.0,0,A,1,0,d64_20261005_201429
1_george_16.wav,1,9,9,1,64,64,68,489.025,87.295,1.0,0,A,1,0,d64_20261005_201429
1_george_17.wav,1,9,9,1,64,64,68,489.029,87.284,1.0,0,A,1,0,d64_20261005_201429
1_george_18.wav,1,9,9,1,64,64,68,489.027,87.289,1.0,0,A,1,0,d64_20261005_201429
1_george_19.wav,1,9,9,1,64,64,68,489.026,87.28,1.0,0,A,1,0,d64_20261005_201429
1_george_2.wav,1,5,5,1,64,64,68,489.03,87.29,1.0,0,A,1,0,d64_20261005_201429
1_george_20.wav,1,1,1,1,64,64,68,489.027,87.282,1.0,0,A,1,0,d64_20261005_201429
1_george_21.wav,1,1,1,1,64,64,68,489.034,87.287,1.0,0,A,1,0,d64_20261005_201429
1_george_22.wav,1,1,1,1,64,64,68,489.029,87.293,1.0,0,A,1,0,d64_20261005_201429
1_george_23.wav,1,1,1,1,64,64,68,489.029,87.294,1.0,0,A,1,0,d64_20261005_201429
1_george_24.wav,1,5,5,1,64,64,68,489.03,87.28,1.0,0,A,1,0,d64_20261005_201429
1_george_25.wav,1,1,1,1,64,64,68,489.025,87.283,1.0,0,A,1,0,d64_20261005_201429
1_george_26.wav,1,9,9,1,64,64,68,489.028,87.293,1.0,0,A,1,0,d64_20261005_201429
1_george_27.wav,1,5,5,1,64,64,68,489.028,87.287,1.0,0,A,1,0,d64_20261005_201429
1_george_28.wav,1,5,5,1,64,64,68,489.025,87.284,1.0,0,A,1,0,d64_20261005_201429
1_george_29.wav,1,9,9,1,64,64,68,489.023,87.288,1.0,0,A,1,0,d64_20261005_201429
1_george_3.wav,1,9,9,1,64,64,68,489.027,87.289,1.0,0,A,1,0,d64_20261005_201429
1_george_30.wav,1,8,8,1,64,64,68,489.031,87.3,1.0,0,A,1,0,d64_20261005_201429
1_george_31.wav,1,8,8,1,64,64,68,489.028,87.283,1.0,0,A,1,0,d64_20261005_201429
1_george_32.wav,1,6,6,1,64,64,68,489.027,87.3,1.0,0,A,1,0,d64_20261005_201429
1_george_33.wav,1,5,5,1,64,64,68,489.031,87.281,1.0,0,A,1,0,d64_20261005_201429
1_george_34.wav,1,1,1,1,64,64,68,489.033,87.28,1.0,0,A,1,0,d64_20261005_201429
1_george_35.wav,1,8,8,1,64,64,68,489.027,87.292,1.0,0,A,1,0,d64_20261005_201429
1_george_36.wav,1,9,9,1,64,64,68,489.028,87.287,1.0,0,A,1,0,d64_20261005_201429
1_george_37.wav,1,6,6,1,64,64,68,489.028,87.277,1.0,0,A,1,0,d64_20261005_201429
1_george_38.wav,1,8,8,1,64,64,68,489.031,87.279,1.0,0,A,1,0,d64_20261005_201429
1_george_39.wav,1,8,8,1,64,64,68,489.024,87.283,1.0,0,A,1,0,d64_20261005_201429
1_george_4.wav,1,1,1,1,64,64,68,489.029,87.288,1.0,0,A,1,0,d64_20261005_201429
1_george_40.wav,1,1,1,1,64,64,68,489.027,87.289,1.0,0,A,1,0,d64_20261005_201429
1_george_41.wav,1,1,1,1,64,64,68,489.031,87.281,1.0,0,A,1,0,d64_20261005_201429
1_george_42.wav,1,1,1,1,64,64,68,489.024,87.29,1.0,0,A,1,0,d64_20261005_201429
1_george_43.wav,1,1,1,1,64,64,68,489.031,87.285,1.0,0,A,1,0,d64_20261005_201429
1_george_44.wav,1,1,1,1,64,64,68,489.028,87.283,1.0,0,A,1,0,d64_20261005_201429
1_george_45.wav,1,1,1,1,64,64,68,489.032,87.285,1.0,0,A,1,0,d64_20261005_201429
1_george_46.wav,1,1,1,1,64,64,68,489.026,87.28,1.0,0,A,1,0,d64_20261005_201429
1_george_47.wav,1,1,1,1,64,64,68,489.031,87.284,1.0,0,A,1,0,d64_20261005_201429
1_george_48.wav,1,1,1,1,64,64,68,489.031,87.291,1.0,0,A,1,0,d64_20261005_201429
1_george_49.wav,1,1,1,1,64,64,68,489.031,87.29,1.0,0,A,1,0,d64_20261005_201429
1_george_5.wav,1,5,5,1,64,64,68,489.028,87.284,1.0,0,A,1,0,d64_20261005_201429
1_george_6.wav,1,1,1,1,64,64,68,489.024,87.289,1.0,0,A,1,0,d64_20261005_201429
1_george_7.wav,1,5,5,1,64,64,68,489.027,87.284,1.0,0,A,1,0,d64_20261005_201429
1_george_8.wav,1,5,5,1,64,64,68,489.031,87.29,1.0,0,A,1,0,d64_20261005_201429
1_george_9.wav,1,1,1,1,64,64,68,489.025,87.285,1.0,0,A,1,0,d64_20261005_201429
2_george_0.wav,2,6,6,1,64,64,68,489.026,87.307,1.0,0,A,1,0,d64_20261005_201429
2_george_1.wav,2,6,6,1,64,64,68,489.028,87.291,1.0,0,A,1,0,d64_20261005_201429
2_george_10.wav,2,7,7,1,64,64,68,489.032,87.289,1.0,0,A,1,0,d64_20261005_201429
2_george_11.wav,2,3,3,1,64,64,68,489.028,87.279,1.0,0,A,1,0,d64_20261005_201429
2_george_12.wav,2,7,7,1,64,64,68,489.033,87.283,1.0,0,A,1,0,d64_20261005_201429
2_george_13.wav,2,4,4,1,64,64,68,489.028,87.288,1.0,0,A,1,0,d64_20261005_201429
2_george_14.wav,2,7,7,1,64,64,68,489.028,87.293,1.0,0,A,1,0,d64_20261005_201429
2_george_15.wav,2,7,7,1,64,64,68,489.031,87.301,1.0,0,A,1,0,d64_20261005_201429
2_george_16.wav,2,7,7,1,64,64,68,489.03,87.288,1.0,0,A,1,0,d64_20261005_201429
2_george_17.wav,2,7,7,1,64,64,68,489.027,87.286,1.0,0,A,1,0,d64_20261005_201429
2_george_18.wav,2,7,7,1,64,64,68,489.032,87.311,1.0,0,A,1,0,d64_20261005_201429
2_george_19.wav,2,7,7,1,64,64,68,489.028,87.298,1.0,0,A,1,0,d64_20261005_201429
2_george_2.wav,2,3,3,1,64,64,68,489.031,87.302,1.0,0,A,1,0,d64_20261005_201429
2_george_20.wav,2,8,8,1,64,64,68,489.029,87.287,1.0,0,A,1,0,d64_20261005_201429
2_george_21.wav,2,8,8,1,64,64,68,489.032,87.315,1.0,0,A,1,0,d64_20261005_201429
2_george_22.wav,2,7,7,1,64,64,68,489.029,87.31,1.0,0,A,1,0,d64_20261005_201429
2_george_23.wav,2,7,7,1,64,64,68,489.031,87.298,1.0,0,A,1,0,d64_20261005_201429
2_george_24.wav,2,3,3,1,64,64,68,489.029,87.277,1.0,0,A,1,0,d64_20261005_201429
2_george_25.wav,2,8,8,1,64,64,68,489.028,87.313,1.0,0,A,1,0,d64_20261005_201429
2_george_26.wav,2,8,8,1,64,64,68,489.027,87.285,1.0,0,A,1,0,d64_20261005_201429
2_george_27.wav,2,8,8,1,64,64,68,489.031,87.303,1.0,0,A,1,0,d64_20261005_201429
2_george_28.wav,2,7,7,1,64,64,68,489.029,87.29,1.0,0,A,1,0,d64_20261005_201429
2_george_29.wav,2,7,7,1,64,64,68,489.031,87.287,1.0,0,A,1,0,d64_20261005_201429
2_george_3.wav,2,7,7,1,64,64,68,489.026,87.291,1.0,0,A,1,0,d64_20261005_201429
2_george_30.wav,2,8,8,1,64,64,68,489.025,87.316,1.0,0,A,1,0,d64_20261005_201429
2_george_31.wav,2,8,8,1,64,64,68,489.03,87.306,1.0,0,A,1,0,d64_20261005_201429
2_george_32.wav,2,7,7,1,64,64,68,489.028,87.319,1.0,0,A,1,0,d64_20261005_201429
2_george_33.wav,2,7,7,1,64,64,68,489.028,87.311,1.0,0,A,1,0,d64_20261005_201429
2_george_34.wav,2,5,5,1,64,64,68,489.033,87.305,1.0,0,A,1,0,d64_20261005_201429
2_george_35.wav,2,8,8,1,64,64,68,489.029,87.285,1.0,0,A,1,0,d64_20261005_201429
2_george_36.wav,2,5,5,1,64,64,68,489.032,87.307,1.0,0,A,1,0,d64_20261005_201429
2_george_37.wav,2,8,8,1,64,64,68,489.027,87.308,1.0,0,A,1,0,d64_20261005_201429
2_george_38.wav,2,7,7,1,64,64,68,489.03,87.316,1.0,0,A,1,0,d64_20261005_201429
2_george_39.wav,2,7,7,1,64,64,68,489.027,87.299,1.0,0,A,1,0,d64_20261005_201429
2_george_4.wav,2,2,2,1,64,64,68,489.027,87.314,1.0,0,A,1,0,d64_20261005_201429
2_george_40.wav,2,2,2,1,64,64,68,489.026,87.289,1.0,0,A,1,0,d64_20261005_201429
2_george_41.wav,2,8,8,1,64,64,68,489.033,87.313,1.0,0,A,1,0,d64_20261005_201429
2_george_42.wav,2,8,8,1,64,64,68,489.027,87.313,1.0,0,A,1,0,d64_20261005_201429
2_george_43.wav,2,8,8,1,64,64,68,489.029,87.306,1.0,0,A,1,0,d64_20261005_201429
2_george_44.wav,2,2,2,1,64,64,68,489.028,87.283,1.0,0,A,1,0,d64_20261005_201429
2_george_45.wav,2,7,7,1,64,64,68,489.031,87.286,1.0,0,A,1,0,d64_20261005_201429
2_george_46.wav,2,8,8,1,64,64,68,489.023,87.308,1.0,0,A,1,0,d64_20261005_201429
2_george_47.wav,2,8,8,1,64,64,68,489.031,87.29,1.0,0,A,1,0,d64_20261005_201429
2_george_48.wav,2,8,8,1,64,64,68,489.026,87.289,1.0,0,A,1,0,d64_20261005_201429
2_george_49.wav,2,8,8,1,64,64,68,489.027,87.289,1.0,0,A,1,0,d64_20261005_201429
2_george_5.wav,2,4,4,1,64,64,68,489.03,87.307,1.0,0,A,1,0,d64_20261005_201429
2_george_6.wav,2,8,8,1,64,64,68,489.031,87.284,1.0,0,A,1,0,d64_20261005_201429
2_george_7.wav,2,3,3,1,64,64,68,489.028,87.31,1.0,0,A,1,0,d64_20261005_201429
2_george_8.wav,2,4,4,1,64,64,68,489.032,87.289,1.0,0,A,1,0,d64_20261005_201429
2_george_9.wav,2,3,3,1,64,64,68,489.027,87.282,1.0,0,A,1,0,d64_20261005_201429
3_george_0.wav,3,3,3,1,64,64,68,489.032,87.292,1.0,0,A,1,0,d64_20261005_201429
3_george_1.wav,3,2,2,1,64,64,68,489.027,87.296,1.0,0,A,1,0,d64_20261005_201429
3_george_10.wav,3,7,7,1,64,64,68,489.028,87.305,1.0,0,A,1,0,d64_20261005_201429
3_george_11.wav,3,8,8,1,64,64,68,489.027,87.304,1.0,0,A,1,0,d64_20261005_201429
3_george_12.wav,3,8,8,1,64,64,68,489.028,87.288,1.0,0,A,1,0,d64_20261005_201429
3_george_13.wav,3,9,9,1,64,64,68,489.021,87.305,1.0,0,A,1,0,d64_20261005_201429
3_george_14.wav,3,8,8,1,64,64,68,489.031,87.308,1.0,0,A,1,0,d64_20261005_201429
3_george_15.wav,3,8,8,1,64,64,68,489.029,87.29,1.0,0,A,1,0,d64_20261005_201429
3_george_16.wav,3,5,5,1,64,64,68,489.027,87.304,1.0,0,A,1,0,d64_20261005_201429
3_george_17.wav,3,8,8,1,64,64,68,489.029,87.279,1.0,0,A,1,0,d64_20261005_201429
3_george_18.wav,3,8,8,1,64,64,68,489.029,87.31,1.0,0,A,1,0,d64_20261005_201429
3_george_19.wav,3,8,8,1,64,64,68,489.029,87.303,1.0,0,A,1,0,d64_20261005_201429
3_george_2.wav,3,3,3,1,64,64,68,489.028,87.303,1.0,0,A,1,0,d64_20261005_201429
3_george_20.wav,3,6,6,1,64,64,68,489.029,87.277,1.0,0,A,1,0,d64_20261005_201429
3_george_21.wav,3,8,8,1,64,64,68,489.031,87.291,1.0,0,A,1,0,d64_20261005_201429
3_george_22.wav,3,8,8,1,64,64,68,489.028,87.291,1.0,0,A,1,0,d64_20261005_201429
3_george_23.wav,3,6,6,1,64,64,68,489.029,87.302,1.0,0,A,1,0,d64_20261005_201429
3_george_24.wav,3,8,8,1,64,64,68,489.027,87.279,1.0,0,A,1,0,d64_20261005_201429
3_george_25.wav,3,8,8,1,64,64,68,489.023,87.309,1.0,0,A,1,0,d64_20261005_201429
3_george_26.wav,3,1,1,1,64,64,68,489.03,87.298,1.0,0,A,1,0,d64_20261005_201429
3_george_27.wav,3,8,8,1,64,64,68,489.03,87.305,1.0,0,A,1,0,d64_20261005_201429
3_george_28.wav,3,8,8,1,64,64,68,489.03,87.285,1.0,0,A,1,0,d64_20261005_201429
3_george_29.wav,3,8,8,1,64,64,68,489.032,87.303,1.0,0,A,1,0,d64_20261005_201429
3_george_3.wav,3,7,7,1,64,64,68,489.027,87.297,1.0,0,A,1,0,d64_20261005_201429
3_george_30.wav,3,8,8,1,64,64,68,489.03,87.299,1.0,0,A,1,0,d64_20261005_201429
3_george_31.wav,3,8,8,1,64,64,68,489.026,87.304,1.0,0,A,1,0,d64_20261005_201429
3_george_32.wav,3,8,8,1,64,64,68,489.03,87.29,1.0,0,A,1,0,d64_20261005_201429
3_george_33.wav,3,8,8,1,64,64,68,489.029,87.28,1.0,0,A,1,0,d64_20261005_201429
3_george_34.wav,3,8,8,1,64,64,68,489.033,87.299,1.0,0,A,1,0,d64_20261005_201429
3_george_35.wav,3,8,8,1,64,64,68,489.026,87.309,1.0,0,A,1,0,d64_20261005_201429
3_george_36.wav,3,8,8,1,64,64,68,489.03,87.306,1.0,0,A,1,0,d64_20261005_201429
3_george_37.wav,3,8,8,1,64,64,68,489.029,87.286,1.0,0,A,1,0,d64_20261005_201429
3_george_38.wav,3,8,8,1,64,64,68,489.03,87.315,1.0,0,A,1,0,d64_20261005_201429
3_george_39.wav,3,6,6,1,64,64,68,489.028,87.284,1.0,0,A,1,0,d64_20261005_201429
3_george_4.wav,3,3,3,1,64,64,68,489.031,87.288,1.0,0,A,1,0,d64_20261005_201429
3_george_40.wav,3,3,3,1,64,64,68,489.028,87.298,1.0,0,A,1,0,d64_20261005_201429
3_george_41.wav,3,1,1,1,64,64,68,489.024,87.293,1.0,0,A,1,0,d64_20261005_201429
3_george_42.wav,3,8,8,1,64,64,68,489.028,87.282,1.0,0,A,1,0,d64_20261005_201429
3_george_43.wav,3,1,1,1,64,64,68,489.03,87.303,1.0,0,A,1,0,d64_20261005_201429
3_george_44.wav,3,6,6,1,64,64,68,489.029,87.286,1.0,0,A,1,0,d64_20261005_201429
3_george_45.wav,3,8,8,1,64,64,68,489.031,87.3,1.0,0,A,1,0,d64_20261005_201429
3_george_46.wav,3,8,8,1,64,64,68,489.024,87.287,1.0,0,A,1,0,d64_20261005_201429
3_george_47.wav,3,8,8,1,64,64,68,489.028,87.29,1.0,0,A,1,0,d64_20261005_201429
3_george_48.wav,3,8,8,1,64,64,68,489.03,87.294,1.0,0,A,1,0,d64_20261005_201429
3_george_49.wav,3,8,8,1,64,64,68,489.031,87.289,1.0,0,A,1,0,d64_20261005_201429
3_george_5.wav,3,8,8,1,64,64,68,489.029,87.303,1.0,0,A,1,0,d64_20261005_201429
3_george_6.wav,3,8,8,1,64,64,68,489.029,87.301,1.0,0,A,1,0,d64_20261005_201429
3_george_7.wav,3,8,8,1,64,64,68,489.023,87.291,1.0,0,A,1,0,d64_20261005_201429
3_george_8.wav,3,8,8,1,64,64,68,489.033,87.29,1.0,0,A,1,0,d64_20261005_201429
3_george_9.wav,3,8,8,1,64,64,68,489.027,87.284,1.0,0,A,1,0,d64_20261005_201429
4_george_0.wav,4,7,7,1,64,64,68,489.029,87.292,1.0,0,A,1,0,d64_20261005_201429
4_george_1.wav,4,4,4,1,64,64,68,489.029,87.277,1.0,0,A,1,0,d64_20261005_201429
4_george_10.wav,4,5,5,1,64,64,68,489.025,87.301,1.0,0,A,1,0,d64_20261005_201429
4_george_11.wav,4,4,4,1,64,64,68,489.026,87.285,1.0,0,A,1,0,d64_20261005_201429
4_george_12.wav,4,5,5,1,64,64,68,489.033,87.29,1.0,0,A,1,0,d64_20261005_201429
4_george_13.wav,4,7,7,1,64,64,68,489.027,87.283,1.0,0,A,1,0,d64_20261005_201429
4_george_14.wav,4,5,5,1,64,64,68,489.03,87.285,1.0,0,A,1,0,d64_20261005_201429
4_george_15.wav,4,4,4,1,64,64,68,489.025,87.288,1.0,0,A,1,0,d64_20261005_201429
4_george_16.wav,4,9,9,1,64,64,68,489.031,87.286,1.0,0,A,1,0,d64_20261005_201429
4_george_17.wav,4,5,5,1,64,64,68,489.027,87.29,1.0,0,A,1,0,d64_20261005_201429
4_george_18.wav,4,5,5,1,64,64,68,489.029,87.282,1.0,0,A,1,0,d64_20261005_201429
4_george_19.wav,4,4,4,1,64,64,68,489.024,87.284,1.0,0,A,1,0,d64_20261005_201429
4_george_2.wav,4,9,9,1,64,64,68,489.028,87.288,1.0,0,A,1,0,d64_20261005_201429
4_george_20.wav,4,9,9,1,64,64,68,489.029,87.297,1.0,0,A,1,0,d64_20261005_201429
4_george_21.wav,4,7,7,1,64,64,68,489.028,87.295,1.0,0,A,1,0,d64_20261005_201429
4_george_22.wav,4,7,7,1,64,64,68,489.027,87.282,1.0,0,A,1,0,d64_20261005_201429
4_george_23.wav,4,5,5,1,64,64,68,489.029,87.292,1.0,0,A,1,0,d64_20261005_201429
4_george_24.wav,4,9,9,1,64,64,68,489.03,87.291,1.0,0,A,1,0,d64_20261005_201429
4_george_25.wav,4,9,9,1,64,64,68,489.032,87.281,1.0,0,A,1,0,d64_20261005_201429
4_george_26.wav,4,5,5,1,64,64,68,489.027,87.293,1.0,0,A,1,0,d64_20261005_201429
4_george_27.wav,4,4,4,1,64,64,68,489.028,87.287,1.0,0,A,1,0,d64_20261005_201429
4_george_28.wav,4,5,5,1,64,64,68,489.027,87.285,1.0,0,A,1,0,d64_20261005_201429
4_george_29.wav,4,7,7,1,64,64,68,489.032,87.283,1.0,0,A,1,0,d64_20261005_201429
4_george_3.wav,4,9,9,1,64,64,68,489.026,87.283,1.0,0,A,1,0,d64_20261005_201429
4_george_30.wav,4,9,9,1,64,64,68,489.033,87.286,1.0,0,A,1,0,d64_20261005_201429
4_george_31.wav,4,5,5,1,64,64,68,489.027,87.283,1.0,0,A,1,0,d64_20261005_201429
4_george_32.wav,4,9,9,1,64,64,68,489.032,87.287,1.0,0,A,1,0,d64_20261005_201429
4_george_33.wav,4,7,7,1,64,64,68,489.031,87.283,1.0,0,A,1,0,d64_20261005_201429
4_george_34.wav,4,4,4,1,64,64,68,489.029,87.288,1.0,0,A,1,0,d64_20261005_201429
4_george_35.wav,4,4,4,1,64,64,68,489.026,87.294,1.0,0,A,1,0,d64_20261005_201429
4_george_36.wav,4,5,5,1,64,64,68,489.029,87.293,1.0,0,A,1,0,d64_20261005_201429
4_george_37.wav,4,5,5,1,64,64,68,489.029,87.284,1.0,0,A,1,0,d64_20261005_201429
4_george_38.wav,4,5,5,1,64,64,68,489.029,87.313,1.0,0,A,1,0,d64_20261005_201429
4_george_39.wav,4,5,5,1,64,64,68,489.03,87.289,1.0,0,A,1,0,d64_20261005_201429
4_george_4.wav,4,9,9,1,64,64,68,489.028,87.281,1.0,0,A,1,0,d64_20261005_201429
4_george_40.wav,4,7,7,1,64,64,68,489.031,87.277,1.0,0,A,1,0,d64_20261005_201429
4_george_41.wav,4,4,4,1,64,64,68,489.031,87.298,1.0,0,A,1,0,d64_20261005_201429
4_george_42.wav,4,4,4,1,64,64,68,489.028,87.282,1.0,0,A,1,0,d64_20261005_201429
4_george_43.wav,4,5,5,1,64,64,68,489.028,87.288,1.0,0,A,1,0,d64_20261005_201429
4_george_44.wav,4,4,4,1,64,64,68,489.025,87.295,1.0,0,A,1,0,d64_20261005_201429
4_george_45.wav,4,7,7,1,64,64,68,489.03,87.286,1.0,0,A,1,0,d64_20261005_201429
4_george_46.wav,4,5,5,1,64,64,68,489.027,87.281,1.0,0,A,1,0,d64_20261005_201429
4_george_47.wav,4,5,5,1,64,64,68,489.032,87.296,1.0,0,A,1,0,d64_20261005_201429
4_george_48.wav,4,3,3,1,64,64,68,489.03,87.286,1.0,0,A,1,0,d64_20261005_201429
4_george_49.wav,4,7,7,1,64,64,68,489.032,87.287,1.0,0,A,1,0,d64_20261005_201429
4_george_5.wav,4,4,4,1,64,64,68,489.03,87.284,1.0,0,A,1,0,d64_20261005_201429
4_george_6.wav,4,3,3,1,64,64,68,489.024,87.296,1.0,0,A,1,0,d64_20261005_201429
4_george_7.wav,4,7,7,1,64,64,68,489.028,87.288,1.0,0,A,1,0,d64_20261005_201429
4_george_8.wav,4,5,5,1,64,64,68,489.027,87.292,1.0,0,A,1,0,d64_20261005_201429
4_george_9.wav,4,3,3,1,64,64,68,489.027,87.294,1.0,0,A,1,0,d64_20261005_201429
5_george_0.wav,5,5,5,1,64,64,68,489.032,87.286,1.0,0,A,1,0,d64_20261005_201429
5_george_1.wav,5,9,9,1,64,64,68,489.03,87.285,1.0,0,A,1,0,d64_20261005_201429
5_george_10.wav,5,5,5,1,64,64,68,489.029,87.288,1.0,0,A,1,0,d64_20261005_201429
5_george_11.wav,5,5,5,1,64,64,68,489.028,87.28,1.0,0,A,1,0,d64_20261005_201429
5_george_12.wav,5,5,5,1,64,64,68,489.029,87.29,1.0,0,A,1,0,d64_20261005_201429
5_george_13.wav,5,5,5,1,64,64,68,489.025,87.283,1.0,0,A,1,0,d64_20261005_201429
5_george_14.wav,5,5,5,1,64,64,68,489.032,87.293,1.0,0,A,1,0,d64_20261005_201429
5_george_15.wav,5,5,5,1,64,64,68,489.03,87.287,1.0,0,A,1,0,d64_20261005_201429
5_george_16.wav,5,5,5,1,64,64,68,489.028,87.284,1.0,0,A,1,0,d64_20261005_201429
5_george_17.wav,5,5,5,1,64,64,68,489.023,87.287,1.0,0,A,1,0,d64_20261005_201429
5_george_18.wav,5,5,5,1,64,64,68,489.028,87.286,1.0,0,A,1,0,d64_20261005_201429
5_george_19.wav,5,5,5,1,64,64,68,489.029,87.285,1.0,0,A,1,0,d64_20261005_201429
5_george_2.wav,5,5,5,1,64,64,68,489.03,87.286,1.0,0,A,1,0,d64_20261005_201429
5_george_20.wav,5,8,8,1,64,64,68,489.027,87.277,1.0,0,A,1,0,d64_20261005_201429
5_george_21.wav,5,5,5,1,64,64,68,489.029,87.288,1.0,0,A,1,0,d64_20261005_201429
5_george_22.wav,5,9,9,1,64,64,68,489.03,87.287,1.0,0,A,1,0,d64_20261005_201429
5_george_23.wav,5,7,7,1,64,64,68,489.033,87.281,1.0,0,A,1,0,d64_20261005_201429
5_george_24.wav,5,5,5,1,64,64,68,489.031,87.285,1.0,0,A,1,0,d64_20261005_201429
5_george_25.wav,5,7,7,1,64,64,68,489.031,87.288,1.0,0,A,1,0,d64_20261005_201429
5_george_26.wav,5,7,7,1,64,64,68,489.027,87.283,1.0,0,A,1,0,d64_20261005_201429
5_george_27.wav,5,7,7,1,64,64,68,489.03,87.284,1.0,0,A,1,0,d64_20261005_201429
5_george_28.wav,5,9,9,1,64,64,68,489.022,87.289,1.0,0,A,1,0,d64_20261005_201429
5_george_29.wav,5,5,5,1,64,64,68,489.028,87.292,1.0,0,A,1,0,d64_20261005_201429
5_george_3.wav,5,5,5,1,64,64,68,489.026,87.286,1.0,0,A,1,0,d64_20261005_201429
5_george_30.wav,5,8,8,1,64,64,68,489.033,87.295,1.0,0,A,1,0,d64_20261005_201429
5_george_31.wav,5,5,5,1,64,64,68,489.031,87.278,1.0,0,A,1,0,d64_20261005_201429
5_george_32.wav,5,5,5,1,64,64,68,489.029,87.287,1.0,0,A,1,0,d64_20261005_201429
5_george_33.wav,5,8,8,1,64,64,68,489.027,87.285,1.0,0,A,1,0,d64_20261005_201429
5_george_34.wav,5,5,5,1,64,64,68,489.029,87.286,1.0,0,A,1,0,d64_20261005_201429
5_george_35.wav,5,5,5,1,64,64,68,489.028,87.28,1.0,0,A,1,0,d64_20261005_201429
5_george_36.wav,5,7,7,1,64,64,68,489.031,87.288,1.0,0,A,1,0,d64_20261005_201429
5_george_37.wav,5,5,5,1,64,64,68,489.025,87.287,1.0,0,A,1,0,d64_20261005_201429
5_george_38.wav,5,8,8,1,64,64,68,489.032,87.282,1.0,0,A,1,0,d64_20261005_201429
5_george_39.wav,5,8,8,1,64,64,68,489.027,87.288,1.0,0,A,1,0,d64_20261005_201429
5_george_4.wav,5,5,5,1,64,64,68,489.033,87.288,1.0,0,A,1,0,d64_20261005_201429
5_george_40.wav,5,1,1,1,64,64,68,489.024,87.28,1.0,0,A,1,0,d64_20261005_201429
5_george_41.wav,5,5,5,1,64,64,68,489.032,87.282,1.0,0,A,1,0,d64_20261005_201429
5_george_42.wav,5,1,1,1,64,64,68,489.023,87.287,1.0,0,A,1,0,d64_20261005_201429
5_george_43.wav,5,9,9,1,64,64,68,489.034,87.288,1.0,0,A,1,0,d64_20261005_201429
5_george_44.wav,5,9,9,1,64,64,68,489.022,87.289,1.0,0,A,1,0,d64_20261005_201429
5_george_45.wav,5,5,5,1,64,64,68,489.033,87.295,1.0,0,A,1,0,d64_20261005_201429
5_george_46.wav,5,5,5,1,64,64,68,489.03,87.282,1.0,0,A,1,0,d64_20261005_201429
5_george_47.wav,5,9,9,1,64,64,68,489.029,87.289,1.0,0,A,1,0,d64_20261005_201429
5_george_48.wav,5,1,1,1,64,64,68,489.026,87.28,1.0,0,A,1,0,d64_20261005_201429
5_george_49.wav,5,9,9,1,64,64,68,489.03,87.284,1.0,0,A,1,0,d64_20261005_201429
5_george_5.wav,5,5,5,1,64,64,68,489.024,87.284,1.0,0,A,1,0,d64_20261005_201429
5_george_6.wav,5,5,5,1,64,64,68,489.031,87.287,1.0,0,A,1,0,d64_20261005_201429
5_george_7.wav,5,5,5,1,64,64,68,489.027,87.282,1.0,0,A,1,0,d64_20261005_201429
5_george_8.wav,5,5,5,1,64,64,68,489.032,87.291,1.0,0,A,1,0,d64_20261005_201429
5_george_9.wav,5,7,7,1,64,64,68,489.03,87.283,1.0,0,A,1,0,d64_20261005_201429
6_george_0.wav,6,6,6,1,64,64,68,489.03,87.303,1.0,0,A,1,0,d64_20261005_201429
6_george_1.wav,6,7,7,1,64,64,68,489.031,87.291,1.0,0,A,1,0,d64_20261005_201429
6_george_10.wav,6,8,8,1,64,64,68,489.031,87.294,1.0,0,A,1,0,d64_20261005_201429
6_george_11.wav,6,8,8,1,64,64,68,489.029,87.285,1.0,0,A,1,0,d64_20261005_201429
6_george_12.wav,6,8,8,1,64,64,68,489.029,87.302,1.0,0,A,1,0,d64_20261005_201429
6_george_13.wav,6,7,7,1,64,64,68,489.027,87.301,1.0,0,A,1,0,d64_20261005_201429
6_george_14.wav,6,6,6,1,64,64,68,489.033,87.298,1.0,0,A,1,0,d64_20261005_201429
6_george_15.wav,6,8,8,1,64,64,68,489.027,87.285,1.0,0,A,1,0,d64_20261005_201429
6_george_16.wav,6,8,8,1,64,64,68,489.03,87.281,1.0,0,A,1,0,d64_20261005_201429
6_george_17.wav,6,8,8,1,64,64,68,489.027,87.28,1.0,0,A,1,0,d64_20261005_201429
6_george_18.wav,6,8,8,1,64,64,68,489.026,87.293,0.984375,1,A,1,0,d64_20261005_201429
6_george_19.wav,6,8,8,1,64,64,68,489.028,87.299,1.0,0,A,1,0,d64_20261005_201429
6_george_2.wav,6,6,6,1,64,64,68,489.031,87.301,1.0,0,A,1,0,d64_20261005_201429
6_george_20.wav,6,6,6,1,64,64,68,489.028,87.285,1.0,0,A,1,0,d64_20261005_201429
6_george_21.wav,6,6,6,1,64,64,68,489.028,87.296,1.0,0,A,1,0,d64_20261005_201429
6_george_22.wav,6,6,6,1,64,64,68,489.023,87.288,1.0,0,A,1,0,d64_20261005_201429
6_george_23.wav,6,6,6,1,64,64,68,489.029,87.291,1.0,0,A,1,0,d64_20261005_201429
6_george_24.wav,6,8,8,1,64,64,68,489.028,87.294,1.0,0,A,1,0,d64_20261005_201429
6_george_25.wav,6,6,6,1,64,64,68,489.023,87.289,1.0,0,A,1,0,d64_20261005_201429
6_george_26.wav,6,8,8,1,64,64,68,489.03,87.284,1.0,0,A,1,0,d64_20261005_201429
6_george_27.wav,6,8,8,1,64,64,68,489.032,87.289,0.984375,1,A,1,0,d64_20261005_201429
6_george_28.wav,6,6,6,1,64,64,68,489.03,87.285,1.0,0,A,1,0,d64_20261005_201429
6_george_29.wav,6,6,6,1,64,64,68,489.031,87.299,1.0,0,A,1,0,d64_20261005_201429
6_george_3.wav,6,6,6,1,64,64,68,489.028,87.296,1.0,0,A,1,0,d64_20261005_201429
6_george_30.wav,6,6,6,1,64,64,68,489.03,87.296,1.0,0,A,1,0,d64_20261005_201429
6_george_31.wav,6,6,6,1,64,64,68,489.026,87.286,1.0,0,A,1,0,d64_20261005_201429
6_george_32.wav,6,8,8,1,64,64,68,489.029,87.299,1.0,0,A,1,0,d64_20261005_201429
6_george_33.wav,6,6,6,1,64,64,68,489.03,87.3,1.0,0,A,1,0,d64_20261005_201429
6_george_34.wav,6,6,6,1,64,64,68,489.028,87.286,1.0,0,A,1,0,d64_20261005_201429
6_george_35.wav,6,6,6,1,64,64,68,489.027,87.292,1.0,0,A,1,0,d64_20261005_201429
6_george_36.wav,6,6,6,1,64,64,68,489.031,87.298,1.0,0,A,1,0,d64_20261005_201429
6_george_37.wav,6,8,8,1,64,64,68,489.026,87.3,0.984375,1,A,1,0,d64_20261005_201429
6_george_38.wav,6,7,7,1,64,64,68,489.031,87.298,1.0,0,A,1,0,d64_20261005_201429
6_george_39.wav,6,6,6,1,64,64,68,489.025,87.291,1.0,0,A,1,0,d64_20261005_201429
6_george_4.wav,6,6,6,1,64,64,68,489.025,87.297,1.0,0,A,1,0,d64_20261005_201429
6_george_40.wav,6,6,6,1,64,64,68,489.028,87.287,1.0,0,A,1,0,d64_20261005_201429
6_george_41.wav,6,6,6,1,64,64,68,489.032,87.29,1.0,0,A,1,0,d64_20261005_201429
6_george_42.wav,6,6,6,1,64,64,68,489.028,87.285,1.0,0,A,1,0,d64_20261005_201429
6_george_43.wav,6,6,6,1,64,64,68,489.029,87.286,1.0,0,A,1,0,d64_20261005_201429
6_george_44.wav,6,8,8,1,64,64,68,489.029,87.279,1.0,0,A,1,0,d64_20261005_201429
6_george_45.wav,6,8,8,1,64,64,68,489.03,87.3,1.0,0,A,1,0,d64_20261005_201429
6_george_46.wav,6,6,6,1,64,64,68,489.026,87.3,1.0,0,A,1,0,d64_20261005_201429
6_george_47.wav,6,6,6,1,64,64,68,489.029,87.284,1.0,0,A,1,0,d64_20261005_201429
6_george_48.wav,6,6,6,1,64,64,68,489.023,87.285,1.0,0,A,1,0,d64_20261005_201429
6_george_49.wav,6,6,6,1,64,64,68,489.031,87.288,1.0,0,A,1,0,d64_20261005_201429
6_george_5.wav,6,7,7,1,64,64,68,489.025,87.283,1.0,0,A,1,0,d64_20261005_201429
6_george_6.wav,6,6,6,1,64,64,68,489.032,87.293,1.0,0,A,1,0,d64_20261005_201429
6_george_7.wav,6,6,6,1,64,64,68,489.027,87.293,1.0,0,A,1,0,d64_20261005_201429
6_george_8.wav,6,6,6,1,64,64,68,489.028,87.293,1.0,0,A,1,0,d64_20261005_201429
6_george_9.wav,6,3,3,1,64,64,68,489.024,87.285,1.0,0,A,1,0,d64_20261005_201429
7_george_0.wav,7,7,7,1,64,64,68,489.028,87.297,1.0,0,A,1,0,d64_20261005_201429
7_george_1.wav,7,6,6,1,64,64,68,489.027,87.286,1.0,0,A,1,0,d64_20261005_201429
7_george_10.wav,7,7,7,1,64,64,68,489.028,87.295,1.0,0,A,1,0,d64_20261005_201429
7_george_11.wav,7,9,9,1,64,64,68,489.022,87.291,1.0,0,A,1,0,d64_20261005_201429
7_george_12.wav,7,7,7,1,64,64,68,489.028,87.289,1.0,0,A,1,0,d64_20261005_201429
7_george_13.wav,7,6,6,1,64,64,68,489.028,87.285,1.0,0,A,1,0,d64_20261005_201429
7_george_14.wav,7,9,9,1,64,64,68,489.028,87.29,1.0,0,A,1,0,d64_20261005_201429
7_george_15.wav,7,5,5,1,64,64,68,489.027,87.289,1.0,0,A,1,0,d64_20261005_201429
7_george_16.wav,7,6,6,1,64,64,68,489.03,87.289,1.0,0,A,1,0,d64_20261005_201429
7_george_17.wav,7,6,6,1,64,64,68,489.029,87.282,1.0,0,A,1,0,d64_20261005_201429
7_george_18.wav,7,6,6,1,64,64,68,489.024,87.299,1.0,0,A,1,0,d64_20261005_201429
7_george_19.wav,7,6,6,1,64,64,68,489.027,87.285,1.0,0,A,1,0,d64_20261005_201429
7_george_2.wav,7,7,7,1,64,64,68,489.029,87.296,1.0,0,A,1,0,d64_20261005_201429
7_george_20.wav,7,6,6,1,64,64,68,489.022,87.285,1.0,0,A,1,0,d64_20261005_201429
7_george_21.wav,7,8,8,1,64,64,68,489.031,87.293,1.0,0,A,1,0,d64_20261005_201429
7_george_22.wav,7,7,7,1,64,64,68,489.027,87.294,1.0,0,A,1,0,d64_20261005_201429
7_george_23.wav,7,6,6,1,64,64,68,489.03,87.297,1.0,0,A,1,0,d64_20261005_201429
7_george_24.wav,7,6,6,1,64,64,68,489.028,87.285,1.0,0,A,1,0,d64_20261005_201429
7_george_25.wav,7,6,6,1,64,64,68,489.032,87.292,1.0,0,A,1,0,d64_20261005_201429
7_george_26.wav,7,7,7,1,64,64,68,489.027,87.281,1.0,0,A,1,0,d64_20261005_201429
7_george_27.wav,7,6,6,1,64,64,68,489.028,87.294,1.0,0,A,1,0,d64_20261005_201429
7_george_28.wav,7,8,8,1,64,64,68,489.026,87.285,1.0,0,A,1,0,d64_20261005_201429
7_george_29.wav,7,8,8,1,64,64,68,489.028,87.299,1.0,0,A,1,0,d64_20261005_201429
7_george_3.wav,7,9,9,1,64,64,68,489.029,87.285,1.0,0,A,1,0,d64_20261005_201429
7_george_30.wav,7,7,7,1,64,64,68,489.031,87.287,1.0,0,A,1,0,d64_20261005_201429
7_george_31.wav,7,8,8,1,64,64,68,489.029,87.303,1.0,0,A,1,0,d64_20261005_201429
7_george_32.wav,7,3,3,1,64,64,68,489.032,87.284,1.0,0,A,1,0,d64_20261005_201429
7_george_33.wav,7,6,6,1,64,64,68,489.021,87.293,1.0,0,A,1,0,d64_20261005_201429
7_george_34.wav,7,8,8,1,64,64,68,489.028,87.298,1.0,0,A,1,0,d64_20261005_201429
7_george_35.wav,7,6,6,1,64,64,68,489.03,87.292,1.0,0,A,1,0,d64_20261005_201429
7_george_36.wav,7,5,5,1,64,64,68,489.031,87.3,1.0,0,A,1,0,d64_20261005_201429
7_george_37.wav,7,7,7,1,64,64,68,489.03,87.276,1.0,0,A,1,0,d64_20261005_201429
7_george_38.wav,7,7,7,1,64,64,68,489.025,87.292,1.0,0,A,1,0,d64_20261005_201429
7_george_39.wav,7,2,2,1,64,64,68,489.029,87.282,1.0,0,A,1,0,d64_20261005_201429
7_george_4.wav,7,7,7,1,64,64,68,489.028,87.299,1.0,0,A,1,0,d64_20261005_201429
7_george_40.wav,7,7,7,1,64,64,68,489.033,87.28,1.0,0,A,1,0,d64_20261005_201429
7_george_41.wav,7,7,7,1,64,64,68,489.03,87.284,1.0,0,A,1,0,d64_20261005_201429
7_george_42.wav,7,6,6,1,64,64,68,489.03,87.292,1.0,0,A,1,0,d64_20261005_201429
7_george_43.wav,7,7,7,1,64,64,68,489.028,87.292,1.0,0,A,1,0,d64_20261005_201429
7_george_44.wav,7,6,6,1,64,64,68,489.028,87.286,1.0,0,A,1,0,d64_20261005_201429
7_george_45.wav,7,7,7,1,64,64,68,489.032,87.299,1.0,0,A,1,0,d64_20261005_201429
7_george_46.wav,7,7,7,1,64,64,68,489.031,87.295,1.0,0,A,1,0,d64_20261005_201429
7_george_47.wav,7,7,7,1,64,64,68,489.029,87.281,1.0,0,A,1,0,d64_20261005_201429
7_george_48.wav,7,7,7,1,64,64,68,489.027,87.294,1.0,0,A,1,0,d64_20261005_201429
7_george_49.wav,7,7,7,1,64,64,68,489.029,87.302,1.0,0,A,1,0,d64_20261005_201429
7_george_5.wav,7,7,7,1,64,64,68,489.031,87.288,1.0,0,A,1,0,d64_20261005_201429
7_george_6.wav,7,7,7,1,64,64,68,489.028,87.293,1.0,0,A,1,0,d64_20261005_201429
7_george_7.wav,7,6,6,1,64,64,68,489.027,87.29,1.0,0,A,1,0,d64_20261005_201429
7_george_8.wav,7,7,7,1,64,64,68,489.031,87.285,1.0,0,A,1,0,d64_20261005_201429
7_george_9.wav,7,6,6,1,64,64,68,489.026,87.297,1.0,0,A,1,0,d64_20261005_201429
8_george_0.wav,8,8,8,1,64,64,68,489.028,87.292,1.0,0,A,1,0,d64_20261005_201429
8_george_1.wav,8,8,8,1,64,64,68,489.025,87.288,1.0,0,A,1,0,d64_20261005_201429
8_george_10.wav,8,8,8,1,64,64,68,489.032,87.305,1.0,0,A,1,0,d64_20261005_201429
8_george_11.wav,8,8,8,1,64,64,68,489.027,87.29,1.0,0,A,1,0,d64_20261005_201429
8_george_12.wav,8,8,8,1,64,64,68,489.033,87.302,1.0,0,A,1,0,d64_20261005_201429
8_george_13.wav,8,8,8,1,64,64,68,489.024,87.301,1.0,0,A,1,0,d64_20261005_201429
8_george_14.wav,8,8,8,1,64,64,68,489.029,87.288,1.0,0,A,1,0,d64_20261005_201429
8_george_15.wav,8,8,8,1,64,64,68,489.029,87.279,1.0,0,A,1,0,d64_20261005_201429
8_george_16.wav,8,8,8,1,64,64,68,489.033,87.301,1.0,0,A,1,0,d64_20261005_201429
8_george_17.wav,8,5,5,1,64,64,68,489.025,87.3,1.0,0,A,1,0,d64_20261005_201429
8_george_18.wav,8,8,8,1,64,64,68,489.031,87.307,1.0,0,A,1,0,d64_20261005_201429
8_george_19.wav,8,8,8,1,64,64,68,489.026,87.28,1.0,0,A,1,0,d64_20261005_201429
8_george_2.wav,8,8,8,1,64,64,68,489.03,87.284,1.0,0,A,1,0,d64_20261005_201429
8_george_20.wav,8,8,8,1,64,64,68,489.026,87.286,1.0,0,A,1,0,d64_20261005_201429
8_george_21.wav,8,8,8,1,64,64,68,489.032,87.289,1.0,0,A,1,0,d64_20261005_201429
8_george_22.wav,8,6,6,1,64,64,68,489.029,87.282,1.0,0,A,1,0,d64_20261005_201429
8_george_23.wav,8,8,8,1,64,64,68,489.028,87.303,1.0,0,A,1,0,d64_20261005_201429
8_george_24.wav,8,8,8,1,64,64,68,489.027,87.286,1.0,0,A,1,0,d64_20261005_201429
8_george_25.wav,8,8,8,1,64,64,68,489.03,87.3,1.0,0,A,1,0,d64_20261005_201429
8_george_26.wav,8,8,8,1,64,64,68,489.027,87.286,1.0,0,A,1,0,d64_20261005_201429
8_george_27.wav,8,8,8,1,64,64,68,489.031,87.283,1.0,0,A,1,0,d64_20261005_201429
8_george_28.wav,8,3,3,1,64,64,68,489.027,87.292,1.0,0,A,1,0,d64_20261005_201429
8_george_29.wav,8,6,6,1,64,64,68,489.03,87.286,1.0,0,A,1,0,d64_20261005_201429
8_george_3.wav,8,8,8,1,64,64,68,489.025,87.303,1.0,0,A,1,0,d64_20261005_201429
8_george_30.wav,8,6,6,1,64,64,68,489.032,87.298,1.0,0,A,1,0,d64_20261005_201429
8_george_31.wav,8,8,8,1,64,64,68,489.021,87.286,1.0,0,A,1,0,d64_20261005_201429
8_george_32.wav,8,8,8,1,64,64,68,489.029,87.29,1.0,0,A,1,0,d64_20261005_201429
8_george_33.wav,8,8,8,1,64,64,68,489.027,87.287,1.0,0,A,1,0,d64_20261005_201429
8_george_34.wav,8,8,8,1,64,64,68,489.033,87.304,1.0,0,A,1,0,d64_20261005_201429
8_george_35.wav,8,8,8,1,64,64,68,489.022,87.287,1.0,0,A,1,0,d64_20261005_201429
8_george_36.wav,8,8,8,1,64,64,68,489.03,87.294,1.0,0,A,1,0,d64_20261005_201429
8_george_37.wav,8,8,8,1,64,64,68,489.027,87.286,1.0,0,A,1,0,d64_20261005_201429
8_george_38.wav,8,8,8,1,64,64,68,489.03,87.284,1.0,0,A,1,0,d64_20261005_201429
8_george_39.wav,8,8,8,1,64,64,68,489.028,87.293,1.0,0,A,1,0,d64_20261005_201429
8_george_4.wav,8,2,2,1,64,64,68,489.029,87.314,1.0,0,A,1,0,d64_20261005_201429
8_george_40.wav,8,8,8,1,64,64,68,489.026,87.287,1.0,0,A,1,0,d64_20261005_201429
8_george_41.wav,8,8,8,1,64,64,68,489.028,87.288,1.0,0,A,1,0,d64_20261005_201429
8_george_42.wav,8,8,8,1,64,64,68,489.027,87.285,1.0,0,A,1,0,d64_20261005_201429
8_george_43.wav,8,8,8,1,64,64,68,489.029,87.301,1.0,0,A,1,0,d64_20261005_201429
8_george_44.wav,8,8,8,1,64,64,68,489.029,87.292,1.0,0,A,1,0,d64_20261005_201429
8_george_45.wav,8,8,8,1,64,64,68,489.023,87.307,1.0,0,A,1,0,d64_20261005_201429
8_george_46.wav,8,8,8,1,64,64,68,489.027,87.3,1.0,0,A,1,0,d64_20261005_201429
8_george_47.wav,8,8,8,1,64,64,68,489.033,87.299,1.0,0,A,1,0,d64_20261005_201429
8_george_48.wav,8,8,8,1,64,64,68,489.029,87.28,1.0,0,A,1,0,d64_20261005_201429
8_george_49.wav,8,8,8,1,64,64,68,489.025,87.29,1.0,0,A,1,0,d64_20261005_201429
8_george_5.wav,8,8,8,1,64,64,68,489.027,87.291,1.0,0,A,1,0,d64_20261005_201429
8_george_6.wav,8,8,8,1,64,64,68,489.031,87.3,1.0,0,A,1,0,d64_20261005_201429
8_george_7.wav,8,8,8,1,64,64,68,489.026,87.298,1.0,0,A,1,0,d64_20261005_201429
8_george_8.wav,8,8,8,1,64,64,68,489.029,87.299,1.0,0,A,1,0,d64_20261005_201429
8_george_9.wav,8,8,8,1,64,64,68,489.024,87.291,1.0,0,A,1,0,d64_20261005_201429
9_george_0.wav,9,9,9,1,64,64,68,489.027,87.293,1.0,0,A,1,0,d64_20261005_201429
9_george_1.wav,9,9,9,1,64,64,68,489.027,87.282,1.0,0,A,1,0,d64_20261005_201429
9_george_10.wav,9,9,9,1,64,64,68,489.031,87.29,1.0,0,A,1,0,d64_20261005_201429
9_george_11.wav,9,9,9,1,64,64,68,489.027,87.281,1.0,0,A,1,0,d64_20261005_201429
9_george_12.wav,9,9,9,1,64,64,68,489.025,87.289,1.0,0,A,1,0,d64_20261005_201429
9_george_13.wav,9,5,5,1,64,64,68,489.027,87.293,1.0,0,A,1,0,d64_20261005_201429
9_george_14.wav,9,5,5,1,64,64,68,489.032,87.287,1.0,0,A,1,0,d64_20261005_201429
9_george_15.wav,9,5,5,1,64,64,68,489.028,87.286,1.0,0,A,1,0,d64_20261005_201429
9_george_16.wav,9,9,9,1,64,64,68,489.032,87.283,1.0,0,A,1,0,d64_20261005_201429
9_george_17.wav,9,9,9,1,64,64,68,489.023,87.286,1.0,0,A,1,0,d64_20261005_201429
9_george_18.wav,9,9,9,1,64,64,68,489.031,87.286,1.0,0,A,1,0,d64_20261005_201429
9_george_19.wav,9,9,9,1,64,64,68,489.029,87.284,1.0,0,A,1,0,d64_20261005_201429
9_george_2.wav,9,9,9,1,64,64,68,489.028,87.294,1.0,0,A,1,0,d64_20261005_201429
9_george_20.wav,9,1,1,1,64,64,68,489.028,87.28,1.0,0,A,1,0,d64_20261005_201429
9_george_21.wav,9,9,9,1,64,64,68,489.032,87.287,1.0,0,A,1,0,d64_20261005_201429
9_george_22.wav,9,5,5,1,64,64,68,489.027,87.287,1.0,0,A,1,0,d64_20261005_201429
9_george_23.wav,9,3,3,1,64,64,68,489.029,87.297,1.0,0,A,1,0,d64_20261005_201429
9_george_24.wav,9,9,9,1,64,64,68,489.028,87.284,1.0,0,A,1,0,d64_20261005_201429
9_george_25.wav,9,9,9,1,64,64,68,489.03,87.288,1.0,0,A,1,0,d64_20261005_201429
9_george_26.wav,9,5,5,1,64,64,68,489.03,87.288,1.0,0,A,1,0,d64_20261005_201429
9_george_27.wav,9,7,7,1,64,64,68,489.03,87.283,1.0,0,A,1,0,d64_20261005_201429
9_george_28.wav,9,9,9,1,64,64,68,489.029,87.291,1.0,0,A,1,0,d64_20261005_201429
9_george_29.wav,9,5,5,1,64,64,68,489.03,87.289,1.0,0,A,1,0,d64_20261005_201429
9_george_3.wav,9,1,1,1,64,64,68,489.028,87.287,1.0,0,A,1,0,d64_20261005_201429
9_george_30.wav,9,8,8,1,64,64,68,489.028,87.282,1.0,0,A,1,0,d64_20261005_201429
9_george_31.wav,9,8,8,1,64,64,68,489.028,87.296,1.0,0,A,1,0,d64_20261005_201429
9_george_32.wav,9,5,5,1,64,64,68,489.029,87.289,1.0,0,A,1,0,d64_20261005_201429
9_george_33.wav,9,8,8,1,64,64,68,489.03,87.292,1.0,0,A,1,0,d64_20261005_201429
9_george_34.wav,9,5,5,1,64,64,68,489.033,87.287,1.0,0,A,1,0,d64_20261005_201429
9_george_35.wav,9,5,5,1,64,64,68,489.028,87.283,1.0,0,A,1,0,d64_20261005_201429
9_george_36.wav,9,5,5,1,64,64,68,489.03,87.282,1.0,0,A,1,0,d64_20261005_201429
9_george_37.wav,9,9,9,1,64,64,68,489.023,87.298,1.0,0,A,1,0,d64_20261005_201429
9_george_38.wav,9,5,5,1,64,64,68,489.026,87.297,1.0,0,A,1,0,d64_20261005_201429
9_george_39.wav,9,9,9,1,64,64,68,489.03,87.284,1.0,0,A,1,0,d64_20261005_201429
9_george_4.wav,9,9,9,1,64,64,68,489.032,87.296,1.0,0,A,1,0,d64_20261005_201429
9_george_40.wav,9,1,1,1,64,64,68,489.028,87.276,1.0,0,A,1,0,d64_20261005_201429
9_george_41.wav,9,9,9,1,64,64,68,489.032,87.289,1.0,0,A,1,0,d64_20261005_201429
9_george_42.wav,9,6,6,1,64,64,68,489.025,87.284,1.0,0,A,1,0,d64_20261005_201429
9_george_43.wav,9,8,8,1,64,64,68,489.033,87.286,1.0,0,A,1,0,d64_20261005_201429
9_george_44.wav,9,9,9,1,64,64,68,489.027,87.29,1.0,0,A,1,0,d64_20261005_201429
9_george_45.wav,9,8,8,1,64,64,68,489.028,87.284,1.0,0,A,1,0,d64_20261005_201429
9_george_46.wav,9,9,9,1,64,64,68,489.025,87.281,1.0,0,A,1,0,d64_20261005_201429
9_george_47.wav,9,9,9,1,64,64,68,489.032,87.289,1.0,0,A,1,0,d64_20261005_201429
9_george_48.wav,9,9,9,1,64,64,68,489.022,87.296,1.0,0,A,1,0,d64_20261005_201429
9_george_49.wav,9,9,9,1,64,64,68,489.03,87.288,1.0,0,A,1,0,d64_20261005_201429
9_george_5.wav,9,9,9,1,64,64,68,489.03,87.286,1.0,0,A,1,0,d64_20261005_201429
9_george_6.wav,9,9,9,1,64,64,68,489.026,87.284,1.0,0,A,1,0,d64_20261005_201429
9_george_7.wav,9,5,5,1,64,64,68,489.028,87.286,1.0,0,A,1,0,d64_20261005_201429
9_george_8.wav,9,9,9,1,64,64,68,489.031,87.288,1.0,0,A,1,0,d64_20261005_201429
9_george_9.wav,9,9,9,1,64,64,68,489.026,87.279,1.0,0,A,1,0,d64_20261005_201429
