board,cpu_mhz,method,d,run,preprocess_ms,encoder_ms,quantization_ms,packetization_ms,total_node_ms,end_to_end_node_ms,free_heap_bytes,min_free_heap_bytes,psram_free_bytes,model_size_bytes,firmware_size_bytes,payload_bytes,packet_bytes,activation_buffers_bytes,run_id
"ESP32-S3 N16R8 (QFN56 rev v0.2, 16MB flash, 8MB octal PSRAM)",240,Task-AE,128,0,95.652,490.754,0.058,0.002,490.814,586.466,8570099,8538068,8353420,372752,1010800,128,132,141060,d128_20261005_193250
"ESP32-S3 N16R8 (QFN56 rev v0.2, 16MB flash, 8MB octal PSRAM)",240,Task-AE,128,1,95.652,490.753,0.056,0.001,490.80999999999995,586.462,8570099,8538068,8353420,372752,1010800,128,132,141060,d128_20261005_193250
"ESP32-S3 N16R8 (QFN56 rev v0.2, 16MB flash, 8MB octal PSRAM)",240,Task-AE,128,2,95.652,490.752,0.058,0.001,490.811,586.463,8570099,8538068,8353420,372752,1010800,128,132,141060,d128_20261005_193250
"ESP32-S3 N16R8 (QFN56 rev v0.2, 16MB flash, 8MB octal PSRAM)",240,Task-AE,128,3,95.652,490.751,0.056,0.001,490.80799999999994,586.4599999999999,8570099,8538068,8353420,372752,1010800,128,132,141060,d128_20261005_193250
"ESP32-S3 N16R8 (QFN56 rev v0.2, 16MB flash, 8MB octal PSRAM)",240,Task-AE,128,4,95.652,490.751,0.056,0.001,490.80799999999994,586.4599999999999,8570099,8538068,8353420,372752,1010800,128,132,141060,d128_20261005_193250
"ESP32-S3 N16R8 (QFN56 rev v0.2, 16MB flash, 8MB octal PSRAM)",240,Task-AE,128,5,95.652,490.752,0.058,0.001,490.811,586.463,8570099,8538068,8353420,372752,1010800,128,132,141060,d128_20261005_193250
"ESP32-S3 N16R8 (QFN56 rev v0.2, 16MB flash, 8MB octal PSRAM)",240,Task-AE,128,6,95.652,490.751,0.056,0.001,490.80799999999994,586.4599999999999,8570099,8538068,8353420,372752,1010800,128,132,141060,d128_20261005_193250
"ESP32-S3 N16R8 (QFN56 rev v0.2, 16MB flash, 8MB octal PSRAM)",240,Task-AE,128,7,95.652,490.751,0.056,0.001,490.80799999999994,586.4599999999999,8570099,8538068,8353420,372752,1010800,128,132,141060,d128_20261005_193250
"ESP32-S3 N16R8 (QFN56 rev v0.2, 16MB flash, 8MB octal PSRAM)",240,Task-AE,128,8,95.652,490.752,0.058,0.001,490.811,586.463,8570099,8538068,8353420,372752,1010800,128,132,141060,d128_20261005_193250
"ESP32-S3 N16R8 (QFN56 rev v0.2, 16MB flash, 8MB octal PSRAM)",240,Task-AE,128,9,95.652,490.751,0.056,0.001,490.80799999999994,586.4599999999999,8570099,8538068,8353420,372752,1010800,128,132,141060,d128_20261005_193250
"ESP32-S3 N16R8 (QFN56 rev v0.2, 16MB flash, 8MB octal PSRAM)",240,Task-AE,128,10,95.652,490.751,0.056,0.001,490.80799999999994,586.4599999999999,8570099,8538068,8353420,372752,1010800,128,132,141060,d128_20261005_193250
"ESP32-S3 N16R8 (QFN56 rev v0.2, 16MB flash, 8MB octal PSRAM)",240,Task-AE,128,11,95.652,490.752,0.058,0.001,490.811,586.463,8570099,8538068,8353420,372752,1010800,128,132,141060,d128_20261005_193250
"ESP32-S3 N16R8 (QFN56 rev v0.2, 16MB flash, 8MB octal PSRAM)",240,Task-AE,128,12,95.652,490.751,0.056,0.001,490.80799999999994,586.4599999999999,8570099,8538068,8353420,372752,1010800,128,132,141060,d128_20261005_193250
"ESP32-S3 N16R8 (QFN56 rev v0.2, 16MB flash, 8MB octal PSRAM)",240,Task-AE,128,13,95.652,490.751,0.056,0.001,490.80799999999994,586.4599999999999,8570099,8538068,8353420,372752,1010800,128,132,141060,d128_20261005_193250
"ESP32-S3 N16R8 (QFN56 rev v0.2, 16MB flash, 8MB octal PSRAM)",240,Task-AE,128,14,95.652,490.752,0.058,0.001,490.811,586.463,8570099,8538068,8353420,372752,1010800,128,132,141060,d128_20261005_193250
"ESP32-S3 N16R8 (QFN56 rev v0.2, 16MB flash, 8MB octal PSRAM)",240,Task-AE,128,15,95.652,490.751,0.056,0.001,490.80799999999994,586.4599999999999,8570099,8538068,8353420,372752,1010800,128,132,141060,d128_20261005_193250
"ESP32-S3 N16R8 (QFN56 rev v0.2, 16MB flash, 8MB octal PSRAM)",240,Task-AE,128,16,95.652,490.751,0.056,0.001,490.80799999999994,586.4599999999999,8570099,8538068,8353420,372752,1010800,128,132,141060,d128_20261005_193250
"ESP32-S3 N16R8 (QFN56 rev v0.2, 16MB flash, 8MB octal PSRAM)",240,Task-AE,128,17,95.652,490.752,0.058,0.001,490.811,586.463,8570099,8538068,8353420,372752,1010800,128,132,141060,d128_20261005_193250
"ESP32-S3 N16R8 (QFN56 rev v0.2, 16MB flash, 8MB octal PSRAM)",240,Task-AE,128,18,95.652,490.751,0.056,0.001,490.80799999999994,586.4599999999999,8570099,8538068,8353420,372752,1010800,128,132,141060,d128_20261005_193250
"ESP32-S3 N16R8 (QFN56 rev v0.2, 16MB flash, 8MB octal PSRAM)",240,Task-AE,128,19,95.652,490.751,0.056,0.001,490.80799999999994,586.4599999999999,8570099,8538068,8353420,372752,1010800,128,132,141060,d128_20261005_193250
"ESP32-S3 N16R8 (QFN56 rev v0.2, 16MB flash, 8MB octal PSRAM)",240,Task-AE,128,20,95.652,490.752,0.058,0.001,490.811,586.463,8570099,8538068,8353420,372752,1010800,128,132,141060,d128_20261005_193250
"ESP32-S3 N16R8 (QFN56 rev v0.2, 16MB flash, 8MB octal PSRAM)",240,Task-AE,128,21,95.652,490.751,0.056,0.001,490.80799999999994,586.4599999999999,8570099,8538068,8353420,372752,1010800,128,132,141060,d128_20261005_193250
"ESP32-S3 N16R8 (QFN56 rev v0.2, 16MB flash, 8MB octal PSRAM)",240,Task-AE,128,22,95.652,490.751,0.056,0.001,490.80799999999994,586.4599999999999,8570099,8538068,8353420,372752,1010800,128,132,141060,d128_20261005_193250
"ESP32-S3 N16R8 (QFN56 rev v0.2, 16MB flash, 8MB octal PSRAM)",240,Task-AE,128,23,95.652,490.752,0.058,0.001,490.811,586.463,8570099,8538068,8353420,372752,1010800,128,132,141060,d128_20261005_193250
"ESP32-S3 N16R8 (QFN56 rev v0.2, 16MB flash, 8MB octal PSRAM)",240,Task-AE,128,24,95.652,490.751,0.056,0.001,490.80799999999994,586.4599999999999,8570099,8538068,8353420,372752,1010800,128,132,141060,d128_20261005_193250
"ESP32-S3 N16R8 (QFN56 rev v0.2, 16MB flash, 8MB octal PSRAM)",240,Task-AE,128,25,95.652,490.751,0.056,0.001,490.80799999999994,586.4599999999999,8570099,8538068,8353420,372752,1010800,128,132,141060,d128_20261005_193250
"ESP32-S3 N16R8 (QFN56 rev v0.2, 16MB flash, 8MB octal PSRAM)",240,Task-AE,128,26,95.652,490.752,0.058,0.001,490.811,586.463,8570099,8538068,8353420,372752,1010800,128,132,141060,d128_20261005_193250
"ESP32-S3 N16R8 (QFN56 rev v0.2, 16MB flash, 8MB octal PSRAM)",240,Task-AE,128,27,95.652,490.751,0.056,0.001,490.80799999999994,586.4599999999999,8570099,8538068,8353420,372752,1010800,128,132,141060,d128_20261005_193250
"ESP32-S3 N16R8 (QFN56 rev v0.2, 16MB flash, 8MB octal PSRAM)",240,Task-AE,128,28,95.652,490.751,0.056,0.001,490.80799999999994,586.4599999999999,8570099,8538068,8353420,372752,1010800,128,132,141060,d128_20261005_193250
"ESP32-S3 N16R8 (QFN56 rev v0.2, 16MB flash, 8MB octal PSRAM)",240,Task-AE,128,29,95.652,490.752,0.058,0.001,490.811,586.463,8570099,8538068,8353420,372752,1010800,128,132,141060,d128_20261005_193250
"ESP32-S3 N16R8 (QFN56 rev v0.2, 16MB flash, 8MB octal PSRAM)",240,Task-AE,128,30,95.652,490.751,0.056,0.001,490.80799999999994,586.4599999999999,8570099,8538068,8353420,372752,1010800,128,132,141060,d128_20261005_193250
"ESP32-S3 N16R8 (QFN56 rev v0.2, 16MB flash, 8MB octal PSRAM)",240,Task-AE,128,31,95.652,490.751,0.056,0.001,490.80799999999994,586.4599999999999,8570099,8538068,8353420,372752,1010800,128,132,141060,d128_20261005_193250
"ESP32-S3 N16R8 (QFN56 rev v0.2, 16MB flash, 8MB octal PSRAM)",240,Task-AE,128,32,95.652,490.752,0.058,0.001,490.811,586.463,8570099,8538068,8353420,372752,1010800,128,132,141060,d128_20261005_193250
"ESP32-S3 N16R8 (QFN56 rev v0.2, 16MB flash, 8MB octal PSRAM)",240,Task-AE,128,33,95.652,490.751,0.056,0.001,490.80799999999994,586.4599999999999,8570099,8538068,8353420,372752,1010800,128,132,141060,d128_20261005_193250
"ESP32-S3 N16R8 (QFN56 rev v0.2, 16MB flash, 8MB octal PSRAM)",240,Task-AE,128,34,95.652,490.751,0.056,0.001,490.80799999999994,586.4599999999999,8570099,8538068,8353420,372752,1010800,128,132,141060,d128_20261005_193250
"ESP32-S3 N16R8 (QFN56 rev v0.2, 16MB flash, 8MB octal PSRAM)",240,Task-AE,128,35,95.652,490.752,0.058,0.001,490.811,586.463,8570099,8538068,8353420,372752,1010800,128,132,141060,d128_20261005_193250
"ESP32-S3 N16R8 (QFN56 rev v0.2, 16MB flash, 8MB octal PSRAM)",240,Task-AE,128,36,95.652,490.751,0.056,0.001,490.80799999999994,586.4599999999999,8570099,8538068,8353420,372752,1010800,128,132,141060,d128_20261005_193250
"ESP32-S3 N16R8 (QFN56 rev v0.2, 16MB flash, 8MB octal PSRAM)",240,Task-AE,128,37,95.652,490.751,0.056,0.001,490.80799999999994,586.4599999999999,8570099,8538068,8353420,372752,1010800,128,132,141060,d128_20261005_193250
"ESP32-S3 N16R8 (QFN56 rev v0.2, 16MB flash, 8MB octal PSRAM)",240,Task-AE,128,38,95.652,490.752,0.058,0.001,490.811,586.463,8570099,8538068,8353420,372752,1010800,128,132,141060,d128_20261005_193250
"ESP32-S3 N16R8 (QFN56 rev v0.2, 16MB flash, 8MB octal PSRAM)",240,Task-AE,128,39,95.652,490.751,0.056,0.001,490.80799999999994,586.4599999999999,8570099,8538068,8353420,372752,1010800,128,132,141060,d128_20261005_193250
"ESP32-S3 N16R8 (QFN56 rev v0.2, 16MB flash, 8MB octal PSRAM)",240,Task-AE,128,40,95.652,490.751,0.056,0.001,490.80799999999994,586.4599999999999,8570099,8538068,8353420,372752,1010800,128,132,141060,d128_20261005_193250
"ESP32-S3 N16R8 (QFN56 rev v0.2, 16MB flash, 8MB octal PSRAM)",240,Task-AE,128,41,95.652,490.752,0.058,0.001,490.811,586.463,8570099,8538068,8353420,372752,1010800,128,132,141060,d128_20261005_193250
"ESP32-S3 N16R8 (QFN56 rev v0.2, 16MB flash, 8MB octal PSRAM)",240,Task-AE,128,42,95.652,490.751,0.056,0.001,490.80799999999994,586.4599999999999,8570099,8538068,8353420,372752,1010800,128,132,141060,d128_20261005_193250
"ESP32-S3 N16R8 (QFN56 rev v0.2, 16MB flash, 8MB octal PSRAM)",240,Task-AE,128,43,95.652,490.751,0.056,0.001,490.80799999999994,586.4599999999999,8570099,8538068,8353420,372752,1010800,128,132,141060,d128_20261005_193250
"ESP32-S3 N16R8 (QFN56 rev v0.2, 16MB flash, 8MB octal PSRAM)",240,Task-AE,128,44,95.652,490.752,0.058,0.001,490.811,586.463,8570099,8538068,8353420,372752,1010800,128,132,141060,d128_20261005_193250
"ESP32-S3 N16R8 (QFN56 rev v0.2, 16MB flash, 8MB octal PSRAM)",240,Task-AE,128,45,95.652,490.751,0.056,0.001,490.80799999999994,586.4599999999999,8570099,8538068,8353420,372752,1010800,128,132,141060,d128_20261005_193250
"ESP32-S3 N16R8 (QFN56 rev v0.2, 16MB flash, 8MB octal PSRAM)",240,Task-AE,128,46,95.652,490.751,0.056,0.001,490.80799999999994,586.4599999999999,8570099,8538068,8353420,372752,1010800,128,132,141060,d128_20261005_193250
"ESP32-S3 N16R8 (QFN56 rev v0.2, 16MB flash, 8MB octal PSRAM)",240,Task-AE,128,47,95.652,490.752,0.058,0.001,490.811,586.463,8570099,8538068,8353420,372752,1010800,128,132,141060,d128_20261005_193250
"ESP32-S3 N16R8 (QFN56 rev v0.2, 16MB flash, 8MB octal PSRAM)",240,Task-AE,128,48,95.652,490.751,0.056,0.001,490.80799999999994,586.4599999999999,8570099,8538068,8353420,372752,1010800,128,132,141060,d128_20261005_193250
"ESP32-S3 N16R8 (QFN56 rev v0.2, 16MB flash, 8MB octal PSRAM)",240,Task-AE,128,49,95.652,490.751,0.056,0.001,490.80799999999994,586.4599999999999,8570099,8538068,8353420,372752,1010800,128,132,141060,d128_20261005_193250
"ESP32-S3 N16R8 (QFN56 rev v0.2, 16MB flash, 8MB octal PSRAM)",240,Task-AE,128,50,95.652,490.752,0.058,0.001,490.811,586.463,8570099,8538068,8353420,372752,1010800,128,132,141060,d128_20261005_193250
"ESP32-S3 N16R8 (QFN56 rev v0.2, 16MB flash, 8MB octal PSRAM)",240,Task-AE,128,51,95.652,490.751,0.056,0.001,490.80799999999994,586.4599999999999,8570099,8538068,8353420,372752,1010800,128,132,141060,d128_20261005_193250
"ESP32-S3 N16R8 (QFN56 rev v0.2, 16MB flash, 8MB octal PSRAM)",240,Task-AE,128,52,95.652,490.751,0.056,0.001,490.80799999999994,586.4599999999999,8570099,8538068,8353420,372752,1010800,128,132,141060,d128_20261005_193250
"ESP32-S3 N16R8 (QFN56 rev v0.2, 16MB flash, 8MB octal PSRAM)",240,Task-AE,128,53,95.652,490.752,0.058,0.001,490.811,586.463,8570099,8538068,8353420,372752,1010800,128,132,141060,d128_20261005_193250
"ESP32-S3 N16R8 (QFN56 rev v0.2, 16MB flash, 8MB octal PSRAM)",240,Task-AE,128,54,95.652,490.751,0.056,0.001,490.80799999999994,586.4599999999999,8570099,8538068,8353420,372752,1010800,128,132,141060,d128_20261005_193250
"ESP32-S3 N16R8 (QFN56 rev v0.2, 16MB flash, 8MB octal PSRAM)",240,Task-AE,128,55,95.652,490.751,0.056,0.001,490.80799999999994,586.4599999999999,8570099,8538068,8353420,372752,1010800,128,132,141060,d128_20261005_193250
"ESP32-S3 N16R8 (QFN56 rev v0.2, 16MB flash, 8MB octal PSRAM)",240,Task-AE,128,56,95.652,490.752,0.058,0.001,490.811,586.463,8570099,8538068,8353420,372752,1010800,128,132,141060,d128_20261005_193250
"ESP32-S3 N16R8 (QFN56 rev v0.2, 16MB flash, 8MB octal PSRAM)",240,Task-AE,128,57,95.652,490.751,0.056,0.001,490.80799999999994,586.4599999999999,8570099,8538068,8353420,372752,1010800,128,132,141060,d128_20261005_193250
"ESP32-S3 N16R8 (QFN56 rev v0.2, 16MB flash, 8MB octal PSRAM)",240,Task-AE,128,58,95.652,490.751,0.056,0.001,490.80799999999994,586.4599999999999,8570099,8538068,8353420,372752,1010800,128,132,141060,d128_20261005_193250
"ESP32-S3 N16R8 (QFN56 rev v0.2, 16MB flash, 8MB octal PSRAM)",240,Task-AE,128,59,95.652,490.752,0.058,0.001,490.811,586.463,8570099,8538068,8353420,372752,1010800,128,132,141060,d128_20261005_193250
"ESP32-S3 N16R8 (QFN56 rev v0.2, 16MB flash, 8MB octal PSRAM)",240,Task-AE,128,60,95.652,490.751,0.056,0.001,490.80799999999994,586.4599999999999,8570099,8538068,8353420,372752,1010800,128,132,141060,d128_20261005_193250
"ESP32-S3 N16R8 (QFN56 rev v0.2, 16MB flash, 8MB octal PSRAM)",240,Task-AE,128,61,95.652,490.751,0.056,0.001,490.80799999999994,586.4599999999999,8570099,8538068,8353420,372752,1010800,128,132,141060,d128_20261005_193250
"ESP32-S3 N16R8 (QFN56 rev v0.2, 16MB flash, 8MB octal PSRAM)",240,Task-AE,128,62,95.652,490.752,0.058,0.001,490.811,586.463,8570099,8538068,8353420,372752,1010800,128,132,141060,d128_20261005_193250
"ESP32-S3 N16R8 (QFN56 rev v0.2, 16MB flash, 8MB octal PSRAM)",240,Task-AE,128,63,95.652,490.751,0.056,0.001,490.80799999999994,586.4599999999999,8570099,8538068,8353420,372752,1010800,128,132,141060,d128_20261005_193250
"ESP32-S3 N16R8 (QFN56 rev v0.2, 16MB flash, 8MB octal PSRAM)",240,Task-AE,128,64,95.652,490.751,0.056,0.001,490.80799999999994,586.4599999999999,8570099,8538068,8353420,372752,1010800,128,132,141060,d128_20261005_193250
"ESP32-S3 N16R8 (QFN56 rev v0.2, 16MB flash, 8MB octal PSRAM)",240,Task-AE,128,65,95.652,490.752,0.058,0.001,490.811,586.463,8570099,8538068,8353420,372752,1010800,128,132,141060,d128_20261005_193250
"ESP32-S3 N16R8 (QFN56 rev v0.2, 16MB flash, 8MB octal PSRAM)",240,Task-AE,128,66,95.652,490.751,0.056,0.001,490.80799999999994,586.4599999999999,8570099,8538068,8353420,372752,1010800,128,132,141060,d128_20261005_193250
"ESP32-S3 N16R8 (QFN56 rev v0.2, 16MB flash, 8MB octal PSRAM)",240,Task-AE,128,67,95.652,490.751,0.056,0.001,490.80799999999994,586.4599999999999,8570099,8538068,8353420,372752,1010800,128,132,141060,d128_20261005_193250
"ESP32-S3 N16R8 (QFN56 rev v0.2, 16MB flash, 8MB octal PSRAM)",240,Task-AE,128,68,95.652,490.752,0.058,0.001,490.811,586.463,8570099,8538068,8353420,372752,1010800,128,132,141060,d128_20261005_193250
"ESP32-S3 N16R8 (QFN56 rev v0.2, 16MB flash, 8MB octal PSRAM)",240,Task-AE,128,69,95.652,490.751,0.056,0.001,490.80799999999994,586.4599999999999,8570099,8538068,8353420,372752,1010800,128,132,141060,d128_20261005_193250
"ESP32-S3 N16R8 (QFN56 rev v0.2, 16MB flash, 8MB octal PSRAM)",240,Task-AE,128,70,95.652,490.751,0.056,0.001,490.80799999999994,586.4599999999999,8570099,8538068,8353420,372752,1010800,128,132,141060,d128_20261005_193250
"ESP32-S3 N16R8 (QFN56 rev v0.2, 16MB flash, 8MB octal PSRAM)",240,Task-AE,128,71,95.652,490.752,0.058,0.001,490.811,586.463,8570099,8538068,8353420,372752,1010800,128,132,141060,d128_20261005_193250
"ESP32-S3 N16R8 (QFN56 rev v0.2, 16MB flash, 8MB octal PSRAM)",240,Task-AE,128,72,95.652,490.751,0.056,0.001,490.80799999999994,586.4599999999999,8570099,8538068,8353420,372752,1010800,128,132,141060,d128_20261005_193250
"ESP32-S3 N16R8 (QFN56 rev v0.2, 16MB flash, 8MB octal PSRAM)",240,Task-AE,128,73,95.652,490.751,0.056,0.001,490.80799999999994,586.4599999999999,8570099,8538068,8353420,372752,1010800,128,132,141060,d128_20261005_193250
"ESP32-S3 N16R8 (QFN56 rev v0.2, 16MB flash, 8MB octal PSRAM)",240,Task-AE,128,74,95.652,490.752,0.058,0.001,490.811,586.463,8570099,8538068,8353420,372752,1010800,128,132,141060,d128_20261005_193250
"ESP32-S3 N16R8 (QFN56 rev v0.2, 16MB flash, 8MB octal PSRAM)",240,Task-AE,128,75,95.652,490.751,0.056,0.001,490.80799999999994,586.4599999999999,8570099,8538068,8353420,372752,1010800,128,132,141060,d128_20261005_193250
"ESP32-S3 N16R8 (QFN56 rev v0.2, 16MB flash, 8MB octal PSRAM)",240,Task-AE,128,76,95.652,490.751,0.056,0.001,490.80799999999994,586.4599999999999,8570099,8538068,8353420,372752,1010800,128,132,141060,d128_20261005_193250
"ESP32-S3 N16R8 (QFN56 rev v0.2, 16MB flash, 8MB octal PSRAM)",240,Task-AE,128,77,95.652,490.752,0.058,0.001,490.811,586.463,8570099,8538068,8353420,372752,1010800,128,132,141060,d128_20261005_193250
"ESP32-S3 N16R8 (QFN56 rev v0.2, 16MB flash, 8MB octal PSRAM)",240,Task-AE,128,78,95.652,490.751,0.056,0.001,490.80799999999994,586.4599999999999,8570099,8538068,8353420,372752,1010800,128,132,141060,d128_20261005_193250
"ESP32-S3 N16R8 (QFN56 rev v0.2, 16MB flash, 8MB octal PSRAM)",240,Task-AE,128,79,95.652,490.751,0.056,0.001,490.80799999999994,586.4599999999999,8570099,8538068,8353420,372752,1010800,128,132,141060,d128_20261005_193250
"ESP32-S3 N16R8 (QFN56 rev v0.2, 16MB flash, 8MB octal PSRAM)",240,Task-AE,128,80,95.652,490.752,0.058,0.001,490.811,586.463,8570099,8538068,8353420,372752,1010800,128,132,141060,d128_20261005_193250
"ESP32-S3 N16R8 (QFN56 rev v0.2, 16MB flash, 8MB octal PSRAM)",240,Task-AE,128,81,95.652,490.751,0.056,0.001,490.80799999999994,586.4599999999999,8570099,8538068,8353420,372752,1010800,128,132,141060,d128_20261005_193250
"ESP32-S3 N16R8 (QFN56 rev v0.2, 16MB flash, 8MB octal PSRAM)",240,Task-AE,128,82,95.652,490.751,0.056,0.001,490.80799999999994,586.4599999999999,8570099,8538068,8353420,372752,1010800,128,132,141060,d128_20261005_193250
"ESP32-S3 N16R8 (QFN56 rev v0.2, 16MB flash, 8MB octal PSRAM)",240,Task-AE,128,83,95.652,490.752,0.058,0.001,490.811,586.463,8570099,8538068,8353420,372752,1010800,128,132,141060,d128_20261005_193250
"ESP32-S3 N16R8 (QFN56 rev v0.2, 16MB flash, 8MB octal PSRAM)",240,Task-AE,128,84,95.652,490.751,0.056,0.001,490.80799999999994,586.4599999999999,8570099,8538068,8353420,372752,1010800,128,132,141060,d128_20261005_193250
"ESP32-S3 N16R8 (QFN56 rev v0.2, 16MB flash, 8MB octal PSRAM)",240,Task-AE,128,85,95.652,490.751,0.056,0.001,490.80799999999994,586.4599999999999,8570099,8538068,8353420,372752,1010800,128,132,141060,d128_20261005_193250
"ESP32-S3 N16R8 (QFN56 rev v0.2, 16MB flash, 8MB octal PSRAM)",240,Task-AE,128,86,95.652,490.752,0.058,0.001,490.811,586.463,8570099,8538068,8353420,372752,1010800,128,132,141060,d128_20261005_193250
"ESP32-S3 N16R8 (QFN56 rev v0.2, 16MB flash, 8MB octal PSRAM)",240,Task-AE,128,87,95.652,490.751,0.056,0.001,490.80799999999994,586.4599999999999,8570099,8538068,8353420,372752,1010800,128,132,141060,d128_20261005_193250
"ESP32-S3 N16R8 (QFN56 rev v0.2, 16MB flash, 8MB octal PSRAM)",240,Task-AE,128,88,95.652,490.751,0.056,0.001,490.80799999999994,586.4599999999999,8570099,8538068,8353420,372752,1010800,128,132,141060,d128_20261005_193250
"ESP32-S3 N16R8 (QFN56 rev v0.2, 16MB flash, 8MB octal PSRAM)",240,Task-AE,128,89,95.652,490.752,0.058,0.001,490.811,586.463,8570099,8538068,8353420,372752,1010800,128,132,141060,d128_20261005_193250
"ESP32-S3 N16R8 (QFN56 rev v0.2, 16MB flash, 8MB octal PSRAM)",240,Task-AE,128,90,95.652,490.751,0.056,0.001,490.80799999999994,586.4599999999999,8570099,8538068,8353420,372752,1010800,128,132,141060,d128_20261005_193250
"ESP32-S3 N16R8 (QFN56 rev v0.2, 16MB flash, 8MB octal PSRAM)",240,Task-AE,128,91,95.652,490.751,0.056,0.001,490.80799999999994,586.4599999999999,8570099,8538068,8353420,372752,1010800,128,132,141060,d128_20261005_193250
"ESP32-S3 N16R8 (QFN56 rev v0.2, 16MB flash, 8MB octal PSRAM)",240,Task-AE,128,92,95.652,490.752,0.058,0.001,490.811,586.463,8570099,8538068,8353420,372752,1010800,128,132,141060,d128_20261005_193250
"ESP32-S3 N16R8 (QFN56 rev v0.2, 16MB flash, 8MB octal PSRAM)",240,Task-AE,128,93,95.652,490.751,0.056,0.001,490.80799999999994,586.4599999999999,8570099,8538068,8353420,372752,1010800,128,132,141060,d128_20261005_193250
"ESP32-S3 N16R8 (QFN56 rev v0.2, 16MB flash, 8MB octal PSRAM)",240,Task-AE,128,94,95.652,490.751,0.056,0.001,490.80799999999994,586.4599999999999,8570099,8538068,8353420,372752,1010800,128,132,141060,d128_20261005_193250
"ESP32-S3 N16R8 (QFN56 rev v0.2, 16MB flash, 8MB octal PSRAM)",240,Task-AE,128,95,95.652,490.752,0.058,0.001,490.811,586.463,8570099,8538068,8353420,372752,1010800,128,132,141060,d128_20261005_193250
"ESP32-S3 N16R8 (QFN56 rev v0.2, 16MB flash, 8MB octal PSRAM)",240,Task-AE,128,96,95.652,490.751,0.056,0.001,490.80799999999994,586.4599999999999,8570099,8538068,8353420,372752,1010800,128,132,141060,d128_20261005_193250
"ESP32-S3 N16R8 (QFN56 rev v0.2, 16MB flash, 8MB octal PSRAM)",240,Task-AE,128,97,95.652,490.751,0.056,0.001,490.80799999999994,586.4599999999999,8570099,8538068,8353420,372752,1010800,128,132,141060,d128_20261005_193250
"ESP32-S3 N16R8 (QFN56 rev v0.2, 16MB flash, 8MB octal PSRAM)",240,Task-AE,128,98,95.652,490.752,0.058,0.001,490.811,586.463,8570099,8538068,8353420,372752,1010800,128,132,141060,d128_20261005_193250
"ESP32-S3 N16R8 (QFN56 rev v0.2, 16MB flash, 8MB octal PSRAM)",240,Task-AE,128,99,95.652,490.751,0.056,0.001,490.80799999999994,586.4599999999999,8570099,8538068,8353420,372752,1010800,128,132,141060,d128_20261005_193250
"ESP32-S3 N16R8 (QFN56 rev v0.2, 16MB flash, 8MB octal PSRAM)",240,Task-AE,128,100,95.652,490.751,0.056,0.001,490.80799999999994,586.4599999999999,8570099,8538068,8353420,372752,1010800,128,132,141060,d128_20261005_193250
"ESP32-S3 N16R8 (QFN56 rev v0.2, 16MB flash, 8MB octal PSRAM)",240,Task-AE,128,101,95.652,490.752,0.058,0.001,490.811,586.463,8570099,8538068,8353420,372752,1010800,128,132,141060,d128_20261005_193250
"ESP32-S3 N16R8 (QFN56 rev v0.2, 16MB flash, 8MB octal PSRAM)",240,Task-AE,128,102,95.652,490.751,0.056,0.001,490.80799999999994,586.4599999999999,8570099,8538068,8353420,372752,1010800,128,132,141060,d128_20261005_193250
"ESP32-S3 N16R8 (QFN56 rev v0.2, 16MB flash, 8MB octal PSRAM)",240,Task-AE,128,103,95.652,490.751,0.056,0.001,490.80799999999994,586.4599999999999,8570099,8538068,8353420,372752,1010800,128,132,141060,d128_20261005_193250
"ESP32-S3 N16R8 (QFN56 rev v0.2, 16MB flash, 8MB octal PSRAM)",240,Task-AE,128,104,95.652,490.752,0.058,0.001,490.811,586.463,8570099,8538068,8353420,372752,1010800,128,132,141060,d128_20261005_193250
"ESP32-S3 N16R8 (QFN56 rev v0.2, 16MB flash, 8MB octal PSRAM)",240,Task-AE,128,105,95.652,490.751,0.056,0.001,490.80799999999994,586.4599999999999,8570099,8538068,8353420,372752,1010800,128,132,141060,d128_20261005_193250
"ESP32-S3 N16R8 (QFN56 rev v0.2, 16MB flash, 8MB octal PSRAM)",240,Task-AE,128,106,95.652,490.751,0.056,0.001,490.80799999999994,586.4599999999999,8570099,8538068,8353420,372752,1010800,128,132,141060,d128_20261005_193250
"ESP32-S3 N16R8 (QFN56 rev v0.2, 16MB flash, 8MB octal PSRAM)",240,Task-AE,128,107,95.652,490.752,0.058,0.001,490.811,586.463,8570099,8538068,8353420,372752,1010800,128,132,141060,d128_20261005_193250
"ESP32-S3 N16R8 (QFN56 rev v0.2, 16MB flash, 8MB octal PSRAM)",240,Task-AE,128,108,95.652,490.751,0.056,0.001,490.80799999999994,586.4599999999999,8570099,8538068,8353420,372752,1010800,128,132,141060,d128_20261005_193250
"ESP32-S3 N16R8 (QFN56 rev v0.2, 16MB flash, 8MB octal PSRAM)",240,Task-AE,128,109,95.652,490.751,0.056,0.001,490.80799999999994,586.4599999999999,8570099,8538068,8353420,372752,1010800,128,132,141060,d128_20261005_193250
"ESP32-S3 N16R8 (QFN56 rev v0.2, 16MB flash, 8MB octal PSRAM)",240,Task-AE,128,110,95.652,490.752,0.058,0.001,490.811,586.463,8570099,8538068,8353420,372752,1010800,128,132,141060,d128_20261005_193250
"ESP32-S3 N16R8 (QFN56 rev v0.2, 16MB flash, 8MB octal PSRAM)",240,Task-AE,128,111,95.652,490.751,0.056,0.001,490.80799999999994,586.4599999999999,8570099,8538068,8353420,372752,1010800,128,132,141060,d128_20261005_193250
"ESP32-S3 N16R8 (QFN56 rev v0.2, 16MB flash, 8MB octal PSRAM)",240,Task-AE,128,112,95.652,490.751,0.056,0.001,490.80799999999994,586.4599999999999,8570099,8538068,8353420,372752,1010800,128,132,141060,d128_20261005_193250
"ESP32-S3 N16R8 (QFN56 rev v0.2, 16MB flash, 8MB octal PSRAM)",240,Task-AE,128,113,95.652,490.752,0.058,0.001,490.811,586.463,8570099,8538068,8353420,372752,1010800,128,132,141060,d128_20261005_193250
"ESP32-S3 N16R8 (QFN56 rev v0.2, 16MB flash, 8MB octal PSRAM)",240,Task-AE,128,114,95.652,490.751,0.056,0.001,490.80799999999994,586.4599999999999,8570099,8538068,8353420,372752,1010800,128,132,141060,d128_20261005_193250
"ESP32-S3 N16R8 (QFN56 rev v0.2, 16MB flash, 8MB octal PSRAM)",240,Task-AE,128,115,95.652,490.751,0.056,0.001,490.80799999999994,586.4599999999999,8570099,8538068,8353420,372752,1010800,128,132,141060,d128_20261005_193250
"ESP32-S3 N16R8 (QFN56 rev v0.2, 16MB flash, 8MB octal PSRAM)",240,Task-AE,128,116,95.652,490.752,0.058,0.001,490.811,586.463,8570099,8538068,8353420,372752,1010800,128,132,141060,d128_20261005_193250
"ESP32-S3 N16R8 (QFN56 rev v0.2, 16MB flash, 8MB octal PSRAM)",240,Task-AE,128,117,95.652,490.751,0.056,0.001,490.80799999999994,586.4599999999999,8570099,8538068,8353420,372752,1010800,128,132,141060,d128_20261005_193250
"ESP32-S3 N16R8 (QFN56 rev v0.2, 16MB flash, 8MB octal PSRAM)",240,Task-AE,128,118,95.652,490.751,0.056,0.001,490.80799999999994,586.4599999999999,8570099,8538068,8353420,372752,1010800,128,132,141060,d128_20261005_193250
"ESP32-S3 N16R8 (QFN56 rev v0.2, 16MB flash, 8MB octal PSRAM)",240,Task-AE,128,119,95.652,490.752,0.058,0.001,490.811,586.463,8570099,8538068,8353420,372752,1010800,128,132,141060,d128_20261005_193250
"ESP32-S3 N16R8 (QFN56 rev v0.2, 16MB flash, 8MB octal PSRAM)",240,Task-AE,128,120,95.652,490.751,0.056,0.001,490.80799999999994,586.4599999999999,8570099,8538068,8353420,372752,1010800,128,132,141060,d128_20261005_193250
"ESP32-S3 N16R8 (QFN56 rev v0.2, 16MB flash, 8MB octal PSRAM)",240,Task-AE,128,121,95.652,490.751,0.056,0.001,490.80799999999994,586.4599999999999,8570099,8538068,8353420,372752,1010800,128,132,141060,d128_20261005_193250
"ESP32-S3 N16R8 (QFN56 rev v0.2, 16MB flash, 8MB octal PSRAM)",240,Task-AE,128,122,95.652,490.752,0.058,0.001,490.811,586.463,8570099,8538068,8353420,372752,1010800,128,132,141060,d128_20261005_193250
"ESP32-S3 N16R8 (QFN56 rev v0.2, 16MB flash, 8MB octal PSRAM)",240,Task-AE,128,123,95.652,490.751,0.056,0.001,490.80799999999994,586.4599999999999,8570099,8538068,8353420,372752,1010800,128,132,141060,d128_20261005_193250
"ESP32-S3 N16R8 (QFN56 rev v0.2, 16MB flash, 8MB octal PSRAM)",240,Task-AE,128,124,95.652,490.751,0.056,0.001,490.80799999999994,586.4599999999999,8570099,8538068,8353420,372752,1010800,128,132,141060,d128_20261005_193250
"ESP32-S3 N16R8 (QFN56 rev v0.2, 16MB flash, 8MB octal PSRAM)",240,Task-AE,128,125,95.652,490.752,0.058,0.001,490.811,586.463,8570099,8538068,8353420,372752,1010800,128,132,141060,d128_20261005_193250
"ESP32-S3 N16R8 (QFN56 rev v0.2, 16MB flash, 8MB octal PSRAM)",240,Task-AE,128,126,95.652,490.751,0.056,0.001,490.80799999999994,586.4599999999999,8570099,8538068,8353420,372752,1010800,128,132,141060,d128_20261005_193250
"ESP32-S3 N16R8 (QFN56 rev v0.2, 16MB flash, 8MB octal PSRAM)",240,Task-AE,128,127,95.652,490.751,0.056,0.001,490.80799999999994,586.4599999999999,8570099,8538068,8353420,372752,1010800,128,132,141060,d128_20261005_193250
"ESP32-S3 N16R8 (QFN56 rev v0.2, 16MB flash, 8MB octal PSRAM)",240,Task-AE,128,128,95.652,490.752,0.058,0.001,490.811,586.463,8570099,8538068,8353420,372752,1010800,128,132,141060,d128_20261005_193250
"ESP32-S3 N16R8 (QFN56 rev v0.2, 16MB flash, 8MB octal PSRAM)",240,Task-AE,128,129,95.652,490.751,0.056,0.001,490.80799999999994,586.4599999999999,8570099,8538068,8353420,372752,1010800,128,132,141060,d128_20261005_193250
"ESP32-S3 N16R8 (QFN56 rev v0.2, 16MB flash, 8MB octal PSRAM)",240,Task-AE,128,130,95.652,490.751,0.056,0.001,490.80799999999994,586.4599999999999,8570099,8538068,8353420,372752,1010800,128,132,141060,d128_20261005_193250
"ESP32-S3 N16R8 (QFN56 rev v0.2, 16MB flash, 8MB octal PSRAM)",240,Task-AE,128,131,95.652,490.752,0.058,0.001,490.811,586.463,8570099,8538068,8353420,372752,1010800,128,132,141060,d128_20261005_193250
"ESP32-S3 N16R8 (QFN56 rev v0.2, 16MB flash, 8MB octal PSRAM)",240,Task-AE,128,132,95.652,490.751,0.056,0.001,490.80799999999994,586.4599999999999,8570099,8538068,8353420,372752,1010800,128,132,141060,d128_20261005_193250
"ESP32-S3 N16R8 (QFN56 rev v0.2, 16MB flash, 8MB octal PSRAM)",240,Task-AE,128,133,95.652,490.751,0.056,0.001,490.80799999999994,586.4599999999999,8570099,8538068,8353420,372752,1010800,128,132,141060,d128_20261005_193250
"ESP32-S3 N16R8 (QFN56 rev v0.2, 16MB flash, 8MB octal PSRAM)",240,Task-AE,128,134,95.652,490.752,0.058,0.001,490.811,586.463,8570099,8538068,8353420,372752,1010800,128,132,141060,d128_20261005_193250
"ESP32-S3 N16R8 (QFN56 rev v0.2, 16MB flash, 8MB octal PSRAM)",240,Task-AE,128,135,95.652,490.751,0.056,0.001,490.80799999999994,586.4599999999999,8570099,8538068,8353420,372752,1010800,128,132,141060,d128_20261005_193250
"ESP32-S3 N16R8 (QFN56 rev v0.2, 16MB flash, 8MB octal PSRAM)",240,Task-AE,128,136,95.652,490.751,0.056,0.001,490.80799999999994,586.4599999999999,8570099,8538068,8353420,372752,1010800,128,132,141060,d128_20261005_193250
"ESP32-S3 N16R8 (QFN56 rev v0.2, 16MB flash, 8MB octal PSRAM)",240,Task-AE,128,137,95.652,490.752,0.058,0.001,490.811,586.463,8570099,8538068,8353420,372752,1010800,128,132,141060,d128_20261005_193250
"ESP32-S3 N16R8 (QFN56 rev v0.2, 16MB flash, 8MB octal PSRAM)",240,Task-AE,128,138,95.652,490.751,0.056,0.001,490.80799999999994,586.4599999999999,8570099,8538068,8353420,372752,1010800,128,132,141060,d128_20261005_193250
"ESP32-S3 N16R8 (QFN56 rev v0.2, 16MB flash, 8MB octal PSRAM)",240,Task-AE,128,139,95.652,490.751,0.056,0.001,490.80799999999994,586.4599999999999,8570099,8538068,8353420,372752,1010800,128,132,141060,d128_20261005_193250
"ESP32-S3 N16R8 (QFN56 rev v0.2, 16MB flash, 8MB octal PSRAM)",240,Task-AE,128,140,95.652,490.752,0.058,0.001,490.811,586.463,8570099,8538068,8353420,372752,1010800,128,132,141060,d128_20261005_193250
"ESP32-S3 N16R8 (QFN56 rev v0.2, 16MB flash, 8MB octal PSRAM)",240,Task-AE,128,141,95.652,490.751,0.056,0.001,490.80799999999994,586.4599999999999,8570099,8538068,8353420,372752,1010800,128,132,141060,d128_20261005_193250
"ESP32-S3 N16R8 (QFN56 rev v0.2, 16MB flash, 8MB octal PSRAM)",240,Task-AE,128,142,95.652,490.751,0.056,0.001,490.80799999999994,586.4599999999999,8570099,8538068,8353420,372752,1010800,128,132,141060,d128_20261005_193250
"ESP32-S3 N16R8 (QFN56 rev v0.2, 16MB flash, 8MB octal PSRAM)",240,Task-AE,128,143,95.652,490.752,0.058,0.001,490.811,586.463,8570099,8538068,8353420,372752,1010800,128,132,141060,d128_20261005_193250
"ESP32-S3 N16R8 (QFN56 rev v0.2, 16MB flash, 8MB octal PSRAM)",240,Task-AE,128,144,95.652,490.751,0.056,0.001,490.80799999999994,586.4599999999999,8570099,8538068,8353420,372752,1010800,128,132,141060,d128_20261005_193250
"ESP32-S3 N16R8 (QFN56 rev v0.2, 16MB flash, 8MB octal PSRAM)",240,Task-AE,128,145,95.652,490.751,0.056,0.001,490.80799999999994,586.4599999999999,8570099,8538068,8353420,372752,1010800,128,132,141060,d128_20261005_193250
"ESP32-S3 N16R8 (QFN56 rev v0.2, 16MB flash, 8MB octal PSRAM)",240,Task-AE,128,146,95.652,490.752,0.058,0.001,490.811,586.463,8570099,8538068,8353420,372752,1010800,128,132,141060,d128_20261005_193250
"ESP32-S3 N16R8 (QFN56 rev v0.2, 16MB flash, 8MB octal PSRAM)",240,Task-AE,128,147,95.652,490.751,0.056,0.001,490.80799999999994,586.4599999999999,8570099,8538068,8353420,372752,1010800,128,132,141060,d128_20261005_193250
"ESP32-S3 N16R8 (QFN56 rev v0.2, 16MB flash, 8MB octal PSRAM)",240,Task-AE,128,148,95.652,490.751,0.056,0.001,490.80799999999994,586.4599999999999,8570099,8538068,8353420,372752,1010800,128,132,141060,d128_20261005_193250
"ESP32-S3 N16R8 (QFN56 rev v0.2, 16MB flash, 8MB octal PSRAM)",240,Task-AE,128,149,95.652,490.752,0.058,0.001,490.811,586.463,8570099,8538068,8353420,372752,1010800,128,132,141060,d128_20261005_193250
"ESP32-S3 N16R8 (QFN56 rev v0.2, 16MB flash, 8MB octal PSRAM)",240,Task-AE,128,150,95.652,490.751,0.056,0.001,490.80799999999994,586.4599999999999,8570099,8538068,8353420,372752,1010800,128,132,141060,d128_20261005_193250
"ESP32-S3 N16R8 (QFN56 rev v0.2, 16MB flash, 8MB octal PSRAM)",240,Task-AE,128,151,95.652,490.751,0.056,0.001,490.80799999999994,586.4599999999999,8570099,8538068,8353420,372752,1010800,128,132,141060,d128_20261005_193250
"ESP32-S3 N16R8 (QFN56 rev v0.2, 16MB flash, 8MB octal PSRAM)",240,Task-AE,128,152,95.652,490.752,0.058,0.001,490.811,586.463,8570099,8538068,8353420,372752,1010800,128,132,141060,d128_20261005_193250
"ESP32-S3 N16R8 (QFN56 rev v0.2, 16MB flash, 8MB octal PSRAM)",240,Task-AE,128,153,95.652,490.751,0.056,0.001,490.80799999999994,586.4599999999999,8570099,8538068,8353420,372752,1010800,128,132,141060,d128_20261005_193250
"ESP32-S3 N16R8 (QFN56 rev v0.2, 16MB flash, 8MB octal PSRAM)",240,Task-AE,128,154,95.652,490.751,0.056,0.001,490.80799999999994,586.4599999999999,8570099,8538068,8353420,372752,1010800,128,132,141060,d128_20261005_193250
"ESP32-S3 N16R8 (QFN56 rev v0.2, 16MB flash, 8MB octal PSRAM)",240,Task-AE,128,155,95.652,490.752,0.058,0.001,490.811,586.463,8570099,8538068,8353420,372752,1010800,128,132,141060,d128_20261005_193250
"ESP32-S3 N16R8 (QFN56 rev v0.2, 16MB flash, 8MB octal PSRAM)",240,Task-AE,128,156,95.652,490.751,0.056,0.001,490.80799999999994,586.4599999999999,8570099,8538068,8353420,372752,1010800,128,132,141060,d128_20261005_193250
"ESP32-S3 N16R8 (QFN56 rev v0.2, 16MB flash, 8MB octal PSRAM)",240,Task-AE,128,157,95.652,490.751,0.056,0.001,490.80799999999994,586.4599999999999,8570099,8538068,8353420,372752,1010800,128,132,141060,d128_20261005_193250
"ESP32-S3 N16R8 (QFN56 rev v0.2, 16MB flash, 8MB octal PSRAM)",240,Task-AE,128,158,95.652,490.752,0.058,0.001,490.811,586.463,8570099,8538068,8353420,372752,1010800,128,132,141060,d128_20261005_193250
"ESP32-S3 N16R8 (QFN56 rev v0.2, 16MB flash, 8MB octal PSRAM)",240,Task-AE,128,159,95.652,490.751,0.056,0.001,490.80799999999994,586.4599999999999,8570099,8538068,8353420,372752,1010800,128,132,141060,d128_20261005_193250
"ESP32-S3 N16R8 (QFN56 rev v0.2, 16MB flash, 8MB octal PSRAM)",240,Task-AE,128,160,95.652,490.751,0.056,0.001,490.80799999999994,586.4599999999999,8570099,8538068,8353420,372752,1010800,128,132,141060,d128_20261005_193250
"ESP32-S3 N16R8 (QFN56 rev v0.2, 16MB flash, 8MB octal PSRAM)",240,Task-AE,128,161,95.652,490.752,0.058,0.001,490.811,586.463,8570099,8538068,8353420,372752,1010800,128,132,141060,d128_20261005_193250
"ESP32-S3 N16R8 (QFN56 rev v0.2, 16MB flash, 8MB octal PSRAM)",240,Task-AE,128,162,95.652,490.751,0.056,0.001,490.80799999999994,586.4599999999999,8570099,8538068,8353420,372752,1010800,128,132,141060,d128_20261005_193250
"ESP32-S3 N16R8 (QFN56 rev v0.2, 16MB flash, 8MB octal PSRAM)",240,Task-AE,128,163,95.652,490.751,0.056,0.001,490.80799999999994,586.4599999999999,8570099,8538068,8353420,372752,1010800,128,132,141060,d128_20261005_193250
"ESP32-S3 N16R8 (QFN56 rev v0.2, 16MB flash, 8MB octal PSRAM)",240,Task-AE,128,164,95.652,490.752,0.058,0.001,490.811,586.463,8570099,8538068,8353420,372752,1010800,128,132,141060,d128_20261005_193250
"ESP32-S3 N16R8 (QFN56 rev v0.2, 16MB flash, 8MB octal PSRAM)",240,Task-AE,128,165,95.652,490.751,0.056,0.001,490.80799999999994,586.4599999999999,8570099,8538068,8353420,372752,1010800,128,132,141060,d128_20261005_193250
"ESP32-S3 N16R8 (QFN56 rev v0.2, 16MB flash, 8MB octal PSRAM)",240,Task-AE,128,166,95.652,490.751,0.056,0.001,490.80799999999994,586.4599999999999,8570099,8538068,8353420,372752,1010800,128,132,141060,d128_20261005_193250
"ESP32-S3 N16R8 (QFN56 rev v0.2, 16MB flash, 8MB octal PSRAM)",240,Task-AE,128,167,95.652,490.752,0.058,0.001,490.811,586.463,8570099,8538068,8353420,372752,1010800,128,132,141060,d128_20261005_193250
"ESP32-S3 N16R8 (QFN56 rev v0.2, 16MB flash, 8MB octal PSRAM)",240,Task-AE,128,168,95.652,490.751,0.056,0.001,490.80799999999994,586.4599999999999,8570099,8538068,8353420,372752,1010800,128,132,141060,d128_20261005_193250
"ESP32-S3 N16R8 (QFN56 rev v0.2, 16MB flash, 8MB octal PSRAM)",240,Task-AE,128,169,95.652,490.751,0.056,0.001,490.80799999999994,586.4599999999999,8570099,8538068,8353420,372752,1010800,128,132,141060,d128_20261005_193250
"ESP32-S3 N16R8 (QFN56 rev v0.2, 16MB flash, 8MB octal PSRAM)",240,Task-AE,128,170,95.652,490.752,0.058,0.001,490.811,586.463,8570099,8538068,8353420,372752,1010800,128,132,141060,d128_20261005_193250
"ESP32-S3 N16R8 (QFN56 rev v0.2, 16MB flash, 8MB octal PSRAM)",240,Task-AE,128,171,95.652,490.751,0.056,0.001,490.80799999999994,586.4599999999999,8570099,8538068,8353420,372752,1010800,128,132,141060,d128_20261005_193250
"ESP32-S3 N16R8 (QFN56 rev v0.2, 16MB flash, 8MB octal PSRAM)",240,Task-AE,128,172,95.652,490.751,0.056,0.001,490.80799999999994,586.4599999999999,8570099,8538068,8353420,372752,1010800,128,132,141060,d128_20261005_193250
"ESP32-S3 N16R8 (QFN56 rev v0.2, 16MB flash, 8MB octal PSRAM)",240,Task-AE,128,173,95.652,490.752,0.058,0.001,490.811,586.463,8570099,8538068,8353420,372752,1010800,128,132,141060,d128_20261005_193250
"ESP32-S3 N16R8 (QFN56 rev v0.2, 16MB flash, 8MB octal PSRAM)",240,Task-AE,128,174,95.652,490.751,0.056,0.001,490.80799999999994,586.4599999999999,8570099,8538068,8353420,372752,1010800,128,132,141060,d128_20261005_193250
"ESP32-S3 N16R8 (QFN56 rev v0.2, 16MB flash, 8MB octal PSRAM)",240,Task-AE,128,175,95.652,490.751,0.056,0.001,490.80799999999994,586.4599999999999,8570099,8538068,8353420,372752,1010800,128,132,141060,d128_20261005_193250
"ESP32-S3 N16R8 (QFN56 rev v0.2, 16MB flash, 8MB octal PSRAM)",240,Task-AE,128,176,95.652,490.752,0.058,0.001,490.811,586.463,8570099,8538068,8353420,372752,1010800,128,132,141060,d128_20261005_193250
"ESP32-S3 N16R8 (QFN56 rev v0.2, 16MB flash, 8MB octal PSRAM)",240,Task-AE,128,177,95.652,490.751,0.056,0.001,490.80799999999994,586.4599999999999,8570099,8538068,8353420,372752,1010800,128,132,141060,d128_20261005_193250
"ESP32-S3 N16R8 (QFN56 rev v0.2, 16MB flash, 8MB octal PSRAM)",240,Task-AE,128,178,95.652,490.751,0.056,0.001,490.80799999999994,586.4599999999999,8570099,8538068,8353420,372752,1010800,128,132,141060,d128_20261005_193250
"ESP32-S3 N16R8 (QFN56 rev v0.2, 16MB flash, 8MB octal PSRAM)",240,Task-AE,128,179,95.652,490.752,0.058,0.001,490.811,586.463,8570099,8538068,8353420,372752,1010800,128,132,141060,d128_20261005_193250
"ESP32-S3 N16R8 (QFN56 rev v0.2, 16MB flash, 8MB octal PSRAM)",240,Task-AE,128,180,95.652,490.751,0.056,0.001,490.80799999999994,586.4599999999999,8570099,8538068,8353420,372752,1010800,128,132,141060,d128_20261005_193250
"ESP32-S3 N16R8 (QFN56 rev v0.2, 16MB flash, 8MB octal PSRAM)",240,Task-AE,128,181,95.652,490.751,0.056,0.001,490.80799999999994,586.4599999999999,8570099,8538068,8353420,372752,1010800,128,132,141060,d128_20261005_193250
"ESP32-S3 N16R8 (QFN56 rev v0.2, 16MB flash, 8MB octal PSRAM)",240,Task-AE,128,182,95.652,490.752,0.058,0.001,490.811,586.463,8570099,8538068,8353420,372752,1010800,128,132,141060,d128_20261005_193250
"ESP32-S3 N16R8 (QFN56 rev v0.2, 16MB flash, 8MB octal PSRAM)",240,Task-AE,128,183,95.652,490.751,0.056,0.001,490.80799999999994,586.4599999999999,8570099,8538068,8353420,372752,1010800,128,132,141060,d128_20261005_193250
"ESP32-S3 N16R8 (QFN56 rev v0.2, 16MB flash, 8MB octal PSRAM)",240,Task-AE,128,184,95.652,490.751,0.056,0.001,490.80799999999994,586.4599999999999,8570099,8538068,8353420,372752,1010800,128,132,141060,d128_20261005_193250
"ESP32-S3 N16R8 (QFN56 rev v0.2, 16MB flash, 8MB octal PSRAM)",240,Task-AE,128,185,95.652,490.752,0.058,0.001,490.811,586.463,8570099,8538068,8353420,372752,1010800,128,132,141060,d128_20261005_193250
"ESP32-S3 N16R8 (QFN56 rev v0.2, 16MB flash, 8MB octal PSRAM)",240,Task-AE,128,186,95.652,490.751,0.056,0.001,490.80799999999994,586.4599999999999,8570099,8538068,8353420,372752,1010800,128,132,141060,d128_20261005_193250
"ESP32-S3 N16R8 (QFN56 rev v0.2, 16MB flash, 8MB octal PSRAM)",240,Task-AE,128,187,95.652,490.751,0.056,0.001,490.80799999999994,586.4599999999999,8570099,8538068,8353420,372752,1010800,128,132,141060,d128_20261005_193250
"ESP32-S3 N16R8 (QFN56 rev v0.2, 16MB flash, 8MB octal PSRAM)",240,Task-AE,128,188,95.652,490.752,0.058,0.001,490.811,586.463,8570099,8538068,8353420,372752,1010800,128,132,141060,d128_20261005_193250
"ESP32-S3 N16R8 (QFN56 rev v0.2, 16MB flash, 8MB octal PSRAM)",240,Task-AE,128,189,95.652,490.751,0.056,0.001,490.80799999999994,586.4599999999999,8570099,8538068,8353420,372752,1010800,128,132,141060,d128_20261005_193250
"ESP32-S3 N16R8 (QFN56 rev v0.2, 16MB flash, 8MB octal PSRAM)",240,Task-AE,128,190,95.652,490.751,0.056,0.001,490.80799999999994,586.4599999999999,8570099,8538068,8353420,372752,1010800,128,132,141060,d128_20261005_193250
"ESP32-S3 N16R8 (QFN56 rev v0.2, 16MB flash, 8MB octal PSRAM)",240,Task-AE,128,191,95.652,490.752,0.058,0.001,490.811,586.463,8570099,8538068,8353420,372752,1010800,128,132,141060,d128_20261005_193250
"ESP32-S3 N16R8 (QFN56 rev v0.2, 16MB flash, 8MB octal PSRAM)",240,Task-AE,128,192,95.652,490.751,0.056,0.001,490.80799999999994,586.4599999999999,8570099,8538068,8353420,372752,1010800,128,132,141060,d128_20261005_193250
"ESP32-S3 N16R8 (QFN56 rev v0.2, 16MB flash, 8MB octal PSRAM)",240,Task-AE,128,193,95.652,490.751,0.056,0.001,490.80799999999994,586.4599999999999,8570099,8538068,8353420,372752,1010800,128,132,141060,d128_20261005_193250
"ESP32-S3 N16R8 (QFN56 rev v0.2, 16MB flash, 8MB octal PSRAM)",240,Task-AE,128,194,95.652,490.752,0.058,0.001,490.811,586.463,8570099,8538068,8353420,372752,1010800,128,132,141060,d128_20261005_193250
"ESP32-S3 N16R8 (QFN56 rev v0.2, 16MB flash, 8MB octal PSRAM)",240,Task-AE,128,195,95.652,490.751,0.056,0.001,490.80799999999994,586.4599999999999,8570099,8538068,8353420,372752,1010800,128,132,141060,d128_20261005_193250
"ESP32-S3 N16R8 (QFN56 rev v0.2, 16MB flash, 8MB octal PSRAM)",240,Task-AE,128,196,95.652,490.751,0.056,0.001,490.80799999999994,586.4599999999999,8570099,8538068,8353420,372752,1010800,128,132,141060,d128_20261005_193250
"ESP32-S3 N16R8 (QFN56 rev v0.2, 16MB flash, 8MB octal PSRAM)",240,Task-AE,128,197,95.652,490.752,0.058,0.001,490.811,586.463,8570099,8538068,8353420,372752,1010800,128,132,141060,d128_20261005_193250
"ESP32-S3 N16R8 (QFN56 rev v0.2, 16MB flash, 8MB octal PSRAM)",240,Task-AE,128,198,95.652,490.751,0.056,0.001,490.80799999999994,586.4599999999999,8570099,8538068,8353420,372752,1010800,128,132,141060,d128_20261005_193250
"ESP32-S3 N16R8 (QFN56 rev v0.2, 16MB flash, 8MB octal PSRAM)",240,Task-AE,128,199,95.652,490.751,0.056,0.001,490.80799999999994,586.4599999999999,8570099,8538068,8353420,372752,1010800,128,132,141060,d128_20261005_193250
"ESP32-S3 N16R8 (QFN56 rev v0.2, 16MB flash, 8MB octal PSRAM)",240,Task-AE,128,200,95.652,490.752,0.058,0.001,490.811,586.463,8570099,8538068,8353420,372752,1010800,128,132,141060,d128_20261005_193250
"ESP32-S3 N16R8 (QFN56 rev v0.2, 16MB flash, 8MB octal PSRAM)",240,Task-AE,128,201,95.652,490.751,0.056,0.001,490.80799999999994,586.4599999999999,8570099,8538068,8353420,372752,1010800,128,132,141060,d128_20261005_193250
"ESP32-S3 N16R8 (QFN56 rev v0.2, 16MB flash, 8MB octal PSRAM)",240,Task-AE,128,202,95.652,490.751,0.056,0.001,490.80799999999994,586.4599999999999,8570099,8538068,8353420,372752,1010800,128,132,141060,d128_20261005_193250
"ESP32-S3 N16R8 (QFN56 rev v0.2, 16MB flash, 8MB octal PSRAM)",240,Task-AE,128,203,95.652,490.752,0.058,0.001,490.811,586.463,8570099,8538068,8353420,372752,1010800,128,132,141060,d128_20261005_193250
"ESP32-S3 N16R8 (QFN56 rev v0.2, 16MB flash, 8MB octal PSRAM)",240,Task-AE,128,204,95.652,490.751,0.056,0.001,490.80799999999994,586.4599999999999,8570099,8538068,8353420,372752,1010800,128,132,141060,d128_20261005_193250
"ESP32-S3 N16R8 (QFN56 rev v0.2, 16MB flash, 8MB octal PSRAM)",240,Task-AE,128,205,95.652,490.751,0.056,0.001,490.80799999999994,586.4599999999999,8570099,8538068,8353420,372752,1010800,128,132,141060,d128_20261005_193250
"ESP32-S3 N16R8 (QFN56 rev v0.2, 16MB flash, 8MB octal PSRAM)",240,Task-AE,128,206,95.652,490.752,0.058,0.001,490.811,586.463,8570099,8538068,8353420,372752,1010800,128,132,141060,d128_20261005_193250
"ESP32-S3 N16R8 (QFN56 rev v0.2, 16MB flash, 8MB octal PSRAM)",240,Task-AE,128,207,95.652,490.751,0.056,0.001,490.80799999999994,586.4599999999999,8570099,8538068,8353420,372752,1010800,128,132,141060,d128_20261005_193250
"ESP32-S3 N16R8 (QFN56 rev v0.2, 16MB flash, 8MB octal PSRAM)",240,Task-AE,128,208,95.652,490.751,0.056,0.001,490.80799999999994,586.4599999999999,8570099,8538068,8353420,372752,1010800,128,132,141060,d128_20261005_193250
"ESP32-S3 N16R8 (QFN56 rev v0.2, 16MB flash, 8MB octal PSRAM)",240,Task-AE,128,209,95.652,490.752,0.058,0.001,490.811,586.463,8570099,8538068,8353420,372752,1010800,128,132,141060,d128_20261005_193250
"ESP32-S3 N16R8 (QFN56 rev v0.2, 16MB flash, 8MB octal PSRAM)",240,Task-AE,128,210,95.652,490.751,0.056,0.001,490.80799999999994,586.4599999999999,8570099,8538068,8353420,372752,1010800,128,132,141060,d128_20261005_193250
"ESP32-S3 N16R8 (QFN56 rev v0.2, 16MB flash, 8MB octal PSRAM)",240,Task-AE,128,211,95.652,490.751,0.056,0.001,490.80799999999994,586.4599999999999,8570099,8538068,8353420,372752,1010800,128,132,141060,d128_20261005_193250
"ESP32-S3 N16R8 (QFN56 rev v0.2, 16MB flash, 8MB octal PSRAM)",240,Task-AE,128,212,95.652,490.752,0.058,0.001,490.811,586.463,8570099,8538068,8353420,372752,1010800,128,132,141060,d128_20261005_193250
"ESP32-S3 N16R8 (QFN56 rev v0.2, 16MB flash, 8MB octal PSRAM)",240,Task-AE,128,213,95.652,490.751,0.056,0.001,490.80799999999994,586.4599999999999,8570099,8538068,8353420,372752,1010800,128,132,141060,d128_20261005_193250
"ESP32-S3 N16R8 (QFN56 rev v0.2, 16MB flash, 8MB octal PSRAM)",240,Task-AE,128,214,95.652,490.751,0.056,0.001,490.80799999999994,586.4599999999999,8570099,8538068,8353420,372752,1010800,128,132,141060,d128_20261005_193250
"ESP32-S3 N16R8 (QFN56 rev v0.2, 16MB flash, 8MB octal PSRAM)",240,Task-AE,128,215,95.652,490.752,0.058,0.001,490.811,586.463,8570099,8538068,8353420,372752,1010800,128,132,141060,d128_20261005_193250
"ESP32-S3 N16R8 (QFN56 rev v0.2, 16MB flash, 8MB octal PSRAM)",240,Task-AE,128,216,95.652,490.751,0.056,0.001,490.80799999999994,586.4599999999999,8570099,8538068,8353420,372752,1010800,128,132,141060,d128_20261005_193250
"ESP32-S3 N16R8 (QFN56 rev v0.2, 16MB flash, 8MB octal PSRAM)",240,Task-AE,128,217,95.652,490.751,0.056,0.001,490.80799999999994,586.4599999999999,8570099,8538068,8353420,372752,1010800,128,132,141060,d128_20261005_193250
"ESP32-S3 N16R8 (QFN56 rev v0.2, 16MB flash, 8MB octal PSRAM)",240,Task-AE,128,218,95.652,490.752,0.058,0.001,490.811,586.463,8570099,8538068,8353420,372752,1010800,128,132,141060,d128_20261005_193250
"ESP32-S3 N16R8 (QFN56 rev v0.2, 16MB flash, 8MB octal PSRAM)",240,Task-AE,128,219,95.652,490.751,0.056,0.001,490.80799999999994,586.4599999999999,8570099,8538068,8353420,372752,1010800,128,132,141060,d128_20261005_193250
"ESP32-S3 N16R8 (QFN56 rev v0.2, 16MB flash, 8MB octal PSRAM)",240,Task-AE,128,220,95.652,490.751,0.056,0.001,490.80799999999994,586.4599999999999,8570099,8538068,8353420,372752,1010800,128,132,141060,d128_20261005_193250
"ESP32-S3 N16R8 (QFN56 rev v0.2, 16MB flash, 8MB octal PSRAM)",240,Task-AE,128,221,95.652,490.752,0.058,0.001,490.811,586.463,8570099,8538068,8353420,372752,1010800,128,132,141060,d128_20261005_193250
"ESP32-S3 N16R8 (QFN56 rev v0.2, 16MB flash, 8MB octal PSRAM)",240,Task-AE,128,222,95.652,490.751,0.056,0.001,490.80799999999994,586.4599999999999,8570099,8538068,8353420,372752,1010800,128,132,141060,d128_20261005_193250
"ESP32-S3 N16R8 (QFN56 rev v0.2, 16MB flash, 8MB octal PSRAM)",240,Task-AE,128,223,95.652,490.751,0.056,0.001,490.80799999999994,586.4599999999999,8570099,8538068,8353420,372752,1010800,128,132,141060,d128_20261005_193250
"ESP32-S3 N16R8 (QFN56 rev v0.2, 16MB flash, 8MB octal PSRAM)",240,Task-AE,128,224,95.652,490.752,0.058,0.001,490.811,586.463,8570099,8538068,8353420,372752,1010800,128,132,141060,d128_20261005_193250
"ESP32-S3 N16R8 (QFN56 rev v0.2, 16MB flash, 8MB octal PSRAM)",240,Task-AE,128,225,95.652,490.751,0.056,0.001,490.80799999999994,586.4599999999999,8570099,8538068,8353420,372752,1010800,128,132,141060,d128_20261005_193250
"ESP32-S3 N16R8 (QFN56 rev v0.2, 16MB flash, 8MB octal PSRAM)",240,Task-AE,128,226,95.652,490.751,0.056,0.001,490.80799999999994,586.4599999999999,8570099,8538068,8353420,372752,1010800,128,132,141060,d128_20261005_193250
"ESP32-S3 N16R8 (QFN56 rev v0.2, 16MB flash, 8MB octal PSRAM)",240,Task-AE,128,227,95.652,490.752,0.058,0.001,490.811,586.463,8570099,8538068,8353420,372752,1010800,128,132,141060,d128_20261005_193250
"ESP32-S3 N16R8 (QFN56 rev v0.2, 16MB flash, 8MB octal PSRAM)",240,Task-AE,128,228,95.652,490.751,0.056,0.001,490.80799999999994,586.4599999999999,8570099,8538068,8353420,372752,1010800,128,132,141060,d128_20261005_193250
"ESP32-S3 N16R8 (QFN56 rev v0.2, 16MB flash, 8MB octal PSRAM)",240,Task-AE,128,229,95.652,490.751,0.056,0.001,490.80799999999994,586.4599999999999,8570099,8538068,8353420,372752,1010800,128,132,141060,d128_20261005_193250
"ESP32-S3 N16R8 (QFN56 rev v0.2, 16MB flash, 8MB octal PSRAM)",240,Task-AE,128,230,95.652,490.752,0.058,0.001,490.811,586.463,8570099,8538068,8353420,372752,1010800,128,132,141060,d128_20261005_193250
"ESP32-S3 N16R8 (QFN56 rev v0.2, 16MB flash, 8MB octal PSRAM)",240,Task-AE,128,231,95.652,490.751,0.056,0.001,490.80799999999994,586.4599999999999,8570099,8538068,8353420,372752,1010800,128,132,141060,d128_20261005_193250
"ESP32-S3 N16R8 (QFN56 rev v0.2, 16MB flash, 8MB octal PSRAM)",240,Task-AE,128,232,95.652,490.751,0.056,0.001,490.80799999999994,586.4599999999999,8570099,8538068,8353420,372752,1010800,128,132,141060,d128_20261005_193250
"ESP32-S3 N16R8 (QFN56 rev v0.2, 16MB flash, 8MB octal PSRAM)",240,Task-AE,128,233,95.652,490.752,0.058,0.001,490.811,586.463,8570099,8538068,8353420,372752,1010800,128,132,141060,d128_20261005_193250
"ESP32-S3 N16R8 (QFN56 rev v0.2, 16MB flash, 8MB octal PSRAM)",240,Task-AE,128,234,95.652,490.751,0.056,0.001,490.80799999999994,586.4599999999999,8570099,8538068,8353420,372752,1010800,128,132,141060,d128_20261005_193250
"ESP32-S3 N16R8 (QFN56 rev v0.2, 16MB flash, 8MB octal PSRAM)",240,Task-AE,128,235,95.652,490.751,0.056,0.001,490.80799999999994,586.4599999999999,8570099,8538068,8353420,372752,1010800,128,132,141060,d128_20261005_193250
"ESP32-S3 N16R8 (QFN56 rev v0.2, 16MB flash, 8MB octal PSRAM)",240,Task-AE,128,236,95.652,490.752,0.058,0.001,490.811,586.463,8570099,8538068,8353420,372752,1010800,128,132,141060,d128_20261005_193250
"ESP32-S3 N16R8 (QFN56 rev v0.2, 16MB flash, 8MB octal PSRAM)",240,Task-AE,128,237,95.652,490.751,0.056,0.001,490.80799999999994,586.4599999999999,8570099,8538068,8353420,372752,1010800,128,132,141060,d128_20261005_193250
"ESP32-S3 N16R8 (QFN56 rev v0.2, 16MB flash, 8MB octal PSRAM)",240,Task-AE,128,238,95.652,490.751,0.056,0.001,490.80799999999994,586.4599999999999,8570099,8538068,8353420,372752,1010800,128,132,141060,d128_20261005_193250
"ESP32-S3 N16R8 (QFN56 rev v0.2, 16MB flash, 8MB octal PSRAM)",240,Task-AE,128,239,95.652,490.752,0.058,0.001,490.811,586.463,8570099,8538068,8353420,372752,1010800,128,132,141060,d128_20261005_193250
"ESP32-S3 N16R8 (QFN56 rev v0.2, 16MB flash, 8MB octal PSRAM)",240,Task-AE,128,240,95.652,490.751,0.056,0.001,490.80799999999994,586.4599999999999,8570099,8538068,8353420,372752,1010800,128,132,141060,d128_20261005_193250
"ESP32-S3 N16R8 (QFN56 rev v0.2, 16MB flash, 8MB octal PSRAM)",240,Task-AE,128,241,95.652,490.751,0.056,0.001,490.80799999999994,586.4599999999999,8570099,8538068,8353420,372752,1010800,128,132,141060,d128_20261005_193250
"ESP32-S3 N16R8 (QFN56 rev v0.2, 16MB flash, 8MB octal PSRAM)",240,Task-AE,128,242,95.652,490.752,0.058,0.001,490.811,586.463,8570099,8538068,8353420,372752,1010800,128,132,141060,d128_20261005_193250
"ESP32-S3 N16R8 (QFN56 rev v0.2, 16MB flash, 8MB octal PSRAM)",240,Task-AE,128,243,95.652,490.751,0.056,0.001,490.80799999999994,586.4599999999999,8570099,8538068,8353420,372752,1010800,128,132,141060,d128_20261005_193250
"ESP32-S3 N16R8 (QFN56 rev v0.2, 16MB flash, 8MB octal PSRAM)",240,Task-AE,128,244,95.652,490.751,0.056,0.001,490.80799999999994,586.4599999999999,8570099,8538068,8353420,372752,1010800,128,132,141060,d128_20261005_193250
"ESP32-S3 N16R8 (QFN56 rev v0.2, 16MB flash, 8MB octal PSRAM)",240,Task-AE,128,245,95.652,490.752,0.058,0.001,490.811,586.463,8570099,8538068,8353420,372752,1010800,128,132,141060,d128_20261005_193250
"ESP32-S3 N16R8 (QFN56 rev v0.2, 16MB flash, 8MB octal PSRAM)",240,Task-AE,128,246,95.652,490.751,0.056,0.001,490.80799999999994,586.4599999999999,8570099,8538068,8353420,372752,1010800,128,132,141060,d128_20261005_193250
"ESP32-S3 N16R8 (QFN56 rev v0.2, 16MB flash, 8MB octal PSRAM)",240,Task-AE,128,247,95.652,490.751,0.056,0.001,490.80799999999994,586.4599999999999,8570099,8538068,8353420,372752,1010800,128,132,141060,d128_20261005_193250
"ESP32-S3 N16R8 (QFN56 rev v0.2, 16MB flash, 8MB octal PSRAM)",240,Task-AE,128,248,95.652,490.752,0.058,0.001,490.811,586.463,8570099,8538068,8353420,372752,1010800,128,132,141060,d128_20261005_193250
"ESP32-S3 N16R8 (QFN56 rev v0.2, 16MB flash, 8MB octal PSRAM)",240,Task-AE,128,249,95.652,490.751,0.056,0.001,490.80799999999994,586.4599999999999,8570099,8538068,8353420,372752,1010800,128,132,141060,d128_20261005_193250
"ESP32-S3 N16R8 (QFN56 rev v0.2, 16MB flash, 8MB octal PSRAM)",240,Task-AE,128,250,95.652,490.751,0.056,0.001,490.80799999999994,586.4599999999999,8570099,8538068,8353420,372752,1010800,128,132,141060,d128_20261005_193250
"ESP32-S3 N16R8 (QFN56 rev v0.2, 16MB flash, 8MB octal PSRAM)",240,Task-AE,128,251,95.652,490.752,0.058,0.001,490.811,586.463,8570099,8538068,8353420,372752,1010800,128,132,141060,d128_20261005_193250
"ESP32-S3 N16R8 (QFN56 rev v0.2, 16MB flash, 8MB octal PSRAM)",240,Task-AE,128,252,95.652,490.751,0.056,0.001,490.80799999999994,586.4599999999999,8570099,8538068,8353420,372752,1010800,128,132,141060,d128_20261005_193250
"ESP32-S3 N16R8 (QFN56 rev v0.2, 16MB flash, 8MB octal PSRAM)",240,Task-AE,128,253,95.652,490.751,0.056,0.001,490.80799999999994,586.4599999999999,8570099,8538068,8353420,372752,1010800,128,132,141060,d128_20261005_193250
"ESP32-S3 N16R8 (QFN56 rev v0.2, 16MB flash, 8MB octal PSRAM)",240,Task-AE,128,254,95.652,490.752,0.058,0.001,490.811,586.463,8570099,8538068,8353420,372752,1010800,128,132,141060,d128_20261005_193250
"ESP32-S3 N16R8 (QFN56 rev v0.2, 16MB flash, 8MB octal PSRAM)",240,Task-AE,128,255,95.652,490.751,0.056,0.001,490.80799999999994,586.4599999999999,8570099,8538068,8353420,372752,1010800,128,132,141060,d128_20261005_193250
"ESP32-S3 N16R8 (QFN56 rev v0.2, 16MB flash, 8MB octal PSRAM)",240,Task-AE,128,256,95.652,490.751,0.056,0.001,490.80799999999994,586.4599999999999,8570099,8538068,8353420,372752,1010800,128,132,141060,d128_20261005_193250
"ESP32-S3 N16R8 (QFN56 rev v0.2, 16MB flash, 8MB octal PSRAM)",240,Task-AE,128,257,95.652,490.752,0.058,0.001,490.811,586.463,8570099,8538068,8353420,372752,1010800,128,132,141060,d128_20261005_193250
"ESP32-S3 N16R8 (QFN56 rev v0.2, 16MB flash, 8MB octal PSRAM)",240,Task-AE,128,258,95.652,490.751,0.056,0.001,490.80799999999994,586.4599999999999,8570099,8538068,8353420,372752,1010800,128,132,141060,d128_20261005_193250
"ESP32-S3 N16R8 (QFN56 rev v0.2, 16MB flash, 8MB octal PSRAM)",240,Task-AE,128,259,95.652,490.751,0.056,0.001,490.80799999999994,586.4599999999999,8570099,8538068,8353420,372752,1010800,128,132,141060,d128_20261005_193250
"ESP32-S3 N16R8 (QFN56 rev v0.2, 16MB flash, 8MB octal PSRAM)",240,Task-AE,128,260,95.652,490.752,0.058,0.001,490.811,586.463,8570099,8538068,8353420,372752,1010800,128,132,141060,d128_20261005_193250
"ESP32-S3 N16R8 (QFN56 rev v0.2, 16MB flash, 8MB octal PSRAM)",240,Task-AE,128,261,95.652,490.751,0.056,0.001,490.80799999999994,586.4599999999999,8570099,8538068,8353420,372752,1010800,128,132,141060,d128_20261005_193250
"ESP32-S3 N16R8 (QFN56 rev v0.2, 16MB flash, 8MB octal PSRAM)",240,Task-AE,128,262,95.652,490.751,0.056,0.001,490.80799999999994,586.4599999999999,8570099,8538068,8353420,372752,1010800,128,132,141060,d128_20261005_193250
"ESP32-S3 N16R8 (QFN56 rev v0.2, 16MB flash, 8MB octal PSRAM)",240,Task-AE,128,263,95.652,490.752,0.058,0.001,490.811,586.463,8570099,8538068,8353420,372752,1010800,128,132,141060,d128_20261005_193250
"ESP32-S3 N16R8 (QFN56 rev v0.2, 16MB flash, 8MB octal PSRAM)",240,Task-AE,128,264,95.652,490.751,0.056,0.001,490.80799999999994,586.4599999999999,8570099,8538068,8353420,372752,1010800,128,132,141060,d128_20261005_193250
"ESP32-S3 N16R8 (QFN56 rev v0.2, 16MB flash, 8MB octal PSRAM)",240,Task-AE,128,265,95.652,490.751,0.056,0.001,490.80799999999994,586.4599999999999,8570099,8538068,8353420,372752,1010800,128,132,141060,d128_20261005_193250
"ESP32-S3 N16R8 (QFN56 rev v0.2, 16MB flash, 8MB octal PSRAM)",240,Task-AE,128,266,95.652,490.752,0.058,0.001,490.811,586.463,8570099,8538068,8353420,372752,1010800,128,132,141060,d128_20261005_193250
"ESP32-S3 N16R8 (QFN56 rev v0.2, 16MB flash, 8MB octal PSRAM)",240,Task-AE,128,267,95.652,490.751,0.056,0.001,490.80799999999994,586.4599999999999,8570099,8538068,8353420,372752,1010800,128,132,141060,d128_20261005_193250
"ESP32-S3 N16R8 (QFN56 rev v0.2, 16MB flash, 8MB octal PSRAM)",240,Task-AE,128,268,95.652,490.751,0.056,0.001,490.80799999999994,586.4599999999999,8570099,8538068,8353420,372752,1010800,128,132,141060,d128_20261005_193250
"ESP32-S3 N16R8 (QFN56 rev v0.2, 16MB flash, 8MB octal PSRAM)",240,Task-AE,128,269,95.652,490.752,0.058,0.001,490.811,586.463,8570099,8538068,8353420,372752,1010800,128,132,141060,d128_20261005_193250
"ESP32-S3 N16R8 (QFN56 rev v0.2, 16MB flash, 8MB octal PSRAM)",240,Task-AE,128,270,95.652,490.751,0.056,0.001,490.80799999999994,586.4599999999999,8570099,8538068,8353420,372752,1010800,128,132,141060,d128_20261005_193250
"ESP32-S3 N16R8 (QFN56 rev v0.2, 16MB flash, 8MB octal PSRAM)",240,Task-AE,128,271,95.652,490.751,0.056,0.001,490.80799999999994,586.4599999999999,8570099,8538068,8353420,372752,1010800,128,132,141060,d128_20261005_193250
"ESP32-S3 N16R8 (QFN56 rev v0.2, 16MB flash, 8MB octal PSRAM)",240,Task-AE,128,272,95.652,490.752,0.058,0.001,490.811,586.463,8570099,8538068,8353420,372752,1010800,128,132,141060,d128_20261005_193250
"ESP32-S3 N16R8 (QFN56 rev v0.2, 16MB flash, 8MB octal PSRAM)",240,Task-AE,128,273,95.652,490.751,0.056,0.001,490.80799999999994,586.4599999999999,8570099,8538068,8353420,372752,1010800,128,132,141060,d128_20261005_193250
"ESP32-S3 N16R8 (QFN56 rev v0.2, 16MB flash, 8MB octal PSRAM)",240,Task-AE,128,274,95.652,490.751,0.056,0.001,490.80799999999994,586.4599999999999,8570099,8538068,8353420,372752,1010800,128,132,141060,d128_20261005_193250
"ESP32-S3 N16R8 (QFN56 rev v0.2, 16MB flash, 8MB octal PSRAM)",240,Task-AE,128,275,95.652,490.752,0.058,0.001,490.811,586.463,8570099,8538068,8353420,372752,1010800,128,132,141060,d128_20261005_193250
"ESP32-S3 N16R8 (QFN56 rev v0.2, 16MB flash, 8MB octal PSRAM)",240,Task-AE,128,276,95.652,490.751,0.056,0.001,490.80799999999994,586.4599999999999,8570099,8538068,8353420,372752,1010800,128,132,141060,d128_20261005_193250
"ESP32-S3 N16R8 (QFN56 rev v0.2, 16MB flash, 8MB octal PSRAM)",240,Task-AE,128,277,95.652,490.751,0.056,0.001,490.80799999999994,586.4599999999999,8570099,8538068,8353420,372752,1010800,128,132,141060,d128_20261005_193250
"ESP32-S3 N16R8 (QFN56 rev v0.2, 16MB flash, 8MB octal PSRAM)",240,Task-AE,128,278,95.652,490.752,0.058,0.001,490.811,586.463,8570099,8538068,8353420,372752,1010800,128,132,141060,d128_20261005_193250
"ESP32-S3 N16R8 (QFN56 rev v0.2, 16MB flash, 8MB octal PSRAM)",240,Task-AE,128,279,95.652,490.751,0.056,0.001,490.80799999999994,586.4599999999999,8570099,8538068,8353420,372752,1010800,128,132,141060,d128_20261005_193250
"ESP32-S3 N16R8 (QFN56 rev v0.2, 16MB flash, 8MB octal PSRAM)",240,Task-AE,128,280,95.652,490.751,0.056,0.001,490.80799999999994,586.4599999999999,8570099,8538068,8353420,372752,1010800,128,132,141060,d128_20261005_193250
"ESP32-S3 N16R8 (QFN56 rev v0.2, 16MB flash, 8MB octal PSRAM)",240,Task-AE,128,281,95.652,490.752,0.058,0.001,490.811,586.463,8570099,8538068,8353420,372752,1010800,128,132,141060,d128_20261005_193250
"ESP32-S3 N16R8 (QFN56 rev v0.2, 16MB flash, 8MB octal PSRAM)",240,Task-AE,128,282,95.652,490.751,0.056,0.001,490.80799999999994,586.4599999999999,8570099,8538068,8353420,372752,1010800,128,132,141060,d128_20261005_193250
"ESP32-S3 N16R8 (QFN56 rev v0.2, 16MB flash, 8MB octal PSRAM)",240,Task-AE,128,283,95.652,490.751,0.056,0.001,490.80799999999994,586.4599999999999,8570099,8538068,8353420,372752,1010800,128,132,141060,d128_20261005_193250
"ESP32-S3 N16R8 (QFN56 rev v0.2, 16MB flash, 8MB octal PSRAM)",240,Task-AE,128,284,95.652,490.752,0.058,0.001,490.811,586.463,8570099,8538068,8353420,372752,1010800,128,132,141060,d128_20261005_193250
"ESP32-S3 N16R8 (QFN56 rev v0.2, 16MB flash, 8MB octal PSRAM)",240,Task-AE,128,285,95.652,490.751,0.056,0.001,490.80799999999994,586.4599999999999,8570099,8538068,8353420,372752,1010800,128,132,141060,d128_20261005_193250
"ESP32-S3 N16R8 (QFN56 rev v0.2, 16MB flash, 8MB octal PSRAM)",240,Task-AE,128,286,95.652,490.751,0.056,0.001,490.80799999999994,586.4599999999999,8570099,8538068,8353420,372752,1010800,128,132,141060,d128_20261005_193250
"ESP32-S3 N16R8 (QFN56 rev v0.2, 16MB flash, 8MB octal PSRAM)",240,Task-AE,128,287,95.652,490.752,0.058,0.001,490.811,586.463,8570099,8538068,8353420,372752,1010800,128,132,141060,d128_20261005_193250
"ESP32-S3 N16R8 (QFN56 rev v0.2, 16MB flash, 8MB octal PSRAM)",240,Task-AE,128,288,95.652,490.751,0.056,0.001,490.80799999999994,586.4599999999999,8570099,8538068,8353420,372752,1010800,128,132,141060,d128_20261005_193250
"ESP32-S3 N16R8 (QFN56 rev v0.2, 16MB flash, 8MB octal PSRAM)",240,Task-AE,128,289,95.652,490.751,0.056,0.001,490.80799999999994,586.4599999999999,8570099,8538068,8353420,372752,1010800,128,132,141060,d128_20261005_193250
"ESP32-S3 N16R8 (QFN56 rev v0.2, 16MB flash, 8MB octal PSRAM)",240,Task-AE,128,290,95.652,490.752,0.058,0.001,490.811,586.463,8570099,8538068,8353420,372752,1010800,128,132,141060,d128_20261005_193250
"ESP32-S3 N16R8 (QFN56 rev v0.2, 16MB flash, 8MB octal PSRAM)",240,Task-AE,128,291,95.652,490.751,0.056,0.001,490.80799999999994,586.4599999999999,8570099,8538068,8353420,372752,1010800,128,132,141060,d128_20261005_193250
"ESP32-S3 N16R8 (QFN56 rev v0.2, 16MB flash, 8MB octal PSRAM)",240,Task-AE,128,292,95.652,490.751,0.056,0.001,490.80799999999994,586.4599999999999,8570099,8538068,8353420,372752,1010800,128,132,141060,d128_20261005_193250
"ESP32-S3 N16R8 (QFN56 rev v0.2, 16MB flash, 8MB octal PSRAM)",240,Task-AE,128,293,95.652,490.752,0.058,0.001,490.811,586.463,8570099,8538068,8353420,372752,1010800,128,132,141060,d128_20261005_193250
"ESP32-S3 N16R8 (QFN56 rev v0.2, 16MB flash, 8MB octal PSRAM)",240,Task-AE,128,294,95.652,490.751,0.056,0.001,490.80799999999994,586.4599999999999,8570099,8538068,8353420,372752,1010800,128,132,141060,d128_20261005_193250
"ESP32-S3 N16R8 (QFN56 rev v0.2, 16MB flash, 8MB octal PSRAM)",240,Task-AE,128,295,95.652,490.751,0.056,0.001,490.80799999999994,586.4599999999999,8570099,8538068,8353420,372752,1010800,128,132,141060,d128_20261005_193250
"ESP32-S3 N16R8 (QFN56 rev v0.2, 16MB flash, 8MB octal PSRAM)",240,Task-AE,128,296,95.652,490.752,0.058,0.001,490.811,586.463,8570099,8538068,8353420,372752,1010800,128,132,141060,d128_20261005_193250
"ESP32-S3 N16R8 (QFN56 rev v0.2, 16MB flash, 8MB octal PSRAM)",240,Task-AE,128,297,95.652,490.751,0.056,0.001,490.80799999999994,586.4599999999999,8570099,8538068,8353420,372752,1010800,128,132,141060,d128_20261005_193250
"ESP32-S3 N16R8 (QFN56 rev v0.2, 16MB flash, 8MB octal PSRAM)",240,Task-AE,128,298,95.652,490.751,0.056,0.001,490.80799999999994,586.4599999999999,8570099,8538068,8353420,372752,1010800,128,132,141060,d128_20261005_193250
"ESP32-S3 N16R8 (QFN56 rev v0.2, 16MB flash, 8MB octal PSRAM)",240,Task-AE,128,299,95.652,490.752,0.058,0.001,490.811,586.463,8570099,8538068,8353420,372752,1010800,128,132,141060,d128_20261005_193250
"ESP32-S3 N16R8 (QFN56 rev v0.2, 16MB flash, 8MB octal PSRAM)",240,Task-AE,128,300,95.652,490.751,0.056,0.001,490.80799999999994,586.4599999999999,8570099,8538068,8353420,372752,1010800,128,132,141060,d128_20261005_193250
"ESP32-S3 N16R8 (QFN56 rev v0.2, 16MB flash, 8MB octal PSRAM)",240,Task-AE,128,301,95.652,490.751,0.056,0.001,490.80799999999994,586.4599999999999,8570099,8538068,8353420,372752,1010800,128,132,141060,d128_20261005_193250
"ESP32-S3 N16R8 (QFN56 rev v0.2, 16MB flash, 8MB octal PSRAM)",240,Task-AE,128,302,95.652,490.752,0.058,0.001,490.811,586.463,8570099,8538068,8353420,372752,1010800,128,132,141060,d128_20261005_193250
"ESP32-S3 N16R8 (QFN56 rev v0.2, 16MB flash, 8MB octal PSRAM)",240,Task-AE,128,303,95.652,490.751,0.056,0.001,490.80799999999994,586.4599999999999,8570099,8538068,8353420,372752,1010800,128,132,141060,d128_20261005_193250
"ESP32-S3 N16R8 (QFN56 rev v0.2, 16MB flash, 8MB octal PSRAM)",240,Task-AE,128,304,95.652,490.751,0.056,0.001,490.80799999999994,586.4599999999999,8570099,8538068,8353420,372752,1010800,128,132,141060,d128_20261005_193250
"ESP32-S3 N16R8 (QFN56 rev v0.2, 16MB flash, 8MB octal PSRAM)",240,Task-AE,128,305,95.652,490.752,0.058,0.001,490.811,586.463,8570099,8538068,8353420,372752,1010800,128,132,141060,d128_20261005_193250
"ESP32-S3 N16R8 (QFN56 rev v0.2, 16MB flash, 8MB octal PSRAM)",240,Task-AE,128,306,95.652,490.751,0.056,0.001,490.80799999999994,586.4599999999999,8570099,8538068,8353420,372752,1010800,128,132,141060,d128_20261005_193250
"ESP32-S3 N16R8 (QFN56 rev v0.2, 16MB flash, 8MB octal PSRAM)",240,Task-AE,128,307,95.652,490.751,0.056,0.001,490.80799999999994,586.4599999999999,8570099,8538068,8353420,372752,1010800,128,132,141060,d128_20261005_193250
"ESP32-S3 N16R8 (QFN56 rev v0.2, 16MB flash, 8MB octal PSRAM)",240,Task-AE,128,308,95.652,490.752,0.058,0.001,490.811,586.463,8570099,8538068,8353420,372752,1010800,128,132,141060,d128_20261005_193250
"ESP32-S3 N16R8 (QFN56 rev v0.2, 16MB flash, 8MB octal PSRAM)",240,Task-AE,128,309,95.652,490.751,0.056,0.001,490.80799999999994,586.4599999999999,8570099,8538068,8353420,372752,1010800,128,132,141060,d128_20261005_193250
"ESP32-S3 N16R8 (QFN56 rev v0.2, 16MB flash, 8MB octal PSRAM)",240,Task-AE,128,310,95.652,490.751,0.056,0.001,490.80799999999994,586.4599999999999,8570099,8538068,8353420,372752,1010800,128,132,141060,d128_20261005_193250
"ESP32-S3 N16R8 (QFN56 rev v0.2, 16MB flash, 8MB octal PSRAM)",240,Task-AE,128,311,95.652,490.752,0.058,0.001,490.811,586.463,8570099,8538068,8353420,372752,1010800,128,132,141060,d128_20261005_193250
"ESP32-S3 N16R8 (QFN56 rev v0.2, 16MB flash, 8MB octal PSRAM)",240,Task-AE,128,312,95.652,490.751,0.056,0.001,490.80799999999994,586.4599999999999,8570099,8538068,8353420,372752,1010800,128,132,141060,d128_20261005_193250
"ESP32-S3 N16R8 (QFN56 rev v0.2, 16MB flash, 8MB octal PSRAM)",240,Task-AE,128,313,95.652,490.751,0.056,0.001,490.80799999999994,586.4599999999999,8570099,8538068,8353420,372752,1010800,128,132,141060,d128_20261005_193250
"ESP32-S3 N16R8 (QFN56 rev v0.2, 16MB flash, 8MB octal PSRAM)",240,Task-AE,128,314,95.652,490.752,0.058,0.001,490.811,586.463,8570099,8538068,8353420,372752,1010800,128,132,141060,d128_20261005_193250
"ESP32-S3 N16R8 (QFN56 rev v0.2, 16MB flash, 8MB octal PSRAM)",240,Task-AE,128,315,95.652,490.751,0.056,0.001,490.80799999999994,586.4599999999999,8570099,8538068,8353420,372752,1010800,128,132,141060,d128_20261005_193250
"ESP32-S3 N16R8 (QFN56 rev v0.2, 16MB flash, 8MB octal PSRAM)",240,Task-AE,128,316,95.652,490.751,0.056,0.001,490.80799999999994,586.4599999999999,8570099,8538068,8353420,372752,1010800,128,132,141060,d128_20261005_193250
"ESP32-S3 N16R8 (QFN56 rev v0.2, 16MB flash, 8MB octal PSRAM)",240,Task-AE,128,317,95.652,490.752,0.058,0.001,490.811,586.463,8570099,8538068,8353420,372752,1010800,128,132,141060,d128_20261005_193250
"ESP32-S3 N16R8 (QFN56 rev v0.2, 16MB flash, 8MB octal PSRAM)",240,Task-AE,128,318,95.652,490.751,0.056,0.001,490.80799999999994,586.4599999999999,8570099,8538068,8353420,372752,1010800,128,132,141060,d128_20261005_193250
"ESP32-S3 N16R8 (QFN56 rev v0.2, 16MB flash, 8MB octal PSRAM)",240,Task-AE,128,319,95.652,490.751,0.056,0.001,490.80799999999994,586.4599999999999,8570099,8538068,8353420,372752,1010800,128,132,141060,d128_20261005_193250
"ESP32-S3 N16R8 (QFN56 rev v0.2, 16MB flash, 8MB octal PSRAM)",240,Task-AE,128,320,95.652,490.752,0.058,0.001,490.811,586.463,8570099,8538068,8353420,372752,1010800,128,132,141060,d128_20261005_193250
"ESP32-S3 N16R8 (QFN56 rev v0.2, 16MB flash, 8MB octal PSRAM)",240,Task-AE,128,321,95.652,490.751,0.056,0.001,490.80799999999994,586.4599999999999,8570099,8538068,8353420,372752,1010800,128,132,141060,d128_20261005_193250
"ESP32-S3 N16R8 (QFN56 rev v0.2, 16MB flash, 8MB octal PSRAM)",240,Task-AE,128,322,95.652,490.751,0.056,0.001,490.80799999999994,586.4599999999999,8570099,8538068,8353420,372752,1010800,128,132,141060,d128_20261005_193250
"ESP32-S3 N16R8 (QFN56 rev v0.2, 16MB flash, 8MB octal PSRAM)",240,Task-AE,128,323,95.652,490.752,0.058,0.001,490.811,586.463,8570099,8538068,8353420,372752,1010800,128,132,141060,d128_20261005_193250
"ESP32-S3 N16R8 (QFN56 rev v0.2, 16MB flash, 8MB octal PSRAM)",240,Task-AE,128,324,95.652,490.751,0.056,0.001,490.80799999999994,586.4599999999999,8570099,8538068,8353420,372752,1010800,128,132,141060,d128_20261005_193250
"ESP32-S3 N16R8 (QFN56 rev v0.2, 16MB flash, 8MB octal PSRAM)",240,Task-AE,128,325,95.652,490.751,0.056,0.001,490.80799999999994,586.4599999999999,8570099,8538068,8353420,372752,1010800,128,132,141060,d128_20261005_193250
"ESP32-S3 N16R8 (QFN56 rev v0.2, 16MB flash, 8MB octal PSRAM)",240,Task-AE,128,326,95.652,490.752,0.058,0.001,490.811,586.463,8570099,8538068,8353420,372752,1010800,128,132,141060,d128_20261005_193250
"ESP32-S3 N16R8 (QFN56 rev v0.2, 16MB flash, 8MB octal PSRAM)",240,Task-AE,128,327,95.652,490.751,0.056,0.001,490.80799999999994,586.4599999999999,8570099,8538068,8353420,372752,1010800,128,132,141060,d128_20261005_193250
"ESP32-S3 N16R8 (QFN56 rev v0.2, 16MB flash, 8MB octal PSRAM)",240,Task-AE,128,328,95.652,490.751,0.056,0.001,490.80799999999994,586.4599999999999,8570099,8538068,8353420,372752,1010800,128,132,141060,d128_20261005_193250
"ESP32-S3 N16R8 (QFN56 rev v0.2, 16MB flash, 8MB octal PSRAM)",240,Task-AE,128,329,95.652,490.752,0.058,0.001,490.811,586.463,8570099,8538068,8353420,372752,1010800,128,132,141060,d128_20261005_193250
"ESP32-S3 N16R8 (QFN56 rev v0.2, 16MB flash, 8MB octal PSRAM)",240,Task-AE,128,330,95.652,490.751,0.056,0.001,490.80799999999994,586.4599999999999,8570099,8538068,8353420,372752,1010800,128,132,141060,d128_20261005_193250
"ESP32-S3 N16R8 (QFN56 rev v0.2, 16MB flash, 8MB octal PSRAM)",240,Task-AE,128,331,95.652,490.751,0.056,0.001,490.80799999999994,586.4599999999999,8570099,8538068,8353420,372752,1010800,128,132,141060,d128_20261005_193250
"ESP32-S3 N16R8 (QFN56 rev v0.2, 16MB flash, 8MB octal PSRAM)",240,Task-AE,128,332,95.652,490.752,0.058,0.001,490.811,586.463,8570099,8538068,8353420,372752,1010800,128,132,141060,d128_20261005_193250
"ESP32-S3 N16R8 (QFN56 rev v0.2, 16MB flash, 8MB octal PSRAM)",240,Task-AE,128,333,95.652,490.751,0.056,0.001,490.80799999999994,586.4599999999999,8570099,8538068,8353420,372752,1010800,128,132,141060,d128_20261005_193250
"ESP32-S3 N16R8 (QFN56 rev v0.2, 16MB flash, 8MB octal PSRAM)",240,Task-AE,128,334,95.652,490.751,0.056,0.001,490.80799999999994,586.4599999999999,8570099,8538068,8353420,372752,1010800,128,132,141060,d128_20261005_193250
"ESP32-S3 N16R8 (QFN56 rev v0.2, 16MB flash, 8MB octal PSRAM)",240,Task-AE,128,335,95.652,490.752,0.058,0.001,490.811,586.463,8570099,8538068,8353420,372752,1010800,128,132,141060,d128_20261005_193250
"ESP32-S3 N16R8 (QFN56 rev v0.2, 16MB flash, 8MB octal PSRAM)",240,Task-AE,128,336,95.652,490.751,0.056,0.001,490.80799999999994,586.4599999999999,8570099,8538068,8353420,372752,1010800,128,132,141060,d128_20261005_193250
"ESP32-S3 N16R8 (QFN56 rev v0.2, 16MB flash, 8MB octal PSRAM)",240,Task-AE,128,337,95.652,490.751,0.056,0.001,490.80799999999994,586.4599999999999,8570099,8538068,8353420,372752,1010800,128,132,141060,d128_20261005_193250
"ESP32-S3 N16R8 (QFN56 rev v0.2, 16MB flash, 8MB octal PSRAM)",240,Task-AE,128,338,95.652,490.752,0.058,0.001,490.811,586.463,8570099,8538068,8353420,372752,1010800,128,132,141060,d128_20261005_193250
"ESP32-S3 N16R8 (QFN56 rev v0.2, 16MB flash, 8MB octal PSRAM)",240,Task-AE,128,339,95.652,490.751,0.056,0.001,490.80799999999994,586.4599999999999,8570099,8538068,8353420,372752,1010800,128,132,141060,d128_20261005_193250
"ESP32-S3 N16R8 (QFN56 rev v0.2, 16MB flash, 8MB octal PSRAM)",240,Task-AE,128,340,95.652,490.751,0.056,0.001,490.80799999999994,586.4599999999999,8570099,8538068,8353420,372752,1010800,128,132,141060,d128_20261005_193250
"ESP32-S3 N16R8 (QFN56 rev v0.2, 16MB flash, 8MB octal PSRAM)",240,Task-AE,128,341,95.652,490.752,0.058,0.001,490.811,586.463,8570099,8538068,8353420,372752,1010800,128,132,141060,d128_20261005_193250
"ESP32-S3 N16R8 (QFN56 rev v0.2, 16MB flash, 8MB octal PSRAM)",240,Task-AE,128,342,95.652,490.751,0.056,0.001,490.80799999999994,586.4599999999999,8570099,8538068,8353420,372752,1010800,128,132,141060,d128_20261005_193250
"ESP32-S3 N16R8 (QFN56 rev v0.2, 16MB flash, 8MB octal PSRAM)",240,Task-AE,128,343,95.652,490.751,0.056,0.001,490.80799999999994,586.4599999999999,8570099,8538068,8353420,372752,1010800,128,132,141060,d128_20261005_193250
"ESP32-S3 N16R8 (QFN56 rev v0.2, 16MB flash, 8MB octal PSRAM)",240,Task-AE,128,344,95.652,490.752,0.058,0.001,490.811,586.463,8570099,8538068,8353420,372752,1010800,128,132,141060,d128_20261005_193250
"ESP32-S3 N16R8 (QFN56 rev v0.2, 16MB flash, 8MB octal PSRAM)",240,Task-AE,128,345,95.652,490.751,0.056,0.001,490.80799999999994,586.4599999999999,8570099,8538068,8353420,372752,1010800,128,132,141060,d128_20261005_193250
"ESP32-S3 N16R8 (QFN56 rev v0.2, 16MB flash, 8MB octal PSRAM)",240,Task-AE,128,346,95.652,490.751,0.056,0.001,490.80799999999994,586.4599999999999,8570099,8538068,8353420,372752,1010800,128,132,141060,d128_20261005_193250
"ESP32-S3 N16R8 (QFN56 rev v0.2, 16MB flash, 8MB octal PSRAM)",240,Task-AE,128,347,95.652,490.752,0.058,0.001,490.811,586.463,8570099,8538068,8353420,372752,1010800,128,132,141060,d128_20261005_193250
"ESP32-S3 N16R8 (QFN56 rev v0.2, 16MB flash, 8MB octal PSRAM)",240,Task-AE,128,348,95.652,490.751,0.056,0.001,490.80799999999994,586.4599999999999,8570099,8538068,8353420,372752,1010800,128,132,141060,d128_20261005_193250
"ESP32-S3 N16R8 (QFN56 rev v0.2, 16MB flash, 8MB octal PSRAM)",240,Task-AE,128,349,95.652,490.751,0.056,0.001,490.80799999999994,586.4599999999999,8570099,8538068,8353420,372752,1010800,128,132,141060,d128_20261005_193250
"ESP32-S3 N16R8 (QFN56 rev v0.2, 16MB flash, 8MB octal PSRAM)",240,Task-AE,128,350,95.652,490.752,0.058,0.001,490.811,586.463,8570099,8538068,8353420,372752,1010800,128,132,141060,d128_20261005_193250
"ESP32-S3 N16R8 (QFN56 rev v0.2, 16MB flash, 8MB octal PSRAM)",240,Task-AE,128,351,95.652,490.751,0.056,0.001,490.80799999999994,586.4599999999999,8570099,8538068,8353420,372752,1010800,128,132,141060,d128_20261005_193250
"ESP32-S3 N16R8 (QFN56 rev v0.2, 16MB flash, 8MB octal PSRAM)",240,Task-AE,128,352,95.652,490.751,0.056,0.001,490.80799999999994,586.4599999999999,8570099,8538068,8353420,372752,1010800,128,132,141060,d128_20261005_193250
"ESP32-S3 N16R8 (QFN56 rev v0.2, 16MB flash, 8MB octal PSRAM)",240,Task-AE,128,353,95.652,490.752,0.058,0.001,490.811,586.463,8570099,8538068,8353420,372752,1010800,128,132,141060,d128_20261005_193250
"ESP32-S3 N16R8 (QFN56 rev v0.2, 16MB flash, 8MB octal PSRAM)",240,Task-AE,128,354,95.652,490.751,0.056,0.001,490.80799999999994,586.4599999999999,8570099,8538068,8353420,372752,1010800,128,132,141060,d128_20261005_193250
"ESP32-S3 N16R8 (QFN56 rev v0.2, 16MB flash, 8MB octal PSRAM)",240,Task-AE,128,355,95.652,490.751,0.056,0.001,490.80799999999994,586.4599999999999,8570099,8538068,8353420,372752,1010800,128,132,141060,d128_20261005_193250
"ESP32-S3 N16R8 (QFN56 rev v0.2, 16MB flash, 8MB octal PSRAM)",240,Task-AE,128,356,95.652,490.752,0.058,0.001,490.811,586.463,8570099,8538068,8353420,372752,1010800,128,132,141060,d128_20261005_193250
"ESP32-S3 N16R8 (QFN56 rev v0.2, 16MB flash, 8MB octal PSRAM)",240,Task-AE,128,357,95.652,490.751,0.056,0.001,490.80799999999994,586.4599999999999,8570099,8538068,8353420,372752,1010800,128,132,141060,d128_20261005_193250
"ESP32-S3 N16R8 (QFN56 rev v0.2, 16MB flash, 8MB octal PSRAM)",240,Task-AE,128,358,95.652,490.751,0.056,0.001,490.80799999999994,586.4599999999999,8570099,8538068,8353420,372752,1010800,128,132,141060,d128_20261005_193250
"ESP32-S3 N16R8 (QFN56 rev v0.2, 16MB flash, 8MB octal PSRAM)",240,Task-AE,128,359,95.652,490.752,0.058,0.001,490.811,586.463,8570099,8538068,8353420,372752,1010800,128,132,141060,d128_20261005_193250
"ESP32-S3 N16R8 (QFN56 rev v0.2, 16MB flash, 8MB octal PSRAM)",240,Task-AE,128,360,95.652,490.751,0.056,0.001,490.80799999999994,586.4599999999999,8570099,8538068,8353420,372752,1010800,128,132,141060,d128_20261005_193250
"ESP32-S3 N16R8 (QFN56 rev v0.2, 16MB flash, 8MB octal PSRAM)",240,Task-AE,128,361,95.652,490.751,0.056,0.001,490.80799999999994,586.4599999999999,8570099,8538068,8353420,372752,1010800,128,132,141060,d128_20261005_193250
"ESP32-S3 N16R8 (QFN56 rev v0.2, 16MB flash, 8MB octal PSRAM)",240,Task-AE,128,362,95.652,490.752,0.058,0.001,490.811,586.463,8570099,8538068,8353420,372752,1010800,128,132,141060,d128_20261005_193250
"ESP32-S3 N16R8 (QFN56 rev v0.2, 16MB flash, 8MB octal PSRAM)",240,Task-AE,128,363,95.652,490.751,0.056,0.001,490.80799999999994,586.4599999999999,8570099,8538068,8353420,372752,1010800,128,132,141060,d128_20261005_193250
"ESP32-S3 N16R8 (QFN56 rev v0.2, 16MB flash, 8MB octal PSRAM)",240,Task-AE,128,364,95.652,490.751,0.056,0.001,490.80799999999994,586.4599999999999,8570099,8538068,8353420,372752,1010800,128,132,141060,d128_20261005_193250
"ESP32-S3 N16R8 (QFN56 rev v0.2, 16MB flash, 8MB octal PSRAM)",240,Task-AE,128,365,95.652,490.752,0.058,0.001,490.811,586.463,8570099,8538068,8353420,372752,1010800,128,132,141060,d128_20261005_193250
"ESP32-S3 N16R8 (QFN56 rev v0.2, 16MB flash, 8MB octal PSRAM)",240,Task-AE,128,366,95.652,490.751,0.056,0.001,490.80799999999994,586.4599999999999,8570099,8538068,8353420,372752,1010800,128,132,141060,d128_20261005_193250
"ESP32-S3 N16R8 (QFN56 rev v0.2, 16MB flash, 8MB octal PSRAM)",240,Task-AE,128,367,95.652,490.751,0.056,0.001,490.80799999999994,586.4599999999999,8570099,8538068,8353420,372752,1010800,128,132,141060,d128_20261005_193250
"ESP32-S3 N16R8 (QFN56 rev v0.2, 16MB flash, 8MB octal PSRAM)",240,Task-AE,128,368,95.652,490.752,0.058,0.001,490.811,586.463,8570099,8538068,8353420,372752,1010800,128,132,141060,d128_20261005_193250
"ESP32-S3 N16R8 (QFN56 rev v0.2, 16MB flash, 8MB octal PSRAM)",240,Task-AE,128,369,95.652,490.751,0.056,0.001,490.80799999999994,586.4599999999999,8570099,8538068,8353420,372752,1010800,128,132,141060,d128_20261005_193250
"ESP32-S3 N16R8 (QFN56 rev v0.2, 16MB flash, 8MB octal PSRAM)",240,Task-AE,128,370,95.652,490.751,0.056,0.001,490.80799999999994,586.4599999999999,8570099,8538068,8353420,372752,1010800,128,132,141060,d128_20261005_193250
"ESP32-S3 N16R8 (QFN56 rev v0.2, 16MB flash, 8MB octal PSRAM)",240,Task-AE,128,371,95.652,490.752,0.058,0.001,490.811,586.463,8570099,8538068,8353420,372752,1010800,128,132,141060,d128_20261005_193250
"ESP32-S3 N16R8 (QFN56 rev v0.2, 16MB flash, 8MB octal PSRAM)",240,Task-AE,128,372,95.652,490.751,0.056,0.001,490.80799999999994,586.4599999999999,8570099,8538068,8353420,372752,1010800,128,132,141060,d128_20261005_193250
"ESP32-S3 N16R8 (QFN56 rev v0.2, 16MB flash, 8MB octal PSRAM)",240,Task-AE,128,373,95.652,490.751,0.056,0.001,490.80799999999994,586.4599999999999,8570099,8538068,8353420,372752,1010800,128,132,141060,d128_20261005_193250
"ESP32-S3 N16R8 (QFN56 rev v0.2, 16MB flash, 8MB octal PSRAM)",240,Task-AE,128,374,95.652,490.752,0.058,0.001,490.811,586.463,8570099,8538068,8353420,372752,1010800,128,132,141060,d128_20261005_193250
"ESP32-S3 N16R8 (QFN56 rev v0.2, 16MB flash, 8MB octal PSRAM)",240,Task-AE,128,375,95.652,490.751,0.056,0.001,490.80799999999994,586.4599999999999,8570099,8538068,8353420,372752,1010800,128,132,141060,d128_20261005_193250
"ESP32-S3 N16R8 (QFN56 rev v0.2, 16MB flash, 8MB octal PSRAM)",240,Task-AE,128,376,95.652,490.751,0.056,0.001,490.80799999999994,586.4599999999999,8570099,8538068,8353420,372752,1010800,128,132,141060,d128_20261005_193250
"ESP32-S3 N16R8 (QFN56 rev v0.2, 16MB flash, 8MB octal PSRAM)",240,Task-AE,128,377,95.652,490.752,0.058,0.001,490.811,586.463,8570099,8538068,8353420,372752,1010800,128,132,141060,d128_20261005_193250
"ESP32-S3 N16R8 (QFN56 rev v0.2, 16MB flash, 8MB octal PSRAM)",240,Task-AE,128,378,95.652,490.751,0.056,0.001,490.80799999999994,586.4599999999999,8570099,8538068,8353420,372752,1010800,128,132,141060,d128_20261005_193250
"ESP32-S3 N16R8 (QFN56 rev v0.2, 16MB flash, 8MB octal PSRAM)",240,Task-AE,128,379,95.652,490.751,0.056,0.001,490.80799999999994,586.4599999999999,8570099,8538068,8353420,372752,1010800,128,132,141060,d128_20261005_193250
"ESP32-S3 N16R8 (QFN56 rev v0.2, 16MB flash, 8MB octal PSRAM)",240,Task-AE,128,380,95.652,490.752,0.058,0.001,490.811,586.463,8570099,8538068,8353420,372752,1010800,128,132,141060,d128_20261005_193250
"ESP32-S3 N16R8 (QFN56 rev v0.2, 16MB flash, 8MB octal PSRAM)",240,Task-AE,128,381,95.652,490.751,0.056,0.001,490.80799999999994,586.4599999999999,8570099,8538068,8353420,372752,1010800,128,132,141060,d128_20261005_193250
"ESP32-S3 N16R8 (QFN56 rev v0.2, 16MB flash, 8MB octal PSRAM)",240,Task-AE,128,382,95.652,490.751,0.056,0.001,490.80799999999994,586.4599999999999,8570099,8538068,8353420,372752,1010800,128,132,141060,d128_20261005_193250
"ESP32-S3 N16R8 (QFN56 rev v0.2, 16MB flash, 8MB octal PSRAM)",240,Task-AE,128,383,95.652,490.752,0.058,0.001,490.811,586.463,8570099,8538068,8353420,372752,1010800,128,132,141060,d128_20261005_193250
"ESP32-S3 N16R8 (QFN56 rev v0.2, 16MB flash, 8MB octal PSRAM)",240,Task-AE,128,384,95.652,490.751,0.056,0.001,490.80799999999994,586.4599999999999,8570099,8538068,8353420,372752,1010800,128,132,141060,d128_20261005_193250
"ESP32-S3 N16R8 (QFN56 rev v0.2, 16MB flash, 8MB octal PSRAM)",240,Task-AE,128,385,95.652,490.751,0.056,0.001,490.80799999999994,586.4599999999999,8570099,8538068,8353420,372752,1010800,128,132,141060,d128_20261005_193250
"ESP32-S3 N16R8 (QFN56 rev v0.2, 16MB flash, 8MB octal PSRAM)",240,Task-AE,128,386,95.652,490.752,0.058,0.001,490.811,586.463,8570099,8538068,8353420,372752,1010800,128,132,141060,d128_20261005_193250
"ESP32-S3 N16R8 (QFN56 rev v0.2, 16MB flash, 8MB octal PSRAM)",240,Task-AE,128,387,95.652,490.751,0.056,0.001,490.80799999999994,586.4599999999999,8570099,8538068,8353420,372752,1010800,128,132,141060,d128_20261005_193250
"ESP32-S3 N16R8 (QFN56 rev v0.2, 16MB flash, 8MB octal PSRAM)",240,Task-AE,128,388,95.652,490.751,0.056,0.001,490.80799999999994,586.4599999999999,8570099,8538068,8353420,372752,1010800,128,132,141060,d128_20261005_193250
"ESP32-S3 N16R8 (QFN56 rev v0.2, 16MB flash, 8MB octal PSRAM)",240,Task-AE,128,389,95.652,490.752,0.058,0.001,490.811,586.463,8570099,8538068,8353420,372752,1010800,128,132,141060,d128_20261005_193250
"ESP32-S3 N16R8 (QFN56 rev v0.2, 16MB flash, 8MB octal PSRAM)",240,Task-AE,128,390,95.652,490.751,0.056,0.001,490.80799999999994,586.4599999999999,8570099,8538068,8353420,372752,1010800,128,132,141060,d128_20261005_193250
"ESP32-S3 N16R8 (QFN56 rev v0.2, 16MB flash, 8MB octal PSRAM)",240,Task-AE,128,391,95.652,490.751,0.056,0.001,490.80799999999994,586.4599999999999,8570099,8538068,8353420,372752,1010800,128,132,141060,d128_20261005_193250
"ESP32-S3 N16R8 (QFN56 rev v0.2, 16MB flash, 8MB octal PSRAM)",240,Task-AE,128,392,95.652,490.752,0.058,0.001,490.811,586.463,8570099,8538068,8353420,372752,1010800,128,132,141060,d128_20261005_193250
"ESP32-S3 N16R8 (QFN56 rev v0.2, 16MB flash, 8MB octal PSRAM)",240,Task-AE,128,393,95.652,490.751,0.056,0.001,490.80799999999994,586.4599999999999,8570099,8538068,8353420,372752,1010800,128,132,141060,d128_20261005_193250
"ESP32-S3 N16R8 (QFN56 rev v0.2, 16MB flash, 8MB octal PSRAM)",240,Task-AE,128,394,95.652,490.751,0.056,0.001,490.80799999999994,586.4599999999999,8570099,8538068,8353420,372752,1010800,128,132,141060,d128_20261005_193250
"ESP32-S3 N16R8 (QFN56 rev v0.2, 16MB flash, 8MB octal PSRAM)",240,Task-AE,128,395,95.652,490.752,0.058,0.001,490.811,586.463,8570099,8538068,8353420,372752,1010800,128,132,141060,d128_20261005_193250
"ESP32-S3 N16R8 (QFN56 rev v0.2, 16MB flash, 8MB octal PSRAM)",240,Task-AE,128,396,95.652,490.751,0.056,0.001,490.80799999999994,586.4599999999999,8570099,8538068,8353420,372752,1010800,128,132,141060,d128_20261005_193250
"ESP32-S3 N16R8 (QFN56 rev v0.2, 16MB flash, 8MB octal PSRAM)",240,Task-AE,128,397,95.652,490.751,0.056,0.001,490.80799999999994,586.4599999999999,8570099,8538068,8353420,372752,1010800,128,132,141060,d128_20261005_193250
"ESP32-S3 N16R8 (QFN56 rev v0.2, 16MB flash, 8MB octal PSRAM)",240,Task-AE,128,398,95.652,490.752,0.058,0.001,490.811,586.463,8570099,8538068,8353420,372752,1010800,128,132,141060,d128_20261005_193250
"ESP32-S3 N16R8 (QFN56 rev v0.2, 16MB flash, 8MB octal PSRAM)",240,Task-AE,128,399,95.652,490.751,0.056,0.001,490.80799999999994,586.4599999999999,8570099,8538068,8353420,372752,1010800,128,132,141060,d128_20261005_193250
"ESP32-S3 N16R8 (QFN56 rev v0.2, 16MB flash, 8MB octal PSRAM)",240,Task-AE,128,400,95.652,490.751,0.056,0.001,490.80799999999994,586.4599999999999,8570099,8538068,8353420,372752,1010800,128,132,141060,d128_20261005_193250
"ESP32-S3 N16R8 (QFN56 rev v0.2, 16MB flash, 8MB octal PSRAM)",240,Task-AE,128,401,95.652,490.752,0.058,0.001,490.811,586.463,8570099,8538068,8353420,372752,1010800,128,132,141060,d128_20261005_193250
"ESP32-S3 N16R8 (QFN56 rev v0.2, 16MB flash, 8MB octal PSRAM)",240,Task-AE,128,402,95.652,490.751,0.056,0.001,490.80799999999994,586.4599999999999,8570099,8538068,8353420,372752,1010800,128,132,141060,d128_20261005_193250
"ESP32-S3 N16R8 (QFN56 rev v0.2, 16MB flash, 8MB octal PSRAM)",240,Task-AE,128,403,95.652,490.751,0.056,0.001,490.80799999999994,586.4599999999999,8570099,8538068,8353420,372752,1010800,128,132,141060,d128_20261005_193250
"ESP32-S3 N16R8 (QFN56 rev v0.2, 16MB flash, 8MB octal PSRAM)",240,Task-AE,128,404,95.652,490.752,0.058,0.001,490.811,586.463,8570099,8538068,8353420,372752,1010800,128,132,141060,d128_20261005_193250
"ESP32-S3 N16R8 (QFN56 rev v0.2, 16MB flash, 8MB octal PSRAM)",240,Task-AE,128,405,95.652,490.751,0.056,0.001,490.80799999999994,586.4599999999999,8570099,8538068,8353420,372752,1010800,128,132,141060,d128_20261005_193250
"ESP32-S3 N16R8 (QFN56 rev v0.2, 16MB flash, 8MB octal PSRAM)",240,Task-AE,128,406,95.652,490.751,0.056,0.001,490.80799999999994,586.4599999999999,8570099,8538068,8353420,372752,1010800,128,132,141060,d128_20261005_193250
"ESP32-S3 N16R8 (QFN56 rev v0.2, 16MB flash, 8MB octal PSRAM)",240,Task-AE,128,407,95.652,490.752,0.058,0.001,490.811,586.463,8570099,8538068,8353420,372752,1010800,128,132,141060,d128_20261005_193250
"ESP32-S3 N16R8 (QFN56 rev v0.2, 16MB flash, 8MB octal PSRAM)",240,Task-AE,128,408,95.652,490.751,0.056,0.001,490.80799999999994,586.4599999999999,8570099,8538068,8353420,372752,1010800,128,132,141060,d128_20261005_193250
"ESP32-S3 N16R8 (QFN56 rev v0.2, 16MB flash, 8MB octal PSRAM)",240,Task-AE,128,409,95.652,490.751,0.056,0.001,490.80799999999994,586.4599999999999,8570099,8538068,8353420,372752,1010800,128,132,141060,d128_20261005_193250
"ESP32-S3 N16R8 (QFN56 rev v0.2, 16MB flash, 8MB octal PSRAM)",240,Task-AE,128,410,95.652,490.752,0.058,0.001,490.811,586.463,8570099,8538068,8353420,372752,1010800,128,132,141060,d128_20261005_193250
"ESP32-S3 N16R8 (QFN56 rev v0.2, 16MB flash, 8MB octal PSRAM)",240,Task-AE,128,411,95.652,490.751,0.056,0.001,490.80799999999994,586.4599999999999,8570099,8538068,8353420,372752,1010800,128,132,141060,d128_20261005_193250
"ESP32-S3 N16R8 (QFN56 rev v0.2, 16MB flash, 8MB octal PSRAM)",240,Task-AE,128,412,95.652,490.751,0.056,0.001,490.80799999999994,586.4599999999999,8570099,8538068,8353420,372752,1010800,128,132,141060,d128_20261005_193250
"ESP32-S3 N16R8 (QFN56 rev v0.2, 16MB flash, 8MB octal PSRAM)",240,Task-AE,128,413,95.652,490.752,0.058,0.001,490.811,586.463,8570099,8538068,8353420,372752,1010800,128,132,141060,d128_20261005_193250
"ESP32-S3 N16R8 (QFN56 rev v0.2, 16MB flash, 8MB octal PSRAM)",240,Task-AE,128,414,95.652,490.751,0.056,0.001,490.80799999999994,586.4599999999999,8570099,8538068,8353420,372752,1010800,128,132,141060,d128_20261005_193250
"ESP32-S3 N16R8 (QFN56 rev v0.2, 16MB flash, 8MB octal PSRAM)",240,Task-AE,128,415,95.652,490.751,0.056,0.001,490.80799999999994,586.4599999999999,8570099,8538068,8353420,372752,1010800,128,132,141060,d128_20261005_193250
"ESP32-S3 N16R8 (QFN56 rev v0.2, 16MB flash, 8MB octal PSRAM)",240,Task-AE,128,416,95.652,490.752,0.058,0.001,490.811,586.463,8570099,8538068,8353420,372752,1010800,128,132,141060,d128_20261005_193250
"ESP32-S3 N16R8 (QFN56 rev v0.2, 16MB flash, 8MB octal PSRAM)",240,Task-AE,128,417,95.652,490.751,0.056,0.001,490.80799999999994,586.4599999999999,8570099,8538068,8353420,372752,1010800,128,132,141060,d128_20261005_193250
"ESP32-S3 N16R8 (QFN56 rev v0.2, 16MB flash, 8MB octal PSRAM)",240,Task-AE,128,418,95.652,490.751,0.056,0.001,490.80799999999994,586.4599999999999,8570099,8538068,8353420,372752,1010800,128,132,141060,d128_20261005_193250
"ESP32-S3 N16R8 (QFN56 rev v0.2, 16MB flash, 8MB octal PSRAM)",240,Task-AE,128,419,95.652,490.752,0.058,0.001,490.811,586.463,8570099,8538068,8353420,372752,1010800,128,132,141060,d128_20261005_193250
"ESP32-S3 N16R8 (QFN56 rev v0.2, 16MB flash, 8MB octal PSRAM)",240,Task-AE,128,420,95.652,490.751,0.056,0.001,490.80799999999994,586.4599999999999,8570099,8538068,8353420,372752,1010800,128,132,141060,d128_20261005_193250
"ESP32-S3 N16R8 (QFN56 rev v0.2, 16MB flash, 8MB octal PSRAM)",240,Task-AE,128,421,95.652,490.751,0.056,0.001,490.80799999999994,586.4599999999999,8570099,8538068,8353420,372752,1010800,128,132,141060,d128_20261005_193250
"ESP32-S3 N16R8 (QFN56 rev v0.2, 16MB flash, 8MB octal PSRAM)",240,Task-AE,128,422,95.652,490.752,0.058,0.001,490.811,586.463,8570099,8538068,8353420,372752,1010800,128,132,141060,d128_20261005_193250
"ESP32-S3 N16R8 (QFN56 rev v0.2, 16MB flash, 8MB octal PSRAM)",240,Task-AE,128,423,95.652,490.751,0.056,0.001,490.80799999999994,586.4599999999999,8570099,8538068,8353420,372752,1010800,128,132,141060,d128_20261005_193250
"ESP32-S3 N16R8 (QFN56 rev v0.2, 16MB flash, 8MB octal PSRAM)",240,Task-AE,128,424,95.652,490.751,0.056,0.001,490.80799999999994,586.4599999999999,8570099,8538068,8353420,372752,1010800,128,132,141060,d128_20261005_193250
"ESP32-S3 N16R8 (QFN56 rev v0.2, 16MB flash, 8MB octal PSRAM)",240,Task-AE,128,425,95.652,490.752,0.058,0.001,490.811,586.463,8570099,8538068,8353420,372752,1010800,128,132,141060,d128_20261005_193250
"ESP32-S3 N16R8 (QFN56 rev v0.2, 16MB flash, 8MB octal PSRAM)",240,Task-AE,128,426,95.652,490.751,0.056,0.001,490.80799999999994,586.4599999999999,8570099,8538068,8353420,372752,1010800,128,132,141060,d128_20261005_193250
"ESP32-S3 N16R8 (QFN56 rev v0.2, 16MB flash, 8MB octal PSRAM)",240,Task-AE,128,427,95.652,490.751,0.056,0.001,490.80799999999994,586.4599999999999,8570099,8538068,8353420,372752,1010800,128,132,141060,d128_20261005_193250
"ESP32-S3 N16R8 (QFN56 rev v0.2, 16MB flash, 8MB octal PSRAM)",240,Task-AE,128,428,95.652,490.752,0.058,0.001,490.811,586.463,8570099,8538068,8353420,372752,1010800,128,132,141060,d128_20261005_193250
"ESP32-S3 N16R8 (QFN56 rev v0.2, 16MB flash, 8MB octal PSRAM)",240,Task-AE,128,429,95.652,490.751,0.056,0.001,490.80799999999994,586.4599999999999,8570099,8538068,8353420,372752,1010800,128,132,141060,d128_20261005_193250
"ESP32-S3 N16R8 (QFN56 rev v0.2, 16MB flash, 8MB octal PSRAM)",240,Task-AE,128,430,95.652,490.751,0.056,0.001,490.80799999999994,586.4599999999999,8570099,8538068,8353420,372752,1010800,128,132,141060,d128_20261005_193250
"ESP32-S3 N16R8 (QFN56 rev v0.2, 16MB flash, 8MB octal PSRAM)",240,Task-AE,128,431,95.652,490.752,0.058,0.001,490.811,586.463,8570099,8538068,8353420,372752,1010800,128,132,141060,d128_20261005_193250
"ESP32-S3 N16R8 (QFN56 rev v0.2, 16MB flash, 8MB octal PSRAM)",240,Task-AE,128,432,95.652,490.751,0.056,0.001,490.80799999999994,586.4599999999999,8570099,8538068,8353420,372752,1010800,128,132,141060,d128_20261005_193250
"ESP32-S3 N16R8 (QFN56 rev v0.2, 16MB flash, 8MB octal PSRAM)",240,Task-AE,128,433,95.652,490.751,0.056,0.001,490.80799999999994,586.4599999999999,8570099,8538068,8353420,372752,1010800,128,132,141060,d128_20261005_193250
"ESP32-S3 N16R8 (QFN56 rev v0.2, 16MB flash, 8MB octal PSRAM)",240,Task-AE,128,434,95.652,490.752,0.058,0.001,490.811,586.463,8570099,8538068,8353420,372752,1010800,128,132,141060,d128_20261005_193250
"ESP32-S3 N16R8 (QFN56 rev v0.2, 16MB flash, 8MB octal PSRAM)",240,Task-AE,128,435,95.652,490.751,0.056,0.001,490.80799999999994,586.4599999999999,8570099,8538068,8353420,372752,1010800,128,132,141060,d128_20261005_193250
"ESP32-S3 N16R8 (QFN56 rev v0.2, 16MB flash, 8MB octal PSRAM)",240,Task-AE,128,436,95.652,490.751,0.056,0.001,490.80799999999994,586.4599999999999,8570099,8538068,8353420,372752,1010800,128,132,141060,d128_20261005_193250
"ESP32-S3 N16R8 (QFN56 rev v0.2, 16MB flash, 8MB octal PSRAM)",240,Task-AE,128,437,95.652,490.752,0.058,0.001,490.811,586.463,8570099,8538068,8353420,372752,1010800,128,132,141060,d128_20261005_193250
"ESP32-S3 N16R8 (QFN56 rev v0.2, 16MB flash, 8MB octal PSRAM)",240,Task-AE,128,438,95.652,490.751,0.056,0.001,490.80799999999994,586.4599999999999,8570099,8538068,8353420,372752,1010800,128,132,141060,d128_20261005_193250
"ESP32-S3 N16R8 (QFN56 rev v0.2, 16MB flash, 8MB octal PSRAM)",240,Task-AE,128,439,95.652,490.751,0.056,0.001,490.80799999999994,586.4599999999999,8570099,8538068,8353420,372752,1010800,128,132,141060,d128_20261005_193250
"ESP32-S3 N16R8 (QFN56 rev v0.2, 16MB flash, 8MB octal PSRAM)",240,Task-AE,128,440,95.652,490.752,0.058,0.001,490.811,586.463,8570099,8538068,8353420,372752,1010800,128,132,141060,d128_20261005_193250
"ESP32-S3 N16R8 (QFN56 rev v0.2, 16MB flash, 8MB octal PSRAM)",240,Task-AE,128,441,95.652,490.751,0.056,0.001,490.80799999999994,586.4599999999999,8570099,8538068,8353420,372752,1010800,128,132,141060,d128_20261005_193250
"ESP32-S3 N16R8 (QFN56 rev v0.2, 16MB flash, 8MB octal PSRAM)",240,Task-AE,128,442,95.652,490.751,0.056,0.001,490.80799999999994,586.4599999999999,8570099,8538068,8353420,372752,1010800,128,132,141060,d128_20261005_193250
"ESP32-S3 N16R8 (QFN56 rev v0.2, 16MB flash, 8MB octal PSRAM)",240,Task-AE,128,443,95.652,490.752,0.058,0.001,490.811,586.463,8570099,8538068,8353420,372752,1010800,128,132,141060,d128_20261005_193250
"ESP32-S3 N16R8 (QFN56 rev v0.2, 16MB flash, 8MB octal PSRAM)",240,Task-AE,128,444,95.652,490.751,0.056,0.001,490.80799999999994,586.4599999999999,8570099,8538068,8353420,372752,1010800,128,132,141060,d128_20261005_193250
"ESP32-S3 N16R8 (QFN56 rev v0.2, 16MB flash, 8MB octal PSRAM)",240,Task-AE,128,445,95.652,490.751,0.056,0.001,490.80799999999994,586.4599999999999,8570099,8538068,8353420,372752,1010800,128,132,141060,d128_20261005_193250
"ESP32-S3 N16R8 (QFN56 rev v0.2, 16MB flash, 8MB octal PSRAM)",240,Task-AE,128,446,95.652,490.752,0.058,0.001,490.811,586.463,8570099,8538068,8353420,372752,1010800,128,132,141060,d128_20261005_193250
"ESP32-S3 N16R8 (QFN56 rev v0.2, 16MB flash, 8MB octal PSRAM)",240,Task-AE,128,447,95.652,490.751,0.056,0.001,490.80799999999994,586.4599999999999,8570099,8538068,8353420,372752,1010800,128,132,141060,d128_20261005_193250
"ESP32-S3 N16R8 (QFN56 rev v0.2, 16MB flash, 8MB octal PSRAM)",240,Task-AE,128,448,95.652,490.751,0.056,0.001,490.80799999999994,586.4599999999999,8570099,8538068,8353420,372752,1010800,128,132,141060,d128_20261005_193250
"ESP32-S3 N16R8 (QFN56 rev v0.2, 16MB flash, 8MB octal PSRAM)",240,Task-AE,128,449,95.652,490.752,0.058,0.001,490.811,586.463,8570099,8538068,8353420,372752,1010800,128,132,141060,d128_20261005_193250
"ESP32-S3 N16R8 (QFN56 rev v0.2, 16MB flash, 8MB octal PSRAM)",240,Task-AE,128,450,95.652,490.751,0.056,0.001,490.80799999999994,586.4599999999999,8570099,8538068,8353420,372752,1010800,128,132,141060,d128_20261005_193250
"ESP32-S3 N16R8 (QFN56 rev v0.2, 16MB flash, 8MB octal PSRAM)",240,Task-AE,128,451,95.652,490.751,0.056,0.001,490.80799999999994,586.4599999999999,8570099,8538068,8353420,372752,1010800,128,132,141060,d128_20261005_193250
"ESP32-S3 N16R8 (QFN56 rev v0.2, 16MB flash, 8MB octal PSRAM)",240,Task-AE,128,452,95.652,490.752,0.058,0.001,490.811,586.463,8570099,8538068,8353420,372752,1010800,128,132,141060,d128_20261005_193250
"ESP32-S3 N16R8 (QFN56 rev v0.2, 16MB flash, 8MB octal PSRAM)",240,Task-AE,128,453,95.652,490.751,0.056,0.001,490.80799999999994,586.4599999999999,8570099,8538068,8353420,372752,1010800,128,132,141060,d128_20261005_193250
"ESP32-S3 N16R8 (QFN56 rev v0.2, 16MB flash, 8MB octal PSRAM)",240,Task-AE,128,454,95.652,490.751,0.056,0.001,490.80799999999994,586.4599999999999,8570099,8538068,8353420,372752,1010800,128,132,141060,d128_20261005_193250
"ESP32-S3 N16R8 (QFN56 rev v0.2, 16MB flash, 8MB octal PSRAM)",240,Task-AE,128,455,95.652,490.752,0.058,0.001,490.811,586.463,8570099,8538068,8353420,372752,1010800,128,132,141060,d128_20261005_193250
"ESP32-S3 N16R8 (QFN56 rev v0.2, 16MB flash, 8MB octal PSRAM)",240,Task-AE,128,456,95.652,490.751,0.056,0.001,490.80799999999994,586.4599999999999,8570099,8538068,8353420,372752,1010800,128,132,141060,d128_20261005_193250
"ESP32-S3 N16R8 (QFN56 rev v0.2, 16MB flash, 8MB octal PSRAM)",240,Task-AE,128,457,95.652,490.751,0.056,0.001,490.80799999999994,586.4599999999999,8570099,8538068,8353420,372752,1010800,128,132,141060,d128_20261005_193250
"ESP32-S3 N16R8 (QFN56 rev v0.2, 16MB flash, 8MB octal PSRAM)",240,Task-AE,128,458,95.652,490.752,0.058,0.001,490.811,586.463,8570099,8538068,8353420,372752,1010800,128,132,141060,d128_20261005_193250
"ESP32-S3 N16R8 (QFN56 rev v0.2, 16MB flash, 8MB octal PSRAM)",240,Task-AE,128,459,95.652,490.751,0.056,0.001,490.80799999999994,586.4599999999999,8570099,8538068,8353420,372752,1010800,128,132,141060,d128_20261005_193250
"ESP32-S3 N16R8 (QFN56 rev v0.2, 16MB flash, 8MB octal PSRAM)",240,Task-AE,128,460,95.652,490.751,0.056,0.001,490.80799999999994,586.4599999999999,8570099,8538068,8353420,372752,1010800,128,132,141060,d128_20261005_193250
"ESP32-S3 N16R8 (QFN56 rev v0.2, 16MB flash, 8MB octal PSRAM)",240,Task-AE,128,461,95.652,490.752,0.058,0.001,490.811,586.463,8570099,8538068,8353420,372752,1010800,128,132,141060,d128_20261005_193250
"ESP32-S3 N16R8 (QFN56 rev v0.2, 16MB flash, 8MB octal PSRAM)",240,Task-AE,128,462,95.652,490.751,0.056,0.001,490.80799999999994,586.4599999999999,8570099,8538068,8353420,372752,1010800,128,132,141060,d128_20261005_193250
"ESP32-S3 N16R8 (QFN56 rev v0.2, 16MB flash, 8MB octal PSRAM)",240,Task-AE,128,463,95.652,490.751,0.056,0.001,490.80799999999994,586.4599999999999,8570099,8538068,8353420,372752,1010800,128,132,141060,d128_20261005_193250
"ESP32-S3 N16R8 (QFN56 rev v0.2, 16MB flash, 8MB octal PSRAM)",240,Task-AE,128,464,95.652,490.752,0.058,0.001,490.811,586.463,8570099,8538068,8353420,372752,1010800,128,132,141060,d128_20261005_193250
"ESP32-S3 N16R8 (QFN56 rev v0.2, 16MB flash, 8MB octal PSRAM)",240,Task-AE,128,465,95.652,490.751,0.056,0.001,490.80799999999994,586.4599999999999,8570099,8538068,8353420,372752,1010800,128,132,141060,d128_20261005_193250
"ESP32-S3 N16R8 (QFN56 rev v0.2, 16MB flash, 8MB octal PSRAM)",240,Task-AE,128,466,95.652,490.751,0.056,0.001,490.80799999999994,586.4599999999999,8570099,8538068,8353420,372752,1010800,128,132,141060,d128_20261005_193250
"ESP32-S3 N16R8 (QFN56 rev v0.2, 16MB flash, 8MB octal PSRAM)",240,Task-AE,128,467,95.652,490.752,0.058,0.001,490.811,586.463,8570099,8538068,8353420,372752,1010800,128,132,141060,d128_20261005_193250
"ESP32-S3 N16R8 (QFN56 rev v0.2, 16MB flash, 8MB octal PSRAM)",240,Task-AE,128,468,95.652,490.751,0.056,0.001,490.80799999999994,586.4599999999999,8570099,8538068,8353420,372752,1010800,128,132,141060,d128_20261005_193250
"ESP32-S3 N16R8 (QFN56 rev v0.2, 16MB flash, 8MB octal PSRAM)",240,Task-AE,128,469,95.652,490.751,0.056,0.001,490.80799999999994,586.4599999999999,8570099,8538068,8353420,372752,1010800,128,132,141060,d128_20261005_193250
"ESP32-S3 N16R8 (QFN56 rev v0.2, 16MB flash, 8MB octal PSRAM)",240,Task-AE,128,470,95.652,490.752,0.058,0.001,490.811,586.463,8570099,8538068,8353420,372752,1010800,128,132,141060,d128_20261005_193250
"ESP32-S3 N16R8 (QFN56 rev v0.2, 16MB flash, 8MB octal PSRAM)",240,Task-AE,128,471,95.652,490.751,0.056,0.001,490.80799999999994,586.4599999999999,8570099,8538068,8353420,372752,1010800,128,132,141060,d128_20261005_193250
"ESP32-S3 N16R8 (QFN56 rev v0.2, 16MB flash, 8MB octal PSRAM)",240,Task-AE,128,472,95.652,490.751,0.056,0.001,490.80799999999994,586.4599999999999,8570099,8538068,8353420,372752,1010800,128,132,141060,d128_20261005_193250
"ESP32-S3 N16R8 (QFN56 rev v0.2, 16MB flash, 8MB octal PSRAM)",240,Task-AE,128,473,95.652,490.752,0.058,0.001,490.811,586.463,8570099,8538068,8353420,372752,1010800,128,132,141060,d128_20261005_193250
"ESP32-S3 N16R8 (QFN56 rev v0.2, 16MB flash, 8MB octal PSRAM)",240,Task-AE,128,474,95.652,490.751,0.056,0.001,490.80799999999994,586.4599999999999,8570099,8538068,8353420,372752,1010800,128,132,141060,d128_20261005_193250
"ESP32-S3 N16R8 (QFN56 rev v0.2, 16MB flash, 8MB octal PSRAM)",240,Task-AE,128,475,95.652,490.751,0.056,0.001,490.80799999999994,586.4599999999999,8570099,8538068,8353420,372752,1010800,128,132,141060,d128_20261005_193250
"ESP32-S3 N16R8 (QFN56 rev v0.2, 16MB flash, 8MB octal PSRAM)",240,Task-AE,128,476,95.652,490.752,0.058,0.001,490.811,586.463,8570099,8538068,8353420,372752,1010800,128,132,141060,d128_20261005_193250
"ESP32-S3 N16R8 (QFN56 rev v0.2, 16MB flash, 8MB octal PSRAM)",240,Task-AE,128,477,95.652,490.751,0.056,0.001,490.80799999999994,586.4599999999999,8570099,8538068,8353420,372752,1010800,128,132,141060,d128_20261005_193250
"ESP32-S3 N16R8 (QFN56 rev v0.2, 16MB flash, 8MB octal PSRAM)",240,Task-AE,128,478,95.652,490.751,0.056,0.001,490.80799999999994,586.4599999999999,8570099,8538068,8353420,372752,1010800,128,132,141060,d128_20261005_193250
"ESP32-S3 N16R8 (QFN56 rev v0.2, 16MB flash, 8MB octal PSRAM)",240,Task-AE,128,479,95.652,490.752,0.058,0.001,490.811,586.463,8570099,8538068,8353420,372752,1010800,128,132,141060,d128_20261005_193250
"ESP32-S3 N16R8 (QFN56 rev v0.2, 16MB flash, 8MB octal PSRAM)",240,Task-AE,128,480,95.652,490.751,0.056,0.001,490.80799999999994,586.4599999999999,8570099,8538068,8353420,372752,1010800,128,132,141060,d128_20261005_193250
"ESP32-S3 N16R8 (QFN56 rev v0.2, 16MB flash, 8MB octal PSRAM)",240,Task-AE,128,481,95.652,490.751,0.056,0.001,490.80799999999994,586.4599999999999,8570099,8538068,8353420,372752,1010800,128,132,141060,d128_20261005_193250
"ESP32-S3 N16R8 (QFN56 rev v0.2, 16MB flash, 8MB octal PSRAM)",240,Task-AE,128,482,95.652,490.752,0.058,0.001,490.811,586.463,8570099,8538068,8353420,372752,1010800,128,132,141060,d128_20261005_193250
"ESP32-S3 N16R8 (QFN56 rev v0.2, 16MB flash, 8MB octal PSRAM)",240,Task-AE,128,483,95.652,490.751,0.056,0.001,490.80799999999994,586.4599999999999,8570099,8538068,8353420,372752,1010800,128,132,141060,d128_20261005_193250
"ESP32-S3 N16R8 (QFN56 rev v0.2, 16MB flash, 8MB octal PSRAM)",240,Task-AE,128,484,95.652,490.751,0.056,0.001,490.80799999999994,586.4599999999999,8570099,8538068,8353420,372752,1010800,128,132,141060,d128_20261005_193250
"ESP32-S3 N16R8 (QFN56 rev v0.2, 16MB flash, 8MB octal PSRAM)",240,Task-AE,128,485,95.652,490.752,0.058,0.001,490.811,586.463,8570099,8538068,8353420,372752,1010800,128,132,141060,d128_20261005_193250
"ESP32-S3 N16R8 (QFN56 rev v0.2, 16MB flash, 8MB octal PSRAM)",240,Task-AE,128,486,95.652,490.751,0.056,0.001,490.80799999999994,586.4599999999999,8570099,8538068,8353420,372752,1010800,128,132,141060,d128_20261005_193250
"ESP32-S3 N16R8 (QFN56 rev v0.2, 16MB flash, 8MB octal PSRAM)",240,Task-AE,128,487,95.652,490.751,0.056,0.001,490.80799999999994,586.4599999999999,8570099,8538068,8353420,372752,1010800,128,132,141060,d128_20261005_193250
"ESP32-S3 N16R8 (QFN56 rev v0.2, 16MB flash, 8MB octal PSRAM)",240,Task-AE,128,488,95.652,490.752,0.058,0.001,490.811,586.463,8570099,8538068,8353420,372752,1010800,128,132,141060,d128_20261005_193250
"ESP32-S3 N16R8 (QFN56 rev v0.2, 16MB flash, 8MB octal PSRAM)",240,Task-AE,128,489,95.652,490.751,0.056,0.001,490.80799999999994,586.4599999999999,8570099,8538068,8353420,372752,1010800,128,132,141060,d128_20261005_193250
"ESP32-S3 N16R8 (QFN56 rev v0.2, 16MB flash, 8MB octal PSRAM)",240,Task-AE,128,490,95.652,490.751,0.056,0.001,490.80799999999994,586.4599999999999,8570099,8538068,8353420,372752,1010800,128,132,141060,d128_20261005_193250
"ESP32-S3 N16R8 (QFN56 rev v0.2, 16MB flash, 8MB octal PSRAM)",240,Task-AE,128,491,95.652,490.752,0.058,0.001,490.811,586.463,8570099,8538068,8353420,372752,1010800,128,132,141060,d128_20261005_193250
"ESP32-S3 N16R8 (QFN56 rev v0.2, 16MB flash, 8MB octal PSRAM)",240,Task-AE,128,492,95.652,490.751,0.056,0.001,490.80799999999994,586.4599999999999,8570099,8538068,8353420,372752,1010800,128,132,141060,d128_20261005_193250
"ESP32-S3 N16R8 (QFN56 rev v0.2, 16MB flash, 8MB octal PSRAM)",240,Task-AE,128,493,95.652,490.751,0.056,0.001,490.80799999999994,586.4599999999999,8570099,8538068,8353420,372752,1010800,128,132,141060,d128_20261005_193250
"ESP32-S3 N16R8 (QFN56 rev v0.2, 16MB flash, 8MB octal PSRAM)",240,Task-AE,128,494,95.652,490.752,0.058,0.001,490.811,586.463,8570099,8538068,8353420,372752,1010800,128,132,141060,d128_20261005_193250
"ESP32-S3 N16R8 (QFN56 rev v0.2, 16MB flash, 8MB octal PSRAM)",240,Task-AE,128,495,95.652,490.751,0.056,0.001,490.80799999999994,586.4599999999999,8570099,8538068,8353420,372752,1010800,128,132,141060,d128_20261005_193250
"ESP32-S3 N16R8 (QFN56 rev v0.2, 16MB flash, 8MB octal PSRAM)",240,Task-AE,128,496,95.652,490.751,0.056,0.001,490.80799999999994,586.4599999999999,8570099,8538068,8353420,372752,1010800,128,132,141060,d128_20261005_193250
"ESP32-S3 N16R8 (QFN56 rev v0.2, 16MB flash, 8MB octal PSRAM)",240,Task-AE,128,497,95.652,490.752,0.058,0.001,490.811,586.463,8570099,8538068,8353420,372752,1010800,128,132,141060,d128_20261005_193250
"ESP32-S3 N16R8 (QFN56 rev v0.2, 16MB flash, 8MB octal PSRAM)",240,Task-AE,128,498,95.652,490.751,0.056,0.001,490.80799999999994,586.4599999999999,8570099,8538068,8353420,372752,1010800,128,132,141060,d128_20261005_193250
"ESP32-S3 N16R8 (QFN56 rev v0.2, 16MB flash, 8MB octal PSRAM)",240,Task-AE,128,499,95.652,490.751,0.056,0.001,490.80799999999994,586.4599999999999,8570099,8538068,8353420,372752,1010800,128,132,141060,d128_20261005_193250
"ESP32-S3 N16R8 (QFN56 rev v0.2, 16MB flash, 8MB octal PSRAM)",240,Task-AE,128,500,95.652,490.752,0.058,0.001,490.811,586.463,8570099,8538068,8353420,372752,1010800,128,132,141060,d128_20261005_193250
"ESP32-S3 N16R8 (QFN56 rev v0.2, 16MB flash, 8MB octal PSRAM)",240,Task-AE,128,501,95.652,490.751,0.056,0.001,490.80799999999994,586.4599999999999,8570099,8538068,8353420,372752,1010800,128,132,141060,d128_20261005_193250
"ESP32-S3 N16R8 (QFN56 rev v0.2, 16MB flash, 8MB octal PSRAM)",240,Task-AE,128,502,95.652,490.751,0.056,0.001,490.80799999999994,586.4599999999999,8570099,8538068,8353420,372752,1010800,128,132,141060,d128_20261005_193250
"ESP32-S3 N16R8 (QFN56 rev v0.2, 16MB flash, 8MB octal PSRAM)",240,Task-AE,128,503,95.652,490.752,0.058,0.001,490.811,586.463,8570099,8538068,8353420,372752,1010800,128,132,141060,d128_20261005_193250
"ESP32-S3 N16R8 (QFN56 rev v0.2, 16MB flash, 8MB octal PSRAM)",240,Task-AE,128,504,95.652,490.751,0.056,0.001,490.80799999999994,586.4599999999999,8570099,8538068,8353420,372752,1010800,128,132,141060,d128_20261005_193250
"ESP32-S3 N16R8 (QFN56 rev v0.2, 16MB flash, 8MB octal PSRAM)",240,Task-AE,128,505,95.652,490.751,0.056,0.001,490.80799999999994,586.4599999999999,8570099,8538068,8353420,372752,1010800,128,132,141060,d128_20261005_193250
"ESP32-S3 N16R8 (QFN56 rev v0.2, 16MB flash, 8MB octal PSRAM)",240,Task-AE,128,506,95.652,490.752,0.058,0.001,490.811,586.463,8570099,8538068,8353420,372752,1010800,128,132,141060,d128_20261005_193250
"ESP32-S3 N16R8 (QFN56 rev v0.2, 16MB flash, 8MB octal PSRAM)",240,Task-AE,128,507,95.652,490.751,0.056,0.001,490.80799999999994,586.4599999999999,8570099,8538068,8353420,372752,1010800,128,132,141060,d128_20261005_193250
"ESP32-S3 N16R8 (QFN56 rev v0.2, 16MB flash, 8MB octal PSRAM)",240,Task-AE,128,508,95.652,490.751,0.056,0.001,490.80799999999994,586.4599999999999,8570099,8538068,8353420,372752,1010800,128,132,141060,d128_20261005_193250
"ESP32-S3 N16R8 (QFN56 rev v0.2, 16MB flash, 8MB octal PSRAM)",240,Task-AE,128,509,95.652,490.752,0.058,0.001,490.811,586.463,8570099,8538068,8353420,372752,1010800,128,132,141060,d128_20261005_193250
"ESP32-S3 N16R8 (QFN56 rev v0.2, 16MB flash, 8MB octal PSRAM)",240,Task-AE,128,510,95.652,490.751,0.056,0.001,490.80799999999994,586.4599999999999,8570099,8538068,8353420,372752,1010800,128,132,141060,d128_20261005_193250
"ESP32-S3 N16R8 (QFN56 rev v0.2, 16MB flash, 8MB octal PSRAM)",240,Task-AE,128,511,95.652,490.751,0.056,0.001,490.80799999999994,586.4599999999999,8570099,8538068,8353420,372752,1010800,128,132,141060,d128_20261005_193250
"ESP32-S3 N16R8 (QFN56 rev v0.2, 16MB flash, 8MB octal PSRAM)",240,Task-AE,128,512,95.652,490.752,0.058,0.001,490.811,586.463,8570099,8538068,8353420,372752,1010800,128,132,141060,d128_20261005_193250
"ESP32-S3 N16R8 (QFN56 rev v0.2, 16MB flash, 8MB octal PSRAM)",240,Task-AE,128,513,95.652,490.751,0.056,0.001,490.80799999999994,586.4599999999999,8570099,8538068,8353420,372752,1010800,128,132,141060,d128_20261005_193250
"ESP32-S3 N16R8 (QFN56 rev v0.2, 16MB flash, 8MB octal PSRAM)",240,Task-AE,128,514,95.652,490.751,0.056,0.001,490.80799999999994,586.4599999999999,8570099,8538068,8353420,372752,1010800,128,132,141060,d128_20261005_193250
"ESP32-S3 N16R8 (QFN56 rev v0.2, 16MB flash, 8MB octal PSRAM)",240,Task-AE,128,515,95.652,490.752,0.058,0.001,490.811,586.463,8570099,8538068,8353420,372752,1010800,128,132,141060,d128_20261005_193250
"ESP32-S3 N16R8 (QFN56 rev v0.2, 16MB flash, 8MB octal PSRAM)",240,Task-AE,128,516,95.652,490.751,0.056,0.001,490.80799999999994,586.4599999999999,8570099,8538068,8353420,372752,1010800,128,132,141060,d128_20261005_193250
"ESP32-S3 N16R8 (QFN56 rev v0.2, 16MB flash, 8MB octal PSRAM)",240,Task-AE,128,517,95.652,490.751,0.056,0.001,490.80799999999994,586.4599999999999,8570099,8538068,8353420,372752,1010800,128,132,141060,d128_20261005_193250
"ESP32-S3 N16R8 (QFN56 rev v0.2, 16MB flash, 8MB octal PSRAM)",240,Task-AE,128,518,95.652,490.752,0.058,0.001,490.811,586.463,8570099,8538068,8353420,372752,1010800,128,132,141060,d128_20261005_193250
"ESP32-S3 N16R8 (QFN56 rev v0.2, 16MB flash, 8MB octal PSRAM)",240,Task-AE,128,519,95.652,490.751,0.056,0.001,490.80799999999994,586.4599999999999,8570099,8538068,8353420,372752,1010800,128,132,141060,d128_20261005_193250
"ESP32-S3 N16R8 (QFN56 rev v0.2, 16MB flash, 8MB octal PSRAM)",240,Task-AE,128,520,95.652,490.751,0.056,0.001,490.80799999999994,586.4599999999999,8570099,8538068,8353420,372752,1010800,128,132,141060,d128_20261005_193250
"ESP32-S3 N16R8 (QFN56 rev v0.2, 16MB flash, 8MB octal PSRAM)",240,Task-AE,128,521,95.652,490.752,0.058,0.001,490.811,586.463,8570099,8538068,8353420,372752,1010800,128,132,141060,d128_20261005_193250
"ESP32-S3 N16R8 (QFN56 rev v0.2, 16MB flash, 8MB octal PSRAM)",240,Task-AE,128,522,95.652,490.751,0.056,0.001,490.80799999999994,586.4599999999999,8570099,8538068,8353420,372752,1010800,128,132,141060,d128_20261005_193250
"ESP32-S3 N16R8 (QFN56 rev v0.2, 16MB flash, 8MB octal PSRAM)",240,Task-AE,128,523,95.652,490.751,0.056,0.001,490.80799999999994,586.4599999999999,8570099,8538068,8353420,372752,1010800,128,132,141060,d128_20261005_193250
"ESP32-S3 N16R8 (QFN56 rev v0.2, 16MB flash, 8MB octal PSRAM)",240,Task-AE,128,524,95.652,490.752,0.058,0.001,490.811,586.463,8570099,8538068,8353420,372752,1010800,128,132,141060,d128_20261005_193250
"ESP32-S3 N16R8 (QFN56 rev v0.2, 16MB flash, 8MB octal PSRAM)",240,Task-AE,128,525,95.652,490.751,0.056,0.001,490.80799999999994,586.4599999999999,8570099,8538068,8353420,372752,1010800,128,132,141060,d128_20261005_193250
"ESP32-S3 N16R8 (QFN56 rev v0.2, 16MB flash, 8MB octal PSRAM)",240,Task-AE,128,526,95.652,490.751,0.056,0.001,490.80799999999994,586.4599999999999,8570099,8538068,8353420,372752,1010800,128,132,141060,d128_20261005_193250
"ESP32-S3 N16R8 (QFN56 rev v0.2, 16MB flash, 8MB octal PSRAM)",240,Task-AE,128,527,95.652,490.752,0.058,0.001,490.811,586.463,8570099,8538068,8353420,372752,1010800,128,132,141060,d128_20261005_193250
"ESP32-S3 N16R8 (QFN56 rev v0.2, 16MB flash, 8MB octal PSRAM)",240,Task-AE,128,528,95.652,490.751,0.056,0.001,490.80799999999994,586.4599999999999,8570099,8538068,8353420,372752,1010800,128,132,141060,d128_20261005_193250
"ESP32-S3 N16R8 (QFN56 rev v0.2, 16MB flash, 8MB octal PSRAM)",240,Task-AE,128,529,95.652,490.751,0.056,0.001,490.80799999999994,586.4599999999999,8570099,8538068,8353420,372752,1010800,128,132,141060,d128_20261005_193250
"ESP32-S3 N16R8 (QFN56 rev v0.2, 16MB flash, 8MB octal PSRAM)",240,Task-AE,128,530,95.652,490.752,0.058,0.001,490.811,586.463,8570099,8538068,8353420,372752,1010800,128,132,141060,d128_20261005_193250
"ESP32-S3 N16R8 (QFN56 rev v0.2, 16MB flash, 8MB octal PSRAM)",240,Task-AE,128,531,95.652,490.751,0.056,0.001,490.80799999999994,586.4599999999999,8570099,8538068,8353420,372752,1010800,128,132,141060,d128_20261005_193250
"ESP32-S3 N16R8 (QFN56 rev v0.2, 16MB flash, 8MB octal PSRAM)",240,Task-AE,128,532,95.652,490.751,0.056,0.001,490.80799999999994,586.4599999999999,8570099,8538068,8353420,372752,1010800,128,132,141060,d128_20261005_193250
"ESP32-S3 N16R8 (QFN56 rev v0.2, 16MB flash, 8MB octal PSRAM)",240,Task-AE,128,533,95.652,490.752,0.058,0.001,490.811,586.463,8570099,8538068,8353420,372752,1010800,128,132,141060,d128_20261005_193250
"ESP32-S3 N16R8 (QFN56 rev v0.2, 16MB flash, 8MB octal PSRAM)",240,Task-AE,128,534,95.652,490.751,0.056,0.001,490.80799999999994,586.4599999999999,8570099,8538068,8353420,372752,1010800,128,132,141060,d128_20261005_193250
"ESP32-S3 N16R8 (QFN56 rev v0.2, 16MB flash, 8MB octal PSRAM)",240,Task-AE,128,535,95.652,490.751,0.056,0.001,490.80799999999994,586.4599999999999,8570099,8538068,8353420,372752,1010800,128,132,141060,d128_20261005_193250
"ESP32-S3 N16R8 (QFN56 rev v0.2, 16MB flash, 8MB octal PSRAM)",240,Task-AE,128,536,95.652,490.752,0.058,0.001,490.811,586.463,8570099,8538068,8353420,372752,1010800,128,132,141060,d128_20261005_193250
"ESP32-S3 N16R8 (QFN56 rev v0.2, 16MB flash, 8MB octal PSRAM)",240,Task-AE,128,537,95.652,490.751,0.056,0.001,490.80799999999994,586.4599999999999,8570099,8538068,8353420,372752,1010800,128,132,141060,d128_20261005_193250
"ESP32-S3 N16R8 (QFN56 rev v0.2, 16MB flash, 8MB octal PSRAM)",240,Task-AE,128,538,95.652,490.751,0.056,0.001,490.80799999999994,586.4599999999999,8570099,8538068,8353420,372752,1010800,128,132,141060,d128_20261005_193250
"ESP32-S3 N16R8 (QFN56 rev v0.2, 16MB flash, 8MB octal PSRAM)",240,Task-AE,128,539,95.652,490.752,0.058,0.001,490.811,586.463,8570099,8538068,8353420,372752,1010800,128,132,141060,d128_20261005_193250
"ESP32-S3 N16R8 (QFN56 rev v0.2, 16MB flash, 8MB octal PSRAM)",240,Task-AE,128,540,95.652,490.751,0.056,0.001,490.80799999999994,586.4599999999999,8570099,8538068,8353420,372752,1010800,128,132,141060,d128_20261005_193250
"ESP32-S3 N16R8 (QFN56 rev v0.2, 16MB flash, 8MB octal PSRAM)",240,Task-AE,128,541,95.652,490.751,0.056,0.001,490.80799999999994,586.4599999999999,8570099,8538068,8353420,372752,1010800,128,132,141060,d128_20261005_193250
"ESP32-S3 N16R8 (QFN56 rev v0.2, 16MB flash, 8MB octal PSRAM)",240,Task-AE,128,542,95.652,490.752,0.058,0.001,490.811,586.463,8570099,8538068,8353420,372752,1010800,128,132,141060,d128_20261005_193250
"ESP32-S3 N16R8 (QFN56 rev v0.2, 16MB flash, 8MB octal PSRAM)",240,Task-AE,128,543,95.652,490.751,0.056,0.001,490.80799999999994,586.4599999999999,8570099,8538068,8353420,372752,1010800,128,132,141060,d128_20261005_193250
"ESP32-S3 N16R8 (QFN56 rev v0.2, 16MB flash, 8MB octal PSRAM)",240,Task-AE,128,544,95.652,490.751,0.056,0.001,490.80799999999994,586.4599999999999,8570099,8538068,8353420,372752,1010800,128,132,141060,d128_20261005_193250
"ESP32-S3 N16R8 (QFN56 rev v0.2, 16MB flash, 8MB octal PSRAM)",240,Task-AE,128,545,95.652,490.752,0.058,0.001,490.811,586.463,8570099,8538068,8353420,372752,1010800,128,132,141060,d128_20261005_193250
"ESP32-S3 N16R8 (QFN56 rev v0.2, 16MB flash, 8MB octal PSRAM)",240,Task-AE,128,546,95.652,490.751,0.056,0.001,490.80799999999994,586.4599999999999,8570099,8538068,8353420,372752,1010800,128,132,141060,d128_20261005_193250
"ESP32-S3 N16R8 (QFN56 rev v0.2, 16MB flash, 8MB octal PSRAM)",240,Task-AE,128,547,95.652,490.751,0.056,0.001,490.80799999999994,586.4599999999999,8570099,8538068,8353420,372752,1010800,128,132,141060,d128_20261005_193250
"ESP32-S3 N16R8 (QFN56 rev v0.2, 16MB flash, 8MB octal PSRAM)",240,Task-AE,128,548,95.652,490.752,0.058,0.001,490.811,586.463,8570099,8538068,8353420,372752,1010800,128,132,141060,d128_20261005_193250
"ESP32-S3 N16R8 (QFN56 rev v0.2, 16MB flash, 8MB octal PSRAM)",240,Task-AE,128,549,95.652,490.751,0.056,0.001,490.80799999999994,586.4599999999999,8570099,8538068,8353420,372752,1010800,128,132,141060,d128_20261005_193250
"ESP32-S3 N16R8 (QFN56 rev v0.2, 16MB flash, 8MB octal PSRAM)",240,Task-AE,128,550,95.652,490.751,0.056,0.001,490.80799999999994,586.4599999999999,8570099,8538068,8353420,372752,1010800,128,132,141060,d128_20261005_193250
"ESP32-S3 N16R8 (QFN56 rev v0.2, 16MB flash, 8MB octal PSRAM)",240,Task-AE,128,551,95.652,490.752,0.058,0.001,490.811,586.463,8570099,8538068,8353420,372752,1010800,128,132,141060,d128_20261005_193250
"ESP32-S3 N16R8 (QFN56 rev v0.2, 16MB flash, 8MB octal PSRAM)",240,Task-AE,128,552,95.652,490.751,0.056,0.001,490.80799999999994,586.4599999999999,8570099,8538068,8353420,372752,1010800,128,132,141060,d128_20261005_193250
"ESP32-S3 N16R8 (QFN56 rev v0.2, 16MB flash, 8MB octal PSRAM)",240,Task-AE,128,553,95.652,490.751,0.056,0.001,490.80799999999994,586.4599999999999,8570099,8538068,8353420,372752,1010800,128,132,141060,d128_20261005_193250
"ESP32-S3 N16R8 (QFN56 rev v0.2, 16MB flash, 8MB octal PSRAM)",240,Task-AE,128,554,95.652,490.752,0.058,0.001,490.811,586.463,8570099,8538068,8353420,372752,1010800,128,132,141060,d128_20261005_193250
"ESP32-S3 N16R8 (QFN56 rev v0.2, 16MB flash, 8MB octal PSRAM)",240,Task-AE,128,555,95.652,490.751,0.056,0.001,490.80799999999994,586.4599999999999,8570099,8538068,8353420,372752,1010800,128,132,141060,d128_20261005_193250
"ESP32-S3 N16R8 (QFN56 rev v0.2, 16MB flash, 8MB octal PSRAM)",240,Task-AE,128,556,95.652,490.751,0.056,0.001,490.80799999999994,586.4599999999999,8570099,8538068,8353420,372752,1010800,128,132,141060,d128_20261005_193250
"ESP32-S3 N16R8 (QFN56 rev v0.2, 16MB flash, 8MB octal PSRAM)",240,Task-AE,128,557,95.652,490.752,0.058,0.001,490.811,586.463,8570099,8538068,8353420,372752,1010800,128,132,141060,d128_20261005_193250
"ESP32-S3 N16R8 (QFN56 rev v0.2, 16MB flash, 8MB octal PSRAM)",240,Task-AE,128,558,95.652,490.751,0.056,0.001,490.80799999999994,586.4599999999999,8570099,8538068,8353420,372752,1010800,128,132,141060,d128_20261005_193250
"ESP32-S3 N16R8 (QFN56 rev v0.2, 16MB flash, 8MB octal PSRAM)",240,Task-AE,128,559,95.652,490.751,0.056,0.001,490.80799999999994,586.4599999999999,8570099,8538068,8353420,372752,1010800,128,132,141060,d128_20261005_193250
"ESP32-S3 N16R8 (QFN56 rev v0.2, 16MB flash, 8MB octal PSRAM)",240,Task-AE,128,560,95.652,490.752,0.058,0.001,490.811,586.463,8570099,8538068,8353420,372752,1010800,128,132,141060,d128_20261005_193250
"ESP32-S3 N16R8 (QFN56 rev v0.2, 16MB flash, 8MB octal PSRAM)",240,Task-AE,128,561,95.652,490.751,0.056,0.001,490.80799999999994,586.4599999999999,8570099,8538068,8353420,372752,1010800,128,132,141060,d128_20261005_193250
"ESP32-S3 N16R8 (QFN56 rev v0.2, 16MB flash, 8MB octal PSRAM)",240,Task-AE,128,562,95.652,490.751,0.056,0.001,490.80799999999994,586.4599999999999,8570099,8538068,8353420,372752,1010800,128,132,141060,d128_20261005_193250
"ESP32-S3 N16R8 (QFN56 rev v0.2, 16MB flash, 8MB octal PSRAM)",240,Task-AE,128,563,95.652,490.752,0.058,0.001,490.811,586.463,8570099,8538068,8353420,372752,1010800,128,132,141060,d128_20261005_193250
"ESP32-S3 N16R8 (QFN56 rev v0.2, 16MB flash, 8MB octal PSRAM)",240,Task-AE,128,564,95.652,490.751,0.056,0.001,490.80799999999994,586.4599999999999,8570099,8538068,8353420,372752,1010800,128,132,141060,d128_20261005_193250
"ESP32-S3 N16R8 (QFN56 rev v0.2, 16MB flash, 8MB octal PSRAM)",240,Task-AE,128,565,95.652,490.751,0.056,0.001,490.80799999999994,586.4599999999999,8570099,8538068,8353420,372752,1010800,128,132,141060,d128_20261005_193250
"ESP32-S3 N16R8 (QFN56 rev v0.2, 16MB flash, 8MB octal PSRAM)",240,Task-AE,128,566,95.652,490.752,0.058,0.001,490.811,586.463,8570099,8538068,8353420,372752,1010800,128,132,141060,d128_20261005_193250
"ESP32-S3 N16R8 (QFN56 rev v0.2, 16MB flash, 8MB octal PSRAM)",240,Task-AE,128,567,95.652,490.751,0.056,0.001,490.80799999999994,586.4599999999999,8570099,8538068,8353420,372752,1010800,128,132,141060,d128_20261005_193250
"ESP32-S3 N16R8 (QFN56 rev v0.2, 16MB flash, 8MB octal PSRAM)",240,Task-AE,128,568,95.652,490.751,0.056,0.001,490.80799999999994,586.4599999999999,8570099,8538068,8353420,372752,1010800,128,132,141060,d128_20261005_193250
"ESP32-S3 N16R8 (QFN56 rev v0.2, 16MB flash, 8MB octal PSRAM)",240,Task-AE,128,569,95.652,490.752,0.058,0.001,490.811,586.463,8570099,8538068,8353420,372752,1010800,128,132,141060,d128_20261005_193250
"ESP32-S3 N16R8 (QFN56 rev v0.2, 16MB flash, 8MB octal PSRAM)",240,Task-AE,128,570,95.652,490.751,0.056,0.001,490.80799999999994,586.4599999999999,8570099,8538068,8353420,372752,1010800,128,132,141060,d128_20261005_193250
"ESP32-S3 N16R8 (QFN56 rev v0.2, 16MB flash, 8MB octal PSRAM)",240,Task-AE,128,571,95.652,490.751,0.056,0.001,490.80799999999994,586.4599999999999,8570099,8538068,8353420,372752,1010800,128,132,141060,d128_20261005_193250
"ESP32-S3 N16R8 (QFN56 rev v0.2, 16MB flash, 8MB octal PSRAM)",240,Task-AE,128,572,95.652,490.752,0.058,0.001,490.811,586.463,8570099,8538068,8353420,372752,1010800,128,132,141060,d128_20261005_193250
"ESP32-S3 N16R8 (QFN56 rev v0.2, 16MB flash, 8MB octal PSRAM)",240,Task-AE,128,573,95.652,490.751,0.056,0.001,490.80799999999994,586.4599999999999,8570099,8538068,8353420,372752,1010800,128,132,141060,d128_20261005_193250
"ESP32-S3 N16R8 (QFN56 rev v0.2, 16MB flash, 8MB octal PSRAM)",240,Task-AE,128,574,95.652,490.751,0.056,0.001,490.80799999999994,586.4599999999999,8570099,8538068,8353420,372752,1010800,128,132,141060,d128_20261005_193250
"ESP32-S3 N16R8 (QFN56 rev v0.2, 16MB flash, 8MB octal PSRAM)",240,Task-AE,128,575,95.652,490.752,0.058,0.001,490.811,586.463,8570099,8538068,8353420,372752,1010800,128,132,141060,d128_20261005_193250
"ESP32-S3 N16R8 (QFN56 rev v0.2, 16MB flash, 8MB octal PSRAM)",240,Task-AE,128,576,95.652,490.751,0.056,0.001,490.80799999999994,586.4599999999999,8570099,8538068,8353420,372752,1010800,128,132,141060,d128_20261005_193250
"ESP32-S3 N16R8 (QFN56 rev v0.2, 16MB flash, 8MB octal PSRAM)",240,Task-AE,128,577,95.652,490.751,0.056,0.001,490.80799999999994,586.4599999999999,8570099,8538068,8353420,372752,1010800,128,132,141060,d128_20261005_193250
"ESP32-S3 N16R8 (QFN56 rev v0.2, 16MB flash, 8MB octal PSRAM)",240,Task-AE,128,578,95.652,490.752,0.058,0.001,490.811,586.463,8570099,8538068,8353420,372752,1010800,128,132,141060,d128_20261005_193250
"ESP32-S3 N16R8 (QFN56 rev v0.2, 16MB flash, 8MB octal PSRAM)",240,Task-AE,128,579,95.652,490.751,0.056,0.001,490.80799999999994,586.4599999999999,8570099,8538068,8353420,372752,1010800,128,132,141060,d128_20261005_193250
"ESP32-S3 N16R8 (QFN56 rev v0.2, 16MB flash, 8MB octal PSRAM)",240,Task-AE,128,580,95.652,490.751,0.056,0.001,490.80799999999994,586.4599999999999,8570099,8538068,8353420,372752,1010800,128,132,141060,d128_20261005_193250
"ESP32-S3 N16R8 (QFN56 rev v0.2, 16MB flash, 8MB octal PSRAM)",240,Task-AE,128,581,95.652,490.752,0.058,0.001,490.811,586.463,8570099,8538068,8353420,372752,1010800,128,132,141060,d128_20261005_193250
"ESP32-S3 N16R8 (QFN56 rev v0.2, 16MB flash, 8MB octal PSRAM)",240,Task-AE,128,582,95.652,490.751,0.056,0.001,490.80799999999994,586.4599999999999,8570099,8538068,8353420,372752,1010800,128,132,141060,d128_20261005_193250
"ESP32-S3 N16R8 (QFN56 rev v0.2, 16MB flash, 8MB octal PSRAM)",240,Task-AE,128,583,95.652,490.751,0.056,0.001,490.80799999999994,586.4599999999999,8570099,8538068,8353420,372752,1010800,128,132,141060,d128_20261005_193250
"ESP32-S3 N16R8 (QFN56 rev v0.2, 16MB flash, 8MB octal PSRAM)",240,Task-AE,128,584,95.652,490.752,0.058,0.001,490.811,586.463,8570099,8538068,8353420,372752,1010800,128,132,141060,d128_20261005_193250
"ESP32-S3 N16R8 (QFN56 rev v0.2, 16MB flash, 8MB octal PSRAM)",240,Task-AE,128,585,95.652,490.751,0.056,0.001,490.80799999999994,586.4599999999999,8570099,8538068,8353420,372752,1010800,128,132,141060,d128_20261005_193250
"ESP32-S3 N16R8 (QFN56 rev v0.2, 16MB flash, 8MB octal PSRAM)",240,Task-AE,128,586,95.652,490.751,0.056,0.001,490.80799999999994,586.4599999999999,8570099,8538068,8353420,372752,1010800,128,132,141060,d128_20261005_193250
"ESP32-S3 N16R8 (QFN56 rev v0.2, 16MB flash, 8MB octal PSRAM)",240,Task-AE,128,587,95.652,490.752,0.058,0.001,490.811,586.463,8570099,8538068,8353420,372752,1010800,128,132,141060,d128_20261005_193250
"ESP32-S3 N16R8 (QFN56 rev v0.2, 16MB flash, 8MB octal PSRAM)",240,Task-AE,128,588,95.652,490.751,0.056,0.001,490.80799999999994,586.4599999999999,8570099,8538068,8353420,372752,1010800,128,132,141060,d128_20261005_193250
"ESP32-S3 N16R8 (QFN56 rev v0.2, 16MB flash, 8MB octal PSRAM)",240,Task-AE,128,589,95.652,490.751,0.056,0.001,490.80799999999994,586.4599999999999,8570099,8538068,8353420,372752,1010800,128,132,141060,d128_20261005_193250
"ESP32-S3 N16R8 (QFN56 rev v0.2, 16MB flash, 8MB octal PSRAM)",240,Task-AE,128,590,95.652,490.752,0.058,0.001,490.811,586.463,8570099,8538068,8353420,372752,1010800,128,132,141060,d128_20261005_193250
"ESP32-S3 N16R8 (QFN56 rev v0.2, 16MB flash, 8MB octal PSRAM)",240,Task-AE,128,591,95.652,490.751,0.056,0.001,490.80799999999994,586.4599999999999,8570099,8538068,8353420,372752,1010800,128,132,141060,d128_20261005_193250
"ESP32-S3 N16R8 (QFN56 rev v0.2, 16MB flash, 8MB octal PSRAM)",240,Task-AE,128,592,95.652,490.751,0.056,0.001,490.80799999999994,586.4599999999999,8570099,8538068,8353420,372752,1010800,128,132,141060,d128_20261005_193250
"ESP32-S3 N16R8 (QFN56 rev v0.2, 16MB flash, 8MB octal PSRAM)",240,Task-AE,128,593,95.652,490.752,0.058,0.001,490.811,586.463,8570099,8538068,8353420,372752,1010800,128,132,141060,d128_20261005_193250
"ESP32-S3 N16R8 (QFN56 rev v0.2, 16MB flash, 8MB octal PSRAM)",240,Task-AE,128,594,95.652,490.751,0.056,0.001,490.80799999999994,586.4599999999999,8570099,8538068,8353420,372752,1010800,128,132,141060,d128_20261005_193250
"ESP32-S3 N16R8 (QFN56 rev v0.2, 16MB flash, 8MB octal PSRAM)",240,Task-AE,128,595,95.652,490.751,0.056,0.001,490.80799999999994,586.4599999999999,8570099,8538068,8353420,372752,1010800,128,132,141060,d128_20261005_193250
"ESP32-S3 N16R8 (QFN56 rev v0.2, 16MB flash, 8MB octal PSRAM)",240,Task-AE,128,596,95.652,490.752,0.058,0.001,490.811,586.463,8570099,8538068,8353420,372752,1010800,128,132,141060,d128_20261005_193250
"ESP32-S3 N16R8 (QFN56 rev v0.2, 16MB flash, 8MB octal PSRAM)",240,Task-AE,128,597,95.652,490.751,0.056,0.001,490.80799999999994,586.4599999999999,8570099,8538068,8353420,372752,1010800,128,132,141060,d128_20261005_193250
"ESP32-S3 N16R8 (QFN56 rev v0.2, 16MB flash, 8MB octal PSRAM)",240,Task-AE,128,598,95.652,490.751,0.056,0.001,490.80799999999994,586.4599999999999,8570099,8538068,8353420,372752,1010800,128,132,141060,d128_20261005_193250
"ESP32-S3 N16R8 (QFN56 rev v0.2, 16MB flash, 8MB octal PSRAM)",240,Task-AE,128,599,95.652,490.752,0.058,0.001,490.811,586.463,8570099,8538068,8353420,372752,1010800,128,132,141060,d128_20261005_193250
"ESP32-S3 N16R8 (QFN56 rev v0.2, 16MB flash, 8MB octal PSRAM)",240,Task-AE,128,600,95.652,490.751,0.056,0.001,490.80799999999994,586.4599999999999,8570099,8538068,8353420,372752,1010800,128,132,141060,d128_20261005_193250
"ESP32-S3 N16R8 (QFN56 rev v0.2, 16MB flash, 8MB octal PSRAM)",240,Task-AE,128,601,95.652,490.751,0.056,0.001,490.80799999999994,586.4599999999999,8570099,8538068,8353420,372752,1010800,128,132,141060,d128_20261005_193250
"ESP32-S3 N16R8 (QFN56 rev v0.2, 16MB flash, 8MB octal PSRAM)",240,Task-AE,128,602,95.652,490.752,0.058,0.001,490.811,586.463,8570099,8538068,8353420,372752,1010800,128,132,141060,d128_20261005_193250
"ESP32-S3 N16R8 (QFN56 rev v0.2, 16MB flash, 8MB octal PSRAM)",240,Task-AE,128,603,95.652,490.751,0.056,0.001,490.80799999999994,586.4599999999999,8570099,8538068,8353420,372752,1010800,128,132,141060,d128_20261005_193250
"ESP32-S3 N16R8 (QFN56 rev v0.2, 16MB flash, 8MB octal PSRAM)",240,Task-AE,128,604,95.652,490.751,0.056,0.001,490.80799999999994,586.4599999999999,8570099,8538068,8353420,372752,1010800,128,132,141060,d128_20261005_193250
"ESP32-S3 N16R8 (QFN56 rev v0.2, 16MB flash, 8MB octal PSRAM)",240,Task-AE,128,605,95.652,490.752,0.058,0.001,490.811,586.463,8570099,8538068,8353420,372752,1010800,128,132,141060,d128_20261005_193250
"ESP32-S3 N16R8 (QFN56 rev v0.2, 16MB flash, 8MB octal PSRAM)",240,Task-AE,128,606,95.652,490.751,0.056,0.001,490.80799999999994,586.4599999999999,8570099,8538068,8353420,372752,1010800,128,132,141060,d128_20261005_193250
"ESP32-S3 N16R8 (QFN56 rev v0.2, 16MB flash, 8MB octal PSRAM)",240,Task-AE,128,607,95.652,490.751,0.056,0.001,490.80799999999994,586.4599999999999,8570099,8538068,8353420,372752,1010800,128,132,141060,d128_20261005_193250
"ESP32-S3 N16R8 (QFN56 rev v0.2, 16MB flash, 8MB octal PSRAM)",240,Task-AE,128,608,95.652,490.752,0.058,0.001,490.811,586.463,8570099,8538068,8353420,372752,1010800,128,132,141060,d128_20261005_193250
"ESP32-S3 N16R8 (QFN56 rev v0.2, 16MB flash, 8MB octal PSRAM)",240,Task-AE,128,609,95.652,490.751,0.056,0.001,490.80799999999994,586.4599999999999,8570099,8538068,8353420,372752,1010800,128,132,141060,d128_20261005_193250
"ESP32-S3 N16R8 (QFN56 rev v0.2, 16MB flash, 8MB octal PSRAM)",240,Task-AE,128,610,95.652,490.751,0.056,0.001,490.80799999999994,586.4599999999999,8570099,8538068,8353420,372752,1010800,128,132,141060,d128_20261005_193250
"ESP32-S3 N16R8 (QFN56 rev v0.2, 16MB flash, 8MB octal PSRAM)",240,Task-AE,128,611,95.652,490.752,0.058,0.001,490.811,586.463,8570099,8538068,8353420,372752,1010800,128,132,141060,d128_20261005_193250
"ESP32-S3 N16R8 (QFN56 rev v0.2, 16MB flash, 8MB octal PSRAM)",240,Task-AE,128,612,95.652,490.751,0.056,0.001,490.80799999999994,586.4599999999999,8570099,8538068,8353420,372752,1010800,128,132,141060,d128_20261005_193250
"ESP32-S3 N16R8 (QFN56 rev v0.2, 16MB flash, 8MB octal PSRAM)",240,Task-AE,128,613,95.652,490.751,0.056,0.001,490.80799999999994,586.4599999999999,8570099,8538068,8353420,372752,1010800,128,132,141060,d128_20261005_193250
"ESP32-S3 N16R8 (QFN56 rev v0.2, 16MB flash, 8MB octal PSRAM)",240,Task-AE,128,614,95.652,490.752,0.058,0.001,490.811,586.463,8570099,8538068,8353420,372752,1010800,128,132,141060,d128_20261005_193250
"ESP32-S3 N16R8 (QFN56 rev v0.2, 16MB flash, 8MB octal PSRAM)",240,Task-AE,128,615,95.652,490.751,0.056,0.001,490.80799999999994,586.4599999999999,8570099,8538068,8353420,372752,1010800,128,132,141060,d128_20261005_193250
"ESP32-S3 N16R8 (QFN56 rev v0.2, 16MB flash, 8MB octal PSRAM)",240,Task-AE,128,616,95.652,490.751,0.056,0.001,490.80799999999994,586.4599999999999,8570099,8538068,8353420,372752,1010800,128,132,141060,d128_20261005_193250
"ESP32-S3 N16R8 (QFN56 rev v0.2, 16MB flash, 8MB octal PSRAM)",240,Task-AE,128,617,95.652,490.752,0.058,0.001,490.811,586.463,8570099,8538068,8353420,372752,1010800,128,132,141060,d128_20261005_193250
"ESP32-S3 N16R8 (QFN56 rev v0.2, 16MB flash, 8MB octal PSRAM)",240,Task-AE,128,618,95.652,490.751,0.056,0.001,490.80799999999994,586.4599999999999,8570099,8538068,8353420,372752,1010800,128,132,141060,d128_20261005_193250
"ESP32-S3 N16R8 (QFN56 rev v0.2, 16MB flash, 8MB octal PSRAM)",240,Task-AE,128,619,95.652,490.751,0.056,0.001,490.80799999999994,586.4599999999999,8570099,8538068,8353420,372752,1010800,128,132,141060,d128_20261005_193250
"ESP32-S3 N16R8 (QFN56 rev v0.2, 16MB flash, 8MB octal PSRAM)",240,Task-AE,128,620,95.652,490.752,0.058,0.001,490.811,586.463,8570099,8538068,8353420,372752,1010800,128,132,141060,d128_20261005_193250
"ESP32-S3 N16R8 (QFN56 rev v0.2, 16MB flash, 8MB octal PSRAM)",240,Task-AE,128,621,95.652,490.751,0.056,0.001,490.80799999999994,586.4599999999999,8570099,8538068,8353420,372752,1010800,128,132,141060,d128_20261005_193250
"ESP32-S3 N16R8 (QFN56 rev v0.2, 16MB flash, 8MB octal PSRAM)",240,Task-AE,128,622,95.652,490.751,0.056,0.001,490.80799999999994,586.4599999999999,8570099,8538068,8353420,372752,1010800,128,132,141060,d128_20261005_193250
"ESP32-S3 N16R8 (QFN56 rev v0.2, 16MB flash, 8MB octal PSRAM)",240,Task-AE,128,623,95.652,490.752,0.058,0.001,490.811,586.463,8570099,8538068,8353420,372752,1010800,128,132,141060,d128_20261005_193250
"ESP32-S3 N16R8 (QFN56 rev v0.2, 16MB flash, 8MB octal PSRAM)",240,Task-AE,128,624,95.652,490.751,0.056,0.001,490.80799999999994,586.4599999999999,8570099,8538068,8353420,372752,1010800,128,132,141060,d128_20261005_193250
"ESP32-S3 N16R8 (QFN56 rev v0.2, 16MB flash, 8MB octal PSRAM)",240,Task-AE,128,625,95.652,490.751,0.056,0.001,490.80799999999994,586.4599999999999,8570099,8538068,8353420,372752,1010800,128,132,141060,d128_20261005_193250
"ESP32-S3 N16R8 (QFN56 rev v0.2, 16MB flash, 8MB octal PSRAM)",240,Task-AE,128,626,95.652,490.752,0.058,0.001,490.811,586.463,8570099,8538068,8353420,372752,1010800,128,132,141060,d128_20261005_193250
"ESP32-S3 N16R8 (QFN56 rev v0.2, 16MB flash, 8MB octal PSRAM)",240,Task-AE,128,627,95.652,490.751,0.056,0.001,490.80799999999994,586.4599999999999,8570099,8538068,8353420,372752,1010800,128,132,141060,d128_20261005_193250
"ESP32-S3 N16R8 (QFN56 rev v0.2, 16MB flash, 8MB octal PSRAM)",240,Task-AE,128,628,95.652,490.751,0.056,0.001,490.80799999999994,586.4599999999999,8570099,8538068,8353420,372752,1010800,128,132,141060,d128_20261005_193250
"ESP32-S3 N16R8 (QFN56 rev v0.2, 16MB flash, 8MB octal PSRAM)",240,Task-AE,128,629,95.652,490.752,0.058,0.001,490.811,586.463,8570099,8538068,8353420,372752,1010800,128,132,141060,d128_20261005_193250
"ESP32-S3 N16R8 (QFN56 rev v0.2, 16MB flash, 8MB octal PSRAM)",240,Task-AE,128,630,95.652,490.751,0.056,0.001,490.80799999999994,586.4599999999999,8570099,8538068,8353420,372752,1010800,128,132,141060,d128_20261005_193250
"ESP32-S3 N16R8 (QFN56 rev v0.2, 16MB flash, 8MB octal PSRAM)",240,Task-AE,128,631,95.652,490.751,0.056,0.001,490.80799999999994,586.4599999999999,8570099,8538068,8353420,372752,1010800,128,132,141060,d128_20261005_193250
"ESP32-S3 N16R8 (QFN56 rev v0.2, 16MB flash, 8MB octal PSRAM)",240,Task-AE,128,632,95.652,490.752,0.058,0.001,490.811,586.463,8570099,8538068,8353420,372752,1010800,128,132,141060,d128_20261005_193250
"ESP32-S3 N16R8 (QFN56 rev v0.2, 16MB flash, 8MB octal PSRAM)",240,Task-AE,128,633,95.652,490.751,0.056,0.001,490.80799999999994,586.4599999999999,8570099,8538068,8353420,372752,1010800,128,132,141060,d128_20261005_193250
"ESP32-S3 N16R8 (QFN56 rev v0.2, 16MB flash, 8MB octal PSRAM)",240,Task-AE,128,634,95.652,490.751,0.056,0.001,490.80799999999994,586.4599999999999,8570099,8538068,8353420,372752,1010800,128,132,141060,d128_20261005_193250
"ESP32-S3 N16R8 (QFN56 rev v0.2, 16MB flash, 8MB octal PSRAM)",240,Task-AE,128,635,95.652,490.752,0.058,0.001,490.811,586.463,8570099,8538068,8353420,372752,1010800,128,132,141060,d128_20261005_193250
"ESP32-S3 N16R8 (QFN56 rev v0.2, 16MB flash, 8MB octal PSRAM)",240,Task-AE,128,636,95.652,490.751,0.056,0.001,490.80799999999994,586.4599999999999,8570099,8538068,8353420,372752,1010800,128,132,141060,d128_20261005_193250
"ESP32-S3 N16R8 (QFN56 rev v0.2, 16MB flash, 8MB octal PSRAM)",240,Task-AE,128,637,95.652,490.751,0.056,0.001,490.80799999999994,586.4599999999999,8570099,8538068,8353420,372752,1010800,128,132,141060,d128_20261005_193250
"ESP32-S3 N16R8 (QFN56 rev v0.2, 16MB flash, 8MB octal PSRAM)",240,Task-AE,128,638,95.652,490.752,0.058,0.001,490.811,586.463,8570099,8538068,8353420,372752,1010800,128,132,141060,d128_20261005_193250
"ESP32-S3 N16R8 (QFN56 rev v0.2, 16MB flash, 8MB octal PSRAM)",240,Task-AE,128,639,95.652,490.751,0.056,0.001,490.80799999999994,586.4599999999999,8570099,8538068,8353420,372752,1010800,128,132,141060,d128_20261005_193250
"ESP32-S3 N16R8 (QFN56 rev v0.2, 16MB flash, 8MB octal PSRAM)",240,Task-AE,128,640,95.652,490.751,0.056,0.001,490.80799999999994,586.4599999999999,8570099,8538068,8353420,372752,1010800,128,132,141060,d128_20261005_193250
"ESP32-S3 N16R8 (QFN56 rev v0.2, 16MB flash, 8MB octal PSRAM)",240,Task-AE,128,641,95.652,490.752,0.058,0.001,490.811,586.463,8570099,8538068,8353420,372752,1010800,128,132,141060,d128_20261005_193250
"ESP32-S3 N16R8 (QFN56 rev v0.2, 16MB flash, 8MB octal PSRAM)",240,Task-AE,128,642,95.652,490.751,0.056,0.001,490.80799999999994,586.4599999999999,8570099,8538068,8353420,372752,1010800,128,132,141060,d128_20261005_193250
"ESP32-S3 N16R8 (QFN56 rev v0.2, 16MB flash, 8MB octal PSRAM)",240,Task-AE,128,643,95.652,490.751,0.056,0.001,490.80799999999994,586.4599999999999,8570099,8538068,8353420,372752,1010800,128,132,141060,d128_20261005_193250
"ESP32-S3 N16R8 (QFN56 rev v0.2, 16MB flash, 8MB octal PSRAM)",240,Task-AE,128,644,95.652,490.752,0.058,0.001,490.811,586.463,8570099,8538068,8353420,372752,1010800,128,132,141060,d128_20261005_193250
"ESP32-S3 N16R8 (QFN56 rev v0.2, 16MB flash, 8MB octal PSRAM)",240,Task-AE,128,645,95.652,490.751,0.056,0.001,490.80799999999994,586.4599999999999,8570099,8538068,8353420,372752,1010800,128,132,141060,d128_20261005_193250
"ESP32-S3 N16R8 (QFN56 rev v0.2, 16MB flash, 8MB octal PSRAM)",240,Task-AE,128,646,95.652,490.751,0.056,0.001,490.80799999999994,586.4599999999999,8570099,8538068,8353420,372752,1010800,128,132,141060,d128_20261005_193250
"ESP32-S3 N16R8 (QFN56 rev v0.2, 16MB flash, 8MB octal PSRAM)",240,Task-AE,128,647,95.652,490.752,0.058,0.001,490.811,586.463,8570099,8538068,8353420,372752,1010800,128,132,141060,d128_20261005_193250
"ESP32-S3 N16R8 (QFN56 rev v0.2, 16MB flash, 8MB octal PSRAM)",240,Task-AE,128,648,95.652,490.751,0.056,0.001,490.80799999999994,586.4599999999999,8570099,8538068,8353420,372752,1010800,128,132,141060,d128_20261005_193250
"ESP32-S3 N16R8 (QFN56 rev v0.2, 16MB flash, 8MB octal PSRAM)",240,Task-AE,128,649,95.652,490.751,0.056,0.001,490.80799999999994,586.4599999999999,8570099,8538068,8353420,372752,1010800,128,132,141060,d128_20261005_193250
"ESP32-S3 N16R8 (QFN56 rev v0.2, 16MB flash, 8MB octal PSRAM)",240,Task-AE,128,650,95.652,490.752,0.058,0.001,490.811,586.463,8570099,8538068,8353420,372752,1010800,128,132,141060,d128_20261005_193250
"ESP32-S3 N16R8 (QFN56 rev v0.2, 16MB flash, 8MB octal PSRAM)",240,Task-AE,128,651,95.652,490.751,0.056,0.001,490.80799999999994,586.4599999999999,8570099,8538068,8353420,372752,1010800,128,132,141060,d128_20261005_193250
"ESP32-S3 N16R8 (QFN56 rev v0.2, 16MB flash, 8MB octal PSRAM)",240,Task-AE,128,652,95.652,490.751,0.056,0.001,490.80799999999994,586.4599999999999,8570099,8538068,8353420,372752,1010800,128,132,141060,d128_20261005_193250
"ESP32-S3 N16R8 (QFN56 rev v0.2, 16MB flash, 8MB octal PSRAM)",240,Task-AE,128,653,95.652,490.752,0.058,0.001,490.811,586.463,8570099,8538068,8353420,372752,1010800,128,132,141060,d128_20261005_193250
"ESP32-S3 N16R8 (QFN56 rev v0.2, 16MB flash, 8MB octal PSRAM)",240,Task-AE,128,654,95.652,490.751,0.056,0.001,490.80799999999994,586.4599999999999,8570099,8538068,8353420,372752,1010800,128,132,141060,d128_20261005_193250
"ESP32-S3 N16R8 (QFN56 rev v0.2, 16MB flash, 8MB octal PSRAM)",240,Task-AE,128,655,95.652,490.751,0.056,0.001,490.80799999999994,586.4599999999999,8570099,8538068,8353420,372752,1010800,128,132,141060,d128_20261005_193250
"ESP32-S3 N16R8 (QFN56 rev v0.2, 16MB flash, 8MB octal PSRAM)",240,Task-AE,128,656,95.652,490.752,0.058,0.001,490.811,586.463,8570099,8538068,8353420,372752,1010800,128,132,141060,d128_20261005_193250
"ESP32-S3 N16R8 (QFN56 rev v0.2, 16MB flash, 8MB octal PSRAM)",240,Task-AE,128,657,95.652,490.751,0.056,0.001,490.80799999999994,586.4599999999999,8570099,8538068,8353420,372752,1010800,128,132,141060,d128_20261005_193250
"ESP32-S3 N16R8 (QFN56 rev v0.2, 16MB flash, 8MB octal PSRAM)",240,Task-AE,128,658,95.652,490.751,0.056,0.001,490.80799999999994,586.4599999999999,8570099,8538068,8353420,372752,1010800,128,132,141060,d128_20261005_193250
"ESP32-S3 N16R8 (QFN56 rev v0.2, 16MB flash, 8MB octal PSRAM)",240,Task-AE,128,659,95.652,490.752,0.058,0.001,490.811,586.463,8570099,8538068,8353420,372752,1010800,128,132,141060,d128_20261005_193250
"ESP32-S3 N16R8 (QFN56 rev v0.2, 16MB flash, 8MB octal PSRAM)",240,Task-AE,128,660,95.652,490.751,0.056,0.001,490.80799999999994,586.4599999999999,8570099,8538068,8353420,372752,1010800,128,132,141060,d128_20261005_193250
"ESP32-S3 N16R8 (QFN56 rev v0.2, 16MB flash, 8MB octal PSRAM)",240,Task-AE,128,661,95.652,490.751,0.056,0.001,490.80799999999994,586.4599999999999,8570099,8538068,8353420,372752,1010800,128,132,141060,d128_20261005_193250
"ESP32-S3 N16R8 (QFN56 rev v0.2, 16MB flash, 8MB octal PSRAM)",240,Task-AE,128,662,95.652,490.752,0.058,0.001,490.811,586.463,8570099,8538068,8353420,372752,1010800,128,132,141060,d128_20261005_193250
"ESP32-S3 N16R8 (QFN56 rev v0.2, 16MB flash, 8MB octal PSRAM)",240,Task-AE,128,663,95.652,490.751,0.056,0.001,490.80799999999994,586.4599999999999,8570099,8538068,8353420,372752,1010800,128,132,141060,d128_20261005_193250
"ESP32-S3 N16R8 (QFN56 rev v0.2, 16MB flash, 8MB octal PSRAM)",240,Task-AE,128,664,95.652,490.751,0.056,0.001,490.80799999999994,586.4599999999999,8570099,8538068,8353420,372752,1010800,128,132,141060,d128_20261005_193250
"ESP32-S3 N16R8 (QFN56 rev v0.2, 16MB flash, 8MB octal PSRAM)",240,Task-AE,128,665,95.652,490.752,0.058,0.001,490.811,586.463,8570099,8538068,8353420,372752,1010800,128,132,141060,d128_20261005_193250
"ESP32-S3 N16R8 (QFN56 rev v0.2, 16MB flash, 8MB octal PSRAM)",240,Task-AE,128,666,95.652,490.751,0.056,0.001,490.80799999999994,586.4599999999999,8570099,8538068,8353420,372752,1010800,128,132,141060,d128_20261005_193250
"ESP32-S3 N16R8 (QFN56 rev v0.2, 16MB flash, 8MB octal PSRAM)",240,Task-AE,128,667,95.652,490.751,0.056,0.001,490.80799999999994,586.4599999999999,8570099,8538068,8353420,372752,1010800,128,132,141060,d128_20261005_193250
"ESP32-S3 N16R8 (QFN56 rev v0.2, 16MB flash, 8MB octal PSRAM)",240,Task-AE,128,668,95.652,490.752,0.058,0.001,490.811,586.463,8570099,8538068,8353420,372752,1010800,128,132,141060,d128_20261005_193250
"ESP32-S3 N16R8 (QFN56 rev v0.2, 16MB flash, 8MB octal PSRAM)",240,Task-AE,128,669,95.652,490.751,0.056,0.001,490.80799999999994,586.4599999999999,8570099,8538068,8353420,372752,1010800,128,132,141060,d128_20261005_193250
"ESP32-S3 N16R8 (QFN56 rev v0.2, 16MB flash, 8MB octal PSRAM)",240,Task-AE,128,670,95.652,490.751,0.056,0.001,490.80799999999994,586.4599999999999,8570099,8538068,8353420,372752,1010800,128,132,141060,d128_20261005_193250
"ESP32-S3 N16R8 (QFN56 rev v0.2, 16MB flash, 8MB octal PSRAM)",240,Task-AE,128,671,95.652,490.752,0.058,0.001,490.811,586.463,8570099,8538068,8353420,372752,1010800,128,132,141060,d128_20261005_193250
"ESP32-S3 N16R8 (QFN56 rev v0.2, 16MB flash, 8MB octal PSRAM)",240,Task-AE,128,672,95.652,490.751,0.056,0.001,490.80799999999994,586.4599999999999,8570099,8538068,8353420,372752,1010800,128,132,141060,d128_20261005_193250
"ESP32-S3 N16R8 (QFN56 rev v0.2, 16MB flash, 8MB octal PSRAM)",240,Task-AE,128,673,95.652,490.751,0.056,0.001,490.80799999999994,586.4599999999999,8570099,8538068,8353420,372752,1010800,128,132,141060,d128_20261005_193250
"ESP32-S3 N16R8 (QFN56 rev v0.2, 16MB flash, 8MB octal PSRAM)",240,Task-AE,128,674,95.652,490.752,0.058,0.001,490.811,586.463,8570099,8538068,8353420,372752,1010800,128,132,141060,d128_20261005_193250
"ESP32-S3 N16R8 (QFN56 rev v0.2, 16MB flash, 8MB octal PSRAM)",240,Task-AE,128,675,95.652,490.751,0.056,0.001,490.80799999999994,586.4599999999999,8570099,8538068,8353420,372752,1010800,128,132,141060,d128_20261005_193250
"ESP32-S3 N16R8 (QFN56 rev v0.2, 16MB flash, 8MB octal PSRAM)",240,Task-AE,128,676,95.652,490.751,0.056,0.001,490.80799999999994,586.4599999999999,8570099,8538068,8353420,372752,1010800,128,132,141060,d128_20261005_193250
"ESP32-S3 N16R8 (QFN56 rev v0.2, 16MB flash, 8MB octal PSRAM)",240,Task-AE,128,677,95.652,490.752,0.058,0.001,490.811,586.463,8570099,8538068,8353420,372752,1010800,128,132,141060,d128_20261005_193250
"ESP32-S3 N16R8 (QFN56 rev v0.2, 16MB flash, 8MB octal PSRAM)",240,Task-AE,128,678,95.652,490.751,0.056,0.001,490.80799999999994,586.4599999999999,8570099,8538068,8353420,372752,1010800,128,132,141060,d128_20261005_193250
"ESP32-S3 N16R8 (QFN56 rev v0.2, 16MB flash, 8MB octal PSRAM)",240,Task-AE,128,679,95.652,490.751,0.056,0.001,490.80799999999994,586.4599999999999,8570099,8538068,8353420,372752,1010800,128,132,141060,d128_20261005_193250
"ESP32-S3 N16R8 (QFN56 rev v0.2, 16MB flash, 8MB octal PSRAM)",240,Task-AE,128,680,95.652,490.752,0.058,0.001,490.811,586.463,8570099,8538068,8353420,372752,1010800,128,132,141060,d128_20261005_193250
"ESP32-S3 N16R8 (QFN56 rev v0.2, 16MB flash, 8MB octal PSRAM)",240,Task-AE,128,681,95.652,490.751,0.056,0.001,490.80799999999994,586.4599999999999,8570099,8538068,8353420,372752,1010800,128,132,141060,d128_20261005_193250
"ESP32-S3 N16R8 (QFN56 rev v0.2, 16MB flash, 8MB octal PSRAM)",240,Task-AE,128,682,95.652,490.751,0.056,0.001,490.80799999999994,586.4599999999999,8570099,8538068,8353420,372752,1010800,128,132,141060,d128_20261005_193250
"ESP32-S3 N16R8 (QFN56 rev v0.2, 16MB flash, 8MB octal PSRAM)",240,Task-AE,128,683,95.652,490.752,0.058,0.001,490.811,586.463,8570099,8538068,8353420,372752,1010800,128,132,141060,d128_20261005_193250
"ESP32-S3 N16R8 (QFN56 rev v0.2, 16MB flash, 8MB octal PSRAM)",240,Task-AE,128,684,95.652,490.751,0.056,0.001,490.80799999999994,586.4599999999999,8570099,8538068,8353420,372752,1010800,128,132,141060,d128_20261005_193250
"ESP32-S3 N16R8 (QFN56 rev v0.2, 16MB flash, 8MB octal PSRAM)",240,Task-AE,128,685,95.652,490.751,0.056,0.001,490.80799999999994,586.4599999999999,8570099,8538068,8353420,372752,1010800,128,132,141060,d128_20261005_193250
"ESP32-S3 N16R8 (QFN56 rev v0.2, 16MB flash, 8MB octal PSRAM)",240,Task-AE,128,686,95.652,490.752,0.058,0.001,490.811,586.463,8570099,8538068,8353420,372752,1010800,128,132,141060,d128_20261005_193250
"ESP32-S3 N16R8 (QFN56 rev v0.2, 16MB flash, 8MB octal PSRAM)",240,Task-AE,128,687,95.652,490.751,0.056,0.001,490.80799999999994,586.4599999999999,8570099,8538068,8353420,372752,1010800,128,132,141060,d128_20261005_193250
"ESP32-S3 N16R8 (QFN56 rev v0.2, 16MB flash, 8MB octal PSRAM)",240,Task-AE,128,688,95.652,490.751,0.056,0.001,490.80799999999994,586.4599999999999,8570099,8538068,8353420,372752,1010800,128,132,141060,d128_20261005_193250
"ESP32-S3 N16R8 (QFN56 rev v0.2, 16MB flash, 8MB octal PSRAM)",240,Task-AE,128,689,95.652,490.752,0.058,0.001,490.811,586.463,8570099,8538068,8353420,372752,1010800,128,132,141060,d128_20261005_193250
"ESP32-S3 N16R8 (QFN56 rev v0.2, 16MB flash, 8MB octal PSRAM)",240,Task-AE,128,690,95.652,490.751,0.056,0.001,490.80799999999994,586.4599999999999,8570099,8538068,8353420,372752,1010800,128,132,141060,d128_20261005_193250
"ESP32-S3 N16R8 (QFN56 rev v0.2, 16MB flash, 8MB octal PSRAM)",240,Task-AE,128,691,95.652,490.751,0.056,0.001,490.80799999999994,586.4599999999999,8570099,8538068,8353420,372752,1010800,128,132,141060,d128_20261005_193250
"ESP32-S3 N16R8 (QFN56 rev v0.2, 16MB flash, 8MB octal PSRAM)",240,Task-AE,128,692,95.652,490.752,0.058,0.001,490.811,586.463,8570099,8538068,8353420,372752,1010800,128,132,141060,d128_20261005_193250
"ESP32-S3 N16R8 (QFN56 rev v0.2, 16MB flash, 8MB octal PSRAM)",240,Task-AE,128,693,95.652,490.751,0.056,0.001,490.80799999999994,586.4599999999999,8570099,8538068,8353420,372752,1010800,128,132,141060,d128_20261005_193250
"ESP32-S3 N16R8 (QFN56 rev v0.2, 16MB flash, 8MB octal PSRAM)",240,Task-AE,128,694,95.652,490.751,0.056,0.001,490.80799999999994,586.4599999999999,8570099,8538068,8353420,372752,1010800,128,132,141060,d128_20261005_193250
"ESP32-S3 N16R8 (QFN56 rev v0.2, 16MB flash, 8MB octal PSRAM)",240,Task-AE,128,695,95.652,490.752,0.058,0.001,490.811,586.463,8570099,8538068,8353420,372752,1010800,128,132,141060,d128_20261005_193250
"ESP32-S3 N16R8 (QFN56 rev v0.2, 16MB flash, 8MB octal PSRAM)",240,Task-AE,128,696,95.652,490.751,0.056,0.001,490.80799999999994,586.4599999999999,8570099,8538068,8353420,372752,1010800,128,132,141060,d128_20261005_193250
"ESP32-S3 N16R8 (QFN56 rev v0.2, 16MB flash, 8MB octal PSRAM)",240,Task-AE,128,697,95.652,490.751,0.056,0.001,490.80799999999994,586.4599999999999,8570099,8538068,8353420,372752,1010800,128,132,141060,d128_20261005_193250
"ESP32-S3 N16R8 (QFN56 rev v0.2, 16MB flash, 8MB octal PSRAM)",240,Task-AE,128,698,95.652,490.752,0.058,0.001,490.811,586.463,8570099,8538068,8353420,372752,1010800,128,132,141060,d128_20261005_193250
"ESP32-S3 N16R8 (QFN56 rev v0.2, 16MB flash, 8MB octal PSRAM)",240,Task-AE,128,699,95.652,490.751,0.056,0.001,490.80799999999994,586.4599999999999,8570099,8538068,8353420,372752,1010800,128,132,141060,d128_20261005_193250
"ESP32-S3 N16R8 (QFN56 rev v0.2, 16MB flash, 8MB octal PSRAM)",240,Task-AE,128,700,95.652,490.751,0.056,0.001,490.80799999999994,586.4599999999999,8570099,8538068,8353420,372752,1010800,128,132,141060,d128_20261005_193250
"ESP32-S3 N16R8 (QFN56 rev v0.2, 16MB flash, 8MB octal PSRAM)",240,Task-AE,128,701,95.652,490.752,0.058,0.001,490.811,586.463,8570099,8538068,8353420,372752,1010800,128,132,141060,d128_20261005_193250
"ESP32-S3 N16R8 (QFN56 rev v0.2, 16MB flash, 8MB octal PSRAM)",240,Task-AE,128,702,95.652,490.751,0.056,0.001,490.80799999999994,586.4599999999999,8570099,8538068,8353420,372752,1010800,128,132,141060,d128_20261005_193250
"ESP32-S3 N16R8 (QFN56 rev v0.2, 16MB flash, 8MB octal PSRAM)",240,Task-AE,128,703,95.652,490.751,0.056,0.001,490.80799999999994,586.4599999999999,8570099,8538068,8353420,372752,1010800,128,132,141060,d128_20261005_193250
"ESP32-S3 N16R8 (QFN56 rev v0.2, 16MB flash, 8MB octal PSRAM)",240,Task-AE,128,704,95.652,490.752,0.058,0.001,490.811,586.463,8570099,8538068,8353420,372752,1010800,128,132,141060,d128_20261005_193250
"ESP32-S3 N16R8 (QFN56 rev v0.2, 16MB flash, 8MB octal PSRAM)",240,Task-AE,128,705,95.652,490.751,0.056,0.001,490.80799999999994,586.4599999999999,8570099,8538068,8353420,372752,1010800,128,132,141060,d128_20261005_193250
"ESP32-S3 N16R8 (QFN56 rev v0.2, 16MB flash, 8MB octal PSRAM)",240,Task-AE,128,706,95.652,490.751,0.056,0.001,490.80799999999994,586.4599999999999,8570099,8538068,8353420,372752,1010800,128,132,141060,d128_20261005_193250
"ESP32-S3 N16R8 (QFN56 rev v0.2, 16MB flash, 8MB octal PSRAM)",240,Task-AE,128,707,95.652,490.752,0.058,0.001,490.811,586.463,8570099,8538068,8353420,372752,1010800,128,132,141060,d128_20261005_193250
"ESP32-S3 N16R8 (QFN56 rev v0.2, 16MB flash, 8MB octal PSRAM)",240,Task-AE,128,708,95.652,490.751,0.056,0.001,490.80799999999994,586.4599999999999,8570099,8538068,8353420,372752,1010800,128,132,141060,d128_20261005_193250
"ESP32-S3 N16R8 (QFN56 rev v0.2, 16MB flash, 8MB octal PSRAM)",240,Task-AE,128,709,95.652,490.751,0.056,0.001,490.80799999999994,586.4599999999999,8570099,8538068,8353420,372752,1010800,128,132,141060,d128_20261005_193250
"ESP32-S3 N16R8 (QFN56 rev v0.2, 16MB flash, 8MB octal PSRAM)",240,Task-AE,128,710,95.652,490.752,0.058,0.001,490.811,586.463,8570099,8538068,8353420,372752,1010800,128,132,141060,d128_20261005_193250
"ESP32-S3 N16R8 (QFN56 rev v0.2, 16MB flash, 8MB octal PSRAM)",240,Task-AE,128,711,95.652,490.751,0.056,0.001,490.80799999999994,586.4599999999999,8570099,8538068,8353420,372752,1010800,128,132,141060,d128_20261005_193250
"ESP32-S3 N16R8 (QFN56 rev v0.2, 16MB flash, 8MB octal PSRAM)",240,Task-AE,128,712,95.652,490.751,0.056,0.001,490.80799999999994,586.4599999999999,8570099,8538068,8353420,372752,1010800,128,132,141060,d128_20261005_193250
"ESP32-S3 N16R8 (QFN56 rev v0.2, 16MB flash, 8MB octal PSRAM)",240,Task-AE,128,713,95.652,490.752,0.058,0.001,490.811,586.463,8570099,8538068,8353420,372752,1010800,128,132,141060,d128_20261005_193250
"ESP32-S3 N16R8 (QFN56 rev v0.2, 16MB flash, 8MB octal PSRAM)",240,Task-AE,128,714,95.652,490.751,0.056,0.001,490.80799999999994,586.4599999999999,8570099,8538068,8353420,372752,1010800,128,132,141060,d128_20261005_193250
"ESP32-S3 N16R8 (QFN56 rev v0.2, 16MB flash, 8MB octal PSRAM)",240,Task-AE,128,715,95.652,490.751,0.056,0.001,490.80799999999994,586.4599999999999,8570099,8538068,8353420,372752,1010800,128,132,141060,d128_20261005_193250
"ESP32-S3 N16R8 (QFN56 rev v0.2, 16MB flash, 8MB octal PSRAM)",240,Task-AE,128,716,95.652,490.752,0.058,0.001,490.811,586.463,8570099,8538068,8353420,372752,1010800,128,132,141060,d128_20261005_193250
"ESP32-S3 N16R8 (QFN56 rev v0.2, 16MB flash, 8MB octal PSRAM)",240,Task-AE,128,717,95.652,490.751,0.056,0.001,490.80799999999994,586.4599999999999,8570099,8538068,8353420,372752,1010800,128,132,141060,d128_20261005_193250
"ESP32-S3 N16R8 (QFN56 rev v0.2, 16MB flash, 8MB octal PSRAM)",240,Task-AE,128,718,95.652,490.751,0.056,0.001,490.80799999999994,586.4599999999999,8570099,8538068,8353420,372752,1010800,128,132,141060,d128_20261005_193250
"ESP32-S3 N16R8 (QFN56 rev v0.2, 16MB flash, 8MB octal PSRAM)",240,Task-AE,128,719,95.652,490.752,0.058,0.001,490.811,586.463,8570099,8538068,8353420,372752,1010800,128,132,141060,d128_20261005_193250
"ESP32-S3 N16R8 (QFN56 rev v0.2, 16MB flash, 8MB octal PSRAM)",240,Task-AE,128,720,95.652,490.751,0.056,0.001,490.80799999999994,586.4599999999999,8570099,8538068,8353420,372752,1010800,128,132,141060,d128_20261005_193250
"ESP32-S3 N16R8 (QFN56 rev v0.2, 16MB flash, 8MB octal PSRAM)",240,Task-AE,128,721,95.652,490.751,0.056,0.001,490.80799999999994,586.4599999999999,8570099,8538068,8353420,372752,1010800,128,132,141060,d128_20261005_193250
"ESP32-S3 N16R8 (QFN56 rev v0.2, 16MB flash, 8MB octal PSRAM)",240,Task-AE,128,722,95.652,490.752,0.058,0.001,490.811,586.463,8570099,8538068,8353420,372752,1010800,128,132,141060,d128_20261005_193250
"ESP32-S3 N16R8 (QFN56 rev v0.2, 16MB flash, 8MB octal PSRAM)",240,Task-AE,128,723,95.652,490.751,0.056,0.001,490.80799999999994,586.4599999999999,8570099,8538068,8353420,372752,1010800,128,132,141060,d128_20261005_193250
"ESP32-S3 N16R8 (QFN56 rev v0.2, 16MB flash, 8MB octal PSRAM)",240,Task-AE,128,724,95.652,490.751,0.056,0.001,490.80799999999994,586.4599999999999,8570099,8538068,8353420,372752,1010800,128,132,141060,d128_20261005_193250
"ESP32-S3 N16R8 (QFN56 rev v0.2, 16MB flash, 8MB octal PSRAM)",240,Task-AE,128,725,95.652,490.752,0.058,0.001,490.811,586.463,8570099,8538068,8353420,372752,1010800,128,132,141060,d128_20261005_193250
"ESP32-S3 N16R8 (QFN56 rev v0.2, 16MB flash, 8MB octal PSRAM)",240,Task-AE,128,726,95.652,490.751,0.056,0.001,490.80799999999994,586.4599999999999,8570099,8538068,8353420,372752,1010800,128,132,141060,d128_20261005_193250
"ESP32-S3 N16R8 (QFN56 rev v0.2, 16MB flash, 8MB octal PSRAM)",240,Task-AE,128,727,95.652,490.751,0.056,0.001,490.80799999999994,586.4599999999999,8570099,8538068,8353420,372752,1010800,128,132,141060,d128_20261005_193250
"ESP32-S3 N16R8 (QFN56 rev v0.2, 16MB flash, 8MB octal PSRAM)",240,Task-AE,128,728,95.652,490.752,0.058,0.001,490.811,586.463,8570099,8538068,8353420,372752,1010800,128,132,141060,d128_20261005_193250
"ESP32-S3 N16R8 (QFN56 rev v0.2, 16MB flash, 8MB octal PSRAM)",240,Task-AE,128,729,95.652,490.751,0.056,0.001,490.80799999999994,586.4599999999999,8570099,8538068,8353420,372752,1010800,128,132,141060,d128_20261005_193250
"ESP32-S3 N16R8 (QFN56 rev v0.2, 16MB flash, 8MB octal PSRAM)",240,Task-AE,128,730,95.652,490.751,0.056,0.001,490.80799999999994,586.4599999999999,8570099,8538068,8353420,372752,1010800,128,132,141060,d128_20261005_193250
"ESP32-S3 N16R8 (QFN56 rev v0.2, 16MB flash, 8MB octal PSRAM)",240,Task-AE,128,731,95.652,490.752,0.058,0.001,490.811,586.463,8570099,8538068,8353420,372752,1010800,128,132,141060,d128_20261005_193250
"ESP32-S3 N16R8 (QFN56 rev v0.2, 16MB flash, 8MB octal PSRAM)",240,Task-AE,128,732,95.652,490.751,0.056,0.001,490.80799999999994,586.4599999999999,8570099,8538068,8353420,372752,1010800,128,132,141060,d128_20261005_193250
"ESP32-S3 N16R8 (QFN56 rev v0.2, 16MB flash, 8MB octal PSRAM)",240,Task-AE,128,733,95.652,490.751,0.056,0.001,490.80799999999994,586.4599999999999,8570099,8538068,8353420,372752,1010800,128,132,141060,d128_20261005_193250
"ESP32-S3 N16R8 (QFN56 rev v0.2, 16MB flash, 8MB octal PSRAM)",240,Task-AE,128,734,95.652,490.752,0.058,0.001,490.811,586.463,8570099,8538068,8353420,372752,1010800,128,132,141060,d128_20261005_193250
"ESP32-S3 N16R8 (QFN56 rev v0.2, 16MB flash, 8MB octal PSRAM)",240,Task-AE,128,735,95.652,490.751,0.056,0.001,490.80799999999994,586.4599999999999,8570099,8538068,8353420,372752,1010800,128,132,141060,d128_20261005_193250
"ESP32-S3 N16R8 (QFN56 rev v0.2, 16MB flash, 8MB octal PSRAM)",240,Task-AE,128,736,95.652,490.751,0.056,0.001,490.80799999999994,586.4599999999999,8570099,8538068,8353420,372752,1010800,128,132,141060,d128_20261005_193250
"ESP32-S3 N16R8 (QFN56 rev v0.2, 16MB flash, 8MB octal PSRAM)",240,Task-AE,128,737,95.652,490.752,0.058,0.001,490.811,586.463,8570099,8538068,8353420,372752,1010800,128,132,141060,d128_20261005_193250
"ESP32-S3 N16R8 (QFN56 rev v0.2, 16MB flash, 8MB octal PSRAM)",240,Task-AE,128,738,95.652,490.751,0.056,0.001,490.80799999999994,586.4599999999999,8570099,8538068,8353420,372752,1010800,128,132,141060,d128_20261005_193250
"ESP32-S3 N16R8 (QFN56 rev v0.2, 16MB flash, 8MB octal PSRAM)",240,Task-AE,128,739,95.652,490.751,0.056,0.001,490.80799999999994,586.4599999999999,8570099,8538068,8353420,372752,1010800,128,132,141060,d128_20261005_193250
"ESP32-S3 N16R8 (QFN56 rev v0.2, 16MB flash, 8MB octal PSRAM)",240,Task-AE,128,740,95.652,490.752,0.058,0.001,490.811,586.463,8570099,8538068,8353420,372752,1010800,128,132,141060,d128_20261005_193250
"ESP32-S3 N16R8 (QFN56 rev v0.2, 16MB flash, 8MB octal PSRAM)",240,Task-AE,128,741,95.652,490.751,0.056,0.001,490.80799999999994,586.4599999999999,8570099,8538068,8353420,372752,1010800,128,132,141060,d128_20261005_193250
"ESP32-S3 N16R8 (QFN56 rev v0.2, 16MB flash, 8MB octal PSRAM)",240,Task-AE,128,742,95.652,490.751,0.056,0.001,490.80799999999994,586.4599999999999,8570099,8538068,8353420,372752,1010800,128,132,141060,d128_20261005_193250
"ESP32-S3 N16R8 (QFN56 rev v0.2, 16MB flash, 8MB octal PSRAM)",240,Task-AE,128,743,95.652,490.752,0.058,0.001,490.811,586.463,8570099,8538068,8353420,372752,1010800,128,132,141060,d128_20261005_193250
"ESP32-S3 N16R8 (QFN56 rev v0.2, 16MB flash, 8MB octal PSRAM)",240,Task-AE,128,744,95.652,490.751,0.056,0.001,490.80799999999994,586.4599999999999,8570099,8538068,8353420,372752,1010800,128,132,141060,d128_20261005_193250
"ESP32-S3 N16R8 (QFN56 rev v0.2, 16MB flash, 8MB octal PSRAM)",240,Task-AE,128,745,95.652,490.751,0.056,0.001,490.80799999999994,586.4599999999999,8570099,8538068,8353420,372752,1010800,128,132,141060,d128_20261005_193250
"ESP32-S3 N16R8 (QFN56 rev v0.2, 16MB flash, 8MB octal PSRAM)",240,Task-AE,128,746,95.652,490.752,0.058,0.001,490.811,586.463,8570099,8538068,8353420,372752,1010800,128,132,141060,d128_20261005_193250
"ESP32-S3 N16R8 (QFN56 rev v0.2, 16MB flash, 8MB octal PSRAM)",240,Task-AE,128,747,95.652,490.751,0.056,0.001,490.80799999999994,586.4599999999999,8570099,8538068,8353420,372752,1010800,128,132,141060,d128_20261005_193250
"ESP32-S3 N16R8 (QFN56 rev v0.2, 16MB flash, 8MB octal PSRAM)",240,Task-AE,128,748,95.652,490.751,0.056,0.001,490.80799999999994,586.4599999999999,8570099,8538068,8353420,372752,1010800,128,132,141060,d128_20261005_193250
"ESP32-S3 N16R8 (QFN56 rev v0.2, 16MB flash, 8MB octal PSRAM)",240,Task-AE,128,749,95.652,490.752,0.058,0.001,490.811,586.463,8570099,8538068,8353420,372752,1010800,128,132,141060,d128_20261005_193250
"ESP32-S3 N16R8 (QFN56 rev v0.2, 16MB flash, 8MB octal PSRAM)",240,Task-AE,128,750,95.652,490.751,0.056,0.001,490.80799999999994,586.4599999999999,8570099,8538068,8353420,372752,1010800,128,132,141060,d128_20261005_193250
"ESP32-S3 N16R8 (QFN56 rev v0.2, 16MB flash, 8MB octal PSRAM)",240,Task-AE,128,751,95.652,490.751,0.056,0.001,490.80799999999994,586.4599999999999,8570099,8538068,8353420,372752,1010800,128,132,141060,d128_20261005_193250
"ESP32-S3 N16R8 (QFN56 rev v0.2, 16MB flash, 8MB octal PSRAM)",240,Task-AE,128,752,95.652,490.752,0.058,0.001,490.811,586.463,8570099,8538068,8353420,372752,1010800,128,132,141060,d128_20261005_193250
"ESP32-S3 N16R8 (QFN56 rev v0.2, 16MB flash, 8MB octal PSRAM)",240,Task-AE,128,753,95.652,490.751,0.056,0.001,490.80799999999994,586.4599999999999,8570099,8538068,8353420,372752,1010800,128,132,141060,d128_20261005_193250
"ESP32-S3 N16R8 (QFN56 rev v0.2, 16MB flash, 8MB octal PSRAM)",240,Task-AE,128,754,95.652,490.751,0.056,0.001,490.80799999999994,586.4599999999999,8570099,8538068,8353420,372752,1010800,128,132,141060,d128_20261005_193250
"ESP32-S3 N16R8 (QFN56 rev v0.2, 16MB flash, 8MB octal PSRAM)",240,Task-AE,128,755,95.652,490.752,0.058,0.001,490.811,586.463,8570099,8538068,8353420,372752,1010800,128,132,141060,d128_20261005_193250
"ESP32-S3 N16R8 (QFN56 rev v0.2, 16MB flash, 8MB octal PSRAM)",240,Task-AE,128,756,95.652,490.751,0.056,0.001,490.80799999999994,586.4599999999999,8570099,8538068,8353420,372752,1010800,128,132,141060,d128_20261005_193250
"ESP32-S3 N16R8 (QFN56 rev v0.2, 16MB flash, 8MB octal PSRAM)",240,Task-AE,128,757,95.652,490.751,0.056,0.001,490.80799999999994,586.4599999999999,8570099,8538068,8353420,372752,1010800,128,132,141060,d128_20261005_193250
"ESP32-S3 N16R8 (QFN56 rev v0.2, 16MB flash, 8MB octal PSRAM)",240,Task-AE,128,758,95.652,490.752,0.058,0.001,490.811,586.463,8570099,8538068,8353420,372752,1010800,128,132,141060,d128_20261005_193250
"ESP32-S3 N16R8 (QFN56 rev v0.2, 16MB flash, 8MB octal PSRAM)",240,Task-AE,128,759,95.652,490.751,0.056,0.001,490.80799999999994,586.4599999999999,8570099,8538068,8353420,372752,1010800,128,132,141060,d128_20261005_193250
"ESP32-S3 N16R8 (QFN56 rev v0.2, 16MB flash, 8MB octal PSRAM)",240,Task-AE,128,760,95.652,490.751,0.056,0.001,490.80799999999994,586.4599999999999,8570099,8538068,8353420,372752,1010800,128,132,141060,d128_20261005_193250
"ESP32-S3 N16R8 (QFN56 rev v0.2, 16MB flash, 8MB octal PSRAM)",240,Task-AE,128,761,95.652,490.752,0.058,0.001,490.811,586.463,8570099,8538068,8353420,372752,1010800,128,132,141060,d128_20261005_193250
"ESP32-S3 N16R8 (QFN56 rev v0.2, 16MB flash, 8MB octal PSRAM)",240,Task-AE,128,762,95.652,490.751,0.056,0.001,490.80799999999994,586.4599999999999,8570099,8538068,8353420,372752,1010800,128,132,141060,d128_20261005_193250
"ESP32-S3 N16R8 (QFN56 rev v0.2, 16MB flash, 8MB octal PSRAM)",240,Task-AE,128,763,95.652,490.751,0.056,0.001,490.80799999999994,586.4599999999999,8570099,8538068,8353420,372752,1010800,128,132,141060,d128_20261005_193250
"ESP32-S3 N16R8 (QFN56 rev v0.2, 16MB flash, 8MB octal PSRAM)",240,Task-AE,128,764,95.652,490.752,0.058,0.001,490.811,586.463,8570099,8538068,8353420,372752,1010800,128,132,141060,d128_20261005_193250
"ESP32-S3 N16R8 (QFN56 rev v0.2, 16MB flash, 8MB octal PSRAM)",240,Task-AE,128,765,95.652,490.751,0.056,0.001,490.80799999999994,586.4599999999999,8570099,8538068,8353420,372752,1010800,128,132,141060,d128_20261005_193250
"ESP32-S3 N16R8 (QFN56 rev v0.2, 16MB flash, 8MB octal PSRAM)",240,Task-AE,128,766,95.652,490.751,0.056,0.001,490.80799999999994,586.4599999999999,8570099,8538068,8353420,372752,1010800,128,132,141060,d128_20261005_193250
"ESP32-S3 N16R8 (QFN56 rev v0.2, 16MB flash, 8MB octal PSRAM)",240,Task-AE,128,767,95.652,490.752,0.058,0.001,490.811,586.463,8570099,8538068,8353420,372752,1010800,128,132,141060,d128_20261005_193250
"ESP32-S3 N16R8 (QFN56 rev v0.2, 16MB flash, 8MB octal PSRAM)",240,Task-AE,128,768,95.652,490.751,0.056,0.001,490.80799999999994,586.4599999999999,8570099,8538068,8353420,372752,1010800,128,132,141060,d128_20261005_193250
"ESP32-S3 N16R8 (QFN56 rev v0.2, 16MB flash, 8MB octal PSRAM)",240,Task-AE,128,769,95.652,490.751,0.056,0.001,490.80799999999994,586.4599999999999,8570099,8538068,8353420,372752,1010800,128,132,141060,d128_20261005_193250
"ESP32-S3 N16R8 (QFN56 rev v0.2, 16MB flash, 8MB octal PSRAM)",240,Task-AE,128,770,95.652,490.752,0.058,0.001,490.811,586.463,8570099,8538068,8353420,372752,1010800,128,132,141060,d128_20261005_193250
"ESP32-S3 N16R8 (QFN56 rev v0.2, 16MB flash, 8MB octal PSRAM)",240,Task-AE,128,771,95.652,490.751,0.056,0.001,490.80799999999994,586.4599999999999,8570099,8538068,8353420,372752,1010800,128,132,141060,d128_20261005_193250
"ESP32-S3 N16R8 (QFN56 rev v0.2, 16MB flash, 8MB octal PSRAM)",240,Task-AE,128,772,95.652,490.751,0.056,0.001,490.80799999999994,586.4599999999999,8570099,8538068,8353420,372752,1010800,128,132,141060,d128_20261005_193250
"ESP32-S3 N16R8 (QFN56 rev v0.2, 16MB flash, 8MB octal PSRAM)",240,Task-AE,128,773,95.652,490.752,0.058,0.001,490.811,586.463,8570099,8538068,8353420,372752,1010800,128,132,141060,d128_20261005_193250
"ESP32-S3 N16R8 (QFN56 rev v0.2, 16MB flash, 8MB octal PSRAM)",240,Task-AE,128,774,95.652,490.751,0.056,0.001,490.80799999999994,586.4599999999999,8570099,8538068,8353420,372752,1010800,128,132,141060,d128_20261005_193250
"ESP32-S3 N16R8 (QFN56 rev v0.2, 16MB flash, 8MB octal PSRAM)",240,Task-AE,128,775,95.652,490.751,0.056,0.001,490.80799999999994,586.4599999999999,8570099,8538068,8353420,372752,1010800,128,132,141060,d128_20261005_193250
"ESP32-S3 N16R8 (QFN56 rev v0.2, 16MB flash, 8MB octal PSRAM)",240,Task-AE,128,776,95.652,490.752,0.058,0.001,490.811,586.463,8570099,8538068,8353420,372752,1010800,128,132,141060,d128_20261005_193250
"ESP32-S3 N16R8 (QFN56 rev v0.2, 16MB flash, 8MB octal PSRAM)",240,Task-AE,128,777,95.652,490.751,0.056,0.001,490.80799999999994,586.4599999999999,8570099,8538068,8353420,372752,1010800,128,132,141060,d128_20261005_193250
"ESP32-S3 N16R8 (QFN56 rev v0.2, 16MB flash, 8MB octal PSRAM)",240,Task-AE,128,778,95.652,490.751,0.056,0.001,490.80799999999994,586.4599999999999,8570099,8538068,8353420,372752,1010800,128,132,141060,d128_20261005_193250
"ESP32-S3 N16R8 (QFN56 rev v0.2, 16MB flash, 8MB octal PSRAM)",240,Task-AE,128,779,95.652,490.752,0.058,0.001,490.811,586.463,8570099,8538068,8353420,372752,1010800,128,132,141060,d128_20261005_193250
"ESP32-S3 N16R8 (QFN56 rev v0.2, 16MB flash, 8MB octal PSRAM)",240,Task-AE,128,780,95.652,490.751,0.056,0.001,490.80799999999994,586.4599999999999,8570099,8538068,8353420,372752,1010800,128,132,141060,d128_20261005_193250
"ESP32-S3 N16R8 (QFN56 rev v0.2, 16MB flash, 8MB octal PSRAM)",240,Task-AE,128,781,95.652,490.751,0.056,0.001,490.80799999999994,586.4599999999999,8570099,8538068,8353420,372752,1010800,128,132,141060,d128_20261005_193250
"ESP32-S3 N16R8 (QFN56 rev v0.2, 16MB flash, 8MB octal PSRAM)",240,Task-AE,128,782,95.652,490.752,0.058,0.001,490.811,586.463,8570099,8538068,8353420,372752,1010800,128,132,141060,d128_20261005_193250
"ESP32-S3 N16R8 (QFN56 rev v0.2, 16MB flash, 8MB octal PSRAM)",240,Task-AE,128,783,95.652,490.751,0.056,0.001,490.80799999999994,586.4599999999999,8570099,8538068,8353420,372752,1010800,128,132,141060,d128_20261005_193250
"ESP32-S3 N16R8 (QFN56 rev v0.2, 16MB flash, 8MB octal PSRAM)",240,Task-AE,128,784,95.652,490.751,0.056,0.001,490.80799999999994,586.4599999999999,8570099,8538068,8353420,372752,1010800,128,132,141060,d128_20261005_193250
"ESP32-S3 N16R8 (QFN56 rev v0.2, 16MB flash, 8MB octal PSRAM)",240,Task-AE,128,785,95.652,490.752,0.058,0.001,490.811,586.463,8570099,8538068,8353420,372752,1010800,128,132,141060,d128_20261005_193250
"ESP32-S3 N16R8 (QFN56 rev v0.2, 16MB flash, 8MB octal PSRAM)",240,Task-AE,128,786,95.652,490.751,0.056,0.001,490.80799999999994,586.4599999999999,8570099,8538068,8353420,372752,1010800,128,132,141060,d128_20261005_193250
"ESP32-S3 N16R8 (QFN56 rev v0.2, 16MB flash, 8MB octal PSRAM)",240,Task-AE,128,787,95.652,490.751,0.056,0.001,490.80799999999994,586.4599999999999,8570099,8538068,8353420,372752,1010800,128,132,141060,d128_20261005_193250
"ESP32-S3 N16R8 (QFN56 rev v0.2, 16MB flash, 8MB octal PSRAM)",240,Task-AE,128,788,95.652,490.752,0.058,0.001,490.811,586.463,8570099,8538068,8353420,372752,1010800,128,132,141060,d128_20261005_193250
"ESP32-S3 N16R8 (QFN56 rev v0.2, 16MB flash, 8MB octal PSRAM)",240,Task-AE,128,789,95.652,490.751,0.056,0.001,490.80799999999994,586.4599999999999,8570099,8538068,8353420,372752,1010800,128,132,141060,d128_20261005_193250
"ESP32-S3 N16R8 (QFN56 rev v0.2, 16MB flash, 8MB octal PSRAM)",240,Task-AE,128,790,95.652,490.751,0.056,0.001,490.80799999999994,586.4599999999999,8570099,8538068,8353420,372752,1010800,128,132,141060,d128_20261005_193250
"ESP32-S3 N16R8 (QFN56 rev v0.2, 16MB flash, 8MB octal PSRAM)",240,Task-AE,128,791,95.652,490.752,0.058,0.001,490.811,586.463,8570099,8538068,8353420,372752,1010800,128,132,141060,d128_20261005_193250
"ESP32-S3 N16R8 (QFN56 rev v0.2, 16MB flash, 8MB octal PSRAM)",240,Task-AE,128,792,95.652,490.751,0.056,0.001,490.80799999999994,586.4599999999999,8570099,8538068,8353420,372752,1010800,128,132,141060,d128_20261005_193250
"ESP32-S3 N16R8 (QFN56 rev v0.2, 16MB flash, 8MB octal PSRAM)",240,Task-AE,128,793,95.652,490.751,0.056,0.001,490.80799999999994,586.4599999999999,8570099,8538068,8353420,372752,1010800,128,132,141060,d128_20261005_193250
"ESP32-S3 N16R8 (QFN56 rev v0.2, 16MB flash, 8MB octal PSRAM)",240,Task-AE,128,794,95.652,490.752,0.058,0.001,490.811,586.463,8570099,8538068,8353420,372752,1010800,128,132,141060,d128_20261005_193250
"ESP32-S3 N16R8 (QFN56 rev v0.2, 16MB flash, 8MB octal PSRAM)",240,Task-AE,128,795,95.652,490.751,0.056,0.001,490.80799999999994,586.4599999999999,8570099,8538068,8353420,372752,1010800,128,132,141060,d128_20261005_193250
"ESP32-S3 N16R8 (QFN56 rev v0.2, 16MB flash, 8MB octal PSRAM)",240,Task-AE,128,796,95.652,490.751,0.056,0.001,490.80799999999994,586.4599999999999,8570099,8538068,8353420,372752,1010800,128,132,141060,d128_20261005_193250
"ESP32-S3 N16R8 (QFN56 rev v0.2, 16MB flash, 8MB octal PSRAM)",240,Task-AE,128,797,95.652,490.752,0.058,0.001,490.811,586.463,8570099,8538068,8353420,372752,1010800,128,132,141060,d128_20261005_193250
"ESP32-S3 N16R8 (QFN56 rev v0.2, 16MB flash, 8MB octal PSRAM)",240,Task-AE,128,798,95.652,490.751,0.056,0.001,490.80799999999994,586.4599999999999,8570099,8538068,8353420,372752,1010800,128,132,141060,d128_20261005_193250
"ESP32-S3 N16R8 (QFN56 rev v0.2, 16MB flash, 8MB octal PSRAM)",240,Task-AE,128,799,95.652,490.751,0.056,0.001,490.80799999999994,586.4599999999999,8570099,8538068,8353420,372752,1010800,128,132,141060,d128_20261005_193250
"ESP32-S3 N16R8 (QFN56 rev v0.2, 16MB flash, 8MB octal PSRAM)",240,Task-AE,128,800,95.652,490.752,0.058,0.001,490.811,586.463,8570099,8538068,8353420,372752,1010800,128,132,141060,d128_20261005_193250
"ESP32-S3 N16R8 (QFN56 rev v0.2, 16MB flash, 8MB octal PSRAM)",240,Task-AE,128,801,95.652,490.751,0.056,0.001,490.80799999999994,586.4599999999999,8570099,8538068,8353420,372752,1010800,128,132,141060,d128_20261005_193250
"ESP32-S3 N16R8 (QFN56 rev v0.2, 16MB flash, 8MB octal PSRAM)",240,Task-AE,128,802,95.652,490.751,0.056,0.001,490.80799999999994,586.4599999999999,8570099,8538068,8353420,372752,1010800,128,132,141060,d128_20261005_193250
"ESP32-S3 N16R8 (QFN56 rev v0.2, 16MB flash, 8MB octal PSRAM)",240,Task-AE,128,803,95.652,490.752,0.058,0.001,490.811,586.463,8570099,8538068,8353420,372752,1010800,128,132,141060,d128_20261005_193250
"ESP32-S3 N16R8 (QFN56 rev v0.2, 16MB flash, 8MB octal PSRAM)",240,Task-AE,128,804,95.652,490.751,0.056,0.001,490.80799999999994,586.4599999999999,8570099,8538068,8353420,372752,1010800,128,132,141060,d128_20261005_193250
"ESP32-S3 N16R8 (QFN56 rev v0.2, 16MB flash, 8MB octal PSRAM)",240,Task-AE,128,805,95.652,490.751,0.056,0.001,490.80799999999994,586.4599999999999,8570099,8538068,8353420,372752,1010800,128,132,141060,d128_20261005_193250
"ESP32-S3 N16R8 (QFN56 rev v0.2, 16MB flash, 8MB octal PSRAM)",240,Task-AE,128,806,95.652,490.752,0.058,0.001,490.811,586.463,8570099,8538068,8353420,372752,1010800,128,132,141060,d128_20261005_193250
"ESP32-S3 N16R8 (QFN56 rev v0.2, 16MB flash, 8MB octal PSRAM)",240,Task-AE,128,807,95.652,490.751,0.056,0.001,490.80799999999994,586.4599999999999,8570099,8538068,8353420,372752,1010800,128,132,141060,d128_20261005_193250
"ESP32-S3 N16R8 (QFN56 rev v0.2, 16MB flash, 8MB octal PSRAM)",240,Task-AE,128,808,95.652,490.751,0.056,0.001,490.80799999999994,586.4599999999999,8570099,8538068,8353420,372752,1010800,128,132,141060,d128_20261005_193250
"ESP32-S3 N16R8 (QFN56 rev v0.2, 16MB flash, 8MB octal PSRAM)",240,Task-AE,128,809,95.652,490.752,0.058,0.001,490.811,586.463,8570099,8538068,8353420,372752,1010800,128,132,141060,d128_20261005_193250
"ESP32-S3 N16R8 (QFN56 rev v0.2, 16MB flash, 8MB octal PSRAM)",240,Task-AE,128,810,95.652,490.751,0.056,0.001,490.80799999999994,586.4599999999999,8570099,8538068,8353420,372752,1010800,128,132,141060,d128_20261005_193250
"ESP32-S3 N16R8 (QFN56 rev v0.2, 16MB flash, 8MB octal PSRAM)",240,Task-AE,128,811,95.652,490.751,0.056,0.001,490.80799999999994,586.4599999999999,8570099,8538068,8353420,372752,1010800,128,132,141060,d128_20261005_193250
"ESP32-S3 N16R8 (QFN56 rev v0.2, 16MB flash, 8MB octal PSRAM)",240,Task-AE,128,812,95.652,490.752,0.058,0.001,490.811,586.463,8570099,8538068,8353420,372752,1010800,128,132,141060,d128_20261005_193250
"ESP32-S3 N16R8 (QFN56 rev v0.2, 16MB flash, 8MB octal PSRAM)",240,Task-AE,128,813,95.652,490.751,0.056,0.001,490.80799999999994,586.4599999999999,8570099,8538068,8353420,372752,1010800,128,132,141060,d128_20261005_193250
"ESP32-S3 N16R8 (QFN56 rev v0.2, 16MB flash, 8MB octal PSRAM)",240,Task-AE,128,814,95.652,490.751,0.056,0.001,490.80799999999994,586.4599999999999,8570099,8538068,8353420,372752,1010800,128,132,141060,d128_20261005_193250
"ESP32-S3 N16R8 (QFN56 rev v0.2, 16MB flash, 8MB octal PSRAM)",240,Task-AE,128,815,95.652,490.752,0.058,0.001,490.811,586.463,8570099,8538068,8353420,372752,1010800,128,132,141060,d128_20261005_193250
"ESP32-S3 N16R8 (QFN56 rev v0.2, 16MB flash, 8MB octal PSRAM)",240,Task-AE,128,816,95.652,490.751,0.056,0.001,490.80799999999994,586.4599999999999,8570099,8538068,8353420,372752,1010800,128,132,141060,d128_20261005_193250
"ESP32-S3 N16R8 (QFN56 rev v0.2, 16MB flash, 8MB octal PSRAM)",240,Task-AE,128,817,95.652,490.751,0.056,0.001,490.80799999999994,586.4599999999999,8570099,8538068,8353420,372752,1010800,128,132,141060,d128_20261005_193250
"ESP32-S3 N16R8 (QFN56 rev v0.2, 16MB flash, 8MB octal PSRAM)",240,Task-AE,128,818,95.652,490.752,0.058,0.001,490.811,586.463,8570099,8538068,8353420,372752,1010800,128,132,141060,d128_20261005_193250
"ESP32-S3 N16R8 (QFN56 rev v0.2, 16MB flash, 8MB octal PSRAM)",240,Task-AE,128,819,95.652,490.751,0.056,0.001,490.80799999999994,586.4599999999999,8570099,8538068,8353420,372752,1010800,128,132,141060,d128_20261005_193250
"ESP32-S3 N16R8 (QFN56 rev v0.2, 16MB flash, 8MB octal PSRAM)",240,Task-AE,128,820,95.652,490.751,0.056,0.001,490.80799999999994,586.4599999999999,8570099,8538068,8353420,372752,1010800,128,132,141060,d128_20261005_193250
"ESP32-S3 N16R8 (QFN56 rev v0.2, 16MB flash, 8MB octal PSRAM)",240,Task-AE,128,821,95.652,490.752,0.058,0.001,490.811,586.463,8570099,8538068,8353420,372752,1010800,128,132,141060,d128_20261005_193250
"ESP32-S3 N16R8 (QFN56 rev v0.2, 16MB flash, 8MB octal PSRAM)",240,Task-AE,128,822,95.652,490.751,0.056,0.001,490.80799999999994,586.4599999999999,8570099,8538068,8353420,372752,1010800,128,132,141060,d128_20261005_193250
"ESP32-S3 N16R8 (QFN56 rev v0.2, 16MB flash, 8MB octal PSRAM)",240,Task-AE,128,823,95.652,490.751,0.056,0.001,490.80799999999994,586.4599999999999,8570099,8538068,8353420,372752,1010800,128,132,141060,d128_20261005_193250
"ESP32-S3 N16R8 (QFN56 rev v0.2, 16MB flash, 8MB octal PSRAM)",240,Task-AE,128,824,95.652,490.752,0.058,0.001,490.811,586.463,8570099,8538068,8353420,372752,1010800,128,132,141060,d128_20261005_193250
"ESP32-S3 N16R8 (QFN56 rev v0.2, 16MB flash, 8MB octal PSRAM)",240,Task-AE,128,825,95.652,490.751,0.056,0.001,490.80799999999994,586.4599999999999,8570099,8538068,8353420,372752,1010800,128,132,141060,d128_20261005_193250
"ESP32-S3 N16R8 (QFN56 rev v0.2, 16MB flash, 8MB octal PSRAM)",240,Task-AE,128,826,95.652,490.751,0.056,0.001,490.80799999999994,586.4599999999999,8570099,8538068,8353420,372752,1010800,128,132,141060,d128_20261005_193250
"ESP32-S3 N16R8 (QFN56 rev v0.2, 16MB flash, 8MB octal PSRAM)",240,Task-AE,128,827,95.652,490.752,0.058,0.001,490.811,586.463,8570099,8538068,8353420,372752,1010800,128,132,141060,d128_20261005_193250
"ESP32-S3 N16R8 (QFN56 rev v0.2, 16MB flash, 8MB octal PSRAM)",240,Task-AE,128,828,95.652,490.751,0.056,0.001,490.80799999999994,586.4599999999999,8570099,8538068,8353420,372752,1010800,128,132,141060,d128_20261005_193250
"ESP32-S3 N16R8 (QFN56 rev v0.2, 16MB flash, 8MB octal PSRAM)",240,Task-AE,128,829,95.652,490.751,0.056,0.001,490.80799999999994,586.4599999999999,8570099,8538068,8353420,372752,1010800,128,132,141060,d128_20261005_193250
"ESP32-S3 N16R8 (QFN56 rev v0.2, 16MB flash, 8MB octal PSRAM)",240,Task-AE,128,830,95.652,490.752,0.058,0.001,490.811,586.463,8570099,8538068,8353420,372752,1010800,128,132,141060,d128_20261005_193250
"ESP32-S3 N16R8 (QFN56 rev v0.2, 16MB flash, 8MB octal PSRAM)",240,Task-AE,128,831,95.652,490.751,0.056,0.001,490.80799999999994,586.4599999999999,8570099,8538068,8353420,372752,1010800,128,132,141060,d128_20261005_193250
"ESP32-S3 N16R8 (QFN56 rev v0.2, 16MB flash, 8MB octal PSRAM)",240,Task-AE,128,832,95.652,490.751,0.056,0.001,490.80799999999994,586.4599999999999,8570099,8538068,8353420,372752,1010800,128,132,141060,d128_20261005_193250
"ESP32-S3 N16R8 (QFN56 rev v0.2, 16MB flash, 8MB octal PSRAM)",240,Task-AE,128,833,95.652,490.752,0.058,0.001,490.811,586.463,8570099,8538068,8353420,372752,1010800,128,132,141060,d128_20261005_193250
"ESP32-S3 N16R8 (QFN56 rev v0.2, 16MB flash, 8MB octal PSRAM)",240,Task-AE,128,834,95.652,490.751,0.056,0.001,490.80799999999994,586.4599999999999,8570099,8538068,8353420,372752,1010800,128,132,141060,d128_20261005_193250
"ESP32-S3 N16R8 (QFN56 rev v0.2, 16MB flash, 8MB octal PSRAM)",240,Task-AE,128,835,95.652,490.751,0.056,0.001,490.80799999999994,586.4599999999999,8570099,8538068,8353420,372752,1010800,128,132,141060,d128_20261005_193250
"ESP32-S3 N16R8 (QFN56 rev v0.2, 16MB flash, 8MB octal PSRAM)",240,Task-AE,128,836,95.652,490.752,0.058,0.001,490.811,586.463,8570099,8538068,8353420,372752,1010800,128,132,141060,d128_20261005_193250
"ESP32-S3 N16R8 (QFN56 rev v0.2, 16MB flash, 8MB octal PSRAM)",240,Task-AE,128,837,95.652,490.751,0.056,0.001,490.80799999999994,586.4599999999999,8570099,8538068,8353420,372752,1010800,128,132,141060,d128_20261005_193250
"ESP32-S3 N16R8 (QFN56 rev v0.2, 16MB flash, 8MB octal PSRAM)",240,Task-AE,128,838,95.652,490.751,0.056,0.001,490.80799999999994,586.4599999999999,8570099,8538068,8353420,372752,1010800,128,132,141060,d128_20261005_193250
"ESP32-S3 N16R8 (QFN56 rev v0.2, 16MB flash, 8MB octal PSRAM)",240,Task-AE,128,839,95.652,490.752,0.058,0.001,490.811,586.463,8570099,8538068,8353420,372752,1010800,128,132,141060,d128_20261005_193250
"ESP32-S3 N16R8 (QFN56 rev v0.2, 16MB flash, 8MB octal PSRAM)",240,Task-AE,128,840,95.652,490.751,0.056,0.001,490.80799999999994,586.4599999999999,8570099,8538068,8353420,372752,1010800,128,132,141060,d128_20261005_193250
"ESP32-S3 N16R8 (QFN56 rev v0.2, 16MB flash, 8MB octal PSRAM)",240,Task-AE,128,841,95.652,490.751,0.056,0.001,490.80799999999994,586.4599999999999,8570099,8538068,8353420,372752,1010800,128,132,141060,d128_20261005_193250
"ESP32-S3 N16R8 (QFN56 rev v0.2, 16MB flash, 8MB octal PSRAM)",240,Task-AE,128,842,95.652,490.752,0.058,0.001,490.811,586.463,8570099,8538068,8353420,372752,1010800,128,132,141060,d128_20261005_193250
"ESP32-S3 N16R8 (QFN56 rev v0.2, 16MB flash, 8MB octal PSRAM)",240,Task-AE,128,843,95.652,490.751,0.056,0.001,490.80799999999994,586.4599999999999,8570099,8538068,8353420,372752,1010800,128,132,141060,d128_20261005_193250
"ESP32-S3 N16R8 (QFN56 rev v0.2, 16MB flash, 8MB octal PSRAM)",240,Task-AE,128,844,95.652,490.751,0.056,0.001,490.80799999999994,586.4599999999999,8570099,8538068,8353420,372752,1010800,128,132,141060,d128_20261005_193250
"ESP32-S3 N16R8 (QFN56 rev v0.2, 16MB flash, 8MB octal PSRAM)",240,Task-AE,128,845,95.652,490.752,0.058,0.001,490.811,586.463,8570099,8538068,8353420,372752,1010800,128,132,141060,d128_20261005_193250
"ESP32-S3 N16R8 (QFN56 rev v0.2, 16MB flash, 8MB octal PSRAM)",240,Task-AE,128,846,95.652,490.751,0.056,0.001,490.80799999999994,586.4599999999999,8570099,8538068,8353420,372752,1010800,128,132,141060,d128_20261005_193250
"ESP32-S3 N16R8 (QFN56 rev v0.2, 16MB flash, 8MB octal PSRAM)",240,Task-AE,128,847,95.652,490.751,0.056,0.001,490.80799999999994,586.4599999999999,8570099,8538068,8353420,372752,1010800,128,132,141060,d128_20261005_193250
"ESP32-S3 N16R8 (QFN56 rev v0.2, 16MB flash, 8MB octal PSRAM)",240,Task-AE,128,848,95.652,490.752,0.058,0.001,490.811,586.463,8570099,8538068,8353420,372752,1010800,128,132,141060,d128_20261005_193250
"ESP32-S3 N16R8 (QFN56 rev v0.2, 16MB flash, 8MB octal PSRAM)",240,Task-AE,128,849,95.652,490.751,0.056,0.001,490.80799999999994,586.4599999999999,8570099,8538068,8353420,372752,1010800,128,132,141060,d128_20261005_193250
"ESP32-S3 N16R8 (QFN56 rev v0.2, 16MB flash, 8MB octal PSRAM)",240,Task-AE,128,850,95.652,490.751,0.056,0.001,490.80799999999994,586.4599999999999,8570099,8538068,8353420,372752,1010800,128,132,141060,d128_20261005_193250
"ESP32-S3 N16R8 (QFN56 rev v0.2, 16MB flash, 8MB octal PSRAM)",240,Task-AE,128,851,95.652,490.752,0.058,0.001,490.811,586.463,8570099,8538068,8353420,372752,1010800,128,132,141060,d128_20261005_193250
"ESP32-S3 N16R8 (QFN56 rev v0.2, 16MB flash, 8MB octal PSRAM)",240,Task-AE,128,852,95.652,490.751,0.056,0.001,490.80799999999994,586.4599999999999,8570099,8538068,8353420,372752,1010800,128,132,141060,d128_20261005_193250
"ESP32-S3 N16R8 (QFN56 rev v0.2, 16MB flash, 8MB octal PSRAM)",240,Task-AE,128,853,95.652,490.751,0.056,0.001,490.80799999999994,586.4599999999999,8570099,8538068,8353420,372752,1010800,128,132,141060,d128_20261005_193250
"ESP32-S3 N16R8 (QFN56 rev v0.2, 16MB flash, 8MB octal PSRAM)",240,Task-AE,128,854,95.652,490.752,0.058,0.001,490.811,586.463,8570099,8538068,8353420,372752,1010800,128,132,141060,d128_20261005_193250
"ESP32-S3 N16R8 (QFN56 rev v0.2, 16MB flash, 8MB octal PSRAM)",240,Task-AE,128,855,95.652,490.751,0.056,0.001,490.80799999999994,586.4599999999999,8570099,8538068,8353420,372752,1010800,128,132,141060,d128_20261005_193250
"ESP32-S3 N16R8 (QFN56 rev v0.2, 16MB flash, 8MB octal PSRAM)",240,Task-AE,128,856,95.652,490.751,0.056,0.001,490.80799999999994,586.4599999999999,8570099,8538068,8353420,372752,1010800,128,132,141060,d128_20261005_193250
"ESP32-S3 N16R8 (QFN56 rev v0.2, 16MB flash, 8MB octal PSRAM)",240,Task-AE,128,857,95.652,490.752,0.058,0.001,490.811,586.463,8570099,8538068,8353420,372752,1010800,128,132,141060,d128_20261005_193250
"ESP32-S3 N16R8 (QFN56 rev v0.2, 16MB flash, 8MB octal PSRAM)",240,Task-AE,128,858,95.652,490.751,0.056,0.001,490.80799999999994,586.4599999999999,8570099,8538068,8353420,372752,1010800,128,132,141060,d128_20261005_193250
"ESP32-S3 N16R8 (QFN56 rev v0.2, 16MB flash, 8MB octal PSRAM)",240,Task-AE,128,859,95.652,490.751,0.056,0.001,490.80799999999994,586.4599999999999,8570099,8538068,8353420,372752,1010800,128,132,141060,d128_20261005_193250
"ESP32-S3 N16R8 (QFN56 rev v0.2, 16MB flash, 8MB octal PSRAM)",240,Task-AE,128,860,95.652,490.752,0.058,0.001,490.811,586.463,8570099,8538068,8353420,372752,1010800,128,132,141060,d128_20261005_193250
"ESP32-S3 N16R8 (QFN56 rev v0.2, 16MB flash, 8MB octal PSRAM)",240,Task-AE,128,861,95.652,490.751,0.056,0.001,490.80799999999994,586.4599999999999,8570099,8538068,8353420,372752,1010800,128,132,141060,d128_20261005_193250
"ESP32-S3 N16R8 (QFN56 rev v0.2, 16MB flash, 8MB octal PSRAM)",240,Task-AE,128,862,95.652,490.751,0.056,0.001,490.80799999999994,586.4599999999999,8570099,8538068,8353420,372752,1010800,128,132,141060,d128_20261005_193250
"ESP32-S3 N16R8 (QFN56 rev v0.2, 16MB flash, 8MB octal PSRAM)",240,Task-AE,128,863,95.652,490.752,0.058,0.001,490.811,586.463,8570099,8538068,8353420,372752,1010800,128,132,141060,d128_20261005_193250
"ESP32-S3 N16R8 (QFN56 rev v0.2, 16MB flash, 8MB octal PSRAM)",240,Task-AE,128,864,95.652,490.751,0.056,0.001,490.80799999999994,586.4599999999999,8570099,8538068,8353420,372752,1010800,128,132,141060,d128_20261005_193250
"ESP32-S3 N16R8 (QFN56 rev v0.2, 16MB flash, 8MB octal PSRAM)",240,Task-AE,128,865,95.652,490.751,0.056,0.001,490.80799999999994,586.4599999999999,8570099,8538068,8353420,372752,1010800,128,132,141060,d128_20261005_193250
"ESP32-S3 N16R8 (QFN56 rev v0.2, 16MB flash, 8MB octal PSRAM)",240,Task-AE,128,866,95.652,490.752,0.058,0.001,490.811,586.463,8570099,8538068,8353420,372752,1010800,128,132,141060,d128_20261005_193250
"ESP32-S3 N16R8 (QFN56 rev v0.2, 16MB flash, 8MB octal PSRAM)",240,Task-AE,128,867,95.652,490.751,0.056,0.001,490.80799999999994,586.4599999999999,8570099,8538068,8353420,372752,1010800,128,132,141060,d128_20261005_193250
"ESP32-S3 N16R8 (QFN56 rev v0.2, 16MB flash, 8MB octal PSRAM)",240,Task-AE,128,868,95.652,490.751,0.056,0.001,490.80799999999994,586.4599999999999,8570099,8538068,8353420,372752,1010800,128,132,141060,d128_20261005_193250
"ESP32-S3 N16R8 (QFN56 rev v0.2, 16MB flash, 8MB octal PSRAM)",240,Task-AE,128,869,95.652,490.752,0.058,0.001,490.811,586.463,8570099,8538068,8353420,372752,1010800,128,132,141060,d128_20261005_193250
"ESP32-S3 N16R8 (QFN56 rev v0.2, 16MB flash, 8MB octal PSRAM)",240,Task-AE,128,870,95.652,490.751,0.056,0.001,490.80799999999994,586.4599999999999,8570099,8538068,8353420,372752,1010800,128,132,141060,d128_20261005_193250
"ESP32-S3 N16R8 (QFN56 rev v0.2, 16MB flash, 8MB octal PSRAM)",240,Task-AE,128,871,95.652,490.751,0.056,0.001,490.80799999999994,586.4599999999999,8570099,8538068,8353420,372752,1010800,128,132,141060,d128_20261005_193250
"ESP32-S3 N16R8 (QFN56 rev v0.2, 16MB flash, 8MB octal PSRAM)",240,Task-AE,128,872,95.652,490.752,0.058,0.001,490.811,586.463,8570099,8538068,8353420,372752,1010800,128,132,141060,d128_20261005_193250
"ESP32-S3 N16R8 (QFN56 rev v0.2, 16MB flash, 8MB octal PSRAM)",240,Task-AE,128,873,95.652,490.751,0.056,0.001,490.80799999999994,586.4599999999999,8570099,8538068,8353420,372752,1010800,128,132,141060,d128_20261005_193250
"ESP32-S3 N16R8 (QFN56 rev v0.2, 16MB flash, 8MB octal PSRAM)",240,Task-AE,128,874,95.652,490.751,0.056,0.001,490.80799999999994,586.4599999999999,8570099,8538068,8353420,372752,1010800,128,132,141060,d128_20261005_193250
"ESP32-S3 N16R8 (QFN56 rev v0.2, 16MB flash, 8MB octal PSRAM)",240,Task-AE,128,875,95.652,490.752,0.058,0.001,490.811,586.463,8570099,8538068,8353420,372752,1010800,128,132,141060,d128_20261005_193250
"ESP32-S3 N16R8 (QFN56 rev v0.2, 16MB flash, 8MB octal PSRAM)",240,Task-AE,128,876,95.652,490.751,0.056,0.001,490.80799999999994,586.4599999999999,8570099,8538068,8353420,372752,1010800,128,132,141060,d128_20261005_193250
"ESP32-S3 N16R8 (QFN56 rev v0.2, 16MB flash, 8MB octal PSRAM)",240,Task-AE,128,877,95.652,490.751,0.056,0.001,490.80799999999994,586.4599999999999,8570099,8538068,8353420,372752,1010800,128,132,141060,d128_20261005_193250
"ESP32-S3 N16R8 (QFN56 rev v0.2, 16MB flash, 8MB octal PSRAM)",240,Task-AE,128,878,95.652,490.752,0.058,0.001,490.811,586.463,8570099,8538068,8353420,372752,1010800,128,132,141060,d128_20261005_193250
"ESP32-S3 N16R8 (QFN56 rev v0.2, 16MB flash, 8MB octal PSRAM)",240,Task-AE,128,879,95.652,490.751,0.056,0.001,490.80799999999994,586.4599999999999,8570099,8538068,8353420,372752,1010800,128,132,141060,d128_20261005_193250
"ESP32-S3 N16R8 (QFN56 rev v0.2, 16MB flash, 8MB octal PSRAM)",240,Task-AE,128,880,95.652,490.751,0.056,0.001,490.80799999999994,586.4599999999999,8570099,8538068,8353420,372752,1010800,128,132,141060,d128_20261005_193250
"ESP32-S3 N16R8 (QFN56 rev v0.2, 16MB flash, 8MB octal PSRAM)",240,Task-AE,128,881,95.652,490.752,0.058,0.001,490.811,586.463,8570099,8538068,8353420,372752,1010800,128,132,141060,d128_20261005_193250
"ESP32-S3 N16R8 (QFN56 rev v0.2, 16MB flash, 8MB octal PSRAM)",240,Task-AE,128,882,95.652,490.751,0.056,0.001,490.80799999999994,586.4599999999999,8570099,8538068,8353420,372752,1010800,128,132,141060,d128_20261005_193250
"ESP32-S3 N16R8 (QFN56 rev v0.2, 16MB flash, 8MB octal PSRAM)",240,Task-AE,128,883,95.652,490.751,0.056,0.001,490.80799999999994,586.4599999999999,8570099,8538068,8353420,372752,1010800,128,132,141060,d128_20261005_193250
"ESP32-S3 N16R8 (QFN56 rev v0.2, 16MB flash, 8MB octal PSRAM)",240,Task-AE,128,884,95.652,490.752,0.058,0.001,490.811,586.463,8570099,8538068,8353420,372752,1010800,128,132,141060,d128_20261005_193250
"ESP32-S3 N16R8 (QFN56 rev v0.2, 16MB flash, 8MB octal PSRAM)",240,Task-AE,128,885,95.652,490.751,0.056,0.001,490.80799999999994,586.4599999999999,8570099,8538068,8353420,372752,1010800,128,132,141060,d128_20261005_193250
"ESP32-S3 N16R8 (QFN56 rev v0.2, 16MB flash, 8MB octal PSRAM)",240,Task-AE,128,886,95.652,490.751,0.056,0.001,490.80799999999994,586.4599999999999,8570099,8538068,8353420,372752,1010800,128,132,141060,d128_20261005_193250
"ESP32-S3 N16R8 (QFN56 rev v0.2, 16MB flash, 8MB octal PSRAM)",240,Task-AE,128,887,95.652,490.752,0.058,0.001,490.811,586.463,8570099,8538068,8353420,372752,1010800,128,132,141060,d128_20261005_193250
"ESP32-S3 N16R8 (QFN56 rev v0.2, 16MB flash, 8MB octal PSRAM)",240,Task-AE,128,888,95.652,490.751,0.056,0.001,490.80799999999994,586.4599999999999,8570099,8538068,8353420,372752,1010800,128,132,141060,d128_20261005_193250
"ESP32-S3 N16R8 (QFN56 rev v0.2, 16MB flash, 8MB octal PSRAM)",240,Task-AE,128,889,95.652,490.751,0.056,0.001,490.80799999999994,586.4599999999999,8570099,8538068,8353420,372752,1010800,128,132,141060,d128_20261005_193250
"ESP32-S3 N16R8 (QFN56 rev v0.2, 16MB flash, 8MB octal PSRAM)",240,Task-AE,128,890,95.652,490.752,0.058,0.001,490.811,586.463,8570099,8538068,8353420,372752,1010800,128,132,141060,d128_20261005_193250
"ESP32-S3 N16R8 (QFN56 rev v0.2, 16MB flash, 8MB octal PSRAM)",240,Task-AE,128,891,95.652,490.751,0.056,0.001,490.80799999999994,586.4599999999999,8570099,8538068,8353420,372752,1010800,128,132,141060,d128_20261005_193250
"ESP32-S3 N16R8 (QFN56 rev v0.2, 16MB flash, 8MB octal PSRAM)",240,Task-AE,128,892,95.652,490.751,0.056,0.001,490.80799999999994,586.4599999999999,8570099,8538068,8353420,372752,1010800,128,132,141060,d128_20261005_193250
"ESP32-S3 N16R8 (QFN56 rev v0.2, 16MB flash, 8MB octal PSRAM)",240,Task-AE,128,893,95.652,490.752,0.058,0.001,490.811,586.463,8570099,8538068,8353420,372752,1010800,128,132,141060,d128_20261005_193250
"ESP32-S3 N16R8 (QFN56 rev v0.2, 16MB flash, 8MB octal PSRAM)",240,Task-AE,128,894,95.652,490.751,0.056,0.001,490.80799999999994,586.4599999999999,8570099,8538068,8353420,372752,1010800,128,132,141060,d128_20261005_193250
"ESP32-S3 N16R8 (QFN56 rev v0.2, 16MB flash, 8MB octal PSRAM)",240,Task-AE,128,895,95.652,490.751,0.056,0.001,490.80799999999994,586.4599999999999,8570099,8538068,8353420,372752,1010800,128,132,141060,d128_20261005_193250
"ESP32-S3 N16R8 (QFN56 rev v0.2, 16MB flash, 8MB octal PSRAM)",240,Task-AE,128,896,95.652,490.752,0.058,0.001,490.811,586.463,8570099,8538068,8353420,372752,1010800,128,132,141060,d128_20261005_193250
"ESP32-S3 N16R8 (QFN56 rev v0.2, 16MB flash, 8MB octal PSRAM)",240,Task-AE,128,897,95.652,490.751,0.056,0.001,490.80799999999994,586.4599999999999,8570099,8538068,8353420,372752,1010800,128,132,141060,d128_20261005_193250
"ESP32-S3 N16R8 (QFN56 rev v0.2, 16MB flash, 8MB octal PSRAM)",240,Task-AE,128,898,95.652,490.751,0.056,0.001,490.80799999999994,586.4599999999999,8570099,8538068,8353420,372752,1010800,128,132,141060,d128_20261005_193250
"ESP32-S3 N16R8 (QFN56 rev v0.2, 16MB flash, 8MB octal PSRAM)",240,Task-AE,128,899,95.652,490.752,0.058,0.001,490.811,586.463,8570099,8538068,8353420,372752,1010800,128,132,141060,d128_20261005_193250
"ESP32-S3 N16R8 (QFN56 rev v0.2, 16MB flash, 8MB octal PSRAM)",240,Task-AE,128,900,95.652,490.751,0.056,0.001,490.80799999999994,586.4599999999999,8570099,8538068,8353420,372752,1010800,128,132,141060,d128_20261005_193250
"ESP32-S3 N16R8 (QFN56 rev v0.2, 16MB flash, 8MB octal PSRAM)",240,Task-AE,128,901,95.652,490.751,0.056,0.001,490.80799999999994,586.4599999999999,8570099,8538068,8353420,372752,1010800,128,132,141060,d128_20261005_193250
"ESP32-S3 N16R8 (QFN56 rev v0.2, 16MB flash, 8MB octal PSRAM)",240,Task-AE,128,902,95.652,490.752,0.058,0.001,490.811,586.463,8570099,8538068,8353420,372752,1010800,128,132,141060,d128_20261005_193250
"ESP32-S3 N16R8 (QFN56 rev v0.2, 16MB flash, 8MB octal PSRAM)",240,Task-AE,128,903,95.652,490.751,0.056,0.001,490.80799999999994,586.4599999999999,8570099,8538068,8353420,372752,1010800,128,132,141060,d128_20261005_193250
"ESP32-S3 N16R8 (QFN56 rev v0.2, 16MB flash, 8MB octal PSRAM)",240,Task-AE,128,904,95.652,490.751,0.056,0.001,490.80799999999994,586.4599999999999,8570099,8538068,8353420,372752,1010800,128,132,141060,d128_20261005_193250
"ESP32-S3 N16R8 (QFN56 rev v0.2, 16MB flash, 8MB octal PSRAM)",240,Task-AE,128,905,95.652,490.752,0.058,0.001,490.811,586.463,8570099,8538068,8353420,372752,1010800,128,132,141060,d128_20261005_193250
"ESP32-S3 N16R8 (QFN56 rev v0.2, 16MB flash, 8MB octal PSRAM)",240,Task-AE,128,906,95.652,490.751,0.056,0.001,490.80799999999994,586.4599999999999,8570099,8538068,8353420,372752,1010800,128,132,141060,d128_20261005_193250
"ESP32-S3 N16R8 (QFN56 rev v0.2, 16MB flash, 8MB octal PSRAM)",240,Task-AE,128,907,95.652,490.751,0.056,0.001,490.80799999999994,586.4599999999999,8570099,8538068,8353420,372752,1010800,128,132,141060,d128_20261005_193250
"ESP32-S3 N16R8 (QFN56 rev v0.2, 16MB flash, 8MB octal PSRAM)",240,Task-AE,128,908,95.652,490.752,0.058,0.001,490.811,586.463,8570099,8538068,8353420,372752,1010800,128,132,141060,d128_20261005_193250
"ESP32-S3 N16R8 (QFN56 rev v0.2, 16MB flash, 8MB octal PSRAM)",240,Task-AE,128,909,95.652,490.751,0.056,0.001,490.80799999999994,586.4599999999999,8570099,8538068,8353420,372752,1010800,128,132,141060,d128_20261005_193250
"ESP32-S3 N16R8 (QFN56 rev v0.2, 16MB flash, 8MB octal PSRAM)",240,Task-AE,128,910,95.652,490.751,0.056,0.001,490.80799999999994,586.4599999999999,8570099,8538068,8353420,372752,1010800,128,132,141060,d128_20261005_193250
"ESP32-S3 N16R8 (QFN56 rev v0.2, 16MB flash, 8MB octal PSRAM)",240,Task-AE,128,911,95.652,490.752,0.058,0.001,490.811,586.463,8570099,8538068,8353420,372752,1010800,128,132,141060,d128_20261005_193250
"ESP32-S3 N16R8 (QFN56 rev v0.2, 16MB flash, 8MB octal PSRAM)",240,Task-AE,128,912,95.652,490.751,0.056,0.001,490.80799999999994,586.4599999999999,8570099,8538068,8353420,372752,1010800,128,132,141060,d128_20261005_193250
"ESP32-S3 N16R8 (QFN56 rev v0.2, 16MB flash, 8MB octal PSRAM)",240,Task-AE,128,913,95.652,490.751,0.056,0.001,490.80799999999994,586.4599999999999,8570099,8538068,8353420,372752,1010800,128,132,141060,d128_20261005_193250
"ESP32-S3 N16R8 (QFN56 rev v0.2, 16MB flash, 8MB octal PSRAM)",240,Task-AE,128,914,95.652,490.752,0.058,0.001,490.811,586.463,8570099,8538068,8353420,372752,1010800,128,132,141060,d128_20261005_193250
"ESP32-S3 N16R8 (QFN56 rev v0.2, 16MB flash, 8MB octal PSRAM)",240,Task-AE,128,915,95.652,490.751,0.056,0.001,490.80799999999994,586.4599999999999,8570099,8538068,8353420,372752,1010800,128,132,141060,d128_20261005_193250
"ESP32-S3 N16R8 (QFN56 rev v0.2, 16MB flash, 8MB octal PSRAM)",240,Task-AE,128,916,95.652,490.751,0.056,0.001,490.80799999999994,586.4599999999999,8570099,8538068,8353420,372752,1010800,128,132,141060,d128_20261005_193250
"ESP32-S3 N16R8 (QFN56 rev v0.2, 16MB flash, 8MB octal PSRAM)",240,Task-AE,128,917,95.652,490.752,0.058,0.001,490.811,586.463,8570099,8538068,8353420,372752,1010800,128,132,141060,d128_20261005_193250
"ESP32-S3 N16R8 (QFN56 rev v0.2, 16MB flash, 8MB octal PSRAM)",240,Task-AE,128,918,95.652,490.751,0.056,0.001,490.80799999999994,586.4599999999999,8570099,8538068,8353420,372752,1010800,128,132,141060,d128_20261005_193250
"ESP32-S3 N16R8 (QFN56 rev v0.2, 16MB flash, 8MB octal PSRAM)",240,Task-AE,128,919,95.652,490.751,0.056,0.001,490.80799999999994,586.4599999999999,8570099,8538068,8353420,372752,1010800,128,132,141060,d128_20261005_193250
"ESP32-S3 N16R8 (QFN56 rev v0.2, 16MB flash, 8MB octal PSRAM)",240,Task-AE,128,920,95.652,490.752,0.058,0.001,490.811,586.463,8570099,8538068,8353420,372752,1010800,128,132,141060,d128_20261005_193250
"ESP32-S3 N16R8 (QFN56 rev v0.2, 16MB flash, 8MB octal PSRAM)",240,Task-AE,128,921,95.652,490.751,0.056,0.001,490.80799999999994,586.4599999999999,8570099,8538068,8353420,372752,1010800,128,132,141060,d128_20261005_193250
"ESP32-S3 N16R8 (QFN56 rev v0.2, 16MB flash, 8MB octal PSRAM)",240,Task-AE,128,922,95.652,490.751,0.056,0.001,490.80799999999994,586.4599999999999,8570099,8538068,8353420,372752,1010800,128,132,141060,d128_20261005_193250
"ESP32-S3 N16R8 (QFN56 rev v0.2, 16MB flash, 8MB octal PSRAM)",240,Task-AE,128,923,95.652,490.752,0.058,0.001,490.811,586.463,8570099,8538068,8353420,372752,1010800,128,132,141060,d128_20261005_193250
"ESP32-S3 N16R8 (QFN56 rev v0.2, 16MB flash, 8MB octal PSRAM)",240,Task-AE,128,924,95.652,490.751,0.056,0.001,490.80799999999994,586.4599999999999,8570099,8538068,8353420,372752,1010800,128,132,141060,d128_20261005_193250
"ESP32-S3 N16R8 (QFN56 rev v0.2, 16MB flash, 8MB octal PSRAM)",240,Task-AE,128,925,95.652,490.751,0.056,0.001,490.80799999999994,586.4599999999999,8570099,8538068,8353420,372752,1010800,128,132,141060,d128_20261005_193250
"ESP32-S3 N16R8 (QFN56 rev v0.2, 16MB flash, 8MB octal PSRAM)",240,Task-AE,128,926,95.652,490.752,0.058,0.001,490.811,586.463,8570099,8538068,8353420,372752,1010800,128,132,141060,d128_20261005_193250
"ESP32-S3 N16R8 (QFN56 rev v0.2, 16MB flash, 8MB octal PSRAM)",240,Task-AE,128,927,95.652,490.751,0.056,0.001,490.80799999999994,586.4599999999999,8570099,8538068,8353420,372752,1010800,128,132,141060,d128_20261005_193250
"ESP32-S3 N16R8 (QFN56 rev v0.2, 16MB flash, 8MB octal PSRAM)",240,Task-AE,128,928,95.652,490.751,0.056,0.001,490.80799999999994,586.4599999999999,8570099,8538068,8353420,372752,1010800,128,132,141060,d128_20261005_193250
"ESP32-S3 N16R8 (QFN56 rev v0.2, 16MB flash, 8MB octal PSRAM)",240,Task-AE,128,929,95.652,490.752,0.058,0.001,490.811,586.463,8570099,8538068,8353420,372752,1010800,128,132,141060,d128_20261005_193250
"ESP32-S3 N16R8 (QFN56 rev v0.2, 16MB flash, 8MB octal PSRAM)",240,Task-AE,128,930,95.652,490.751,0.056,0.001,490.80799999999994,586.4599999999999,8570099,8538068,8353420,372752,1010800,128,132,141060,d128_20261005_193250
"ESP32-S3 N16R8 (QFN56 rev v0.2, 16MB flash, 8MB octal PSRAM)",240,Task-AE,128,931,95.652,490.751,0.056,0.001,490.80799999999994,586.4599999999999,8570099,8538068,8353420,372752,1010800,128,132,141060,d128_20261005_193250
"ESP32-S3 N16R8 (QFN56 rev v0.2, 16MB flash, 8MB octal PSRAM)",240,Task-AE,128,932,95.652,490.752,0.058,0.001,490.811,586.463,8570099,8538068,8353420,372752,1010800,128,132,141060,d128_20261005_193250
"ESP32-S3 N16R8 (QFN56 rev v0.2, 16MB flash, 8MB octal PSRAM)",240,Task-AE,128,933,95.652,490.751,0.056,0.001,490.80799999999994,586.4599999999999,8570099,8538068,8353420,372752,1010800,128,132,141060,d128_20261005_193250
"ESP32-S3 N16R8 (QFN56 rev v0.2, 16MB flash, 8MB octal PSRAM)",240,Task-AE,128,934,95.652,490.751,0.056,0.001,490.80799999999994,586.4599999999999,8570099,8538068,8353420,372752,1010800,128,132,141060,d128_20261005_193250
"ESP32-S3 N16R8 (QFN56 rev v0.2, 16MB flash, 8MB octal PSRAM)",240,Task-AE,128,935,95.652,490.752,0.058,0.001,490.811,586.463,8570099,8538068,8353420,372752,1010800,128,132,141060,d128_20261005_193250
"ESP32-S3 N16R8 (QFN56 rev v0.2, 16MB flash, 8MB octal PSRAM)",240,Task-AE,128,936,95.652,490.751,0.056,0.001,490.80799999999994,586.4599999999999,8570099,8538068,8353420,372752,1010800,128,132,141060,d128_20261005_193250
"ESP32-S3 N16R8 (QFN56 rev v0.2, 16MB flash, 8MB octal PSRAM)",240,Task-AE,128,937,95.652,490.751,0.056,0.001,490.80799999999994,586.4599999999999,8570099,8538068,8353420,372752,1010800,128,132,141060,d128_20261005_193250
"ESP32-S3 N16R8 (QFN56 rev v0.2, 16MB flash, 8MB octal PSRAM)",240,Task-AE,128,938,95.652,490.752,0.058,0.001,490.811,586.463,8570099,8538068,8353420,372752,1010800,128,132,141060,d128_20261005_193250
"ESP32-S3 N16R8 (QFN56 rev v0.2, 16MB flash, 8MB octal PSRAM)",240,Task-AE,128,939,95.652,490.751,0.056,0.001,490.80799999999994,586.4599999999999,8570099,8538068,8353420,372752,1010800,128,132,141060,d128_20261005_193250
"ESP32-S3 N16R8 (QFN56 rev v0.2, 16MB flash, 8MB octal PSRAM)",240,Task-AE,128,940,95.652,490.751,0.056,0.001,490.80799999999994,586.4599999999999,8570099,8538068,8353420,372752,1010800,128,132,141060,d128_20261005_193250
"ESP32-S3 N16R8 (QFN56 rev v0.2, 16MB flash, 8MB octal PSRAM)",240,Task-AE,128,941,95.652,490.752,0.058,0.001,490.811,586.463,8570099,8538068,8353420,372752,1010800,128,132,141060,d128_20261005_193250
"ESP32-S3 N16R8 (QFN56 rev v0.2, 16MB flash, 8MB octal PSRAM)",240,Task-AE,128,942,95.652,490.751,0.056,0.001,490.80799999999994,586.4599999999999,8570099,8538068,8353420,372752,1010800,128,132,141060,d128_20261005_193250
"ESP32-S3 N16R8 (QFN56 rev v0.2, 16MB flash, 8MB octal PSRAM)",240,Task-AE,128,943,95.652,490.751,0.056,0.001,490.80799999999994,586.4599999999999,8570099,8538068,8353420,372752,1010800,128,132,141060,d128_20261005_193250
"ESP32-S3 N16R8 (QFN56 rev v0.2, 16MB flash, 8MB octal PSRAM)",240,Task-AE,128,944,95.652,490.752,0.058,0.001,490.811,586.463,8570099,8538068,8353420,372752,1010800,128,132,141060,d128_20261005_193250
"ESP32-S3 N16R8 (QFN56 rev v0.2, 16MB flash, 8MB octal PSRAM)",240,Task-AE,128,945,95.652,490.751,0.056,0.001,490.80799999999994,586.4599999999999,8570099,8538068,8353420,372752,1010800,128,132,141060,d128_20261005_193250
"ESP32-S3 N16R8 (QFN56 rev v0.2, 16MB flash, 8MB octal PSRAM)",240,Task-AE,128,946,95.652,490.751,0.056,0.001,490.80799999999994,586.4599999999999,8570099,8538068,8353420,372752,1010800,128,132,141060,d128_20261005_193250
"ESP32-S3 N16R8 (QFN56 rev v0.2, 16MB flash, 8MB octal PSRAM)",240,Task-AE,128,947,95.652,490.752,0.058,0.001,490.811,586.463,8570099,8538068,8353420,372752,1010800,128,132,141060,d128_20261005_193250
"ESP32-S3 N16R8 (QFN56 rev v0.2, 16MB flash, 8MB octal PSRAM)",240,Task-AE,128,948,95.652,490.751,0.056,0.001,490.80799999999994,586.4599999999999,8570099,8538068,8353420,372752,1010800,128,132,141060,d128_20261005_193250
"ESP32-S3 N16R8 (QFN56 rev v0.2, 16MB flash, 8MB octal PSRAM)",240,Task-AE,128,949,95.652,490.751,0.056,0.001,490.80799999999994,586.4599999999999,8570099,8538068,8353420,372752,1010800,128,132,141060,d128_20261005_193250
"ESP32-S3 N16R8 (QFN56 rev v0.2, 16MB flash, 8MB octal PSRAM)",240,Task-AE,128,950,95.652,490.752,0.058,0.001,490.811,586.463,8570099,8538068,8353420,372752,1010800,128,132,141060,d128_20261005_193250
"ESP32-S3 N16R8 (QFN56 rev v0.2, 16MB flash, 8MB octal PSRAM)",240,Task-AE,128,951,95.652,490.751,0.056,0.001,490.80799999999994,586.4599999999999,8570099,8538068,8353420,372752,1010800,128,132,141060,d128_20261005_193250
"ESP32-S3 N16R8 (QFN56 rev v0.2, 16MB flash, 8MB octal PSRAM)",240,Task-AE,128,952,95.652,490.751,0.056,0.001,490.80799999999994,586.4599999999999,8570099,8538068,8353420,372752,1010800,128,132,141060,d128_20261005_193250
"ESP32-S3 N16R8 (QFN56 rev v0.2, 16MB flash, 8MB octal PSRAM)",240,Task-AE,128,953,95.652,490.752,0.058,0.001,490.811,586.463,8570099,8538068,8353420,372752,1010800,128,132,141060,d128_20261005_193250
"ESP32-S3 N16R8 (QFN56 rev v0.2, 16MB flash, 8MB octal PSRAM)",240,Task-AE,128,954,95.652,490.751,0.056,0.001,490.80799999999994,586.4599999999999,8570099,8538068,8353420,372752,1010800,128,132,141060,d128_20261005_193250
"ESP32-S3 N16R8 (QFN56 rev v0.2, 16MB flash, 8MB octal PSRAM)",240,Task-AE,128,955,95.652,490.751,0.056,0.001,490.80799999999994,586.4599999999999,8570099,8538068,8353420,372752,1010800,128,132,141060,d128_20261005_193250
"ESP32-S3 N16R8 (QFN56 rev v0.2, 16MB flash, 8MB octal PSRAM)",240,Task-AE,128,956,95.652,490.752,0.058,0.001,490.811,586.463,8570099,8538068,8353420,372752,1010800,128,132,141060,d128_20261005_193250
"ESP32-S3 N16R8 (QFN56 rev v0.2, 16MB flash, 8MB octal PSRAM)",240,Task-AE,128,957,95.652,490.751,0.056,0.001,490.80799999999994,586.4599999999999,8570099,8538068,8353420,372752,1010800,128,132,141060,d128_20261005_193250
"ESP32-S3 N16R8 (QFN56 rev v0.2, 16MB flash, 8MB octal PSRAM)",240,Task-AE,128,958,95.652,490.751,0.056,0.001,490.80799999999994,586.4599999999999,8570099,8538068,8353420,372752,1010800,128,132,141060,d128_20261005_193250
"ESP32-S3 N16R8 (QFN56 rev v0.2, 16MB flash, 8MB octal PSRAM)",240,Task-AE,128,959,95.652,490.752,0.058,0.001,490.811,586.463,8570099,8538068,8353420,372752,1010800,128,132,141060,d128_20261005_193250
"ESP32-S3 N16R8 (QFN56 rev v0.2, 16MB flash, 8MB octal PSRAM)",240,Task-AE,128,960,95.652,490.751,0.056,0.001,490.80799999999994,586.4599999999999,8570099,8538068,8353420,372752,1010800,128,132,141060,d128_20261005_193250
"ESP32-S3 N16R8 (QFN56 rev v0.2, 16MB flash, 8MB octal PSRAM)",240,Task-AE,128,961,95.652,490.751,0.056,0.001,490.80799999999994,586.4599999999999,8570099,8538068,8353420,372752,1010800,128,132,141060,d128_20261005_193250
"ESP32-S3 N16R8 (QFN56 rev v0.2, 16MB flash, 8MB octal PSRAM)",240,Task-AE,128,962,95.652,490.752,0.058,0.001,490.811,586.463,8570099,8538068,8353420,372752,1010800,128,132,141060,d128_20261005_193250
"ESP32-S3 N16R8 (QFN56 rev v0.2, 16MB flash, 8MB octal PSRAM)",240,Task-AE,128,963,95.652,490.751,0.056,0.001,490.80799999999994,586.4599999999999,8570099,8538068,8353420,372752,1010800,128,132,141060,d128_20261005_193250
"ESP32-S3 N16R8 (QFN56 rev v0.2, 16MB flash, 8MB octal PSRAM)",240,Task-AE,128,964,95.652,490.751,0.056,0.001,490.80799999999994,586.4599999999999,8570099,8538068,8353420,372752,1010800,128,132,141060,d128_20261005_193250
"ESP32-S3 N16R8 (QFN56 rev v0.2, 16MB flash, 8MB octal PSRAM)",240,Task-AE,128,965,95.652,490.752,0.058,0.001,490.811,586.463,8570099,8538068,8353420,372752,1010800,128,132,141060,d128_20261005_193250
"ESP32-S3 N16R8 (QFN56 rev v0.2, 16MB flash, 8MB octal PSRAM)",240,Task-AE,128,966,95.652,490.751,0.056,0.001,490.80799999999994,586.4599999999999,8570099,8538068,8353420,372752,1010800,128,132,141060,d128_20261005_193250
"ESP32-S3 N16R8 (QFN56 rev v0.2, 16MB flash, 8MB octal PSRAM)",240,Task-AE,128,967,95.652,490.751,0.056,0.001,490.80799999999994,586.4599999999999,8570099,8538068,8353420,372752,1010800,128,132,141060,d128_20261005_193250
"ESP32-S3 N16R8 (QFN56 rev v0.2, 16MB flash, 8MB octal PSRAM)",240,Task-AE,128,968,95.652,490.752,0.058,0.001,490.811,586.463,8570099,8538068,8353420,372752,1010800,128,132,141060,d128_20261005_193250
"ESP32-S3 N16R8 (QFN56 rev v0.2, 16MB flash, 8MB octal PSRAM)",240,Task-AE,128,969,95.652,490.751,0.056,0.001,490.80799999999994,586.4599999999999,8570099,8538068,8353420,372752,1010800,128,132,141060,d128_20261005_193250
"ESP32-S3 N16R8 (QFN56 rev v0.2, 16MB flash, 8MB octal PSRAM)",240,Task-AE,128,970,95.652,490.751,0.056,0.001,490.80799999999994,586.4599999999999,8570099,8538068,8353420,372752,1010800,128,132,141060,d128_20261005_193250
"ESP32-S3 N16R8 (QFN56 rev v0.2, 16MB flash, 8MB octal PSRAM)",240,Task-AE,128,971,95.652,490.752,0.058,0.001,490.811,586.463,8570099,8538068,8353420,372752,1010800,128,132,141060,d128_20261005_193250
"ESP32-S3 N16R8 (QFN56 rev v0.2, 16MB flash, 8MB octal PSRAM)",240,Task-AE,128,972,95.652,490.751,0.056,0.001,490.80799999999994,586.4599999999999,8570099,8538068,8353420,372752,1010800,128,132,141060,d128_20261005_193250
"ESP32-S3 N16R8 (QFN56 rev v0.2, 16MB flash, 8MB octal PSRAM)",240,Task-AE,128,973,95.652,490.751,0.056,0.001,490.80799999999994,586.4599999999999,8570099,8538068,8353420,372752,1010800,128,132,141060,d128_20261005_193250
"ESP32-S3 N16R8 (QFN56 rev v0.2, 16MB flash, 8MB octal PSRAM)",240,Task-AE,128,974,95.652,490.752,0.058,0.001,490.811,586.463,8570099,8538068,8353420,372752,1010800,128,132,141060,d128_20261005_193250
"ESP32-S3 N16R8 (QFN56 rev v0.2, 16MB flash, 8MB octal PSRAM)",240,Task-AE,128,975,95.652,490.751,0.056,0.001,490.80799999999994,586.4599999999999,8570099,8538068,8353420,372752,1010800,128,132,141060,d128_20261005_193250
"ESP32-S3 N16R8 (QFN56 rev v0.2, 16MB flash, 8MB octal PSRAM)",240,Task-AE,128,976,95.652,490.751,0.056,0.001,490.80799999999994,586.4599999999999,8570099,8538068,8353420,372752,1010800,128,132,141060,d128_20261005_193250
"ESP32-S3 N16R8 (QFN56 rev v0.2, 16MB flash, 8MB octal PSRAM)",240,Task-AE,128,977,95.652,490.752,0.058,0.001,490.811,586.463,8570099,8538068,8353420,372752,1010800,128,132,141060,d128_20261005_193250
"ESP32-S3 N16R8 (QFN56 rev v0.2, 16MB flash, 8MB octal PSRAM)",240,Task-AE,128,978,95.652,490.751,0.056,0.001,490.80799999999994,586.4599999999999,8570099,8538068,8353420,372752,1010800,128,132,141060,d128_20261005_193250
"ESP32-S3 N16R8 (QFN56 rev v0.2, 16MB flash, 8MB octal PSRAM)",240,Task-AE,128,979,95.652,490.751,0.056,0.001,490.80799999999994,586.4599999999999,8570099,8538068,8353420,372752,1010800,128,132,141060,d128_20261005_193250
"ESP32-S3 N16R8 (QFN56 rev v0.2, 16MB flash, 8MB octal PSRAM)",240,Task-AE,128,980,95.652,490.752,0.058,0.001,490.811,586.463,8570099,8538068,8353420,372752,1010800,128,132,141060,d128_20261005_193250
"ESP32-S3 N16R8 (QFN56 rev v0.2, 16MB flash, 8MB octal PSRAM)",240,Task-AE,128,981,95.652,490.751,0.056,0.001,490.80799999999994,586.4599999999999,8570099,8538068,8353420,372752,1010800,128,132,141060,d128_20261005_193250
"ESP32-S3 N16R8 (QFN56 rev v0.2, 16MB flash, 8MB octal PSRAM)",240,Task-AE,128,982,95.652,490.751,0.056,0.001,490.80799999999994,586.4599999999999,8570099,8538068,8353420,372752,1010800,128,132,141060,d128_20261005_193250
"ESP32-S3 N16R8 (QFN56 rev v0.2, 16MB flash, 8MB octal PSRAM)",240,Task-AE,128,983,95.652,490.752,0.058,0.001,490.811,586.463,8570099,8538068,8353420,372752,1010800,128,132,141060,d128_20261005_193250
"ESP32-S3 N16R8 (QFN56 rev v0.2, 16MB flash, 8MB octal PSRAM)",240,Task-AE,128,984,95.652,490.751,0.056,0.001,490.80799999999994,586.4599999999999,8570099,8538068,8353420,372752,1010800,128,132,141060,d128_20261005_193250
"ESP32-S3 N16R8 (QFN56 rev v0.2, 16MB flash, 8MB octal PSRAM)",240,Task-AE,128,985,95.652,490.751,0.056,0.001,490.80799999999994,586.4599999999999,8570099,8538068,8353420,372752,1010800,128,132,141060,d128_20261005_193250
"ESP32-S3 N16R8 (QFN56 rev v0.2, 16MB flash, 8MB octal PSRAM)",240,Task-AE,128,986,95.652,490.752,0.058,0.001,490.811,586.463,8570099,8538068,8353420,372752,1010800,128,132,141060,d128_20261005_193250
"ESP32-S3 N16R8 (QFN56 rev v0.2, 16MB flash, 8MB octal PSRAM)",240,Task-AE,128,987,95.652,490.751,0.056,0.001,490.80799999999994,586.4599999999999,8570099,8538068,8353420,372752,1010800,128,132,141060,d128_20261005_193250
"ESP32-S3 N16R8 (QFN56 rev v0.2, 16MB flash, 8MB octal PSRAM)",240,Task-AE,128,988,95.652,490.751,0.056,0.001,490.80799999999994,586.4599999999999,8570099,8538068,8353420,372752,1010800,128,132,141060,d128_20261005_193250
"ESP32-S3 N16R8 (QFN56 rev v0.2, 16MB flash, 8MB octal PSRAM)",240,Task-AE,128,989,95.652,490.752,0.058,0.001,490.811,586.463,8570099,8538068,8353420,372752,1010800,128,132,141060,d128_20261005_193250
"ESP32-S3 N16R8 (QFN56 rev v0.2, 16MB flash, 8MB octal PSRAM)",240,Task-AE,128,990,95.652,490.751,0.056,0.001,490.80799999999994,586.4599999999999,8570099,8538068,8353420,372752,1010800,128,132,141060,d128_20261005_193250
"ESP32-S3 N16R8 (QFN56 rev v0.2, 16MB flash, 8MB octal PSRAM)",240,Task-AE,128,991,95.652,490.751,0.056,0.001,490.80799999999994,586.4599999999999,8570099,8538068,8353420,372752,1010800,128,132,141060,d128_20261005_193250
"ESP32-S3 N16R8 (QFN56 rev v0.2, 16MB flash, 8MB octal PSRAM)",240,Task-AE,128,992,95.652,490.752,0.058,0.001,490.811,586.463,8570099,8538068,8353420,372752,1010800,128,132,141060,d128_20261005_193250
"ESP32-S3 N16R8 (QFN56 rev v0.2, 16MB flash, 8MB octal PSRAM)",240,Task-AE,128,993,95.652,490.751,0.056,0.001,490.80799999999994,586.4599999999999,8570099,8538068,8353420,372752,1010800,128,132,141060,d128_20261005_193250
"ESP32-S3 N16R8 (QFN56 rev v0.2, 16MB flash, 8MB octal PSRAM)",240,Task-AE,128,994,95.652,490.751,0.056,0.001,490.80799999999994,586.4599999999999,8570099,8538068,8353420,372752,1010800,128,132,141060,d128_20261005_193250
"ESP32-S3 N16R8 (QFN56 rev v0.2, 16MB flash, 8MB octal PSRAM)",240,Task-AE,128,995,95.652,490.752,0.058,0.001,490.811,586.463,8570099,8538068,8353420,372752,1010800,128,132,141060,d128_20261005_193250
"ESP32-S3 N16R8 (QFN56 rev v0.2, 16MB flash, 8MB octal PSRAM)",240,Task-AE,128,996,95.652,490.751,0.056,0.001,490.80799999999994,586.4599999999999,8570099,8538068,8353420,372752,1010800,128,132,141060,d128_20261005_193250
"ESP32-S3 N16R8 (QFN56 rev v0.2, 16MB flash, 8MB octal PSRAM)",240,Task-AE,128,997,95.652,490.751,0.056,0.001,490.80799999999994,586.4599999999999,8570099,8538068,8353420,372752,1010800,128,132,141060,d128_20261005_193250
"ESP32-S3 N16R8 (QFN56 rev v0.2, 16MB flash, 8MB octal PSRAM)",240,Task-AE,128,998,95.652,490.752,0.058,0.001,490.811,586.463,8570099,8538068,8353420,372752,1010800,128,132,141060,d128_20261005_193250
"ESP32-S3 N16R8 (QFN56 rev v0.2, 16MB flash, 8MB octal PSRAM)",240,Task-AE,128,999,95.652,490.751,0.056,0.001,490.80799999999994,586.4599999999999,8570099,8538068,8353420,372752,1010800,128,132,141060,d128_20261005_193250
"ESP32-S3 N16R8 (QFN56 rev v0.2, 16MB flash, 8MB octal PSRAM)",240,Task-AE,256,0,95.754,494.69,0.11,0.002,494.802,590.556,8570099,8538068,8353420,374816,1012864,256,260,141060,d256_20261005_195354
"ESP32-S3 N16R8 (QFN56 rev v0.2, 16MB flash, 8MB octal PSRAM)",240,Task-AE,256,1,95.754,494.684,0.109,0.002,494.795,590.549,8570099,8538068,8353420,374816,1012864,256,260,141060,d256_20261005_195354
"ESP32-S3 N16R8 (QFN56 rev v0.2, 16MB flash, 8MB octal PSRAM)",240,Task-AE,256,2,95.754,494.684,0.111,0.002,494.797,590.551,8570099,8538068,8353420,374816,1012864,256,260,141060,d256_20261005_195354
"ESP32-S3 N16R8 (QFN56 rev v0.2, 16MB flash, 8MB octal PSRAM)",240,Task-AE,256,3,95.754,494.682,0.109,0.002,494.793,590.547,8570099,8538068,8353420,374816,1012864,256,260,141060,d256_20261005_195354
"ESP32-S3 N16R8 (QFN56 rev v0.2, 16MB flash, 8MB octal PSRAM)",240,Task-AE,256,4,95.754,494.682,0.109,0.002,494.793,590.547,8570099,8538068,8353420,374816,1012864,256,260,141060,d256_20261005_195354
"ESP32-S3 N16R8 (QFN56 rev v0.2, 16MB flash, 8MB octal PSRAM)",240,Task-AE,256,5,95.754,494.684,0.111,0.002,494.797,590.551,8570099,8538068,8353420,374816,1012864,256,260,141060,d256_20261005_195354
"ESP32-S3 N16R8 (QFN56 rev v0.2, 16MB flash, 8MB octal PSRAM)",240,Task-AE,256,6,95.754,494.682,0.109,0.002,494.793,590.547,8570099,8538068,8353420,374816,1012864,256,260,141060,d256_20261005_195354
"ESP32-S3 N16R8 (QFN56 rev v0.2, 16MB flash, 8MB octal PSRAM)",240,Task-AE,256,7,95.754,494.682,0.109,0.002,494.793,590.547,8570099,8538068,8353420,374816,1012864,256,260,141060,d256_20261005_195354
"ESP32-S3 N16R8 (QFN56 rev v0.2, 16MB flash, 8MB octal PSRAM)",240,Task-AE,256,8,95.754,494.684,0.111,0.002,494.797,590.551,8570099,8538068,8353420,374816,1012864,256,260,141060,d256_20261005_195354
"ESP32-S3 N16R8 (QFN56 rev v0.2, 16MB flash, 8MB octal PSRAM)",240,Task-AE,256,9,95.754,494.682,0.109,0.002,494.793,590.547,8570099,8538068,8353420,374816,1012864,256,260,141060,d256_20261005_195354
"ESP32-S3 N16R8 (QFN56 rev v0.2, 16MB flash, 8MB octal PSRAM)",240,Task-AE,256,10,95.754,494.682,0.109,0.002,494.793,590.547,8570099,8538068,8353420,374816,1012864,256,260,141060,d256_20261005_195354
"ESP32-S3 N16R8 (QFN56 rev v0.2, 16MB flash, 8MB octal PSRAM)",240,Task-AE,256,11,95.754,494.684,0.111,0.002,494.797,590.551,8570099,8538068,8353420,374816,1012864,256,260,141060,d256_20261005_195354
"ESP32-S3 N16R8 (QFN56 rev v0.2, 16MB flash, 8MB octal PSRAM)",240,Task-AE,256,12,95.754,494.682,0.109,0.002,494.793,590.547,8570099,8538068,8353420,374816,1012864,256,260,141060,d256_20261005_195354
"ESP32-S3 N16R8 (QFN56 rev v0.2, 16MB flash, 8MB octal PSRAM)",240,Task-AE,256,13,95.754,494.682,0.109,0.002,494.793,590.547,8570099,8538068,8353420,374816,1012864,256,260,141060,d256_20261005_195354
"ESP32-S3 N16R8 (QFN56 rev v0.2, 16MB flash, 8MB octal PSRAM)",240,Task-AE,256,14,95.754,494.684,0.111,0.002,494.797,590.551,8570099,8538068,8353420,374816,1012864,256,260,141060,d256_20261005_195354
"ESP32-S3 N16R8 (QFN56 rev v0.2, 16MB flash, 8MB octal PSRAM)",240,Task-AE,256,15,95.754,494.682,0.109,0.002,494.793,590.547,8570099,8538068,8353420,374816,1012864,256,260,141060,d256_20261005_195354
"ESP32-S3 N16R8 (QFN56 rev v0.2, 16MB flash, 8MB octal PSRAM)",240,Task-AE,256,16,95.754,494.682,0.109,0.002,494.793,590.547,8570099,8538068,8353420,374816,1012864,256,260,141060,d256_20261005_195354
"ESP32-S3 N16R8 (QFN56 rev v0.2, 16MB flash, 8MB octal PSRAM)",240,Task-AE,256,17,95.754,494.684,0.111,0.002,494.797,590.551,8570099,8538068,8353420,374816,1012864,256,260,141060,d256_20261005_195354
"ESP32-S3 N16R8 (QFN56 rev v0.2, 16MB flash, 8MB octal PSRAM)",240,Task-AE,256,18,95.754,494.682,0.109,0.002,494.793,590.547,8570099,8538068,8353420,374816,1012864,256,260,141060,d256_20261005_195354
"ESP32-S3 N16R8 (QFN56 rev v0.2, 16MB flash, 8MB octal PSRAM)",240,Task-AE,256,19,95.754,494.682,0.109,0.002,494.793,590.547,8570099,8538068,8353420,374816,1012864,256,260,141060,d256_20261005_195354
"ESP32-S3 N16R8 (QFN56 rev v0.2, 16MB flash, 8MB octal PSRAM)",240,Task-AE,256,20,95.754,494.684,0.111,0.002,494.797,590.551,8570099,8538068,8353420,374816,1012864,256,260,141060,d256_20261005_195354
"ESP32-S3 N16R8 (QFN56 rev v0.2, 16MB flash, 8MB octal PSRAM)",240,Task-AE,256,21,95.754,494.682,0.109,0.002,494.793,590.547,8570099,8538068,8353420,374816,1012864,256,260,141060,d256_20261005_195354
"ESP32-S3 N16R8 (QFN56 rev v0.2, 16MB flash, 8MB octal PSRAM)",240,Task-AE,256,22,95.754,494.682,0.109,0.002,494.793,590.547,8570099,8538068,8353420,374816,1012864,256,260,141060,d256_20261005_195354
"ESP32-S3 N16R8 (QFN56 rev v0.2, 16MB flash, 8MB octal PSRAM)",240,Task-AE,256,23,95.754,494.684,0.111,0.002,494.797,590.551,8570099,8538068,8353420,374816,1012864,256,260,141060,d256_20261005_195354
"ESP32-S3 N16R8 (QFN56 rev v0.2, 16MB flash, 8MB octal PSRAM)",240,Task-AE,256,24,95.754,494.682,0.109,0.002,494.793,590.547,8570099,8538068,8353420,374816,1012864,256,260,141060,d256_20261005_195354
"ESP32-S3 N16R8 (QFN56 rev v0.2, 16MB flash, 8MB octal PSRAM)",240,Task-AE,256,25,95.754,494.682,0.109,0.002,494.793,590.547,8570099,8538068,8353420,374816,1012864,256,260,141060,d256_20261005_195354
"ESP32-S3 N16R8 (QFN56 rev v0.2, 16MB flash, 8MB octal PSRAM)",240,Task-AE,256,26,95.754,494.684,0.111,0.002,494.797,590.551,8570099,8538068,8353420,374816,1012864,256,260,141060,d256_20261005_195354
"ESP32-S3 N16R8 (QFN56 rev v0.2, 16MB flash, 8MB octal PSRAM)",240,Task-AE,256,27,95.754,494.682,0.109,0.002,494.793,590.547,8570099,8538068,8353420,374816,1012864,256,260,141060,d256_20261005_195354
"ESP32-S3 N16R8 (QFN56 rev v0.2, 16MB flash, 8MB octal PSRAM)",240,Task-AE,256,28,95.754,494.682,0.109,0.002,494.793,590.547,8570099,8538068,8353420,374816,1012864,256,260,141060,d256_20261005_195354
"ESP32-S3 N16R8 (QFN56 rev v0.2, 16MB flash, 8MB octal PSRAM)",240,Task-AE,256,29,95.754,494.684,0.111,0.002,494.797,590.551,8570099,8538068,8353420,374816,1012864,256,260,141060,d256_20261005_195354
"ESP32-S3 N16R8 (QFN56 rev v0.2, 16MB flash, 8MB octal PSRAM)",240,Task-AE,256,30,95.754,494.682,0.109,0.002,494.793,590.547,8570099,8538068,8353420,374816,1012864,256,260,141060,d256_20261005_195354
"ESP32-S3 N16R8 (QFN56 rev v0.2, 16MB flash, 8MB octal PSRAM)",240,Task-AE,256,31,95.754,494.682,0.109,0.002,494.793,590.547,8570099,8538068,8353420,374816,1012864,256,260,141060,d256_20261005_195354
"ESP32-S3 N16R8 (QFN56 rev v0.2, 16MB flash, 8MB octal PSRAM)",240,Task-AE,256,32,95.754,494.684,0.111,0.002,494.797,590.551,8570099,8538068,8353420,374816,1012864,256,260,141060,d256_20261005_195354
"ESP32-S3 N16R8 (QFN56 rev v0.2, 16MB flash, 8MB octal PSRAM)",240,Task-AE,256,33,95.754,494.682,0.109,0.002,494.793,590.547,8570099,8538068,8353420,374816,1012864,256,260,141060,d256_20261005_195354
"ESP32-S3 N16R8 (QFN56 rev v0.2, 16MB flash, 8MB octal PSRAM)",240,Task-AE,256,34,95.754,494.682,0.109,0.002,494.793,590.547,8570099,8538068,8353420,374816,1012864,256,260,141060,d256_20261005_195354
"ESP32-S3 N16R8 (QFN56 rev v0.2, 16MB flash, 8MB octal PSRAM)",240,Task-AE,256,35,95.754,494.684,0.111,0.002,494.797,590.551,8570099,8538068,8353420,374816,1012864,256,260,141060,d256_20261005_195354
"ESP32-S3 N16R8 (QFN56 rev v0.2, 16MB flash, 8MB octal PSRAM)",240,Task-AE,256,36,95.754,494.682,0.109,0.002,494.793,590.547,8570099,8538068,8353420,374816,1012864,256,260,141060,d256_20261005_195354
"ESP32-S3 N16R8 (QFN56 rev v0.2, 16MB flash, 8MB octal PSRAM)",240,Task-AE,256,37,95.754,494.682,0.109,0.002,494.793,590.547,8570099,8538068,8353420,374816,1012864,256,260,141060,d256_20261005_195354
"ESP32-S3 N16R8 (QFN56 rev v0.2, 16MB flash, 8MB octal PSRAM)",240,Task-AE,256,38,95.754,494.684,0.111,0.002,494.797,590.551,8570099,8538068,8353420,374816,1012864,256,260,141060,d256_20261005_195354
"ESP32-S3 N16R8 (QFN56 rev v0.2, 16MB flash, 8MB octal PSRAM)",240,Task-AE,256,39,95.754,494.682,0.109,0.002,494.793,590.547,8570099,8538068,8353420,374816,1012864,256,260,141060,d256_20261005_195354
"ESP32-S3 N16R8 (QFN56 rev v0.2, 16MB flash, 8MB octal PSRAM)",240,Task-AE,256,40,95.754,494.682,0.109,0.002,494.793,590.547,8570099,8538068,8353420,374816,1012864,256,260,141060,d256_20261005_195354
"ESP32-S3 N16R8 (QFN56 rev v0.2, 16MB flash, 8MB octal PSRAM)",240,Task-AE,256,41,95.754,494.684,0.111,0.002,494.797,590.551,8570099,8538068,8353420,374816,1012864,256,260,141060,d256_20261005_195354
"ESP32-S3 N16R8 (QFN56 rev v0.2, 16MB flash, 8MB octal PSRAM)",240,Task-AE,256,42,95.754,494.682,0.109,0.002,494.793,590.547,8570099,8538068,8353420,374816,1012864,256,260,141060,d256_20261005_195354
"ESP32-S3 N16R8 (QFN56 rev v0.2, 16MB flash, 8MB octal PSRAM)",240,Task-AE,256,43,95.754,494.682,0.109,0.002,494.793,590.547,8570099,8538068,8353420,374816,1012864,256,260,141060,d256_20261005_195354
"ESP32-S3 N16R8 (QFN56 rev v0.2, 16MB flash, 8MB octal PSRAM)",240,Task-AE,256,44,95.754,494.684,0.111,0.002,494.797,590.551,8570099,8538068,8353420,374816,1012864,256,260,141060,d256_20261005_195354
"ESP32-S3 N16R8 (QFN56 rev v0.2, 16MB flash, 8MB octal PSRAM)",240,Task-AE,256,45,95.754,494.682,0.109,0.002,494.793,590.547,8570099,8538068,8353420,374816,1012864,256,260,141060,d256_20261005_195354
"ESP32-S3 N16R8 (QFN56 rev v0.2, 16MB flash, 8MB octal PSRAM)",240,Task-AE,256,46,95.754,494.682,0.109,0.002,494.793,590.547,8570099,8538068,8353420,374816,1012864,256,260,141060,d256_20261005_195354
"ESP32-S3 N16R8 (QFN56 rev v0.2, 16MB flash, 8MB octal PSRAM)",240,Task-AE,256,47,95.754,494.684,0.111,0.002,494.797,590.551,8570099,8538068,8353420,374816,1012864,256,260,141060,d256_20261005_195354
"ESP32-S3 N16R8 (QFN56 rev v0.2, 16MB flash, 8MB octal PSRAM)",240,Task-AE,256,48,95.754,494.682,0.109,0.002,494.793,590.547,8570099,8538068,8353420,374816,1012864,256,260,141060,d256_20261005_195354
"ESP32-S3 N16R8 (QFN56 rev v0.2, 16MB flash, 8MB octal PSRAM)",240,Task-AE,256,49,95.754,494.682,0.109,0.002,494.793,590.547,8570099,8538068,8353420,374816,1012864,256,260,141060,d256_20261005_195354
"ESP32-S3 N16R8 (QFN56 rev v0.2, 16MB flash, 8MB octal PSRAM)",240,Task-AE,256,50,95.754,494.684,0.111,0.002,494.797,590.551,8570099,8538068,8353420,374816,1012864,256,260,141060,d256_20261005_195354
"ESP32-S3 N16R8 (QFN56 rev v0.2, 16MB flash, 8MB octal PSRAM)",240,Task-AE,256,51,95.754,494.682,0.109,0.002,494.793,590.547,8570099,8538068,8353420,374816,1012864,256,260,141060,d256_20261005_195354
"ESP32-S3 N16R8 (QFN56 rev v0.2, 16MB flash, 8MB octal PSRAM)",240,Task-AE,256,52,95.754,494.682,0.109,0.002,494.793,590.547,8570099,8538068,8353420,374816,1012864,256,260,141060,d256_20261005_195354
"ESP32-S3 N16R8 (QFN56 rev v0.2, 16MB flash, 8MB octal PSRAM)",240,Task-AE,256,53,95.754,494.684,0.111,0.002,494.797,590.551,8570099,8538068,8353420,374816,1012864,256,260,141060,d256_20261005_195354
"ESP32-S3 N16R8 (QFN56 rev v0.2, 16MB flash, 8MB octal PSRAM)",240,Task-AE,256,54,95.754,494.682,0.109,0.002,494.793,590.547,8570099,8538068,8353420,374816,1012864,256,260,141060,d256_20261005_195354
"ESP32-S3 N16R8 (QFN56 rev v0.2, 16MB flash, 8MB octal PSRAM)",240,Task-AE,256,55,95.754,494.682,0.109,0.002,494.793,590.547,8570099,8538068,8353420,374816,1012864,256,260,141060,d256_20261005_195354
"ESP32-S3 N16R8 (QFN56 rev v0.2, 16MB flash, 8MB octal PSRAM)",240,Task-AE,256,56,95.754,494.684,0.111,0.002,494.797,590.551,8570099,8538068,8353420,374816,1012864,256,260,141060,d256_20261005_195354
"ESP32-S3 N16R8 (QFN56 rev v0.2, 16MB flash, 8MB octal PSRAM)",240,Task-AE,256,57,95.754,494.682,0.109,0.002,494.793,590.547,8570099,8538068,8353420,374816,1012864,256,260,141060,d256_20261005_195354
"ESP32-S3 N16R8 (QFN56 rev v0.2, 16MB flash, 8MB octal PSRAM)",240,Task-AE,256,58,95.754,494.682,0.109,0.002,494.793,590.547,8570099,8538068,8353420,374816,1012864,256,260,141060,d256_20261005_195354
"ESP32-S3 N16R8 (QFN56 rev v0.2, 16MB flash, 8MB octal PSRAM)",240,Task-AE,256,59,95.755,494.684,0.111,0.002,494.797,590.552,8570099,8538068,8353420,374816,1012864,256,260,141060,d256_20261005_195354
"ESP32-S3 N16R8 (QFN56 rev v0.2, 16MB flash, 8MB octal PSRAM)",240,Task-AE,256,60,95.754,494.682,0.109,0.002,494.793,590.547,8570099,8538068,8353420,374816,1012864,256,260,141060,d256_20261005_195354
"ESP32-S3 N16R8 (QFN56 rev v0.2, 16MB flash, 8MB octal PSRAM)",240,Task-AE,256,61,95.754,494.682,0.109,0.002,494.793,590.547,8570099,8538068,8353420,374816,1012864,256,260,141060,d256_20261005_195354
"ESP32-S3 N16R8 (QFN56 rev v0.2, 16MB flash, 8MB octal PSRAM)",240,Task-AE,256,62,95.754,494.684,0.111,0.002,494.797,590.551,8570099,8538068,8353420,374816,1012864,256,260,141060,d256_20261005_195354
"ESP32-S3 N16R8 (QFN56 rev v0.2, 16MB flash, 8MB octal PSRAM)",240,Task-AE,256,63,95.755,494.682,0.109,0.002,494.793,590.548,8570099,8538068,8353420,374816,1012864,256,260,141060,d256_20261005_195354
"ESP32-S3 N16R8 (QFN56 rev v0.2, 16MB flash, 8MB octal PSRAM)",240,Task-AE,256,64,95.754,494.682,0.109,0.002,494.793,590.547,8570099,8538068,8353420,374816,1012864,256,260,141060,d256_20261005_195354
"ESP32-S3 N16R8 (QFN56 rev v0.2, 16MB flash, 8MB octal PSRAM)",240,Task-AE,256,65,95.754,494.684,0.111,0.002,494.797,590.551,8570099,8538068,8353420,374816,1012864,256,260,141060,d256_20261005_195354
"ESP32-S3 N16R8 (QFN56 rev v0.2, 16MB flash, 8MB octal PSRAM)",240,Task-AE,256,66,95.754,494.682,0.109,0.002,494.793,590.547,8570099,8538068,8353420,374816,1012864,256,260,141060,d256_20261005_195354
"ESP32-S3 N16R8 (QFN56 rev v0.2, 16MB flash, 8MB octal PSRAM)",240,Task-AE,256,67,95.754,494.682,0.109,0.002,494.793,590.547,8570099,8538068,8353420,374816,1012864,256,260,141060,d256_20261005_195354
"ESP32-S3 N16R8 (QFN56 rev v0.2, 16MB flash, 8MB octal PSRAM)",240,Task-AE,256,68,95.754,494.684,0.111,0.002,494.797,590.551,8570099,8538068,8353420,374816,1012864,256,260,141060,d256_20261005_195354
"ESP32-S3 N16R8 (QFN56 rev v0.2, 16MB flash, 8MB octal PSRAM)",240,Task-AE,256,69,95.754,494.682,0.109,0.002,494.793,590.547,8570099,8538068,8353420,374816,1012864,256,260,141060,d256_20261005_195354
"ESP32-S3 N16R8 (QFN56 rev v0.2, 16MB flash, 8MB octal PSRAM)",240,Task-AE,256,70,95.754,494.682,0.109,0.002,494.793,590.547,8570099,8538068,8353420,374816,1012864,256,260,141060,d256_20261005_195354
"ESP32-S3 N16R8 (QFN56 rev v0.2, 16MB flash, 8MB octal PSRAM)",240,Task-AE,256,71,95.754,494.684,0.111,0.002,494.797,590.551,8570099,8538068,8353420,374816,1012864,256,260,141060,d256_20261005_195354
"ESP32-S3 N16R8 (QFN56 rev v0.2, 16MB flash, 8MB octal PSRAM)",240,Task-AE,256,72,95.754,494.682,0.109,0.002,494.793,590.547,8570099,8538068,8353420,374816,1012864,256,260,141060,d256_20261005_195354
"ESP32-S3 N16R8 (QFN56 rev v0.2, 16MB flash, 8MB octal PSRAM)",240,Task-AE,256,73,95.754,494.682,0.109,0.002,494.793,590.547,8570099,8538068,8353420,374816,1012864,256,260,141060,d256_20261005_195354
"ESP32-S3 N16R8 (QFN56 rev v0.2, 16MB flash, 8MB octal PSRAM)",240,Task-AE,256,74,95.754,494.684,0.111,0.002,494.797,590.551,8570099,8538068,8353420,374816,1012864,256,260,141060,d256_20261005_195354
"ESP32-S3 N16R8 (QFN56 rev v0.2, 16MB flash, 8MB octal PSRAM)",240,Task-AE,256,75,95.754,494.682,0.109,0.002,494.793,590.547,8570099,8538068,8353420,374816,1012864,256,260,141060,d256_20261005_195354
"ESP32-S3 N16R8 (QFN56 rev v0.2, 16MB flash, 8MB octal PSRAM)",240,Task-AE,256,76,95.754,494.682,0.109,0.002,494.793,590.547,8570099,8538068,8353420,374816,1012864,256,260,141060,d256_20261005_195354
"ESP32-S3 N16R8 (QFN56 rev v0.2, 16MB flash, 8MB octal PSRAM)",240,Task-AE,256,77,95.754,494.684,0.111,0.002,494.797,590.551,8570099,8538068,8353420,374816,1012864,256,260,141060,d256_20261005_195354
"ESP32-S3 N16R8 (QFN56 rev v0.2, 16MB flash, 8MB octal PSRAM)",240,Task-AE,256,78,95.754,494.682,0.109,0.002,494.793,590.547,8570099,8538068,8353420,374816,1012864,256,260,141060,d256_20261005_195354
"ESP32-S3 N16R8 (QFN56 rev v0.2, 16MB flash, 8MB octal PSRAM)",240,Task-AE,256,79,95.754,494.682,0.109,0.002,494.793,590.547,8570099,8538068,8353420,374816,1012864,256,260,141060,d256_20261005_195354
"ESP32-S3 N16R8 (QFN56 rev v0.2, 16MB flash, 8MB octal PSRAM)",240,Task-AE,256,80,95.754,494.684,0.111,0.002,494.797,590.551,8570099,8538068,8353420,374816,1012864,256,260,141060,d256_20261005_195354
"ESP32-S3 N16R8 (QFN56 rev v0.2, 16MB flash, 8MB octal PSRAM)",240,Task-AE,256,81,95.754,494.682,0.109,0.002,494.793,590.547,8570099,8538068,8353420,374816,1012864,256,260,141060,d256_20261005_195354
"ESP32-S3 N16R8 (QFN56 rev v0.2, 16MB flash, 8MB octal PSRAM)",240,Task-AE,256,82,95.754,494.682,0.109,0.002,494.793,590.547,8570099,8538068,8353420,374816,1012864,256,260,141060,d256_20261005_195354
"ESP32-S3 N16R8 (QFN56 rev v0.2, 16MB flash, 8MB octal PSRAM)",240,Task-AE,256,83,95.754,494.684,0.111,0.002,494.797,590.551,8570099,8538068,8353420,374816,1012864,256,260,141060,d256_20261005_195354
"ESP32-S3 N16R8 (QFN56 rev v0.2, 16MB flash, 8MB octal PSRAM)",240,Task-AE,256,84,95.754,494.682,0.109,0.002,494.793,590.547,8570099,8538068,8353420,374816,1012864,256,260,141060,d256_20261005_195354
"ESP32-S3 N16R8 (QFN56 rev v0.2, 16MB flash, 8MB octal PSRAM)",240,Task-AE,256,85,95.754,494.682,0.109,0.002,494.793,590.547,8570099,8538068,8353420,374816,1012864,256,260,141060,d256_20261005_195354
"ESP32-S3 N16R8 (QFN56 rev v0.2, 16MB flash, 8MB octal PSRAM)",240,Task-AE,256,86,95.754,494.684,0.111,0.002,494.797,590.551,8570099,8538068,8353420,374816,1012864,256,260,141060,d256_20261005_195354
"ESP32-S3 N16R8 (QFN56 rev v0.2, 16MB flash, 8MB octal PSRAM)",240,Task-AE,256,87,95.754,494.682,0.109,0.002,494.793,590.547,8570099,8538068,8353420,374816,1012864,256,260,141060,d256_20261005_195354
"ESP32-S3 N16R8 (QFN56 rev v0.2, 16MB flash, 8MB octal PSRAM)",240,Task-AE,256,88,95.754,494.682,0.109,0.002,494.793,590.547,8570099,8538068,8353420,374816,1012864,256,260,141060,d256_20261005_195354
"ESP32-S3 N16R8 (QFN56 rev v0.2, 16MB flash, 8MB octal PSRAM)",240,Task-AE,256,89,95.754,494.684,0.111,0.002,494.797,590.551,8570099,8538068,8353420,374816,1012864,256,260,141060,d256_20261005_195354
"ESP32-S3 N16R8 (QFN56 rev v0.2, 16MB flash, 8MB octal PSRAM)",240,Task-AE,256,90,95.754,494.682,0.109,0.002,494.793,590.547,8570099,8538068,8353420,374816,1012864,256,260,141060,d256_20261005_195354
"ESP32-S3 N16R8 (QFN56 rev v0.2, 16MB flash, 8MB octal PSRAM)",240,Task-AE,256,91,95.754,494.682,0.109,0.002,494.793,590.547,8570099,8538068,8353420,374816,1012864,256,260,141060,d256_20261005_195354
"ESP32-S3 N16R8 (QFN56 rev v0.2, 16MB flash, 8MB octal PSRAM)",240,Task-AE,256,92,95.754,494.684,0.111,0.002,494.797,590.551,8570099,8538068,8353420,374816,1012864,256,260,141060,d256_20261005_195354
"ESP32-S3 N16R8 (QFN56 rev v0.2, 16MB flash, 8MB octal PSRAM)",240,Task-AE,256,93,95.754,494.682,0.109,0.002,494.793,590.547,8570099,8538068,8353420,374816,1012864,256,260,141060,d256_20261005_195354
"ESP32-S3 N16R8 (QFN56 rev v0.2, 16MB flash, 8MB octal PSRAM)",240,Task-AE,256,94,95.754,494.682,0.109,0.002,494.793,590.547,8570099,8538068,8353420,374816,1012864,256,260,141060,d256_20261005_195354
"ESP32-S3 N16R8 (QFN56 rev v0.2, 16MB flash, 8MB octal PSRAM)",240,Task-AE,256,95,95.754,494.684,0.111,0.002,494.797,590.551,8570099,8538068,8353420,374816,1012864,256,260,141060,d256_20261005_195354
"ESP32-S3 N16R8 (QFN56 rev v0.2, 16MB flash, 8MB octal PSRAM)",240,Task-AE,256,96,95.754,494.682,0.109,0.002,494.793,590.547,8570099,8538068,8353420,374816,1012864,256,260,141060,d256_20261005_195354
"ESP32-S3 N16R8 (QFN56 rev v0.2, 16MB flash, 8MB octal PSRAM)",240,Task-AE,256,97,95.754,494.682,0.109,0.002,494.793,590.547,8570099,8538068,8353420,374816,1012864,256,260,141060,d256_20261005_195354
"ESP32-S3 N16R8 (QFN56 rev v0.2, 16MB flash, 8MB octal PSRAM)",240,Task-AE,256,98,95.754,494.684,0.111,0.002,494.797,590.551,8570099,8538068,8353420,374816,1012864,256,260,141060,d256_20261005_195354
"ESP32-S3 N16R8 (QFN56 rev v0.2, 16MB flash, 8MB octal PSRAM)",240,Task-AE,256,99,95.754,494.682,0.109,0.002,494.793,590.547,8570099,8538068,8353420,374816,1012864,256,260,141060,d256_20261005_195354
"ESP32-S3 N16R8 (QFN56 rev v0.2, 16MB flash, 8MB octal PSRAM)",240,Task-AE,256,100,95.754,494.682,0.109,0.002,494.793,590.547,8570099,8538068,8353420,374816,1012864,256,260,141060,d256_20261005_195354
"ESP32-S3 N16R8 (QFN56 rev v0.2, 16MB flash, 8MB octal PSRAM)",240,Task-AE,256,101,95.754,494.684,0.111,0.002,494.797,590.551,8570099,8538068,8353420,374816,1012864,256,260,141060,d256_20261005_195354
"ESP32-S3 N16R8 (QFN56 rev v0.2, 16MB flash, 8MB octal PSRAM)",240,Task-AE,256,102,95.754,494.682,0.109,0.002,494.793,590.547,8570099,8538068,8353420,374816,1012864,256,260,141060,d256_20261005_195354
"ESP32-S3 N16R8 (QFN56 rev v0.2, 16MB flash, 8MB octal PSRAM)",240,Task-AE,256,103,95.754,494.682,0.109,0.002,494.793,590.547,8570099,8538068,8353420,374816,1012864,256,260,141060,d256_20261005_195354
"ESP32-S3 N16R8 (QFN56 rev v0.2, 16MB flash, 8MB octal PSRAM)",240,Task-AE,256,104,95.754,494.684,0.111,0.002,494.797,590.551,8570099,8538068,8353420,374816,1012864,256,260,141060,d256_20261005_195354
"ESP32-S3 N16R8 (QFN56 rev v0.2, 16MB flash, 8MB octal PSRAM)",240,Task-AE,256,105,95.754,494.682,0.109,0.002,494.793,590.547,8570099,8538068,8353420,374816,1012864,256,260,141060,d256_20261005_195354
"ESP32-S3 N16R8 (QFN56 rev v0.2, 16MB flash, 8MB octal PSRAM)",240,Task-AE,256,106,95.754,494.682,0.109,0.002,494.793,590.547,8570099,8538068,8353420,374816,1012864,256,260,141060,d256_20261005_195354
"ESP32-S3 N16R8 (QFN56 rev v0.2, 16MB flash, 8MB octal PSRAM)",240,Task-AE,256,107,95.754,494.684,0.111,0.002,494.797,590.551,8570099,8538068,8353420,374816,1012864,256,260,141060,d256_20261005_195354
"ESP32-S3 N16R8 (QFN56 rev v0.2, 16MB flash, 8MB octal PSRAM)",240,Task-AE,256,108,95.754,494.682,0.109,0.002,494.793,590.547,8570099,8538068,8353420,374816,1012864,256,260,141060,d256_20261005_195354
"ESP32-S3 N16R8 (QFN56 rev v0.2, 16MB flash, 8MB octal PSRAM)",240,Task-AE,256,109,95.754,494.682,0.109,0.002,494.793,590.547,8570099,8538068,8353420,374816,1012864,256,260,141060,d256_20261005_195354
"ESP32-S3 N16R8 (QFN56 rev v0.2, 16MB flash, 8MB octal PSRAM)",240,Task-AE,256,110,95.754,494.684,0.111,0.002,494.797,590.551,8570099,8538068,8353420,374816,1012864,256,260,141060,d256_20261005_195354
"ESP32-S3 N16R8 (QFN56 rev v0.2, 16MB flash, 8MB octal PSRAM)",240,Task-AE,256,111,95.754,494.682,0.109,0.002,494.793,590.547,8570099,8538068,8353420,374816,1012864,256,260,141060,d256_20261005_195354
"ESP32-S3 N16R8 (QFN56 rev v0.2, 16MB flash, 8MB octal PSRAM)",240,Task-AE,256,112,95.754,494.682,0.109,0.002,494.793,590.547,8570099,8538068,8353420,374816,1012864,256,260,141060,d256_20261005_195354
"ESP32-S3 N16R8 (QFN56 rev v0.2, 16MB flash, 8MB octal PSRAM)",240,Task-AE,256,113,95.754,494.684,0.111,0.002,494.797,590.551,8570099,8538068,8353420,374816,1012864,256,260,141060,d256_20261005_195354
"ESP32-S3 N16R8 (QFN56 rev v0.2, 16MB flash, 8MB octal PSRAM)",240,Task-AE,256,114,95.754,494.682,0.109,0.002,494.793,590.547,8570099,8538068,8353420,374816,1012864,256,260,141060,d256_20261005_195354
"ESP32-S3 N16R8 (QFN56 rev v0.2, 16MB flash, 8MB octal PSRAM)",240,Task-AE,256,115,95.754,494.682,0.109,0.002,494.793,590.547,8570099,8538068,8353420,374816,1012864,256,260,141060,d256_20261005_195354
"ESP32-S3 N16R8 (QFN56 rev v0.2, 16MB flash, 8MB octal PSRAM)",240,Task-AE,256,116,95.754,494.684,0.111,0.002,494.797,590.551,8570099,8538068,8353420,374816,1012864,256,260,141060,d256_20261005_195354
"ESP32-S3 N16R8 (QFN56 rev v0.2, 16MB flash, 8MB octal PSRAM)",240,Task-AE,256,117,95.754,494.682,0.109,0.002,494.793,590.547,8570099,8538068,8353420,374816,1012864,256,260,141060,d256_20261005_195354
"ESP32-S3 N16R8 (QFN56 rev v0.2, 16MB flash, 8MB octal PSRAM)",240,Task-AE,256,118,95.754,494.682,0.109,0.002,494.793,590.547,8570099,8538068,8353420,374816,1012864,256,260,141060,d256_20261005_195354
"ESP32-S3 N16R8 (QFN56 rev v0.2, 16MB flash, 8MB octal PSRAM)",240,Task-AE,256,119,95.754,494.684,0.111,0.002,494.797,590.551,8570099,8538068,8353420,374816,1012864,256,260,141060,d256_20261005_195354
"ESP32-S3 N16R8 (QFN56 rev v0.2, 16MB flash, 8MB octal PSRAM)",240,Task-AE,256,120,95.754,494.682,0.109,0.002,494.793,590.547,8570099,8538068,8353420,374816,1012864,256,260,141060,d256_20261005_195354
"ESP32-S3 N16R8 (QFN56 rev v0.2, 16MB flash, 8MB octal PSRAM)",240,Task-AE,256,121,95.754,494.682,0.109,0.002,494.793,590.547,8570099,8538068,8353420,374816,1012864,256,260,141060,d256_20261005_195354
"ESP32-S3 N16R8 (QFN56 rev v0.2, 16MB flash, 8MB octal PSRAM)",240,Task-AE,256,122,95.754,494.684,0.111,0.002,494.797,590.551,8570099,8538068,8353420,374816,1012864,256,260,141060,d256_20261005_195354
"ESP32-S3 N16R8 (QFN56 rev v0.2, 16MB flash, 8MB octal PSRAM)",240,Task-AE,256,123,95.754,494.682,0.109,0.002,494.793,590.547,8570099,8538068,8353420,374816,1012864,256,260,141060,d256_20261005_195354
"ESP32-S3 N16R8 (QFN56 rev v0.2, 16MB flash, 8MB octal PSRAM)",240,Task-AE,256,124,95.754,494.682,0.109,0.002,494.793,590.547,8570099,8538068,8353420,374816,1012864,256,260,141060,d256_20261005_195354
"ESP32-S3 N16R8 (QFN56 rev v0.2, 16MB flash, 8MB octal PSRAM)",240,Task-AE,256,125,95.754,494.684,0.111,0.002,494.797,590.551,8570099,8538068,8353420,374816,1012864,256,260,141060,d256_20261005_195354
"ESP32-S3 N16R8 (QFN56 rev v0.2, 16MB flash, 8MB octal PSRAM)",240,Task-AE,256,126,95.754,494.682,0.109,0.002,494.793,590.547,8570099,8538068,8353420,374816,1012864,256,260,141060,d256_20261005_195354
"ESP32-S3 N16R8 (QFN56 rev v0.2, 16MB flash, 8MB octal PSRAM)",240,Task-AE,256,127,95.754,494.682,0.109,0.002,494.793,590.547,8570099,8538068,8353420,374816,1012864,256,260,141060,d256_20261005_195354
"ESP32-S3 N16R8 (QFN56 rev v0.2, 16MB flash, 8MB octal PSRAM)",240,Task-AE,256,128,95.754,494.684,0.111,0.002,494.797,590.551,8570099,8538068,8353420,374816,1012864,256,260,141060,d256_20261005_195354
"ESP32-S3 N16R8 (QFN56 rev v0.2, 16MB flash, 8MB octal PSRAM)",240,Task-AE,256,129,95.754,494.682,0.109,0.002,494.793,590.547,8570099,8538068,8353420,374816,1012864,256,260,141060,d256_20261005_195354
"ESP32-S3 N16R8 (QFN56 rev v0.2, 16MB flash, 8MB octal PSRAM)",240,Task-AE,256,130,95.754,494.682,0.109,0.002,494.793,590.547,8570099,8538068,8353420,374816,1012864,256,260,141060,d256_20261005_195354
"ESP32-S3 N16R8 (QFN56 rev v0.2, 16MB flash, 8MB octal PSRAM)",240,Task-AE,256,131,95.754,494.684,0.111,0.002,494.797,590.551,8570099,8538068,8353420,374816,1012864,256,260,141060,d256_20261005_195354
"ESP32-S3 N16R8 (QFN56 rev v0.2, 16MB flash, 8MB octal PSRAM)",240,Task-AE,256,132,95.754,494.682,0.109,0.002,494.793,590.547,8570099,8538068,8353420,374816,1012864,256,260,141060,d256_20261005_195354
"ESP32-S3 N16R8 (QFN56 rev v0.2, 16MB flash, 8MB octal PSRAM)",240,Task-AE,256,133,95.754,494.682,0.109,0.002,494.793,590.547,8570099,8538068,8353420,374816,1012864,256,260,141060,d256_20261005_195354
"ESP32-S3 N16R8 (QFN56 rev v0.2, 16MB flash, 8MB octal PSRAM)",240,Task-AE,256,134,95.754,494.684,0.111,0.002,494.797,590.551,8570099,8538068,8353420,374816,1012864,256,260,141060,d256_20261005_195354
"ESP32-S3 N16R8 (QFN56 rev v0.2, 16MB flash, 8MB octal PSRAM)",240,Task-AE,256,135,95.754,494.682,0.109,0.002,494.793,590.547,8570099,8538068,8353420,374816,1012864,256,260,141060,d256_20261005_195354
"ESP32-S3 N16R8 (QFN56 rev v0.2, 16MB flash, 8MB octal PSRAM)",240,Task-AE,256,136,95.754,494.682,0.109,0.002,494.793,590.547,8570099,8538068,8353420,374816,1012864,256,260,141060,d256_20261005_195354
"ESP32-S3 N16R8 (QFN56 rev v0.2, 16MB flash, 8MB octal PSRAM)",240,Task-AE,256,137,95.754,494.684,0.111,0.002,494.797,590.551,8570099,8538068,8353420,374816,1012864,256,260,141060,d256_20261005_195354
"ESP32-S3 N16R8 (QFN56 rev v0.2, 16MB flash, 8MB octal PSRAM)",240,Task-AE,256,138,95.754,494.682,0.109,0.002,494.793,590.547,8570099,8538068,8353420,374816,1012864,256,260,141060,d256_20261005_195354
"ESP32-S3 N16R8 (QFN56 rev v0.2, 16MB flash, 8MB octal PSRAM)",240,Task-AE,256,139,95.754,494.682,0.109,0.002,494.793,590.547,8570099,8538068,8353420,374816,1012864,256,260,141060,d256_20261005_195354
"ESP32-S3 N16R8 (QFN56 rev v0.2, 16MB flash, 8MB octal PSRAM)",240,Task-AE,256,140,95.754,494.684,0.111,0.002,494.797,590.551,8570099,8538068,8353420,374816,1012864,256,260,141060,d256_20261005_195354
"ESP32-S3 N16R8 (QFN56 rev v0.2, 16MB flash, 8MB octal PSRAM)",240,Task-AE,256,141,95.754,494.682,0.109,0.002,494.793,590.547,8570099,8538068,8353420,374816,1012864,256,260,141060,d256_20261005_195354
"ESP32-S3 N16R8 (QFN56 rev v0.2, 16MB flash, 8MB octal PSRAM)",240,Task-AE,256,142,95.754,494.682,0.109,0.002,494.793,590.547,8570099,8538068,8353420,374816,1012864,256,260,141060,d256_20261005_195354
"ESP32-S3 N16R8 (QFN56 rev v0.2, 16MB flash, 8MB octal PSRAM)",240,Task-AE,256,143,95.754,494.684,0.111,0.002,494.797,590.551,8570099,8538068,8353420,374816,1012864,256,260,141060,d256_20261005_195354
"ESP32-S3 N16R8 (QFN56 rev v0.2, 16MB flash, 8MB octal PSRAM)",240,Task-AE,256,144,95.754,494.682,0.109,0.002,494.793,590.547,8570099,8538068,8353420,374816,1012864,256,260,141060,d256_20261005_195354
"ESP32-S3 N16R8 (QFN56 rev v0.2, 16MB flash, 8MB octal PSRAM)",240,Task-AE,256,145,95.754,494.682,0.109,0.002,494.793,590.547,8570099,8538068,8353420,374816,1012864,256,260,141060,d256_20261005_195354
"ESP32-S3 N16R8 (QFN56 rev v0.2, 16MB flash, 8MB octal PSRAM)",240,Task-AE,256,146,95.754,494.684,0.111,0.002,494.797,590.551,8570099,8538068,8353420,374816,1012864,256,260,141060,d256_20261005_195354
"ESP32-S3 N16R8 (QFN56 rev v0.2, 16MB flash, 8MB octal PSRAM)",240,Task-AE,256,147,95.754,494.682,0.109,0.002,494.793,590.547,8570099,8538068,8353420,374816,1012864,256,260,141060,d256_20261005_195354
"ESP32-S3 N16R8 (QFN56 rev v0.2, 16MB flash, 8MB octal PSRAM)",240,Task-AE,256,148,95.754,494.682,0.109,0.002,494.793,590.547,8570099,8538068,8353420,374816,1012864,256,260,141060,d256_20261005_195354
"ESP32-S3 N16R8 (QFN56 rev v0.2, 16MB flash, 8MB octal PSRAM)",240,Task-AE,256,149,95.754,494.684,0.111,0.002,494.797,590.551,8570099,8538068,8353420,374816,1012864,256,260,141060,d256_20261005_195354
"ESP32-S3 N16R8 (QFN56 rev v0.2, 16MB flash, 8MB octal PSRAM)",240,Task-AE,256,150,95.754,494.682,0.109,0.002,494.793,590.547,8570099,8538068,8353420,374816,1012864,256,260,141060,d256_20261005_195354
"ESP32-S3 N16R8 (QFN56 rev v0.2, 16MB flash, 8MB octal PSRAM)",240,Task-AE,256,151,95.754,494.682,0.109,0.002,494.793,590.547,8570099,8538068,8353420,374816,1012864,256,260,141060,d256_20261005_195354
"ESP32-S3 N16R8 (QFN56 rev v0.2, 16MB flash, 8MB octal PSRAM)",240,Task-AE,256,152,95.754,494.684,0.111,0.002,494.797,590.551,8570099,8538068,8353420,374816,1012864,256,260,141060,d256_20261005_195354
"ESP32-S3 N16R8 (QFN56 rev v0.2, 16MB flash, 8MB octal PSRAM)",240,Task-AE,256,153,95.754,494.682,0.109,0.002,494.793,590.547,8570099,8538068,8353420,374816,1012864,256,260,141060,d256_20261005_195354
"ESP32-S3 N16R8 (QFN56 rev v0.2, 16MB flash, 8MB octal PSRAM)",240,Task-AE,256,154,95.754,494.682,0.109,0.002,494.793,590.547,8570099,8538068,8353420,374816,1012864,256,260,141060,d256_20261005_195354
"ESP32-S3 N16R8 (QFN56 rev v0.2, 16MB flash, 8MB octal PSRAM)",240,Task-AE,256,155,95.754,494.684,0.111,0.002,494.797,590.551,8570099,8538068,8353420,374816,1012864,256,260,141060,d256_20261005_195354
"ESP32-S3 N16R8 (QFN56 rev v0.2, 16MB flash, 8MB octal PSRAM)",240,Task-AE,256,156,95.754,494.682,0.109,0.002,494.793,590.547,8570099,8538068,8353420,374816,1012864,256,260,141060,d256_20261005_195354
"ESP32-S3 N16R8 (QFN56 rev v0.2, 16MB flash, 8MB octal PSRAM)",240,Task-AE,256,157,95.754,494.682,0.109,0.002,494.793,590.547,8570099,8538068,8353420,374816,1012864,256,260,141060,d256_20261005_195354
"ESP32-S3 N16R8 (QFN56 rev v0.2, 16MB flash, 8MB octal PSRAM)",240,Task-AE,256,158,95.754,494.684,0.111,0.002,494.797,590.551,8570099,8538068,8353420,374816,1012864,256,260,141060,d256_20261005_195354
"ESP32-S3 N16R8 (QFN56 rev v0.2, 16MB flash, 8MB octal PSRAM)",240,Task-AE,256,159,95.754,494.682,0.109,0.002,494.793,590.547,8570099,8538068,8353420,374816,1012864,256,260,141060,d256_20261005_195354
"ESP32-S3 N16R8 (QFN56 rev v0.2, 16MB flash, 8MB octal PSRAM)",240,Task-AE,256,160,95.754,494.682,0.109,0.002,494.793,590.547,8570099,8538068,8353420,374816,1012864,256,260,141060,d256_20261005_195354
"ESP32-S3 N16R8 (QFN56 rev v0.2, 16MB flash, 8MB octal PSRAM)",240,Task-AE,256,161,95.754,494.684,0.111,0.002,494.797,590.551,8570099,8538068,8353420,374816,1012864,256,260,141060,d256_20261005_195354
"ESP32-S3 N16R8 (QFN56 rev v0.2, 16MB flash, 8MB octal PSRAM)",240,Task-AE,256,162,95.754,494.682,0.109,0.002,494.793,590.547,8570099,8538068,8353420,374816,1012864,256,260,141060,d256_20261005_195354
"ESP32-S3 N16R8 (QFN56 rev v0.2, 16MB flash, 8MB octal PSRAM)",240,Task-AE,256,163,95.754,494.682,0.109,0.002,494.793,590.547,8570099,8538068,8353420,374816,1012864,256,260,141060,d256_20261005_195354
"ESP32-S3 N16R8 (QFN56 rev v0.2, 16MB flash, 8MB octal PSRAM)",240,Task-AE,256,164,95.754,494.684,0.111,0.002,494.797,590.551,8570099,8538068,8353420,374816,1012864,256,260,141060,d256_20261005_195354
"ESP32-S3 N16R8 (QFN56 rev v0.2, 16MB flash, 8MB octal PSRAM)",240,Task-AE,256,165,95.754,494.682,0.109,0.002,494.793,590.547,8570099,8538068,8353420,374816,1012864,256,260,141060,d256_20261005_195354
"ESP32-S3 N16R8 (QFN56 rev v0.2, 16MB flash, 8MB octal PSRAM)",240,Task-AE,256,166,95.754,494.682,0.109,0.002,494.793,590.547,8570099,8538068,8353420,374816,1012864,256,260,141060,d256_20261005_195354
"ESP32-S3 N16R8 (QFN56 rev v0.2, 16MB flash, 8MB octal PSRAM)",240,Task-AE,256,167,95.754,494.684,0.111,0.002,494.797,590.551,8570099,8538068,8353420,374816,1012864,256,260,141060,d256_20261005_195354
"ESP32-S3 N16R8 (QFN56 rev v0.2, 16MB flash, 8MB octal PSRAM)",240,Task-AE,256,168,95.754,494.682,0.109,0.002,494.793,590.547,8570099,8538068,8353420,374816,1012864,256,260,141060,d256_20261005_195354
"ESP32-S3 N16R8 (QFN56 rev v0.2, 16MB flash, 8MB octal PSRAM)",240,Task-AE,256,169,95.754,494.682,0.109,0.002,494.793,590.547,8570099,8538068,8353420,374816,1012864,256,260,141060,d256_20261005_195354
"ESP32-S3 N16R8 (QFN56 rev v0.2, 16MB flash, 8MB octal PSRAM)",240,Task-AE,256,170,95.754,494.684,0.111,0.002,494.797,590.551,8570099,8538068,8353420,374816,1012864,256,260,141060,d256_20261005_195354
"ESP32-S3 N16R8 (QFN56 rev v0.2, 16MB flash, 8MB octal PSRAM)",240,Task-AE,256,171,95.754,494.682,0.109,0.002,494.793,590.547,8570099,8538068,8353420,374816,1012864,256,260,141060,d256_20261005_195354
"ESP32-S3 N16R8 (QFN56 rev v0.2, 16MB flash, 8MB octal PSRAM)",240,Task-AE,256,172,95.754,494.682,0.109,0.002,494.793,590.547,8570099,8538068,8353420,374816,1012864,256,260,141060,d256_20261005_195354
"ESP32-S3 N16R8 (QFN56 rev v0.2, 16MB flash, 8MB octal PSRAM)",240,Task-AE,256,173,95.754,494.684,0.111,0.002,494.797,590.551,8570099,8538068,8353420,374816,1012864,256,260,141060,d256_20261005_195354
"ESP32-S3 N16R8 (QFN56 rev v0.2, 16MB flash, 8MB octal PSRAM)",240,Task-AE,256,174,95.754,494.682,0.109,0.002,494.793,590.547,8570099,8538068,8353420,374816,1012864,256,260,141060,d256_20261005_195354
"ESP32-S3 N16R8 (QFN56 rev v0.2, 16MB flash, 8MB octal PSRAM)",240,Task-AE,256,175,95.754,494.682,0.109,0.002,494.793,590.547,8570099,8538068,8353420,374816,1012864,256,260,141060,d256_20261005_195354
"ESP32-S3 N16R8 (QFN56 rev v0.2, 16MB flash, 8MB octal PSRAM)",240,Task-AE,256,176,95.754,494.684,0.111,0.002,494.797,590.551,8570099,8538068,8353420,374816,1012864,256,260,141060,d256_20261005_195354
"ESP32-S3 N16R8 (QFN56 rev v0.2, 16MB flash, 8MB octal PSRAM)",240,Task-AE,256,177,95.754,494.682,0.109,0.002,494.793,590.547,8570099,8538068,8353420,374816,1012864,256,260,141060,d256_20261005_195354
"ESP32-S3 N16R8 (QFN56 rev v0.2, 16MB flash, 8MB octal PSRAM)",240,Task-AE,256,178,95.754,494.682,0.109,0.002,494.793,590.547,8570099,8538068,8353420,374816,1012864,256,260,141060,d256_20261005_195354
"ESP32-S3 N16R8 (QFN56 rev v0.2, 16MB flash, 8MB octal PSRAM)",240,Task-AE,256,179,95.754,494.684,0.111,0.002,494.797,590.551,8570099,8538068,8353420,374816,1012864,256,260,141060,d256_20261005_195354
"ESP32-S3 N16R8 (QFN56 rev v0.2, 16MB flash, 8MB octal PSRAM)",240,Task-AE,256,180,95.754,494.682,0.109,0.002,494.793,590.547,8570099,8538068,8353420,374816,1012864,256,260,141060,d256_20261005_195354
"ESP32-S3 N16R8 (QFN56 rev v0.2, 16MB flash, 8MB octal PSRAM)",240,Task-AE,256,181,95.754,494.682,0.109,0.002,494.793,590.547,8570099,8538068,8353420,374816,1012864,256,260,141060,d256_20261005_195354
"ESP32-S3 N16R8 (QFN56 rev v0.2, 16MB flash, 8MB octal PSRAM)",240,Task-AE,256,182,95.754,494.684,0.111,0.002,494.797,590.551,8570099,8538068,8353420,374816,1012864,256,260,141060,d256_20261005_195354
"ESP32-S3 N16R8 (QFN56 rev v0.2, 16MB flash, 8MB octal PSRAM)",240,Task-AE,256,183,95.754,494.682,0.109,0.002,494.793,590.547,8570099,8538068,8353420,374816,1012864,256,260,141060,d256_20261005_195354
"ESP32-S3 N16R8 (QFN56 rev v0.2, 16MB flash, 8MB octal PSRAM)",240,Task-AE,256,184,95.754,494.682,0.109,0.002,494.793,590.547,8570099,8538068,8353420,374816,1012864,256,260,141060,d256_20261005_195354
"ESP32-S3 N16R8 (QFN56 rev v0.2, 16MB flash, 8MB octal PSRAM)",240,Task-AE,256,185,95.754,494.684,0.111,0.002,494.797,590.551,8570099,8538068,8353420,374816,1012864,256,260,141060,d256_20261005_195354
"ESP32-S3 N16R8 (QFN56 rev v0.2, 16MB flash, 8MB octal PSRAM)",240,Task-AE,256,186,95.754,494.682,0.109,0.002,494.793,590.547,8570099,8538068,8353420,374816,1012864,256,260,141060,d256_20261005_195354
"ESP32-S3 N16R8 (QFN56 rev v0.2, 16MB flash, 8MB octal PSRAM)",240,Task-AE,256,187,95.754,494.682,0.109,0.002,494.793,590.547,8570099,8538068,8353420,374816,1012864,256,260,141060,d256_20261005_195354
"ESP32-S3 N16R8 (QFN56 rev v0.2, 16MB flash, 8MB octal PSRAM)",240,Task-AE,256,188,95.754,494.684,0.111,0.002,494.797,590.551,8570099,8538068,8353420,374816,1012864,256,260,141060,d256_20261005_195354
"ESP32-S3 N16R8 (QFN56 rev v0.2, 16MB flash, 8MB octal PSRAM)",240,Task-AE,256,189,95.754,494.682,0.109,0.002,494.793,590.547,8570099,8538068,8353420,374816,1012864,256,260,141060,d256_20261005_195354
"ESP32-S3 N16R8 (QFN56 rev v0.2, 16MB flash, 8MB octal PSRAM)",240,Task-AE,256,190,95.754,494.682,0.109,0.002,494.793,590.547,8570099,8538068,8353420,374816,1012864,256,260,141060,d256_20261005_195354
"ESP32-S3 N16R8 (QFN56 rev v0.2, 16MB flash, 8MB octal PSRAM)",240,Task-AE,256,191,95.754,494.684,0.111,0.002,494.797,590.551,8570099,8538068,8353420,374816,1012864,256,260,141060,d256_20261005_195354
"ESP32-S3 N16R8 (QFN56 rev v0.2, 16MB flash, 8MB octal PSRAM)",240,Task-AE,256,192,95.754,494.682,0.109,0.002,494.793,590.547,8570099,8538068,8353420,374816,1012864,256,260,141060,d256_20261005_195354
"ESP32-S3 N16R8 (QFN56 rev v0.2, 16MB flash, 8MB octal PSRAM)",240,Task-AE,256,193,95.755,494.682,0.109,0.002,494.793,590.548,8570099,8538068,8353420,374816,1012864,256,260,141060,d256_20261005_195354
"ESP32-S3 N16R8 (QFN56 rev v0.2, 16MB flash, 8MB octal PSRAM)",240,Task-AE,256,194,95.754,494.684,0.111,0.002,494.797,590.551,8570099,8538068,8353420,374816,1012864,256,260,141060,d256_20261005_195354
"ESP32-S3 N16R8 (QFN56 rev v0.2, 16MB flash, 8MB octal PSRAM)",240,Task-AE,256,195,95.754,494.682,0.109,0.002,494.793,590.547,8570099,8538068,8353420,374816,1012864,256,260,141060,d256_20261005_195354
"ESP32-S3 N16R8 (QFN56 rev v0.2, 16MB flash, 8MB octal PSRAM)",240,Task-AE,256,196,95.754,494.682,0.109,0.002,494.793,590.547,8570099,8538068,8353420,374816,1012864,256,260,141060,d256_20261005_195354
"ESP32-S3 N16R8 (QFN56 rev v0.2, 16MB flash, 8MB octal PSRAM)",240,Task-AE,256,197,95.754,494.684,0.111,0.002,494.797,590.551,8570099,8538068,8353420,374816,1012864,256,260,141060,d256_20261005_195354
"ESP32-S3 N16R8 (QFN56 rev v0.2, 16MB flash, 8MB octal PSRAM)",240,Task-AE,256,198,95.754,494.682,0.109,0.002,494.793,590.547,8570099,8538068,8353420,374816,1012864,256,260,141060,d256_20261005_195354
"ESP32-S3 N16R8 (QFN56 rev v0.2, 16MB flash, 8MB octal PSRAM)",240,Task-AE,256,199,95.754,494.682,0.109,0.002,494.793,590.547,8570099,8538068,8353420,374816,1012864,256,260,141060,d256_20261005_195354
"ESP32-S3 N16R8 (QFN56 rev v0.2, 16MB flash, 8MB octal PSRAM)",240,Task-AE,256,200,95.754,494.684,0.111,0.002,494.797,590.551,8570099,8538068,8353420,374816,1012864,256,260,141060,d256_20261005_195354
"ESP32-S3 N16R8 (QFN56 rev v0.2, 16MB flash, 8MB octal PSRAM)",240,Task-AE,256,201,95.754,494.682,0.109,0.002,494.793,590.547,8570099,8538068,8353420,374816,1012864,256,260,141060,d256_20261005_195354
"ESP32-S3 N16R8 (QFN56 rev v0.2, 16MB flash, 8MB octal PSRAM)",240,Task-AE,256,202,95.754,494.682,0.109,0.002,494.793,590.547,8570099,8538068,8353420,374816,1012864,256,260,141060,d256_20261005_195354
"ESP32-S3 N16R8 (QFN56 rev v0.2, 16MB flash, 8MB octal PSRAM)",240,Task-AE,256,203,95.754,494.684,0.111,0.002,494.797,590.551,8570099,8538068,8353420,374816,1012864,256,260,141060,d256_20261005_195354
"ESP32-S3 N16R8 (QFN56 rev v0.2, 16MB flash, 8MB octal PSRAM)",240,Task-AE,256,204,95.754,494.682,0.109,0.002,494.793,590.547,8570099,8538068,8353420,374816,1012864,256,260,141060,d256_20261005_195354
"ESP32-S3 N16R8 (QFN56 rev v0.2, 16MB flash, 8MB octal PSRAM)",240,Task-AE,256,205,95.754,494.682,0.109,0.002,494.793,590.547,8570099,8538068,8353420,374816,1012864,256,260,141060,d256_20261005_195354
"ESP32-S3 N16R8 (QFN56 rev v0.2, 16MB flash, 8MB octal PSRAM)",240,Task-AE,256,206,95.754,494.684,0.111,0.002,494.797,590.551,8570099,8538068,8353420,374816,1012864,256,260,141060,d256_20261005_195354
"ESP32-S3 N16R8 (QFN56 rev v0.2, 16MB flash, 8MB octal PSRAM)",240,Task-AE,256,207,95.754,494.682,0.109,0.002,494.793,590.547,8570099,8538068,8353420,374816,1012864,256,260,141060,d256_20261005_195354
"ESP32-S3 N16R8 (QFN56 rev v0.2, 16MB flash, 8MB octal PSRAM)",240,Task-AE,256,208,95.754,494.682,0.109,0.002,494.793,590.547,8570099,8538068,8353420,374816,1012864,256,260,141060,d256_20261005_195354
"ESP32-S3 N16R8 (QFN56 rev v0.2, 16MB flash, 8MB octal PSRAM)",240,Task-AE,256,209,95.754,494.684,0.111,0.002,494.797,590.551,8570099,8538068,8353420,374816,1012864,256,260,141060,d256_20261005_195354
"ESP32-S3 N16R8 (QFN56 rev v0.2, 16MB flash, 8MB octal PSRAM)",240,Task-AE,256,210,95.754,494.682,0.109,0.002,494.793,590.547,8570099,8538068,8353420,374816,1012864,256,260,141060,d256_20261005_195354
"ESP32-S3 N16R8 (QFN56 rev v0.2, 16MB flash, 8MB octal PSRAM)",240,Task-AE,256,211,95.754,494.682,0.109,0.002,494.793,590.547,8570099,8538068,8353420,374816,1012864,256,260,141060,d256_20261005_195354
"ESP32-S3 N16R8 (QFN56 rev v0.2, 16MB flash, 8MB octal PSRAM)",240,Task-AE,256,212,95.754,494.684,0.111,0.002,494.797,590.551,8570099,8538068,8353420,374816,1012864,256,260,141060,d256_20261005_195354
"ESP32-S3 N16R8 (QFN56 rev v0.2, 16MB flash, 8MB octal PSRAM)",240,Task-AE,256,213,95.754,494.682,0.109,0.002,494.793,590.547,8570099,8538068,8353420,374816,1012864,256,260,141060,d256_20261005_195354
"ESP32-S3 N16R8 (QFN56 rev v0.2, 16MB flash, 8MB octal PSRAM)",240,Task-AE,256,214,95.754,494.682,0.109,0.002,494.793,590.547,8570099,8538068,8353420,374816,1012864,256,260,141060,d256_20261005_195354
"ESP32-S3 N16R8 (QFN56 rev v0.2, 16MB flash, 8MB octal PSRAM)",240,Task-AE,256,215,95.754,494.684,0.111,0.002,494.797,590.551,8570099,8538068,8353420,374816,1012864,256,260,141060,d256_20261005_195354
"ESP32-S3 N16R8 (QFN56 rev v0.2, 16MB flash, 8MB octal PSRAM)",240,Task-AE,256,216,95.754,494.682,0.109,0.002,494.793,590.547,8570099,8538068,8353420,374816,1012864,256,260,141060,d256_20261005_195354
"ESP32-S3 N16R8 (QFN56 rev v0.2, 16MB flash, 8MB octal PSRAM)",240,Task-AE,256,217,95.754,494.682,0.109,0.002,494.793,590.547,8570099,8538068,8353420,374816,1012864,256,260,141060,d256_20261005_195354
"ESP32-S3 N16R8 (QFN56 rev v0.2, 16MB flash, 8MB octal PSRAM)",240,Task-AE,256,218,95.754,494.684,0.111,0.002,494.797,590.551,8570099,8538068,8353420,374816,1012864,256,260,141060,d256_20261005_195354
"ESP32-S3 N16R8 (QFN56 rev v0.2, 16MB flash, 8MB octal PSRAM)",240,Task-AE,256,219,95.754,494.682,0.109,0.002,494.793,590.547,8570099,8538068,8353420,374816,1012864,256,260,141060,d256_20261005_195354
"ESP32-S3 N16R8 (QFN56 rev v0.2, 16MB flash, 8MB octal PSRAM)",240,Task-AE,256,220,95.754,494.682,0.109,0.002,494.793,590.547,8570099,8538068,8353420,374816,1012864,256,260,141060,d256_20261005_195354
"ESP32-S3 N16R8 (QFN56 rev v0.2, 16MB flash, 8MB octal PSRAM)",240,Task-AE,256,221,95.755,494.684,0.111,0.002,494.797,590.552,8570099,8538068,8353420,374816,1012864,256,260,141060,d256_20261005_195354
"ESP32-S3 N16R8 (QFN56 rev v0.2, 16MB flash, 8MB octal PSRAM)",240,Task-AE,256,222,95.754,494.682,0.109,0.002,494.793,590.547,8570099,8538068,8353420,374816,1012864,256,260,141060,d256_20261005_195354
"ESP32-S3 N16R8 (QFN56 rev v0.2, 16MB flash, 8MB octal PSRAM)",240,Task-AE,256,223,95.754,494.682,0.109,0.002,494.793,590.547,8570099,8538068,8353420,374816,1012864,256,260,141060,d256_20261005_195354
"ESP32-S3 N16R8 (QFN56 rev v0.2, 16MB flash, 8MB octal PSRAM)",240,Task-AE,256,224,95.754,494.684,0.111,0.002,494.797,590.551,8570099,8538068,8353420,374816,1012864,256,260,141060,d256_20261005_195354
"ESP32-S3 N16R8 (QFN56 rev v0.2, 16MB flash, 8MB octal PSRAM)",240,Task-AE,256,225,95.754,494.682,0.109,0.002,494.793,590.547,8570099,8538068,8353420,374816,1012864,256,260,141060,d256_20261005_195354
"ESP32-S3 N16R8 (QFN56 rev v0.2, 16MB flash, 8MB octal PSRAM)",240,Task-AE,256,226,95.754,494.682,0.109,0.002,494.793,590.547,8570099,8538068,8353420,374816,1012864,256,260,141060,d256_20261005_195354
"ESP32-S3 N16R8 (QFN56 rev v0.2, 16MB flash, 8MB octal PSRAM)",240,Task-AE,256,227,95.754,494.684,0.111,0.002,494.797,590.551,8570099,8538068,8353420,374816,1012864,256,260,141060,d256_20261005_195354
"ESP32-S3 N16R8 (QFN56 rev v0.2, 16MB flash, 8MB octal PSRAM)",240,Task-AE,256,228,95.754,494.682,0.109,0.002,494.793,590.547,8570099,8538068,8353420,374816,1012864,256,260,141060,d256_20261005_195354
"ESP32-S3 N16R8 (QFN56 rev v0.2, 16MB flash, 8MB octal PSRAM)",240,Task-AE,256,229,95.754,494.682,0.109,0.002,494.793,590.547,8570099,8538068,8353420,374816,1012864,256,260,141060,d256_20261005_195354
"ESP32-S3 N16R8 (QFN56 rev v0.2, 16MB flash, 8MB octal PSRAM)",240,Task-AE,256,230,95.754,494.684,0.111,0.002,494.797,590.551,8570099,8538068,8353420,374816,1012864,256,260,141060,d256_20261005_195354
"ESP32-S3 N16R8 (QFN56 rev v0.2, 16MB flash, 8MB octal PSRAM)",240,Task-AE,256,231,95.754,494.682,0.109,0.002,494.793,590.547,8570099,8538068,8353420,374816,1012864,256,260,141060,d256_20261005_195354
"ESP32-S3 N16R8 (QFN56 rev v0.2, 16MB flash, 8MB octal PSRAM)",240,Task-AE,256,232,95.754,494.682,0.109,0.002,494.793,590.547,8570099,8538068,8353420,374816,1012864,256,260,141060,d256_20261005_195354
"ESP32-S3 N16R8 (QFN56 rev v0.2, 16MB flash, 8MB octal PSRAM)",240,Task-AE,256,233,95.754,494.684,0.111,0.002,494.797,590.551,8570099,8538068,8353420,374816,1012864,256,260,141060,d256_20261005_195354
"ESP32-S3 N16R8 (QFN56 rev v0.2, 16MB flash, 8MB octal PSRAM)",240,Task-AE,256,234,95.754,494.682,0.109,0.002,494.793,590.547,8570099,8538068,8353420,374816,1012864,256,260,141060,d256_20261005_195354
"ESP32-S3 N16R8 (QFN56 rev v0.2, 16MB flash, 8MB octal PSRAM)",240,Task-AE,256,235,95.754,494.682,0.109,0.002,494.793,590.547,8570099,8538068,8353420,374816,1012864,256,260,141060,d256_20261005_195354
"ESP32-S3 N16R8 (QFN56 rev v0.2, 16MB flash, 8MB octal PSRAM)",240,Task-AE,256,236,95.754,494.684,0.111,0.002,494.797,590.551,8570099,8538068,8353420,374816,1012864,256,260,141060,d256_20261005_195354
"ESP32-S3 N16R8 (QFN56 rev v0.2, 16MB flash, 8MB octal PSRAM)",240,Task-AE,256,237,95.754,494.682,0.109,0.002,494.793,590.547,8570099,8538068,8353420,374816,1012864,256,260,141060,d256_20261005_195354
"ESP32-S3 N16R8 (QFN56 rev v0.2, 16MB flash, 8MB octal PSRAM)",240,Task-AE,256,238,95.754,494.682,0.109,0.002,494.793,590.547,8570099,8538068,8353420,374816,1012864,256,260,141060,d256_20261005_195354
"ESP32-S3 N16R8 (QFN56 rev v0.2, 16MB flash, 8MB octal PSRAM)",240,Task-AE,256,239,95.754,494.684,0.111,0.002,494.797,590.551,8570099,8538068,8353420,374816,1012864,256,260,141060,d256_20261005_195354
"ESP32-S3 N16R8 (QFN56 rev v0.2, 16MB flash, 8MB octal PSRAM)",240,Task-AE,256,240,95.754,494.682,0.109,0.002,494.793,590.547,8570099,8538068,8353420,374816,1012864,256,260,141060,d256_20261005_195354
"ESP32-S3 N16R8 (QFN56 rev v0.2, 16MB flash, 8MB octal PSRAM)",240,Task-AE,256,241,95.754,494.682,0.109,0.002,494.793,590.547,8570099,8538068,8353420,374816,1012864,256,260,141060,d256_20261005_195354
"ESP32-S3 N16R8 (QFN56 rev v0.2, 16MB flash, 8MB octal PSRAM)",240,Task-AE,256,242,95.754,494.684,0.111,0.002,494.797,590.551,8570099,8538068,8353420,374816,1012864,256,260,141060,d256_20261005_195354
"ESP32-S3 N16R8 (QFN56 rev v0.2, 16MB flash, 8MB octal PSRAM)",240,Task-AE,256,243,95.754,494.682,0.109,0.002,494.793,590.547,8570099,8538068,8353420,374816,1012864,256,260,141060,d256_20261005_195354
"ESP32-S3 N16R8 (QFN56 rev v0.2, 16MB flash, 8MB octal PSRAM)",240,Task-AE,256,244,95.754,494.682,0.109,0.002,494.793,590.547,8570099,8538068,8353420,374816,1012864,256,260,141060,d256_20261005_195354
"ESP32-S3 N16R8 (QFN56 rev v0.2, 16MB flash, 8MB octal PSRAM)",240,Task-AE,256,245,95.754,494.684,0.111,0.002,494.797,590.551,8570099,8538068,8353420,374816,1012864,256,260,141060,d256_20261005_195354
"ESP32-S3 N16R8 (QFN56 rev v0.2, 16MB flash, 8MB octal PSRAM)",240,Task-AE,256,246,95.754,494.682,0.109,0.002,494.793,590.547,8570099,8538068,8353420,374816,1012864,256,260,141060,d256_20261005_195354
"ESP32-S3 N16R8 (QFN56 rev v0.2, 16MB flash, 8MB octal PSRAM)",240,Task-AE,256,247,95.754,494.682,0.109,0.002,494.793,590.547,8570099,8538068,8353420,374816,1012864,256,260,141060,d256_20261005_195354
"ESP32-S3 N16R8 (QFN56 rev v0.2, 16MB flash, 8MB octal PSRAM)",240,Task-AE,256,248,95.754,494.684,0.111,0.002,494.797,590.551,8570099,8538068,8353420,374816,1012864,256,260,141060,d256_20261005_195354
"ESP32-S3 N16R8 (QFN56 rev v0.2, 16MB flash, 8MB octal PSRAM)",240,Task-AE,256,249,95.754,494.682,0.109,0.002,494.793,590.547,8570099,8538068,8353420,374816,1012864,256,260,141060,d256_20261005_195354
"ESP32-S3 N16R8 (QFN56 rev v0.2, 16MB flash, 8MB octal PSRAM)",240,Task-AE,256,250,95.754,494.682,0.109,0.002,494.793,590.547,8570099,8538068,8353420,374816,1012864,256,260,141060,d256_20261005_195354
"ESP32-S3 N16R8 (QFN56 rev v0.2, 16MB flash, 8MB octal PSRAM)",240,Task-AE,256,251,95.754,494.684,0.111,0.002,494.797,590.551,8570099,8538068,8353420,374816,1012864,256,260,141060,d256_20261005_195354
"ESP32-S3 N16R8 (QFN56 rev v0.2, 16MB flash, 8MB octal PSRAM)",240,Task-AE,256,252,95.754,494.682,0.109,0.002,494.793,590.547,8570099,8538068,8353420,374816,1012864,256,260,141060,d256_20261005_195354
"ESP32-S3 N16R8 (QFN56 rev v0.2, 16MB flash, 8MB octal PSRAM)",240,Task-AE,256,253,95.754,494.682,0.109,0.002,494.793,590.547,8570099,8538068,8353420,374816,1012864,256,260,141060,d256_20261005_195354
"ESP32-S3 N16R8 (QFN56 rev v0.2, 16MB flash, 8MB octal PSRAM)",240,Task-AE,256,254,95.754,494.684,0.111,0.002,494.797,590.551,8570099,8538068,8353420,374816,1012864,256,260,141060,d256_20261005_195354
"ESP32-S3 N16R8 (QFN56 rev v0.2, 16MB flash, 8MB octal PSRAM)",240,Task-AE,256,255,95.754,494.682,0.109,0.002,494.793,590.547,8570099,8538068,8353420,374816,1012864,256,260,141060,d256_20261005_195354
"ESP32-S3 N16R8 (QFN56 rev v0.2, 16MB flash, 8MB octal PSRAM)",240,Task-AE,256,256,95.754,494.682,0.109,0.002,494.793,590.547,8570099,8538068,8353420,374816,1012864,256,260,141060,d256_20261005_195354
"ESP32-S3 N16R8 (QFN56 rev v0.2, 16MB flash, 8MB octal PSRAM)",240,Task-AE,256,257,95.754,494.684,0.111,0.002,494.797,590.551,8570099,8538068,8353420,374816,1012864,256,260,141060,d256_20261005_195354
"ESP32-S3 N16R8 (QFN56 rev v0.2, 16MB flash, 8MB octal PSRAM)",240,Task-AE,256,258,95.754,494.682,0.109,0.002,494.793,590.547,8570099,8538068,8353420,374816,1012864,256,260,141060,d256_20261005_195354
"ESP32-S3 N16R8 (QFN56 rev v0.2, 16MB flash, 8MB octal PSRAM)",240,Task-AE,256,259,95.754,494.682,0.109,0.002,494.793,590.547,8570099,8538068,8353420,374816,1012864,256,260,141060,d256_20261005_195354
"ESP32-S3 N16R8 (QFN56 rev v0.2, 16MB flash, 8MB octal PSRAM)",240,Task-AE,256,260,95.754,494.684,0.111,0.002,494.797,590.551,8570099,8538068,8353420,374816,1012864,256,260,141060,d256_20261005_195354
"ESP32-S3 N16R8 (QFN56 rev v0.2, 16MB flash, 8MB octal PSRAM)",240,Task-AE,256,261,95.754,494.682,0.109,0.002,494.793,590.547,8570099,8538068,8353420,374816,1012864,256,260,141060,d256_20261005_195354
"ESP32-S3 N16R8 (QFN56 rev v0.2, 16MB flash, 8MB octal PSRAM)",240,Task-AE,256,262,95.754,494.682,0.109,0.002,494.793,590.547,8570099,8538068,8353420,374816,1012864,256,260,141060,d256_20261005_195354
"ESP32-S3 N16R8 (QFN56 rev v0.2, 16MB flash, 8MB octal PSRAM)",240,Task-AE,256,263,95.754,494.684,0.111,0.002,494.797,590.551,8570099,8538068,8353420,374816,1012864,256,260,141060,d256_20261005_195354
"ESP32-S3 N16R8 (QFN56 rev v0.2, 16MB flash, 8MB octal PSRAM)",240,Task-AE,256,264,95.754,494.682,0.109,0.002,494.793,590.547,8570099,8538068,8353420,374816,1012864,256,260,141060,d256_20261005_195354
"ESP32-S3 N16R8 (QFN56 rev v0.2, 16MB flash, 8MB octal PSRAM)",240,Task-AE,256,265,95.754,494.682,0.109,0.002,494.793,590.547,8570099,8538068,8353420,374816,1012864,256,260,141060,d256_20261005_195354
"ESP32-S3 N16R8 (QFN56 rev v0.2, 16MB flash, 8MB octal PSRAM)",240,Task-AE,256,266,95.754,494.684,0.111,0.002,494.797,590.551,8570099,8538068,8353420,374816,1012864,256,260,141060,d256_20261005_195354
"ESP32-S3 N16R8 (QFN56 rev v0.2, 16MB flash, 8MB octal PSRAM)",240,Task-AE,256,267,95.754,494.682,0.109,0.002,494.793,590.547,8570099,8538068,8353420,374816,1012864,256,260,141060,d256_20261005_195354
"ESP32-S3 N16R8 (QFN56 rev v0.2, 16MB flash, 8MB octal PSRAM)",240,Task-AE,256,268,95.754,494.682,0.109,0.002,494.793,590.547,8570099,8538068,8353420,374816,1012864,256,260,141060,d256_20261005_195354
"ESP32-S3 N16R8 (QFN56 rev v0.2, 16MB flash, 8MB octal PSRAM)",240,Task-AE,256,269,95.754,494.684,0.111,0.002,494.797,590.551,8570099,8538068,8353420,374816,1012864,256,260,141060,d256_20261005_195354
"ESP32-S3 N16R8 (QFN56 rev v0.2, 16MB flash, 8MB octal PSRAM)",240,Task-AE,256,270,95.754,494.682,0.109,0.002,494.793,590.547,8570099,8538068,8353420,374816,1012864,256,260,141060,d256_20261005_195354
"ESP32-S3 N16R8 (QFN56 rev v0.2, 16MB flash, 8MB octal PSRAM)",240,Task-AE,256,271,95.754,494.682,0.109,0.002,494.793,590.547,8570099,8538068,8353420,374816,1012864,256,260,141060,d256_20261005_195354
"ESP32-S3 N16R8 (QFN56 rev v0.2, 16MB flash, 8MB octal PSRAM)",240,Task-AE,256,272,95.754,494.684,0.111,0.002,494.797,590.551,8570099,8538068,8353420,374816,1012864,256,260,141060,d256_20261005_195354
"ESP32-S3 N16R8 (QFN56 rev v0.2, 16MB flash, 8MB octal PSRAM)",240,Task-AE,256,273,95.754,494.682,0.109,0.002,494.793,590.547,8570099,8538068,8353420,374816,1012864,256,260,141060,d256_20261005_195354
"ESP32-S3 N16R8 (QFN56 rev v0.2, 16MB flash, 8MB octal PSRAM)",240,Task-AE,256,274,95.754,494.682,0.109,0.002,494.793,590.547,8570099,8538068,8353420,374816,1012864,256,260,141060,d256_20261005_195354
"ESP32-S3 N16R8 (QFN56 rev v0.2, 16MB flash, 8MB octal PSRAM)",240,Task-AE,256,275,95.754,494.684,0.111,0.002,494.797,590.551,8570099,8538068,8353420,374816,1012864,256,260,141060,d256_20261005_195354
"ESP32-S3 N16R8 (QFN56 rev v0.2, 16MB flash, 8MB octal PSRAM)",240,Task-AE,256,276,95.754,494.682,0.109,0.002,494.793,590.547,8570099,8538068,8353420,374816,1012864,256,260,141060,d256_20261005_195354
"ESP32-S3 N16R8 (QFN56 rev v0.2, 16MB flash, 8MB octal PSRAM)",240,Task-AE,256,277,95.754,494.682,0.109,0.002,494.793,590.547,8570099,8538068,8353420,374816,1012864,256,260,141060,d256_20261005_195354
"ESP32-S3 N16R8 (QFN56 rev v0.2, 16MB flash, 8MB octal PSRAM)",240,Task-AE,256,278,95.754,494.684,0.111,0.002,494.797,590.551,8570099,8538068,8353420,374816,1012864,256,260,141060,d256_20261005_195354
"ESP32-S3 N16R8 (QFN56 rev v0.2, 16MB flash, 8MB octal PSRAM)",240,Task-AE,256,279,95.754,494.682,0.109,0.002,494.793,590.547,8570099,8538068,8353420,374816,1012864,256,260,141060,d256_20261005_195354
"ESP32-S3 N16R8 (QFN56 rev v0.2, 16MB flash, 8MB octal PSRAM)",240,Task-AE,256,280,95.754,494.682,0.109,0.002,494.793,590.547,8570099,8538068,8353420,374816,1012864,256,260,141060,d256_20261005_195354
"ESP32-S3 N16R8 (QFN56 rev v0.2, 16MB flash, 8MB octal PSRAM)",240,Task-AE,256,281,95.754,494.684,0.111,0.002,494.797,590.551,8570099,8538068,8353420,374816,1012864,256,260,141060,d256_20261005_195354
"ESP32-S3 N16R8 (QFN56 rev v0.2, 16MB flash, 8MB octal PSRAM)",240,Task-AE,256,282,95.754,494.682,0.109,0.002,494.793,590.547,8570099,8538068,8353420,374816,1012864,256,260,141060,d256_20261005_195354
"ESP32-S3 N16R8 (QFN56 rev v0.2, 16MB flash, 8MB octal PSRAM)",240,Task-AE,256,283,95.754,494.682,0.109,0.002,494.793,590.547,8570099,8538068,8353420,374816,1012864,256,260,141060,d256_20261005_195354
"ESP32-S3 N16R8 (QFN56 rev v0.2, 16MB flash, 8MB octal PSRAM)",240,Task-AE,256,284,95.754,494.684,0.111,0.002,494.797,590.551,8570099,8538068,8353420,374816,1012864,256,260,141060,d256_20261005_195354
"ESP32-S3 N16R8 (QFN56 rev v0.2, 16MB flash, 8MB octal PSRAM)",240,Task-AE,256,285,95.754,494.682,0.109,0.002,494.793,590.547,8570099,8538068,8353420,374816,1012864,256,260,141060,d256_20261005_195354
"ESP32-S3 N16R8 (QFN56 rev v0.2, 16MB flash, 8MB octal PSRAM)",240,Task-AE,256,286,95.754,494.682,0.109,0.002,494.793,590.547,8570099,8538068,8353420,374816,1012864,256,260,141060,d256_20261005_195354
"ESP32-S3 N16R8 (QFN56 rev v0.2, 16MB flash, 8MB octal PSRAM)",240,Task-AE,256,287,95.754,494.684,0.111,0.002,494.797,590.551,8570099,8538068,8353420,374816,1012864,256,260,141060,d256_20261005_195354
"ESP32-S3 N16R8 (QFN56 rev v0.2, 16MB flash, 8MB octal PSRAM)",240,Task-AE,256,288,95.754,494.682,0.109,0.002,494.793,590.547,8570099,8538068,8353420,374816,1012864,256,260,141060,d256_20261005_195354
"ESP32-S3 N16R8 (QFN56 rev v0.2, 16MB flash, 8MB octal PSRAM)",240,Task-AE,256,289,95.754,494.682,0.109,0.002,494.793,590.547,8570099,8538068,8353420,374816,1012864,256,260,141060,d256_20261005_195354
"ESP32-S3 N16R8 (QFN56 rev v0.2, 16MB flash, 8MB octal PSRAM)",240,Task-AE,256,290,95.754,494.684,0.111,0.002,494.797,590.551,8570099,8538068,8353420,374816,1012864,256,260,141060,d256_20261005_195354
"ESP32-S3 N16R8 (QFN56 rev v0.2, 16MB flash, 8MB octal PSRAM)",240,Task-AE,256,291,95.754,494.682,0.109,0.002,494.793,590.547,8570099,8538068,8353420,374816,1012864,256,260,141060,d256_20261005_195354
"ESP32-S3 N16R8 (QFN56 rev v0.2, 16MB flash, 8MB octal PSRAM)",240,Task-AE,256,292,95.754,494.682,0.109,0.002,494.793,590.547,8570099,8538068,8353420,374816,1012864,256,260,141060,d256_20261005_195354
"ESP32-S3 N16R8 (QFN56 rev v0.2, 16MB flash, 8MB octal PSRAM)",240,Task-AE,256,293,95.754,494.684,0.111,0.002,494.797,590.551,8570099,8538068,8353420,374816,1012864,256,260,141060,d256_20261005_195354
"ESP32-S3 N16R8 (QFN56 rev v0.2, 16MB flash, 8MB octal PSRAM)",240,Task-AE,256,294,95.754,494.682,0.109,0.002,494.793,590.547,8570099,8538068,8353420,374816,1012864,256,260,141060,d256_20261005_195354
"ESP32-S3 N16R8 (QFN56 rev v0.2, 16MB flash, 8MB octal PSRAM)",240,Task-AE,256,295,95.754,494.682,0.109,0.002,494.793,590.547,8570099,8538068,8353420,374816,1012864,256,260,141060,d256_20261005_195354
"ESP32-S3 N16R8 (QFN56 rev v0.2, 16MB flash, 8MB octal PSRAM)",240,Task-AE,256,296,95.754,494.684,0.111,0.002,494.797,590.551,8570099,8538068,8353420,374816,1012864,256,260,141060,d256_20261005_195354
"ESP32-S3 N16R8 (QFN56 rev v0.2, 16MB flash, 8MB octal PSRAM)",240,Task-AE,256,297,95.754,494.682,0.109,0.002,494.793,590.547,8570099,8538068,8353420,374816,1012864,256,260,141060,d256_20261005_195354
"ESP32-S3 N16R8 (QFN56 rev v0.2, 16MB flash, 8MB octal PSRAM)",240,Task-AE,256,298,95.754,494.682,0.109,0.002,494.793,590.547,8570099,8538068,8353420,374816,1012864,256,260,141060,d256_20261005_195354
"ESP32-S3 N16R8 (QFN56 rev v0.2, 16MB flash, 8MB octal PSRAM)",240,Task-AE,256,299,95.754,494.684,0.111,0.002,494.797,590.551,8570099,8538068,8353420,374816,1012864,256,260,141060,d256_20261005_195354
"ESP32-S3 N16R8 (QFN56 rev v0.2, 16MB flash, 8MB octal PSRAM)",240,Task-AE,256,300,95.754,494.682,0.109,0.002,494.793,590.547,8570099,8538068,8353420,374816,1012864,256,260,141060,d256_20261005_195354
"ESP32-S3 N16R8 (QFN56 rev v0.2, 16MB flash, 8MB octal PSRAM)",240,Task-AE,256,301,95.754,494.682,0.109,0.002,494.793,590.547,8570099,8538068,8353420,374816,1012864,256,260,141060,d256_20261005_195354
"ESP32-S3 N16R8 (QFN56 rev v0.2, 16MB flash, 8MB octal PSRAM)",240,Task-AE,256,302,95.754,494.684,0.111,0.002,494.797,590.551,8570099,8538068,8353420,374816,1012864,256,260,141060,d256_20261005_195354
"ESP32-S3 N16R8 (QFN56 rev v0.2, 16MB flash, 8MB octal PSRAM)",240,Task-AE,256,303,95.754,494.682,0.109,0.002,494.793,590.547,8570099,8538068,8353420,374816,1012864,256,260,141060,d256_20261005_195354
"ESP32-S3 N16R8 (QFN56 rev v0.2, 16MB flash, 8MB octal PSRAM)",240,Task-AE,256,304,95.754,494.682,0.109,0.002,494.793,590.547,8570099,8538068,8353420,374816,1012864,256,260,141060,d256_20261005_195354
"ESP32-S3 N16R8 (QFN56 rev v0.2, 16MB flash, 8MB octal PSRAM)",240,Task-AE,256,305,95.754,494.684,0.111,0.002,494.797,590.551,8570099,8538068,8353420,374816,1012864,256,260,141060,d256_20261005_195354
"ESP32-S3 N16R8 (QFN56 rev v0.2, 16MB flash, 8MB octal PSRAM)",240,Task-AE,256,306,95.754,494.682,0.109,0.002,494.793,590.547,8570099,8538068,8353420,374816,1012864,256,260,141060,d256_20261005_195354
"ESP32-S3 N16R8 (QFN56 rev v0.2, 16MB flash, 8MB octal PSRAM)",240,Task-AE,256,307,95.754,494.682,0.109,0.002,494.793,590.547,8570099,8538068,8353420,374816,1012864,256,260,141060,d256_20261005_195354
"ESP32-S3 N16R8 (QFN56 rev v0.2, 16MB flash, 8MB octal PSRAM)",240,Task-AE,256,308,95.754,494.684,0.111,0.002,494.797,590.551,8570099,8538068,8353420,374816,1012864,256,260,141060,d256_20261005_195354
"ESP32-S3 N16R8 (QFN56 rev v0.2, 16MB flash, 8MB octal PSRAM)",240,Task-AE,256,309,95.754,494.682,0.109,0.002,494.793,590.547,8570099,8538068,8353420,374816,1012864,256,260,141060,d256_20261005_195354
"ESP32-S3 N16R8 (QFN56 rev v0.2, 16MB flash, 8MB octal PSRAM)",240,Task-AE,256,310,95.754,494.682,0.109,0.002,494.793,590.547,8570099,8538068,8353420,374816,1012864,256,260,141060,d256_20261005_195354
"ESP32-S3 N16R8 (QFN56 rev v0.2, 16MB flash, 8MB octal PSRAM)",240,Task-AE,256,311,95.754,494.684,0.111,0.002,494.797,590.551,8570099,8538068,8353420,374816,1012864,256,260,141060,d256_20261005_195354
"ESP32-S3 N16R8 (QFN56 rev v0.2, 16MB flash, 8MB octal PSRAM)",240,Task-AE,256,312,95.754,494.682,0.109,0.002,494.793,590.547,8570099,8538068,8353420,374816,1012864,256,260,141060,d256_20261005_195354
"ESP32-S3 N16R8 (QFN56 rev v0.2, 16MB flash, 8MB octal PSRAM)",240,Task-AE,256,313,95.754,494.682,0.109,0.002,494.793,590.547,8570099,8538068,8353420,374816,1012864,256,260,141060,d256_20261005_195354
"ESP32-S3 N16R8 (QFN56 rev v0.2, 16MB flash, 8MB octal PSRAM)",240,Task-AE,256,314,95.754,494.684,0.111,0.002,494.797,590.551,8570099,8538068,8353420,374816,1012864,256,260,141060,d256_20261005_195354
"ESP32-S3 N16R8 (QFN56 rev v0.2, 16MB flash, 8MB octal PSRAM)",240,Task-AE,256,315,95.754,494.682,0.109,0.002,494.793,590.547,8570099,8538068,8353420,374816,1012864,256,260,141060,d256_20261005_195354
"ESP32-S3 N16R8 (QFN56 rev v0.2, 16MB flash, 8MB octal PSRAM)",240,Task-AE,256,316,95.754,494.682,0.109,0.002,494.793,590.547,8570099,8538068,8353420,374816,1012864,256,260,141060,d256_20261005_195354
"ESP32-S3 N16R8 (QFN56 rev v0.2, 16MB flash, 8MB octal PSRAM)",240,Task-AE,256,317,95.755,494.684,0.111,0.002,494.797,590.552,8570099,8538068,8353420,374816,1012864,256,260,141060,d256_20261005_195354
"ESP32-S3 N16R8 (QFN56 rev v0.2, 16MB flash, 8MB octal PSRAM)",240,Task-AE,256,318,95.754,494.682,0.109,0.002,494.793,590.547,8570099,8538068,8353420,374816,1012864,256,260,141060,d256_20261005_195354
"ESP32-S3 N16R8 (QFN56 rev v0.2, 16MB flash, 8MB octal PSRAM)",240,Task-AE,256,319,95.754,494.682,0.109,0.002,494.793,590.547,8570099,8538068,8353420,374816,1012864,256,260,141060,d256_20261005_195354
"ESP32-S3 N16R8 (QFN56 rev v0.2, 16MB flash, 8MB octal PSRAM)",240,Task-AE,256,320,95.755,494.684,0.111,0.002,494.797,590.552,8570099,8538068,8353420,374816,1012864,256,260,141060,d256_20261005_195354
"ESP32-S3 N16R8 (QFN56 rev v0.2, 16MB flash, 8MB octal PSRAM)",240,Task-AE,256,321,95.754,494.682,0.109,0.002,494.793,590.547,8570099,8538068,8353420,374816,1012864,256,260,141060,d256_20261005_195354
"ESP32-S3 N16R8 (QFN56 rev v0.2, 16MB flash, 8MB octal PSRAM)",240,Task-AE,256,322,95.754,494.682,0.109,0.002,494.793,590.547,8570099,8538068,8353420,374816,1012864,256,260,141060,d256_20261005_195354
"ESP32-S3 N16R8 (QFN56 rev v0.2, 16MB flash, 8MB octal PSRAM)",240,Task-AE,256,323,95.754,494.684,0.111,0.002,494.797,590.551,8570099,8538068,8353420,374816,1012864,256,260,141060,d256_20261005_195354
"ESP32-S3 N16R8 (QFN56 rev v0.2, 16MB flash, 8MB octal PSRAM)",240,Task-AE,256,324,95.754,494.682,0.109,0.002,494.793,590.547,8570099,8538068,8353420,374816,1012864,256,260,141060,d256_20261005_195354
"ESP32-S3 N16R8 (QFN56 rev v0.2, 16MB flash, 8MB octal PSRAM)",240,Task-AE,256,325,95.754,494.682,0.109,0.002,494.793,590.547,8570099,8538068,8353420,374816,1012864,256,260,141060,d256_20261005_195354
"ESP32-S3 N16R8 (QFN56 rev v0.2, 16MB flash, 8MB octal PSRAM)",240,Task-AE,256,326,95.754,494.684,0.111,0.002,494.797,590.551,8570099,8538068,8353420,374816,1012864,256,260,141060,d256_20261005_195354
"ESP32-S3 N16R8 (QFN56 rev v0.2, 16MB flash, 8MB octal PSRAM)",240,Task-AE,256,327,95.754,494.682,0.109,0.002,494.793,590.547,8570099,8538068,8353420,374816,1012864,256,260,141060,d256_20261005_195354
"ESP32-S3 N16R8 (QFN56 rev v0.2, 16MB flash, 8MB octal PSRAM)",240,Task-AE,256,328,95.754,494.682,0.109,0.002,494.793,590.547,8570099,8538068,8353420,374816,1012864,256,260,141060,d256_20261005_195354
"ESP32-S3 N16R8 (QFN56 rev v0.2, 16MB flash, 8MB octal PSRAM)",240,Task-AE,256,329,95.754,494.684,0.111,0.002,494.797,590.551,8570099,8538068,8353420,374816,1012864,256,260,141060,d256_20261005_195354
"ESP32-S3 N16R8 (QFN56 rev v0.2, 16MB flash, 8MB octal PSRAM)",240,Task-AE,256,330,95.754,494.682,0.109,0.002,494.793,590.547,8570099,8538068,8353420,374816,1012864,256,260,141060,d256_20261005_195354
"ESP32-S3 N16R8 (QFN56 rev v0.2, 16MB flash, 8MB octal PSRAM)",240,Task-AE,256,331,95.754,494.682,0.109,0.002,494.793,590.547,8570099,8538068,8353420,374816,1012864,256,260,141060,d256_20261005_195354
"ESP32-S3 N16R8 (QFN56 rev v0.2, 16MB flash, 8MB octal PSRAM)",240,Task-AE,256,332,95.754,494.684,0.111,0.002,494.797,590.551,8570099,8538068,8353420,374816,1012864,256,260,141060,d256_20261005_195354
"ESP32-S3 N16R8 (QFN56 rev v0.2, 16MB flash, 8MB octal PSRAM)",240,Task-AE,256,333,95.754,494.682,0.109,0.002,494.793,590.547,8570099,8538068,8353420,374816,1012864,256,260,141060,d256_20261005_195354
"ESP32-S3 N16R8 (QFN56 rev v0.2, 16MB flash, 8MB octal PSRAM)",240,Task-AE,256,334,95.754,494.682,0.109,0.002,494.793,590.547,8570099,8538068,8353420,374816,1012864,256,260,141060,d256_20261005_195354
"ESP32-S3 N16R8 (QFN56 rev v0.2, 16MB flash, 8MB octal PSRAM)",240,Task-AE,256,335,95.754,494.684,0.111,0.002,494.797,590.551,8570099,8538068,8353420,374816,1012864,256,260,141060,d256_20261005_195354
"ESP32-S3 N16R8 (QFN56 rev v0.2, 16MB flash, 8MB octal PSRAM)",240,Task-AE,256,336,95.754,494.682,0.109,0.002,494.793,590.547,8570099,8538068,8353420,374816,1012864,256,260,141060,d256_20261005_195354
"ESP32-S3 N16R8 (QFN56 rev v0.2, 16MB flash, 8MB octal PSRAM)",240,Task-AE,256,337,95.754,494.682,0.109,0.002,494.793,590.547,8570099,8538068,8353420,374816,1012864,256,260,141060,d256_20261005_195354
"ESP32-S3 N16R8 (QFN56 rev v0.2, 16MB flash, 8MB octal PSRAM)",240,Task-AE,256,338,95.754,494.684,0.111,0.002,494.797,590.551,8570099,8538068,8353420,374816,1012864,256,260,141060,d256_20261005_195354
"ESP32-S3 N16R8 (QFN56 rev v0.2, 16MB flash, 8MB octal PSRAM)",240,Task-AE,256,339,95.754,494.682,0.109,0.002,494.793,590.547,8570099,8538068,8353420,374816,1012864,256,260,141060,d256_20261005_195354
"ESP32-S3 N16R8 (QFN56 rev v0.2, 16MB flash, 8MB octal PSRAM)",240,Task-AE,256,340,95.754,494.682,0.109,0.002,494.793,590.547,8570099,8538068,8353420,374816,1012864,256,260,141060,d256_20261005_195354
"ESP32-S3 N16R8 (QFN56 rev v0.2, 16MB flash, 8MB octal PSRAM)",240,Task-AE,256,341,95.754,494.684,0.111,0.002,494.797,590.551,8570099,8538068,8353420,374816,1012864,256,260,141060,d256_20261005_195354
"ESP32-S3 N16R8 (QFN56 rev v0.2, 16MB flash, 8MB octal PSRAM)",240,Task-AE,256,342,95.754,494.682,0.109,0.002,494.793,590.547,8570099,8538068,8353420,374816,1012864,256,260,141060,d256_20261005_195354
"ESP32-S3 N16R8 (QFN56 rev v0.2, 16MB flash, 8MB octal PSRAM)",240,Task-AE,256,343,95.754,494.682,0.109,0.002,494.793,590.547,8570099,8538068,8353420,374816,1012864,256,260,141060,d256_20261005_195354
"ESP32-S3 N16R8 (QFN56 rev v0.2, 16MB flash, 8MB octal PSRAM)",240,Task-AE,256,344,95.754,494.684,0.111,0.002,494.797,590.551,8570099,8538068,8353420,374816,1012864,256,260,141060,d256_20261005_195354
"ESP32-S3 N16R8 (QFN56 rev v0.2, 16MB flash, 8MB octal PSRAM)",240,Task-AE,256,345,95.754,494.682,0.109,0.002,494.793,590.547,8570099,8538068,8353420,374816,1012864,256,260,141060,d256_20261005_195354
"ESP32-S3 N16R8 (QFN56 rev v0.2, 16MB flash, 8MB octal PSRAM)",240,Task-AE,256,346,95.754,494.682,0.109,0.002,494.793,590.547,8570099,8538068,8353420,374816,1012864,256,260,141060,d256_20261005_195354
"ESP32-S3 N16R8 (QFN56 rev v0.2, 16MB flash, 8MB octal PSRAM)",240,Task-AE,256,347,95.754,494.684,0.111,0.002,494.797,590.551,8570099,8538068,8353420,374816,1012864,256,260,141060,d256_20261005_195354
"ESP32-S3 N16R8 (QFN56 rev v0.2, 16MB flash, 8MB octal PSRAM)",240,Task-AE,256,348,95.754,494.682,0.109,0.002,494.793,590.547,8570099,8538068,8353420,374816,1012864,256,260,141060,d256_20261005_195354
"ESP32-S3 N16R8 (QFN56 rev v0.2, 16MB flash, 8MB octal PSRAM)",240,Task-AE,256,349,95.754,494.682,0.109,0.002,494.793,590.547,8570099,8538068,8353420,374816,1012864,256,260,141060,d256_20261005_195354
"ESP32-S3 N16R8 (QFN56 rev v0.2, 16MB flash, 8MB octal PSRAM)",240,Task-AE,256,350,95.754,494.684,0.111,0.002,494.797,590.551,8570099,8538068,8353420,374816,1012864,256,260,141060,d256_20261005_195354
"ESP32-S3 N16R8 (QFN56 rev v0.2, 16MB flash, 8MB octal PSRAM)",240,Task-AE,256,351,95.754,494.682,0.109,0.002,494.793,590.547,8570099,8538068,8353420,374816,1012864,256,260,141060,d256_20261005_195354
"ESP32-S3 N16R8 (QFN56 rev v0.2, 16MB flash, 8MB octal PSRAM)",240,Task-AE,256,352,95.754,494.682,0.109,0.002,494.793,590.547,8570099,8538068,8353420,374816,1012864,256,260,141060,d256_20261005_195354
"ESP32-S3 N16R8 (QFN56 rev v0.2, 16MB flash, 8MB octal PSRAM)",240,Task-AE,256,353,95.754,494.684,0.111,0.002,494.797,590.551,8570099,8538068,8353420,374816,1012864,256,260,141060,d256_20261005_195354
"ESP32-S3 N16R8 (QFN56 rev v0.2, 16MB flash, 8MB octal PSRAM)",240,Task-AE,256,354,95.754,494.682,0.109,0.002,494.793,590.547,8570099,8538068,8353420,374816,1012864,256,260,141060,d256_20261005_195354
"ESP32-S3 N16R8 (QFN56 rev v0.2, 16MB flash, 8MB octal PSRAM)",240,Task-AE,256,355,95.754,494.682,0.109,0.002,494.793,590.547,8570099,8538068,8353420,374816,1012864,256,260,141060,d256_20261005_195354
"ESP32-S3 N16R8 (QFN56 rev v0.2, 16MB flash, 8MB octal PSRAM)",240,Task-AE,256,356,95.754,494.684,0.111,0.002,494.797,590.551,8570099,8538068,8353420,374816,1012864,256,260,141060,d256_20261005_195354
"ESP32-S3 N16R8 (QFN56 rev v0.2, 16MB flash, 8MB octal PSRAM)",240,Task-AE,256,357,95.754,494.682,0.109,0.002,494.793,590.547,8570099,8538068,8353420,374816,1012864,256,260,141060,d256_20261005_195354
"ESP32-S3 N16R8 (QFN56 rev v0.2, 16MB flash, 8MB octal PSRAM)",240,Task-AE,256,358,95.755,494.682,0.109,0.002,494.793,590.548,8570099,8538068,8353420,374816,1012864,256,260,141060,d256_20261005_195354
"ESP32-S3 N16R8 (QFN56 rev v0.2, 16MB flash, 8MB octal PSRAM)",240,Task-AE,256,359,95.754,494.684,0.111,0.002,494.797,590.551,8570099,8538068,8353420,374816,1012864,256,260,141060,d256_20261005_195354
"ESP32-S3 N16R8 (QFN56 rev v0.2, 16MB flash, 8MB octal PSRAM)",240,Task-AE,256,360,95.754,494.682,0.109,0.002,494.793,590.547,8570099,8538068,8353420,374816,1012864,256,260,141060,d256_20261005_195354
"ESP32-S3 N16R8 (QFN56 rev v0.2, 16MB flash, 8MB octal PSRAM)",240,Task-AE,256,361,95.754,494.682,0.109,0.002,494.793,590.547,8570099,8538068,8353420,374816,1012864,256,260,141060,d256_20261005_195354
"ESP32-S3 N16R8 (QFN56 rev v0.2, 16MB flash, 8MB octal PSRAM)",240,Task-AE,256,362,95.754,494.684,0.111,0.002,494.797,590.551,8570099,8538068,8353420,374816,1012864,256,260,141060,d256_20261005_195354
"ESP32-S3 N16R8 (QFN56 rev v0.2, 16MB flash, 8MB octal PSRAM)",240,Task-AE,256,363,95.754,494.682,0.109,0.002,494.793,590.547,8570099,8538068,8353420,374816,1012864,256,260,141060,d256_20261005_195354
"ESP32-S3 N16R8 (QFN56 rev v0.2, 16MB flash, 8MB octal PSRAM)",240,Task-AE,256,364,95.754,494.682,0.109,0.002,494.793,590.547,8570099,8538068,8353420,374816,1012864,256,260,141060,d256_20261005_195354
"ESP32-S3 N16R8 (QFN56 rev v0.2, 16MB flash, 8MB octal PSRAM)",240,Task-AE,256,365,95.755,494.684,0.111,0.002,494.797,590.552,8570099,8538068,8353420,374816,1012864,256,260,141060,d256_20261005_195354
"ESP32-S3 N16R8 (QFN56 rev v0.2, 16MB flash, 8MB octal PSRAM)",240,Task-AE,256,366,95.754,494.682,0.109,0.002,494.793,590.547,8570099,8538068,8353420,374816,1012864,256,260,141060,d256_20261005_195354
"ESP32-S3 N16R8 (QFN56 rev v0.2, 16MB flash, 8MB octal PSRAM)",240,Task-AE,256,367,95.754,494.682,0.109,0.002,494.793,590.547,8570099,8538068,8353420,374816,1012864,256,260,141060,d256_20261005_195354
"ESP32-S3 N16R8 (QFN56 rev v0.2, 16MB flash, 8MB octal PSRAM)",240,Task-AE,256,368,95.754,494.684,0.111,0.002,494.797,590.551,8570099,8538068,8353420,374816,1012864,256,260,141060,d256_20261005_195354
"ESP32-S3 N16R8 (QFN56 rev v0.2, 16MB flash, 8MB octal PSRAM)",240,Task-AE,256,369,95.754,494.682,0.109,0.002,494.793,590.547,8570099,8538068,8353420,374816,1012864,256,260,141060,d256_20261005_195354
"ESP32-S3 N16R8 (QFN56 rev v0.2, 16MB flash, 8MB octal PSRAM)",240,Task-AE,256,370,95.754,494.682,0.109,0.002,494.793,590.547,8570099,8538068,8353420,374816,1012864,256,260,141060,d256_20261005_195354
"ESP32-S3 N16R8 (QFN56 rev v0.2, 16MB flash, 8MB octal PSRAM)",240,Task-AE,256,371,95.754,494.684,0.111,0.002,494.797,590.551,8570099,8538068,8353420,374816,1012864,256,260,141060,d256_20261005_195354
"ESP32-S3 N16R8 (QFN56 rev v0.2, 16MB flash, 8MB octal PSRAM)",240,Task-AE,256,372,95.754,494.682,0.109,0.002,494.793,590.547,8570099,8538068,8353420,374816,1012864,256,260,141060,d256_20261005_195354
"ESP32-S3 N16R8 (QFN56 rev v0.2, 16MB flash, 8MB octal PSRAM)",240,Task-AE,256,373,95.754,494.682,0.109,0.002,494.793,590.547,8570099,8538068,8353420,374816,1012864,256,260,141060,d256_20261005_195354
"ESP32-S3 N16R8 (QFN56 rev v0.2, 16MB flash, 8MB octal PSRAM)",240,Task-AE,256,374,95.754,494.684,0.111,0.002,494.797,590.551,8570099,8538068,8353420,374816,1012864,256,260,141060,d256_20261005_195354
"ESP32-S3 N16R8 (QFN56 rev v0.2, 16MB flash, 8MB octal PSRAM)",240,Task-AE,256,375,95.755,494.682,0.109,0.002,494.793,590.548,8570099,8538068,8353420,374816,1012864,256,260,141060,d256_20261005_195354
"ESP32-S3 N16R8 (QFN56 rev v0.2, 16MB flash, 8MB octal PSRAM)",240,Task-AE,256,376,95.754,494.682,0.109,0.002,494.793,590.547,8570099,8538068,8353420,374816,1012864,256,260,141060,d256_20261005_195354
"ESP32-S3 N16R8 (QFN56 rev v0.2, 16MB flash, 8MB octal PSRAM)",240,Task-AE,256,377,95.754,494.684,0.111,0.002,494.797,590.551,8570099,8538068,8353420,374816,1012864,256,260,141060,d256_20261005_195354
"ESP32-S3 N16R8 (QFN56 rev v0.2, 16MB flash, 8MB octal PSRAM)",240,Task-AE,256,378,95.754,494.682,0.109,0.002,494.793,590.547,8570099,8538068,8353420,374816,1012864,256,260,141060,d256_20261005_195354
"ESP32-S3 N16R8 (QFN56 rev v0.2, 16MB flash, 8MB octal PSRAM)",240,Task-AE,256,379,95.754,494.682,0.109,0.002,494.793,590.547,8570099,8538068,8353420,374816,1012864,256,260,141060,d256_20261005_195354
"ESP32-S3 N16R8 (QFN56 rev v0.2, 16MB flash, 8MB octal PSRAM)",240,Task-AE,256,380,95.754,494.684,0.111,0.002,494.797,590.551,8570099,8538068,8353420,374816,1012864,256,260,141060,d256_20261005_195354
"ESP32-S3 N16R8 (QFN56 rev v0.2, 16MB flash, 8MB octal PSRAM)",240,Task-AE,256,381,95.754,494.682,0.109,0.002,494.793,590.547,8570099,8538068,8353420,374816,1012864,256,260,141060,d256_20261005_195354
"ESP32-S3 N16R8 (QFN56 rev v0.2, 16MB flash, 8MB octal PSRAM)",240,Task-AE,256,382,95.754,494.682,0.109,0.002,494.793,590.547,8570099,8538068,8353420,374816,1012864,256,260,141060,d256_20261005_195354
"ESP32-S3 N16R8 (QFN56 rev v0.2, 16MB flash, 8MB octal PSRAM)",240,Task-AE,256,383,95.754,494.684,0.111,0.002,494.797,590.551,8570099,8538068,8353420,374816,1012864,256,260,141060,d256_20261005_195354
"ESP32-S3 N16R8 (QFN56 rev v0.2, 16MB flash, 8MB octal PSRAM)",240,Task-AE,256,384,95.754,494.682,0.109,0.002,494.793,590.547,8570099,8538068,8353420,374816,1012864,256,260,141060,d256_20261005_195354
"ESP32-S3 N16R8 (QFN56 rev v0.2, 16MB flash, 8MB octal PSRAM)",240,Task-AE,256,385,95.754,494.682,0.109,0.002,494.793,590.547,8570099,8538068,8353420,374816,1012864,256,260,141060,d256_20261005_195354
"ESP32-S3 N16R8 (QFN56 rev v0.2, 16MB flash, 8MB octal PSRAM)",240,Task-AE,256,386,95.755,494.684,0.111,0.002,494.797,590.552,8570099,8538068,8353420,374816,1012864,256,260,141060,d256_20261005_195354
"ESP32-S3 N16R8 (QFN56 rev v0.2, 16MB flash, 8MB octal PSRAM)",240,Task-AE,256,387,95.755,494.682,0.109,0.002,494.793,590.548,8570099,8538068,8353420,374816,1012864,256,260,141060,d256_20261005_195354
"ESP32-S3 N16R8 (QFN56 rev v0.2, 16MB flash, 8MB octal PSRAM)",240,Task-AE,256,388,95.754,494.682,0.109,0.002,494.793,590.547,8570099,8538068,8353420,374816,1012864,256,260,141060,d256_20261005_195354
"ESP32-S3 N16R8 (QFN56 rev v0.2, 16MB flash, 8MB octal PSRAM)",240,Task-AE,256,389,95.754,494.684,0.111,0.002,494.797,590.551,8570099,8538068,8353420,374816,1012864,256,260,141060,d256_20261005_195354
"ESP32-S3 N16R8 (QFN56 rev v0.2, 16MB flash, 8MB octal PSRAM)",240,Task-AE,256,390,95.754,494.682,0.109,0.002,494.793,590.547,8570099,8538068,8353420,374816,1012864,256,260,141060,d256_20261005_195354
"ESP32-S3 N16R8 (QFN56 rev v0.2, 16MB flash, 8MB octal PSRAM)",240,Task-AE,256,391,95.754,494.682,0.109,0.002,494.793,590.547,8570099,8538068,8353420,374816,1012864,256,260,141060,d256_20261005_195354
"ESP32-S3 N16R8 (QFN56 rev v0.2, 16MB flash, 8MB octal PSRAM)",240,Task-AE,256,392,95.754,494.684,0.111,0.002,494.797,590.551,8570099,8538068,8353420,374816,1012864,256,260,141060,d256_20261005_195354
"ESP32-S3 N16R8 (QFN56 rev v0.2, 16MB flash, 8MB octal PSRAM)",240,Task-AE,256,393,95.754,494.682,0.109,0.002,494.793,590.547,8570099,8538068,8353420,374816,1012864,256,260,141060,d256_20261005_195354
"ESP32-S3 N16R8 (QFN56 rev v0.2, 16MB flash, 8MB octal PSRAM)",240,Task-AE,256,394,95.754,494.682,0.109,0.002,494.793,590.547,8570099,8538068,8353420,374816,1012864,256,260,141060,d256_20261005_195354
"ESP32-S3 N16R8 (QFN56 rev v0.2, 16MB flash, 8MB octal PSRAM)",240,Task-AE,256,395,95.754,494.684,0.111,0.002,494.797,590.551,8570099,8538068,8353420,374816,1012864,256,260,141060,d256_20261005_195354
"ESP32-S3 N16R8 (QFN56 rev v0.2, 16MB flash, 8MB octal PSRAM)",240,Task-AE,256,396,95.754,494.682,0.109,0.002,494.793,590.547,8570099,8538068,8353420,374816,1012864,256,260,141060,d256_20261005_195354
"ESP32-S3 N16R8 (QFN56 rev v0.2, 16MB flash, 8MB octal PSRAM)",240,Task-AE,256,397,95.754,494.682,0.109,0.002,494.793,590.547,8570099,8538068,8353420,374816,1012864,256,260,141060,d256_20261005_195354
"ESP32-S3 N16R8 (QFN56 rev v0.2, 16MB flash, 8MB octal PSRAM)",240,Task-AE,256,398,95.754,494.684,0.111,0.002,494.797,590.551,8570099,8538068,8353420,374816,1012864,256,260,141060,d256_20261005_195354
"ESP32-S3 N16R8 (QFN56 rev v0.2, 16MB flash, 8MB octal PSRAM)",240,Task-AE,256,399,95.754,494.682,0.109,0.002,494.793,590.547,8570099,8538068,8353420,374816,1012864,256,260,141060,d256_20261005_195354
"ESP32-S3 N16R8 (QFN56 rev v0.2, 16MB flash, 8MB octal PSRAM)",240,Task-AE,256,400,95.754,494.682,0.109,0.002,494.793,590.547,8570099,8538068,8353420,374816,1012864,256,260,141060,d256_20261005_195354
"ESP32-S3 N16R8 (QFN56 rev v0.2, 16MB flash, 8MB octal PSRAM)",240,Task-AE,256,401,95.754,494.684,0.111,0.002,494.797,590.551,8570099,8538068,8353420,374816,1012864,256,260,141060,d256_20261005_195354
"ESP32-S3 N16R8 (QFN56 rev v0.2, 16MB flash, 8MB octal PSRAM)",240,Task-AE,256,402,95.754,494.682,0.109,0.002,494.793,590.547,8570099,8538068,8353420,374816,1012864,256,260,141060,d256_20261005_195354
"ESP32-S3 N16R8 (QFN56 rev v0.2, 16MB flash, 8MB octal PSRAM)",240,Task-AE,256,403,95.754,494.682,0.109,0.002,494.793,590.547,8570099,8538068,8353420,374816,1012864,256,260,141060,d256_20261005_195354
"ESP32-S3 N16R8 (QFN56 rev v0.2, 16MB flash, 8MB octal PSRAM)",240,Task-AE,256,404,95.754,494.684,0.111,0.002,494.797,590.551,8570099,8538068,8353420,374816,1012864,256,260,141060,d256_20261005_195354
"ESP32-S3 N16R8 (QFN56 rev v0.2, 16MB flash, 8MB octal PSRAM)",240,Task-AE,256,405,95.754,494.682,0.109,0.002,494.793,590.547,8570099,8538068,8353420,374816,1012864,256,260,141060,d256_20261005_195354
"ESP32-S3 N16R8 (QFN56 rev v0.2, 16MB flash, 8MB octal PSRAM)",240,Task-AE,256,406,95.754,494.682,0.109,0.002,494.793,590.547,8570099,8538068,8353420,374816,1012864,256,260,141060,d256_20261005_195354
"ESP32-S3 N16R8 (QFN56 rev v0.2, 16MB flash, 8MB octal PSRAM)",240,Task-AE,256,407,95.754,494.684,0.111,0.002,494.797,590.551,8570099,8538068,8353420,374816,1012864,256,260,141060,d256_20261005_195354
"ESP32-S3 N16R8 (QFN56 rev v0.2, 16MB flash, 8MB octal PSRAM)",240,Task-AE,256,408,95.754,494.682,0.109,0.002,494.793,590.547,8570099,8538068,8353420,374816,1012864,256,260,141060,d256_20261005_195354
"ESP32-S3 N16R8 (QFN56 rev v0.2, 16MB flash, 8MB octal PSRAM)",240,Task-AE,256,409,95.754,494.682,0.109,0.002,494.793,590.547,8570099,8538068,8353420,374816,1012864,256,260,141060,d256_20261005_195354
"ESP32-S3 N16R8 (QFN56 rev v0.2, 16MB flash, 8MB octal PSRAM)",240,Task-AE,256,410,95.754,494.684,0.111,0.002,494.797,590.551,8570099,8538068,8353420,374816,1012864,256,260,141060,d256_20261005_195354
"ESP32-S3 N16R8 (QFN56 rev v0.2, 16MB flash, 8MB octal PSRAM)",240,Task-AE,256,411,95.754,494.682,0.109,0.002,494.793,590.547,8570099,8538068,8353420,374816,1012864,256,260,141060,d256_20261005_195354
"ESP32-S3 N16R8 (QFN56 rev v0.2, 16MB flash, 8MB octal PSRAM)",240,Task-AE,256,412,95.754,494.682,0.109,0.002,494.793,590.547,8570099,8538068,8353420,374816,1012864,256,260,141060,d256_20261005_195354
"ESP32-S3 N16R8 (QFN56 rev v0.2, 16MB flash, 8MB octal PSRAM)",240,Task-AE,256,413,95.754,494.684,0.111,0.002,494.797,590.551,8570099,8538068,8353420,374816,1012864,256,260,141060,d256_20261005_195354
"ESP32-S3 N16R8 (QFN56 rev v0.2, 16MB flash, 8MB octal PSRAM)",240,Task-AE,256,414,95.754,494.682,0.109,0.002,494.793,590.547,8570099,8538068,8353420,374816,1012864,256,260,141060,d256_20261005_195354
"ESP32-S3 N16R8 (QFN56 rev v0.2, 16MB flash, 8MB octal PSRAM)",240,Task-AE,256,415,95.754,494.682,0.109,0.002,494.793,590.547,8570099,8538068,8353420,374816,1012864,256,260,141060,d256_20261005_195354
"ESP32-S3 N16R8 (QFN56 rev v0.2, 16MB flash, 8MB octal PSRAM)",240,Task-AE,256,416,95.754,494.684,0.111,0.002,494.797,590.551,8570099,8538068,8353420,374816,1012864,256,260,141060,d256_20261005_195354
"ESP32-S3 N16R8 (QFN56 rev v0.2, 16MB flash, 8MB octal PSRAM)",240,Task-AE,256,417,95.754,494.682,0.109,0.002,494.793,590.547,8570099,8538068,8353420,374816,1012864,256,260,141060,d256_20261005_195354
"ESP32-S3 N16R8 (QFN56 rev v0.2, 16MB flash, 8MB octal PSRAM)",240,Task-AE,256,418,95.754,494.682,0.109,0.002,494.793,590.547,8570099,8538068,8353420,374816,1012864,256,260,141060,d256_20261005_195354
"ESP32-S3 N16R8 (QFN56 rev v0.2, 16MB flash, 8MB octal PSRAM)",240,Task-AE,256,419,95.754,494.684,0.111,0.002,494.797,590.551,8570099,8538068,8353420,374816,1012864,256,260,141060,d256_20261005_195354
"ESP32-S3 N16R8 (QFN56 rev v0.2, 16MB flash, 8MB octal PSRAM)",240,Task-AE,256,420,95.754,494.682,0.109,0.002,494.793,590.547,8570099,8538068,8353420,374816,1012864,256,260,141060,d256_20261005_195354
"ESP32-S3 N16R8 (QFN56 rev v0.2, 16MB flash, 8MB octal PSRAM)",240,Task-AE,256,421,95.754,494.682,0.109,0.002,494.793,590.547,8570099,8538068,8353420,374816,1012864,256,260,141060,d256_20261005_195354
"ESP32-S3 N16R8 (QFN56 rev v0.2, 16MB flash, 8MB octal PSRAM)",240,Task-AE,256,422,95.754,494.684,0.111,0.002,494.797,590.551,8570099,8538068,8353420,374816,1012864,256,260,141060,d256_20261005_195354
"ESP32-S3 N16R8 (QFN56 rev v0.2, 16MB flash, 8MB octal PSRAM)",240,Task-AE,256,423,95.754,494.682,0.109,0.002,494.793,590.547,8570099,8538068,8353420,374816,1012864,256,260,141060,d256_20261005_195354
"ESP32-S3 N16R8 (QFN56 rev v0.2, 16MB flash, 8MB octal PSRAM)",240,Task-AE,256,424,95.754,494.682,0.109,0.002,494.793,590.547,8570099,8538068,8353420,374816,1012864,256,260,141060,d256_20261005_195354
"ESP32-S3 N16R8 (QFN56 rev v0.2, 16MB flash, 8MB octal PSRAM)",240,Task-AE,256,425,95.754,494.684,0.111,0.002,494.797,590.551,8570099,8538068,8353420,374816,1012864,256,260,141060,d256_20261005_195354
"ESP32-S3 N16R8 (QFN56 rev v0.2, 16MB flash, 8MB octal PSRAM)",240,Task-AE,256,426,95.754,494.682,0.109,0.002,494.793,590.547,8570099,8538068,8353420,374816,1012864,256,260,141060,d256_20261005_195354
"ESP32-S3 N16R8 (QFN56 rev v0.2, 16MB flash, 8MB octal PSRAM)",240,Task-AE,256,427,95.754,494.682,0.109,0.002,494.793,590.547,8570099,8538068,8353420,374816,1012864,256,260,141060,d256_20261005_195354
"ESP32-S3 N16R8 (QFN56 rev v0.2, 16MB flash, 8MB octal PSRAM)",240,Task-AE,256,428,95.754,494.684,0.111,0.002,494.797,590.551,8570099,8538068,8353420,374816,1012864,256,260,141060,d256_20261005_195354
"ESP32-S3 N16R8 (QFN56 rev v0.2, 16MB flash, 8MB octal PSRAM)",240,Task-AE,256,429,95.754,494.682,0.109,0.002,494.793,590.547,8570099,8538068,8353420,374816,1012864,256,260,141060,d256_20261005_195354
"ESP32-S3 N16R8 (QFN56 rev v0.2, 16MB flash, 8MB octal PSRAM)",240,Task-AE,256,430,95.754,494.682,0.109,0.002,494.793,590.547,8570099,8538068,8353420,374816,1012864,256,260,141060,d256_20261005_195354
"ESP32-S3 N16R8 (QFN56 rev v0.2, 16MB flash, 8MB octal PSRAM)",240,Task-AE,256,431,95.754,494.684,0.111,0.002,494.797,590.551,8570099,8538068,8353420,374816,1012864,256,260,141060,d256_20261005_195354
"ESP32-S3 N16R8 (QFN56 rev v0.2, 16MB flash, 8MB octal PSRAM)",240,Task-AE,256,432,95.754,494.682,0.109,0.002,494.793,590.547,8570099,8538068,8353420,374816,1012864,256,260,141060,d256_20261005_195354
"ESP32-S3 N16R8 (QFN56 rev v0.2, 16MB flash, 8MB octal PSRAM)",240,Task-AE,256,433,95.754,494.682,0.109,0.002,494.793,590.547,8570099,8538068,8353420,374816,1012864,256,260,141060,d256_20261005_195354
"ESP32-S3 N16R8 (QFN56 rev v0.2, 16MB flash, 8MB octal PSRAM)",240,Task-AE,256,434,95.754,494.684,0.111,0.002,494.797,590.551,8570099,8538068,8353420,374816,1012864,256,260,141060,d256_20261005_195354
"ESP32-S3 N16R8 (QFN56 rev v0.2, 16MB flash, 8MB octal PSRAM)",240,Task-AE,256,435,95.754,494.682,0.109,0.002,494.793,590.547,8570099,8538068,8353420,374816,1012864,256,260,141060,d256_20261005_195354
"ESP32-S3 N16R8 (QFN56 rev v0.2, 16MB flash, 8MB octal PSRAM)",240,Task-AE,256,436,95.754,494.682,0.109,0.002,494.793,590.547,8570099,8538068,8353420,374816,1012864,256,260,141060,d256_20261005_195354
"ESP32-S3 N16R8 (QFN56 rev v0.2, 16MB flash, 8MB octal PSRAM)",240,Task-AE,256,437,95.754,494.684,0.111,0.002,494.797,590.551,8570099,8538068,8353420,374816,1012864,256,260,141060,d256_20261005_195354
"ESP32-S3 N16R8 (QFN56 rev v0.2, 16MB flash, 8MB octal PSRAM)",240,Task-AE,256,438,95.754,494.682,0.109,0.002,494.793,590.547,8570099,8538068,8353420,374816,1012864,256,260,141060,d256_20261005_195354
"ESP32-S3 N16R8 (QFN56 rev v0.2, 16MB flash, 8MB octal PSRAM)",240,Task-AE,256,439,95.754,494.682,0.109,0.002,494.793,590.547,8570099,8538068,8353420,374816,1012864,256,260,141060,d256_20261005_195354
"ESP32-S3 N16R8 (QFN56 rev v0.2, 16MB flash, 8MB octal PSRAM)",240,Task-AE,256,440,95.754,494.684,0.111,0.002,494.797,590.551,8570099,8538068,8353420,374816,1012864,256,260,141060,d256_20261005_195354
"ESP32-S3 N16R8 (QFN56 rev v0.2, 16MB flash, 8MB octal PSRAM)",240,Task-AE,256,441,95.754,494.682,0.109,0.002,494.793,590.547,8570099,8538068,8353420,374816,1012864,256,260,141060,d256_20261005_195354
"ESP32-S3 N16R8 (QFN56 rev v0.2, 16MB flash, 8MB octal PSRAM)",240,Task-AE,256,442,95.754,494.682,0.109,0.002,494.793,590.547,8570099,8538068,8353420,374816,1012864,256,260,141060,d256_20261005_195354
"ESP32-S3 N16R8 (QFN56 rev v0.2, 16MB flash, 8MB octal PSRAM)",240,Task-AE,256,443,95.754,494.684,0.111,0.002,494.797,590.551,8570099,8538068,8353420,374816,1012864,256,260,141060,d256_20261005_195354
"ESP32-S3 N16R8 (QFN56 rev v0.2, 16MB flash, 8MB octal PSRAM)",240,Task-AE,256,444,95.755,494.682,0.109,0.002,494.793,590.548,8570099,8538068,8353420,374816,1012864,256,260,141060,d256_20261005_195354
"ESP32-S3 N16R8 (QFN56 rev v0.2, 16MB flash, 8MB octal PSRAM)",240,Task-AE,256,445,95.754,494.682,0.109,0.002,494.793,590.547,8570099,8538068,8353420,374816,1012864,256,260,141060,d256_20261005_195354
"ESP32-S3 N16R8 (QFN56 rev v0.2, 16MB flash, 8MB octal PSRAM)",240,Task-AE,256,446,95.754,494.684,0.111,0.002,494.797,590.551,8570099,8538068,8353420,374816,1012864,256,260,141060,d256_20261005_195354
"ESP32-S3 N16R8 (QFN56 rev v0.2, 16MB flash, 8MB octal PSRAM)",240,Task-AE,256,447,95.754,494.682,0.109,0.002,494.793,590.547,8570099,8538068,8353420,374816,1012864,256,260,141060,d256_20261005_195354
"ESP32-S3 N16R8 (QFN56 rev v0.2, 16MB flash, 8MB octal PSRAM)",240,Task-AE,256,448,95.754,494.682,0.109,0.002,494.793,590.547,8570099,8538068,8353420,374816,1012864,256,260,141060,d256_20261005_195354
"ESP32-S3 N16R8 (QFN56 rev v0.2, 16MB flash, 8MB octal PSRAM)",240,Task-AE,256,449,95.754,494.684,0.111,0.002,494.797,590.551,8570099,8538068,8353420,374816,1012864,256,260,141060,d256_20261005_195354
"ESP32-S3 N16R8 (QFN56 rev v0.2, 16MB flash, 8MB octal PSRAM)",240,Task-AE,256,450,95.754,494.682,0.109,0.002,494.793,590.547,8570099,8538068,8353420,374816,1012864,256,260,141060,d256_20261005_195354
"ESP32-S3 N16R8 (QFN56 rev v0.2, 16MB flash, 8MB octal PSRAM)",240,Task-AE,256,451,95.754,494.682,0.109,0.002,494.793,590.547,8570099,8538068,8353420,374816,1012864,256,260,141060,d256_20261005_195354
"ESP32-S3 N16R8 (QFN56 rev v0.2, 16MB flash, 8MB octal PSRAM)",240,Task-AE,256,452,95.754,494.684,0.111,0.002,494.797,590.551,8570099,8538068,8353420,374816,1012864,256,260,141060,d256_20261005_195354
"ESP32-S3 N16R8 (QFN56 rev v0.2, 16MB flash, 8MB octal PSRAM)",240,Task-AE,256,453,95.754,494.682,0.109,0.002,494.793,590.547,8570099,8538068,8353420,374816,1012864,256,260,141060,d256_20261005_195354
"ESP32-S3 N16R8 (QFN56 rev v0.2, 16MB flash, 8MB octal PSRAM)",240,Task-AE,256,454,95.754,494.682,0.109,0.002,494.793,590.547,8570099,8538068,8353420,374816,1012864,256,260,141060,d256_20261005_195354
"ESP32-S3 N16R8 (QFN56 rev v0.2, 16MB flash, 8MB octal PSRAM)",240,Task-AE,256,455,95.754,494.684,0.111,0.002,494.797,590.551,8570099,8538068,8353420,374816,1012864,256,260,141060,d256_20261005_195354
"ESP32-S3 N16R8 (QFN56 rev v0.2, 16MB flash, 8MB octal PSRAM)",240,Task-AE,256,456,95.754,494.682,0.109,0.002,494.793,590.547,8570099,8538068,8353420,374816,1012864,256,260,141060,d256_20261005_195354
"ESP32-S3 N16R8 (QFN56 rev v0.2, 16MB flash, 8MB octal PSRAM)",240,Task-AE,256,457,95.754,494.682,0.109,0.002,494.793,590.547,8570099,8538068,8353420,374816,1012864,256,260,141060,d256_20261005_195354
"ESP32-S3 N16R8 (QFN56 rev v0.2, 16MB flash, 8MB octal PSRAM)",240,Task-AE,256,458,95.754,494.684,0.111,0.002,494.797,590.551,8570099,8538068,8353420,374816,1012864,256,260,141060,d256_20261005_195354
"ESP32-S3 N16R8 (QFN56 rev v0.2, 16MB flash, 8MB octal PSRAM)",240,Task-AE,256,459,95.754,494.682,0.109,0.002,494.793,590.547,8570099,8538068,8353420,374816,1012864,256,260,141060,d256_20261005_195354
"ESP32-S3 N16R8 (QFN56 rev v0.2, 16MB flash, 8MB octal PSRAM)",240,Task-AE,256,460,95.754,494.682,0.109,0.002,494.793,590.547,8570099,8538068,8353420,374816,1012864,256,260,141060,d256_20261005_195354
"ESP32-S3 N16R8 (QFN56 rev v0.2, 16MB flash, 8MB octal PSRAM)",240,Task-AE,256,461,95.754,494.684,0.111,0.002,494.797,590.551,8570099,8538068,8353420,374816,1012864,256,260,141060,d256_20261005_195354
"ESP32-S3 N16R8 (QFN56 rev v0.2, 16MB flash, 8MB octal PSRAM)",240,Task-AE,256,462,95.754,494.682,0.109,0.002,494.793,590.547,8570099,8538068,8353420,374816,1012864,256,260,141060,d256_20261005_195354
"ESP32-S3 N16R8 (QFN56 rev v0.2, 16MB flash, 8MB octal PSRAM)",240,Task-AE,256,463,95.754,494.682,0.109,0.002,494.793,590.547,8570099,8538068,8353420,374816,1012864,256,260,141060,d256_20261005_195354
"ESP32-S3 N16R8 (QFN56 rev v0.2, 16MB flash, 8MB octal PSRAM)",240,Task-AE,256,464,95.754,494.684,0.111,0.002,494.797,590.551,8570099,8538068,8353420,374816,1012864,256,260,141060,d256_20261005_195354
"ESP32-S3 N16R8 (QFN56 rev v0.2, 16MB flash, 8MB octal PSRAM)",240,Task-AE,256,465,95.754,494.682,0.109,0.002,494.793,590.547,8570099,8538068,8353420,374816,1012864,256,260,141060,d256_20261005_195354
"ESP32-S3 N16R8 (QFN56 rev v0.2, 16MB flash, 8MB octal PSRAM)",240,Task-AE,256,466,95.754,494.682,0.109,0.002,494.793,590.547,8570099,8538068,8353420,374816,1012864,256,260,141060,d256_20261005_195354
"ESP32-S3 N16R8 (QFN56 rev v0.2, 16MB flash, 8MB octal PSRAM)",240,Task-AE,256,467,95.755,494.684,0.111,0.002,494.797,590.552,8570099,8538068,8353420,374816,1012864,256,260,141060,d256_20261005_195354
"ESP32-S3 N16R8 (QFN56 rev v0.2, 16MB flash, 8MB octal PSRAM)",240,Task-AE,256,468,95.754,494.682,0.109,0.002,494.793,590.547,8570099,8538068,8353420,374816,1012864,256,260,141060,d256_20261005_195354
"ESP32-S3 N16R8 (QFN56 rev v0.2, 16MB flash, 8MB octal PSRAM)",240,Task-AE,256,469,95.754,494.682,0.109,0.002,494.793,590.547,8570099,8538068,8353420,374816,1012864,256,260,141060,d256_20261005_195354
"ESP32-S3 N16R8 (QFN56 rev v0.2, 16MB flash, 8MB octal PSRAM)",240,Task-AE,256,470,95.754,494.684,0.111,0.002,494.797,590.551,8570099,8538068,8353420,374816,1012864,256,260,141060,d256_20261005_195354
"ESP32-S3 N16R8 (QFN56 rev v0.2, 16MB flash, 8MB octal PSRAM)",240,Task-AE,256,471,95.754,494.682,0.109,0.002,494.793,590.547,8570099,8538068,8353420,374816,1012864,256,260,141060,d256_20261005_195354
"ESP32-S3 N16R8 (QFN56 rev v0.2, 16MB flash, 8MB octal PSRAM)",240,Task-AE,256,472,95.754,494.682,0.109,0.002,494.793,590.547,8570099,8538068,8353420,374816,1012864,256,260,141060,d256_20261005_195354
"ESP32-S3 N16R8 (QFN56 rev v0.2, 16MB flash, 8MB octal PSRAM)",240,Task-AE,256,473,95.754,494.684,0.111,0.002,494.797,590.551,8570099,8538068,8353420,374816,1012864,256,260,141060,d256_20261005_195354
"ESP32-S3 N16R8 (QFN56 rev v0.2, 16MB flash, 8MB octal PSRAM)",240,Task-AE,256,474,95.754,494.682,0.109,0.002,494.793,590.547,8570099,8538068,8353420,374816,1012864,256,260,141060,d256_20261005_195354
"ESP32-S3 N16R8 (QFN56 rev v0.2, 16MB flash, 8MB octal PSRAM)",240,Task-AE,256,475,95.754,494.682,0.109,0.002,494.793,590.547,8570099,8538068,8353420,374816,1012864,256,260,141060,d256_20261005_195354
"ESP32-S3 N16R8 (QFN56 rev v0.2, 16MB flash, 8MB octal PSRAM)",240,Task-AE,256,476,95.754,494.684,0.111,0.002,494.797,590.551,8570099,8538068,8353420,374816,1012864,256,260,141060,d256_20261005_195354
"ESP32-S3 N16R8 (QFN56 rev v0.2, 16MB flash, 8MB octal PSRAM)",240,Task-AE,256,477,95.754,494.682,0.109,0.002,494.793,590.547,8570099,8538068,8353420,374816,1012864,256,260,141060,d256_20261005_195354
"ESP32-S3 N16R8 (QFN56 rev v0.2, 16MB flash, 8MB octal PSRAM)",240,Task-AE,256,478,95.754,494.682,0.109,0.002,494.793,590.547,8570099,8538068,8353420,374816,1012864,256,260,141060,d256_20261005_195354
"ESP32-S3 N16R8 (QFN56 rev v0.2, 16MB flash, 8MB octal PSRAM)",240,Task-AE,256,479,95.754,494.684,0.111,0.002,494.797,590.551,8570099,8538068,8353420,374816,1012864,256,260,141060,d256_20261005_195354
"ESP32-S3 N16R8 (QFN56 rev v0.2, 16MB flash, 8MB octal PSRAM)",240,Task-AE,256,480,95.754,494.682,0.109,0.002,494.793,590.547,8570099,8538068,8353420,374816,1012864,256,260,141060,d256_20261005_195354
"ESP32-S3 N16R8 (QFN56 rev v0.2, 16MB flash, 8MB octal PSRAM)",240,Task-AE,256,481,95.754,494.682,0.109,0.002,494.793,590.547,8570099,8538068,8353420,374816,1012864,256,260,141060,d256_20261005_195354
"ESP32-S3 N16R8 (QFN56 rev v0.2, 16MB flash, 8MB octal PSRAM)",240,Task-AE,256,482,95.754,494.684,0.111,0.002,494.797,590.551,8570099,8538068,8353420,374816,1012864,256,260,141060,d256_20261005_195354
"ESP32-S3 N16R8 (QFN56 rev v0.2, 16MB flash, 8MB octal PSRAM)",240,Task-AE,256,483,95.754,494.682,0.109,0.002,494.793,590.547,8570099,8538068,8353420,374816,1012864,256,260,141060,d256_20261005_195354
"ESP32-S3 N16R8 (QFN56 rev v0.2, 16MB flash, 8MB octal PSRAM)",240,Task-AE,256,484,95.754,494.682,0.109,0.002,494.793,590.547,8570099,8538068,8353420,374816,1012864,256,260,141060,d256_20261005_195354
"ESP32-S3 N16R8 (QFN56 rev v0.2, 16MB flash, 8MB octal PSRAM)",240,Task-AE,256,485,95.754,494.684,0.111,0.002,494.797,590.551,8570099,8538068,8353420,374816,1012864,256,260,141060,d256_20261005_195354
"ESP32-S3 N16R8 (QFN56 rev v0.2, 16MB flash, 8MB octal PSRAM)",240,Task-AE,256,486,95.755,494.682,0.109,0.002,494.793,590.548,8570099,8538068,8353420,374816,1012864,256,260,141060,d256_20261005_195354
"ESP32-S3 N16R8 (QFN56 rev v0.2, 16MB flash, 8MB octal PSRAM)",240,Task-AE,256,487,95.754,494.682,0.109,0.002,494.793,590.547,8570099,8538068,8353420,374816,1012864,256,260,141060,d256_20261005_195354
"ESP32-S3 N16R8 (QFN56 rev v0.2, 16MB flash, 8MB octal PSRAM)",240,Task-AE,256,488,95.754,494.684,0.111,0.002,494.797,590.551,8570099,8538068,8353420,374816,1012864,256,260,141060,d256_20261005_195354
"ESP32-S3 N16R8 (QFN56 rev v0.2, 16MB flash, 8MB octal PSRAM)",240,Task-AE,256,489,95.754,494.682,0.109,0.002,494.793,590.547,8570099,8538068,8353420,374816,1012864,256,260,141060,d256_20261005_195354
"ESP32-S3 N16R8 (QFN56 rev v0.2, 16MB flash, 8MB octal PSRAM)",240,Task-AE,256,490,95.754,494.682,0.109,0.002,494.793,590.547,8570099,8538068,8353420,374816,1012864,256,260,141060,d256_20261005_195354
"ESP32-S3 N16R8 (QFN56 rev v0.2, 16MB flash, 8MB octal PSRAM)",240,Task-AE,256,491,95.754,494.684,0.111,0.002,494.797,590.551,8570099,8538068,8353420,374816,1012864,256,260,141060,d256_20261005_195354
"ESP32-S3 N16R8 (QFN56 rev v0.2, 16MB flash, 8MB octal PSRAM)",240,Task-AE,256,492,95.754,494.682,0.109,0.002,494.793,590.547,8570099,8538068,8353420,374816,1012864,256,260,141060,d256_20261005_195354
"ESP32-S3 N16R8 (QFN56 rev v0.2, 16MB flash, 8MB octal PSRAM)",240,Task-AE,256,493,95.754,494.682,0.109,0.002,494.793,590.547,8570099,8538068,8353420,374816,1012864,256,260,141060,d256_20261005_195354
"ESP32-S3 N16R8 (QFN56 rev v0.2, 16MB flash, 8MB octal PSRAM)",240,Task-AE,256,494,95.754,494.684,0.111,0.002,494.797,590.551,8570099,8538068,8353420,374816,1012864,256,260,141060,d256_20261005_195354
"ESP32-S3 N16R8 (QFN56 rev v0.2, 16MB flash, 8MB octal PSRAM)",240,Task-AE,256,495,95.754,494.682,0.109,0.002,494.793,590.547,8570099,8538068,8353420,374816,1012864,256,260,141060,d256_20261005_195354
"ESP32-S3 N16R8 (QFN56 rev v0.2, 16MB flash, 8MB octal PSRAM)",240,Task-AE,256,496,95.754,494.682,0.109,0.002,494.793,590.547,8570099,8538068,8353420,374816,1012864,256,260,141060,d256_20261005_195354
"ESP32-S3 N16R8 (QFN56 rev v0.2, 16MB flash, 8MB octal PSRAM)",240,Task-AE,256,497,95.754,494.684,0.111,0.002,494.797,590.551,8570099,8538068,8353420,374816,1012864,256,260,141060,d256_20261005_195354
"ESP32-S3 N16R8 (QFN56 rev v0.2, 16MB flash, 8MB octal PSRAM)",240,Task-AE,256,498,95.754,494.682,0.109,0.002,494.793,590.547,8570099,8538068,8353420,374816,1012864,256,260,141060,d256_20261005_195354
"ESP32-S3 N16R8 (QFN56 rev v0.2, 16MB flash, 8MB octal PSRAM)",240,Task-AE,256,499,95.754,494.682,0.109,0.002,494.793,590.547,8570099,8538068,8353420,374816,1012864,256,260,141060,d256_20261005_195354
"ESP32-S3 N16R8 (QFN56 rev v0.2, 16MB flash, 8MB octal PSRAM)",240,Task-AE,256,500,95.754,494.684,0.111,0.002,494.797,590.551,8570099,8538068,8353420,374816,1012864,256,260,141060,d256_20261005_195354
"ESP32-S3 N16R8 (QFN56 rev v0.2, 16MB flash, 8MB octal PSRAM)",240,Task-AE,256,501,95.754,494.682,0.109,0.002,494.793,590.547,8570099,8538068,8353420,374816,1012864,256,260,141060,d256_20261005_195354
"ESP32-S3 N16R8 (QFN56 rev v0.2, 16MB flash, 8MB octal PSRAM)",240,Task-AE,256,502,95.754,494.682,0.109,0.002,494.793,590.547,8570099,8538068,8353420,374816,1012864,256,260,141060,d256_20261005_195354
"ESP32-S3 N16R8 (QFN56 rev v0.2, 16MB flash, 8MB octal PSRAM)",240,Task-AE,256,503,95.754,494.684,0.111,0.002,494.797,590.551,8570099,8538068,8353420,374816,1012864,256,260,141060,d256_20261005_195354
"ESP32-S3 N16R8 (QFN56 rev v0.2, 16MB flash, 8MB octal PSRAM)",240,Task-AE,256,504,95.754,494.682,0.109,0.002,494.793,590.547,8570099,8538068,8353420,374816,1012864,256,260,141060,d256_20261005_195354
"ESP32-S3 N16R8 (QFN56 rev v0.2, 16MB flash, 8MB octal PSRAM)",240,Task-AE,256,505,95.754,494.682,0.109,0.002,494.793,590.547,8570099,8538068,8353420,374816,1012864,256,260,141060,d256_20261005_195354
"ESP32-S3 N16R8 (QFN56 rev v0.2, 16MB flash, 8MB octal PSRAM)",240,Task-AE,256,506,95.754,494.684,0.111,0.002,494.797,590.551,8570099,8538068,8353420,374816,1012864,256,260,141060,d256_20261005_195354
"ESP32-S3 N16R8 (QFN56 rev v0.2, 16MB flash, 8MB octal PSRAM)",240,Task-AE,256,507,95.754,494.682,0.109,0.002,494.793,590.547,8570099,8538068,8353420,374816,1012864,256,260,141060,d256_20261005_195354
"ESP32-S3 N16R8 (QFN56 rev v0.2, 16MB flash, 8MB octal PSRAM)",240,Task-AE,256,508,95.755,494.682,0.109,0.002,494.793,590.548,8570099,8538068,8353420,374816,1012864,256,260,141060,d256_20261005_195354
"ESP32-S3 N16R8 (QFN56 rev v0.2, 16MB flash, 8MB octal PSRAM)",240,Task-AE,256,509,95.754,494.684,0.111,0.002,494.797,590.551,8570099,8538068,8353420,374816,1012864,256,260,141060,d256_20261005_195354
"ESP32-S3 N16R8 (QFN56 rev v0.2, 16MB flash, 8MB octal PSRAM)",240,Task-AE,256,510,95.754,494.682,0.109,0.002,494.793,590.547,8570099,8538068,8353420,374816,1012864,256,260,141060,d256_20261005_195354
"ESP32-S3 N16R8 (QFN56 rev v0.2, 16MB flash, 8MB octal PSRAM)",240,Task-AE,256,511,95.754,494.682,0.109,0.002,494.793,590.547,8570099,8538068,8353420,374816,1012864,256,260,141060,d256_20261005_195354
"ESP32-S3 N16R8 (QFN56 rev v0.2, 16MB flash, 8MB octal PSRAM)",240,Task-AE,256,512,95.754,494.684,0.111,0.002,494.797,590.551,8570099,8538068,8353420,374816,1012864,256,260,141060,d256_20261005_195354
"ESP32-S3 N16R8 (QFN56 rev v0.2, 16MB flash, 8MB octal PSRAM)",240,Task-AE,256,513,95.754,494.682,0.109,0.002,494.793,590.547,8570099,8538068,8353420,374816,1012864,256,260,141060,d256_20261005_195354
"ESP32-S3 N16R8 (QFN56 rev v0.2, 16MB flash, 8MB octal PSRAM)",240,Task-AE,256,514,95.754,494.682,0.109,0.002,494.793,590.547,8570099,8538068,8353420,374816,1012864,256,260,141060,d256_20261005_195354
"ESP32-S3 N16R8 (QFN56 rev v0.2, 16MB flash, 8MB octal PSRAM)",240,Task-AE,256,515,95.754,494.684,0.111,0.002,494.797,590.551,8570099,8538068,8353420,374816,1012864,256,260,141060,d256_20261005_195354
"ESP32-S3 N16R8 (QFN56 rev v0.2, 16MB flash, 8MB octal PSRAM)",240,Task-AE,256,516,95.754,494.682,0.109,0.002,494.793,590.547,8570099,8538068,8353420,374816,1012864,256,260,141060,d256_20261005_195354
"ESP32-S3 N16R8 (QFN56 rev v0.2, 16MB flash, 8MB octal PSRAM)",240,Task-AE,256,517,95.754,494.682,0.109,0.002,494.793,590.547,8570099,8538068,8353420,374816,1012864,256,260,141060,d256_20261005_195354
"ESP32-S3 N16R8 (QFN56 rev v0.2, 16MB flash, 8MB octal PSRAM)",240,Task-AE,256,518,95.754,494.684,0.111,0.002,494.797,590.551,8570099,8538068,8353420,374816,1012864,256,260,141060,d256_20261005_195354
"ESP32-S3 N16R8 (QFN56 rev v0.2, 16MB flash, 8MB octal PSRAM)",240,Task-AE,256,519,95.754,494.682,0.109,0.002,494.793,590.547,8570099,8538068,8353420,374816,1012864,256,260,141060,d256_20261005_195354
"ESP32-S3 N16R8 (QFN56 rev v0.2, 16MB flash, 8MB octal PSRAM)",240,Task-AE,256,520,95.754,494.682,0.109,0.002,494.793,590.547,8570099,8538068,8353420,374816,1012864,256,260,141060,d256_20261005_195354
"ESP32-S3 N16R8 (QFN56 rev v0.2, 16MB flash, 8MB octal PSRAM)",240,Task-AE,256,521,95.754,494.684,0.111,0.002,494.797,590.551,8570099,8538068,8353420,374816,1012864,256,260,141060,d256_20261005_195354
"ESP32-S3 N16R8 (QFN56 rev v0.2, 16MB flash, 8MB octal PSRAM)",240,Task-AE,256,522,95.754,494.682,0.109,0.002,494.793,590.547,8570099,8538068,8353420,374816,1012864,256,260,141060,d256_20261005_195354
"ESP32-S3 N16R8 (QFN56 rev v0.2, 16MB flash, 8MB octal PSRAM)",240,Task-AE,256,523,95.754,494.682,0.109,0.002,494.793,590.547,8570099,8538068,8353420,374816,1012864,256,260,141060,d256_20261005_195354
"ESP32-S3 N16R8 (QFN56 rev v0.2, 16MB flash, 8MB octal PSRAM)",240,Task-AE,256,524,95.754,494.684,0.111,0.002,494.797,590.551,8570099,8538068,8353420,374816,1012864,256,260,141060,d256_20261005_195354
"ESP32-S3 N16R8 (QFN56 rev v0.2, 16MB flash, 8MB octal PSRAM)",240,Task-AE,256,525,95.754,494.682,0.109,0.002,494.793,590.547,8570099,8538068,8353420,374816,1012864,256,260,141060,d256_20261005_195354
"ESP32-S3 N16R8 (QFN56 rev v0.2, 16MB flash, 8MB octal PSRAM)",240,Task-AE,256,526,95.754,494.682,0.109,0.002,494.793,590.547,8570099,8538068,8353420,374816,1012864,256,260,141060,d256_20261005_195354
"ESP32-S3 N16R8 (QFN56 rev v0.2, 16MB flash, 8MB octal PSRAM)",240,Task-AE,256,527,95.754,494.684,0.111,0.002,494.797,590.551,8570099,8538068,8353420,374816,1012864,256,260,141060,d256_20261005_195354
"ESP32-S3 N16R8 (QFN56 rev v0.2, 16MB flash, 8MB octal PSRAM)",240,Task-AE,256,528,95.754,494.682,0.109,0.002,494.793,590.547,8570099,8538068,8353420,374816,1012864,256,260,141060,d256_20261005_195354
"ESP32-S3 N16R8 (QFN56 rev v0.2, 16MB flash, 8MB octal PSRAM)",240,Task-AE,256,529,95.754,494.682,0.109,0.002,494.793,590.547,8570099,8538068,8353420,374816,1012864,256,260,141060,d256_20261005_195354
"ESP32-S3 N16R8 (QFN56 rev v0.2, 16MB flash, 8MB octal PSRAM)",240,Task-AE,256,530,95.754,494.684,0.111,0.002,494.797,590.551,8570099,8538068,8353420,374816,1012864,256,260,141060,d256_20261005_195354
"ESP32-S3 N16R8 (QFN56 rev v0.2, 16MB flash, 8MB octal PSRAM)",240,Task-AE,256,531,95.754,494.682,0.109,0.002,494.793,590.547,8570099,8538068,8353420,374816,1012864,256,260,141060,d256_20261005_195354
"ESP32-S3 N16R8 (QFN56 rev v0.2, 16MB flash, 8MB octal PSRAM)",240,Task-AE,256,532,95.755,494.682,0.109,0.002,494.793,590.548,8570099,8538068,8353420,374816,1012864,256,260,141060,d256_20261005_195354
"ESP32-S3 N16R8 (QFN56 rev v0.2, 16MB flash, 8MB octal PSRAM)",240,Task-AE,256,533,95.754,494.684,0.111,0.002,494.797,590.551,8570099,8538068,8353420,374816,1012864,256,260,141060,d256_20261005_195354
"ESP32-S3 N16R8 (QFN56 rev v0.2, 16MB flash, 8MB octal PSRAM)",240,Task-AE,256,534,95.754,494.682,0.109,0.002,494.793,590.547,8570099,8538068,8353420,374816,1012864,256,260,141060,d256_20261005_195354
"ESP32-S3 N16R8 (QFN56 rev v0.2, 16MB flash, 8MB octal PSRAM)",240,Task-AE,256,535,95.754,494.682,0.109,0.002,494.793,590.547,8570099,8538068,8353420,374816,1012864,256,260,141060,d256_20261005_195354
"ESP32-S3 N16R8 (QFN56 rev v0.2, 16MB flash, 8MB octal PSRAM)",240,Task-AE,256,536,95.754,494.684,0.111,0.002,494.797,590.551,8570099,8538068,8353420,374816,1012864,256,260,141060,d256_20261005_195354
"ESP32-S3 N16R8 (QFN56 rev v0.2, 16MB flash, 8MB octal PSRAM)",240,Task-AE,256,537,95.754,494.682,0.109,0.002,494.793,590.547,8570099,8538068,8353420,374816,1012864,256,260,141060,d256_20261005_195354
"ESP32-S3 N16R8 (QFN56 rev v0.2, 16MB flash, 8MB octal PSRAM)",240,Task-AE,256,538,95.754,494.682,0.109,0.002,494.793,590.547,8570099,8538068,8353420,374816,1012864,256,260,141060,d256_20261005_195354
"ESP32-S3 N16R8 (QFN56 rev v0.2, 16MB flash, 8MB octal PSRAM)",240,Task-AE,256,539,95.754,494.684,0.111,0.002,494.797,590.551,8570099,8538068,8353420,374816,1012864,256,260,141060,d256_20261005_195354
"ESP32-S3 N16R8 (QFN56 rev v0.2, 16MB flash, 8MB octal PSRAM)",240,Task-AE,256,540,95.754,494.682,0.109,0.002,494.793,590.547,8570099,8538068,8353420,374816,1012864,256,260,141060,d256_20261005_195354
"ESP32-S3 N16R8 (QFN56 rev v0.2, 16MB flash, 8MB octal PSRAM)",240,Task-AE,256,541,95.754,494.682,0.109,0.002,494.793,590.547,8570099,8538068,8353420,374816,1012864,256,260,141060,d256_20261005_195354
"ESP32-S3 N16R8 (QFN56 rev v0.2, 16MB flash, 8MB octal PSRAM)",240,Task-AE,256,542,95.754,494.684,0.111,0.002,494.797,590.551,8570099,8538068,8353420,374816,1012864,256,260,141060,d256_20261005_195354
"ESP32-S3 N16R8 (QFN56 rev v0.2, 16MB flash, 8MB octal PSRAM)",240,Task-AE,256,543,95.754,494.682,0.109,0.002,494.793,590.547,8570099,8538068,8353420,374816,1012864,256,260,141060,d256_20261005_195354
"ESP32-S3 N16R8 (QFN56 rev v0.2, 16MB flash, 8MB octal PSRAM)",240,Task-AE,256,544,95.754,494.682,0.109,0.002,494.793,590.547,8570099,8538068,8353420,374816,1012864,256,260,141060,d256_20261005_195354
"ESP32-S3 N16R8 (QFN56 rev v0.2, 16MB flash, 8MB octal PSRAM)",240,Task-AE,256,545,95.754,494.684,0.111,0.002,494.797,590.551,8570099,8538068,8353420,374816,1012864,256,260,141060,d256_20261005_195354
"ESP32-S3 N16R8 (QFN56 rev v0.2, 16MB flash, 8MB octal PSRAM)",240,Task-AE,256,546,95.754,494.682,0.109,0.002,494.793,590.547,8570099,8538068,8353420,374816,1012864,256,260,141060,d256_20261005_195354
"ESP32-S3 N16R8 (QFN56 rev v0.2, 16MB flash, 8MB octal PSRAM)",240,Task-AE,256,547,95.754,494.682,0.109,0.002,494.793,590.547,8570099,8538068,8353420,374816,1012864,256,260,141060,d256_20261005_195354
"ESP32-S3 N16R8 (QFN56 rev v0.2, 16MB flash, 8MB octal PSRAM)",240,Task-AE,256,548,95.754,494.684,0.111,0.002,494.797,590.551,8570099,8538068,8353420,374816,1012864,256,260,141060,d256_20261005_195354
"ESP32-S3 N16R8 (QFN56 rev v0.2, 16MB flash, 8MB octal PSRAM)",240,Task-AE,256,549,95.754,494.682,0.109,0.002,494.793,590.547,8570099,8538068,8353420,374816,1012864,256,260,141060,d256_20261005_195354
"ESP32-S3 N16R8 (QFN56 rev v0.2, 16MB flash, 8MB octal PSRAM)",240,Task-AE,256,550,95.754,494.682,0.109,0.002,494.793,590.547,8570099,8538068,8353420,374816,1012864,256,260,141060,d256_20261005_195354
"ESP32-S3 N16R8 (QFN56 rev v0.2, 16MB flash, 8MB octal PSRAM)",240,Task-AE,256,551,95.754,494.684,0.111,0.002,494.797,590.551,8570099,8538068,8353420,374816,1012864,256,260,141060,d256_20261005_195354
"ESP32-S3 N16R8 (QFN56 rev v0.2, 16MB flash, 8MB octal PSRAM)",240,Task-AE,256,552,95.754,494.682,0.109,0.002,494.793,590.547,8570099,8538068,8353420,374816,1012864,256,260,141060,d256_20261005_195354
"ESP32-S3 N16R8 (QFN56 rev v0.2, 16MB flash, 8MB octal PSRAM)",240,Task-AE,256,553,95.754,494.682,0.109,0.002,494.793,590.547,8570099,8538068,8353420,374816,1012864,256,260,141060,d256_20261005_195354
"ESP32-S3 N16R8 (QFN56 rev v0.2, 16MB flash, 8MB octal PSRAM)",240,Task-AE,256,554,95.754,494.684,0.111,0.002,494.797,590.551,8570099,8538068,8353420,374816,1012864,256,260,141060,d256_20261005_195354
"ESP32-S3 N16R8 (QFN56 rev v0.2, 16MB flash, 8MB octal PSRAM)",240,Task-AE,256,555,95.754,494.682,0.109,0.002,494.793,590.547,8570099,8538068,8353420,374816,1012864,256,260,141060,d256_20261005_195354
"ESP32-S3 N16R8 (QFN56 rev v0.2, 16MB flash, 8MB octal PSRAM)",240,Task-AE,256,556,95.754,494.682,0.109,0.002,494.793,590.547,8570099,8538068,8353420,374816,1012864,256,260,141060,d256_20261005_195354
"ESP32-S3 N16R8 (QFN56 rev v0.2, 16MB flash, 8MB octal PSRAM)",240,Task-AE,256,557,95.754,494.684,0.111,0.002,494.797,590.551,8570099,8538068,8353420,374816,1012864,256,260,141060,d256_20261005_195354
"ESP32-S3 N16R8 (QFN56 rev v0.2, 16MB flash, 8MB octal PSRAM)",240,Task-AE,256,558,95.754,494.682,0.109,0.002,494.793,590.547,8570099,8538068,8353420,374816,1012864,256,260,141060,d256_20261005_195354
"ESP32-S3 N16R8 (QFN56 rev v0.2, 16MB flash, 8MB octal PSRAM)",240,Task-AE,256,559,95.754,494.682,0.109,0.002,494.793,590.547,8570099,8538068,8353420,374816,1012864,256,260,141060,d256_20261005_195354
"ESP32-S3 N16R8 (QFN56 rev v0.2, 16MB flash, 8MB octal PSRAM)",240,Task-AE,256,560,95.754,494.684,0.111,0.002,494.797,590.551,8570099,8538068,8353420,374816,1012864,256,260,141060,d256_20261005_195354
"ESP32-S3 N16R8 (QFN56 rev v0.2, 16MB flash, 8MB octal PSRAM)",240,Task-AE,256,561,95.754,494.682,0.109,0.002,494.793,590.547,8570099,8538068,8353420,374816,1012864,256,260,141060,d256_20261005_195354
"ESP32-S3 N16R8 (QFN56 rev v0.2, 16MB flash, 8MB octal PSRAM)",240,Task-AE,256,562,95.754,494.682,0.109,0.002,494.793,590.547,8570099,8538068,8353420,374816,1012864,256,260,141060,d256_20261005_195354
"ESP32-S3 N16R8 (QFN56 rev v0.2, 16MB flash, 8MB octal PSRAM)",240,Task-AE,256,563,95.754,494.684,0.111,0.002,494.797,590.551,8570099,8538068,8353420,374816,1012864,256,260,141060,d256_20261005_195354
"ESP32-S3 N16R8 (QFN56 rev v0.2, 16MB flash, 8MB octal PSRAM)",240,Task-AE,256,564,95.754,494.682,0.109,0.002,494.793,590.547,8570099,8538068,8353420,374816,1012864,256,260,141060,d256_20261005_195354
"ESP32-S3 N16R8 (QFN56 rev v0.2, 16MB flash, 8MB octal PSRAM)",240,Task-AE,256,565,95.754,494.682,0.109,0.002,494.793,590.547,8570099,8538068,8353420,374816,1012864,256,260,141060,d256_20261005_195354
"ESP32-S3 N16R8 (QFN56 rev v0.2, 16MB flash, 8MB octal PSRAM)",240,Task-AE,256,566,95.754,494.684,0.111,0.002,494.797,590.551,8570099,8538068,8353420,374816,1012864,256,260,141060,d256_20261005_195354
"ESP32-S3 N16R8 (QFN56 rev v0.2, 16MB flash, 8MB octal PSRAM)",240,Task-AE,256,567,95.754,494.682,0.109,0.002,494.793,590.547,8570099,8538068,8353420,374816,1012864,256,260,141060,d256_20261005_195354
"ESP32-S3 N16R8 (QFN56 rev v0.2, 16MB flash, 8MB octal PSRAM)",240,Task-AE,256,568,95.754,494.682,0.109,0.002,494.793,590.547,8570099,8538068,8353420,374816,1012864,256,260,141060,d256_20261005_195354
"ESP32-S3 N16R8 (QFN56 rev v0.2, 16MB flash, 8MB octal PSRAM)",240,Task-AE,256,569,95.754,494.684,0.111,0.002,494.797,590.551,8570099,8538068,8353420,374816,1012864,256,260,141060,d256_20261005_195354
"ESP32-S3 N16R8 (QFN56 rev v0.2, 16MB flash, 8MB octal PSRAM)",240,Task-AE,256,570,95.754,494.682,0.109,0.002,494.793,590.547,8570099,8538068,8353420,374816,1012864,256,260,141060,d256_20261005_195354
"ESP32-S3 N16R8 (QFN56 rev v0.2, 16MB flash, 8MB octal PSRAM)",240,Task-AE,256,571,95.754,494.682,0.109,0.002,494.793,590.547,8570099,8538068,8353420,374816,1012864,256,260,141060,d256_20261005_195354
"ESP32-S3 N16R8 (QFN56 rev v0.2, 16MB flash, 8MB octal PSRAM)",240,Task-AE,256,572,95.754,494.684,0.111,0.002,494.797,590.551,8570099,8538068,8353420,374816,1012864,256,260,141060,d256_20261005_195354
"ESP32-S3 N16R8 (QFN56 rev v0.2, 16MB flash, 8MB octal PSRAM)",240,Task-AE,256,573,95.754,494.682,0.109,0.002,494.793,590.547,8570099,8538068,8353420,374816,1012864,256,260,141060,d256_20261005_195354
"ESP32-S3 N16R8 (QFN56 rev v0.2, 16MB flash, 8MB octal PSRAM)",240,Task-AE,256,574,95.754,494.682,0.109,0.002,494.793,590.547,8570099,8538068,8353420,374816,1012864,256,260,141060,d256_20261005_195354
"ESP32-S3 N16R8 (QFN56 rev v0.2, 16MB flash, 8MB octal PSRAM)",240,Task-AE,256,575,95.754,494.684,0.111,0.002,494.797,590.551,8570099,8538068,8353420,374816,1012864,256,260,141060,d256_20261005_195354
"ESP32-S3 N16R8 (QFN56 rev v0.2, 16MB flash, 8MB octal PSRAM)",240,Task-AE,256,576,95.754,494.682,0.109,0.002,494.793,590.547,8570099,8538068,8353420,374816,1012864,256,260,141060,d256_20261005_195354
"ESP32-S3 N16R8 (QFN56 rev v0.2, 16MB flash, 8MB octal PSRAM)",240,Task-AE,256,577,95.754,494.682,0.109,0.002,494.793,590.547,8570099,8538068,8353420,374816,1012864,256,260,141060,d256_20261005_195354
"ESP32-S3 N16R8 (QFN56 rev v0.2, 16MB flash, 8MB octal PSRAM)",240,Task-AE,256,578,95.754,494.684,0.111,0.002,494.797,590.551,8570099,8538068,8353420,374816,1012864,256,260,141060,d256_20261005_195354
"ESP32-S3 N16R8 (QFN56 rev v0.2, 16MB flash, 8MB octal PSRAM)",240,Task-AE,256,579,95.755,494.682,0.109,0.002,494.793,590.548,8570099,8538068,8353420,374816,1012864,256,260,141060,d256_20261005_195354
"ESP32-S3 N16R8 (QFN56 rev v0.2, 16MB flash, 8MB octal PSRAM)",240,Task-AE,256,580,95.754,494.682,0.109,0.002,494.793,590.547,8570099,8538068,8353420,374816,1012864,256,260,141060,d256_20261005_195354
"ESP32-S3 N16R8 (QFN56 rev v0.2, 16MB flash, 8MB octal PSRAM)",240,Task-AE,256,581,95.754,494.684,0.111,0.002,494.797,590.551,8570099,8538068,8353420,374816,1012864,256,260,141060,d256_20261005_195354
"ESP32-S3 N16R8 (QFN56 rev v0.2, 16MB flash, 8MB octal PSRAM)",240,Task-AE,256,582,95.754,494.682,0.109,0.002,494.793,590.547,8570099,8538068,8353420,374816,1012864,256,260,141060,d256_20261005_195354
"ESP32-S3 N16R8 (QFN56 rev v0.2, 16MB flash, 8MB octal PSRAM)",240,Task-AE,256,583,95.754,494.682,0.109,0.002,494.793,590.547,8570099,8538068,8353420,374816,1012864,256,260,141060,d256_20261005_195354
"ESP32-S3 N16R8 (QFN56 rev v0.2, 16MB flash, 8MB octal PSRAM)",240,Task-AE,256,584,95.754,494.684,0.111,0.002,494.797,590.551,8570099,8538068,8353420,374816,1012864,256,260,141060,d256_20261005_195354
"ESP32-S3 N16R8 (QFN56 rev v0.2, 16MB flash, 8MB octal PSRAM)",240,Task-AE,256,585,95.754,494.682,0.109,0.002,494.793,590.547,8570099,8538068,8353420,374816,1012864,256,260,141060,d256_20261005_195354
"ESP32-S3 N16R8 (QFN56 rev v0.2, 16MB flash, 8MB octal PSRAM)",240,Task-AE,256,586,95.754,494.682,0.109,0.002,494.793,590.547,8570099,8538068,8353420,374816,1012864,256,260,141060,d256_20261005_195354
"ESP32-S3 N16R8 (QFN56 rev v0.2, 16MB flash, 8MB octal PSRAM)",240,Task-AE,256,587,95.754,494.684,0.111,0.002,494.797,590.551,8570099,8538068,8353420,374816,1012864,256,260,141060,d256_20261005_195354
"ESP32-S3 N16R8 (QFN56 rev v0.2, 16MB flash, 8MB octal PSRAM)",240,Task-AE,256,588,95.754,494.682,0.109,0.002,494.793,590.547,8570099,8538068,8353420,374816,1012864,256,260,141060,d256_20261005_195354
"ESP32-S3 N16R8 (QFN56 rev v0.2, 16MB flash, 8MB octal PSRAM)",240,Task-AE,256,589,95.754,494.682,0.109,0.002,494.793,590.547,8570099,8538068,8353420,374816,1012864,256,260,141060,d256_20261005_195354
"ESP32-S3 N16R8 (QFN56 rev v0.2, 16MB flash, 8MB octal PSRAM)",240,Task-AE,256,590,95.754,494.684,0.111,0.002,494.797,590.551,8570099,8538068,8353420,374816,1012864,256,260,141060,d256_20261005_195354
"ESP32-S3 N16R8 (QFN56 rev v0.2, 16MB flash, 8MB octal PSRAM)",240,Task-AE,256,591,95.755,494.682,0.109,0.002,494.793,590.548,8570099,8538068,8353420,374816,1012864,256,260,141060,d256_20261005_195354
"ESP32-S3 N16R8 (QFN56 rev v0.2, 16MB flash, 8MB octal PSRAM)",240,Task-AE,256,592,95.754,494.682,0.109,0.002,494.793,590.547,8570099,8538068,8353420,374816,1012864,256,260,141060,d256_20261005_195354
"ESP32-S3 N16R8 (QFN56 rev v0.2, 16MB flash, 8MB octal PSRAM)",240,Task-AE,256,593,95.754,494.684,0.111,0.002,494.797,590.551,8570099,8538068,8353420,374816,1012864,256,260,141060,d256_20261005_195354
"ESP32-S3 N16R8 (QFN56 rev v0.2, 16MB flash, 8MB octal PSRAM)",240,Task-AE,256,594,95.754,494.682,0.109,0.002,494.793,590.547,8570099,8538068,8353420,374816,1012864,256,260,141060,d256_20261005_195354
"ESP32-S3 N16R8 (QFN56 rev v0.2, 16MB flash, 8MB octal PSRAM)",240,Task-AE,256,595,95.754,494.682,0.109,0.002,494.793,590.547,8570099,8538068,8353420,374816,1012864,256,260,141060,d256_20261005_195354
"ESP32-S3 N16R8 (QFN56 rev v0.2, 16MB flash, 8MB octal PSRAM)",240,Task-AE,256,596,95.754,494.684,0.111,0.002,494.797,590.551,8570099,8538068,8353420,374816,1012864,256,260,141060,d256_20261005_195354
"ESP32-S3 N16R8 (QFN56 rev v0.2, 16MB flash, 8MB octal PSRAM)",240,Task-AE,256,597,95.754,494.682,0.109,0.002,494.793,590.547,8570099,8538068,8353420,374816,1012864,256,260,141060,d256_20261005_195354
"ESP32-S3 N16R8 (QFN56 rev v0.2, 16MB flash, 8MB octal PSRAM)",240,Task-AE,256,598,95.754,494.682,0.109,0.002,494.793,590.547,8570099,8538068,8353420,374816,1012864,256,260,141060,d256_20261005_195354
"ESP32-S3 N16R8 (QFN56 rev v0.2, 16MB flash, 8MB octal PSRAM)",240,Task-AE,256,599,95.754,494.684,0.111,0.002,494.797,590.551,8570099,8538068,8353420,374816,1012864,256,260,141060,d256_20261005_195354
"ESP32-S3 N16R8 (QFN56 rev v0.2, 16MB flash, 8MB octal PSRAM)",240,Task-AE,256,600,95.754,494.682,0.109,0.002,494.793,590.547,8570099,8538068,8353420,374816,1012864,256,260,141060,d256_20261005_195354
"ESP32-S3 N16R8 (QFN56 rev v0.2, 16MB flash, 8MB octal PSRAM)",240,Task-AE,256,601,95.754,494.682,0.109,0.002,494.793,590.547,8570099,8538068,8353420,374816,1012864,256,260,141060,d256_20261005_195354
"ESP32-S3 N16R8 (QFN56 rev v0.2, 16MB flash, 8MB octal PSRAM)",240,Task-AE,256,602,95.754,494.684,0.111,0.002,494.797,590.551,8570099,8538068,8353420,374816,1012864,256,260,141060,d256_20261005_195354
"ESP32-S3 N16R8 (QFN56 rev v0.2, 16MB flash, 8MB octal PSRAM)",240,Task-AE,256,603,95.754,494.682,0.109,0.002,494.793,590.547,8570099,8538068,8353420,374816,1012864,256,260,141060,d256_20261005_195354
"ESP32-S3 N16R8 (QFN56 rev v0.2, 16MB flash, 8MB octal PSRAM)",240,Task-AE,256,604,95.754,494.682,0.109,0.002,494.793,590.547,8570099,8538068,8353420,374816,1012864,256,260,141060,d256_20261005_195354
"ESP32-S3 N16R8 (QFN56 rev v0.2, 16MB flash, 8MB octal PSRAM)",240,Task-AE,256,605,95.754,494.684,0.111,0.002,494.797,590.551,8570099,8538068,8353420,374816,1012864,256,260,141060,d256_20261005_195354
"ESP32-S3 N16R8 (QFN56 rev v0.2, 16MB flash, 8MB octal PSRAM)",240,Task-AE,256,606,95.754,494.682,0.109,0.002,494.793,590.547,8570099,8538068,8353420,374816,1012864,256,260,141060,d256_20261005_195354
"ESP32-S3 N16R8 (QFN56 rev v0.2, 16MB flash, 8MB octal PSRAM)",240,Task-AE,256,607,95.754,494.682,0.109,0.002,494.793,590.547,8570099,8538068,8353420,374816,1012864,256,260,141060,d256_20261005_195354
"ESP32-S3 N16R8 (QFN56 rev v0.2, 16MB flash, 8MB octal PSRAM)",240,Task-AE,256,608,95.754,494.684,0.111,0.002,494.797,590.551,8570099,8538068,8353420,374816,1012864,256,260,141060,d256_20261005_195354
"ESP32-S3 N16R8 (QFN56 rev v0.2, 16MB flash, 8MB octal PSRAM)",240,Task-AE,256,609,95.754,494.682,0.109,0.002,494.793,590.547,8570099,8538068,8353420,374816,1012864,256,260,141060,d256_20261005_195354
"ESP32-S3 N16R8 (QFN56 rev v0.2, 16MB flash, 8MB octal PSRAM)",240,Task-AE,256,610,95.754,494.682,0.109,0.002,494.793,590.547,8570099,8538068,8353420,374816,1012864,256,260,141060,d256_20261005_195354
"ESP32-S3 N16R8 (QFN56 rev v0.2, 16MB flash, 8MB octal PSRAM)",240,Task-AE,256,611,95.754,494.684,0.111,0.002,494.797,590.551,8570099,8538068,8353420,374816,1012864,256,260,141060,d256_20261005_195354
"ESP32-S3 N16R8 (QFN56 rev v0.2, 16MB flash, 8MB octal PSRAM)",240,Task-AE,256,612,95.754,494.682,0.109,0.002,494.793,590.547,8570099,8538068,8353420,374816,1012864,256,260,141060,d256_20261005_195354
"ESP32-S3 N16R8 (QFN56 rev v0.2, 16MB flash, 8MB octal PSRAM)",240,Task-AE,256,613,95.754,494.682,0.109,0.002,494.793,590.547,8570099,8538068,8353420,374816,1012864,256,260,141060,d256_20261005_195354
"ESP32-S3 N16R8 (QFN56 rev v0.2, 16MB flash, 8MB octal PSRAM)",240,Task-AE,256,614,95.754,494.684,0.111,0.002,494.797,590.551,8570099,8538068,8353420,374816,1012864,256,260,141060,d256_20261005_195354
"ESP32-S3 N16R8 (QFN56 rev v0.2, 16MB flash, 8MB octal PSRAM)",240,Task-AE,256,615,95.754,494.682,0.109,0.002,494.793,590.547,8570099,8538068,8353420,374816,1012864,256,260,141060,d256_20261005_195354
"ESP32-S3 N16R8 (QFN56 rev v0.2, 16MB flash, 8MB octal PSRAM)",240,Task-AE,256,616,95.754,494.682,0.109,0.002,494.793,590.547,8570099,8538068,8353420,374816,1012864,256,260,141060,d256_20261005_195354
"ESP32-S3 N16R8 (QFN56 rev v0.2, 16MB flash, 8MB octal PSRAM)",240,Task-AE,256,617,95.754,494.684,0.111,0.002,494.797,590.551,8570099,8538068,8353420,374816,1012864,256,260,141060,d256_20261005_195354
"ESP32-S3 N16R8 (QFN56 rev v0.2, 16MB flash, 8MB octal PSRAM)",240,Task-AE,256,618,95.754,494.682,0.109,0.002,494.793,590.547,8570099,8538068,8353420,374816,1012864,256,260,141060,d256_20261005_195354
"ESP32-S3 N16R8 (QFN56 rev v0.2, 16MB flash, 8MB octal PSRAM)",240,Task-AE,256,619,95.754,494.682,0.109,0.002,494.793,590.547,8570099,8538068,8353420,374816,1012864,256,260,141060,d256_20261005_195354
"ESP32-S3 N16R8 (QFN56 rev v0.2, 16MB flash, 8MB octal PSRAM)",240,Task-AE,256,620,95.754,494.684,0.111,0.002,494.797,590.551,8570099,8538068,8353420,374816,1012864,256,260,141060,d256_20261005_195354
"ESP32-S3 N16R8 (QFN56 rev v0.2, 16MB flash, 8MB octal PSRAM)",240,Task-AE,256,621,95.754,494.682,0.109,0.002,494.793,590.547,8570099,8538068,8353420,374816,1012864,256,260,141060,d256_20261005_195354
"ESP32-S3 N16R8 (QFN56 rev v0.2, 16MB flash, 8MB octal PSRAM)",240,Task-AE,256,622,95.754,494.682,0.109,0.002,494.793,590.547,8570099,8538068,8353420,374816,1012864,256,260,141060,d256_20261005_195354
"ESP32-S3 N16R8 (QFN56 rev v0.2, 16MB flash, 8MB octal PSRAM)",240,Task-AE,256,623,95.754,494.684,0.111,0.002,494.797,590.551,8570099,8538068,8353420,374816,1012864,256,260,141060,d256_20261005_195354
"ESP32-S3 N16R8 (QFN56 rev v0.2, 16MB flash, 8MB octal PSRAM)",240,Task-AE,256,624,95.754,494.682,0.109,0.002,494.793,590.547,8570099,8538068,8353420,374816,1012864,256,260,141060,d256_20261005_195354
"ESP32-S3 N16R8 (QFN56 rev v0.2, 16MB flash, 8MB octal PSRAM)",240,Task-AE,256,625,95.754,494.682,0.109,0.002,494.793,590.547,8570099,8538068,8353420,374816,1012864,256,260,141060,d256_20261005_195354
"ESP32-S3 N16R8 (QFN56 rev v0.2, 16MB flash, 8MB octal PSRAM)",240,Task-AE,256,626,95.754,494.684,0.111,0.002,494.797,590.551,8570099,8538068,8353420,374816,1012864,256,260,141060,d256_20261005_195354
"ESP32-S3 N16R8 (QFN56 rev v0.2, 16MB flash, 8MB octal PSRAM)",240,Task-AE,256,627,95.754,494.682,0.109,0.002,494.793,590.547,8570099,8538068,8353420,374816,1012864,256,260,141060,d256_20261005_195354
"ESP32-S3 N16R8 (QFN56 rev v0.2, 16MB flash, 8MB octal PSRAM)",240,Task-AE,256,628,95.754,494.682,0.109,0.002,494.793,590.547,8570099,8538068,8353420,374816,1012864,256,260,141060,d256_20261005_195354
"ESP32-S3 N16R8 (QFN56 rev v0.2, 16MB flash, 8MB octal PSRAM)",240,Task-AE,256,629,95.754,494.684,0.111,0.002,494.797,590.551,8570099,8538068,8353420,374816,1012864,256,260,141060,d256_20261005_195354
"ESP32-S3 N16R8 (QFN56 rev v0.2, 16MB flash, 8MB octal PSRAM)",240,Task-AE,256,630,95.754,494.682,0.109,0.002,494.793,590.547,8570099,8538068,8353420,374816,1012864,256,260,141060,d256_20261005_195354
"ESP32-S3 N16R8 (QFN56 rev v0.2, 16MB flash, 8MB octal PSRAM)",240,Task-AE,256,631,95.754,494.682,0.109,0.002,494.793,590.547,8570099,8538068,8353420,374816,1012864,256,260,141060,d256_20261005_195354
"ESP32-S3 N16R8 (QFN56 rev v0.2, 16MB flash, 8MB octal PSRAM)",240,Task-AE,256,632,95.754,494.684,0.111,0.002,494.797,590.551,8570099,8538068,8353420,374816,1012864,256,260,141060,d256_20261005_195354
"ESP32-S3 N16R8 (QFN56 rev v0.2, 16MB flash, 8MB octal PSRAM)",240,Task-AE,256,633,95.754,494.682,0.109,0.002,494.793,590.547,8570099,8538068,8353420,374816,1012864,256,260,141060,d256_20261005_195354
"ESP32-S3 N16R8 (QFN56 rev v0.2, 16MB flash, 8MB octal PSRAM)",240,Task-AE,256,634,95.754,494.682,0.109,0.002,494.793,590.547,8570099,8538068,8353420,374816,1012864,256,260,141060,d256_20261005_195354
"ESP32-S3 N16R8 (QFN56 rev v0.2, 16MB flash, 8MB octal PSRAM)",240,Task-AE,256,635,95.754,494.684,0.111,0.002,494.797,590.551,8570099,8538068,8353420,374816,1012864,256,260,141060,d256_20261005_195354
"ESP32-S3 N16R8 (QFN56 rev v0.2, 16MB flash, 8MB octal PSRAM)",240,Task-AE,256,636,95.754,494.682,0.109,0.002,494.793,590.547,8570099,8538068,8353420,374816,1012864,256,260,141060,d256_20261005_195354
"ESP32-S3 N16R8 (QFN56 rev v0.2, 16MB flash, 8MB octal PSRAM)",240,Task-AE,256,637,95.754,494.682,0.109,0.002,494.793,590.547,8570099,8538068,8353420,374816,1012864,256,260,141060,d256_20261005_195354
"ESP32-S3 N16R8 (QFN56 rev v0.2, 16MB flash, 8MB octal PSRAM)",240,Task-AE,256,638,95.754,494.684,0.111,0.002,494.797,590.551,8570099,8538068,8353420,374816,1012864,256,260,141060,d256_20261005_195354
"ESP32-S3 N16R8 (QFN56 rev v0.2, 16MB flash, 8MB octal PSRAM)",240,Task-AE,256,639,95.754,494.682,0.109,0.002,494.793,590.547,8570099,8538068,8353420,374816,1012864,256,260,141060,d256_20261005_195354
"ESP32-S3 N16R8 (QFN56 rev v0.2, 16MB flash, 8MB octal PSRAM)",240,Task-AE,256,640,95.754,494.682,0.109,0.002,494.793,590.547,8570099,8538068,8353420,374816,1012864,256,260,141060,d256_20261005_195354
"ESP32-S3 N16R8 (QFN56 rev v0.2, 16MB flash, 8MB octal PSRAM)",240,Task-AE,256,641,95.754,494.684,0.111,0.002,494.797,590.551,8570099,8538068,8353420,374816,1012864,256,260,141060,d256_20261005_195354
"ESP32-S3 N16R8 (QFN56 rev v0.2, 16MB flash, 8MB octal PSRAM)",240,Task-AE,256,642,95.754,494.682,0.109,0.002,494.793,590.547,8570099,8538068,8353420,374816,1012864,256,260,141060,d256_20261005_195354
"ESP32-S3 N16R8 (QFN56 rev v0.2, 16MB flash, 8MB octal PSRAM)",240,Task-AE,256,643,95.754,494.682,0.109,0.002,494.793,590.547,8570099,8538068,8353420,374816,1012864,256,260,141060,d256_20261005_195354
"ESP32-S3 N16R8 (QFN56 rev v0.2, 16MB flash, 8MB octal PSRAM)",240,Task-AE,256,644,95.754,494.684,0.111,0.002,494.797,590.551,8570099,8538068,8353420,374816,1012864,256,260,141060,d256_20261005_195354
"ESP32-S3 N16R8 (QFN56 rev v0.2, 16MB flash, 8MB octal PSRAM)",240,Task-AE,256,645,95.754,494.682,0.109,0.002,494.793,590.547,8570099,8538068,8353420,374816,1012864,256,260,141060,d256_20261005_195354
"ESP32-S3 N16R8 (QFN56 rev v0.2, 16MB flash, 8MB octal PSRAM)",240,Task-AE,256,646,95.754,494.682,0.109,0.002,494.793,590.547,8570099,8538068,8353420,374816,1012864,256,260,141060,d256_20261005_195354
"ESP32-S3 N16R8 (QFN56 rev v0.2, 16MB flash, 8MB octal PSRAM)",240,Task-AE,256,647,95.754,494.684,0.111,0.002,494.797,590.551,8570099,8538068,8353420,374816,1012864,256,260,141060,d256_20261005_195354
"ESP32-S3 N16R8 (QFN56 rev v0.2, 16MB flash, 8MB octal PSRAM)",240,Task-AE,256,648,95.754,494.682,0.109,0.002,494.793,590.547,8570099,8538068,8353420,374816,1012864,256,260,141060,d256_20261005_195354
"ESP32-S3 N16R8 (QFN56 rev v0.2, 16MB flash, 8MB octal PSRAM)",240,Task-AE,256,649,95.754,494.682,0.109,0.002,494.793,590.547,8570099,8538068,8353420,374816,1012864,256,260,141060,d256_20261005_195354
"ESP32-S3 N16R8 (QFN56 rev v0.2, 16MB flash, 8MB octal PSRAM)",240,Task-AE,256,650,95.754,494.684,0.111,0.002,494.797,590.551,8570099,8538068,8353420,374816,1012864,256,260,141060,d256_20261005_195354
"ESP32-S3 N16R8 (QFN56 rev v0.2, 16MB flash, 8MB octal PSRAM)",240,Task-AE,256,651,95.754,494.682,0.109,0.002,494.793,590.547,8570099,8538068,8353420,374816,1012864,256,260,141060,d256_20261005_195354
"ESP32-S3 N16R8 (QFN56 rev v0.2, 16MB flash, 8MB octal PSRAM)",240,Task-AE,256,652,95.754,494.682,0.109,0.002,494.793,590.547,8570099,8538068,8353420,374816,1012864,256,260,141060,d256_20261005_195354
"ESP32-S3 N16R8 (QFN56 rev v0.2, 16MB flash, 8MB octal PSRAM)",240,Task-AE,256,653,95.754,494.684,0.111,0.002,494.797,590.551,8570099,8538068,8353420,374816,1012864,256,260,141060,d256_20261005_195354
"ESP32-S3 N16R8 (QFN56 rev v0.2, 16MB flash, 8MB octal PSRAM)",240,Task-AE,256,654,95.754,494.682,0.109,0.002,494.793,590.547,8570099,8538068,8353420,374816,1012864,256,260,141060,d256_20261005_195354
"ESP32-S3 N16R8 (QFN56 rev v0.2, 16MB flash, 8MB octal PSRAM)",240,Task-AE,256,655,95.754,494.682,0.109,0.002,494.793,590.547,8570099,8538068,8353420,374816,1012864,256,260,141060,d256_20261005_195354
"ESP32-S3 N16R8 (QFN56 rev v0.2, 16MB flash, 8MB octal PSRAM)",240,Task-AE,256,656,95.754,494.684,0.111,0.002,494.797,590.551,8570099,8538068,8353420,374816,1012864,256,260,141060,d256_20261005_195354
"ESP32-S3 N16R8 (QFN56 rev v0.2, 16MB flash, 8MB octal PSRAM)",240,Task-AE,256,657,95.754,494.682,0.109,0.002,494.793,590.547,8570099,8538068,8353420,374816,1012864,256,260,141060,d256_20261005_195354
"ESP32-S3 N16R8 (QFN56 rev v0.2, 16MB flash, 8MB octal PSRAM)",240,Task-AE,256,658,95.754,494.682,0.109,0.002,494.793,590.547,8570099,8538068,8353420,374816,1012864,256,260,141060,d256_20261005_195354
"ESP32-S3 N16R8 (QFN56 rev v0.2, 16MB flash, 8MB octal PSRAM)",240,Task-AE,256,659,95.754,494.684,0.111,0.002,494.797,590.551,8570099,8538068,8353420,374816,1012864,256,260,141060,d256_20261005_195354
"ESP32-S3 N16R8 (QFN56 rev v0.2, 16MB flash, 8MB octal PSRAM)",240,Task-AE,256,660,95.754,494.682,0.109,0.002,494.793,590.547,8570099,8538068,8353420,374816,1012864,256,260,141060,d256_20261005_195354
"ESP32-S3 N16R8 (QFN56 rev v0.2, 16MB flash, 8MB octal PSRAM)",240,Task-AE,256,661,95.754,494.682,0.109,0.002,494.793,590.547,8570099,8538068,8353420,374816,1012864,256,260,141060,d256_20261005_195354
"ESP32-S3 N16R8 (QFN56 rev v0.2, 16MB flash, 8MB octal PSRAM)",240,Task-AE,256,662,95.754,494.684,0.111,0.002,494.797,590.551,8570099,8538068,8353420,374816,1012864,256,260,141060,d256_20261005_195354
"ESP32-S3 N16R8 (QFN56 rev v0.2, 16MB flash, 8MB octal PSRAM)",240,Task-AE,256,663,95.754,494.682,0.109,0.002,494.793,590.547,8570099,8538068,8353420,374816,1012864,256,260,141060,d256_20261005_195354
"ESP32-S3 N16R8 (QFN56 rev v0.2, 16MB flash, 8MB octal PSRAM)",240,Task-AE,256,664,95.754,494.682,0.109,0.002,494.793,590.547,8570099,8538068,8353420,374816,1012864,256,260,141060,d256_20261005_195354
"ESP32-S3 N16R8 (QFN56 rev v0.2, 16MB flash, 8MB octal PSRAM)",240,Task-AE,256,665,95.754,494.684,0.111,0.002,494.797,590.551,8570099,8538068,8353420,374816,1012864,256,260,141060,d256_20261005_195354
"ESP32-S3 N16R8 (QFN56 rev v0.2, 16MB flash, 8MB octal PSRAM)",240,Task-AE,256,666,95.754,494.682,0.109,0.002,494.793,590.547,8570099,8538068,8353420,374816,1012864,256,260,141060,d256_20261005_195354
"ESP32-S3 N16R8 (QFN56 rev v0.2, 16MB flash, 8MB octal PSRAM)",240,Task-AE,256,667,95.754,494.682,0.109,0.002,494.793,590.547,8570099,8538068,8353420,374816,1012864,256,260,141060,d256_20261005_195354
"ESP32-S3 N16R8 (QFN56 rev v0.2, 16MB flash, 8MB octal PSRAM)",240,Task-AE,256,668,95.754,494.684,0.111,0.002,494.797,590.551,8570099,8538068,8353420,374816,1012864,256,260,141060,d256_20261005_195354
"ESP32-S3 N16R8 (QFN56 rev v0.2, 16MB flash, 8MB octal PSRAM)",240,Task-AE,256,669,95.754,494.682,0.109,0.002,494.793,590.547,8570099,8538068,8353420,374816,1012864,256,260,141060,d256_20261005_195354
"ESP32-S3 N16R8 (QFN56 rev v0.2, 16MB flash, 8MB octal PSRAM)",240,Task-AE,256,670,95.754,494.682,0.109,0.002,494.793,590.547,8570099,8538068,8353420,374816,1012864,256,260,141060,d256_20261005_195354
"ESP32-S3 N16R8 (QFN56 rev v0.2, 16MB flash, 8MB octal PSRAM)",240,Task-AE,256,671,95.754,494.684,0.111,0.002,494.797,590.551,8570099,8538068,8353420,374816,1012864,256,260,141060,d256_20261005_195354
"ESP32-S3 N16R8 (QFN56 rev v0.2, 16MB flash, 8MB octal PSRAM)",240,Task-AE,256,672,95.754,494.682,0.109,0.002,494.793,590.547,8570099,8538068,8353420,374816,1012864,256,260,141060,d256_20261005_195354
"ESP32-S3 N16R8 (QFN56 rev v0.2, 16MB flash, 8MB octal PSRAM)",240,Task-AE,256,673,95.754,494.682,0.109,0.002,494.793,590.547,8570099,8538068,8353420,374816,1012864,256,260,141060,d256_20261005_195354
"ESP32-S3 N16R8 (QFN56 rev v0.2, 16MB flash, 8MB octal PSRAM)",240,Task-AE,256,674,95.754,494.684,0.111,0.002,494.797,590.551,8570099,8538068,8353420,374816,1012864,256,260,141060,d256_20261005_195354
"ESP32-S3 N16R8 (QFN56 rev v0.2, 16MB flash, 8MB octal PSRAM)",240,Task-AE,256,675,95.754,494.682,0.109,0.002,494.793,590.547,8570099,8538068,8353420,374816,1012864,256,260,141060,d256_20261005_195354
"ESP32-S3 N16R8 (QFN56 rev v0.2, 16MB flash, 8MB octal PSRAM)",240,Task-AE,256,676,95.754,494.682,0.109,0.002,494.793,590.547,8570099,8538068,8353420,374816,1012864,256,260,141060,d256_20261005_195354
"ESP32-S3 N16R8 (QFN56 rev v0.2, 16MB flash, 8MB octal PSRAM)",240,Task-AE,256,677,95.754,494.684,0.111,0.002,494.797,590.551,8570099,8538068,8353420,374816,1012864,256,260,141060,d256_20261005_195354
"ESP32-S3 N16R8 (QFN56 rev v0.2, 16MB flash, 8MB octal PSRAM)",240,Task-AE,256,678,95.754,494.682,0.109,0.002,494.793,590.547,8570099,8538068,8353420,374816,1012864,256,260,141060,d256_20261005_195354
"ESP32-S3 N16R8 (QFN56 rev v0.2, 16MB flash, 8MB octal PSRAM)",240,Task-AE,256,679,95.754,494.682,0.109,0.002,494.793,590.547,8570099,8538068,8353420,374816,1012864,256,260,141060,d256_20261005_195354
"ESP32-S3 N16R8 (QFN56 rev v0.2, 16MB flash, 8MB octal PSRAM)",240,Task-AE,256,680,95.754,494.684,0.111,0.002,494.797,590.551,8570099,8538068,8353420,374816,1012864,256,260,141060,d256_20261005_195354
"ESP32-S3 N16R8 (QFN56 rev v0.2, 16MB flash, 8MB octal PSRAM)",240,Task-AE,256,681,95.754,494.682,0.109,0.002,494.793,590.547,8570099,8538068,8353420,374816,1012864,256,260,141060,d256_20261005_195354
"ESP32-S3 N16R8 (QFN56 rev v0.2, 16MB flash, 8MB octal PSRAM)",240,Task-AE,256,682,95.754,494.682,0.109,0.002,494.793,590.547,8570099,8538068,8353420,374816,1012864,256,260,141060,d256_20261005_195354
"ESP32-S3 N16R8 (QFN56 rev v0.2, 16MB flash, 8MB octal PSRAM)",240,Task-AE,256,683,95.754,494.684,0.111,0.002,494.797,590.551,8570099,8538068,8353420,374816,1012864,256,260,141060,d256_20261005_195354
"ESP32-S3 N16R8 (QFN56 rev v0.2, 16MB flash, 8MB octal PSRAM)",240,Task-AE,256,684,95.754,494.682,0.109,0.002,494.793,590.547,8570099,8538068,8353420,374816,1012864,256,260,141060,d256_20261005_195354
"ESP32-S3 N16R8 (QFN56 rev v0.2, 16MB flash, 8MB octal PSRAM)",240,Task-AE,256,685,95.754,494.682,0.109,0.002,494.793,590.547,8570099,8538068,8353420,374816,1012864,256,260,141060,d256_20261005_195354
"ESP32-S3 N16R8 (QFN56 rev v0.2, 16MB flash, 8MB octal PSRAM)",240,Task-AE,256,686,95.754,494.684,0.111,0.002,494.797,590.551,8570099,8538068,8353420,374816,1012864,256,260,141060,d256_20261005_195354
"ESP32-S3 N16R8 (QFN56 rev v0.2, 16MB flash, 8MB octal PSRAM)",240,Task-AE,256,687,95.754,494.682,0.109,0.002,494.793,590.547,8570099,8538068,8353420,374816,1012864,256,260,141060,d256_20261005_195354
"ESP32-S3 N16R8 (QFN56 rev v0.2, 16MB flash, 8MB octal PSRAM)",240,Task-AE,256,688,95.754,494.682,0.109,0.002,494.793,590.547,8570099,8538068,8353420,374816,1012864,256,260,141060,d256_20261005_195354
"ESP32-S3 N16R8 (QFN56 rev v0.2, 16MB flash, 8MB octal PSRAM)",240,Task-AE,256,689,95.754,494.684,0.111,0.002,494.797,590.551,8570099,8538068,8353420,374816,1012864,256,260,141060,d256_20261005_195354
"ESP32-S3 N16R8 (QFN56 rev v0.2, 16MB flash, 8MB octal PSRAM)",240,Task-AE,256,690,95.755,494.682,0.109,0.002,494.793,590.548,8570099,8538068,8353420,374816,1012864,256,260,141060,d256_20261005_195354
"ESP32-S3 N16R8 (QFN56 rev v0.2, 16MB flash, 8MB octal PSRAM)",240,Task-AE,256,691,95.754,494.682,0.109,0.002,494.793,590.547,8570099,8538068,8353420,374816,1012864,256,260,141060,d256_20261005_195354
"ESP32-S3 N16R8 (QFN56 rev v0.2, 16MB flash, 8MB octal PSRAM)",240,Task-AE,256,692,95.754,494.684,0.111,0.002,494.797,590.551,8570099,8538068,8353420,374816,1012864,256,260,141060,d256_20261005_195354
"ESP32-S3 N16R8 (QFN56 rev v0.2, 16MB flash, 8MB octal PSRAM)",240,Task-AE,256,693,95.754,494.682,0.109,0.002,494.793,590.547,8570099,8538068,8353420,374816,1012864,256,260,141060,d256_20261005_195354
"ESP32-S3 N16R8 (QFN56 rev v0.2, 16MB flash, 8MB octal PSRAM)",240,Task-AE,256,694,95.754,494.682,0.109,0.002,494.793,590.547,8570099,8538068,8353420,374816,1012864,256,260,141060,d256_20261005_195354
"ESP32-S3 N16R8 (QFN56 rev v0.2, 16MB flash, 8MB octal PSRAM)",240,Task-AE,256,695,95.754,494.684,0.111,0.002,494.797,590.551,8570099,8538068,8353420,374816,1012864,256,260,141060,d256_20261005_195354
"ESP32-S3 N16R8 (QFN56 rev v0.2, 16MB flash, 8MB octal PSRAM)",240,Task-AE,256,696,95.754,494.682,0.109,0.002,494.793,590.547,8570099,8538068,8353420,374816,1012864,256,260,141060,d256_20261005_195354
"ESP32-S3 N16R8 (QFN56 rev v0.2, 16MB flash, 8MB octal PSRAM)",240,Task-AE,256,697,95.754,494.682,0.109,0.002,494.793,590.547,8570099,8538068,8353420,374816,1012864,256,260,141060,d256_20261005_195354
"ESP32-S3 N16R8 (QFN56 rev v0.2, 16MB flash, 8MB octal PSRAM)",240,Task-AE,256,698,95.754,494.684,0.111,0.002,494.797,590.551,8570099,8538068,8353420,374816,1012864,256,260,141060,d256_20261005_195354
"ESP32-S3 N16R8 (QFN56 rev v0.2, 16MB flash, 8MB octal PSRAM)",240,Task-AE,256,699,95.754,494.682,0.109,0.002,494.793,590.547,8570099,8538068,8353420,374816,1012864,256,260,141060,d256_20261005_195354
"ESP32-S3 N16R8 (QFN56 rev v0.2, 16MB flash, 8MB octal PSRAM)",240,Task-AE,256,700,95.754,494.682,0.109,0.002,494.793,590.547,8570099,8538068,8353420,374816,1012864,256,260,141060,d256_20261005_195354
"ESP32-S3 N16R8 (QFN56 rev v0.2, 16MB flash, 8MB octal PSRAM)",240,Task-AE,256,701,95.754,494.684,0.111,0.002,494.797,590.551,8570099,8538068,8353420,374816,1012864,256,260,141060,d256_20261005_195354
"ESP32-S3 N16R8 (QFN56 rev v0.2, 16MB flash, 8MB octal PSRAM)",240,Task-AE,256,702,95.754,494.682,0.109,0.002,494.793,590.547,8570099,8538068,8353420,374816,1012864,256,260,141060,d256_20261005_195354
"ESP32-S3 N16R8 (QFN56 rev v0.2, 16MB flash, 8MB octal PSRAM)",240,Task-AE,256,703,95.754,494.682,0.109,0.002,494.793,590.547,8570099,8538068,8353420,374816,1012864,256,260,141060,d256_20261005_195354
"ESP32-S3 N16R8 (QFN56 rev v0.2, 16MB flash, 8MB octal PSRAM)",240,Task-AE,256,704,95.754,494.684,0.111,0.002,494.797,590.551,8570099,8538068,8353420,374816,1012864,256,260,141060,d256_20261005_195354
"ESP32-S3 N16R8 (QFN56 rev v0.2, 16MB flash, 8MB octal PSRAM)",240,Task-AE,256,705,95.754,494.682,0.109,0.002,494.793,590.547,8570099,8538068,8353420,374816,1012864,256,260,141060,d256_20261005_195354
"ESP32-S3 N16R8 (QFN56 rev v0.2, 16MB flash, 8MB octal PSRAM)",240,Task-AE,256,706,95.754,494.682,0.109,0.002,494.793,590.547,8570099,8538068,8353420,374816,1012864,256,260,141060,d256_20261005_195354
"ESP32-S3 N16R8 (QFN56 rev v0.2, 16MB flash, 8MB octal PSRAM)",240,Task-AE,256,707,95.754,494.684,0.111,0.002,494.797,590.551,8570099,8538068,8353420,374816,1012864,256,260,141060,d256_20261005_195354
"ESP32-S3 N16R8 (QFN56 rev v0.2, 16MB flash, 8MB octal PSRAM)",240,Task-AE,256,708,95.754,494.682,0.109,0.002,494.793,590.547,8570099,8538068,8353420,374816,1012864,256,260,141060,d256_20261005_195354
"ESP32-S3 N16R8 (QFN56 rev v0.2, 16MB flash, 8MB octal PSRAM)",240,Task-AE,256,709,95.754,494.682,0.109,0.002,494.793,590.547,8570099,8538068,8353420,374816,1012864,256,260,141060,d256_20261005_195354
"ESP32-S3 N16R8 (QFN56 rev v0.2, 16MB flash, 8MB octal PSRAM)",240,Task-AE,256,710,95.754,494.684,0.111,0.002,494.797,590.551,8570099,8538068,8353420,374816,1012864,256,260,141060,d256_20261005_195354
"ESP32-S3 N16R8 (QFN56 rev v0.2, 16MB flash, 8MB octal PSRAM)",240,Task-AE,256,711,95.754,494.682,0.109,0.002,494.793,590.547,8570099,8538068,8353420,374816,1012864,256,260,141060,d256_20261005_195354
"ESP32-S3 N16R8 (QFN56 rev v0.2, 16MB flash, 8MB octal PSRAM)",240,Task-AE,256,712,95.754,494.682,0.109,0.002,494.793,590.547,8570099,8538068,8353420,374816,1012864,256,260,141060,d256_20261005_195354
"ESP32-S3 N16R8 (QFN56 rev v0.2, 16MB flash, 8MB octal PSRAM)",240,Task-AE,256,713,95.755,494.684,0.111,0.002,494.797,590.552,8570099,8538068,8353420,374816,1012864,256,260,141060,d256_20261005_195354
"ESP32-S3 N16R8 (QFN56 rev v0.2, 16MB flash, 8MB octal PSRAM)",240,Task-AE,256,714,95.754,494.682,0.109,0.002,494.793,590.547,8570099,8538068,8353420,374816,1012864,256,260,141060,d256_20261005_195354
"ESP32-S3 N16R8 (QFN56 rev v0.2, 16MB flash, 8MB octal PSRAM)",240,Task-AE,256,715,95.754,494.682,0.109,0.002,494.793,590.547,8570099,8538068,8353420,374816,1012864,256,260,141060,d256_20261005_195354
"ESP32-S3 N16R8 (QFN56 rev v0.2, 16MB flash, 8MB octal PSRAM)",240,Task-AE,256,716,95.754,494.684,0.111,0.002,494.797,590.551,8570099,8538068,8353420,374816,1012864,256,260,141060,d256_20261005_195354
"ESP32-S3 N16R8 (QFN56 rev v0.2, 16MB flash, 8MB octal PSRAM)",240,Task-AE,256,717,95.754,494.682,0.109,0.002,494.793,590.547,8570099,8538068,8353420,374816,1012864,256,260,141060,d256_20261005_195354
"ESP32-S3 N16R8 (QFN56 rev v0.2, 16MB flash, 8MB octal PSRAM)",240,Task-AE,256,718,95.754,494.682,0.109,0.002,494.793,590.547,8570099,8538068,8353420,374816,1012864,256,260,141060,d256_20261005_195354
"ESP32-S3 N16R8 (QFN56 rev v0.2, 16MB flash, 8MB octal PSRAM)",240,Task-AE,256,719,95.754,494.684,0.111,0.002,494.797,590.551,8570099,8538068,8353420,374816,1012864,256,260,141060,d256_20261005_195354
"ESP32-S3 N16R8 (QFN56 rev v0.2, 16MB flash, 8MB octal PSRAM)",240,Task-AE,256,720,95.754,494.682,0.109,0.002,494.793,590.547,8570099,8538068,8353420,374816,1012864,256,260,141060,d256_20261005_195354
"ESP32-S3 N16R8 (QFN56 rev v0.2, 16MB flash, 8MB octal PSRAM)",240,Task-AE,256,721,95.754,494.682,0.109,0.002,494.793,590.547,8570099,8538068,8353420,374816,1012864,256,260,141060,d256_20261005_195354
"ESP32-S3 N16R8 (QFN56 rev v0.2, 16MB flash, 8MB octal PSRAM)",240,Task-AE,256,722,95.754,494.684,0.111,0.002,494.797,590.551,8570099,8538068,8353420,374816,1012864,256,260,141060,d256_20261005_195354
"ESP32-S3 N16R8 (QFN56 rev v0.2, 16MB flash, 8MB octal PSRAM)",240,Task-AE,256,723,95.754,494.682,0.109,0.002,494.793,590.547,8570099,8538068,8353420,374816,1012864,256,260,141060,d256_20261005_195354
"ESP32-S3 N16R8 (QFN56 rev v0.2, 16MB flash, 8MB octal PSRAM)",240,Task-AE,256,724,95.754,494.682,0.109,0.002,494.793,590.547,8570099,8538068,8353420,374816,1012864,256,260,141060,d256_20261005_195354
"ESP32-S3 N16R8 (QFN56 rev v0.2, 16MB flash, 8MB octal PSRAM)",240,Task-AE,256,725,95.754,494.684,0.111,0.002,494.797,590.551,8570099,8538068,8353420,374816,1012864,256,260,141060,d256_20261005_195354
"ESP32-S3 N16R8 (QFN56 rev v0.2, 16MB flash, 8MB octal PSRAM)",240,Task-AE,256,726,95.754,494.682,0.109,0.002,494.793,590.547,8570099,8538068,8353420,374816,1012864,256,260,141060,d256_20261005_195354
"ESP32-S3 N16R8 (QFN56 rev v0.2, 16MB flash, 8MB octal PSRAM)",240,Task-AE,256,727,95.754,494.682,0.109,0.002,494.793,590.547,8570099,8538068,8353420,374816,1012864,256,260,141060,d256_20261005_195354
"ESP32-S3 N16R8 (QFN56 rev v0.2, 16MB flash, 8MB octal PSRAM)",240,Task-AE,256,728,95.754,494.684,0.111,0.002,494.797,590.551,8570099,8538068,8353420,374816,1012864,256,260,141060,d256_20261005_195354
"ESP32-S3 N16R8 (QFN56 rev v0.2, 16MB flash, 8MB octal PSRAM)",240,Task-AE,256,729,95.754,494.682,0.109,0.002,494.793,590.547,8570099,8538068,8353420,374816,1012864,256,260,141060,d256_20261005_195354
"ESP32-S3 N16R8 (QFN56 rev v0.2, 16MB flash, 8MB octal PSRAM)",240,Task-AE,256,730,95.754,494.682,0.109,0.002,494.793,590.547,8570099,8538068,8353420,374816,1012864,256,260,141060,d256_20261005_195354
"ESP32-S3 N16R8 (QFN56 rev v0.2, 16MB flash, 8MB octal PSRAM)",240,Task-AE,256,731,95.754,494.684,0.111,0.002,494.797,590.551,8570099,8538068,8353420,374816,1012864,256,260,141060,d256_20261005_195354
"ESP32-S3 N16R8 (QFN56 rev v0.2, 16MB flash, 8MB octal PSRAM)",240,Task-AE,256,732,95.754,494.682,0.109,0.002,494.793,590.547,8570099,8538068,8353420,374816,1012864,256,260,141060,d256_20261005_195354
"ESP32-S3 N16R8 (QFN56 rev v0.2, 16MB flash, 8MB octal PSRAM)",240,Task-AE,256,733,95.754,494.682,0.109,0.002,494.793,590.547,8570099,8538068,8353420,374816,1012864,256,260,141060,d256_20261005_195354
"ESP32-S3 N16R8 (QFN56 rev v0.2, 16MB flash, 8MB octal PSRAM)",240,Task-AE,256,734,95.754,494.684,0.111,0.002,494.797,590.551,8570099,8538068,8353420,374816,1012864,256,260,141060,d256_20261005_195354
"ESP32-S3 N16R8 (QFN56 rev v0.2, 16MB flash, 8MB octal PSRAM)",240,Task-AE,256,735,95.754,494.682,0.109,0.002,494.793,590.547,8570099,8538068,8353420,374816,1012864,256,260,141060,d256_20261005_195354
"ESP32-S3 N16R8 (QFN56 rev v0.2, 16MB flash, 8MB octal PSRAM)",240,Task-AE,256,736,95.754,494.682,0.109,0.002,494.793,590.547,8570099,8538068,8353420,374816,1012864,256,260,141060,d256_20261005_195354
"ESP32-S3 N16R8 (QFN56 rev v0.2, 16MB flash, 8MB octal PSRAM)",240,Task-AE,256,737,95.754,494.684,0.111,0.002,494.797,590.551,8570099,8538068,8353420,374816,1012864,256,260,141060,d256_20261005_195354
"ESP32-S3 N16R8 (QFN56 rev v0.2, 16MB flash, 8MB octal PSRAM)",240,Task-AE,256,738,95.754,494.682,0.109,0.002,494.793,590.547,8570099,8538068,8353420,374816,1012864,256,260,141060,d256_20261005_195354
"ESP32-S3 N16R8 (QFN56 rev v0.2, 16MB flash, 8MB octal PSRAM)",240,Task-AE,256,739,95.754,494.682,0.109,0.002,494.793,590.547,8570099,8538068,8353420,374816,1012864,256,260,141060,d256_20261005_195354
"ESP32-S3 N16R8 (QFN56 rev v0.2, 16MB flash, 8MB octal PSRAM)",240,Task-AE,256,740,95.754,494.684,0.111,0.002,494.797,590.551,8570099,8538068,8353420,374816,1012864,256,260,141060,d256_20261005_195354
"ESP32-S3 N16R8 (QFN56 rev v0.2, 16MB flash, 8MB octal PSRAM)",240,Task-AE,256,741,95.754,494.682,0.109,0.002,494.793,590.547,8570099,8538068,8353420,374816,1012864,256,260,141060,d256_20261005_195354
"ESP32-S3 N16R8 (QFN56 rev v0.2, 16MB flash, 8MB octal PSRAM)",240,Task-AE,256,742,95.754,494.682,0.109,0.002,494.793,590.547,8570099,8538068,8353420,374816,1012864,256,260,141060,d256_20261005_195354
"ESP32-S3 N16R8 (QFN56 rev v0.2, 16MB flash, 8MB octal PSRAM)",240,Task-AE,256,743,95.754,494.684,0.111,0.002,494.797,590.551,8570099,8538068,8353420,374816,1012864,256,260,141060,d256_20261005_195354
"ESP32-S3 N16R8 (QFN56 rev v0.2, 16MB flash, 8MB octal PSRAM)",240,Task-AE,256,744,95.754,494.682,0.109,0.002,494.793,590.547,8570099,8538068,8353420,374816,1012864,256,260,141060,d256_20261005_195354
"ESP32-S3 N16R8 (QFN56 rev v0.2, 16MB flash, 8MB octal PSRAM)",240,Task-AE,256,745,95.754,494.682,0.109,0.002,494.793,590.547,8570099,8538068,8353420,374816,1012864,256,260,141060,d256_20261005_195354
"ESP32-S3 N16R8 (QFN56 rev v0.2, 16MB flash, 8MB octal PSRAM)",240,Task-AE,256,746,95.754,494.684,0.111,0.002,494.797,590.551,8570099,8538068,8353420,374816,1012864,256,260,141060,d256_20261005_195354
"ESP32-S3 N16R8 (QFN56 rev v0.2, 16MB flash, 8MB octal PSRAM)",240,Task-AE,256,747,95.754,494.682,0.109,0.002,494.793,590.547,8570099,8538068,8353420,374816,1012864,256,260,141060,d256_20261005_195354
"ESP32-S3 N16R8 (QFN56 rev v0.2, 16MB flash, 8MB octal PSRAM)",240,Task-AE,256,748,95.754,494.682,0.109,0.002,494.793,590.547,8570099,8538068,8353420,374816,1012864,256,260,141060,d256_20261005_195354
"ESP32-S3 N16R8 (QFN56 rev v0.2, 16MB flash, 8MB octal PSRAM)",240,Task-AE,256,749,95.754,494.684,0.111,0.002,494.797,590.551,8570099,8538068,8353420,374816,1012864,256,260,141060,d256_20261005_195354
"ESP32-S3 N16R8 (QFN56 rev v0.2, 16MB flash, 8MB octal PSRAM)",240,Task-AE,256,750,95.754,494.682,0.109,0.002,494.793,590.547,8570099,8538068,8353420,374816,1012864,256,260,141060,d256_20261005_195354
"ESP32-S3 N16R8 (QFN56 rev v0.2, 16MB flash, 8MB octal PSRAM)",240,Task-AE,256,751,95.754,494.682,0.109,0.002,494.793,590.547,8570099,8538068,8353420,374816,1012864,256,260,141060,d256_20261005_195354
"ESP32-S3 N16R8 (QFN56 rev v0.2, 16MB flash, 8MB octal PSRAM)",240,Task-AE,256,752,95.754,494.684,0.111,0.002,494.797,590.551,8570099,8538068,8353420,374816,1012864,256,260,141060,d256_20261005_195354
"ESP32-S3 N16R8 (QFN56 rev v0.2, 16MB flash, 8MB octal PSRAM)",240,Task-AE,256,753,95.755,494.682,0.109,0.002,494.793,590.548,8570099,8538068,8353420,374816,1012864,256,260,141060,d256_20261005_195354
"ESP32-S3 N16R8 (QFN56 rev v0.2, 16MB flash, 8MB octal PSRAM)",240,Task-AE,256,754,95.754,494.682,0.109,0.002,494.793,590.547,8570099,8538068,8353420,374816,1012864,256,260,141060,d256_20261005_195354
"ESP32-S3 N16R8 (QFN56 rev v0.2, 16MB flash, 8MB octal PSRAM)",240,Task-AE,256,755,95.754,494.684,0.111,0.002,494.797,590.551,8570099,8538068,8353420,374816,1012864,256,260,141060,d256_20261005_195354
"ESP32-S3 N16R8 (QFN56 rev v0.2, 16MB flash, 8MB octal PSRAM)",240,Task-AE,256,756,95.754,494.682,0.109,0.002,494.793,590.547,8570099,8538068,8353420,374816,1012864,256,260,141060,d256_20261005_195354
"ESP32-S3 N16R8 (QFN56 rev v0.2, 16MB flash, 8MB octal PSRAM)",240,Task-AE,256,757,95.754,494.682,0.109,0.002,494.793,590.547,8570099,8538068,8353420,374816,1012864,256,260,141060,d256_20261005_195354
"ESP32-S3 N16R8 (QFN56 rev v0.2, 16MB flash, 8MB octal PSRAM)",240,Task-AE,256,758,95.754,494.684,0.111,0.002,494.797,590.551,8570099,8538068,8353420,374816,1012864,256,260,141060,d256_20261005_195354
"ESP32-S3 N16R8 (QFN56 rev v0.2, 16MB flash, 8MB octal PSRAM)",240,Task-AE,256,759,95.754,494.682,0.109,0.002,494.793,590.547,8570099,8538068,8353420,374816,1012864,256,260,141060,d256_20261005_195354
"ESP32-S3 N16R8 (QFN56 rev v0.2, 16MB flash, 8MB octal PSRAM)",240,Task-AE,256,760,95.754,494.682,0.109,0.002,494.793,590.547,8570099,8538068,8353420,374816,1012864,256,260,141060,d256_20261005_195354
"ESP32-S3 N16R8 (QFN56 rev v0.2, 16MB flash, 8MB octal PSRAM)",240,Task-AE,256,761,95.754,494.684,0.111,0.002,494.797,590.551,8570099,8538068,8353420,374816,1012864,256,260,141060,d256_20261005_195354
"ESP32-S3 N16R8 (QFN56 rev v0.2, 16MB flash, 8MB octal PSRAM)",240,Task-AE,256,762,95.754,494.682,0.109,0.002,494.793,590.547,8570099,8538068,8353420,374816,1012864,256,260,141060,d256_20261005_195354
"ESP32-S3 N16R8 (QFN56 rev v0.2, 16MB flash, 8MB octal PSRAM)",240,Task-AE,256,763,95.754,494.682,0.109,0.002,494.793,590.547,8570099,8538068,8353420,374816,1012864,256,260,141060,d256_20261005_195354
"ESP32-S3 N16R8 (QFN56 rev v0.2, 16MB flash, 8MB octal PSRAM)",240,Task-AE,256,764,95.754,494.684,0.111,0.002,494.797,590.551,8570099,8538068,8353420,374816,1012864,256,260,141060,d256_20261005_195354
"ESP32-S3 N16R8 (QFN56 rev v0.2, 16MB flash, 8MB octal PSRAM)",240,Task-AE,256,765,95.755,494.682,0.109,0.002,494.793,590.548,8570099,8538068,8353420,374816,1012864,256,260,141060,d256_20261005_195354
"ESP32-S3 N16R8 (QFN56 rev v0.2, 16MB flash, 8MB octal PSRAM)",240,Task-AE,256,766,95.754,494.682,0.109,0.002,494.793,590.547,8570099,8538068,8353420,374816,1012864,256,260,141060,d256_20261005_195354
"ESP32-S3 N16R8 (QFN56 rev v0.2, 16MB flash, 8MB octal PSRAM)",240,Task-AE,256,767,95.754,494.684,0.111,0.002,494.797,590.551,8570099,8538068,8353420,374816,1012864,256,260,141060,d256_20261005_195354
"ESP32-S3 N16R8 (QFN56 rev v0.2, 16MB flash, 8MB octal PSRAM)",240,Task-AE,256,768,95.755,494.682,0.109,0.002,494.793,590.548,8570099,8538068,8353420,374816,1012864,256,260,141060,d256_20261005_195354
"ESP32-S3 N16R8 (QFN56 rev v0.2, 16MB flash, 8MB octal PSRAM)",240,Task-AE,256,769,95.754,494.682,0.109,0.002,494.793,590.547,8570099,8538068,8353420,374816,1012864,256,260,141060,d256_20261005_195354
"ESP32-S3 N16R8 (QFN56 rev v0.2, 16MB flash, 8MB octal PSRAM)",240,Task-AE,256,770,95.754,494.684,0.111,0.002,494.797,590.551,8570099,8538068,8353420,374816,1012864,256,260,141060,d256_20261005_195354
"ESP32-S3 N16R8 (QFN56 rev v0.2, 16MB flash, 8MB octal PSRAM)",240,Task-AE,256,771,95.754,494.682,0.109,0.002,494.793,590.547,8570099,8538068,8353420,374816,1012864,256,260,141060,d256_20261005_195354
"ESP32-S3 N16R8 (QFN56 rev v0.2, 16MB flash, 8MB octal PSRAM)",240,Task-AE,256,772,95.754,494.682,0.109,0.002,494.793,590.547,8570099,8538068,8353420,374816,1012864,256,260,141060,d256_20261005_195354
"ESP32-S3 N16R8 (QFN56 rev v0.2, 16MB flash, 8MB octal PSRAM)",240,Task-AE,256,773,95.754,494.684,0.111,0.002,494.797,590.551,8570099,8538068,8353420,374816,1012864,256,260,141060,d256_20261005_195354
"ESP32-S3 N16R8 (QFN56 rev v0.2, 16MB flash, 8MB octal PSRAM)",240,Task-AE,256,774,95.754,494.682,0.109,0.002,494.793,590.547,8570099,8538068,8353420,374816,1012864,256,260,141060,d256_20261005_195354
"ESP32-S3 N16R8 (QFN56 rev v0.2, 16MB flash, 8MB octal PSRAM)",240,Task-AE,256,775,95.754,494.682,0.109,0.002,494.793,590.547,8570099,8538068,8353420,374816,1012864,256,260,141060,d256_20261005_195354
"ESP32-S3 N16R8 (QFN56 rev v0.2, 16MB flash, 8MB octal PSRAM)",240,Task-AE,256,776,95.754,494.684,0.111,0.002,494.797,590.551,8570099,8538068,8353420,374816,1012864,256,260,141060,d256_20261005_195354
"ESP32-S3 N16R8 (QFN56 rev v0.2, 16MB flash, 8MB octal PSRAM)",240,Task-AE,256,777,95.754,494.682,0.109,0.002,494.793,590.547,8570099,8538068,8353420,374816,1012864,256,260,141060,d256_20261005_195354
"ESP32-S3 N16R8 (QFN56 rev v0.2, 16MB flash, 8MB octal PSRAM)",240,Task-AE,256,778,95.754,494.682,0.109,0.002,494.793,590.547,8570099,8538068,8353420,374816,1012864,256,260,141060,d256_20261005_195354
"ESP32-S3 N16R8 (QFN56 rev v0.2, 16MB flash, 8MB octal PSRAM)",240,Task-AE,256,779,95.754,494.684,0.111,0.002,494.797,590.551,8570099,8538068,8353420,374816,1012864,256,260,141060,d256_20261005_195354
"ESP32-S3 N16R8 (QFN56 rev v0.2, 16MB flash, 8MB octal PSRAM)",240,Task-AE,256,780,95.754,494.682,0.109,0.002,494.793,590.547,8570099,8538068,8353420,374816,1012864,256,260,141060,d256_20261005_195354
"ESP32-S3 N16R8 (QFN56 rev v0.2, 16MB flash, 8MB octal PSRAM)",240,Task-AE,256,781,95.754,494.682,0.109,0.002,494.793,590.547,8570099,8538068,8353420,374816,1012864,256,260,141060,d256_20261005_195354
"ESP32-S3 N16R8 (QFN56 rev v0.2, 16MB flash, 8MB octal PSRAM)",240,Task-AE,256,782,95.754,494.684,0.111,0.002,494.797,590.551,8570099,8538068,8353420,374816,1012864,256,260,141060,d256_20261005_195354
"ESP32-S3 N16R8 (QFN56 rev v0.2, 16MB flash, 8MB octal PSRAM)",240,Task-AE,256,783,95.754,494.682,0.109,0.002,494.793,590.547,8570099,8538068,8353420,374816,1012864,256,260,141060,d256_20261005_195354
"ESP32-S3 N16R8 (QFN56 rev v0.2, 16MB flash, 8MB octal PSRAM)",240,Task-AE,256,784,95.754,494.682,0.109,0.002,494.793,590.547,8570099,8538068,8353420,374816,1012864,256,260,141060,d256_20261005_195354
"ESP32-S3 N16R8 (QFN56 rev v0.2, 16MB flash, 8MB octal PSRAM)",240,Task-AE,256,785,95.754,494.684,0.111,0.002,494.797,590.551,8570099,8538068,8353420,374816,1012864,256,260,141060,d256_20261005_195354
"ESP32-S3 N16R8 (QFN56 rev v0.2, 16MB flash, 8MB octal PSRAM)",240,Task-AE,256,786,95.754,494.682,0.109,0.002,494.793,590.547,8570099,8538068,8353420,374816,1012864,256,260,141060,d256_20261005_195354
"ESP32-S3 N16R8 (QFN56 rev v0.2, 16MB flash, 8MB octal PSRAM)",240,Task-AE,256,787,95.754,494.682,0.109,0.002,494.793,590.547,8570099,8538068,8353420,374816,1012864,256,260,141060,d256_20261005_195354
"ESP32-S3 N16R8 (QFN56 rev v0.2, 16MB flash, 8MB octal PSRAM)",240,Task-AE,256,788,95.754,494.684,0.111,0.002,494.797,590.551,8570099,8538068,8353420,374816,1012864,256,260,141060,d256_20261005_195354
"ESP32-S3 N16R8 (QFN56 rev v0.2, 16MB flash, 8MB octal PSRAM)",240,Task-AE,256,789,95.754,494.682,0.109,0.002,494.793,590.547,8570099,8538068,8353420,374816,1012864,256,260,141060,d256_20261005_195354
"ESP32-S3 N16R8 (QFN56 rev v0.2, 16MB flash, 8MB octal PSRAM)",240,Task-AE,256,790,95.754,494.682,0.109,0.002,494.793,590.547,8570099,8538068,8353420,374816,1012864,256,260,141060,d256_20261005_195354
"ESP32-S3 N16R8 (QFN56 rev v0.2, 16MB flash, 8MB octal PSRAM)",240,Task-AE,256,791,95.754,494.684,0.111,0.002,494.797,590.551,8570099,8538068,8353420,374816,1012864,256,260,141060,d256_20261005_195354
"ESP32-S3 N16R8 (QFN56 rev v0.2, 16MB flash, 8MB octal PSRAM)",240,Task-AE,256,792,95.754,494.682,0.109,0.002,494.793,590.547,8570099,8538068,8353420,374816,1012864,256,260,141060,d256_20261005_195354
"ESP32-S3 N16R8 (QFN56 rev v0.2, 16MB flash, 8MB octal PSRAM)",240,Task-AE,256,793,95.754,494.682,0.109,0.002,494.793,590.547,8570099,8538068,8353420,374816,1012864,256,260,141060,d256_20261005_195354
"ESP32-S3 N16R8 (QFN56 rev v0.2, 16MB flash, 8MB octal PSRAM)",240,Task-AE,256,794,95.754,494.684,0.111,0.002,494.797,590.551,8570099,8538068,8353420,374816,1012864,256,260,141060,d256_20261005_195354
"ESP32-S3 N16R8 (QFN56 rev v0.2, 16MB flash, 8MB octal PSRAM)",240,Task-AE,256,795,95.754,494.682,0.109,0.002,494.793,590.547,8570099,8538068,8353420,374816,1012864,256,260,141060,d256_20261005_195354
"ESP32-S3 N16R8 (QFN56 rev v0.2, 16MB flash, 8MB octal PSRAM)",240,Task-AE,256,796,95.754,494.682,0.109,0.002,494.793,590.547,8570099,8538068,8353420,374816,1012864,256,260,141060,d256_20261005_195354
"ESP32-S3 N16R8 (QFN56 rev v0.2, 16MB flash, 8MB octal PSRAM)",240,Task-AE,256,797,95.754,494.684,0.111,0.002,494.797,590.551,8570099,8538068,8353420,374816,1012864,256,260,141060,d256_20261005_195354
"ESP32-S3 N16R8 (QFN56 rev v0.2, 16MB flash, 8MB octal PSRAM)",240,Task-AE,256,798,95.754,494.682,0.109,0.002,494.793,590.547,8570099,8538068,8353420,374816,1012864,256,260,141060,d256_20261005_195354
"ESP32-S3 N16R8 (QFN56 rev v0.2, 16MB flash, 8MB octal PSRAM)",240,Task-AE,256,799,95.754,494.682,0.109,0.002,494.793,590.547,8570099,8538068,8353420,374816,1012864,256,260,141060,d256_20261005_195354
"ESP32-S3 N16R8 (QFN56 rev v0.2, 16MB flash, 8MB octal PSRAM)",240,Task-AE,256,800,95.754,494.684,0.111,0.002,494.797,590.551,8570099,8538068,8353420,374816,1012864,256,260,141060,d256_20261005_195354
"ESP32-S3 N16R8 (QFN56 rev v0.2, 16MB flash, 8MB octal PSRAM)",240,Task-AE,256,801,95.754,494.682,0.109,0.002,494.793,590.547,8570099,8538068,8353420,374816,1012864,256,260,141060,d256_20261005_195354
"ESP32-S3 N16R8 (QFN56 rev v0.2, 16MB flash, 8MB octal PSRAM)",240,Task-AE,256,802,95.754,494.682,0.109,0.002,494.793,590.547,8570099,8538068,8353420,374816,1012864,256,260,141060,d256_20261005_195354
"ESP32-S3 N16R8 (QFN56 rev v0.2, 16MB flash, 8MB octal PSRAM)",240,Task-AE,256,803,95.754,494.684,0.111,0.002,494.797,590.551,8570099,8538068,8353420,374816,1012864,256,260,141060,d256_20261005_195354
"ESP32-S3 N16R8 (QFN56 rev v0.2, 16MB flash, 8MB octal PSRAM)",240,Task-AE,256,804,95.754,494.682,0.109,0.002,494.793,590.547,8570099,8538068,8353420,374816,1012864,256,260,141060,d256_20261005_195354
"ESP32-S3 N16R8 (QFN56 rev v0.2, 16MB flash, 8MB octal PSRAM)",240,Task-AE,256,805,95.754,494.682,0.109,0.002,494.793,590.547,8570099,8538068,8353420,374816,1012864,256,260,141060,d256_20261005_195354
"ESP32-S3 N16R8 (QFN56 rev v0.2, 16MB flash, 8MB octal PSRAM)",240,Task-AE,256,806,95.754,494.684,0.111,0.002,494.797,590.551,8570099,8538068,8353420,374816,1012864,256,260,141060,d256_20261005_195354
"ESP32-S3 N16R8 (QFN56 rev v0.2, 16MB flash, 8MB octal PSRAM)",240,Task-AE,256,807,95.754,494.682,0.109,0.002,494.793,590.547,8570099,8538068,8353420,374816,1012864,256,260,141060,d256_20261005_195354
"ESP32-S3 N16R8 (QFN56 rev v0.2, 16MB flash, 8MB octal PSRAM)",240,Task-AE,256,808,95.754,494.682,0.109,0.002,494.793,590.547,8570099,8538068,8353420,374816,1012864,256,260,141060,d256_20261005_195354
"ESP32-S3 N16R8 (QFN56 rev v0.2, 16MB flash, 8MB octal PSRAM)",240,Task-AE,256,809,95.754,494.684,0.111,0.002,494.797,590.551,8570099,8538068,8353420,374816,1012864,256,260,141060,d256_20261005_195354
"ESP32-S3 N16R8 (QFN56 rev v0.2, 16MB flash, 8MB octal PSRAM)",240,Task-AE,256,810,95.754,494.682,0.109,0.002,494.793,590.547,8570099,8538068,8353420,374816,1012864,256,260,141060,d256_20261005_195354
"ESP32-S3 N16R8 (QFN56 rev v0.2, 16MB flash, 8MB octal PSRAM)",240,Task-AE,256,811,95.754,494.682,0.109,0.002,494.793,590.547,8570099,8538068,8353420,374816,1012864,256,260,141060,d256_20261005_195354
"ESP32-S3 N16R8 (QFN56 rev v0.2, 16MB flash, 8MB octal PSRAM)",240,Task-AE,256,812,95.754,494.684,0.111,0.002,494.797,590.551,8570099,8538068,8353420,374816,1012864,256,260,141060,d256_20261005_195354
"ESP32-S3 N16R8 (QFN56 rev v0.2, 16MB flash, 8MB octal PSRAM)",240,Task-AE,256,813,95.754,494.682,0.109,0.002,494.793,590.547,8570099,8538068,8353420,374816,1012864,256,260,141060,d256_20261005_195354
"ESP32-S3 N16R8 (QFN56 rev v0.2, 16MB flash, 8MB octal PSRAM)",240,Task-AE,256,814,95.754,494.682,0.109,0.002,494.793,590.547,8570099,8538068,8353420,374816,1012864,256,260,141060,d256_20261005_195354
"ESP32-S3 N16R8 (QFN56 rev v0.2, 16MB flash, 8MB octal PSRAM)",240,Task-AE,256,815,95.754,494.684,0.111,0.002,494.797,590.551,8570099,8538068,8353420,374816,1012864,256,260,141060,d256_20261005_195354
"ESP32-S3 N16R8 (QFN56 rev v0.2, 16MB flash, 8MB octal PSRAM)",240,Task-AE,256,816,95.754,494.682,0.109,0.002,494.793,590.547,8570099,8538068,8353420,374816,1012864,256,260,141060,d256_20261005_195354
"ESP32-S3 N16R8 (QFN56 rev v0.2, 16MB flash, 8MB octal PSRAM)",240,Task-AE,256,817,95.754,494.682,0.109,0.002,494.793,590.547,8570099,8538068,8353420,374816,1012864,256,260,141060,d256_20261005_195354
"ESP32-S3 N16R8 (QFN56 rev v0.2, 16MB flash, 8MB octal PSRAM)",240,Task-AE,256,818,95.754,494.684,0.111,0.002,494.797,590.551,8570099,8538068,8353420,374816,1012864,256,260,141060,d256_20261005_195354
"ESP32-S3 N16R8 (QFN56 rev v0.2, 16MB flash, 8MB octal PSRAM)",240,Task-AE,256,819,95.754,494.682,0.109,0.002,494.793,590.547,8570099,8538068,8353420,374816,1012864,256,260,141060,d256_20261005_195354
"ESP32-S3 N16R8 (QFN56 rev v0.2, 16MB flash, 8MB octal PSRAM)",240,Task-AE,256,820,95.754,494.682,0.109,0.002,494.793,590.547,8570099,8538068,8353420,374816,1012864,256,260,141060,d256_20261005_195354
"ESP32-S3 N16R8 (QFN56 rev v0.2, 16MB flash, 8MB octal PSRAM)",240,Task-AE,256,821,95.754,494.684,0.111,0.002,494.797,590.551,8570099,8538068,8353420,374816,1012864,256,260,141060,d256_20261005_195354
"ESP32-S3 N16R8 (QFN56 rev v0.2, 16MB flash, 8MB octal PSRAM)",240,Task-AE,256,822,95.754,494.682,0.109,0.002,494.793,590.547,8570099,8538068,8353420,374816,1012864,256,260,141060,d256_20261005_195354
"ESP32-S3 N16R8 (QFN56 rev v0.2, 16MB flash, 8MB octal PSRAM)",240,Task-AE,256,823,95.754,494.682,0.109,0.002,494.793,590.547,8570099,8538068,8353420,374816,1012864,256,260,141060,d256_20261005_195354
"ESP32-S3 N16R8 (QFN56 rev v0.2, 16MB flash, 8MB octal PSRAM)",240,Task-AE,256,824,95.754,494.684,0.111,0.002,494.797,590.551,8570099,8538068,8353420,374816,1012864,256,260,141060,d256_20261005_195354
"ESP32-S3 N16R8 (QFN56 rev v0.2, 16MB flash, 8MB octal PSRAM)",240,Task-AE,256,825,95.754,494.682,0.109,0.002,494.793,590.547,8570099,8538068,8353420,374816,1012864,256,260,141060,d256_20261005_195354
"ESP32-S3 N16R8 (QFN56 rev v0.2, 16MB flash, 8MB octal PSRAM)",240,Task-AE,256,826,95.754,494.682,0.109,0.002,494.793,590.547,8570099,8538068,8353420,374816,1012864,256,260,141060,d256_20261005_195354
"ESP32-S3 N16R8 (QFN56 rev v0.2, 16MB flash, 8MB octal PSRAM)",240,Task-AE,256,827,95.754,494.684,0.111,0.002,494.797,590.551,8570099,8538068,8353420,374816,1012864,256,260,141060,d256_20261005_195354
"ESP32-S3 N16R8 (QFN56 rev v0.2, 16MB flash, 8MB octal PSRAM)",240,Task-AE,256,828,95.754,494.682,0.109,0.002,494.793,590.547,8570099,8538068,8353420,374816,1012864,256,260,141060,d256_20261005_195354
"ESP32-S3 N16R8 (QFN56 rev v0.2, 16MB flash, 8MB octal PSRAM)",240,Task-AE,256,829,95.754,494.682,0.109,0.002,494.793,590.547,8570099,8538068,8353420,374816,1012864,256,260,141060,d256_20261005_195354
"ESP32-S3 N16R8 (QFN56 rev v0.2, 16MB flash, 8MB octal PSRAM)",240,Task-AE,256,830,95.754,494.684,0.111,0.002,494.797,590.551,8570099,8538068,8353420,374816,1012864,256,260,141060,d256_20261005_195354
"ESP32-S3 N16R8 (QFN56 rev v0.2, 16MB flash, 8MB octal PSRAM)",240,Task-AE,256,831,95.754,494.682,0.109,0.002,494.793,590.547,8570099,8538068,8353420,374816,1012864,256,260,141060,d256_20261005_195354
"ESP32-S3 N16R8 (QFN56 rev v0.2, 16MB flash, 8MB octal PSRAM)",240,Task-AE,256,832,95.754,494.682,0.109,0.002,494.793,590.547,8570099,8538068,8353420,374816,1012864,256,260,141060,d256_20261005_195354
"ESP32-S3 N16R8 (QFN56 rev v0.2, 16MB flash, 8MB octal PSRAM)",240,Task-AE,256,833,95.754,494.684,0.111,0.002,494.797,590.551,8570099,8538068,8353420,374816,1012864,256,260,141060,d256_20261005_195354
"ESP32-S3 N16R8 (QFN56 rev v0.2, 16MB flash, 8MB octal PSRAM)",240,Task-AE,256,834,95.755,494.682,0.109,0.002,494.793,590.548,8570099,8538068,8353420,374816,1012864,256,260,141060,d256_20261005_195354
"ESP32-S3 N16R8 (QFN56 rev v0.2, 16MB flash, 8MB octal PSRAM)",240,Task-AE,256,835,95.754,494.682,0.109,0.002,494.793,590.547,8570099,8538068,8353420,374816,1012864,256,260,141060,d256_20261005_195354
"ESP32-S3 N16R8 (QFN56 rev v0.2, 16MB flash, 8MB octal PSRAM)",240,Task-AE,256,836,95.754,494.684,0.111,0.002,494.797,590.551,8570099,8538068,8353420,374816,1012864,256,260,141060,d256_20261005_195354
"ESP32-S3 N16R8 (QFN56 rev v0.2, 16MB flash, 8MB octal PSRAM)",240,Task-AE,256,837,95.754,494.682,0.109,0.002,494.793,590.547,8570099,8538068,8353420,374816,1012864,256,260,141060,d256_20261005_195354
"ESP32-S3 N16R8 (QFN56 rev v0.2, 16MB flash, 8MB octal PSRAM)",240,Task-AE,256,838,95.754,494.682,0.109,0.002,494.793,590.547,8570099,8538068,8353420,374816,1012864,256,260,141060,d256_20261005_195354
"ESP32-S3 N16R8 (QFN56 rev v0.2, 16MB flash, 8MB octal PSRAM)",240,Task-AE,256,839,95.754,494.684,0.111,0.002,494.797,590.551,8570099,8538068,8353420,374816,1012864,256,260,141060,d256_20261005_195354
"ESP32-S3 N16R8 (QFN56 rev v0.2, 16MB flash, 8MB octal PSRAM)",240,Task-AE,256,840,95.754,494.682,0.109,0.002,494.793,590.547,8570099,8538068,8353420,374816,1012864,256,260,141060,d256_20261005_195354
"ESP32-S3 N16R8 (QFN56 rev v0.2, 16MB flash, 8MB octal PSRAM)",240,Task-AE,256,841,95.754,494.682,0.109,0.002,494.793,590.547,8570099,8538068,8353420,374816,1012864,256,260,141060,d256_20261005_195354
"ESP32-S3 N16R8 (QFN56 rev v0.2, 16MB flash, 8MB octal PSRAM)",240,Task-AE,256,842,95.754,494.684,0.111,0.002,494.797,590.551,8570099,8538068,8353420,374816,1012864,256,260,141060,d256_20261005_195354
"ESP32-S3 N16R8 (QFN56 rev v0.2, 16MB flash, 8MB octal PSRAM)",240,Task-AE,256,843,95.754,494.682,0.109,0.002,494.793,590.547,8570099,8538068,8353420,374816,1012864,256,260,141060,d256_20261005_195354
"ESP32-S3 N16R8 (QFN56 rev v0.2, 16MB flash, 8MB octal PSRAM)",240,Task-AE,256,844,95.754,494.682,0.109,0.002,494.793,590.547,8570099,8538068,8353420,374816,1012864,256,260,141060,d256_20261005_195354
"ESP32-S3 N16R8 (QFN56 rev v0.2, 16MB flash, 8MB octal PSRAM)",240,Task-AE,256,845,95.754,494.684,0.111,0.002,494.797,590.551,8570099,8538068,8353420,374816,1012864,256,260,141060,d256_20261005_195354
"ESP32-S3 N16R8 (QFN56 rev v0.2, 16MB flash, 8MB octal PSRAM)",240,Task-AE,256,846,95.754,494.682,0.109,0.002,494.793,590.547,8570099,8538068,8353420,374816,1012864,256,260,141060,d256_20261005_195354
"ESP32-S3 N16R8 (QFN56 rev v0.2, 16MB flash, 8MB octal PSRAM)",240,Task-AE,256,847,95.754,494.682,0.109,0.002,494.793,590.547,8570099,8538068,8353420,374816,1012864,256,260,141060,d256_20261005_195354
"ESP32-S3 N16R8 (QFN56 rev v0.2, 16MB flash, 8MB octal PSRAM)",240,Task-AE,256,848,95.754,494.684,0.111,0.002,494.797,590.551,8570099,8538068,8353420,374816,1012864,256,260,141060,d256_20261005_195354
"ESP32-S3 N16R8 (QFN56 rev v0.2, 16MB flash, 8MB octal PSRAM)",240,Task-AE,256,849,95.754,494.682,0.109,0.002,494.793,590.547,8570099,8538068,8353420,374816,1012864,256,260,141060,d256_20261005_195354
"ESP32-S3 N16R8 (QFN56 rev v0.2, 16MB flash, 8MB octal PSRAM)",240,Task-AE,256,850,95.754,494.682,0.109,0.002,494.793,590.547,8570099,8538068,8353420,374816,1012864,256,260,141060,d256_20261005_195354
"ESP32-S3 N16R8 (QFN56 rev v0.2, 16MB flash, 8MB octal PSRAM)",240,Task-AE,256,851,95.754,494.684,0.111,0.002,494.797,590.551,8570099,8538068,8353420,374816,1012864,256,260,141060,d256_20261005_195354
"ESP32-S3 N16R8 (QFN56 rev v0.2, 16MB flash, 8MB octal PSRAM)",240,Task-AE,256,852,95.754,494.682,0.109,0.002,494.793,590.547,8570099,8538068,8353420,374816,1012864,256,260,141060,d256_20261005_195354
"ESP32-S3 N16R8 (QFN56 rev v0.2, 16MB flash, 8MB octal PSRAM)",240,Task-AE,256,853,95.754,494.682,0.109,0.002,494.793,590.547,8570099,8538068,8353420,374816,1012864,256,260,141060,d256_20261005_195354
"ESP32-S3 N16R8 (QFN56 rev v0.2, 16MB flash, 8MB octal PSRAM)",240,Task-AE,256,854,95.754,494.684,0.111,0.002,494.797,590.551,8570099,8538068,8353420,374816,1012864,256,260,141060,d256_20261005_195354
"ESP32-S3 N16R8 (QFN56 rev v0.2, 16MB flash, 8MB octal PSRAM)",240,Task-AE,256,855,95.754,494.682,0.109,0.002,494.793,590.547,8570099,8538068,8353420,374816,1012864,256,260,141060,d256_20261005_195354
"ESP32-S3 N16R8 (QFN56 rev v0.2, 16MB flash, 8MB octal PSRAM)",240,Task-AE,256,856,95.754,494.682,0.109,0.002,494.793,590.547,8570099,8538068,8353420,374816,1012864,256,260,141060,d256_20261005_195354
"ESP32-S3 N16R8 (QFN56 rev v0.2, 16MB flash, 8MB octal PSRAM)",240,Task-AE,256,857,95.754,494.684,0.111,0.002,494.797,590.551,8570099,8538068,8353420,374816,1012864,256,260,141060,d256_20261005_195354
"ESP32-S3 N16R8 (QFN56 rev v0.2, 16MB flash, 8MB octal PSRAM)",240,Task-AE,256,858,95.754,494.682,0.109,0.002,494.793,590.547,8570099,8538068,8353420,374816,1012864,256,260,141060,d256_20261005_195354
"ESP32-S3 N16R8 (QFN56 rev v0.2, 16MB flash, 8MB octal PSRAM)",240,Task-AE,256,859,95.754,494.682,0.109,0.002,494.793,590.547,8570099,8538068,8353420,374816,1012864,256,260,141060,d256_20261005_195354
"ESP32-S3 N16R8 (QFN56 rev v0.2, 16MB flash, 8MB octal PSRAM)",240,Task-AE,256,860,95.754,494.684,0.111,0.002,494.797,590.551,8570099,8538068,8353420,374816,1012864,256,260,141060,d256_20261005_195354
"ESP32-S3 N16R8 (QFN56 rev v0.2, 16MB flash, 8MB octal PSRAM)",240,Task-AE,256,861,95.754,494.682,0.109,0.002,494.793,590.547,8570099,8538068,8353420,374816,1012864,256,260,141060,d256_20261005_195354
"ESP32-S3 N16R8 (QFN56 rev v0.2, 16MB flash, 8MB octal PSRAM)",240,Task-AE,256,862,95.754,494.682,0.109,0.002,494.793,590.547,8570099,8538068,8353420,374816,1012864,256,260,141060,d256_20261005_195354
"ESP32-S3 N16R8 (QFN56 rev v0.2, 16MB flash, 8MB octal PSRAM)",240,Task-AE,256,863,95.754,494.684,0.111,0.002,494.797,590.551,8570099,8538068,8353420,374816,1012864,256,260,141060,d256_20261005_195354
"ESP32-S3 N16R8 (QFN56 rev v0.2, 16MB flash, 8MB octal PSRAM)",240,Task-AE,256,864,95.754,494.682,0.109,0.002,494.793,590.547,8570099,8538068,8353420,374816,1012864,256,260,141060,d256_20261005_195354
"ESP32-S3 N16R8 (QFN56 rev v0.2, 16MB flash, 8MB octal PSRAM)",240,Task-AE,256,865,95.754,494.682,0.109,0.002,494.793,590.547,8570099,8538068,8353420,374816,1012864,256,260,141060,d256_20261005_195354
"ESP32-S3 N16R8 (QFN56 rev v0.2, 16MB flash, 8MB octal PSRAM)",240,Task-AE,256,866,95.754,494.684,0.111,0.002,494.797,590.551,8570099,8538068,8353420,374816,1012864,256,260,141060,d256_20261005_195354
"ESP32-S3 N16R8 (QFN56 rev v0.2, 16MB flash, 8MB octal PSRAM)",240,Task-AE,256,867,95.754,494.682,0.109,0.002,494.793,590.547,8570099,8538068,8353420,374816,1012864,256,260,141060,d256_20261005_195354
"ESP32-S3 N16R8 (QFN56 rev v0.2, 16MB flash, 8MB octal PSRAM)",240,Task-AE,256,868,95.754,494.682,0.109,0.002,494.793,590.547,8570099,8538068,8353420,374816,1012864,256,260,141060,d256_20261005_195354
"ESP32-S3 N16R8 (QFN56 rev v0.2, 16MB flash, 8MB octal PSRAM)",240,Task-AE,256,869,95.754,494.684,0.111,0.002,494.797,590.551,8570099,8538068,8353420,374816,1012864,256,260,141060,d256_20261005_195354
"ESP32-S3 N16R8 (QFN56 rev v0.2, 16MB flash, 8MB octal PSRAM)",240,Task-AE,256,870,95.754,494.682,0.109,0.002,494.793,590.547,8570099,8538068,8353420,374816,1012864,256,260,141060,d256_20261005_195354
"ESP32-S3 N16R8 (QFN56 rev v0.2, 16MB flash, 8MB octal PSRAM)",240,Task-AE,256,871,95.754,494.682,0.109,0.002,494.793,590.547,8570099,8538068,8353420,374816,1012864,256,260,141060,d256_20261005_195354
"ESP32-S3 N16R8 (QFN56 rev v0.2, 16MB flash, 8MB octal PSRAM)",240,Task-AE,256,872,95.754,494.684,0.111,0.002,494.797,590.551,8570099,8538068,8353420,374816,1012864,256,260,141060,d256_20261005_195354
"ESP32-S3 N16R8 (QFN56 rev v0.2, 16MB flash, 8MB octal PSRAM)",240,Task-AE,256,873,95.754,494.682,0.109,0.002,494.793,590.547,8570099,8538068,8353420,374816,1012864,256,260,141060,d256_20261005_195354
"ESP32-S3 N16R8 (QFN56 rev v0.2, 16MB flash, 8MB octal PSRAM)",240,Task-AE,256,874,95.754,494.682,0.109,0.002,494.793,590.547,8570099,8538068,8353420,374816,1012864,256,260,141060,d256_20261005_195354
"ESP32-S3 N16R8 (QFN56 rev v0.2, 16MB flash, 8MB octal PSRAM)",240,Task-AE,256,875,95.754,494.684,0.111,0.002,494.797,590.551,8570099,8538068,8353420,374816,1012864,256,260,141060,d256_20261005_195354
"ESP32-S3 N16R8 (QFN56 rev v0.2, 16MB flash, 8MB octal PSRAM)",240,Task-AE,256,876,95.754,494.682,0.109,0.002,494.793,590.547,8570099,8538068,8353420,374816,1012864,256,260,141060,d256_20261005_195354
"ESP32-S3 N16R8 (QFN56 rev v0.2, 16MB flash, 8MB octal PSRAM)",240,Task-AE,256,877,95.754,494.682,0.109,0.002,494.793,590.547,8570099,8538068,8353420,374816,1012864,256,260,141060,d256_20261005_195354
"ESP32-S3 N16R8 (QFN56 rev v0.2, 16MB flash, 8MB octal PSRAM)",240,Task-AE,256,878,95.754,494.684,0.111,0.002,494.797,590.551,8570099,8538068,8353420,374816,1012864,256,260,141060,d256_20261005_195354
"ESP32-S3 N16R8 (QFN56 rev v0.2, 16MB flash, 8MB octal PSRAM)",240,Task-AE,256,879,95.754,494.682,0.109,0.002,494.793,590.547,8570099,8538068,8353420,374816,1012864,256,260,141060,d256_20261005_195354
"ESP32-S3 N16R8 (QFN56 rev v0.2, 16MB flash, 8MB octal PSRAM)",240,Task-AE,256,880,95.754,494.682,0.109,0.002,494.793,590.547,8570099,8538068,8353420,374816,1012864,256,260,141060,d256_20261005_195354
"ESP32-S3 N16R8 (QFN56 rev v0.2, 16MB flash, 8MB octal PSRAM)",240,Task-AE,256,881,95.754,494.684,0.111,0.002,494.797,590.551,8570099,8538068,8353420,374816,1012864,256,260,141060,d256_20261005_195354
"ESP32-S3 N16R8 (QFN56 rev v0.2, 16MB flash, 8MB octal PSRAM)",240,Task-AE,256,882,95.754,494.682,0.109,0.002,494.793,590.547,8570099,8538068,8353420,374816,1012864,256,260,141060,d256_20261005_195354
"ESP32-S3 N16R8 (QFN56 rev v0.2, 16MB flash, 8MB octal PSRAM)",240,Task-AE,256,883,95.754,494.682,0.109,0.002,494.793,590.547,8570099,8538068,8353420,374816,1012864,256,260,141060,d256_20261005_195354
"ESP32-S3 N16R8 (QFN56 rev v0.2, 16MB flash, 8MB octal PSRAM)",240,Task-AE,256,884,95.754,494.684,0.111,0.002,494.797,590.551,8570099,8538068,8353420,374816,1012864,256,260,141060,d256_20261005_195354
"ESP32-S3 N16R8 (QFN56 rev v0.2, 16MB flash, 8MB octal PSRAM)",240,Task-AE,256,885,95.754,494.682,0.109,0.002,494.793,590.547,8570099,8538068,8353420,374816,1012864,256,260,141060,d256_20261005_195354
"ESP32-S3 N16R8 (QFN56 rev v0.2, 16MB flash, 8MB octal PSRAM)",240,Task-AE,256,886,95.754,494.682,0.109,0.002,494.793,590.547,8570099,8538068,8353420,374816,1012864,256,260,141060,d256_20261005_195354
"ESP32-S3 N16R8 (QFN56 rev v0.2, 16MB flash, 8MB octal PSRAM)",240,Task-AE,256,887,95.754,494.684,0.111,0.002,494.797,590.551,8570099,8538068,8353420,374816,1012864,256,260,141060,d256_20261005_195354
"ESP32-S3 N16R8 (QFN56 rev v0.2, 16MB flash, 8MB octal PSRAM)",240,Task-AE,256,888,95.754,494.682,0.109,0.002,494.793,590.547,8570099,8538068,8353420,374816,1012864,256,260,141060,d256_20261005_195354
"ESP32-S3 N16R8 (QFN56 rev v0.2, 16MB flash, 8MB octal PSRAM)",240,Task-AE,256,889,95.754,494.682,0.109,0.002,494.793,590.547,8570099,8538068,8353420,374816,1012864,256,260,141060,d256_20261005_195354
"ESP32-S3 N16R8 (QFN56 rev v0.2, 16MB flash, 8MB octal PSRAM)",240,Task-AE,256,890,95.754,494.684,0.111,0.002,494.797,590.551,8570099,8538068,8353420,374816,1012864,256,260,141060,d256_20261005_195354
"ESP32-S3 N16R8 (QFN56 rev v0.2, 16MB flash, 8MB octal PSRAM)",240,Task-AE,256,891,95.754,494.682,0.109,0.002,494.793,590.547,8570099,8538068,8353420,374816,1012864,256,260,141060,d256_20261005_195354
"ESP32-S3 N16R8 (QFN56 rev v0.2, 16MB flash, 8MB octal PSRAM)",240,Task-AE,256,892,95.754,494.682,0.109,0.002,494.793,590.547,8570099,8538068,8353420,374816,1012864,256,260,141060,d256_20261005_195354
"ESP32-S3 N16R8 (QFN56 rev v0.2, 16MB flash, 8MB octal PSRAM)",240,Task-AE,256,893,95.754,494.684,0.111,0.002,494.797,590.551,8570099,8538068,8353420,374816,1012864,256,260,141060,d256_20261005_195354
"ESP32-S3 N16R8 (QFN56 rev v0.2, 16MB flash, 8MB octal PSRAM)",240,Task-AE,256,894,95.754,494.682,0.109,0.002,494.793,590.547,8570099,8538068,8353420,374816,1012864,256,260,141060,d256_20261005_195354
"ESP32-S3 N16R8 (QFN56 rev v0.2, 16MB flash, 8MB octal PSRAM)",240,Task-AE,256,895,95.754,494.682,0.109,0.002,494.793,590.547,8570099,8538068,8353420,374816,1012864,256,260,141060,d256_20261005_195354
"ESP32-S3 N16R8 (QFN56 rev v0.2, 16MB flash, 8MB octal PSRAM)",240,Task-AE,256,896,95.754,494.684,0.111,0.002,494.797,590.551,8570099,8538068,8353420,374816,1012864,256,260,141060,d256_20261005_195354
"ESP32-S3 N16R8 (QFN56 rev v0.2, 16MB flash, 8MB octal PSRAM)",240,Task-AE,256,897,95.754,494.682,0.109,0.002,494.793,590.547,8570099,8538068,8353420,374816,1012864,256,260,141060,d256_20261005_195354
"ESP32-S3 N16R8 (QFN56 rev v0.2, 16MB flash, 8MB octal PSRAM)",240,Task-AE,256,898,95.754,494.682,0.109,0.002,494.793,590.547,8570099,8538068,8353420,374816,1012864,256,260,141060,d256_20261005_195354
"ESP32-S3 N16R8 (QFN56 rev v0.2, 16MB flash, 8MB octal PSRAM)",240,Task-AE,256,899,95.754,494.684,0.111,0.002,494.797,590.551,8570099,8538068,8353420,374816,1012864,256,260,141060,d256_20261005_195354
"ESP32-S3 N16R8 (QFN56 rev v0.2, 16MB flash, 8MB octal PSRAM)",240,Task-AE,256,900,95.754,494.682,0.109,0.002,494.793,590.547,8570099,8538068,8353420,374816,1012864,256,260,141060,d256_20261005_195354
"ESP32-S3 N16R8 (QFN56 rev v0.2, 16MB flash, 8MB octal PSRAM)",240,Task-AE,256,901,95.754,494.682,0.109,0.002,494.793,590.547,8570099,8538068,8353420,374816,1012864,256,260,141060,d256_20261005_195354
"ESP32-S3 N16R8 (QFN56 rev v0.2, 16MB flash, 8MB octal PSRAM)",240,Task-AE,256,902,95.754,494.684,0.111,0.002,494.797,590.551,8570099,8538068,8353420,374816,1012864,256,260,141060,d256_20261005_195354
"ESP32-S3 N16R8 (QFN56 rev v0.2, 16MB flash, 8MB octal PSRAM)",240,Task-AE,256,903,95.754,494.682,0.109,0.002,494.793,590.547,8570099,8538068,8353420,374816,1012864,256,260,141060,d256_20261005_195354
"ESP32-S3 N16R8 (QFN56 rev v0.2, 16MB flash, 8MB octal PSRAM)",240,Task-AE,256,904,95.754,494.682,0.109,0.002,494.793,590.547,8570099,8538068,8353420,374816,1012864,256,260,141060,d256_20261005_195354
"ESP32-S3 N16R8 (QFN56 rev v0.2, 16MB flash, 8MB octal PSRAM)",240,Task-AE,256,905,95.754,494.684,0.111,0.002,494.797,590.551,8570099,8538068,8353420,374816,1012864,256,260,141060,d256_20261005_195354
"ESP32-S3 N16R8 (QFN56 rev v0.2, 16MB flash, 8MB octal PSRAM)",240,Task-AE,256,906,95.754,494.682,0.109,0.002,494.793,590.547,8570099,8538068,8353420,374816,1012864,256,260,141060,d256_20261005_195354
"ESP32-S3 N16R8 (QFN56 rev v0.2, 16MB flash, 8MB octal PSRAM)",240,Task-AE,256,907,95.754,494.682,0.109,0.002,494.793,590.547,8570099,8538068,8353420,374816,1012864,256,260,141060,d256_20261005_195354
"ESP32-S3 N16R8 (QFN56 rev v0.2, 16MB flash, 8MB octal PSRAM)",240,Task-AE,256,908,95.754,494.684,0.111,0.002,494.797,590.551,8570099,8538068,8353420,374816,1012864,256,260,141060,d256_20261005_195354
"ESP32-S3 N16R8 (QFN56 rev v0.2, 16MB flash, 8MB octal PSRAM)",240,Task-AE,256,909,95.754,494.682,0.109,0.002,494.793,590.547,8570099,8538068,8353420,374816,1012864,256,260,141060,d256_20261005_195354
"ESP32-S3 N16R8 (QFN56 rev v0.2, 16MB flash, 8MB octal PSRAM)",240,Task-AE,256,910,95.754,494.682,0.109,0.002,494.793,590.547,8570099,8538068,8353420,374816,1012864,256,260,141060,d256_20261005_195354
"ESP32-S3 N16R8 (QFN56 rev v0.2, 16MB flash, 8MB octal PSRAM)",240,Task-AE,256,911,95.754,494.684,0.111,0.002,494.797,590.551,8570099,8538068,8353420,374816,1012864,256,260,141060,d256_20261005_195354
"ESP32-S3 N16R8 (QFN56 rev v0.2, 16MB flash, 8MB octal PSRAM)",240,Task-AE,256,912,95.754,494.682,0.109,0.002,494.793,590.547,8570099,8538068,8353420,374816,1012864,256,260,141060,d256_20261005_195354
"ESP32-S3 N16R8 (QFN56 rev v0.2, 16MB flash, 8MB octal PSRAM)",240,Task-AE,256,913,95.754,494.682,0.109,0.002,494.793,590.547,8570099,8538068,8353420,374816,1012864,256,260,141060,d256_20261005_195354
"ESP32-S3 N16R8 (QFN56 rev v0.2, 16MB flash, 8MB octal PSRAM)",240,Task-AE,256,914,95.754,494.684,0.111,0.002,494.797,590.551,8570099,8538068,8353420,374816,1012864,256,260,141060,d256_20261005_195354
"ESP32-S3 N16R8 (QFN56 rev v0.2, 16MB flash, 8MB octal PSRAM)",240,Task-AE,256,915,95.754,494.682,0.109,0.002,494.793,590.547,8570099,8538068,8353420,374816,1012864,256,260,141060,d256_20261005_195354
"ESP32-S3 N16R8 (QFN56 rev v0.2, 16MB flash, 8MB octal PSRAM)",240,Task-AE,256,916,95.754,494.682,0.109,0.002,494.793,590.547,8570099,8538068,8353420,374816,1012864,256,260,141060,d256_20261005_195354
"ESP32-S3 N16R8 (QFN56 rev v0.2, 16MB flash, 8MB octal PSRAM)",240,Task-AE,256,917,95.754,494.684,0.111,0.002,494.797,590.551,8570099,8538068,8353420,374816,1012864,256,260,141060,d256_20261005_195354
"ESP32-S3 N16R8 (QFN56 rev v0.2, 16MB flash, 8MB octal PSRAM)",240,Task-AE,256,918,95.754,494.682,0.109,0.002,494.793,590.547,8570099,8538068,8353420,374816,1012864,256,260,141060,d256_20261005_195354
"ESP32-S3 N16R8 (QFN56 rev v0.2, 16MB flash, 8MB octal PSRAM)",240,Task-AE,256,919,95.754,494.682,0.109,0.002,494.793,590.547,8570099,8538068,8353420,374816,1012864,256,260,141060,d256_20261005_195354
"ESP32-S3 N16R8 (QFN56 rev v0.2, 16MB flash, 8MB octal PSRAM)",240,Task-AE,256,920,95.754,494.684,0.111,0.002,494.797,590.551,8570099,8538068,8353420,374816,1012864,256,260,141060,d256_20261005_195354
"ESP32-S3 N16R8 (QFN56 rev v0.2, 16MB flash, 8MB octal PSRAM)",240,Task-AE,256,921,95.754,494.682,0.109,0.002,494.793,590.547,8570099,8538068,8353420,374816,1012864,256,260,141060,d256_20261005_195354
"ESP32-S3 N16R8 (QFN56 rev v0.2, 16MB flash, 8MB octal PSRAM)",240,Task-AE,256,922,95.754,494.682,0.109,0.002,494.793,590.547,8570099,8538068,8353420,374816,1012864,256,260,141060,d256_20261005_195354
"ESP32-S3 N16R8 (QFN56 rev v0.2, 16MB flash, 8MB octal PSRAM)",240,Task-AE,256,923,95.754,494.684,0.111,0.002,494.797,590.551,8570099,8538068,8353420,374816,1012864,256,260,141060,d256_20261005_195354
"ESP32-S3 N16R8 (QFN56 rev v0.2, 16MB flash, 8MB octal PSRAM)",240,Task-AE,256,924,95.754,494.682,0.109,0.002,494.793,590.547,8570099,8538068,8353420,374816,1012864,256,260,141060,d256_20261005_195354
"ESP32-S3 N16R8 (QFN56 rev v0.2, 16MB flash, 8MB octal PSRAM)",240,Task-AE,256,925,95.754,494.682,0.109,0.002,494.793,590.547,8570099,8538068,8353420,374816,1012864,256,260,141060,d256_20261005_195354
"ESP32-S3 N16R8 (QFN56 rev v0.2, 16MB flash, 8MB octal PSRAM)",240,Task-AE,256,926,95.754,494.684,0.111,0.002,494.797,590.551,8570099,8538068,8353420,374816,1012864,256,260,141060,d256_20261005_195354
"ESP32-S3 N16R8 (QFN56 rev v0.2, 16MB flash, 8MB octal PSRAM)",240,Task-AE,256,927,95.754,494.682,0.109,0.002,494.793,590.547,8570099,8538068,8353420,374816,1012864,256,260,141060,d256_20261005_195354
"ESP32-S3 N16R8 (QFN56 rev v0.2, 16MB flash, 8MB octal PSRAM)",240,Task-AE,256,928,95.754,494.682,0.109,0.002,494.793,590.547,8570099,8538068,8353420,374816,1012864,256,260,141060,d256_20261005_195354
"ESP32-S3 N16R8 (QFN56 rev v0.2, 16MB flash, 8MB octal PSRAM)",240,Task-AE,256,929,95.754,494.684,0.111,0.002,494.797,590.551,8570099,8538068,8353420,374816,1012864,256,260,141060,d256_20261005_195354
"ESP32-S3 N16R8 (QFN56 rev v0.2, 16MB flash, 8MB octal PSRAM)",240,Task-AE,256,930,95.754,494.682,0.109,0.002,494.793,590.547,8570099,8538068,8353420,374816,1012864,256,260,141060,d256_20261005_195354
"ESP32-S3 N16R8 (QFN56 rev v0.2, 16MB flash, 8MB octal PSRAM)",240,Task-AE,256,931,95.754,494.682,0.109,0.002,494.793,590.547,8570099,8538068,8353420,374816,1012864,256,260,141060,d256_20261005_195354
"ESP32-S3 N16R8 (QFN56 rev v0.2, 16MB flash, 8MB octal PSRAM)",240,Task-AE,256,932,95.754,494.684,0.111,0.002,494.797,590.551,8570099,8538068,8353420,374816,1012864,256,260,141060,d256_20261005_195354
"ESP32-S3 N16R8 (QFN56 rev v0.2, 16MB flash, 8MB octal PSRAM)",240,Task-AE,256,933,95.754,494.682,0.109,0.002,494.793,590.547,8570099,8538068,8353420,374816,1012864,256,260,141060,d256_20261005_195354
"ESP32-S3 N16R8 (QFN56 rev v0.2, 16MB flash, 8MB octal PSRAM)",240,Task-AE,256,934,95.754,494.682,0.109,0.002,494.793,590.547,8570099,8538068,8353420,374816,1012864,256,260,141060,d256_20261005_195354
"ESP32-S3 N16R8 (QFN56 rev v0.2, 16MB flash, 8MB octal PSRAM)",240,Task-AE,256,935,95.754,494.684,0.111,0.002,494.797,590.551,8570099,8538068,8353420,374816,1012864,256,260,141060,d256_20261005_195354
"ESP32-S3 N16R8 (QFN56 rev v0.2, 16MB flash, 8MB octal PSRAM)",240,Task-AE,256,936,95.754,494.682,0.109,0.002,494.793,590.547,8570099,8538068,8353420,374816,1012864,256,260,141060,d256_20261005_195354
"ESP32-S3 N16R8 (QFN56 rev v0.2, 16MB flash, 8MB octal PSRAM)",240,Task-AE,256,937,95.754,494.682,0.109,0.002,494.793,590.547,8570099,8538068,8353420,374816,1012864,256,260,141060,d256_20261005_195354
"ESP32-S3 N16R8 (QFN56 rev v0.2, 16MB flash, 8MB octal PSRAM)",240,Task-AE,256,938,95.754,494.684,0.111,0.002,494.797,590.551,8570099,8538068,8353420,374816,1012864,256,260,141060,d256_20261005_195354
"ESP32-S3 N16R8 (QFN56 rev v0.2, 16MB flash, 8MB octal PSRAM)",240,Task-AE,256,939,95.754,494.682,0.109,0.002,494.793,590.547,8570099,8538068,8353420,374816,1012864,256,260,141060,d256_20261005_195354
"ESP32-S3 N16R8 (QFN56 rev v0.2, 16MB flash, 8MB octal PSRAM)",240,Task-AE,256,940,95.754,494.682,0.109,0.002,494.793,590.547,8570099,8538068,8353420,374816,1012864,256,260,141060,d256_20261005_195354
"ESP32-S3 N16R8 (QFN56 rev v0.2, 16MB flash, 8MB octal PSRAM)",240,Task-AE,256,941,95.754,494.684,0.111,0.002,494.797,590.551,8570099,8538068,8353420,374816,1012864,256,260,141060,d256_20261005_195354
"ESP32-S3 N16R8 (QFN56 rev v0.2, 16MB flash, 8MB octal PSRAM)",240,Task-AE,256,942,95.754,494.682,0.109,0.002,494.793,590.547,8570099,8538068,8353420,374816,1012864,256,260,141060,d256_20261005_195354
"ESP32-S3 N16R8 (QFN56 rev v0.2, 16MB flash, 8MB octal PSRAM)",240,Task-AE,256,943,95.754,494.682,0.109,0.002,494.793,590.547,8570099,8538068,8353420,374816,1012864,256,260,141060,d256_20261005_195354
"ESP32-S3 N16R8 (QFN56 rev v0.2, 16MB flash, 8MB octal PSRAM)",240,Task-AE,256,944,95.754,494.684,0.111,0.002,494.797,590.551,8570099,8538068,8353420,374816,1012864,256,260,141060,d256_20261005_195354
"ESP32-S3 N16R8 (QFN56 rev v0.2, 16MB flash, 8MB octal PSRAM)",240,Task-AE,256,945,95.754,494.682,0.109,0.002,494.793,590.547,8570099,8538068,8353420,374816,1012864,256,260,141060,d256_20261005_195354
"ESP32-S3 N16R8 (QFN56 rev v0.2, 16MB flash, 8MB octal PSRAM)",240,Task-AE,256,946,95.754,494.682,0.109,0.002,494.793,590.547,8570099,8538068,8353420,374816,1012864,256,260,141060,d256_20261005_195354
"ESP32-S3 N16R8 (QFN56 rev v0.2, 16MB flash, 8MB octal PSRAM)",240,Task-AE,256,947,95.754,494.684,0.111,0.002,494.797,590.551,8570099,8538068,8353420,374816,1012864,256,260,141060,d256_20261005_195354
"ESP32-S3 N16R8 (QFN56 rev v0.2, 16MB flash, 8MB octal PSRAM)",240,Task-AE,256,948,95.754,494.682,0.109,0.002,494.793,590.547,8570099,8538068,8353420,374816,1012864,256,260,141060,d256_20261005_195354
"ESP32-S3 N16R8 (QFN56 rev v0.2, 16MB flash, 8MB octal PSRAM)",240,Task-AE,256,949,95.755,494.682,0.109,0.002,494.793,590.548,8570099,8538068,8353420,374816,1012864,256,260,141060,d256_20261005_195354
"ESP32-S3 N16R8 (QFN56 rev v0.2, 16MB flash, 8MB octal PSRAM)",240,Task-AE,256,950,95.754,494.684,0.111,0.002,494.797,590.551,8570099,8538068,8353420,374816,1012864,256,260,141060,d256_20261005_195354
"ESP32-S3 N16R8 (QFN56 rev v0.2, 16MB flash, 8MB octal PSRAM)",240,Task-AE,256,951,95.754,494.682,0.109,0.002,494.793,590.547,8570099,8538068,8353420,374816,1012864,256,260,141060,d256_20261005_195354
"ESP32-S3 N16R8 (QFN56 rev v0.2, 16MB flash, 8MB octal PSRAM)",240,Task-AE,256,952,95.754,494.682,0.109,0.002,494.793,590.547,8570099,8538068,8353420,374816,1012864,256,260,141060,d256_20261005_195354
"ESP32-S3 N16R8 (QFN56 rev v0.2, 16MB flash, 8MB octal PSRAM)",240,Task-AE,256,953,95.754,494.684,0.111,0.002,494.797,590.551,8570099,8538068,8353420,374816,1012864,256,260,141060,d256_20261005_195354
"ESP32-S3 N16R8 (QFN56 rev v0.2, 16MB flash, 8MB octal PSRAM)",240,Task-AE,256,954,95.755,494.682,0.109,0.002,494.793,590.548,8570099,8538068,8353420,374816,1012864,256,260,141060,d256_20261005_195354
"ESP32-S3 N16R8 (QFN56 rev v0.2, 16MB flash, 8MB octal PSRAM)",240,Task-AE,256,955,95.754,494.682,0.109,0.002,494.793,590.547,8570099,8538068,8353420,374816,1012864,256,260,141060,d256_20261005_195354
"ESP32-S3 N16R8 (QFN56 rev v0.2, 16MB flash, 8MB octal PSRAM)",240,Task-AE,256,956,95.754,494.684,0.111,0.002,494.797,590.551,8570099,8538068,8353420,374816,1012864,256,260,141060,d256_20261005_195354
"ESP32-S3 N16R8 (QFN56 rev v0.2, 16MB flash, 8MB octal PSRAM)",240,Task-AE,256,957,95.754,494.682,0.109,0.002,494.793,590.547,8570099,8538068,8353420,374816,1012864,256,260,141060,d256_20261005_195354
"ESP32-S3 N16R8 (QFN56 rev v0.2, 16MB flash, 8MB octal PSRAM)",240,Task-AE,256,958,95.754,494.682,0.109,0.002,494.793,590.547,8570099,8538068,8353420,374816,1012864,256,260,141060,d256_20261005_195354
"ESP32-S3 N16R8 (QFN56 rev v0.2, 16MB flash, 8MB octal PSRAM)",240,Task-AE,256,959,95.754,494.684,0.111,0.002,494.797,590.551,8570099,8538068,8353420,374816,1012864,256,260,141060,d256_20261005_195354
"ESP32-S3 N16R8 (QFN56 rev v0.2, 16MB flash, 8MB octal PSRAM)",240,Task-AE,256,960,95.754,494.682,0.109,0.002,494.793,590.547,8570099,8538068,8353420,374816,1012864,256,260,141060,d256_20261005_195354
"ESP32-S3 N16R8 (QFN56 rev v0.2, 16MB flash, 8MB octal PSRAM)",240,Task-AE,256,961,95.754,494.682,0.109,0.002,494.793,590.547,8570099,8538068,8353420,374816,1012864,256,260,141060,d256_20261005_195354
"ESP32-S3 N16R8 (QFN56 rev v0.2, 16MB flash, 8MB octal PSRAM)",240,Task-AE,256,962,95.754,494.684,0.111,0.002,494.797,590.551,8570099,8538068,8353420,374816,1012864,256,260,141060,d256_20261005_195354
"ESP32-S3 N16R8 (QFN56 rev v0.2, 16MB flash, 8MB octal PSRAM)",240,Task-AE,256,963,95.754,494.682,0.109,0.002,494.793,590.547,8570099,8538068,8353420,374816,1012864,256,260,141060,d256_20261005_195354
"ESP32-S3 N16R8 (QFN56 rev v0.2, 16MB flash, 8MB octal PSRAM)",240,Task-AE,256,964,95.754,494.682,0.109,0.002,494.793,590.547,8570099,8538068,8353420,374816,1012864,256,260,141060,d256_20261005_195354
"ESP32-S3 N16R8 (QFN56 rev v0.2, 16MB flash, 8MB octal PSRAM)",240,Task-AE,256,965,95.754,494.684,0.111,0.002,494.797,590.551,8570099,8538068,8353420,374816,1012864,256,260,141060,d256_20261005_195354
"ESP32-S3 N16R8 (QFN56 rev v0.2, 16MB flash, 8MB octal PSRAM)",240,Task-AE,256,966,95.754,494.682,0.109,0.002,494.793,590.547,8570099,8538068,8353420,374816,1012864,256,260,141060,d256_20261005_195354
"ESP32-S3 N16R8 (QFN56 rev v0.2, 16MB flash, 8MB octal PSRAM)",240,Task-AE,256,967,95.754,494.682,0.109,0.002,494.793,590.547,8570099,8538068,8353420,374816,1012864,256,260,141060,d256_20261005_195354
"ESP32-S3 N16R8 (QFN56 rev v0.2, 16MB flash, 8MB octal PSRAM)",240,Task-AE,256,968,95.754,494.684,0.111,0.002,494.797,590.551,8570099,8538068,8353420,374816,1012864,256,260,141060,d256_20261005_195354
"ESP32-S3 N16R8 (QFN56 rev v0.2, 16MB flash, 8MB octal PSRAM)",240,Task-AE,256,969,95.754,494.682,0.109,0.002,494.793,590.547,8570099,8538068,8353420,374816,1012864,256,260,141060,d256_20261005_195354
"ESP32-S3 N16R8 (QFN56 rev v0.2, 16MB flash, 8MB octal PSRAM)",240,Task-AE,256,970,95.754,494.682,0.109,0.002,494.793,590.547,8570099,8538068,8353420,374816,1012864,256,260,141060,d256_20261005_195354
"ESP32-S3 N16R8 (QFN56 rev v0.2, 16MB flash, 8MB octal PSRAM)",240,Task-AE,256,971,95.754,494.684,0.111,0.002,494.797,590.551,8570099,8538068,8353420,374816,1012864,256,260,141060,d256_20261005_195354
"ESP32-S3 N16R8 (QFN56 rev v0.2, 16MB flash, 8MB octal PSRAM)",240,Task-AE,256,972,95.754,494.682,0.109,0.002,494.793,590.547,8570099,8538068,8353420,374816,1012864,256,260,141060,d256_20261005_195354
"ESP32-S3 N16R8 (QFN56 rev v0.2, 16MB flash, 8MB octal PSRAM)",240,Task-AE,256,973,95.754,494.682,0.109,0.002,494.793,590.547,8570099,8538068,8353420,374816,1012864,256,260,141060,d256_20261005_195354
"ESP32-S3 N16R8 (QFN56 rev v0.2, 16MB flash, 8MB octal PSRAM)",240,Task-AE,256,974,95.754,494.684,0.111,0.002,494.797,590.551,8570099,8538068,8353420,374816,1012864,256,260,141060,d256_20261005_195354
"ESP32-S3 N16R8 (QFN56 rev v0.2, 16MB flash, 8MB octal PSRAM)",240,Task-AE,256,975,95.754,494.682,0.109,0.002,494.793,590.547,8570099,8538068,8353420,374816,1012864,256,260,141060,d256_20261005_195354
"ESP32-S3 N16R8 (QFN56 rev v0.2, 16MB flash, 8MB octal PSRAM)",240,Task-AE,256,976,95.754,494.682,0.109,0.002,494.793,590.547,8570099,8538068,8353420,374816,1012864,256,260,141060,d256_20261005_195354
"ESP32-S3 N16R8 (QFN56 rev v0.2, 16MB flash, 8MB octal PSRAM)",240,Task-AE,256,977,95.754,494.684,0.111,0.002,494.797,590.551,8570099,8538068,8353420,374816,1012864,256,260,141060,d256_20261005_195354
"ESP32-S3 N16R8 (QFN56 rev v0.2, 16MB flash, 8MB octal PSRAM)",240,Task-AE,256,978,95.754,494.682,0.109,0.002,494.793,590.547,8570099,8538068,8353420,374816,1012864,256,260,141060,d256_20261005_195354
"ESP32-S3 N16R8 (QFN56 rev v0.2, 16MB flash, 8MB octal PSRAM)",240,Task-AE,256,979,95.754,494.682,0.109,0.002,494.793,590.547,8570099,8538068,8353420,374816,1012864,256,260,141060,d256_20261005_195354
"ESP32-S3 N16R8 (QFN56 rev v0.2, 16MB flash, 8MB octal PSRAM)",240,Task-AE,256,980,95.754,494.684,0.111,0.002,494.797,590.551,8570099,8538068,8353420,374816,1012864,256,260,141060,d256_20261005_195354
"ESP32-S3 N16R8 (QFN56 rev v0.2, 16MB flash, 8MB octal PSRAM)",240,Task-AE,256,981,95.754,494.682,0.109,0.002,494.793,590.547,8570099,8538068,8353420,374816,1012864,256,260,141060,d256_20261005_195354
"ESP32-S3 N16R8 (QFN56 rev v0.2, 16MB flash, 8MB octal PSRAM)",240,Task-AE,256,982,95.754,494.682,0.109,0.002,494.793,590.547,8570099,8538068,8353420,374816,1012864,256,260,141060,d256_20261005_195354
"ESP32-S3 N16R8 (QFN56 rev v0.2, 16MB flash, 8MB octal PSRAM)",240,Task-AE,256,983,95.754,494.684,0.111,0.002,494.797,590.551,8570099,8538068,8353420,374816,1012864,256,260,141060,d256_20261005_195354
"ESP32-S3 N16R8 (QFN56 rev v0.2, 16MB flash, 8MB octal PSRAM)",240,Task-AE,256,984,95.754,494.682,0.109,0.002,494.793,590.547,8570099,8538068,8353420,374816,1012864,256,260,141060,d256_20261005_195354
"ESP32-S3 N16R8 (QFN56 rev v0.2, 16MB flash, 8MB octal PSRAM)",240,Task-AE,256,985,95.754,494.682,0.109,0.002,494.793,590.547,8570099,8538068,8353420,374816,1012864,256,260,141060,d256_20261005_195354
"ESP32-S3 N16R8 (QFN56 rev v0.2, 16MB flash, 8MB octal PSRAM)",240,Task-AE,256,986,95.754,494.684,0.111,0.002,494.797,590.551,8570099,8538068,8353420,374816,1012864,256,260,141060,d256_20261005_195354
"ESP32-S3 N16R8 (QFN56 rev v0.2, 16MB flash, 8MB octal PSRAM)",240,Task-AE,256,987,95.754,494.682,0.109,0.002,494.793,590.547,8570099,8538068,8353420,374816,1012864,256,260,141060,d256_20261005_195354
"ESP32-S3 N16R8 (QFN56 rev v0.2, 16MB flash, 8MB octal PSRAM)",240,Task-AE,256,988,95.754,494.682,0.109,0.002,494.793,590.547,8570099,8538068,8353420,374816,1012864,256,260,141060,d256_20261005_195354
"ESP32-S3 N16R8 (QFN56 rev v0.2, 16MB flash, 8MB octal PSRAM)",240,Task-AE,256,989,95.754,494.684,0.111,0.002,494.797,590.551,8570099,8538068,8353420,374816,1012864,256,260,141060,d256_20261005_195354
"ESP32-S3 N16R8 (QFN56 rev v0.2, 16MB flash, 8MB octal PSRAM)",240,Task-AE,256,990,95.754,494.682,0.109,0.002,494.793,590.547,8570099,8538068,8353420,374816,1012864,256,260,141060,d256_20261005_195354
"ESP32-S3 N16R8 (QFN56 rev v0.2, 16MB flash, 8MB octal PSRAM)",240,Task-AE,256,991,95.754,494.682,0.109,0.002,494.793,590.547,8570099,8538068,8353420,374816,1012864,256,260,141060,d256_20261005_195354
"ESP32-S3 N16R8 (QFN56 rev v0.2, 16MB flash, 8MB octal PSRAM)",240,Task-AE,256,992,95.754,494.684,0.111,0.002,494.797,590.551,8570099,8538068,8353420,374816,1012864,256,260,141060,d256_20261005_195354
"ESP32-S3 N16R8 (QFN56 rev v0.2, 16MB flash, 8MB octal PSRAM)",240,Task-AE,256,993,95.754,494.682,0.109,0.002,494.793,590.547,8570099,8538068,8353420,374816,1012864,256,260,141060,d256_20261005_195354
"ESP32-S3 N16R8 (QFN56 rev v0.2, 16MB flash, 8MB octal PSRAM)",240,Task-AE,256,994,95.754,494.682,0.109,0.002,494.793,590.547,8570099,8538068,8353420,374816,1012864,256,260,141060,d256_20261005_195354
"ESP32-S3 N16R8 (QFN56 rev v0.2, 16MB flash, 8MB octal PSRAM)",240,Task-AE,256,995,95.754,494.684,0.111,0.002,494.797,590.551,8570099,8538068,8353420,374816,1012864,256,260,141060,d256_20261005_195354
"ESP32-S3 N16R8 (QFN56 rev v0.2, 16MB flash, 8MB octal PSRAM)",240,Task-AE,256,996,95.754,494.682,0.109,0.002,494.793,590.547,8570099,8538068,8353420,374816,1012864,256,260,141060,d256_20261005_195354
"ESP32-S3 N16R8 (QFN56 rev v0.2, 16MB flash, 8MB octal PSRAM)",240,Task-AE,256,997,95.754,494.682,0.109,0.002,494.793,590.547,8570099,8538068,8353420,374816,1012864,256,260,141060,d256_20261005_195354
"ESP32-S3 N16R8 (QFN56 rev v0.2, 16MB flash, 8MB octal PSRAM)",240,Task-AE,256,998,95.754,494.684,0.111,0.002,494.797,590.551,8570099,8538068,8353420,374816,1012864,256,260,141060,d256_20261005_195354
"ESP32-S3 N16R8 (QFN56 rev v0.2, 16MB flash, 8MB octal PSRAM)",240,Task-AE,256,999,95.754,494.682,0.109,0.002,494.793,590.547,8570099,8538068,8353420,374816,1012864,256,260,141060,d256_20261005_195354
"ESP32-S3 N16R8 (QFN56 rev v0.2, 16MB flash, 8MB octal PSRAM)",240,Task-AE,64,0,95.394,489.025,0.031,0.001,489.05699999999996,584.451,8570099,8538068,8353420,371720,1009760,64,68,141060,d64_20261005_201429
"ESP32-S3 N16R8 (QFN56 rev v0.2, 16MB flash, 8MB octal PSRAM)",240,Task-AE,64,1,95.393,489.022,0.028,0.002,489.052,584.445,8570099,8538068,8353420,371720,1009760,64,68,141060,d64_20261005_201429
"ESP32-S3 N16R8 (QFN56 rev v0.2, 16MB flash, 8MB octal PSRAM)",240,Task-AE,64,2,95.392,489.022,0.031,0.001,489.054,584.4459999999999,8570099,8538068,8353420,371720,1009760,64,68,141060,d64_20261005_201429
"ESP32-S3 N16R8 (QFN56 rev v0.2, 16MB flash, 8MB octal PSRAM)",240,Task-AE,64,3,95.392,489.02,0.029,0.001,489.04999999999995,584.442,8570099,8538068,8353420,371720,1009760,64,68,141060,d64_20261005_201429
"ESP32-S3 N16R8 (QFN56 rev v0.2, 16MB flash, 8MB octal PSRAM)",240,Task-AE,64,4,95.392,489.02,0.029,0.001,489.04999999999995,584.442,8570099,8538068,8353420,371720,1009760,64,68,141060,d64_20261005_201429
"ESP32-S3 N16R8 (QFN56 rev v0.2, 16MB flash, 8MB octal PSRAM)",240,Task-AE,64,5,95.392,489.022,0.031,0.001,489.054,584.4459999999999,8570099,8538068,8353420,371720,1009760,64,68,141060,d64_20261005_201429
"ESP32-S3 N16R8 (QFN56 rev v0.2, 16MB flash, 8MB octal PSRAM)",240,Task-AE,64,6,95.394,489.021,0.028,0.002,489.05100000000004,584.445,8570099,8538068,8353420,371720,1009760,64,68,141060,d64_20261005_201429
"ESP32-S3 N16R8 (QFN56 rev v0.2, 16MB flash, 8MB octal PSRAM)",240,Task-AE,64,7,95.392,489.02,0.029,0.001,489.04999999999995,584.442,8570099,8538068,8353420,371720,1009760,64,68,141060,d64_20261005_201429
"ESP32-S3 N16R8 (QFN56 rev v0.2, 16MB flash, 8MB octal PSRAM)",240,Task-AE,64,8,95.392,489.022,0.031,0.001,489.054,584.4459999999999,8570099,8538068,8353420,371720,1009760,64,68,141060,d64_20261005_201429
"ESP32-S3 N16R8 (QFN56 rev v0.2, 16MB flash, 8MB octal PSRAM)",240,Task-AE,64,9,95.392,489.02,0.029,0.001,489.04999999999995,584.442,8570099,8538068,8353420,371720,1009760,64,68,141060,d64_20261005_201429
"ESP32-S3 N16R8 (QFN56 rev v0.2, 16MB flash, 8MB octal PSRAM)",240,Task-AE,64,10,95.392,489.02,0.029,0.001,489.04999999999995,584.442,8570099,8538068,8353420,371720,1009760,64,68,141060,d64_20261005_201429
"ESP32-S3 N16R8 (QFN56 rev v0.2, 16MB flash, 8MB octal PSRAM)",240,Task-AE,64,11,95.392,489.022,0.031,0.001,489.054,584.4459999999999,8570099,8538068,8353420,371720,1009760,64,68,141060,d64_20261005_201429
"ESP32-S3 N16R8 (QFN56 rev v0.2, 16MB flash, 8MB octal PSRAM)",240,Task-AE,64,12,95.392,489.02,0.029,0.001,489.04999999999995,584.442,8570099,8538068,8353420,371720,1009760,64,68,141060,d64_20261005_201429
"ESP32-S3 N16R8 (QFN56 rev v0.2, 16MB flash, 8MB octal PSRAM)",240,Task-AE,64,13,95.392,489.02,0.029,0.001,489.04999999999995,584.442,8570099,8538068,8353420,371720,1009760,64,68,141060,d64_20261005_201429
"ESP32-S3 N16R8 (QFN56 rev v0.2, 16MB flash, 8MB octal PSRAM)",240,Task-AE,64,14,95.392,489.022,0.031,0.001,489.054,584.4459999999999,8570099,8538068,8353420,371720,1009760,64,68,141060,d64_20261005_201429
"ESP32-S3 N16R8 (QFN56 rev v0.2, 16MB flash, 8MB octal PSRAM)",240,Task-AE,64,15,95.392,489.02,0.029,0.001,489.04999999999995,584.442,8570099,8538068,8353420,371720,1009760,64,68,141060,d64_20261005_201429
"ESP32-S3 N16R8 (QFN56 rev v0.2, 16MB flash, 8MB octal PSRAM)",240,Task-AE,64,16,95.392,489.02,0.029,0.001,489.04999999999995,584.442,8570099,8538068,8353420,371720,1009760,64,68,141060,d64_20261005_201429
"ESP32-S3 N16R8 (QFN56 rev v0.2, 16MB flash, 8MB octal PSRAM)",240,Task-AE,64,17,95.392,489.022,0.031,0.001,489.054,584.4459999999999,8570099,8538068,8353420,371720,1009760,64,68,141060,d64_20261005_201429
"ESP32-S3 N16R8 (QFN56 rev v0.2, 16MB flash, 8MB octal PSRAM)",240,Task-AE,64,18,95.392,489.02,0.029,0.001,489.04999999999995,584.442,8570099,8538068,8353420,371720,1009760,64,68,141060,d64_20261005_201429
"ESP32-S3 N16R8 (QFN56 rev v0.2, 16MB flash, 8MB octal PSRAM)",240,Task-AE,64,19,95.392,489.02,0.029,0.001,489.04999999999995,584.442,8570099,8538068,8353420,371720,1009760,64,68,141060,d64_20261005_201429
"ESP32-S3 N16R8 (QFN56 rev v0.2, 16MB flash, 8MB octal PSRAM)",240,Task-AE,64,20,95.392,489.022,0.031,0.001,489.054,584.4459999999999,8570099,8538068,8353420,371720,1009760,64,68,141060,d64_20261005_201429
"ESP32-S3 N16R8 (QFN56 rev v0.2, 16MB flash, 8MB octal PSRAM)",240,Task-AE,64,21,95.392,489.02,0.029,0.001,489.04999999999995,584.442,8570099,8538068,8353420,371720,1009760,64,68,141060,d64_20261005_201429
"ESP32-S3 N16R8 (QFN56 rev v0.2, 16MB flash, 8MB octal PSRAM)",240,Task-AE,64,22,95.392,489.02,0.029,0.001,489.04999999999995,584.442,8570099,8538068,8353420,371720,1009760,64,68,141060,d64_20261005_201429
"ESP32-S3 N16R8 (QFN56 rev v0.2, 16MB flash, 8MB octal PSRAM)",240,Task-AE,64,23,95.392,489.022,0.031,0.001,489.054,584.4459999999999,8570099,8538068,8353420,371720,1009760,64,68,141060,d64_20261005_201429
"ESP32-S3 N16R8 (QFN56 rev v0.2, 16MB flash, 8MB octal PSRAM)",240,Task-AE,64,24,95.392,489.02,0.029,0.001,489.04999999999995,584.442,8570099,8538068,8353420,371720,1009760,64,68,141060,d64_20261005_201429
"ESP32-S3 N16R8 (QFN56 rev v0.2, 16MB flash, 8MB octal PSRAM)",240,Task-AE,64,25,95.392,489.02,0.029,0.001,489.04999999999995,584.442,8570099,8538068,8353420,371720,1009760,64,68,141060,d64_20261005_201429
"ESP32-S3 N16R8 (QFN56 rev v0.2, 16MB flash, 8MB octal PSRAM)",240,Task-AE,64,26,95.392,489.022,0.031,0.001,489.054,584.4459999999999,8570099,8538068,8353420,371720,1009760,64,68,141060,d64_20261005_201429
"ESP32-S3 N16R8 (QFN56 rev v0.2, 16MB flash, 8MB octal PSRAM)",240,Task-AE,64,27,95.392,489.02,0.029,0.001,489.04999999999995,584.442,8570099,8538068,8353420,371720,1009760,64,68,141060,d64_20261005_201429
"ESP32-S3 N16R8 (QFN56 rev v0.2, 16MB flash, 8MB octal PSRAM)",240,Task-AE,64,28,95.392,489.02,0.029,0.001,489.04999999999995,584.442,8570099,8538068,8353420,371720,1009760,64,68,141060,d64_20261005_201429
"ESP32-S3 N16R8 (QFN56 rev v0.2, 16MB flash, 8MB octal PSRAM)",240,Task-AE,64,29,95.392,489.022,0.031,0.001,489.054,584.4459999999999,8570099,8538068,8353420,371720,1009760,64,68,141060,d64_20261005_201429
"ESP32-S3 N16R8 (QFN56 rev v0.2, 16MB flash, 8MB octal PSRAM)",240,Task-AE,64,30,95.392,489.02,0.029,0.001,489.04999999999995,584.442,8570099,8538068,8353420,371720,1009760,64,68,141060,d64_20261005_201429
"ESP32-S3 N16R8 (QFN56 rev v0.2, 16MB flash, 8MB octal PSRAM)",240,Task-AE,64,31,95.392,489.02,0.029,0.001,489.04999999999995,584.442,8570099,8538068,8353420,371720,1009760,64,68,141060,d64_20261005_201429
"ESP32-S3 N16R8 (QFN56 rev v0.2, 16MB flash, 8MB octal PSRAM)",240,Task-AE,64,32,95.392,489.022,0.031,0.001,489.054,584.4459999999999,8570099,8538068,8353420,371720,1009760,64,68,141060,d64_20261005_201429
"ESP32-S3 N16R8 (QFN56 rev v0.2, 16MB flash, 8MB octal PSRAM)",240,Task-AE,64,33,95.392,489.02,0.029,0.001,489.04999999999995,584.442,8570099,8538068,8353420,371720,1009760,64,68,141060,d64_20261005_201429
"ESP32-S3 N16R8 (QFN56 rev v0.2, 16MB flash, 8MB octal PSRAM)",240,Task-AE,64,34,95.392,489.02,0.029,0.001,489.04999999999995,584.442,8570099,8538068,8353420,371720,1009760,64,68,141060,d64_20261005_201429
"ESP32-S3 N16R8 (QFN56 rev v0.2, 16MB flash, 8MB octal PSRAM)",240,Task-AE,64,35,95.392,489.022,0.031,0.001,489.054,584.4459999999999,8570099,8538068,8353420,371720,1009760,64,68,141060,d64_20261005_201429
"ESP32-S3 N16R8 (QFN56 rev v0.2, 16MB flash, 8MB octal PSRAM)",240,Task-AE,64,36,95.392,489.02,0.029,0.001,489.04999999999995,584.442,8570099,8538068,8353420,371720,1009760,64,68,141060,d64_20261005_201429
"ESP32-S3 N16R8 (QFN56 rev v0.2, 16MB flash, 8MB octal PSRAM)",240,Task-AE,64,37,95.392,489.02,0.029,0.001,489.04999999999995,584.442,8570099,8538068,8353420,371720,1009760,64,68,141060,d64_20261005_201429
"ESP32-S3 N16R8 (QFN56 rev v0.2, 16MB flash, 8MB octal PSRAM)",240,Task-AE,64,38,95.392,489.022,0.031,0.001,489.054,584.4459999999999,8570099,8538068,8353420,371720,1009760,64,68,141060,d64_20261005_201429
"ESP32-S3 N16R8 (QFN56 rev v0.2, 16MB flash, 8MB octal PSRAM)",240,Task-AE,64,39,95.394,489.021,0.028,0.002,489.05100000000004,584.445,8570099,8538068,8353420,371720,1009760,64,68,141060,d64_20261005_201429
"ESP32-S3 N16R8 (QFN56 rev v0.2, 16MB flash, 8MB octal PSRAM)",240,Task-AE,64,40,95.392,489.02,0.029,0.001,489.04999999999995,584.442,8570099,8538068,8353420,371720,1009760,64,68,141060,d64_20261005_201429
"ESP32-S3 N16R8 (QFN56 rev v0.2, 16MB flash, 8MB octal PSRAM)",240,Task-AE,64,41,95.392,489.022,0.031,0.001,489.054,584.4459999999999,8570099,8538068,8353420,371720,1009760,64,68,141060,d64_20261005_201429
"ESP32-S3 N16R8 (QFN56 rev v0.2, 16MB flash, 8MB octal PSRAM)",240,Task-AE,64,42,95.392,489.02,0.029,0.001,489.04999999999995,584.442,8570099,8538068,8353420,371720,1009760,64,68,141060,d64_20261005_201429
"ESP32-S3 N16R8 (QFN56 rev v0.2, 16MB flash, 8MB octal PSRAM)",240,Task-AE,64,43,95.392,489.02,0.029,0.001,489.04999999999995,584.442,8570099,8538068,8353420,371720,1009760,64,68,141060,d64_20261005_201429
"ESP32-S3 N16R8 (QFN56 rev v0.2, 16MB flash, 8MB octal PSRAM)",240,Task-AE,64,44,95.392,489.022,0.031,0.001,489.054,584.4459999999999,8570099,8538068,8353420,371720,1009760,64,68,141060,d64_20261005_201429
"ESP32-S3 N16R8 (QFN56 rev v0.2, 16MB flash, 8MB octal PSRAM)",240,Task-AE,64,45,95.392,489.02,0.029,0.001,489.04999999999995,584.442,8570099,8538068,8353420,371720,1009760,64,68,141060,d64_20261005_201429
"ESP32-S3 N16R8 (QFN56 rev v0.2, 16MB flash, 8MB octal PSRAM)",240,Task-AE,64,46,95.392,489.02,0.029,0.001,489.04999999999995,584.442,8570099,8538068,8353420,371720,1009760,64,68,141060,d64_20261005_201429
"ESP32-S3 N16R8 (QFN56 rev v0.2, 16MB flash, 8MB octal PSRAM)",240,Task-AE,64,47,95.392,489.022,0.031,0.001,489.054,584.4459999999999,8570099,8538068,8353420,371720,1009760,64,68,141060,d64_20261005_201429
"ESP32-S3 N16R8 (QFN56 rev v0.2, 16MB flash, 8MB octal PSRAM)",240,Task-AE,64,48,95.392,489.02,0.029,0.001,489.04999999999995,584.442,8570099,8538068,8353420,371720,1009760,64,68,141060,d64_20261005_201429
"ESP32-S3 N16R8 (QFN56 rev v0.2, 16MB flash, 8MB octal PSRAM)",240,Task-AE,64,49,95.392,489.02,0.029,0.001,489.04999999999995,584.442,8570099,8538068,8353420,371720,1009760,64,68,141060,d64_20261005_201429
"ESP32-S3 N16R8 (QFN56 rev v0.2, 16MB flash, 8MB octal PSRAM)",240,Task-AE,64,50,95.392,489.022,0.031,0.001,489.054,584.4459999999999,8570099,8538068,8353420,371720,1009760,64,68,141060,d64_20261005_201429
"ESP32-S3 N16R8 (QFN56 rev v0.2, 16MB flash, 8MB octal PSRAM)",240,Task-AE,64,51,95.392,489.02,0.029,0.001,489.04999999999995,584.442,8570099,8538068,8353420,371720,1009760,64,68,141060,d64_20261005_201429
"ESP32-S3 N16R8 (QFN56 rev v0.2, 16MB flash, 8MB octal PSRAM)",240,Task-AE,64,52,95.392,489.02,0.029,0.001,489.04999999999995,584.442,8570099,8538068,8353420,371720,1009760,64,68,141060,d64_20261005_201429
"ESP32-S3 N16R8 (QFN56 rev v0.2, 16MB flash, 8MB octal PSRAM)",240,Task-AE,64,53,95.392,489.022,0.031,0.001,489.054,584.4459999999999,8570099,8538068,8353420,371720,1009760,64,68,141060,d64_20261005_201429
"ESP32-S3 N16R8 (QFN56 rev v0.2, 16MB flash, 8MB octal PSRAM)",240,Task-AE,64,54,95.392,489.02,0.029,0.001,489.04999999999995,584.442,8570099,8538068,8353420,371720,1009760,64,68,141060,d64_20261005_201429
"ESP32-S3 N16R8 (QFN56 rev v0.2, 16MB flash, 8MB octal PSRAM)",240,Task-AE,64,55,95.392,489.02,0.029,0.001,489.04999999999995,584.442,8570099,8538068,8353420,371720,1009760,64,68,141060,d64_20261005_201429
"ESP32-S3 N16R8 (QFN56 rev v0.2, 16MB flash, 8MB octal PSRAM)",240,Task-AE,64,56,95.392,489.022,0.031,0.001,489.054,584.4459999999999,8570099,8538068,8353420,371720,1009760,64,68,141060,d64_20261005_201429
"ESP32-S3 N16R8 (QFN56 rev v0.2, 16MB flash, 8MB octal PSRAM)",240,Task-AE,64,57,95.392,489.02,0.029,0.001,489.04999999999995,584.442,8570099,8538068,8353420,371720,1009760,64,68,141060,d64_20261005_201429
"ESP32-S3 N16R8 (QFN56 rev v0.2, 16MB flash, 8MB octal PSRAM)",240,Task-AE,64,58,95.392,489.02,0.029,0.001,489.04999999999995,584.442,8570099,8538068,8353420,371720,1009760,64,68,141060,d64_20261005_201429
"ESP32-S3 N16R8 (QFN56 rev v0.2, 16MB flash, 8MB octal PSRAM)",240,Task-AE,64,59,95.392,489.022,0.031,0.001,489.054,584.4459999999999,8570099,8538068,8353420,371720,1009760,64,68,141060,d64_20261005_201429
"ESP32-S3 N16R8 (QFN56 rev v0.2, 16MB flash, 8MB octal PSRAM)",240,Task-AE,64,60,95.392,489.02,0.029,0.001,489.04999999999995,584.442,8570099,8538068,8353420,371720,1009760,64,68,141060,d64_20261005_201429
"ESP32-S3 N16R8 (QFN56 rev v0.2, 16MB flash, 8MB octal PSRAM)",240,Task-AE,64,61,95.392,489.02,0.029,0.001,489.04999999999995,584.442,8570099,8538068,8353420,371720,1009760,64,68,141060,d64_20261005_201429
"ESP32-S3 N16R8 (QFN56 rev v0.2, 16MB flash, 8MB octal PSRAM)",240,Task-AE,64,62,95.392,489.022,0.031,0.001,489.054,584.4459999999999,8570099,8538068,8353420,371720,1009760,64,68,141060,d64_20261005_201429
"ESP32-S3 N16R8 (QFN56 rev v0.2, 16MB flash, 8MB octal PSRAM)",240,Task-AE,64,63,95.392,489.02,0.029,0.001,489.04999999999995,584.442,8570099,8538068,8353420,371720,1009760,64,68,141060,d64_20261005_201429
"ESP32-S3 N16R8 (QFN56 rev v0.2, 16MB flash, 8MB octal PSRAM)",240,Task-AE,64,64,95.392,489.02,0.029,0.001,489.04999999999995,584.442,8570099,8538068,8353420,371720,1009760,64,68,141060,d64_20261005_201429
"ESP32-S3 N16R8 (QFN56 rev v0.2, 16MB flash, 8MB octal PSRAM)",240,Task-AE,64,65,95.392,489.022,0.031,0.001,489.054,584.4459999999999,8570099,8538068,8353420,371720,1009760,64,68,141060,d64_20261005_201429
"ESP32-S3 N16R8 (QFN56 rev v0.2, 16MB flash, 8MB octal PSRAM)",240,Task-AE,64,66,95.392,489.02,0.029,0.001,489.04999999999995,584.442,8570099,8538068,8353420,371720,1009760,64,68,141060,d64_20261005_201429
"ESP32-S3 N16R8 (QFN56 rev v0.2, 16MB flash, 8MB octal PSRAM)",240,Task-AE,64,67,95.392,489.02,0.029,0.001,489.04999999999995,584.442,8570099,8538068,8353420,371720,1009760,64,68,141060,d64_20261005_201429
"ESP32-S3 N16R8 (QFN56 rev v0.2, 16MB flash, 8MB octal PSRAM)",240,Task-AE,64,68,95.392,489.022,0.031,0.001,489.054,584.4459999999999,8570099,8538068,8353420,371720,1009760,64,68,141060,d64_20261005_201429
"ESP32-S3 N16R8 (QFN56 rev v0.2, 16MB flash, 8MB octal PSRAM)",240,Task-AE,64,69,95.392,489.02,0.029,0.001,489.04999999999995,584.442,8570099,8538068,8353420,371720,1009760,64,68,141060,d64_20261005_201429
"ESP32-S3 N16R8 (QFN56 rev v0.2, 16MB flash, 8MB octal PSRAM)",240,Task-AE,64,70,95.392,489.02,0.029,0.001,489.04999999999995,584.442,8570099,8538068,8353420,371720,1009760,64,68,141060,d64_20261005_201429
"ESP32-S3 N16R8 (QFN56 rev v0.2, 16MB flash, 8MB octal PSRAM)",240,Task-AE,64,71,95.392,489.022,0.031,0.001,489.054,584.4459999999999,8570099,8538068,8353420,371720,1009760,64,68,141060,d64_20261005_201429
"ESP32-S3 N16R8 (QFN56 rev v0.2, 16MB flash, 8MB octal PSRAM)",240,Task-AE,64,72,95.392,489.02,0.029,0.001,489.04999999999995,584.442,8570099,8538068,8353420,371720,1009760,64,68,141060,d64_20261005_201429
"ESP32-S3 N16R8 (QFN56 rev v0.2, 16MB flash, 8MB octal PSRAM)",240,Task-AE,64,73,95.392,489.02,0.029,0.001,489.04999999999995,584.442,8570099,8538068,8353420,371720,1009760,64,68,141060,d64_20261005_201429
"ESP32-S3 N16R8 (QFN56 rev v0.2, 16MB flash, 8MB octal PSRAM)",240,Task-AE,64,74,95.392,489.022,0.031,0.001,489.054,584.4459999999999,8570099,8538068,8353420,371720,1009760,64,68,141060,d64_20261005_201429
"ESP32-S3 N16R8 (QFN56 rev v0.2, 16MB flash, 8MB octal PSRAM)",240,Task-AE,64,75,95.392,489.02,0.029,0.001,489.04999999999995,584.442,8570099,8538068,8353420,371720,1009760,64,68,141060,d64_20261005_201429
"ESP32-S3 N16R8 (QFN56 rev v0.2, 16MB flash, 8MB octal PSRAM)",240,Task-AE,64,76,95.392,489.02,0.029,0.001,489.04999999999995,584.442,8570099,8538068,8353420,371720,1009760,64,68,141060,d64_20261005_201429
"ESP32-S3 N16R8 (QFN56 rev v0.2, 16MB flash, 8MB octal PSRAM)",240,Task-AE,64,77,95.392,489.022,0.031,0.001,489.054,584.4459999999999,8570099,8538068,8353420,371720,1009760,64,68,141060,d64_20261005_201429
"ESP32-S3 N16R8 (QFN56 rev v0.2, 16MB flash, 8MB octal PSRAM)",240,Task-AE,64,78,95.392,489.02,0.029,0.001,489.04999999999995,584.442,8570099,8538068,8353420,371720,1009760,64,68,141060,d64_20261005_201429
"ESP32-S3 N16R8 (QFN56 rev v0.2, 16MB flash, 8MB octal PSRAM)",240,Task-AE,64,79,95.392,489.02,0.029,0.001,489.04999999999995,584.442,8570099,8538068,8353420,371720,1009760,64,68,141060,d64_20261005_201429
"ESP32-S3 N16R8 (QFN56 rev v0.2, 16MB flash, 8MB octal PSRAM)",240,Task-AE,64,80,95.392,489.022,0.031,0.001,489.054,584.4459999999999,8570099,8538068,8353420,371720,1009760,64,68,141060,d64_20261005_201429
"ESP32-S3 N16R8 (QFN56 rev v0.2, 16MB flash, 8MB octal PSRAM)",240,Task-AE,64,81,95.392,489.02,0.029,0.001,489.04999999999995,584.442,8570099,8538068,8353420,371720,1009760,64,68,141060,d64_20261005_201429
"ESP32-S3 N16R8 (QFN56 rev v0.2, 16MB flash, 8MB octal PSRAM)",240,Task-AE,64,82,95.392,489.02,0.029,0.001,489.04999999999995,584.442,8570099,8538068,8353420,371720,1009760,64,68,141060,d64_20261005_201429
"ESP32-S3 N16R8 (QFN56 rev v0.2, 16MB flash, 8MB octal PSRAM)",240,Task-AE,64,83,95.392,489.022,0.031,0.001,489.054,584.4459999999999,8570099,8538068,8353420,371720,1009760,64,68,141060,d64_20261005_201429
"ESP32-S3 N16R8 (QFN56 rev v0.2, 16MB flash, 8MB octal PSRAM)",240,Task-AE,64,84,95.392,489.02,0.029,0.001,489.04999999999995,584.442,8570099,8538068,8353420,371720,1009760,64,68,141060,d64_20261005_201429
"ESP32-S3 N16R8 (QFN56 rev v0.2, 16MB flash, 8MB octal PSRAM)",240,Task-AE,64,85,95.392,489.02,0.029,0.001,489.04999999999995,584.442,8570099,8538068,8353420,371720,1009760,64,68,141060,d64_20261005_201429
"ESP32-S3 N16R8 (QFN56 rev v0.2, 16MB flash, 8MB octal PSRAM)",240,Task-AE,64,86,95.392,489.022,0.031,0.001,489.054,584.4459999999999,8570099,8538068,8353420,371720,1009760,64,68,141060,d64_20261005_201429
"ESP32-S3 N16R8 (QFN56 rev v0.2, 16MB flash, 8MB octal PSRAM)",240,Task-AE,64,87,95.392,489.02,0.029,0.001,489.04999999999995,584.442,8570099,8538068,8353420,371720,1009760,64,68,141060,d64_20261005_201429
"ESP32-S3 N16R8 (QFN56 rev v0.2, 16MB flash, 8MB octal PSRAM)",240,Task-AE,64,88,95.392,489.02,0.029,0.001,489.04999999999995,584.442,8570099,8538068,8353420,371720,1009760,64,68,141060,d64_20261005_201429
"ESP32-S3 N16R8 (QFN56 rev v0.2, 16MB flash, 8MB octal PSRAM)",240,Task-AE,64,89,95.392,489.022,0.031,0.001,489.054,584.4459999999999,8570099,8538068,8353420,371720,1009760,64,68,141060,d64_20261005_201429
"ESP32-S3 N16R8 (QFN56 rev v0.2, 16MB flash, 8MB octal PSRAM)",240,Task-AE,64,90,95.392,489.02,0.029,0.001,489.04999999999995,584.442,8570099,8538068,8353420,371720,1009760,64,68,141060,d64_20261005_201429
"ESP32-S3 N16R8 (QFN56 rev v0.2, 16MB flash, 8MB octal PSRAM)",240,Task-AE,64,91,95.392,489.02,0.029,0.001,489.04999999999995,584.442,8570099,8538068,8353420,371720,1009760,64,68,141060,d64_20261005_201429
"ESP32-S3 N16R8 (QFN56 rev v0.2, 16MB flash, 8MB octal PSRAM)",240,Task-AE,64,92,95.392,489.022,0.031,0.001,489.054,584.4459999999999,8570099,8538068,8353420,371720,1009760,64,68,141060,d64_20261005_201429
"ESP32-S3 N16R8 (QFN56 rev v0.2, 16MB flash, 8MB octal PSRAM)",240,Task-AE,64,93,95.392,489.02,0.029,0.001,489.04999999999995,584.442,8570099,8538068,8353420,371720,1009760,64,68,141060,d64_20261005_201429
"ESP32-S3 N16R8 (QFN56 rev v0.2, 16MB flash, 8MB octal PSRAM)",240,Task-AE,64,94,95.392,489.02,0.029,0.001,489.04999999999995,584.442,8570099,8538068,8353420,371720,1009760,64,68,141060,d64_20261005_201429
"ESP32-S3 N16R8 (QFN56 rev v0.2, 16MB flash, 8MB octal PSRAM)",240,Task-AE,64,95,95.392,489.022,0.031,0.001,489.054,584.4459999999999,8570099,8538068,8353420,371720,1009760,64,68,141060,d64_20261005_201429
"ESP32-S3 N16R8 (QFN56 rev v0.2, 16MB flash, 8MB octal PSRAM)",240,Task-AE,64,96,95.392,489.02,0.029,0.001,489.04999999999995,584.442,8570099,8538068,8353420,371720,1009760,64,68,141060,d64_20261005_201429
"ESP32-S3 N16R8 (QFN56 rev v0.2, 16MB flash, 8MB octal PSRAM)",240,Task-AE,64,97,95.392,489.02,0.029,0.001,489.04999999999995,584.442,8570099,8538068,8353420,371720,1009760,64,68,141060,d64_20261005_201429
"ESP32-S3 N16R8 (QFN56 rev v0.2, 16MB flash, 8MB octal PSRAM)",240,Task-AE,64,98,95.392,489.022,0.031,0.001,489.054,584.4459999999999,8570099,8538068,8353420,371720,1009760,64,68,141060,d64_20261005_201429
"ESP32-S3 N16R8 (QFN56 rev v0.2, 16MB flash, 8MB octal PSRAM)",240,Task-AE,64,99,95.392,489.02,0.029,0.001,489.04999999999995,584.442,8570099,8538068,8353420,371720,1009760,64,68,141060,d64_20261005_201429
"ESP32-S3 N16R8 (QFN56 rev v0.2, 16MB flash, 8MB octal PSRAM)",240,Task-AE,64,100,95.392,489.02,0.029,0.001,489.04999999999995,584.442,8570099,8538068,8353420,371720,1009760,64,68,141060,d64_20261005_201429
"ESP32-S3 N16R8 (QFN56 rev v0.2, 16MB flash, 8MB octal PSRAM)",240,Task-AE,64,101,95.392,489.022,0.031,0.001,489.054,584.4459999999999,8570099,8538068,8353420,371720,1009760,64,68,141060,d64_20261005_201429
"ESP32-S3 N16R8 (QFN56 rev v0.2, 16MB flash, 8MB octal PSRAM)",240,Task-AE,64,102,95.392,489.02,0.029,0.001,489.04999999999995,584.442,8570099,8538068,8353420,371720,1009760,64,68,141060,d64_20261005_201429
"ESP32-S3 N16R8 (QFN56 rev v0.2, 16MB flash, 8MB octal PSRAM)",240,Task-AE,64,103,95.392,489.02,0.029,0.001,489.04999999999995,584.442,8570099,8538068,8353420,371720,1009760,64,68,141060,d64_20261005_201429
"ESP32-S3 N16R8 (QFN56 rev v0.2, 16MB flash, 8MB octal PSRAM)",240,Task-AE,64,104,95.392,489.022,0.031,0.001,489.054,584.4459999999999,8570099,8538068,8353420,371720,1009760,64,68,141060,d64_20261005_201429
"ESP32-S3 N16R8 (QFN56 rev v0.2, 16MB flash, 8MB octal PSRAM)",240,Task-AE,64,105,95.392,489.02,0.029,0.001,489.04999999999995,584.442,8570099,8538068,8353420,371720,1009760,64,68,141060,d64_20261005_201429
"ESP32-S3 N16R8 (QFN56 rev v0.2, 16MB flash, 8MB octal PSRAM)",240,Task-AE,64,106,95.392,489.02,0.029,0.001,489.04999999999995,584.442,8570099,8538068,8353420,371720,1009760,64,68,141060,d64_20261005_201429
"ESP32-S3 N16R8 (QFN56 rev v0.2, 16MB flash, 8MB octal PSRAM)",240,Task-AE,64,107,95.392,489.022,0.031,0.001,489.054,584.4459999999999,8570099,8538068,8353420,371720,1009760,64,68,141060,d64_20261005_201429
"ESP32-S3 N16R8 (QFN56 rev v0.2, 16MB flash, 8MB octal PSRAM)",240,Task-AE,64,108,95.392,489.02,0.029,0.001,489.04999999999995,584.442,8570099,8538068,8353420,371720,1009760,64,68,141060,d64_20261005_201429
"ESP32-S3 N16R8 (QFN56 rev v0.2, 16MB flash, 8MB octal PSRAM)",240,Task-AE,64,109,95.392,489.02,0.029,0.001,489.04999999999995,584.442,8570099,8538068,8353420,371720,1009760,64,68,141060,d64_20261005_201429
"ESP32-S3 N16R8 (QFN56 rev v0.2, 16MB flash, 8MB octal PSRAM)",240,Task-AE,64,110,95.392,489.022,0.031,0.001,489.054,584.4459999999999,8570099,8538068,8353420,371720,1009760,64,68,141060,d64_20261005_201429
"ESP32-S3 N16R8 (QFN56 rev v0.2, 16MB flash, 8MB octal PSRAM)",240,Task-AE,64,111,95.392,489.02,0.029,0.001,489.04999999999995,584.442,8570099,8538068,8353420,371720,1009760,64,68,141060,d64_20261005_201429
"ESP32-S3 N16R8 (QFN56 rev v0.2, 16MB flash, 8MB octal PSRAM)",240,Task-AE,64,112,95.392,489.02,0.029,0.001,489.04999999999995,584.442,8570099,8538068,8353420,371720,1009760,64,68,141060,d64_20261005_201429
"ESP32-S3 N16R8 (QFN56 rev v0.2, 16MB flash, 8MB octal PSRAM)",240,Task-AE,64,113,95.392,489.022,0.031,0.001,489.054,584.4459999999999,8570099,8538068,8353420,371720,1009760,64,68,141060,d64_20261005_201429
"ESP32-S3 N16R8 (QFN56 rev v0.2, 16MB flash, 8MB octal PSRAM)",240,Task-AE,64,114,95.392,489.02,0.029,0.001,489.04999999999995,584.442,8570099,8538068,8353420,371720,1009760,64,68,141060,d64_20261005_201429
"ESP32-S3 N16R8 (QFN56 rev v0.2, 16MB flash, 8MB octal PSRAM)",240,Task-AE,64,115,95.392,489.02,0.029,0.001,489.04999999999995,584.442,8570099,8538068,8353420,371720,1009760,64,68,141060,d64_20261005_201429
"ESP32-S3 N16R8 (QFN56 rev v0.2, 16MB flash, 8MB octal PSRAM)",240,Task-AE,64,116,95.392,489.022,0.031,0.001,489.054,584.4459999999999,8570099,8538068,8353420,371720,1009760,64,68,141060,d64_20261005_201429
"ESP32-S3 N16R8 (QFN56 rev v0.2, 16MB flash, 8MB octal PSRAM)",240,Task-AE,64,117,95.392,489.02,0.029,0.001,489.04999999999995,584.442,8570099,8538068,8353420,371720,1009760,64,68,141060,d64_20261005_201429
"ESP32-S3 N16R8 (QFN56 rev v0.2, 16MB flash, 8MB octal PSRAM)",240,Task-AE,64,118,95.392,489.02,0.029,0.001,489.04999999999995,584.442,8570099,8538068,8353420,371720,1009760,64,68,141060,d64_20261005_201429
"ESP32-S3 N16R8 (QFN56 rev v0.2, 16MB flash, 8MB octal PSRAM)",240,Task-AE,64,119,95.392,489.022,0.031,0.001,489.054,584.4459999999999,8570099,8538068,8353420,371720,1009760,64,68,141060,d64_20261005_201429
"ESP32-S3 N16R8 (QFN56 rev v0.2, 16MB flash, 8MB octal PSRAM)",240,Task-AE,64,120,95.392,489.02,0.029,0.001,489.04999999999995,584.442,8570099,8538068,8353420,371720,1009760,64,68,141060,d64_20261005_201429
"ESP32-S3 N16R8 (QFN56 rev v0.2, 16MB flash, 8MB octal PSRAM)",240,Task-AE,64,121,95.392,489.02,0.029,0.001,489.04999999999995,584.442,8570099,8538068,8353420,371720,1009760,64,68,141060,d64_20261005_201429
"ESP32-S3 N16R8 (QFN56 rev v0.2, 16MB flash, 8MB octal PSRAM)",240,Task-AE,64,122,95.392,489.022,0.031,0.001,489.054,584.4459999999999,8570099,8538068,8353420,371720,1009760,64,68,141060,d64_20261005_201429
"ESP32-S3 N16R8 (QFN56 rev v0.2, 16MB flash, 8MB octal PSRAM)",240,Task-AE,64,123,95.392,489.02,0.029,0.001,489.04999999999995,584.442,8570099,8538068,8353420,371720,1009760,64,68,141060,d64_20261005_201429
"ESP32-S3 N16R8 (QFN56 rev v0.2, 16MB flash, 8MB octal PSRAM)",240,Task-AE,64,124,95.392,489.02,0.029,0.001,489.04999999999995,584.442,8570099,8538068,8353420,371720,1009760,64,68,141060,d64_20261005_201429
"ESP32-S3 N16R8 (QFN56 rev v0.2, 16MB flash, 8MB octal PSRAM)",240,Task-AE,64,125,95.392,489.022,0.031,0.001,489.054,584.4459999999999,8570099,8538068,8353420,371720,1009760,64,68,141060,d64_20261005_201429
"ESP32-S3 N16R8 (QFN56 rev v0.2, 16MB flash, 8MB octal PSRAM)",240,Task-AE,64,126,95.392,489.02,0.029,0.001,489.04999999999995,584.442,8570099,8538068,8353420,371720,1009760,64,68,141060,d64_20261005_201429
"ESP32-S3 N16R8 (QFN56 rev v0.2, 16MB flash, 8MB octal PSRAM)",240,Task-AE,64,127,95.392,489.02,0.029,0.001,489.04999999999995,584.442,8570099,8538068,8353420,371720,1009760,64,68,141060,d64_20261005_201429
"ESP32-S3 N16R8 (QFN56 rev v0.2, 16MB flash, 8MB octal PSRAM)",240,Task-AE,64,128,95.392,489.022,0.031,0.001,489.054,584.4459999999999,8570099,8538068,8353420,371720,1009760,64,68,141060,d64_20261005_201429
"ESP32-S3 N16R8 (QFN56 rev v0.2, 16MB flash, 8MB octal PSRAM)",240,Task-AE,64,129,95.392,489.02,0.029,0.001,489.04999999999995,584.442,8570099,8538068,8353420,371720,1009760,64,68,141060,d64_20261005_201429
"ESP32-S3 N16R8 (QFN56 rev v0.2, 16MB flash, 8MB octal PSRAM)",240,Task-AE,64,130,95.392,489.02,0.029,0.001,489.04999999999995,584.442,8570099,8538068,8353420,371720,1009760,64,68,141060,d64_20261005_201429
"ESP32-S3 N16R8 (QFN56 rev v0.2, 16MB flash, 8MB octal PSRAM)",240,Task-AE,64,131,95.392,489.022,0.031,0.001,489.054,584.4459999999999,8570099,8538068,8353420,371720,1009760,64,68,141060,d64_20261005_201429
"ESP32-S3 N16R8 (QFN56 rev v0.2, 16MB flash, 8MB octal PSRAM)",240,Task-AE,64,132,95.392,489.02,0.029,0.001,489.04999999999995,584.442,8570099,8538068,8353420,371720,1009760,64,68,141060,d64_20261005_201429
"ESP32-S3 N16R8 (QFN56 rev v0.2, 16MB flash, 8MB octal PSRAM)",240,Task-AE,64,133,95.392,489.02,0.029,0.001,489.04999999999995,584.442,8570099,8538068,8353420,371720,1009760,64,68,141060,d64_20261005_201429
"ESP32-S3 N16R8 (QFN56 rev v0.2, 16MB flash, 8MB octal PSRAM)",240,Task-AE,64,134,95.392,489.022,0.031,0.001,489.054,584.4459999999999,8570099,8538068,8353420,371720,1009760,64,68,141060,d64_20261005_201429
"ESP32-S3 N16R8 (QFN56 rev v0.2, 16MB flash, 8MB octal PSRAM)",240,Task-AE,64,135,95.392,489.02,0.029,0.001,489.04999999999995,584.442,8570099,8538068,8353420,371720,1009760,64,68,141060,d64_20261005_201429
"ESP32-S3 N16R8 (QFN56 rev v0.2, 16MB flash, 8MB octal PSRAM)",240,Task-AE,64,136,95.392,489.02,0.029,0.001,489.04999999999995,584.442,8570099,8538068,8353420,371720,1009760,64,68,141060,d64_20261005_201429
"ESP32-S3 N16R8 (QFN56 rev v0.2, 16MB flash, 8MB octal PSRAM)",240,Task-AE,64,137,95.392,489.022,0.031,0.001,489.054,584.4459999999999,8570099,8538068,8353420,371720,1009760,64,68,141060,d64_20261005_201429
"ESP32-S3 N16R8 (QFN56 rev v0.2, 16MB flash, 8MB octal PSRAM)",240,Task-AE,64,138,95.392,489.02,0.029,0.001,489.04999999999995,584.442,8570099,8538068,8353420,371720,1009760,64,68,141060,d64_20261005_201429
"ESP32-S3 N16R8 (QFN56 rev v0.2, 16MB flash, 8MB octal PSRAM)",240,Task-AE,64,139,95.392,489.02,0.029,0.001,489.04999999999995,584.442,8570099,8538068,8353420,371720,1009760,64,68,141060,d64_20261005_201429
"ESP32-S3 N16R8 (QFN56 rev v0.2, 16MB flash, 8MB octal PSRAM)",240,Task-AE,64,140,95.392,489.022,0.031,0.001,489.054,584.4459999999999,8570099,8538068,8353420,371720,1009760,64,68,141060,d64_20261005_201429
"ESP32-S3 N16R8 (QFN56 rev v0.2, 16MB flash, 8MB octal PSRAM)",240,Task-AE,64,141,95.392,489.02,0.029,0.001,489.04999999999995,584.442,8570099,8538068,8353420,371720,1009760,64,68,141060,d64_20261005_201429
"ESP32-S3 N16R8 (QFN56 rev v0.2, 16MB flash, 8MB octal PSRAM)",240,Task-AE,64,142,95.392,489.02,0.029,0.001,489.04999999999995,584.442,8570099,8538068,8353420,371720,1009760,64,68,141060,d64_20261005_201429
"ESP32-S3 N16R8 (QFN56 rev v0.2, 16MB flash, 8MB octal PSRAM)",240,Task-AE,64,143,95.392,489.022,0.031,0.001,489.054,584.4459999999999,8570099,8538068,8353420,371720,1009760,64,68,141060,d64_20261005_201429
"ESP32-S3 N16R8 (QFN56 rev v0.2, 16MB flash, 8MB octal PSRAM)",240,Task-AE,64,144,95.392,489.02,0.029,0.001,489.04999999999995,584.442,8570099,8538068,8353420,371720,1009760,64,68,141060,d64_20261005_201429
"ESP32-S3 N16R8 (QFN56 rev v0.2, 16MB flash, 8MB octal PSRAM)",240,Task-AE,64,145,95.392,489.02,0.029,0.001,489.04999999999995,584.442,8570099,8538068,8353420,371720,1009760,64,68,141060,d64_20261005_201429
"ESP32-S3 N16R8 (QFN56 rev v0.2, 16MB flash, 8MB octal PSRAM)",240,Task-AE,64,146,95.392,489.022,0.031,0.001,489.054,584.4459999999999,8570099,8538068,8353420,371720,1009760,64,68,141060,d64_20261005_201429
"ESP32-S3 N16R8 (QFN56 rev v0.2, 16MB flash, 8MB octal PSRAM)",240,Task-AE,64,147,95.392,489.02,0.029,0.001,489.04999999999995,584.442,8570099,8538068,8353420,371720,1009760,64,68,141060,d64_20261005_201429
"ESP32-S3 N16R8 (QFN56 rev v0.2, 16MB flash, 8MB octal PSRAM)",240,Task-AE,64,148,95.392,489.02,0.029,0.001,489.04999999999995,584.442,8570099,8538068,8353420,371720,1009760,64,68,141060,d64_20261005_201429
"ESP32-S3 N16R8 (QFN56 rev v0.2, 16MB flash, 8MB octal PSRAM)",240,Task-AE,64,149,95.394,489.023,0.03,0.002,489.055,584.4490000000001,8570099,8538068,8353420,371720,1009760,64,68,141060,d64_20261005_201429
"ESP32-S3 N16R8 (QFN56 rev v0.2, 16MB flash, 8MB octal PSRAM)",240,Task-AE,64,150,95.392,489.02,0.029,0.001,489.04999999999995,584.442,8570099,8538068,8353420,371720,1009760,64,68,141060,d64_20261005_201429
"ESP32-S3 N16R8 (QFN56 rev v0.2, 16MB flash, 8MB octal PSRAM)",240,Task-AE,64,151,95.392,489.02,0.029,0.001,489.04999999999995,584.442,8570099,8538068,8353420,371720,1009760,64,68,141060,d64_20261005_201429
"ESP32-S3 N16R8 (QFN56 rev v0.2, 16MB flash, 8MB octal PSRAM)",240,Task-AE,64,152,95.392,489.022,0.031,0.001,489.054,584.4459999999999,8570099,8538068,8353420,371720,1009760,64,68,141060,d64_20261005_201429
"ESP32-S3 N16R8 (QFN56 rev v0.2, 16MB flash, 8MB octal PSRAM)",240,Task-AE,64,153,95.392,489.02,0.029,0.001,489.04999999999995,584.442,8570099,8538068,8353420,371720,1009760,64,68,141060,d64_20261005_201429
"ESP32-S3 N16R8 (QFN56 rev v0.2, 16MB flash, 8MB octal PSRAM)",240,Task-AE,64,154,95.392,489.02,0.029,0.001,489.04999999999995,584.442,8570099,8538068,8353420,371720,1009760,64,68,141060,d64_20261005_201429
"ESP32-S3 N16R8 (QFN56 rev v0.2, 16MB flash, 8MB octal PSRAM)",240,Task-AE,64,155,95.392,489.022,0.031,0.001,489.054,584.4459999999999,8570099,8538068,8353420,371720,1009760,64,68,141060,d64_20261005_201429
"ESP32-S3 N16R8 (QFN56 rev v0.2, 16MB flash, 8MB octal PSRAM)",240,Task-AE,64,156,95.392,489.02,0.029,0.001,489.04999999999995,584.442,8570099,8538068,8353420,371720,1009760,64,68,141060,d64_20261005_201429
"ESP32-S3 N16R8 (QFN56 rev v0.2, 16MB flash, 8MB octal PSRAM)",240,Task-AE,64,157,95.392,489.02,0.029,0.001,489.04999999999995,584.442,8570099,8538068,8353420,371720,1009760,64,68,141060,d64_20261005_201429
"ESP32-S3 N16R8 (QFN56 rev v0.2, 16MB flash, 8MB octal PSRAM)",240,Task-AE,64,158,95.392,489.022,0.031,0.001,489.054,584.4459999999999,8570099,8538068,8353420,371720,1009760,64,68,141060,d64_20261005_201429
"ESP32-S3 N16R8 (QFN56 rev v0.2, 16MB flash, 8MB octal PSRAM)",240,Task-AE,64,159,95.392,489.02,0.029,0.001,489.04999999999995,584.442,8570099,8538068,8353420,371720,1009760,64,68,141060,d64_20261005_201429
"ESP32-S3 N16R8 (QFN56 rev v0.2, 16MB flash, 8MB octal PSRAM)",240,Task-AE,64,160,95.392,489.02,0.029,0.001,489.04999999999995,584.442,8570099,8538068,8353420,371720,1009760,64,68,141060,d64_20261005_201429
"ESP32-S3 N16R8 (QFN56 rev v0.2, 16MB flash, 8MB octal PSRAM)",240,Task-AE,64,161,95.392,489.022,0.031,0.001,489.054,584.4459999999999,8570099,8538068,8353420,371720,1009760,64,68,141060,d64_20261005_201429
"ESP32-S3 N16R8 (QFN56 rev v0.2, 16MB flash, 8MB octal PSRAM)",240,Task-AE,64,162,95.394,489.021,0.028,0.002,489.05100000000004,584.445,8570099,8538068,8353420,371720,1009760,64,68,141060,d64_20261005_201429
"ESP32-S3 N16R8 (QFN56 rev v0.2, 16MB flash, 8MB octal PSRAM)",240,Task-AE,64,163,95.392,489.02,0.029,0.001,489.04999999999995,584.442,8570099,8538068,8353420,371720,1009760,64,68,141060,d64_20261005_201429
"ESP32-S3 N16R8 (QFN56 rev v0.2, 16MB flash, 8MB octal PSRAM)",240,Task-AE,64,164,95.392,489.022,0.031,0.001,489.054,584.4459999999999,8570099,8538068,8353420,371720,1009760,64,68,141060,d64_20261005_201429
"ESP32-S3 N16R8 (QFN56 rev v0.2, 16MB flash, 8MB octal PSRAM)",240,Task-AE,64,165,95.392,489.02,0.029,0.001,489.04999999999995,584.442,8570099,8538068,8353420,371720,1009760,64,68,141060,d64_20261005_201429
"ESP32-S3 N16R8 (QFN56 rev v0.2, 16MB flash, 8MB octal PSRAM)",240,Task-AE,64,166,95.392,489.02,0.029,0.001,489.04999999999995,584.442,8570099,8538068,8353420,371720,1009760,64,68,141060,d64_20261005_201429
"ESP32-S3 N16R8 (QFN56 rev v0.2, 16MB flash, 8MB octal PSRAM)",240,Task-AE,64,167,95.392,489.022,0.031,0.001,489.054,584.4459999999999,8570099,8538068,8353420,371720,1009760,64,68,141060,d64_20261005_201429
"ESP32-S3 N16R8 (QFN56 rev v0.2, 16MB flash, 8MB octal PSRAM)",240,Task-AE,64,168,95.392,489.02,0.029,0.001,489.04999999999995,584.442,8570099,8538068,8353420,371720,1009760,64,68,141060,d64_20261005_201429
"ESP32-S3 N16R8 (QFN56 rev v0.2, 16MB flash, 8MB octal PSRAM)",240,Task-AE,64,169,95.392,489.02,0.029,0.001,489.04999999999995,584.442,8570099,8538068,8353420,371720,1009760,64,68,141060,d64_20261005_201429
"ESP32-S3 N16R8 (QFN56 rev v0.2, 16MB flash, 8MB octal PSRAM)",240,Task-AE,64,170,95.392,489.022,0.031,0.001,489.054,584.4459999999999,8570099,8538068,8353420,371720,1009760,64,68,141060,d64_20261005_201429
"ESP32-S3 N16R8 (QFN56 rev v0.2, 16MB flash, 8MB octal PSRAM)",240,Task-AE,64,171,95.392,489.02,0.029,0.001,489.04999999999995,584.442,8570099,8538068,8353420,371720,1009760,64,68,141060,d64_20261005_201429
"ESP32-S3 N16R8 (QFN56 rev v0.2, 16MB flash, 8MB octal PSRAM)",240,Task-AE,64,172,95.392,489.02,0.029,0.001,489.04999999999995,584.442,8570099,8538068,8353420,371720,1009760,64,68,141060,d64_20261005_201429
"ESP32-S3 N16R8 (QFN56 rev v0.2, 16MB flash, 8MB octal PSRAM)",240,Task-AE,64,173,95.392,489.022,0.031,0.001,489.054,584.4459999999999,8570099,8538068,8353420,371720,1009760,64,68,141060,d64_20261005_201429
"ESP32-S3 N16R8 (QFN56 rev v0.2, 16MB flash, 8MB octal PSRAM)",240,Task-AE,64,174,95.392,489.02,0.029,0.001,489.04999999999995,584.442,8570099,8538068,8353420,371720,1009760,64,68,141060,d64_20261005_201429
"ESP32-S3 N16R8 (QFN56 rev v0.2, 16MB flash, 8MB octal PSRAM)",240,Task-AE,64,175,95.392,489.02,0.029,0.001,489.04999999999995,584.442,8570099,8538068,8353420,371720,1009760,64,68,141060,d64_20261005_201429
"ESP32-S3 N16R8 (QFN56 rev v0.2, 16MB flash, 8MB octal PSRAM)",240,Task-AE,64,176,95.392,489.022,0.031,0.001,489.054,584.4459999999999,8570099,8538068,8353420,371720,1009760,64,68,141060,d64_20261005_201429
"ESP32-S3 N16R8 (QFN56 rev v0.2, 16MB flash, 8MB octal PSRAM)",240,Task-AE,64,177,95.392,489.02,0.029,0.001,489.04999999999995,584.442,8570099,8538068,8353420,371720,1009760,64,68,141060,d64_20261005_201429
"ESP32-S3 N16R8 (QFN56 rev v0.2, 16MB flash, 8MB octal PSRAM)",240,Task-AE,64,178,95.392,489.02,0.029,0.001,489.04999999999995,584.442,8570099,8538068,8353420,371720,1009760,64,68,141060,d64_20261005_201429
"ESP32-S3 N16R8 (QFN56 rev v0.2, 16MB flash, 8MB octal PSRAM)",240,Task-AE,64,179,95.392,489.022,0.031,0.001,489.054,584.4459999999999,8570099,8538068,8353420,371720,1009760,64,68,141060,d64_20261005_201429
"ESP32-S3 N16R8 (QFN56 rev v0.2, 16MB flash, 8MB octal PSRAM)",240,Task-AE,64,180,95.392,489.02,0.029,0.001,489.04999999999995,584.442,8570099,8538068,8353420,371720,1009760,64,68,141060,d64_20261005_201429
"ESP32-S3 N16R8 (QFN56 rev v0.2, 16MB flash, 8MB octal PSRAM)",240,Task-AE,64,181,95.392,489.02,0.029,0.001,489.04999999999995,584.442,8570099,8538068,8353420,371720,1009760,64,68,141060,d64_20261005_201429
"ESP32-S3 N16R8 (QFN56 rev v0.2, 16MB flash, 8MB octal PSRAM)",240,Task-AE,64,182,95.392,489.022,0.031,0.001,489.054,584.4459999999999,8570099,8538068,8353420,371720,1009760,64,68,141060,d64_20261005_201429
"ESP32-S3 N16R8 (QFN56 rev v0.2, 16MB flash, 8MB octal PSRAM)",240,Task-AE,64,183,95.392,489.02,0.029,0.001,489.04999999999995,584.442,8570099,8538068,8353420,371720,1009760,64,68,141060,d64_20261005_201429
"ESP32-S3 N16R8 (QFN56 rev v0.2, 16MB flash, 8MB octal PSRAM)",240,Task-AE,64,184,95.392,489.02,0.029,0.001,489.04999999999995,584.442,8570099,8538068,8353420,371720,1009760,64,68,141060,d64_20261005_201429
"ESP32-S3 N16R8 (QFN56 rev v0.2, 16MB flash, 8MB octal PSRAM)",240,Task-AE,64,185,95.392,489.022,0.031,0.001,489.054,584.4459999999999,8570099,8538068,8353420,371720,1009760,64,68,141060,d64_20261005_201429
"ESP32-S3 N16R8 (QFN56 rev v0.2, 16MB flash, 8MB octal PSRAM)",240,Task-AE,64,186,95.392,489.02,0.029,0.001,489.04999999999995,584.442,8570099,8538068,8353420,371720,1009760,64,68,141060,d64_20261005_201429
"ESP32-S3 N16R8 (QFN56 rev v0.2, 16MB flash, 8MB octal PSRAM)",240,Task-AE,64,187,95.392,489.02,0.029,0.001,489.04999999999995,584.442,8570099,8538068,8353420,371720,1009760,64,68,141060,d64_20261005_201429
"ESP32-S3 N16R8 (QFN56 rev v0.2, 16MB flash, 8MB octal PSRAM)",240,Task-AE,64,188,95.392,489.022,0.031,0.001,489.054,584.4459999999999,8570099,8538068,8353420,371720,1009760,64,68,141060,d64_20261005_201429
"ESP32-S3 N16R8 (QFN56 rev v0.2, 16MB flash, 8MB octal PSRAM)",240,Task-AE,64,189,95.392,489.02,0.029,0.001,489.04999999999995,584.442,8570099,8538068,8353420,371720,1009760,64,68,141060,d64_20261005_201429
"ESP32-S3 N16R8 (QFN56 rev v0.2, 16MB flash, 8MB octal PSRAM)",240,Task-AE,64,190,95.392,489.02,0.029,0.001,489.04999999999995,584.442,8570099,8538068,8353420,371720,1009760,64,68,141060,d64_20261005_201429
"ESP32-S3 N16R8 (QFN56 rev v0.2, 16MB flash, 8MB octal PSRAM)",240,Task-AE,64,191,95.392,489.022,0.031,0.001,489.054,584.4459999999999,8570099,8538068,8353420,371720,1009760,64,68,141060,d64_20261005_201429
"ESP32-S3 N16R8 (QFN56 rev v0.2, 16MB flash, 8MB octal PSRAM)",240,Task-AE,64,192,95.392,489.02,0.029,0.001,489.04999999999995,584.442,8570099,8538068,8353420,371720,1009760,64,68,141060,d64_20261005_201429
"ESP32-S3 N16R8 (QFN56 rev v0.2, 16MB flash, 8MB octal PSRAM)",240,Task-AE,64,193,95.392,489.02,0.029,0.001,489.04999999999995,584.442,8570099,8538068,8353420,371720,1009760,64,68,141060,d64_20261005_201429
"ESP32-S3 N16R8 (QFN56 rev v0.2, 16MB flash, 8MB octal PSRAM)",240,Task-AE,64,194,95.392,489.022,0.031,0.001,489.054,584.4459999999999,8570099,8538068,8353420,371720,1009760,64,68,141060,d64_20261005_201429
"ESP32-S3 N16R8 (QFN56 rev v0.2, 16MB flash, 8MB octal PSRAM)",240,Task-AE,64,195,95.392,489.02,0.029,0.001,489.04999999999995,584.442,8570099,8538068,8353420,371720,1009760,64,68,141060,d64_20261005_201429
"ESP32-S3 N16R8 (QFN56 rev v0.2, 16MB flash, 8MB octal PSRAM)",240,Task-AE,64,196,95.392,489.02,0.029,0.001,489.04999999999995,584.442,8570099,8538068,8353420,371720,1009760,64,68,141060,d64_20261005_201429
"ESP32-S3 N16R8 (QFN56 rev v0.2, 16MB flash, 8MB octal PSRAM)",240,Task-AE,64,197,95.392,489.022,0.031,0.001,489.054,584.4459999999999,8570099,8538068,8353420,371720,1009760,64,68,141060,d64_20261005_201429
"ESP32-S3 N16R8 (QFN56 rev v0.2, 16MB flash, 8MB octal PSRAM)",240,Task-AE,64,198,95.392,489.02,0.029,0.001,489.04999999999995,584.442,8570099,8538068,8353420,371720,1009760,64,68,141060,d64_20261005_201429
"ESP32-S3 N16R8 (QFN56 rev v0.2, 16MB flash, 8MB octal PSRAM)",240,Task-AE,64,199,95.392,489.02,0.029,0.001,489.04999999999995,584.442,8570099,8538068,8353420,371720,1009760,64,68,141060,d64_20261005_201429
"ESP32-S3 N16R8 (QFN56 rev v0.2, 16MB flash, 8MB octal PSRAM)",240,Task-AE,64,200,95.392,489.022,0.031,0.001,489.054,584.4459999999999,8570099,8538068,8353420,371720,1009760,64,68,141060,d64_20261005_201429
"ESP32-S3 N16R8 (QFN56 rev v0.2, 16MB flash, 8MB octal PSRAM)",240,Task-AE,64,201,95.392,489.02,0.029,0.001,489.04999999999995,584.442,8570099,8538068,8353420,371720,1009760,64,68,141060,d64_20261005_201429
"ESP32-S3 N16R8 (QFN56 rev v0.2, 16MB flash, 8MB octal PSRAM)",240,Task-AE,64,202,95.392,489.02,0.029,0.001,489.04999999999995,584.442,8570099,8538068,8353420,371720,1009760,64,68,141060,d64_20261005_201429
"ESP32-S3 N16R8 (QFN56 rev v0.2, 16MB flash, 8MB octal PSRAM)",240,Task-AE,64,203,95.392,489.022,0.031,0.001,489.054,584.4459999999999,8570099,8538068,8353420,371720,1009760,64,68,141060,d64_20261005_201429
"ESP32-S3 N16R8 (QFN56 rev v0.2, 16MB flash, 8MB octal PSRAM)",240,Task-AE,64,204,95.392,489.02,0.029,0.001,489.04999999999995,584.442,8570099,8538068,8353420,371720,1009760,64,68,141060,d64_20261005_201429
"ESP32-S3 N16R8 (QFN56 rev v0.2, 16MB flash, 8MB octal PSRAM)",240,Task-AE,64,205,95.392,489.02,0.029,0.001,489.04999999999995,584.442,8570099,8538068,8353420,371720,1009760,64,68,141060,d64_20261005_201429
"ESP32-S3 N16R8 (QFN56 rev v0.2, 16MB flash, 8MB octal PSRAM)",240,Task-AE,64,206,95.392,489.022,0.031,0.001,489.054,584.4459999999999,8570099,8538068,8353420,371720,1009760,64,68,141060,d64_20261005_201429
"ESP32-S3 N16R8 (QFN56 rev v0.2, 16MB flash, 8MB octal PSRAM)",240,Task-AE,64,207,95.392,489.02,0.029,0.001,489.04999999999995,584.442,8570099,8538068,8353420,371720,1009760,64,68,141060,d64_20261005_201429
"ESP32-S3 N16R8 (QFN56 rev v0.2, 16MB flash, 8MB octal PSRAM)",240,Task-AE,64,208,95.392,489.02,0.029,0.001,489.04999999999995,584.442,8570099,8538068,8353420,371720,1009760,64,68,141060,d64_20261005_201429
"ESP32-S3 N16R8 (QFN56 rev v0.2, 16MB flash, 8MB octal PSRAM)",240,Task-AE,64,209,95.392,489.022,0.031,0.001,489.054,584.4459999999999,8570099,8538068,8353420,371720,1009760,64,68,141060,d64_20261005_201429
"ESP32-S3 N16R8 (QFN56 rev v0.2, 16MB flash, 8MB octal PSRAM)",240,Task-AE,64,210,95.392,489.02,0.029,0.001,489.04999999999995,584.442,8570099,8538068,8353420,371720,1009760,64,68,141060,d64_20261005_201429
"ESP32-S3 N16R8 (QFN56 rev v0.2, 16MB flash, 8MB octal PSRAM)",240,Task-AE,64,211,95.392,489.02,0.029,0.001,489.04999999999995,584.442,8570099,8538068,8353420,371720,1009760,64,68,141060,d64_20261005_201429
"ESP32-S3 N16R8 (QFN56 rev v0.2, 16MB flash, 8MB octal PSRAM)",240,Task-AE,64,212,95.392,489.022,0.031,0.001,489.054,584.4459999999999,8570099,8538068,8353420,371720,1009760,64,68,141060,d64_20261005_201429
"ESP32-S3 N16R8 (QFN56 rev v0.2, 16MB flash, 8MB octal PSRAM)",240,Task-AE,64,213,95.392,489.02,0.029,0.001,489.04999999999995,584.442,8570099,8538068,8353420,371720,1009760,64,68,141060,d64_20261005_201429
"ESP32-S3 N16R8 (QFN56 rev v0.2, 16MB flash, 8MB octal PSRAM)",240,Task-AE,64,214,95.392,489.02,0.029,0.001,489.04999999999995,584.442,8570099,8538068,8353420,371720,1009760,64,68,141060,d64_20261005_201429
"ESP32-S3 N16R8 (QFN56 rev v0.2, 16MB flash, 8MB octal PSRAM)",240,Task-AE,64,215,95.392,489.022,0.031,0.001,489.054,584.4459999999999,8570099,8538068,8353420,371720,1009760,64,68,141060,d64_20261005_201429
"ESP32-S3 N16R8 (QFN56 rev v0.2, 16MB flash, 8MB octal PSRAM)",240,Task-AE,64,216,95.392,489.02,0.029,0.001,489.04999999999995,584.442,8570099,8538068,8353420,371720,1009760,64,68,141060,d64_20261005_201429
"ESP32-S3 N16R8 (QFN56 rev v0.2, 16MB flash, 8MB octal PSRAM)",240,Task-AE,64,217,95.392,489.02,0.029,0.001,489.04999999999995,584.442,8570099,8538068,8353420,371720,1009760,64,68,141060,d64_20261005_201429
"ESP32-S3 N16R8 (QFN56 rev v0.2, 16MB flash, 8MB octal PSRAM)",240,Task-AE,64,218,95.392,489.022,0.031,0.001,489.054,584.4459999999999,8570099,8538068,8353420,371720,1009760,64,68,141060,d64_20261005_201429
"ESP32-S3 N16R8 (QFN56 rev v0.2, 16MB flash, 8MB octal PSRAM)",240,Task-AE,64,219,95.392,489.02,0.029,0.001,489.04999999999995,584.442,8570099,8538068,8353420,371720,1009760,64,68,141060,d64_20261005_201429
"ESP32-S3 N16R8 (QFN56 rev v0.2, 16MB flash, 8MB octal PSRAM)",240,Task-AE,64,220,95.392,489.02,0.029,0.001,489.04999999999995,584.442,8570099,8538068,8353420,371720,1009760,64,68,141060,d64_20261005_201429
"ESP32-S3 N16R8 (QFN56 rev v0.2, 16MB flash, 8MB octal PSRAM)",240,Task-AE,64,221,95.392,489.022,0.031,0.001,489.054,584.4459999999999,8570099,8538068,8353420,371720,1009760,64,68,141060,d64_20261005_201429
"ESP32-S3 N16R8 (QFN56 rev v0.2, 16MB flash, 8MB octal PSRAM)",240,Task-AE,64,222,95.392,489.02,0.029,0.001,489.04999999999995,584.442,8570099,8538068,8353420,371720,1009760,64,68,141060,d64_20261005_201429
"ESP32-S3 N16R8 (QFN56 rev v0.2, 16MB flash, 8MB octal PSRAM)",240,Task-AE,64,223,95.392,489.02,0.029,0.001,489.04999999999995,584.442,8570099,8538068,8353420,371720,1009760,64,68,141060,d64_20261005_201429
"ESP32-S3 N16R8 (QFN56 rev v0.2, 16MB flash, 8MB octal PSRAM)",240,Task-AE,64,224,95.392,489.022,0.031,0.001,489.054,584.4459999999999,8570099,8538068,8353420,371720,1009760,64,68,141060,d64_20261005_201429
"ESP32-S3 N16R8 (QFN56 rev v0.2, 16MB flash, 8MB octal PSRAM)",240,Task-AE,64,225,95.392,489.02,0.029,0.001,489.04999999999995,584.442,8570099,8538068,8353420,371720,1009760,64,68,141060,d64_20261005_201429
"ESP32-S3 N16R8 (QFN56 rev v0.2, 16MB flash, 8MB octal PSRAM)",240,Task-AE,64,226,95.392,489.02,0.029,0.001,489.04999999999995,584.442,8570099,8538068,8353420,371720,1009760,64,68,141060,d64_20261005_201429
"ESP32-S3 N16R8 (QFN56 rev v0.2, 16MB flash, 8MB octal PSRAM)",240,Task-AE,64,227,95.392,489.022,0.031,0.001,489.054,584.4459999999999,8570099,8538068,8353420,371720,1009760,64,68,141060,d64_20261005_201429
"ESP32-S3 N16R8 (QFN56 rev v0.2, 16MB flash, 8MB octal PSRAM)",240,Task-AE,64,228,95.392,489.02,0.029,0.001,489.04999999999995,584.442,8570099,8538068,8353420,371720,1009760,64,68,141060,d64_20261005_201429
"ESP32-S3 N16R8 (QFN56 rev v0.2, 16MB flash, 8MB octal PSRAM)",240,Task-AE,64,229,95.392,489.02,0.029,0.001,489.04999999999995,584.442,8570099,8538068,8353420,371720,1009760,64,68,141060,d64_20261005_201429
"ESP32-S3 N16R8 (QFN56 rev v0.2, 16MB flash, 8MB octal PSRAM)",240,Task-AE,64,230,95.392,489.022,0.031,0.001,489.054,584.4459999999999,8570099,8538068,8353420,371720,1009760,64,68,141060,d64_20261005_201429
"ESP32-S3 N16R8 (QFN56 rev v0.2, 16MB flash, 8MB octal PSRAM)",240,Task-AE,64,231,95.392,489.02,0.029,0.001,489.04999999999995,584.442,8570099,8538068,8353420,371720,1009760,64,68,141060,d64_20261005_201429
"ESP32-S3 N16R8 (QFN56 rev v0.2, 16MB flash, 8MB octal PSRAM)",240,Task-AE,64,232,95.392,489.02,0.029,0.001,489.04999999999995,584.442,8570099,8538068,8353420,371720,1009760,64,68,141060,d64_20261005_201429
"ESP32-S3 N16R8 (QFN56 rev v0.2, 16MB flash, 8MB octal PSRAM)",240,Task-AE,64,233,95.392,489.022,0.031,0.001,489.054,584.4459999999999,8570099,8538068,8353420,371720,1009760,64,68,141060,d64_20261005_201429
"ESP32-S3 N16R8 (QFN56 rev v0.2, 16MB flash, 8MB octal PSRAM)",240,Task-AE,64,234,95.392,489.02,0.029,0.001,489.04999999999995,584.442,8570099,8538068,8353420,371720,1009760,64,68,141060,d64_20261005_201429
"ESP32-S3 N16R8 (QFN56 rev v0.2, 16MB flash, 8MB octal PSRAM)",240,Task-AE,64,235,95.392,489.02,0.029,0.001,489.04999999999995,584.442,8570099,8538068,8353420,371720,1009760,64,68,141060,d64_20261005_201429
"ESP32-S3 N16R8 (QFN56 rev v0.2, 16MB flash, 8MB octal PSRAM)",240,Task-AE,64,236,95.392,489.022,0.031,0.001,489.054,584.4459999999999,8570099,8538068,8353420,371720,1009760,64,68,141060,d64_20261005_201429
"ESP32-S3 N16R8 (QFN56 rev v0.2, 16MB flash, 8MB octal PSRAM)",240,Task-AE,64,237,95.392,489.02,0.029,0.001,489.04999999999995,584.442,8570099,8538068,8353420,371720,1009760,64,68,141060,d64_20261005_201429
"ESP32-S3 N16R8 (QFN56 rev v0.2, 16MB flash, 8MB octal PSRAM)",240,Task-AE,64,238,95.392,489.02,0.029,0.001,489.04999999999995,584.442,8570099,8538068,8353420,371720,1009760,64,68,141060,d64_20261005_201429
"ESP32-S3 N16R8 (QFN56 rev v0.2, 16MB flash, 8MB octal PSRAM)",240,Task-AE,64,239,95.392,489.022,0.031,0.001,489.054,584.4459999999999,8570099,8538068,8353420,371720,1009760,64,68,141060,d64_20261005_201429
"ESP32-S3 N16R8 (QFN56 rev v0.2, 16MB flash, 8MB octal PSRAM)",240,Task-AE,64,240,95.392,489.02,0.029,0.001,489.04999999999995,584.442,8570099,8538068,8353420,371720,1009760,64,68,141060,d64_20261005_201429
"ESP32-S3 N16R8 (QFN56 rev v0.2, 16MB flash, 8MB octal PSRAM)",240,Task-AE,64,241,95.392,489.02,0.029,0.001,489.04999999999995,584.442,8570099,8538068,8353420,371720,1009760,64,68,141060,d64_20261005_201429
"ESP32-S3 N16R8 (QFN56 rev v0.2, 16MB flash, 8MB octal PSRAM)",240,Task-AE,64,242,95.392,489.022,0.031,0.001,489.054,584.4459999999999,8570099,8538068,8353420,371720,1009760,64,68,141060,d64_20261005_201429
"ESP32-S3 N16R8 (QFN56 rev v0.2, 16MB flash, 8MB octal PSRAM)",240,Task-AE,64,243,95.392,489.02,0.029,0.001,489.04999999999995,584.442,8570099,8538068,8353420,371720,1009760,64,68,141060,d64_20261005_201429
"ESP32-S3 N16R8 (QFN56 rev v0.2, 16MB flash, 8MB octal PSRAM)",240,Task-AE,64,244,95.392,489.02,0.029,0.001,489.04999999999995,584.442,8570099,8538068,8353420,371720,1009760,64,68,141060,d64_20261005_201429
"ESP32-S3 N16R8 (QFN56 rev v0.2, 16MB flash, 8MB octal PSRAM)",240,Task-AE,64,245,95.392,489.022,0.031,0.001,489.054,584.4459999999999,8570099,8538068,8353420,371720,1009760,64,68,141060,d64_20261005_201429
"ESP32-S3 N16R8 (QFN56 rev v0.2, 16MB flash, 8MB octal PSRAM)",240,Task-AE,64,246,95.392,489.02,0.029,0.001,489.04999999999995,584.442,8570099,8538068,8353420,371720,1009760,64,68,141060,d64_20261005_201429
"ESP32-S3 N16R8 (QFN56 rev v0.2, 16MB flash, 8MB octal PSRAM)",240,Task-AE,64,247,95.392,489.02,0.029,0.001,489.04999999999995,584.442,8570099,8538068,8353420,371720,1009760,64,68,141060,d64_20261005_201429
"ESP32-S3 N16R8 (QFN56 rev v0.2, 16MB flash, 8MB octal PSRAM)",240,Task-AE,64,248,95.392,489.022,0.031,0.001,489.054,584.4459999999999,8570099,8538068,8353420,371720,1009760,64,68,141060,d64_20261005_201429
"ESP32-S3 N16R8 (QFN56 rev v0.2, 16MB flash, 8MB octal PSRAM)",240,Task-AE,64,249,95.392,489.02,0.029,0.001,489.04999999999995,584.442,8570099,8538068,8353420,371720,1009760,64,68,141060,d64_20261005_201429
"ESP32-S3 N16R8 (QFN56 rev v0.2, 16MB flash, 8MB octal PSRAM)",240,Task-AE,64,250,95.392,489.02,0.029,0.001,489.04999999999995,584.442,8570099,8538068,8353420,371720,1009760,64,68,141060,d64_20261005_201429
"ESP32-S3 N16R8 (QFN56 rev v0.2, 16MB flash, 8MB octal PSRAM)",240,Task-AE,64,251,95.392,489.022,0.031,0.001,489.054,584.4459999999999,8570099,8538068,8353420,371720,1009760,64,68,141060,d64_20261005_201429
"ESP32-S3 N16R8 (QFN56 rev v0.2, 16MB flash, 8MB octal PSRAM)",240,Task-AE,64,252,95.392,489.02,0.029,0.001,489.04999999999995,584.442,8570099,8538068,8353420,371720,1009760,64,68,141060,d64_20261005_201429
"ESP32-S3 N16R8 (QFN56 rev v0.2, 16MB flash, 8MB octal PSRAM)",240,Task-AE,64,253,95.392,489.02,0.029,0.001,489.04999999999995,584.442,8570099,8538068,8353420,371720,1009760,64,68,141060,d64_20261005_201429
"ESP32-S3 N16R8 (QFN56 rev v0.2, 16MB flash, 8MB octal PSRAM)",240,Task-AE,64,254,95.392,489.022,0.031,0.001,489.054,584.4459999999999,8570099,8538068,8353420,371720,1009760,64,68,141060,d64_20261005_201429
"ESP32-S3 N16R8 (QFN56 rev v0.2, 16MB flash, 8MB octal PSRAM)",240,Task-AE,64,255,95.392,489.02,0.029,0.001,489.04999999999995,584.442,8570099,8538068,8353420,371720,1009760,64,68,141060,d64_20261005_201429
"ESP32-S3 N16R8 (QFN56 rev v0.2, 16MB flash, 8MB octal PSRAM)",240,Task-AE,64,256,95.392,489.02,0.029,0.001,489.04999999999995,584.442,8570099,8538068,8353420,371720,1009760,64,68,141060,d64_20261005_201429
"ESP32-S3 N16R8 (QFN56 rev v0.2, 16MB flash, 8MB octal PSRAM)",240,Task-AE,64,257,95.392,489.022,0.031,0.001,489.054,584.4459999999999,8570099,8538068,8353420,371720,1009760,64,68,141060,d64_20261005_201429
"ESP32-S3 N16R8 (QFN56 rev v0.2, 16MB flash, 8MB octal PSRAM)",240,Task-AE,64,258,95.392,489.02,0.029,0.001,489.04999999999995,584.442,8570099,8538068,8353420,371720,1009760,64,68,141060,d64_20261005_201429
"ESP32-S3 N16R8 (QFN56 rev v0.2, 16MB flash, 8MB octal PSRAM)",240,Task-AE,64,259,95.392,489.02,0.029,0.001,489.04999999999995,584.442,8570099,8538068,8353420,371720,1009760,64,68,141060,d64_20261005_201429
"ESP32-S3 N16R8 (QFN56 rev v0.2, 16MB flash, 8MB octal PSRAM)",240,Task-AE,64,260,95.392,489.022,0.031,0.001,489.054,584.4459999999999,8570099,8538068,8353420,371720,1009760,64,68,141060,d64_20261005_201429
"ESP32-S3 N16R8 (QFN56 rev v0.2, 16MB flash, 8MB octal PSRAM)",240,Task-AE,64,261,95.392,489.02,0.029,0.001,489.04999999999995,584.442,8570099,8538068,8353420,371720,1009760,64,68,141060,d64_20261005_201429
"ESP32-S3 N16R8 (QFN56 rev v0.2, 16MB flash, 8MB octal PSRAM)",240,Task-AE,64,262,95.392,489.02,0.029,0.001,489.04999999999995,584.442,8570099,8538068,8353420,371720,1009760,64,68,141060,d64_20261005_201429
"ESP32-S3 N16R8 (QFN56 rev v0.2, 16MB flash, 8MB octal PSRAM)",240,Task-AE,64,263,95.394,489.023,0.03,0.002,489.055,584.4490000000001,8570099,8538068,8353420,371720,1009760,64,68,141060,d64_20261005_201429
"ESP32-S3 N16R8 (QFN56 rev v0.2, 16MB flash, 8MB octal PSRAM)",240,Task-AE,64,264,95.392,489.02,0.029,0.001,489.04999999999995,584.442,8570099,8538068,8353420,371720,1009760,64,68,141060,d64_20261005_201429
"ESP32-S3 N16R8 (QFN56 rev v0.2, 16MB flash, 8MB octal PSRAM)",240,Task-AE,64,265,95.392,489.02,0.029,0.001,489.04999999999995,584.442,8570099,8538068,8353420,371720,1009760,64,68,141060,d64_20261005_201429
"ESP32-S3 N16R8 (QFN56 rev v0.2, 16MB flash, 8MB octal PSRAM)",240,Task-AE,64,266,95.394,489.023,0.03,0.002,489.055,584.4490000000001,8570099,8538068,8353420,371720,1009760,64,68,141060,d64_20261005_201429
"ESP32-S3 N16R8 (QFN56 rev v0.2, 16MB flash, 8MB octal PSRAM)",240,Task-AE,64,267,95.392,489.02,0.029,0.001,489.04999999999995,584.442,8570099,8538068,8353420,371720,1009760,64,68,141060,d64_20261005_201429
"ESP32-S3 N16R8 (QFN56 rev v0.2, 16MB flash, 8MB octal PSRAM)",240,Task-AE,64,268,95.392,489.02,0.029,0.001,489.04999999999995,584.442,8570099,8538068,8353420,371720,1009760,64,68,141060,d64_20261005_201429
"ESP32-S3 N16R8 (QFN56 rev v0.2, 16MB flash, 8MB octal PSRAM)",240,Task-AE,64,269,95.392,489.022,0.031,0.001,489.054,584.4459999999999,8570099,8538068,8353420,371720,1009760,64,68,141060,d64_20261005_201429
"ESP32-S3 N16R8 (QFN56 rev v0.2, 16MB flash, 8MB octal PSRAM)",240,Task-AE,64,270,95.392,489.02,0.029,0.001,489.04999999999995,584.442,8570099,8538068,8353420,371720,1009760,64,68,141060,d64_20261005_201429
"ESP32-S3 N16R8 (QFN56 rev v0.2, 16MB flash, 8MB octal PSRAM)",240,Task-AE,64,271,95.392,489.02,0.029,0.001,489.04999999999995,584.442,8570099,8538068,8353420,371720,1009760,64,68,141060,d64_20261005_201429
"ESP32-S3 N16R8 (QFN56 rev v0.2, 16MB flash, 8MB octal PSRAM)",240,Task-AE,64,272,95.392,489.022,0.031,0.001,489.054,584.4459999999999,8570099,8538068,8353420,371720,1009760,64,68,141060,d64_20261005_201429
"ESP32-S3 N16R8 (QFN56 rev v0.2, 16MB flash, 8MB octal PSRAM)",240,Task-AE,64,273,95.392,489.02,0.029,0.001,489.04999999999995,584.442,8570099,8538068,8353420,371720,1009760,64,68,141060,d64_20261005_201429
"ESP32-S3 N16R8 (QFN56 rev v0.2, 16MB flash, 8MB octal PSRAM)",240,Task-AE,64,274,95.392,489.02,0.029,0.001,489.04999999999995,584.442,8570099,8538068,8353420,371720,1009760,64,68,141060,d64_20261005_201429
"ESP32-S3 N16R8 (QFN56 rev v0.2, 16MB flash, 8MB octal PSRAM)",240,Task-AE,64,275,95.392,489.022,0.031,0.001,489.054,584.4459999999999,8570099,8538068,8353420,371720,1009760,64,68,141060,d64_20261005_201429
"ESP32-S3 N16R8 (QFN56 rev v0.2, 16MB flash, 8MB octal PSRAM)",240,Task-AE,64,276,95.392,489.02,0.029,0.001,489.04999999999995,584.442,8570099,8538068,8353420,371720,1009760,64,68,141060,d64_20261005_201429
"ESP32-S3 N16R8 (QFN56 rev v0.2, 16MB flash, 8MB octal PSRAM)",240,Task-AE,64,277,95.392,489.02,0.029,0.001,489.04999999999995,584.442,8570099,8538068,8353420,371720,1009760,64,68,141060,d64_20261005_201429
"ESP32-S3 N16R8 (QFN56 rev v0.2, 16MB flash, 8MB octal PSRAM)",240,Task-AE,64,278,95.392,489.022,0.031,0.001,489.054,584.4459999999999,8570099,8538068,8353420,371720,1009760,64,68,141060,d64_20261005_201429
"ESP32-S3 N16R8 (QFN56 rev v0.2, 16MB flash, 8MB octal PSRAM)",240,Task-AE,64,279,95.392,489.02,0.029,0.001,489.04999999999995,584.442,8570099,8538068,8353420,371720,1009760,64,68,141060,d64_20261005_201429
"ESP32-S3 N16R8 (QFN56 rev v0.2, 16MB flash, 8MB octal PSRAM)",240,Task-AE,64,280,95.392,489.02,0.029,0.001,489.04999999999995,584.442,8570099,8538068,8353420,371720,1009760,64,68,141060,d64_20261005_201429
"ESP32-S3 N16R8 (QFN56 rev v0.2, 16MB flash, 8MB octal PSRAM)",240,Task-AE,64,281,95.392,489.022,0.031,0.001,489.054,584.4459999999999,8570099,8538068,8353420,371720,1009760,64,68,141060,d64_20261005_201429
"ESP32-S3 N16R8 (QFN56 rev v0.2, 16MB flash, 8MB octal PSRAM)",240,Task-AE,64,282,95.394,489.021,0.028,0.002,489.05100000000004,584.445,8570099,8538068,8353420,371720,1009760,64,68,141060,d64_20261005_201429
"ESP32-S3 N16R8 (QFN56 rev v0.2, 16MB flash, 8MB octal PSRAM)",240,Task-AE,64,283,95.392,489.02,0.029,0.001,489.04999999999995,584.442,8570099,8538068,8353420,371720,1009760,64,68,141060,d64_20261005_201429
"ESP32-S3 N16R8 (QFN56 rev v0.2, 16MB flash, 8MB octal PSRAM)",240,Task-AE,64,284,95.392,489.022,0.031,0.001,489.054,584.4459999999999,8570099,8538068,8353420,371720,1009760,64,68,141060,d64_20261005_201429
"ESP32-S3 N16R8 (QFN56 rev v0.2, 16MB flash, 8MB octal PSRAM)",240,Task-AE,64,285,95.392,489.02,0.029,0.001,489.04999999999995,584.442,8570099,8538068,8353420,371720,1009760,64,68,141060,d64_20261005_201429
"ESP32-S3 N16R8 (QFN56 rev v0.2, 16MB flash, 8MB octal PSRAM)",240,Task-AE,64,286,95.392,489.02,0.029,0.001,489.04999999999995,584.442,8570099,8538068,8353420,371720,1009760,64,68,141060,d64_20261005_201429
"ESP32-S3 N16R8 (QFN56 rev v0.2, 16MB flash, 8MB octal PSRAM)",240,Task-AE,64,287,95.392,489.022,0.031,0.001,489.054,584.4459999999999,8570099,8538068,8353420,371720,1009760,64,68,141060,d64_20261005_201429
"ESP32-S3 N16R8 (QFN56 rev v0.2, 16MB flash, 8MB octal PSRAM)",240,Task-AE,64,288,95.392,489.02,0.029,0.001,489.04999999999995,584.442,8570099,8538068,8353420,371720,1009760,64,68,141060,d64_20261005_201429
"ESP32-S3 N16R8 (QFN56 rev v0.2, 16MB flash, 8MB octal PSRAM)",240,Task-AE,64,289,95.392,489.02,0.029,0.001,489.04999999999995,584.442,8570099,8538068,8353420,371720,1009760,64,68,141060,d64_20261005_201429
"ESP32-S3 N16R8 (QFN56 rev v0.2, 16MB flash, 8MB octal PSRAM)",240,Task-AE,64,290,95.392,489.022,0.031,0.001,489.054,584.4459999999999,8570099,8538068,8353420,371720,1009760,64,68,141060,d64_20261005_201429
"ESP32-S3 N16R8 (QFN56 rev v0.2, 16MB flash, 8MB octal PSRAM)",240,Task-AE,64,291,95.392,489.02,0.029,0.001,489.04999999999995,584.442,8570099,8538068,8353420,371720,1009760,64,68,141060,d64_20261005_201429
"ESP32-S3 N16R8 (QFN56 rev v0.2, 16MB flash, 8MB octal PSRAM)",240,Task-AE,64,292,95.392,489.02,0.029,0.001,489.04999999999995,584.442,8570099,8538068,8353420,371720,1009760,64,68,141060,d64_20261005_201429
"ESP32-S3 N16R8 (QFN56 rev v0.2, 16MB flash, 8MB octal PSRAM)",240,Task-AE,64,293,95.392,489.022,0.031,0.001,489.054,584.4459999999999,8570099,8538068,8353420,371720,1009760,64,68,141060,d64_20261005_201429
"ESP32-S3 N16R8 (QFN56 rev v0.2, 16MB flash, 8MB octal PSRAM)",240,Task-AE,64,294,95.392,489.02,0.029,0.001,489.04999999999995,584.442,8570099,8538068,8353420,371720,1009760,64,68,141060,d64_20261005_201429
"ESP32-S3 N16R8 (QFN56 rev v0.2, 16MB flash, 8MB octal PSRAM)",240,Task-AE,64,295,95.392,489.02,0.029,0.001,489.04999999999995,584.442,8570099,8538068,8353420,371720,1009760,64,68,141060,d64_20261005_201429
"ESP32-S3 N16R8 (QFN56 rev v0.2, 16MB flash, 8MB octal PSRAM)",240,Task-AE,64,296,95.392,489.022,0.031,0.001,489.054,584.4459999999999,8570099,8538068,8353420,371720,1009760,64,68,141060,d64_20261005_201429
"ESP32-S3 N16R8 (QFN56 rev v0.2, 16MB flash, 8MB octal PSRAM)",240,Task-AE,64,297,95.392,489.02,0.029,0.001,489.04999999999995,584.442,8570099,8538068,8353420,371720,1009760,64,68,141060,d64_20261005_201429
"ESP32-S3 N16R8 (QFN56 rev v0.2, 16MB flash, 8MB octal PSRAM)",240,Task-AE,64,298,95.392,489.02,0.029,0.001,489.04999999999995,584.442,8570099,8538068,8353420,371720,1009760,64,68,141060,d64_20261005_201429
"ESP32-S3 N16R8 (QFN56 rev v0.2, 16MB flash, 8MB octal PSRAM)",240,Task-AE,64,299,95.392,489.022,0.031,0.001,489.054,584.4459999999999,8570099,8538068,8353420,371720,1009760,64,68,141060,d64_20261005_201429
"ESP32-S3 N16R8 (QFN56 rev v0.2, 16MB flash, 8MB octal PSRAM)",240,Task-AE,64,300,95.392,489.02,0.029,0.001,489.04999999999995,584.442,8570099,8538068,8353420,371720,1009760,64,68,141060,d64_20261005_201429
"ESP32-S3 N16R8 (QFN56 rev v0.2, 16MB flash, 8MB octal PSRAM)",240,Task-AE,64,301,95.392,489.02,0.029,0.001,489.04999999999995,584.442,8570099,8538068,8353420,371720,1009760,64,68,141060,d64_20261005_201429
"ESP32-S3 N16R8 (QFN56 rev v0.2, 16MB flash, 8MB octal PSRAM)",240,Task-AE,64,302,95.392,489.022,0.031,0.001,489.054,584.4459999999999,8570099,8538068,8353420,371720,1009760,64,68,141060,d64_20261005_201429
"ESP32-S3 N16R8 (QFN56 rev v0.2, 16MB flash, 8MB octal PSRAM)",240,Task-AE,64,303,95.392,489.02,0.029,0.001,489.04999999999995,584.442,8570099,8538068,8353420,371720,1009760,64,68,141060,d64_20261005_201429
"ESP32-S3 N16R8 (QFN56 rev v0.2, 16MB flash, 8MB octal PSRAM)",240,Task-AE,64,304,95.392,489.02,0.029,0.001,489.04999999999995,584.442,8570099,8538068,8353420,371720,1009760,64,68,141060,d64_20261005_201429
"ESP32-S3 N16R8 (QFN56 rev v0.2, 16MB flash, 8MB octal PSRAM)",240,Task-AE,64,305,95.392,489.022,0.031,0.001,489.054,584.4459999999999,8570099,8538068,8353420,371720,1009760,64,68,141060,d64_20261005_201429
"ESP32-S3 N16R8 (QFN56 rev v0.2, 16MB flash, 8MB octal PSRAM)",240,Task-AE,64,306,95.392,489.02,0.029,0.001,489.04999999999995,584.442,8570099,8538068,8353420,371720,1009760,64,68,141060,d64_20261005_201429
"ESP32-S3 N16R8 (QFN56 rev v0.2, 16MB flash, 8MB octal PSRAM)",240,Task-AE,64,307,95.392,489.02,0.029,0.001,489.04999999999995,584.442,8570099,8538068,8353420,371720,1009760,64,68,141060,d64_20261005_201429
"ESP32-S3 N16R8 (QFN56 rev v0.2, 16MB flash, 8MB octal PSRAM)",240,Task-AE,64,308,95.392,489.022,0.031,0.001,489.054,584.4459999999999,8570099,8538068,8353420,371720,1009760,64,68,141060,d64_20261005_201429
"ESP32-S3 N16R8 (QFN56 rev v0.2, 16MB flash, 8MB octal PSRAM)",240,Task-AE,64,309,95.392,489.02,0.029,0.001,489.04999999999995,584.442,8570099,8538068,8353420,371720,1009760,64,68,141060,d64_20261005_201429
"ESP32-S3 N16R8 (QFN56 rev v0.2, 16MB flash, 8MB octal PSRAM)",240,Task-AE,64,310,95.392,489.02,0.029,0.001,489.04999999999995,584.442,8570099,8538068,8353420,371720,1009760,64,68,141060,d64_20261005_201429
"ESP32-S3 N16R8 (QFN56 rev v0.2, 16MB flash, 8MB octal PSRAM)",240,Task-AE,64,311,95.392,489.022,0.031,0.001,489.054,584.4459999999999,8570099,8538068,8353420,371720,1009760,64,68,141060,d64_20261005_201429
"ESP32-S3 N16R8 (QFN56 rev v0.2, 16MB flash, 8MB octal PSRAM)",240,Task-AE,64,312,95.392,489.02,0.029,0.001,489.04999999999995,584.442,8570099,8538068,8353420,371720,1009760,64,68,141060,d64_20261005_201429
"ESP32-S3 N16R8 (QFN56 rev v0.2, 16MB flash, 8MB octal PSRAM)",240,Task-AE,64,313,95.392,489.02,0.029,0.001,489.04999999999995,584.442,8570099,8538068,8353420,371720,1009760,64,68,141060,d64_20261005_201429
"ESP32-S3 N16R8 (QFN56 rev v0.2, 16MB flash, 8MB octal PSRAM)",240,Task-AE,64,314,95.392,489.022,0.031,0.001,489.054,584.4459999999999,8570099,8538068,8353420,371720,1009760,64,68,141060,d64_20261005_201429
"ESP32-S3 N16R8 (QFN56 rev v0.2, 16MB flash, 8MB octal PSRAM)",240,Task-AE,64,315,95.392,489.02,0.029,0.001,489.04999999999995,584.442,8570099,8538068,8353420,371720,1009760,64,68,141060,d64_20261005_201429
"ESP32-S3 N16R8 (QFN56 rev v0.2, 16MB flash, 8MB octal PSRAM)",240,Task-AE,64,316,95.392,489.02,0.029,0.001,489.04999999999995,584.442,8570099,8538068,8353420,371720,1009760,64,68,141060,d64_20261005_201429
"ESP32-S3 N16R8 (QFN56 rev v0.2, 16MB flash, 8MB octal PSRAM)",240,Task-AE,64,317,95.392,489.022,0.031,0.001,489.054,584.4459999999999,8570099,8538068,8353420,371720,1009760,64,68,141060,d64_20261005_201429
"ESP32-S3 N16R8 (QFN56 rev v0.2, 16MB flash, 8MB octal PSRAM)",240,Task-AE,64,318,95.392,489.02,0.029,0.001,489.04999999999995,584.442,8570099,8538068,8353420,371720,1009760,64,68,141060,d64_20261005_201429
"ESP32-S3 N16R8 (QFN56 rev v0.2, 16MB flash, 8MB octal PSRAM)",240,Task-AE,64,319,95.392,489.02,0.029,0.001,489.04999999999995,584.442,8570099,8538068,8353420,371720,1009760,64,68,141060,d64_20261005_201429
"ESP32-S3 N16R8 (QFN56 rev v0.2, 16MB flash, 8MB octal PSRAM)",240,Task-AE,64,320,95.392,489.022,0.031,0.001,489.054,584.4459999999999,8570099,8538068,8353420,371720,1009760,64,68,141060,d64_20261005_201429
"ESP32-S3 N16R8 (QFN56 rev v0.2, 16MB flash, 8MB octal PSRAM)",240,Task-AE,64,321,95.392,489.02,0.029,0.001,489.04999999999995,584.442,8570099,8538068,8353420,371720,1009760,64,68,141060,d64_20261005_201429
"ESP32-S3 N16R8 (QFN56 rev v0.2, 16MB flash, 8MB octal PSRAM)",240,Task-AE,64,322,95.392,489.02,0.029,0.001,489.04999999999995,584.442,8570099,8538068,8353420,371720,1009760,64,68,141060,d64_20261005_201429
"ESP32-S3 N16R8 (QFN56 rev v0.2, 16MB flash, 8MB octal PSRAM)",240,Task-AE,64,323,95.392,489.022,0.031,0.001,489.054,584.4459999999999,8570099,8538068,8353420,371720,1009760,64,68,141060,d64_20261005_201429
"ESP32-S3 N16R8 (QFN56 rev v0.2, 16MB flash, 8MB octal PSRAM)",240,Task-AE,64,324,95.392,489.02,0.029,0.001,489.04999999999995,584.442,8570099,8538068,8353420,371720,1009760,64,68,141060,d64_20261005_201429
"ESP32-S3 N16R8 (QFN56 rev v0.2, 16MB flash, 8MB octal PSRAM)",240,Task-AE,64,325,95.392,489.02,0.029,0.001,489.04999999999995,584.442,8570099,8538068,8353420,371720,1009760,64,68,141060,d64_20261005_201429
"ESP32-S3 N16R8 (QFN56 rev v0.2, 16MB flash, 8MB octal PSRAM)",240,Task-AE,64,326,95.392,489.022,0.031,0.001,489.054,584.4459999999999,8570099,8538068,8353420,371720,1009760,64,68,141060,d64_20261005_201429
"ESP32-S3 N16R8 (QFN56 rev v0.2, 16MB flash, 8MB octal PSRAM)",240,Task-AE,64,327,95.392,489.02,0.029,0.001,489.04999999999995,584.442,8570099,8538068,8353420,371720,1009760,64,68,141060,d64_20261005_201429
"ESP32-S3 N16R8 (QFN56 rev v0.2, 16MB flash, 8MB octal PSRAM)",240,Task-AE,64,328,95.392,489.02,0.029,0.001,489.04999999999995,584.442,8570099,8538068,8353420,371720,1009760,64,68,141060,d64_20261005_201429
"ESP32-S3 N16R8 (QFN56 rev v0.2, 16MB flash, 8MB octal PSRAM)",240,Task-AE,64,329,95.392,489.022,0.031,0.001,489.054,584.4459999999999,8570099,8538068,8353420,371720,1009760,64,68,141060,d64_20261005_201429
"ESP32-S3 N16R8 (QFN56 rev v0.2, 16MB flash, 8MB octal PSRAM)",240,Task-AE,64,330,95.392,489.02,0.029,0.001,489.04999999999995,584.442,8570099,8538068,8353420,371720,1009760,64,68,141060,d64_20261005_201429
"ESP32-S3 N16R8 (QFN56 rev v0.2, 16MB flash, 8MB octal PSRAM)",240,Task-AE,64,331,95.392,489.02,0.029,0.001,489.04999999999995,584.442,8570099,8538068,8353420,371720,1009760,64,68,141060,d64_20261005_201429
"ESP32-S3 N16R8 (QFN56 rev v0.2, 16MB flash, 8MB octal PSRAM)",240,Task-AE,64,332,95.392,489.022,0.031,0.001,489.054,584.4459999999999,8570099,8538068,8353420,371720,1009760,64,68,141060,d64_20261005_201429
"ESP32-S3 N16R8 (QFN56 rev v0.2, 16MB flash, 8MB octal PSRAM)",240,Task-AE,64,333,95.392,489.02,0.029,0.001,489.04999999999995,584.442,8570099,8538068,8353420,371720,1009760,64,68,141060,d64_20261005_201429
"ESP32-S3 N16R8 (QFN56 rev v0.2, 16MB flash, 8MB octal PSRAM)",240,Task-AE,64,334,95.392,489.02,0.029,0.001,489.04999999999995,584.442,8570099,8538068,8353420,371720,1009760,64,68,141060,d64_20261005_201429
"ESP32-S3 N16R8 (QFN56 rev v0.2, 16MB flash, 8MB octal PSRAM)",240,Task-AE,64,335,95.394,489.023,0.03,0.002,489.055,584.4490000000001,8570099,8538068,8353420,371720,1009760,64,68,141060,d64_20261005_201429
"ESP32-S3 N16R8 (QFN56 rev v0.2, 16MB flash, 8MB octal PSRAM)",240,Task-AE,64,336,95.392,489.02,0.029,0.001,489.04999999999995,584.442,8570099,8538068,8353420,371720,1009760,64,68,141060,d64_20261005_201429
"ESP32-S3 N16R8 (QFN56 rev v0.2, 16MB flash, 8MB octal PSRAM)",240,Task-AE,64,337,95.392,489.02,0.029,0.001,489.04999999999995,584.442,8570099,8538068,8353420,371720,1009760,64,68,141060,d64_20261005_201429
"ESP32-S3 N16R8 (QFN56 rev v0.2, 16MB flash, 8MB octal PSRAM)",240,Task-AE,64,338,95.392,489.022,0.031,0.001,489.054,584.4459999999999,8570099,8538068,8353420,371720,1009760,64,68,141060,d64_20261005_201429
"ESP32-S3 N16R8 (QFN56 rev v0.2, 16MB flash, 8MB octal PSRAM)",240,Task-AE,64,339,95.392,489.02,0.029,0.001,489.04999999999995,584.442,8570099,8538068,8353420,371720,1009760,64,68,141060,d64_20261005_201429
"ESP32-S3 N16R8 (QFN56 rev v0.2, 16MB flash, 8MB octal PSRAM)",240,Task-AE,64,340,95.392,489.02,0.029,0.001,489.04999999999995,584.442,8570099,8538068,8353420,371720,1009760,64,68,141060,d64_20261005_201429
"ESP32-S3 N16R8 (QFN56 rev v0.2, 16MB flash, 8MB octal PSRAM)",240,Task-AE,64,341,95.392,489.022,0.031,0.001,489.054,584.4459999999999,8570099,8538068,8353420,371720,1009760,64,68,141060,d64_20261005_201429
"ESP32-S3 N16R8 (QFN56 rev v0.2, 16MB flash, 8MB octal PSRAM)",240,Task-AE,64,342,95.392,489.02,0.029,0.001,489.04999999999995,584.442,8570099,8538068,8353420,371720,1009760,64,68,141060,d64_20261005_201429
"ESP32-S3 N16R8 (QFN56 rev v0.2, 16MB flash, 8MB octal PSRAM)",240,Task-AE,64,343,95.392,489.02,0.029,0.001,489.04999999999995,584.442,8570099,8538068,8353420,371720,1009760,64,68,141060,d64_20261005_201429
"ESP32-S3 N16R8 (QFN56 rev v0.2, 16MB flash, 8MB octal PSRAM)",240,Task-AE,64,344,95.392,489.022,0.031,0.001,489.054,584.4459999999999,8570099,8538068,8353420,371720,1009760,64,68,141060,d64_20261005_201429
"ESP32-S3 N16R8 (QFN56 rev v0.2, 16MB flash, 8MB octal PSRAM)",240,Task-AE,64,345,95.392,489.02,0.029,0.001,489.04999999999995,584.442,8570099,8538068,8353420,371720,1009760,64,68,141060,d64_20261005_201429
"ESP32-S3 N16R8 (QFN56 rev v0.2, 16MB flash, 8MB octal PSRAM)",240,Task-AE,64,346,95.392,489.02,0.029,0.001,489.04999999999995,584.442,8570099,8538068,8353420,371720,1009760,64,68,141060,d64_20261005_201429
"ESP32-S3 N16R8 (QFN56 rev v0.2, 16MB flash, 8MB octal PSRAM)",240,Task-AE,64,347,95.392,489.022,0.031,0.001,489.054,584.4459999999999,8570099,8538068,8353420,371720,1009760,64,68,141060,d64_20261005_201429
"ESP32-S3 N16R8 (QFN56 rev v0.2, 16MB flash, 8MB octal PSRAM)",240,Task-AE,64,348,95.392,489.02,0.029,0.001,489.04999999999995,584.442,8570099,8538068,8353420,371720,1009760,64,68,141060,d64_20261005_201429
"ESP32-S3 N16R8 (QFN56 rev v0.2, 16MB flash, 8MB octal PSRAM)",240,Task-AE,64,349,95.392,489.02,0.029,0.001,489.04999999999995,584.442,8570099,8538068,8353420,371720,1009760,64,68,141060,d64_20261005_201429
"ESP32-S3 N16R8 (QFN56 rev v0.2, 16MB flash, 8MB octal PSRAM)",240,Task-AE,64,350,95.392,489.022,0.031,0.001,489.054,584.4459999999999,8570099,8538068,8353420,371720,1009760,64,68,141060,d64_20261005_201429
"ESP32-S3 N16R8 (QFN56 rev v0.2, 16MB flash, 8MB octal PSRAM)",240,Task-AE,64,351,95.392,489.02,0.029,0.001,489.04999999999995,584.442,8570099,8538068,8353420,371720,1009760,64,68,141060,d64_20261005_201429
"ESP32-S3 N16R8 (QFN56 rev v0.2, 16MB flash, 8MB octal PSRAM)",240,Task-AE,64,352,95.392,489.02,0.029,0.001,489.04999999999995,584.442,8570099,8538068,8353420,371720,1009760,64,68,141060,d64_20261005_201429
"ESP32-S3 N16R8 (QFN56 rev v0.2, 16MB flash, 8MB octal PSRAM)",240,Task-AE,64,353,95.392,489.022,0.031,0.001,489.054,584.4459999999999,8570099,8538068,8353420,371720,1009760,64,68,141060,d64_20261005_201429
"ESP32-S3 N16R8 (QFN56 rev v0.2, 16MB flash, 8MB octal PSRAM)",240,Task-AE,64,354,95.392,489.02,0.029,0.001,489.04999999999995,584.442,8570099,8538068,8353420,371720,1009760,64,68,141060,d64_20261005_201429
"ESP32-S3 N16R8 (QFN56 rev v0.2, 16MB flash, 8MB octal PSRAM)",240,Task-AE,64,355,95.392,489.02,0.029,0.001,489.04999999999995,584.442,8570099,8538068,8353420,371720,1009760,64,68,141060,d64_20261005_201429
"ESP32-S3 N16R8 (QFN56 rev v0.2, 16MB flash, 8MB octal PSRAM)",240,Task-AE,64,356,95.392,489.022,0.031,0.001,489.054,584.4459999999999,8570099,8538068,8353420,371720,1009760,64,68,141060,d64_20261005_201429
"ESP32-S3 N16R8 (QFN56 rev v0.2, 16MB flash, 8MB octal PSRAM)",240,Task-AE,64,357,95.392,489.02,0.029,0.001,489.04999999999995,584.442,8570099,8538068,8353420,371720,1009760,64,68,141060,d64_20261005_201429
"ESP32-S3 N16R8 (QFN56 rev v0.2, 16MB flash, 8MB octal PSRAM)",240,Task-AE,64,358,95.392,489.02,0.029,0.001,489.04999999999995,584.442,8570099,8538068,8353420,371720,1009760,64,68,141060,d64_20261005_201429
"ESP32-S3 N16R8 (QFN56 rev v0.2, 16MB flash, 8MB octal PSRAM)",240,Task-AE,64,359,95.392,489.022,0.031,0.001,489.054,584.4459999999999,8570099,8538068,8353420,371720,1009760,64,68,141060,d64_20261005_201429
"ESP32-S3 N16R8 (QFN56 rev v0.2, 16MB flash, 8MB octal PSRAM)",240,Task-AE,64,360,95.392,489.02,0.029,0.001,489.04999999999995,584.442,8570099,8538068,8353420,371720,1009760,64,68,141060,d64_20261005_201429
"ESP32-S3 N16R8 (QFN56 rev v0.2, 16MB flash, 8MB octal PSRAM)",240,Task-AE,64,361,95.392,489.02,0.029,0.001,489.04999999999995,584.442,8570099,8538068,8353420,371720,1009760,64,68,141060,d64_20261005_201429
"ESP32-S3 N16R8 (QFN56 rev v0.2, 16MB flash, 8MB octal PSRAM)",240,Task-AE,64,362,95.392,489.022,0.031,0.001,489.054,584.4459999999999,8570099,8538068,8353420,371720,1009760,64,68,141060,d64_20261005_201429
"ESP32-S3 N16R8 (QFN56 rev v0.2, 16MB flash, 8MB octal PSRAM)",240,Task-AE,64,363,95.392,489.02,0.029,0.001,489.04999999999995,584.442,8570099,8538068,8353420,371720,1009760,64,68,141060,d64_20261005_201429
"ESP32-S3 N16R8 (QFN56 rev v0.2, 16MB flash, 8MB octal PSRAM)",240,Task-AE,64,364,95.392,489.02,0.029,0.001,489.04999999999995,584.442,8570099,8538068,8353420,371720,1009760,64,68,141060,d64_20261005_201429
"ESP32-S3 N16R8 (QFN56 rev v0.2, 16MB flash, 8MB octal PSRAM)",240,Task-AE,64,365,95.392,489.022,0.031,0.001,489.054,584.4459999999999,8570099,8538068,8353420,371720,1009760,64,68,141060,d64_20261005_201429
"ESP32-S3 N16R8 (QFN56 rev v0.2, 16MB flash, 8MB octal PSRAM)",240,Task-AE,64,366,95.392,489.02,0.029,0.001,489.04999999999995,584.442,8570099,8538068,8353420,371720,1009760,64,68,141060,d64_20261005_201429
"ESP32-S3 N16R8 (QFN56 rev v0.2, 16MB flash, 8MB octal PSRAM)",240,Task-AE,64,367,95.392,489.02,0.029,0.001,489.04999999999995,584.442,8570099,8538068,8353420,371720,1009760,64,68,141060,d64_20261005_201429
"ESP32-S3 N16R8 (QFN56 rev v0.2, 16MB flash, 8MB octal PSRAM)",240,Task-AE,64,368,95.392,489.022,0.031,0.001,489.054,584.4459999999999,8570099,8538068,8353420,371720,1009760,64,68,141060,d64_20261005_201429
"ESP32-S3 N16R8 (QFN56 rev v0.2, 16MB flash, 8MB octal PSRAM)",240,Task-AE,64,369,95.392,489.02,0.029,0.001,489.04999999999995,584.442,8570099,8538068,8353420,371720,1009760,64,68,141060,d64_20261005_201429
"ESP32-S3 N16R8 (QFN56 rev v0.2, 16MB flash, 8MB octal PSRAM)",240,Task-AE,64,370,95.392,489.02,0.029,0.001,489.04999999999995,584.442,8570099,8538068,8353420,371720,1009760,64,68,141060,d64_20261005_201429
"ESP32-S3 N16R8 (QFN56 rev v0.2, 16MB flash, 8MB octal PSRAM)",240,Task-AE,64,371,95.392,489.022,0.031,0.001,489.054,584.4459999999999,8570099,8538068,8353420,371720,1009760,64,68,141060,d64_20261005_201429
"ESP32-S3 N16R8 (QFN56 rev v0.2, 16MB flash, 8MB octal PSRAM)",240,Task-AE,64,372,95.392,489.02,0.029,0.001,489.04999999999995,584.442,8570099,8538068,8353420,371720,1009760,64,68,141060,d64_20261005_201429
"ESP32-S3 N16R8 (QFN56 rev v0.2, 16MB flash, 8MB octal PSRAM)",240,Task-AE,64,373,95.392,489.02,0.029,0.001,489.04999999999995,584.442,8570099,8538068,8353420,371720,1009760,64,68,141060,d64_20261005_201429
"ESP32-S3 N16R8 (QFN56 rev v0.2, 16MB flash, 8MB octal PSRAM)",240,Task-AE,64,374,95.392,489.022,0.031,0.001,489.054,584.4459999999999,8570099,8538068,8353420,371720,1009760,64,68,141060,d64_20261005_201429
"ESP32-S3 N16R8 (QFN56 rev v0.2, 16MB flash, 8MB octal PSRAM)",240,Task-AE,64,375,95.392,489.02,0.029,0.001,489.04999999999995,584.442,8570099,8538068,8353420,371720,1009760,64,68,141060,d64_20261005_201429
"ESP32-S3 N16R8 (QFN56 rev v0.2, 16MB flash, 8MB octal PSRAM)",240,Task-AE,64,376,95.392,489.02,0.029,0.001,489.04999999999995,584.442,8570099,8538068,8353420,371720,1009760,64,68,141060,d64_20261005_201429
"ESP32-S3 N16R8 (QFN56 rev v0.2, 16MB flash, 8MB octal PSRAM)",240,Task-AE,64,377,95.392,489.022,0.031,0.001,489.054,584.4459999999999,8570099,8538068,8353420,371720,1009760,64,68,141060,d64_20261005_201429
"ESP32-S3 N16R8 (QFN56 rev v0.2, 16MB flash, 8MB octal PSRAM)",240,Task-AE,64,378,95.392,489.02,0.029,0.001,489.04999999999995,584.442,8570099,8538068,8353420,371720,1009760,64,68,141060,d64_20261005_201429
"ESP32-S3 N16R8 (QFN56 rev v0.2, 16MB flash, 8MB octal PSRAM)",240,Task-AE,64,379,95.394,489.021,0.028,0.002,489.05100000000004,584.445,8570099,8538068,8353420,371720,1009760,64,68,141060,d64_20261005_201429
"ESP32-S3 N16R8 (QFN56 rev v0.2, 16MB flash, 8MB octal PSRAM)",240,Task-AE,64,380,95.392,489.022,0.031,0.001,489.054,584.4459999999999,8570099,8538068,8353420,371720,1009760,64,68,141060,d64_20261005_201429
"ESP32-S3 N16R8 (QFN56 rev v0.2, 16MB flash, 8MB octal PSRAM)",240,Task-AE,64,381,95.392,489.02,0.029,0.001,489.04999999999995,584.442,8570099,8538068,8353420,371720,1009760,64,68,141060,d64_20261005_201429
"ESP32-S3 N16R8 (QFN56 rev v0.2, 16MB flash, 8MB octal PSRAM)",240,Task-AE,64,382,95.392,489.02,0.029,0.001,489.04999999999995,584.442,8570099,8538068,8353420,371720,1009760,64,68,141060,d64_20261005_201429
"ESP32-S3 N16R8 (QFN56 rev v0.2, 16MB flash, 8MB octal PSRAM)",240,Task-AE,64,383,95.392,489.022,0.031,0.001,489.054,584.4459999999999,8570099,8538068,8353420,371720,1009760,64,68,141060,d64_20261005_201429
"ESP32-S3 N16R8 (QFN56 rev v0.2, 16MB flash, 8MB octal PSRAM)",240,Task-AE,64,384,95.392,489.02,0.029,0.001,489.04999999999995,584.442,8570099,8538068,8353420,371720,1009760,64,68,141060,d64_20261005_201429
"ESP32-S3 N16R8 (QFN56 rev v0.2, 16MB flash, 8MB octal PSRAM)",240,Task-AE,64,385,95.392,489.02,0.029,0.001,489.04999999999995,584.442,8570099,8538068,8353420,371720,1009760,64,68,141060,d64_20261005_201429
"ESP32-S3 N16R8 (QFN56 rev v0.2, 16MB flash, 8MB octal PSRAM)",240,Task-AE,64,386,95.392,489.022,0.031,0.001,489.054,584.4459999999999,8570099,8538068,8353420,371720,1009760,64,68,141060,d64_20261005_201429
"ESP32-S3 N16R8 (QFN56 rev v0.2, 16MB flash, 8MB octal PSRAM)",240,Task-AE,64,387,95.392,489.02,0.029,0.001,489.04999999999995,584.442,8570099,8538068,8353420,371720,1009760,64,68,141060,d64_20261005_201429
"ESP32-S3 N16R8 (QFN56 rev v0.2, 16MB flash, 8MB octal PSRAM)",240,Task-AE,64,388,95.392,489.02,0.029,0.001,489.04999999999995,584.442,8570099,8538068,8353420,371720,1009760,64,68,141060,d64_20261005_201429
"ESP32-S3 N16R8 (QFN56 rev v0.2, 16MB flash, 8MB octal PSRAM)",240,Task-AE,64,389,95.392,489.022,0.031,0.001,489.054,584.4459999999999,8570099,8538068,8353420,371720,1009760,64,68,141060,d64_20261005_201429
"ESP32-S3 N16R8 (QFN56 rev v0.2, 16MB flash, 8MB octal PSRAM)",240,Task-AE,64,390,95.392,489.02,0.029,0.001,489.04999999999995,584.442,8570099,8538068,8353420,371720,1009760,64,68,141060,d64_20261005_201429
"ESP32-S3 N16R8 (QFN56 rev v0.2, 16MB flash, 8MB octal PSRAM)",240,Task-AE,64,391,95.392,489.02,0.029,0.001,489.04999999999995,584.442,8570099,8538068,8353420,371720,1009760,64,68,141060,d64_20261005_201429
"ESP32-S3 N16R8 (QFN56 rev v0.2, 16MB flash, 8MB octal PSRAM)",240,Task-AE,64,392,95.392,489.022,0.031,0.001,489.054,584.4459999999999,8570099,8538068,8353420,371720,1009760,64,68,141060,d64_20261005_201429
"ESP32-S3 N16R8 (QFN56 rev v0.2, 16MB flash, 8MB octal PSRAM)",240,Task-AE,64,393,95.392,489.02,0.029,0.001,489.04999999999995,584.442,8570099,8538068,8353420,371720,1009760,64,68,141060,d64_20261005_201429
"ESP32-S3 N16R8 (QFN56 rev v0.2, 16MB flash, 8MB octal PSRAM)",240,Task-AE,64,394,95.392,489.02,0.029,0.001,489.04999999999995,584.442,8570099,8538068,8353420,371720,1009760,64,68,141060,d64_20261005_201429
"ESP32-S3 N16R8 (QFN56 rev v0.2, 16MB flash, 8MB octal PSRAM)",240,Task-AE,64,395,95.392,489.022,0.031,0.001,489.054,584.4459999999999,8570099,8538068,8353420,371720,1009760,64,68,141060,d64_20261005_201429
"ESP32-S3 N16R8 (QFN56 rev v0.2, 16MB flash, 8MB octal PSRAM)",240,Task-AE,64,396,95.392,489.02,0.029,0.001,489.04999999999995,584.442,8570099,8538068,8353420,371720,1009760,64,68,141060,d64_20261005_201429
"ESP32-S3 N16R8 (QFN56 rev v0.2, 16MB flash, 8MB octal PSRAM)",240,Task-AE,64,397,95.392,489.02,0.029,0.001,489.04999999999995,584.442,8570099,8538068,8353420,371720,1009760,64,68,141060,d64_20261005_201429
"ESP32-S3 N16R8 (QFN56 rev v0.2, 16MB flash, 8MB octal PSRAM)",240,Task-AE,64,398,95.392,489.022,0.031,0.001,489.054,584.4459999999999,8570099,8538068,8353420,371720,1009760,64,68,141060,d64_20261005_201429
"ESP32-S3 N16R8 (QFN56 rev v0.2, 16MB flash, 8MB octal PSRAM)",240,Task-AE,64,399,95.392,489.02,0.029,0.001,489.04999999999995,584.442,8570099,8538068,8353420,371720,1009760,64,68,141060,d64_20261005_201429
"ESP32-S3 N16R8 (QFN56 rev v0.2, 16MB flash, 8MB octal PSRAM)",240,Task-AE,64,400,95.392,489.02,0.029,0.001,489.04999999999995,584.442,8570099,8538068,8353420,371720,1009760,64,68,141060,d64_20261005_201429
"ESP32-S3 N16R8 (QFN56 rev v0.2, 16MB flash, 8MB octal PSRAM)",240,Task-AE,64,401,95.392,489.022,0.031,0.001,489.054,584.4459999999999,8570099,8538068,8353420,371720,1009760,64,68,141060,d64_20261005_201429
"ESP32-S3 N16R8 (QFN56 rev v0.2, 16MB flash, 8MB octal PSRAM)",240,Task-AE,64,402,95.394,489.021,0.028,0.002,489.05100000000004,584.445,8570099,8538068,8353420,371720,1009760,64,68,141060,d64_20261005_201429
"ESP32-S3 N16R8 (QFN56 rev v0.2, 16MB flash, 8MB octal PSRAM)",240,Task-AE,64,403,95.392,489.02,0.029,0.001,489.04999999999995,584.442,8570099,8538068,8353420,371720,1009760,64,68,141060,d64_20261005_201429
"ESP32-S3 N16R8 (QFN56 rev v0.2, 16MB flash, 8MB octal PSRAM)",240,Task-AE,64,404,95.392,489.022,0.031,0.001,489.054,584.4459999999999,8570099,8538068,8353420,371720,1009760,64,68,141060,d64_20261005_201429
"ESP32-S3 N16R8 (QFN56 rev v0.2, 16MB flash, 8MB octal PSRAM)",240,Task-AE,64,405,95.392,489.02,0.029,0.001,489.04999999999995,584.442,8570099,8538068,8353420,371720,1009760,64,68,141060,d64_20261005_201429
"ESP32-S3 N16R8 (QFN56 rev v0.2, 16MB flash, 8MB octal PSRAM)",240,Task-AE,64,406,95.392,489.02,0.029,0.001,489.04999999999995,584.442,8570099,8538068,8353420,371720,1009760,64,68,141060,d64_20261005_201429
"ESP32-S3 N16R8 (QFN56 rev v0.2, 16MB flash, 8MB octal PSRAM)",240,Task-AE,64,407,95.392,489.022,0.031,0.001,489.054,584.4459999999999,8570099,8538068,8353420,371720,1009760,64,68,141060,d64_20261005_201429
"ESP32-S3 N16R8 (QFN56 rev v0.2, 16MB flash, 8MB octal PSRAM)",240,Task-AE,64,408,95.392,489.02,0.029,0.001,489.04999999999995,584.442,8570099,8538068,8353420,371720,1009760,64,68,141060,d64_20261005_201429
"ESP32-S3 N16R8 (QFN56 rev v0.2, 16MB flash, 8MB octal PSRAM)",240,Task-AE,64,409,95.392,489.02,0.029,0.001,489.04999999999995,584.442,8570099,8538068,8353420,371720,1009760,64,68,141060,d64_20261005_201429
"ESP32-S3 N16R8 (QFN56 rev v0.2, 16MB flash, 8MB octal PSRAM)",240,Task-AE,64,410,95.392,489.022,0.031,0.001,489.054,584.4459999999999,8570099,8538068,8353420,371720,1009760,64,68,141060,d64_20261005_201429
"ESP32-S3 N16R8 (QFN56 rev v0.2, 16MB flash, 8MB octal PSRAM)",240,Task-AE,64,411,95.392,489.02,0.029,0.001,489.04999999999995,584.442,8570099,8538068,8353420,371720,1009760,64,68,141060,d64_20261005_201429
"ESP32-S3 N16R8 (QFN56 rev v0.2, 16MB flash, 8MB octal PSRAM)",240,Task-AE,64,412,95.392,489.02,0.029,0.001,489.04999999999995,584.442,8570099,8538068,8353420,371720,1009760,64,68,141060,d64_20261005_201429
"ESP32-S3 N16R8 (QFN56 rev v0.2, 16MB flash, 8MB octal PSRAM)",240,Task-AE,64,413,95.392,489.022,0.031,0.001,489.054,584.4459999999999,8570099,8538068,8353420,371720,1009760,64,68,141060,d64_20261005_201429
"ESP32-S3 N16R8 (QFN56 rev v0.2, 16MB flash, 8MB octal PSRAM)",240,Task-AE,64,414,95.392,489.02,0.029,0.001,489.04999999999995,584.442,8570099,8538068,8353420,371720,1009760,64,68,141060,d64_20261005_201429
"ESP32-S3 N16R8 (QFN56 rev v0.2, 16MB flash, 8MB octal PSRAM)",240,Task-AE,64,415,95.392,489.02,0.029,0.001,489.04999999999995,584.442,8570099,8538068,8353420,371720,1009760,64,68,141060,d64_20261005_201429
"ESP32-S3 N16R8 (QFN56 rev v0.2, 16MB flash, 8MB octal PSRAM)",240,Task-AE,64,416,95.392,489.022,0.031,0.001,489.054,584.4459999999999,8570099,8538068,8353420,371720,1009760,64,68,141060,d64_20261005_201429
"ESP32-S3 N16R8 (QFN56 rev v0.2, 16MB flash, 8MB octal PSRAM)",240,Task-AE,64,417,95.392,489.02,0.029,0.001,489.04999999999995,584.442,8570099,8538068,8353420,371720,1009760,64,68,141060,d64_20261005_201429
"ESP32-S3 N16R8 (QFN56 rev v0.2, 16MB flash, 8MB octal PSRAM)",240,Task-AE,64,418,95.392,489.02,0.029,0.001,489.04999999999995,584.442,8570099,8538068,8353420,371720,1009760,64,68,141060,d64_20261005_201429
"ESP32-S3 N16R8 (QFN56 rev v0.2, 16MB flash, 8MB octal PSRAM)",240,Task-AE,64,419,95.392,489.022,0.031,0.001,489.054,584.4459999999999,8570099,8538068,8353420,371720,1009760,64,68,141060,d64_20261005_201429
"ESP32-S3 N16R8 (QFN56 rev v0.2, 16MB flash, 8MB octal PSRAM)",240,Task-AE,64,420,95.392,489.02,0.029,0.001,489.04999999999995,584.442,8570099,8538068,8353420,371720,1009760,64,68,141060,d64_20261005_201429
"ESP32-S3 N16R8 (QFN56 rev v0.2, 16MB flash, 8MB octal PSRAM)",240,Task-AE,64,421,95.392,489.02,0.029,0.001,489.04999999999995,584.442,8570099,8538068,8353420,371720,1009760,64,68,141060,d64_20261005_201429
"ESP32-S3 N16R8 (QFN56 rev v0.2, 16MB flash, 8MB octal PSRAM)",240,Task-AE,64,422,95.392,489.022,0.031,0.001,489.054,584.4459999999999,8570099,8538068,8353420,371720,1009760,64,68,141060,d64_20261005_201429
"ESP32-S3 N16R8 (QFN56 rev v0.2, 16MB flash, 8MB octal PSRAM)",240,Task-AE,64,423,95.392,489.02,0.029,0.001,489.04999999999995,584.442,8570099,8538068,8353420,371720,1009760,64,68,141060,d64_20261005_201429
"ESP32-S3 N16R8 (QFN56 rev v0.2, 16MB flash, 8MB octal PSRAM)",240,Task-AE,64,424,95.392,489.02,0.029,0.001,489.04999999999995,584.442,8570099,8538068,8353420,371720,1009760,64,68,141060,d64_20261005_201429
"ESP32-S3 N16R8 (QFN56 rev v0.2, 16MB flash, 8MB octal PSRAM)",240,Task-AE,64,425,95.392,489.022,0.031,0.001,489.054,584.4459999999999,8570099,8538068,8353420,371720,1009760,64,68,141060,d64_20261005_201429
"ESP32-S3 N16R8 (QFN56 rev v0.2, 16MB flash, 8MB octal PSRAM)",240,Task-AE,64,426,95.392,489.02,0.029,0.001,489.04999999999995,584.442,8570099,8538068,8353420,371720,1009760,64,68,141060,d64_20261005_201429
"ESP32-S3 N16R8 (QFN56 rev v0.2, 16MB flash, 8MB octal PSRAM)",240,Task-AE,64,427,95.394,489.021,0.028,0.002,489.05100000000004,584.445,8570099,8538068,8353420,371720,1009760,64,68,141060,d64_20261005_201429
"ESP32-S3 N16R8 (QFN56 rev v0.2, 16MB flash, 8MB octal PSRAM)",240,Task-AE,64,428,95.392,489.022,0.031,0.001,489.054,584.4459999999999,8570099,8538068,8353420,371720,1009760,64,68,141060,d64_20261005_201429
"ESP32-S3 N16R8 (QFN56 rev v0.2, 16MB flash, 8MB octal PSRAM)",240,Task-AE,64,429,95.392,489.02,0.029,0.001,489.04999999999995,584.442,8570099,8538068,8353420,371720,1009760,64,68,141060,d64_20261005_201429
"ESP32-S3 N16R8 (QFN56 rev v0.2, 16MB flash, 8MB octal PSRAM)",240,Task-AE,64,430,95.392,489.02,0.029,0.001,489.04999999999995,584.442,8570099,8538068,8353420,371720,1009760,64,68,141060,d64_20261005_201429
"ESP32-S3 N16R8 (QFN56 rev v0.2, 16MB flash, 8MB octal PSRAM)",240,Task-AE,64,431,95.392,489.022,0.031,0.001,489.054,584.4459999999999,8570099,8538068,8353420,371720,1009760,64,68,141060,d64_20261005_201429
"ESP32-S3 N16R8 (QFN56 rev v0.2, 16MB flash, 8MB octal PSRAM)",240,Task-AE,64,432,95.392,489.02,0.029,0.001,489.04999999999995,584.442,8570099,8538068,8353420,371720,1009760,64,68,141060,d64_20261005_201429
"ESP32-S3 N16R8 (QFN56 rev v0.2, 16MB flash, 8MB octal PSRAM)",240,Task-AE,64,433,95.392,489.02,0.029,0.001,489.04999999999995,584.442,8570099,8538068,8353420,371720,1009760,64,68,141060,d64_20261005_201429
"ESP32-S3 N16R8 (QFN56 rev v0.2, 16MB flash, 8MB octal PSRAM)",240,Task-AE,64,434,95.392,489.022,0.031,0.001,489.054,584.4459999999999,8570099,8538068,8353420,371720,1009760,64,68,141060,d64_20261005_201429
"ESP32-S3 N16R8 (QFN56 rev v0.2, 16MB flash, 8MB octal PSRAM)",240,Task-AE,64,435,95.392,489.02,0.029,0.001,489.04999999999995,584.442,8570099,8538068,8353420,371720,1009760,64,68,141060,d64_20261005_201429
"ESP32-S3 N16R8 (QFN56 rev v0.2, 16MB flash, 8MB octal PSRAM)",240,Task-AE,64,436,95.392,489.02,0.029,0.001,489.04999999999995,584.442,8570099,8538068,8353420,371720,1009760,64,68,141060,d64_20261005_201429
"ESP32-S3 N16R8 (QFN56 rev v0.2, 16MB flash, 8MB octal PSRAM)",240,Task-AE,64,437,95.392,489.022,0.031,0.001,489.054,584.4459999999999,8570099,8538068,8353420,371720,1009760,64,68,141060,d64_20261005_201429
"ESP32-S3 N16R8 (QFN56 rev v0.2, 16MB flash, 8MB octal PSRAM)",240,Task-AE,64,438,95.392,489.02,0.029,0.001,489.04999999999995,584.442,8570099,8538068,8353420,371720,1009760,64,68,141060,d64_20261005_201429
"ESP32-S3 N16R8 (QFN56 rev v0.2, 16MB flash, 8MB octal PSRAM)",240,Task-AE,64,439,95.392,489.02,0.029,0.001,489.04999999999995,584.442,8570099,8538068,8353420,371720,1009760,64,68,141060,d64_20261005_201429
"ESP32-S3 N16R8 (QFN56 rev v0.2, 16MB flash, 8MB octal PSRAM)",240,Task-AE,64,440,95.392,489.022,0.031,0.001,489.054,584.4459999999999,8570099,8538068,8353420,371720,1009760,64,68,141060,d64_20261005_201429
"ESP32-S3 N16R8 (QFN56 rev v0.2, 16MB flash, 8MB octal PSRAM)",240,Task-AE,64,441,95.392,489.02,0.029,0.001,489.04999999999995,584.442,8570099,8538068,8353420,371720,1009760,64,68,141060,d64_20261005_201429
"ESP32-S3 N16R8 (QFN56 rev v0.2, 16MB flash, 8MB octal PSRAM)",240,Task-AE,64,442,95.392,489.02,0.029,0.001,489.04999999999995,584.442,8570099,8538068,8353420,371720,1009760,64,68,141060,d64_20261005_201429
"ESP32-S3 N16R8 (QFN56 rev v0.2, 16MB flash, 8MB octal PSRAM)",240,Task-AE,64,443,95.392,489.022,0.031,0.001,489.054,584.4459999999999,8570099,8538068,8353420,371720,1009760,64,68,141060,d64_20261005_201429
"ESP32-S3 N16R8 (QFN56 rev v0.2, 16MB flash, 8MB octal PSRAM)",240,Task-AE,64,444,95.392,489.02,0.029,0.001,489.04999999999995,584.442,8570099,8538068,8353420,371720,1009760,64,68,141060,d64_20261005_201429
"ESP32-S3 N16R8 (QFN56 rev v0.2, 16MB flash, 8MB octal PSRAM)",240,Task-AE,64,445,95.392,489.02,0.029,0.001,489.04999999999995,584.442,8570099,8538068,8353420,371720,1009760,64,68,141060,d64_20261005_201429
"ESP32-S3 N16R8 (QFN56 rev v0.2, 16MB flash, 8MB octal PSRAM)",240,Task-AE,64,446,95.392,489.022,0.031,0.001,489.054,584.4459999999999,8570099,8538068,8353420,371720,1009760,64,68,141060,d64_20261005_201429
"ESP32-S3 N16R8 (QFN56 rev v0.2, 16MB flash, 8MB octal PSRAM)",240,Task-AE,64,447,95.392,489.02,0.029,0.001,489.04999999999995,584.442,8570099,8538068,8353420,371720,1009760,64,68,141060,d64_20261005_201429
"ESP32-S3 N16R8 (QFN56 rev v0.2, 16MB flash, 8MB octal PSRAM)",240,Task-AE,64,448,95.392,489.02,0.029,0.001,489.04999999999995,584.442,8570099,8538068,8353420,371720,1009760,64,68,141060,d64_20261005_201429
"ESP32-S3 N16R8 (QFN56 rev v0.2, 16MB flash, 8MB octal PSRAM)",240,Task-AE,64,449,95.392,489.022,0.031,0.001,489.054,584.4459999999999,8570099,8538068,8353420,371720,1009760,64,68,141060,d64_20261005_201429
"ESP32-S3 N16R8 (QFN56 rev v0.2, 16MB flash, 8MB octal PSRAM)",240,Task-AE,64,450,95.392,489.02,0.029,0.001,489.04999999999995,584.442,8570099,8538068,8353420,371720,1009760,64,68,141060,d64_20261005_201429
"ESP32-S3 N16R8 (QFN56 rev v0.2, 16MB flash, 8MB octal PSRAM)",240,Task-AE,64,451,95.392,489.02,0.029,0.001,489.04999999999995,584.442,8570099,8538068,8353420,371720,1009760,64,68,141060,d64_20261005_201429
"ESP32-S3 N16R8 (QFN56 rev v0.2, 16MB flash, 8MB octal PSRAM)",240,Task-AE,64,452,95.392,489.022,0.031,0.001,489.054,584.4459999999999,8570099,8538068,8353420,371720,1009760,64,68,141060,d64_20261005_201429
"ESP32-S3 N16R8 (QFN56 rev v0.2, 16MB flash, 8MB octal PSRAM)",240,Task-AE,64,453,95.392,489.02,0.029,0.001,489.04999999999995,584.442,8570099,8538068,8353420,371720,1009760,64,68,141060,d64_20261005_201429
"ESP32-S3 N16R8 (QFN56 rev v0.2, 16MB flash, 8MB octal PSRAM)",240,Task-AE,64,454,95.392,489.02,0.029,0.001,489.04999999999995,584.442,8570099,8538068,8353420,371720,1009760,64,68,141060,d64_20261005_201429
"ESP32-S3 N16R8 (QFN56 rev v0.2, 16MB flash, 8MB octal PSRAM)",240,Task-AE,64,455,95.392,489.022,0.031,0.001,489.054,584.4459999999999,8570099,8538068,8353420,371720,1009760,64,68,141060,d64_20261005_201429
"ESP32-S3 N16R8 (QFN56 rev v0.2, 16MB flash, 8MB octal PSRAM)",240,Task-AE,64,456,95.392,489.02,0.029,0.001,489.04999999999995,584.442,8570099,8538068,8353420,371720,1009760,64,68,141060,d64_20261005_201429
"ESP32-S3 N16R8 (QFN56 rev v0.2, 16MB flash, 8MB octal PSRAM)",240,Task-AE,64,457,95.392,489.02,0.029,0.001,489.04999999999995,584.442,8570099,8538068,8353420,371720,1009760,64,68,141060,d64_20261005_201429
"ESP32-S3 N16R8 (QFN56 rev v0.2, 16MB flash, 8MB octal PSRAM)",240,Task-AE,64,458,95.392,489.022,0.031,0.001,489.054,584.4459999999999,8570099,8538068,8353420,371720,1009760,64,68,141060,d64_20261005_201429
"ESP32-S3 N16R8 (QFN56 rev v0.2, 16MB flash, 8MB octal PSRAM)",240,Task-AE,64,459,95.392,489.02,0.029,0.001,489.04999999999995,584.442,8570099,8538068,8353420,371720,1009760,64,68,141060,d64_20261005_201429
"ESP32-S3 N16R8 (QFN56 rev v0.2, 16MB flash, 8MB octal PSRAM)",240,Task-AE,64,460,95.392,489.02,0.029,0.001,489.04999999999995,584.442,8570099,8538068,8353420,371720,1009760,64,68,141060,d64_20261005_201429
"ESP32-S3 N16R8 (QFN56 rev v0.2, 16MB flash, 8MB octal PSRAM)",240,Task-AE,64,461,95.394,489.023,0.03,0.002,489.055,584.4490000000001,8570099,8538068,8353420,371720,1009760,64,68,141060,d64_20261005_201429
"ESP32-S3 N16R8 (QFN56 rev v0.2, 16MB flash, 8MB octal PSRAM)",240,Task-AE,64,462,95.392,489.02,0.029,0.001,489.04999999999995,584.442,8570099,8538068,8353420,371720,1009760,64,68,141060,d64_20261005_201429
"ESP32-S3 N16R8 (QFN56 rev v0.2, 16MB flash, 8MB octal PSRAM)",240,Task-AE,64,463,95.392,489.02,0.029,0.001,489.04999999999995,584.442,8570099,8538068,8353420,371720,1009760,64,68,141060,d64_20261005_201429
"ESP32-S3 N16R8 (QFN56 rev v0.2, 16MB flash, 8MB octal PSRAM)",240,Task-AE,64,464,95.392,489.022,0.031,0.001,489.054,584.4459999999999,8570099,8538068,8353420,371720,1009760,64,68,141060,d64_20261005_201429
"ESP32-S3 N16R8 (QFN56 rev v0.2, 16MB flash, 8MB octal PSRAM)",240,Task-AE,64,465,95.392,489.02,0.029,0.001,489.04999999999995,584.442,8570099,8538068,8353420,371720,1009760,64,68,141060,d64_20261005_201429
"ESP32-S3 N16R8 (QFN56 rev v0.2, 16MB flash, 8MB octal PSRAM)",240,Task-AE,64,466,95.392,489.02,0.029,0.001,489.04999999999995,584.442,8570099,8538068,8353420,371720,1009760,64,68,141060,d64_20261005_201429
"ESP32-S3 N16R8 (QFN56 rev v0.2, 16MB flash, 8MB octal PSRAM)",240,Task-AE,64,467,95.392,489.022,0.031,0.001,489.054,584.4459999999999,8570099,8538068,8353420,371720,1009760,64,68,141060,d64_20261005_201429
"ESP32-S3 N16R8 (QFN56 rev v0.2, 16MB flash, 8MB octal PSRAM)",240,Task-AE,64,468,95.392,489.02,0.029,0.001,489.04999999999995,584.442,8570099,8538068,8353420,371720,1009760,64,68,141060,d64_20261005_201429
"ESP32-S3 N16R8 (QFN56 rev v0.2, 16MB flash, 8MB octal PSRAM)",240,Task-AE,64,469,95.392,489.02,0.029,0.001,489.04999999999995,584.442,8570099,8538068,8353420,371720,1009760,64,68,141060,d64_20261005_201429
"ESP32-S3 N16R8 (QFN56 rev v0.2, 16MB flash, 8MB octal PSRAM)",240,Task-AE,64,470,95.394,489.023,0.03,0.002,489.055,584.4490000000001,8570099,8538068,8353420,371720,1009760,64,68,141060,d64_20261005_201429
"ESP32-S3 N16R8 (QFN56 rev v0.2, 16MB flash, 8MB octal PSRAM)",240,Task-AE,64,471,95.392,489.02,0.029,0.001,489.04999999999995,584.442,8570099,8538068,8353420,371720,1009760,64,68,141060,d64_20261005_201429
"ESP32-S3 N16R8 (QFN56 rev v0.2, 16MB flash, 8MB octal PSRAM)",240,Task-AE,64,472,95.392,489.02,0.029,0.001,489.04999999999995,584.442,8570099,8538068,8353420,371720,1009760,64,68,141060,d64_20261005_201429
"ESP32-S3 N16R8 (QFN56 rev v0.2, 16MB flash, 8MB octal PSRAM)",240,Task-AE,64,473,95.392,489.022,0.031,0.001,489.054,584.4459999999999,8570099,8538068,8353420,371720,1009760,64,68,141060,d64_20261005_201429
"ESP32-S3 N16R8 (QFN56 rev v0.2, 16MB flash, 8MB octal PSRAM)",240,Task-AE,64,474,95.392,489.02,0.029,0.001,489.04999999999995,584.442,8570099,8538068,8353420,371720,1009760,64,68,141060,d64_20261005_201429
"ESP32-S3 N16R8 (QFN56 rev v0.2, 16MB flash, 8MB octal PSRAM)",240,Task-AE,64,475,95.392,489.02,0.029,0.001,489.04999999999995,584.442,8570099,8538068,8353420,371720,1009760,64,68,141060,d64_20261005_201429
"ESP32-S3 N16R8 (QFN56 rev v0.2, 16MB flash, 8MB octal PSRAM)",240,Task-AE,64,476,95.392,489.022,0.031,0.001,489.054,584.4459999999999,8570099,8538068,8353420,371720,1009760,64,68,141060,d64_20261005_201429
"ESP32-S3 N16R8 (QFN56 rev v0.2, 16MB flash, 8MB octal PSRAM)",240,Task-AE,64,477,95.392,489.02,0.029,0.001,489.04999999999995,584.442,8570099,8538068,8353420,371720,1009760,64,68,141060,d64_20261005_201429
"ESP32-S3 N16R8 (QFN56 rev v0.2, 16MB flash, 8MB octal PSRAM)",240,Task-AE,64,478,95.392,489.02,0.029,0.001,489.04999999999995,584.442,8570099,8538068,8353420,371720,1009760,64,68,141060,d64_20261005_201429
"ESP32-S3 N16R8 (QFN56 rev v0.2, 16MB flash, 8MB octal PSRAM)",240,Task-AE,64,479,95.392,489.022,0.031,0.001,489.054,584.4459999999999,8570099,8538068,8353420,371720,1009760,64,68,141060,d64_20261005_201429
"ESP32-S3 N16R8 (QFN56 rev v0.2, 16MB flash, 8MB octal PSRAM)",240,Task-AE,64,480,95.392,489.02,0.029,0.001,489.04999999999995,584.442,8570099,8538068,8353420,371720,1009760,64,68,141060,d64_20261005_201429
"ESP32-S3 N16R8 (QFN56 rev v0.2, 16MB flash, 8MB octal PSRAM)",240,Task-AE,64,481,95.392,489.02,0.029,0.001,489.04999999999995,584.442,8570099,8538068,8353420,371720,1009760,64,68,141060,d64_20261005_201429
"ESP32-S3 N16R8 (QFN56 rev v0.2, 16MB flash, 8MB octal PSRAM)",240,Task-AE,64,482,95.392,489.022,0.031,0.001,489.054,584.4459999999999,8570099,8538068,8353420,371720,1009760,64,68,141060,d64_20261005_201429
"ESP32-S3 N16R8 (QFN56 rev v0.2, 16MB flash, 8MB octal PSRAM)",240,Task-AE,64,483,95.392,489.02,0.029,0.001,489.04999999999995,584.442,8570099,8538068,8353420,371720,1009760,64,68,141060,d64_20261005_201429
"ESP32-S3 N16R8 (QFN56 rev v0.2, 16MB flash, 8MB octal PSRAM)",240,Task-AE,64,484,95.392,489.02,0.029,0.001,489.04999999999995,584.442,8570099,8538068,8353420,371720,1009760,64,68,141060,d64_20261005_201429
"ESP32-S3 N16R8 (QFN56 rev v0.2, 16MB flash, 8MB octal PSRAM)",240,Task-AE,64,485,95.392,489.022,0.031,0.001,489.054,584.4459999999999,8570099,8538068,8353420,371720,1009760,64,68,141060,d64_20261005_201429
"ESP32-S3 N16R8 (QFN56 rev v0.2, 16MB flash, 8MB octal PSRAM)",240,Task-AE,64,486,95.392,489.02,0.029,0.001,489.04999999999995,584.442,8570099,8538068,8353420,371720,1009760,64,68,141060,d64_20261005_201429
"ESP32-S3 N16R8 (QFN56 rev v0.2, 16MB flash, 8MB octal PSRAM)",240,Task-AE,64,487,95.392,489.02,0.029,0.001,489.04999999999995,584.442,8570099,8538068,8353420,371720,1009760,64,68,141060,d64_20261005_201429
"ESP32-S3 N16R8 (QFN56 rev v0.2, 16MB flash, 8MB octal PSRAM)",240,Task-AE,64,488,95.392,489.022,0.031,0.001,489.054,584.4459999999999,8570099,8538068,8353420,371720,1009760,64,68,141060,d64_20261005_201429
"ESP32-S3 N16R8 (QFN56 rev v0.2, 16MB flash, 8MB octal PSRAM)",240,Task-AE,64,489,95.392,489.02,0.029,0.001,489.04999999999995,584.442,8570099,8538068,8353420,371720,1009760,64,68,141060,d64_20261005_201429
"ESP32-S3 N16R8 (QFN56 rev v0.2, 16MB flash, 8MB octal PSRAM)",240,Task-AE,64,490,95.392,489.02,0.029,0.001,489.04999999999995,584.442,8570099,8538068,8353420,371720,1009760,64,68,141060,d64_20261005_201429
"ESP32-S3 N16R8 (QFN56 rev v0.2, 16MB flash, 8MB octal PSRAM)",240,Task-AE,64,491,95.392,489.022,0.031,0.001,489.054,584.4459999999999,8570099,8538068,8353420,371720,1009760,64,68,141060,d64_20261005_201429
"ESP32-S3 N16R8 (QFN56 rev v0.2, 16MB flash, 8MB octal PSRAM)",240,Task-AE,64,492,95.392,489.02,0.029,0.001,489.04999999999995,584.442,8570099,8538068,8353420,371720,1009760,64,68,141060,d64_20261005_201429
"ESP32-S3 N16R8 (QFN56 rev v0.2, 16MB flash, 8MB octal PSRAM)",240,Task-AE,64,493,95.392,489.02,0.029,0.001,489.04999999999995,584.442,8570099,8538068,8353420,371720,1009760,64,68,141060,d64_20261005_201429
"ESP32-S3 N16R8 (QFN56 rev v0.2, 16MB flash, 8MB octal PSRAM)",240,Task-AE,64,494,95.392,489.022,0.031,0.001,489.054,584.4459999999999,8570099,8538068,8353420,371720,1009760,64,68,141060,d64_20261005_201429
"ESP32-S3 N16R8 (QFN56 rev v0.2, 16MB flash, 8MB octal PSRAM)",240,Task-AE,64,495,95.392,489.02,0.029,0.001,489.04999999999995,584.442,8570099,8538068,8353420,371720,1009760,64,68,141060,d64_20261005_201429
"ESP32-S3 N16R8 (QFN56 rev v0.2, 16MB flash, 8MB octal PSRAM)",240,Task-AE,64,496,95.392,489.02,0.029,0.001,489.04999999999995,584.442,8570099,8538068,8353420,371720,1009760,64,68,141060,d64_20261005_201429
"ESP32-S3 N16R8 (QFN56 rev v0.2, 16MB flash, 8MB octal PSRAM)",240,Task-AE,64,497,95.392,489.022,0.031,0.001,489.054,584.4459999999999,8570099,8538068,8353420,371720,1009760,64,68,141060,d64_20261005_201429
"ESP32-S3 N16R8 (QFN56 rev v0.2, 16MB flash, 8MB octal PSRAM)",240,Task-AE,64,498,95.392,489.02,0.029,0.001,489.04999999999995,584.442,8570099,8538068,8353420,371720,1009760,64,68,141060,d64_20261005_201429
"ESP32-S3 N16R8 (QFN56 rev v0.2, 16MB flash, 8MB octal PSRAM)",240,Task-AE,64,499,95.392,489.02,0.029,0.001,489.04999999999995,584.442,8570099,8538068,8353420,371720,1009760,64,68,141060,d64_20261005_201429
"ESP32-S3 N16R8 (QFN56 rev v0.2, 16MB flash, 8MB octal PSRAM)",240,Task-AE,64,500,95.392,489.022,0.031,0.001,489.054,584.4459999999999,8570099,8538068,8353420,371720,1009760,64,68,141060,d64_20261005_201429
"ESP32-S3 N16R8 (QFN56 rev v0.2, 16MB flash, 8MB octal PSRAM)",240,Task-AE,64,501,95.392,489.02,0.029,0.001,489.04999999999995,584.442,8570099,8538068,8353420,371720,1009760,64,68,141060,d64_20261005_201429
"ESP32-S3 N16R8 (QFN56 rev v0.2, 16MB flash, 8MB octal PSRAM)",240,Task-AE,64,502,95.392,489.02,0.029,0.001,489.04999999999995,584.442,8570099,8538068,8353420,371720,1009760,64,68,141060,d64_20261005_201429
"ESP32-S3 N16R8 (QFN56 rev v0.2, 16MB flash, 8MB octal PSRAM)",240,Task-AE,64,503,95.392,489.022,0.031,0.001,489.054,584.4459999999999,8570099,8538068,8353420,371720,1009760,64,68,141060,d64_20261005_201429
"ESP32-S3 N16R8 (QFN56 rev v0.2, 16MB flash, 8MB octal PSRAM)",240,Task-AE,64,504,95.392,489.02,0.029,0.001,489.04999999999995,584.442,8570099,8538068,8353420,371720,1009760,64,68,141060,d64_20261005_201429
"ESP32-S3 N16R8 (QFN56 rev v0.2, 16MB flash, 8MB octal PSRAM)",240,Task-AE,64,505,95.392,489.02,0.029,0.001,489.04999999999995,584.442,8570099,8538068,8353420,371720,1009760,64,68,141060,d64_20261005_201429
"ESP32-S3 N16R8 (QFN56 rev v0.2, 16MB flash, 8MB octal PSRAM)",240,Task-AE,64,506,95.392,489.022,0.031,0.001,489.054,584.4459999999999,8570099,8538068,8353420,371720,1009760,64,68,141060,d64_20261005_201429
"ESP32-S3 N16R8 (QFN56 rev v0.2, 16MB flash, 8MB octal PSRAM)",240,Task-AE,64,507,95.392,489.02,0.029,0.001,489.04999999999995,584.442,8570099,8538068,8353420,371720,1009760,64,68,141060,d64_20261005_201429
"ESP32-S3 N16R8 (QFN56 rev v0.2, 16MB flash, 8MB octal PSRAM)",240,Task-AE,64,508,95.392,489.02,0.029,0.001,489.04999999999995,584.442,8570099,8538068,8353420,371720,1009760,64,68,141060,d64_20261005_201429
"ESP32-S3 N16R8 (QFN56 rev v0.2, 16MB flash, 8MB octal PSRAM)",240,Task-AE,64,509,95.392,489.022,0.031,0.001,489.054,584.4459999999999,8570099,8538068,8353420,371720,1009760,64,68,141060,d64_20261005_201429
"ESP32-S3 N16R8 (QFN56 rev v0.2, 16MB flash, 8MB octal PSRAM)",240,Task-AE,64,510,95.392,489.02,0.029,0.001,489.04999999999995,584.442,8570099,8538068,8353420,371720,1009760,64,68,141060,d64_20261005_201429
"ESP32-S3 N16R8 (QFN56 rev v0.2, 16MB flash, 8MB octal PSRAM)",240,Task-AE,64,511,95.392,489.02,0.029,0.001,489.04999999999995,584.442,8570099,8538068,8353420,371720,1009760,64,68,141060,d64_20261005_201429
"ESP32-S3 N16R8 (QFN56 rev v0.2, 16MB flash, 8MB octal PSRAM)",240,Task-AE,64,512,95.392,489.022,0.031,0.001,489.054,584.4459999999999,8570099,8538068,8353420,371720,1009760,64,68,141060,d64_20261005_201429
"ESP32-S3 N16R8 (QFN56 rev v0.2, 16MB flash, 8MB octal PSRAM)",240,Task-AE,64,513,95.392,489.02,0.029,0.001,489.04999999999995,584.442,8570099,8538068,8353420,371720,1009760,64,68,141060,d64_20261005_201429
"ESP32-S3 N16R8 (QFN56 rev v0.2, 16MB flash, 8MB octal PSRAM)",240,Task-AE,64,514,95.392,489.02,0.029,0.001,489.04999999999995,584.442,8570099,8538068,8353420,371720,1009760,64,68,141060,d64_20261005_201429
"ESP32-S3 N16R8 (QFN56 rev v0.2, 16MB flash, 8MB octal PSRAM)",240,Task-AE,64,515,95.392,489.022,0.031,0.001,489.054,584.4459999999999,8570099,8538068,8353420,371720,1009760,64,68,141060,d64_20261005_201429
"ESP32-S3 N16R8 (QFN56 rev v0.2, 16MB flash, 8MB octal PSRAM)",240,Task-AE,64,516,95.392,489.02,0.029,0.001,489.04999999999995,584.442,8570099,8538068,8353420,371720,1009760,64,68,141060,d64_20261005_201429
"ESP32-S3 N16R8 (QFN56 rev v0.2, 16MB flash, 8MB octal PSRAM)",240,Task-AE,64,517,95.392,489.02,0.029,0.001,489.04999999999995,584.442,8570099,8538068,8353420,371720,1009760,64,68,141060,d64_20261005_201429
"ESP32-S3 N16R8 (QFN56 rev v0.2, 16MB flash, 8MB octal PSRAM)",240,Task-AE,64,518,95.392,489.022,0.031,0.001,489.054,584.4459999999999,8570099,8538068,8353420,371720,1009760,64,68,141060,d64_20261005_201429
"ESP32-S3 N16R8 (QFN56 rev v0.2, 16MB flash, 8MB octal PSRAM)",240,Task-AE,64,519,95.392,489.02,0.029,0.001,489.04999999999995,584.442,8570099,8538068,8353420,371720,1009760,64,68,141060,d64_20261005_201429
"ESP32-S3 N16R8 (QFN56 rev v0.2, 16MB flash, 8MB octal PSRAM)",240,Task-AE,64,520,95.392,489.02,0.029,0.001,489.04999999999995,584.442,8570099,8538068,8353420,371720,1009760,64,68,141060,d64_20261005_201429
"ESP32-S3 N16R8 (QFN56 rev v0.2, 16MB flash, 8MB octal PSRAM)",240,Task-AE,64,521,95.392,489.022,0.031,0.001,489.054,584.4459999999999,8570099,8538068,8353420,371720,1009760,64,68,141060,d64_20261005_201429
"ESP32-S3 N16R8 (QFN56 rev v0.2, 16MB flash, 8MB octal PSRAM)",240,Task-AE,64,522,95.392,489.02,0.029,0.001,489.04999999999995,584.442,8570099,8538068,8353420,371720,1009760,64,68,141060,d64_20261005_201429
"ESP32-S3 N16R8 (QFN56 rev v0.2, 16MB flash, 8MB octal PSRAM)",240,Task-AE,64,523,95.392,489.02,0.029,0.001,489.04999999999995,584.442,8570099,8538068,8353420,371720,1009760,64,68,141060,d64_20261005_201429
"ESP32-S3 N16R8 (QFN56 rev v0.2, 16MB flash, 8MB octal PSRAM)",240,Task-AE,64,524,95.392,489.022,0.031,0.001,489.054,584.4459999999999,8570099,8538068,8353420,371720,1009760,64,68,141060,d64_20261005_201429
"ESP32-S3 N16R8 (QFN56 rev v0.2, 16MB flash, 8MB octal PSRAM)",240,Task-AE,64,525,95.392,489.02,0.029,0.001,489.04999999999995,584.442,8570099,8538068,8353420,371720,1009760,64,68,141060,d64_20261005_201429
"ESP32-S3 N16R8 (QFN56 rev v0.2, 16MB flash, 8MB octal PSRAM)",240,Task-AE,64,526,95.392,489.02,0.029,0.001,489.04999999999995,584.442,8570099,8538068,8353420,371720,1009760,64,68,141060,d64_20261005_201429
"ESP32-S3 N16R8 (QFN56 rev v0.2, 16MB flash, 8MB octal PSRAM)",240,Task-AE,64,527,95.392,489.022,0.031,0.001,489.054,584.4459999999999,8570099,8538068,8353420,371720,1009760,64,68,141060,d64_20261005_201429
"ESP32-S3 N16R8 (QFN56 rev v0.2, 16MB flash, 8MB octal PSRAM)",240,Task-AE,64,528,95.392,489.02,0.029,0.001,489.04999999999995,584.442,8570099,8538068,8353420,371720,1009760,64,68,141060,d64_20261005_201429
"ESP32-S3 N16R8 (QFN56 rev v0.2, 16MB flash, 8MB octal PSRAM)",240,Task-AE,64,529,95.392,489.02,0.029,0.001,489.04999999999995,584.442,8570099,8538068,8353420,371720,1009760,64,68,141060,d64_20261005_201429
"ESP32-S3 N16R8 (QFN56 rev v0.2, 16MB flash, 8MB octal PSRAM)",240,Task-AE,64,530,95.392,489.022,0.031,0.001,489.054,584.4459999999999,8570099,8538068,8353420,371720,1009760,64,68,141060,d64_20261005_201429
"ESP32-S3 N16R8 (QFN56 rev v0.2, 16MB flash, 8MB octal PSRAM)",240,Task-AE,64,531,95.392,489.02,0.029,0.001,489.04999999999995,584.442,8570099,8538068,8353420,371720,1009760,64,68,141060,d64_20261005_201429
"ESP32-S3 N16R8 (QFN56 rev v0.2, 16MB flash, 8MB octal PSRAM)",240,Task-AE,64,532,95.392,489.02,0.029,0.001,489.04999999999995,584.442,8570099,8538068,8353420,371720,1009760,64,68,141060,d64_20261005_201429
"ESP32-S3 N16R8 (QFN56 rev v0.2, 16MB flash, 8MB octal PSRAM)",240,Task-AE,64,533,95.392,489.022,0.031,0.001,489.054,584.4459999999999,8570099,8538068,8353420,371720,1009760,64,68,141060,d64_20261005_201429
"ESP32-S3 N16R8 (QFN56 rev v0.2, 16MB flash, 8MB octal PSRAM)",240,Task-AE,64,534,95.392,489.02,0.029,0.001,489.04999999999995,584.442,8570099,8538068,8353420,371720,1009760,64,68,141060,d64_20261005_201429
"ESP32-S3 N16R8 (QFN56 rev v0.2, 16MB flash, 8MB octal PSRAM)",240,Task-AE,64,535,95.392,489.02,0.029,0.001,489.04999999999995,584.442,8570099,8538068,8353420,371720,1009760,64,68,141060,d64_20261005_201429
"ESP32-S3 N16R8 (QFN56 rev v0.2, 16MB flash, 8MB octal PSRAM)",240,Task-AE,64,536,95.392,489.022,0.031,0.001,489.054,584.4459999999999,8570099,8538068,8353420,371720,1009760,64,68,141060,d64_20261005_201429
"ESP32-S3 N16R8 (QFN56 rev v0.2, 16MB flash, 8MB octal PSRAM)",240,Task-AE,64,537,95.392,489.02,0.029,0.001,489.04999999999995,584.442,8570099,8538068,8353420,371720,1009760,64,68,141060,d64_20261005_201429
"ESP32-S3 N16R8 (QFN56 rev v0.2, 16MB flash, 8MB octal PSRAM)",240,Task-AE,64,538,95.392,489.02,0.029,0.001,489.04999999999995,584.442,8570099,8538068,8353420,371720,1009760,64,68,141060,d64_20261005_201429
"ESP32-S3 N16R8 (QFN56 rev v0.2, 16MB flash, 8MB octal PSRAM)",240,Task-AE,64,539,95.392,489.022,0.031,0.001,489.054,584.4459999999999,8570099,8538068,8353420,371720,1009760,64,68,141060,d64_20261005_201429
"ESP32-S3 N16R8 (QFN56 rev v0.2, 16MB flash, 8MB octal PSRAM)",240,Task-AE,64,540,95.392,489.02,0.029,0.001,489.04999999999995,584.442,8570099,8538068,8353420,371720,1009760,64,68,141060,d64_20261005_201429
"ESP32-S3 N16R8 (QFN56 rev v0.2, 16MB flash, 8MB octal PSRAM)",240,Task-AE,64,541,95.392,489.02,0.029,0.001,489.04999999999995,584.442,8570099,8538068,8353420,371720,1009760,64,68,141060,d64_20261005_201429
"ESP32-S3 N16R8 (QFN56 rev v0.2, 16MB flash, 8MB octal PSRAM)",240,Task-AE,64,542,95.392,489.022,0.031,0.001,489.054,584.4459999999999,8570099,8538068,8353420,371720,1009760,64,68,141060,d64_20261005_201429
"ESP32-S3 N16R8 (QFN56 rev v0.2, 16MB flash, 8MB octal PSRAM)",240,Task-AE,64,543,95.392,489.02,0.029,0.001,489.04999999999995,584.442,8570099,8538068,8353420,371720,1009760,64,68,141060,d64_20261005_201429
"ESP32-S3 N16R8 (QFN56 rev v0.2, 16MB flash, 8MB octal PSRAM)",240,Task-AE,64,544,95.392,489.02,0.029,0.001,489.04999999999995,584.442,8570099,8538068,8353420,371720,1009760,64,68,141060,d64_20261005_201429
"ESP32-S3 N16R8 (QFN56 rev v0.2, 16MB flash, 8MB octal PSRAM)",240,Task-AE,64,545,95.392,489.022,0.031,0.001,489.054,584.4459999999999,8570099,8538068,8353420,371720,1009760,64,68,141060,d64_20261005_201429
"ESP32-S3 N16R8 (QFN56 rev v0.2, 16MB flash, 8MB octal PSRAM)",240,Task-AE,64,546,95.392,489.02,0.029,0.001,489.04999999999995,584.442,8570099,8538068,8353420,371720,1009760,64,68,141060,d64_20261005_201429
"ESP32-S3 N16R8 (QFN56 rev v0.2, 16MB flash, 8MB octal PSRAM)",240,Task-AE,64,547,95.392,489.02,0.029,0.001,489.04999999999995,584.442,8570099,8538068,8353420,371720,1009760,64,68,141060,d64_20261005_201429
"ESP32-S3 N16R8 (QFN56 rev v0.2, 16MB flash, 8MB octal PSRAM)",240,Task-AE,64,548,95.392,489.022,0.031,0.001,489.054,584.4459999999999,8570099,8538068,8353420,371720,1009760,64,68,141060,d64_20261005_201429
"ESP32-S3 N16R8 (QFN56 rev v0.2, 16MB flash, 8MB octal PSRAM)",240,Task-AE,64,549,95.392,489.02,0.029,0.001,489.04999999999995,584.442,8570099,8538068,8353420,371720,1009760,64,68,141060,d64_20261005_201429
"ESP32-S3 N16R8 (QFN56 rev v0.2, 16MB flash, 8MB octal PSRAM)",240,Task-AE,64,550,95.392,489.02,0.029,0.001,489.04999999999995,584.442,8570099,8538068,8353420,371720,1009760,64,68,141060,d64_20261005_201429
"ESP32-S3 N16R8 (QFN56 rev v0.2, 16MB flash, 8MB octal PSRAM)",240,Task-AE,64,551,95.392,489.022,0.031,0.001,489.054,584.4459999999999,8570099,8538068,8353420,371720,1009760,64,68,141060,d64_20261005_201429
"ESP32-S3 N16R8 (QFN56 rev v0.2, 16MB flash, 8MB octal PSRAM)",240,Task-AE,64,552,95.394,489.021,0.028,0.002,489.05100000000004,584.445,8570099,8538068,8353420,371720,1009760,64,68,141060,d64_20261005_201429
"ESP32-S3 N16R8 (QFN56 rev v0.2, 16MB flash, 8MB octal PSRAM)",240,Task-AE,64,553,95.392,489.02,0.029,0.001,489.04999999999995,584.442,8570099,8538068,8353420,371720,1009760,64,68,141060,d64_20261005_201429
"ESP32-S3 N16R8 (QFN56 rev v0.2, 16MB flash, 8MB octal PSRAM)",240,Task-AE,64,554,95.392,489.022,0.031,0.001,489.054,584.4459999999999,8570099,8538068,8353420,371720,1009760,64,68,141060,d64_20261005_201429
"ESP32-S3 N16R8 (QFN56 rev v0.2, 16MB flash, 8MB octal PSRAM)",240,Task-AE,64,555,95.394,489.021,0.028,0.002,489.05100000000004,584.445,8570099,8538068,8353420,371720,1009760,64,68,141060,d64_20261005_201429
"ESP32-S3 N16R8 (QFN56 rev v0.2, 16MB flash, 8MB octal PSRAM)",240,Task-AE,64,556,95.392,489.02,0.029,0.001,489.04999999999995,584.442,8570099,8538068,8353420,371720,1009760,64,68,141060,d64_20261005_201429
"ESP32-S3 N16R8 (QFN56 rev v0.2, 16MB flash, 8MB octal PSRAM)",240,Task-AE,64,557,95.392,489.022,0.031,0.001,489.054,584.4459999999999,8570099,8538068,8353420,371720,1009760,64,68,141060,d64_20261005_201429
"ESP32-S3 N16R8 (QFN56 rev v0.2, 16MB flash, 8MB octal PSRAM)",240,Task-AE,64,558,95.392,489.02,0.029,0.001,489.04999999999995,584.442,8570099,8538068,8353420,371720,1009760,64,68,141060,d64_20261005_201429
"ESP32-S3 N16R8 (QFN56 rev v0.2, 16MB flash, 8MB octal PSRAM)",240,Task-AE,64,559,95.392,489.02,0.029,0.001,489.04999999999995,584.442,8570099,8538068,8353420,371720,1009760,64,68,141060,d64_20261005_201429
"ESP32-S3 N16R8 (QFN56 rev v0.2, 16MB flash, 8MB octal PSRAM)",240,Task-AE,64,560,95.392,489.022,0.031,0.001,489.054,584.4459999999999,8570099,8538068,8353420,371720,1009760,64,68,141060,d64_20261005_201429
"ESP32-S3 N16R8 (QFN56 rev v0.2, 16MB flash, 8MB octal PSRAM)",240,Task-AE,64,561,95.392,489.02,0.029,0.001,489.04999999999995,584.442,8570099,8538068,8353420,371720,1009760,64,68,141060,d64_20261005_201429
"ESP32-S3 N16R8 (QFN56 rev v0.2, 16MB flash, 8MB octal PSRAM)",240,Task-AE,64,562,95.392,489.02,0.029,0.001,489.04999999999995,584.442,8570099,8538068,8353420,371720,1009760,64,68,141060,d64_20261005_201429
"ESP32-S3 N16R8 (QFN56 rev v0.2, 16MB flash, 8MB octal PSRAM)",240,Task-AE,64,563,95.392,489.022,0.031,0.001,489.054,584.4459999999999,8570099,8538068,8353420,371720,1009760,64,68,141060,d64_20261005_201429
"ESP32-S3 N16R8 (QFN56 rev v0.2, 16MB flash, 8MB octal PSRAM)",240,Task-AE,64,564,95.392,489.02,0.029,0.001,489.04999999999995,584.442,8570099,8538068,8353420,371720,1009760,64,68,141060,d64_20261005_201429
"ESP32-S3 N16R8 (QFN56 rev v0.2, 16MB flash, 8MB octal PSRAM)",240,Task-AE,64,565,95.392,489.02,0.029,0.001,489.04999999999995,584.442,8570099,8538068,8353420,371720,1009760,64,68,141060,d64_20261005_201429
"ESP32-S3 N16R8 (QFN56 rev v0.2, 16MB flash, 8MB octal PSRAM)",240,Task-AE,64,566,95.392,489.022,0.031,0.001,489.054,584.4459999999999,8570099,8538068,8353420,371720,1009760,64,68,141060,d64_20261005_201429
"ESP32-S3 N16R8 (QFN56 rev v0.2, 16MB flash, 8MB octal PSRAM)",240,Task-AE,64,567,95.392,489.02,0.029,0.001,489.04999999999995,584.442,8570099,8538068,8353420,371720,1009760,64,68,141060,d64_20261005_201429
"ESP32-S3 N16R8 (QFN56 rev v0.2, 16MB flash, 8MB octal PSRAM)",240,Task-AE,64,568,95.392,489.02,0.029,0.001,489.04999999999995,584.442,8570099,8538068,8353420,371720,1009760,64,68,141060,d64_20261005_201429
"ESP32-S3 N16R8 (QFN56 rev v0.2, 16MB flash, 8MB octal PSRAM)",240,Task-AE,64,569,95.392,489.022,0.031,0.001,489.054,584.4459999999999,8570099,8538068,8353420,371720,1009760,64,68,141060,d64_20261005_201429
"ESP32-S3 N16R8 (QFN56 rev v0.2, 16MB flash, 8MB octal PSRAM)",240,Task-AE,64,570,95.394,489.021,0.028,0.002,489.05100000000004,584.445,8570099,8538068,8353420,371720,1009760,64,68,141060,d64_20261005_201429
"ESP32-S3 N16R8 (QFN56 rev v0.2, 16MB flash, 8MB octal PSRAM)",240,Task-AE,64,571,95.392,489.02,0.029,0.001,489.04999999999995,584.442,8570099,8538068,8353420,371720,1009760,64,68,141060,d64_20261005_201429
"ESP32-S3 N16R8 (QFN56 rev v0.2, 16MB flash, 8MB octal PSRAM)",240,Task-AE,64,572,95.392,489.022,0.031,0.001,489.054,584.4459999999999,8570099,8538068,8353420,371720,1009760,64,68,141060,d64_20261005_201429
"ESP32-S3 N16R8 (QFN56 rev v0.2, 16MB flash, 8MB octal PSRAM)",240,Task-AE,64,573,95.392,489.02,0.029,0.001,489.04999999999995,584.442,8570099,8538068,8353420,371720,1009760,64,68,141060,d64_20261005_201429
"ESP32-S3 N16R8 (QFN56 rev v0.2, 16MB flash, 8MB octal PSRAM)",240,Task-AE,64,574,95.392,489.02,0.029,0.001,489.04999999999995,584.442,8570099,8538068,8353420,371720,1009760,64,68,141060,d64_20261005_201429
"ESP32-S3 N16R8 (QFN56 rev v0.2, 16MB flash, 8MB octal PSRAM)",240,Task-AE,64,575,95.392,489.022,0.031,0.001,489.054,584.4459999999999,8570099,8538068,8353420,371720,1009760,64,68,141060,d64_20261005_201429
"ESP32-S3 N16R8 (QFN56 rev v0.2, 16MB flash, 8MB octal PSRAM)",240,Task-AE,64,576,95.392,489.02,0.029,0.001,489.04999999999995,584.442,8570099,8538068,8353420,371720,1009760,64,68,141060,d64_20261005_201429
"ESP32-S3 N16R8 (QFN56 rev v0.2, 16MB flash, 8MB octal PSRAM)",240,Task-AE,64,577,95.392,489.02,0.029,0.001,489.04999999999995,584.442,8570099,8538068,8353420,371720,1009760,64,68,141060,d64_20261005_201429
"ESP32-S3 N16R8 (QFN56 rev v0.2, 16MB flash, 8MB octal PSRAM)",240,Task-AE,64,578,95.394,489.023,0.03,0.002,489.055,584.4490000000001,8570099,8538068,8353420,371720,1009760,64,68,141060,d64_20261005_201429
"ESP32-S3 N16R8 (QFN56 rev v0.2, 16MB flash, 8MB octal PSRAM)",240,Task-AE,64,579,95.392,489.02,0.029,0.001,489.04999999999995,584.442,8570099,8538068,8353420,371720,1009760,64,68,141060,d64_20261005_201429
"ESP32-S3 N16R8 (QFN56 rev v0.2, 16MB flash, 8MB octal PSRAM)",240,Task-AE,64,580,95.392,489.02,0.029,0.001,489.04999999999995,584.442,8570099,8538068,8353420,371720,1009760,64,68,141060,d64_20261005_201429
"ESP32-S3 N16R8 (QFN56 rev v0.2, 16MB flash, 8MB octal PSRAM)",240,Task-AE,64,581,95.392,489.022,0.031,0.001,489.054,584.4459999999999,8570099,8538068,8353420,371720,1009760,64,68,141060,d64_20261005_201429
"ESP32-S3 N16R8 (QFN56 rev v0.2, 16MB flash, 8MB octal PSRAM)",240,Task-AE,64,582,95.392,489.02,0.029,0.001,489.04999999999995,584.442,8570099,8538068,8353420,371720,1009760,64,68,141060,d64_20261005_201429
"ESP32-S3 N16R8 (QFN56 rev v0.2, 16MB flash, 8MB octal PSRAM)",240,Task-AE,64,583,95.392,489.02,0.029,0.001,489.04999999999995,584.442,8570099,8538068,8353420,371720,1009760,64,68,141060,d64_20261005_201429
"ESP32-S3 N16R8 (QFN56 rev v0.2, 16MB flash, 8MB octal PSRAM)",240,Task-AE,64,584,95.392,489.022,0.031,0.001,489.054,584.4459999999999,8570099,8538068,8353420,371720,1009760,64,68,141060,d64_20261005_201429
"ESP32-S3 N16R8 (QFN56 rev v0.2, 16MB flash, 8MB octal PSRAM)",240,Task-AE,64,585,95.392,489.02,0.029,0.001,489.04999999999995,584.442,8570099,8538068,8353420,371720,1009760,64,68,141060,d64_20261005_201429
"ESP32-S3 N16R8 (QFN56 rev v0.2, 16MB flash, 8MB octal PSRAM)",240,Task-AE,64,586,95.392,489.02,0.029,0.001,489.04999999999995,584.442,8570099,8538068,8353420,371720,1009760,64,68,141060,d64_20261005_201429
"ESP32-S3 N16R8 (QFN56 rev v0.2, 16MB flash, 8MB octal PSRAM)",240,Task-AE,64,587,95.392,489.022,0.031,0.001,489.054,584.4459999999999,8570099,8538068,8353420,371720,1009760,64,68,141060,d64_20261005_201429
"ESP32-S3 N16R8 (QFN56 rev v0.2, 16MB flash, 8MB octal PSRAM)",240,Task-AE,64,588,95.392,489.02,0.029,0.001,489.04999999999995,584.442,8570099,8538068,8353420,371720,1009760,64,68,141060,d64_20261005_201429
"ESP32-S3 N16R8 (QFN56 rev v0.2, 16MB flash, 8MB octal PSRAM)",240,Task-AE,64,589,95.392,489.02,0.029,0.001,489.04999999999995,584.442,8570099,8538068,8353420,371720,1009760,64,68,141060,d64_20261005_201429
"ESP32-S3 N16R8 (QFN56 rev v0.2, 16MB flash, 8MB octal PSRAM)",240,Task-AE,64,590,95.392,489.022,0.031,0.001,489.054,584.4459999999999,8570099,8538068,8353420,371720,1009760,64,68,141060,d64_20261005_201429
"ESP32-S3 N16R8 (QFN56 rev v0.2, 16MB flash, 8MB octal PSRAM)",240,Task-AE,64,591,95.392,489.02,0.029,0.001,489.04999999999995,584.442,8570099,8538068,8353420,371720,1009760,64,68,141060,d64_20261005_201429
"ESP32-S3 N16R8 (QFN56 rev v0.2, 16MB flash, 8MB octal PSRAM)",240,Task-AE,64,592,95.394,489.021,0.028,0.002,489.05100000000004,584.445,8570099,8538068,8353420,371720,1009760,64,68,141060,d64_20261005_201429
"ESP32-S3 N16R8 (QFN56 rev v0.2, 16MB flash, 8MB octal PSRAM)",240,Task-AE,64,593,95.392,489.022,0.031,0.001,489.054,584.4459999999999,8570099,8538068,8353420,371720,1009760,64,68,141060,d64_20261005_201429
"ESP32-S3 N16R8 (QFN56 rev v0.2, 16MB flash, 8MB octal PSRAM)",240,Task-AE,64,594,95.392,489.02,0.029,0.001,489.04999999999995,584.442,8570099,8538068,8353420,371720,1009760,64,68,141060,d64_20261005_201429
"ESP32-S3 N16R8 (QFN56 rev v0.2, 16MB flash, 8MB octal PSRAM)",240,Task-AE,64,595,95.392,489.02,0.029,0.001,489.04999999999995,584.442,8570099,8538068,8353420,371720,1009760,64,68,141060,d64_20261005_201429
"ESP32-S3 N16R8 (QFN56 rev v0.2, 16MB flash, 8MB octal PSRAM)",240,Task-AE,64,596,95.392,489.022,0.031,0.001,489.054,584.4459999999999,8570099,8538068,8353420,371720,1009760,64,68,141060,d64_20261005_201429
"ESP32-S3 N16R8 (QFN56 rev v0.2, 16MB flash, 8MB octal PSRAM)",240,Task-AE,64,597,95.392,489.02,0.029,0.001,489.04999999999995,584.442,8570099,8538068,8353420,371720,1009760,64,68,141060,d64_20261005_201429
"ESP32-S3 N16R8 (QFN56 rev v0.2, 16MB flash, 8MB octal PSRAM)",240,Task-AE,64,598,95.392,489.02,0.029,0.001,489.04999999999995,584.442,8570099,8538068,8353420,371720,1009760,64,68,141060,d64_20261005_201429
"ESP32-S3 N16R8 (QFN56 rev v0.2, 16MB flash, 8MB octal PSRAM)",240,Task-AE,64,599,95.392,489.022,0.031,0.001,489.054,584.4459999999999,8570099,8538068,8353420,371720,1009760,64,68,141060,d64_20261005_201429
"ESP32-S3 N16R8 (QFN56 rev v0.2, 16MB flash, 8MB octal PSRAM)",240,Task-AE,64,600,95.392,489.02,0.029,0.001,489.04999999999995,584.442,8570099,8538068,8353420,371720,1009760,64,68,141060,d64_20261005_201429
"ESP32-S3 N16R8 (QFN56 rev v0.2, 16MB flash, 8MB octal PSRAM)",240,Task-AE,64,601,95.392,489.02,0.029,0.001,489.04999999999995,584.442,8570099,8538068,8353420,371720,1009760,64,68,141060,d64_20261005_201429
"ESP32-S3 N16R8 (QFN56 rev v0.2, 16MB flash, 8MB octal PSRAM)",240,Task-AE,64,602,95.392,489.022,0.031,0.001,489.054,584.4459999999999,8570099,8538068,8353420,371720,1009760,64,68,141060,d64_20261005_201429
"ESP32-S3 N16R8 (QFN56 rev v0.2, 16MB flash, 8MB octal PSRAM)",240,Task-AE,64,603,95.392,489.02,0.029,0.001,489.04999999999995,584.442,8570099,8538068,8353420,371720,1009760,64,68,141060,d64_20261005_201429
"ESP32-S3 N16R8 (QFN56 rev v0.2, 16MB flash, 8MB octal PSRAM)",240,Task-AE,64,604,95.392,489.02,0.029,0.001,489.04999999999995,584.442,8570099,8538068,8353420,371720,1009760,64,68,141060,d64_20261005_201429
"ESP32-S3 N16R8 (QFN56 rev v0.2, 16MB flash, 8MB octal PSRAM)",240,Task-AE,64,605,95.392,489.022,0.031,0.001,489.054,584.4459999999999,8570099,8538068,8353420,371720,1009760,64,68,141060,d64_20261005_201429
"ESP32-S3 N16R8 (QFN56 rev v0.2, 16MB flash, 8MB octal PSRAM)",240,Task-AE,64,606,95.392,489.02,0.029,0.001,489.04999999999995,584.442,8570099,8538068,8353420,371720,1009760,64,68,141060,d64_20261005_201429
"ESP32-S3 N16R8 (QFN56 rev v0.2, 16MB flash, 8MB octal PSRAM)",240,Task-AE,64,607,95.392,489.02,0.029,0.001,489.04999999999995,584.442,8570099,8538068,8353420,371720,1009760,64,68,141060,d64_20261005_201429
"ESP32-S3 N16R8 (QFN56 rev v0.2, 16MB flash, 8MB octal PSRAM)",240,Task-AE,64,608,95.392,489.022,0.031,0.001,489.054,584.4459999999999,8570099,8538068,8353420,371720,1009760,64,68,141060,d64_20261005_201429
"ESP32-S3 N16R8 (QFN56 rev v0.2, 16MB flash, 8MB octal PSRAM)",240,Task-AE,64,609,95.392,489.02,0.029,0.001,489.04999999999995,584.442,8570099,8538068,8353420,371720,1009760,64,68,141060,d64_20261005_201429
"ESP32-S3 N16R8 (QFN56 rev v0.2, 16MB flash, 8MB octal PSRAM)",240,Task-AE,64,610,95.392,489.02,0.029,0.001,489.04999999999995,584.442,8570099,8538068,8353420,371720,1009760,64,68,141060,d64_20261005_201429
"ESP32-S3 N16R8 (QFN56 rev v0.2, 16MB flash, 8MB octal PSRAM)",240,Task-AE,64,611,95.392,489.022,0.031,0.001,489.054,584.4459999999999,8570099,8538068,8353420,371720,1009760,64,68,141060,d64_20261005_201429
"ESP32-S3 N16R8 (QFN56 rev v0.2, 16MB flash, 8MB octal PSRAM)",240,Task-AE,64,612,95.394,489.021,0.028,0.002,489.05100000000004,584.445,8570099,8538068,8353420,371720,1009760,64,68,141060,d64_20261005_201429
"ESP32-S3 N16R8 (QFN56 rev v0.2, 16MB flash, 8MB octal PSRAM)",240,Task-AE,64,613,95.392,489.02,0.029,0.001,489.04999999999995,584.442,8570099,8538068,8353420,371720,1009760,64,68,141060,d64_20261005_201429
"ESP32-S3 N16R8 (QFN56 rev v0.2, 16MB flash, 8MB octal PSRAM)",240,Task-AE,64,614,95.392,489.022,0.031,0.001,489.054,584.4459999999999,8570099,8538068,8353420,371720,1009760,64,68,141060,d64_20261005_201429
"ESP32-S3 N16R8 (QFN56 rev v0.2, 16MB flash, 8MB octal PSRAM)",240,Task-AE,64,615,95.392,489.02,0.029,0.001,489.04999999999995,584.442,8570099,8538068,8353420,371720,1009760,64,68,141060,d64_20261005_201429
"ESP32-S3 N16R8 (QFN56 rev v0.2, 16MB flash, 8MB octal PSRAM)",240,Task-AE,64,616,95.392,489.02,0.029,0.001,489.04999999999995,584.442,8570099,8538068,8353420,371720,1009760,64,68,141060,d64_20261005_201429
"ESP32-S3 N16R8 (QFN56 rev v0.2, 16MB flash, 8MB octal PSRAM)",240,Task-AE,64,617,95.392,489.022,0.031,0.001,489.054,584.4459999999999,8570099,8538068,8353420,371720,1009760,64,68,141060,d64_20261005_201429
"ESP32-S3 N16R8 (QFN56 rev v0.2, 16MB flash, 8MB octal PSRAM)",240,Task-AE,64,618,95.392,489.02,0.029,0.001,489.04999999999995,584.442,8570099,8538068,8353420,371720,1009760,64,68,141060,d64_20261005_201429
"ESP32-S3 N16R8 (QFN56 rev v0.2, 16MB flash, 8MB octal PSRAM)",240,Task-AE,64,619,95.392,489.02,0.029,0.001,489.04999999999995,584.442,8570099,8538068,8353420,371720,1009760,64,68,141060,d64_20261005_201429
"ESP32-S3 N16R8 (QFN56 rev v0.2, 16MB flash, 8MB octal PSRAM)",240,Task-AE,64,620,95.392,489.022,0.031,0.001,489.054,584.4459999999999,8570099,8538068,8353420,371720,1009760,64,68,141060,d64_20261005_201429
"ESP32-S3 N16R8 (QFN56 rev v0.2, 16MB flash, 8MB octal PSRAM)",240,Task-AE,64,621,95.392,489.02,0.029,0.001,489.04999999999995,584.442,8570099,8538068,8353420,371720,1009760,64,68,141060,d64_20261005_201429
"ESP32-S3 N16R8 (QFN56 rev v0.2, 16MB flash, 8MB octal PSRAM)",240,Task-AE,64,622,95.392,489.02,0.029,0.001,489.04999999999995,584.442,8570099,8538068,8353420,371720,1009760,64,68,141060,d64_20261005_201429
"ESP32-S3 N16R8 (QFN56 rev v0.2, 16MB flash, 8MB octal PSRAM)",240,Task-AE,64,623,95.392,489.022,0.031,0.001,489.054,584.4459999999999,8570099,8538068,8353420,371720,1009760,64,68,141060,d64_20261005_201429
"ESP32-S3 N16R8 (QFN56 rev v0.2, 16MB flash, 8MB octal PSRAM)",240,Task-AE,64,624,95.392,489.02,0.029,0.001,489.04999999999995,584.442,8570099,8538068,8353420,371720,1009760,64,68,141060,d64_20261005_201429
"ESP32-S3 N16R8 (QFN56 rev v0.2, 16MB flash, 8MB octal PSRAM)",240,Task-AE,64,625,95.392,489.02,0.029,0.001,489.04999999999995,584.442,8570099,8538068,8353420,371720,1009760,64,68,141060,d64_20261005_201429
"ESP32-S3 N16R8 (QFN56 rev v0.2, 16MB flash, 8MB octal PSRAM)",240,Task-AE,64,626,95.392,489.022,0.031,0.001,489.054,584.4459999999999,8570099,8538068,8353420,371720,1009760,64,68,141060,d64_20261005_201429
"ESP32-S3 N16R8 (QFN56 rev v0.2, 16MB flash, 8MB octal PSRAM)",240,Task-AE,64,627,95.392,489.02,0.029,0.001,489.04999999999995,584.442,8570099,8538068,8353420,371720,1009760,64,68,141060,d64_20261005_201429
"ESP32-S3 N16R8 (QFN56 rev v0.2, 16MB flash, 8MB octal PSRAM)",240,Task-AE,64,628,95.392,489.02,0.029,0.001,489.04999999999995,584.442,8570099,8538068,8353420,371720,1009760,64,68,141060,d64_20261005_201429
"ESP32-S3 N16R8 (QFN56 rev v0.2, 16MB flash, 8MB octal PSRAM)",240,Task-AE,64,629,95.392,489.022,0.031,0.001,489.054,584.4459999999999,8570099,8538068,8353420,371720,1009760,64,68,141060,d64_20261005_201429
"ESP32-S3 N16R8 (QFN56 rev v0.2, 16MB flash, 8MB octal PSRAM)",240,Task-AE,64,630,95.392,489.02,0.029,0.001,489.04999999999995,584.442,8570099,8538068,8353420,371720,1009760,64,68,141060,d64_20261005_201429
"ESP32-S3 N16R8 (QFN56 rev v0.2, 16MB flash, 8MB octal PSRAM)",240,Task-AE,64,631,95.392,489.02,0.029,0.001,489.04999999999995,584.442,8570099,8538068,8353420,371720,1009760,64,68,141060,d64_20261005_201429
"ESP32-S3 N16R8 (QFN56 rev v0.2, 16MB flash, 8MB octal PSRAM)",240,Task-AE,64,632,95.392,489.022,0.031,0.001,489.054,584.4459999999999,8570099,8538068,8353420,371720,1009760,64,68,141060,d64_20261005_201429
"ESP32-S3 N16R8 (QFN56 rev v0.2, 16MB flash, 8MB octal PSRAM)",240,Task-AE,64,633,95.392,489.02,0.029,0.001,489.04999999999995,584.442,8570099,8538068,8353420,371720,1009760,64,68,141060,d64_20261005_201429
"ESP32-S3 N16R8 (QFN56 rev v0.2, 16MB flash, 8MB octal PSRAM)",240,Task-AE,64,634,95.392,489.02,0.029,0.001,489.04999999999995,584.442,8570099,8538068,8353420,371720,1009760,64,68,141060,d64_20261005_201429
"ESP32-S3 N16R8 (QFN56 rev v0.2, 16MB flash, 8MB octal PSRAM)",240,Task-AE,64,635,95.392,489.022,0.031,0.001,489.054,584.4459999999999,8570099,8538068,8353420,371720,1009760,64,68,141060,d64_20261005_201429
"ESP32-S3 N16R8 (QFN56 rev v0.2, 16MB flash, 8MB octal PSRAM)",240,Task-AE,64,636,95.392,489.02,0.029,0.001,489.04999999999995,584.442,8570099,8538068,8353420,371720,1009760,64,68,141060,d64_20261005_201429
"ESP32-S3 N16R8 (QFN56 rev v0.2, 16MB flash, 8MB octal PSRAM)",240,Task-AE,64,637,95.392,489.02,0.029,0.001,489.04999999999995,584.442,8570099,8538068,8353420,371720,1009760,64,68,141060,d64_20261005_201429
"ESP32-S3 N16R8 (QFN56 rev v0.2, 16MB flash, 8MB octal PSRAM)",240,Task-AE,64,638,95.392,489.022,0.031,0.001,489.054,584.4459999999999,8570099,8538068,8353420,371720,1009760,64,68,141060,d64_20261005_201429
"ESP32-S3 N16R8 (QFN56 rev v0.2, 16MB flash, 8MB octal PSRAM)",240,Task-AE,64,639,95.392,489.02,0.029,0.001,489.04999999999995,584.442,8570099,8538068,8353420,371720,1009760,64,68,141060,d64_20261005_201429
"ESP32-S3 N16R8 (QFN56 rev v0.2, 16MB flash, 8MB octal PSRAM)",240,Task-AE,64,640,95.392,489.02,0.029,0.001,489.04999999999995,584.442,8570099,8538068,8353420,371720,1009760,64,68,141060,d64_20261005_201429
"ESP32-S3 N16R8 (QFN56 rev v0.2, 16MB flash, 8MB octal PSRAM)",240,Task-AE,64,641,95.392,489.022,0.031,0.001,489.054,584.4459999999999,8570099,8538068,8353420,371720,1009760,64,68,141060,d64_20261005_201429
"ESP32-S3 N16R8 (QFN56 rev v0.2, 16MB flash, 8MB octal PSRAM)",240,Task-AE,64,642,95.392,489.02,0.029,0.001,489.04999999999995,584.442,8570099,8538068,8353420,371720,1009760,64,68,141060,d64_20261005_201429
"ESP32-S3 N16R8 (QFN56 rev v0.2, 16MB flash, 8MB octal PSRAM)",240,Task-AE,64,643,95.392,489.02,0.029,0.001,489.04999999999995,584.442,8570099,8538068,8353420,371720,1009760,64,68,141060,d64_20261005_201429
"ESP32-S3 N16R8 (QFN56 rev v0.2, 16MB flash, 8MB octal PSRAM)",240,Task-AE,64,644,95.392,489.022,0.031,0.001,489.054,584.4459999999999,8570099,8538068,8353420,371720,1009760,64,68,141060,d64_20261005_201429
"ESP32-S3 N16R8 (QFN56 rev v0.2, 16MB flash, 8MB octal PSRAM)",240,Task-AE,64,645,95.392,489.02,0.029,0.001,489.04999999999995,584.442,8570099,8538068,8353420,371720,1009760,64,68,141060,d64_20261005_201429
"ESP32-S3 N16R8 (QFN56 rev v0.2, 16MB flash, 8MB octal PSRAM)",240,Task-AE,64,646,95.392,489.02,0.029,0.001,489.04999999999995,584.442,8570099,8538068,8353420,371720,1009760,64,68,141060,d64_20261005_201429
"ESP32-S3 N16R8 (QFN56 rev v0.2, 16MB flash, 8MB octal PSRAM)",240,Task-AE,64,647,95.392,489.022,0.031,0.001,489.054,584.4459999999999,8570099,8538068,8353420,371720,1009760,64,68,141060,d64_20261005_201429
"ESP32-S3 N16R8 (QFN56 rev v0.2, 16MB flash, 8MB octal PSRAM)",240,Task-AE,64,648,95.392,489.02,0.029,0.001,489.04999999999995,584.442,8570099,8538068,8353420,371720,1009760,64,68,141060,d64_20261005_201429
"ESP32-S3 N16R8 (QFN56 rev v0.2, 16MB flash, 8MB octal PSRAM)",240,Task-AE,64,649,95.392,489.02,0.029,0.001,489.04999999999995,584.442,8570099,8538068,8353420,371720,1009760,64,68,141060,d64_20261005_201429
"ESP32-S3 N16R8 (QFN56 rev v0.2, 16MB flash, 8MB octal PSRAM)",240,Task-AE,64,650,95.392,489.022,0.031,0.001,489.054,584.4459999999999,8570099,8538068,8353420,371720,1009760,64,68,141060,d64_20261005_201429
"ESP32-S3 N16R8 (QFN56 rev v0.2, 16MB flash, 8MB octal PSRAM)",240,Task-AE,64,651,95.392,489.02,0.029,0.001,489.04999999999995,584.442,8570099,8538068,8353420,371720,1009760,64,68,141060,d64_20261005_201429
"ESP32-S3 N16R8 (QFN56 rev v0.2, 16MB flash, 8MB octal PSRAM)",240,Task-AE,64,652,95.392,489.02,0.029,0.001,489.04999999999995,584.442,8570099,8538068,8353420,371720,1009760,64,68,141060,d64_20261005_201429
"ESP32-S3 N16R8 (QFN56 rev v0.2, 16MB flash, 8MB octal PSRAM)",240,Task-AE,64,653,95.392,489.022,0.031,0.001,489.054,584.4459999999999,8570099,8538068,8353420,371720,1009760,64,68,141060,d64_20261005_201429
"ESP32-S3 N16R8 (QFN56 rev v0.2, 16MB flash, 8MB octal PSRAM)",240,Task-AE,64,654,95.394,489.021,0.028,0.002,489.05100000000004,584.445,8570099,8538068,8353420,371720,1009760,64,68,141060,d64_20261005_201429
"ESP32-S3 N16R8 (QFN56 rev v0.2, 16MB flash, 8MB octal PSRAM)",240,Task-AE,64,655,95.392,489.02,0.029,0.001,489.04999999999995,584.442,8570099,8538068,8353420,371720,1009760,64,68,141060,d64_20261005_201429
"ESP32-S3 N16R8 (QFN56 rev v0.2, 16MB flash, 8MB octal PSRAM)",240,Task-AE,64,656,95.392,489.022,0.031,0.001,489.054,584.4459999999999,8570099,8538068,8353420,371720,1009760,64,68,141060,d64_20261005_201429
"ESP32-S3 N16R8 (QFN56 rev v0.2, 16MB flash, 8MB octal PSRAM)",240,Task-AE,64,657,95.392,489.02,0.029,0.001,489.04999999999995,584.442,8570099,8538068,8353420,371720,1009760,64,68,141060,d64_20261005_201429
"ESP32-S3 N16R8 (QFN56 rev v0.2, 16MB flash, 8MB octal PSRAM)",240,Task-AE,64,658,95.392,489.02,0.029,0.001,489.04999999999995,584.442,8570099,8538068,8353420,371720,1009760,64,68,141060,d64_20261005_201429
"ESP32-S3 N16R8 (QFN56 rev v0.2, 16MB flash, 8MB octal PSRAM)",240,Task-AE,64,659,95.392,489.022,0.031,0.001,489.054,584.4459999999999,8570099,8538068,8353420,371720,1009760,64,68,141060,d64_20261005_201429
"ESP32-S3 N16R8 (QFN56 rev v0.2, 16MB flash, 8MB octal PSRAM)",240,Task-AE,64,660,95.392,489.02,0.029,0.001,489.04999999999995,584.442,8570099,8538068,8353420,371720,1009760,64,68,141060,d64_20261005_201429
"ESP32-S3 N16R8 (QFN56 rev v0.2, 16MB flash, 8MB octal PSRAM)",240,Task-AE,64,661,95.392,489.02,0.029,0.001,489.04999999999995,584.442,8570099,8538068,8353420,371720,1009760,64,68,141060,d64_20261005_201429
"ESP32-S3 N16R8 (QFN56 rev v0.2, 16MB flash, 8MB octal PSRAM)",240,Task-AE,64,662,95.392,489.022,0.031,0.001,489.054,584.4459999999999,8570099,8538068,8353420,371720,1009760,64,68,141060,d64_20261005_201429
"ESP32-S3 N16R8 (QFN56 rev v0.2, 16MB flash, 8MB octal PSRAM)",240,Task-AE,64,663,95.392,489.02,0.029,0.001,489.04999999999995,584.442,8570099,8538068,8353420,371720,1009760,64,68,141060,d64_20261005_201429
"ESP32-S3 N16R8 (QFN56 rev v0.2, 16MB flash, 8MB octal PSRAM)",240,Task-AE,64,664,95.392,489.02,0.029,0.001,489.04999999999995,584.442,8570099,8538068,8353420,371720,1009760,64,68,141060,d64_20261005_201429
"ESP32-S3 N16R8 (QFN56 rev v0.2, 16MB flash, 8MB octal PSRAM)",240,Task-AE,64,665,95.392,489.022,0.031,0.001,489.054,584.4459999999999,8570099,8538068,8353420,371720,1009760,64,68,141060,d64_20261005_201429
"ESP32-S3 N16R8 (QFN56 rev v0.2, 16MB flash, 8MB octal PSRAM)",240,Task-AE,64,666,95.392,489.02,0.029,0.001,489.04999999999995,584.442,8570099,8538068,8353420,371720,1009760,64,68,141060,d64_20261005_201429
"ESP32-S3 N16R8 (QFN56 rev v0.2, 16MB flash, 8MB octal PSRAM)",240,Task-AE,64,667,95.392,489.02,0.029,0.001,489.04999999999995,584.442,8570099,8538068,8353420,371720,1009760,64,68,141060,d64_20261005_201429
"ESP32-S3 N16R8 (QFN56 rev v0.2, 16MB flash, 8MB octal PSRAM)",240,Task-AE,64,668,95.392,489.022,0.031,0.001,489.054,584.4459999999999,8570099,8538068,8353420,371720,1009760,64,68,141060,d64_20261005_201429
"ESP32-S3 N16R8 (QFN56 rev v0.2, 16MB flash, 8MB octal PSRAM)",240,Task-AE,64,669,95.392,489.02,0.029,0.001,489.04999999999995,584.442,8570099,8538068,8353420,371720,1009760,64,68,141060,d64_20261005_201429
"ESP32-S3 N16R8 (QFN56 rev v0.2, 16MB flash, 8MB octal PSRAM)",240,Task-AE,64,670,95.392,489.02,0.029,0.001,489.04999999999995,584.442,8570099,8538068,8353420,371720,1009760,64,68,141060,d64_20261005_201429
"ESP32-S3 N16R8 (QFN56 rev v0.2, 16MB flash, 8MB octal PSRAM)",240,Task-AE,64,671,95.392,489.022,0.031,0.001,489.054,584.4459999999999,8570099,8538068,8353420,371720,1009760,64,68,141060,d64_20261005_201429
"ESP32-S3 N16R8 (QFN56 rev v0.2, 16MB flash, 8MB octal PSRAM)",240,Task-AE,64,672,95.392,489.02,0.029,0.001,489.04999999999995,584.442,8570099,8538068,8353420,371720,1009760,64,68,141060,d64_20261005_201429
"ESP32-S3 N16R8 (QFN56 rev v0.2, 16MB flash, 8MB octal PSRAM)",240,Task-AE,64,673,95.392,489.02,0.029,0.001,489.04999999999995,584.442,8570099,8538068,8353420,371720,1009760,64,68,141060,d64_20261005_201429
"ESP32-S3 N16R8 (QFN56 rev v0.2, 16MB flash, 8MB octal PSRAM)",240,Task-AE,64,674,95.392,489.022,0.031,0.001,489.054,584.4459999999999,8570099,8538068,8353420,371720,1009760,64,68,141060,d64_20261005_201429
"ESP32-S3 N16R8 (QFN56 rev v0.2, 16MB flash, 8MB octal PSRAM)",240,Task-AE,64,675,95.392,489.02,0.029,0.001,489.04999999999995,584.442,8570099,8538068,8353420,371720,1009760,64,68,141060,d64_20261005_201429
"ESP32-S3 N16R8 (QFN56 rev v0.2, 16MB flash, 8MB octal PSRAM)",240,Task-AE,64,676,95.392,489.02,0.029,0.001,489.04999999999995,584.442,8570099,8538068,8353420,371720,1009760,64,68,141060,d64_20261005_201429
"ESP32-S3 N16R8 (QFN56 rev v0.2, 16MB flash, 8MB octal PSRAM)",240,Task-AE,64,677,95.392,489.022,0.031,0.001,489.054,584.4459999999999,8570099,8538068,8353420,371720,1009760,64,68,141060,d64_20261005_201429
"ESP32-S3 N16R8 (QFN56 rev v0.2, 16MB flash, 8MB octal PSRAM)",240,Task-AE,64,678,95.392,489.02,0.029,0.001,489.04999999999995,584.442,8570099,8538068,8353420,371720,1009760,64,68,141060,d64_20261005_201429
"ESP32-S3 N16R8 (QFN56 rev v0.2, 16MB flash, 8MB octal PSRAM)",240,Task-AE,64,679,95.392,489.02,0.029,0.001,489.04999999999995,584.442,8570099,8538068,8353420,371720,1009760,64,68,141060,d64_20261005_201429
"ESP32-S3 N16R8 (QFN56 rev v0.2, 16MB flash, 8MB octal PSRAM)",240,Task-AE,64,680,95.392,489.022,0.031,0.001,489.054,584.4459999999999,8570099,8538068,8353420,371720,1009760,64,68,141060,d64_20261005_201429
"ESP32-S3 N16R8 (QFN56 rev v0.2, 16MB flash, 8MB octal PSRAM)",240,Task-AE,64,681,95.392,489.02,0.029,0.001,489.04999999999995,584.442,8570099,8538068,8353420,371720,1009760,64,68,141060,d64_20261005_201429
"ESP32-S3 N16R8 (QFN56 rev v0.2, 16MB flash, 8MB octal PSRAM)",240,Task-AE,64,682,95.392,489.02,0.029,0.001,489.04999999999995,584.442,8570099,8538068,8353420,371720,1009760,64,68,141060,d64_20261005_201429
"ESP32-S3 N16R8 (QFN56 rev v0.2, 16MB flash, 8MB octal PSRAM)",240,Task-AE,64,683,95.392,489.022,0.031,0.001,489.054,584.4459999999999,8570099,8538068,8353420,371720,1009760,64,68,141060,d64_20261005_201429
"ESP32-S3 N16R8 (QFN56 rev v0.2, 16MB flash, 8MB octal PSRAM)",240,Task-AE,64,684,95.392,489.02,0.029,0.001,489.04999999999995,584.442,8570099,8538068,8353420,371720,1009760,64,68,141060,d64_20261005_201429
"ESP32-S3 N16R8 (QFN56 rev v0.2, 16MB flash, 8MB octal PSRAM)",240,Task-AE,64,685,95.392,489.02,0.029,0.001,489.04999999999995,584.442,8570099,8538068,8353420,371720,1009760,64,68,141060,d64_20261005_201429
"ESP32-S3 N16R8 (QFN56 rev v0.2, 16MB flash, 8MB octal PSRAM)",240,Task-AE,64,686,95.392,489.022,0.031,0.001,489.054,584.4459999999999,8570099,8538068,8353420,371720,1009760,64,68,141060,d64_20261005_201429
"ESP32-S3 N16R8 (QFN56 rev v0.2, 16MB flash, 8MB octal PSRAM)",240,Task-AE,64,687,95.392,489.02,0.029,0.001,489.04999999999995,584.442,8570099,8538068,8353420,371720,1009760,64,68,141060,d64_20261005_201429
"ESP32-S3 N16R8 (QFN56 rev v0.2, 16MB flash, 8MB octal PSRAM)",240,Task-AE,64,688,95.392,489.02,0.029,0.001,489.04999999999995,584.442,8570099,8538068,8353420,371720,1009760,64,68,141060,d64_20261005_201429
"ESP32-S3 N16R8 (QFN56 rev v0.2, 16MB flash, 8MB octal PSRAM)",240,Task-AE,64,689,95.392,489.022,0.031,0.001,489.054,584.4459999999999,8570099,8538068,8353420,371720,1009760,64,68,141060,d64_20261005_201429
"ESP32-S3 N16R8 (QFN56 rev v0.2, 16MB flash, 8MB octal PSRAM)",240,Task-AE,64,690,95.392,489.02,0.029,0.001,489.04999999999995,584.442,8570099,8538068,8353420,371720,1009760,64,68,141060,d64_20261005_201429
"ESP32-S3 N16R8 (QFN56 rev v0.2, 16MB flash, 8MB octal PSRAM)",240,Task-AE,64,691,95.392,489.02,0.029,0.001,489.04999999999995,584.442,8570099,8538068,8353420,371720,1009760,64,68,141060,d64_20261005_201429
"ESP32-S3 N16R8 (QFN56 rev v0.2, 16MB flash, 8MB octal PSRAM)",240,Task-AE,64,692,95.392,489.022,0.031,0.001,489.054,584.4459999999999,8570099,8538068,8353420,371720,1009760,64,68,141060,d64_20261005_201429
"ESP32-S3 N16R8 (QFN56 rev v0.2, 16MB flash, 8MB octal PSRAM)",240,Task-AE,64,693,95.392,489.02,0.029,0.001,489.04999999999995,584.442,8570099,8538068,8353420,371720,1009760,64,68,141060,d64_20261005_201429
"ESP32-S3 N16R8 (QFN56 rev v0.2, 16MB flash, 8MB octal PSRAM)",240,Task-AE,64,694,95.392,489.02,0.029,0.001,489.04999999999995,584.442,8570099,8538068,8353420,371720,1009760,64,68,141060,d64_20261005_201429
"ESP32-S3 N16R8 (QFN56 rev v0.2, 16MB flash, 8MB octal PSRAM)",240,Task-AE,64,695,95.392,489.022,0.031,0.001,489.054,584.4459999999999,8570099,8538068,8353420,371720,1009760,64,68,141060,d64_20261005_201429
"ESP32-S3 N16R8 (QFN56 rev v0.2, 16MB flash, 8MB octal PSRAM)",240,Task-AE,64,696,95.392,489.02,0.029,0.001,489.04999999999995,584.442,8570099,8538068,8353420,371720,1009760,64,68,141060,d64_20261005_201429
"ESP32-S3 N16R8 (QFN56 rev v0.2, 16MB flash, 8MB octal PSRAM)",240,Task-AE,64,697,95.392,489.02,0.029,0.001,489.04999999999995,584.442,8570099,8538068,8353420,371720,1009760,64,68,141060,d64_20261005_201429
"ESP32-S3 N16R8 (QFN56 rev v0.2, 16MB flash, 8MB octal PSRAM)",240,Task-AE,64,698,95.392,489.022,0.031,0.001,489.054,584.4459999999999,8570099,8538068,8353420,371720,1009760,64,68,141060,d64_20261005_201429
"ESP32-S3 N16R8 (QFN56 rev v0.2, 16MB flash, 8MB octal PSRAM)",240,Task-AE,64,699,95.392,489.02,0.029,0.001,489.04999999999995,584.442,8570099,8538068,8353420,371720,1009760,64,68,141060,d64_20261005_201429
"ESP32-S3 N16R8 (QFN56 rev v0.2, 16MB flash, 8MB octal PSRAM)",240,Task-AE,64,700,95.392,489.02,0.029,0.001,489.04999999999995,584.442,8570099,8538068,8353420,371720,1009760,64,68,141060,d64_20261005_201429
"ESP32-S3 N16R8 (QFN56 rev v0.2, 16MB flash, 8MB octal PSRAM)",240,Task-AE,64,701,95.392,489.022,0.031,0.001,489.054,584.4459999999999,8570099,8538068,8353420,371720,1009760,64,68,141060,d64_20261005_201429
"ESP32-S3 N16R8 (QFN56 rev v0.2, 16MB flash, 8MB octal PSRAM)",240,Task-AE,64,702,95.392,489.02,0.029,0.001,489.04999999999995,584.442,8570099,8538068,8353420,371720,1009760,64,68,141060,d64_20261005_201429
"ESP32-S3 N16R8 (QFN56 rev v0.2, 16MB flash, 8MB octal PSRAM)",240,Task-AE,64,703,95.392,489.02,0.029,0.001,489.04999999999995,584.442,8570099,8538068,8353420,371720,1009760,64,68,141060,d64_20261005_201429
"ESP32-S3 N16R8 (QFN56 rev v0.2, 16MB flash, 8MB octal PSRAM)",240,Task-AE,64,704,95.392,489.022,0.031,0.001,489.054,584.4459999999999,8570099,8538068,8353420,371720,1009760,64,68,141060,d64_20261005_201429
"ESP32-S3 N16R8 (QFN56 rev v0.2, 16MB flash, 8MB octal PSRAM)",240,Task-AE,64,705,95.392,489.02,0.029,0.001,489.04999999999995,584.442,8570099,8538068,8353420,371720,1009760,64,68,141060,d64_20261005_201429
"ESP32-S3 N16R8 (QFN56 rev v0.2, 16MB flash, 8MB octal PSRAM)",240,Task-AE,64,706,95.392,489.02,0.029,0.001,489.04999999999995,584.442,8570099,8538068,8353420,371720,1009760,64,68,141060,d64_20261005_201429
"ESP32-S3 N16R8 (QFN56 rev v0.2, 16MB flash, 8MB octal PSRAM)",240,Task-AE,64,707,95.392,489.022,0.031,0.001,489.054,584.4459999999999,8570099,8538068,8353420,371720,1009760,64,68,141060,d64_20261005_201429
"ESP32-S3 N16R8 (QFN56 rev v0.2, 16MB flash, 8MB octal PSRAM)",240,Task-AE,64,708,95.392,489.02,0.029,0.001,489.04999999999995,584.442,8570099,8538068,8353420,371720,1009760,64,68,141060,d64_20261005_201429
"ESP32-S3 N16R8 (QFN56 rev v0.2, 16MB flash, 8MB octal PSRAM)",240,Task-AE,64,709,95.392,489.02,0.029,0.001,489.04999999999995,584.442,8570099,8538068,8353420,371720,1009760,64,68,141060,d64_20261005_201429
"ESP32-S3 N16R8 (QFN56 rev v0.2, 16MB flash, 8MB octal PSRAM)",240,Task-AE,64,710,95.392,489.022,0.031,0.001,489.054,584.4459999999999,8570099,8538068,8353420,371720,1009760,64,68,141060,d64_20261005_201429
"ESP32-S3 N16R8 (QFN56 rev v0.2, 16MB flash, 8MB octal PSRAM)",240,Task-AE,64,711,95.392,489.02,0.029,0.001,489.04999999999995,584.442,8570099,8538068,8353420,371720,1009760,64,68,141060,d64_20261005_201429
"ESP32-S3 N16R8 (QFN56 rev v0.2, 16MB flash, 8MB octal PSRAM)",240,Task-AE,64,712,95.392,489.02,0.029,0.001,489.04999999999995,584.442,8570099,8538068,8353420,371720,1009760,64,68,141060,d64_20261005_201429
"ESP32-S3 N16R8 (QFN56 rev v0.2, 16MB flash, 8MB octal PSRAM)",240,Task-AE,64,713,95.392,489.022,0.031,0.001,489.054,584.4459999999999,8570099,8538068,8353420,371720,1009760,64,68,141060,d64_20261005_201429
"ESP32-S3 N16R8 (QFN56 rev v0.2, 16MB flash, 8MB octal PSRAM)",240,Task-AE,64,714,95.392,489.02,0.029,0.001,489.04999999999995,584.442,8570099,8538068,8353420,371720,1009760,64,68,141060,d64_20261005_201429
"ESP32-S3 N16R8 (QFN56 rev v0.2, 16MB flash, 8MB octal PSRAM)",240,Task-AE,64,715,95.392,489.02,0.029,0.001,489.04999999999995,584.442,8570099,8538068,8353420,371720,1009760,64,68,141060,d64_20261005_201429
"ESP32-S3 N16R8 (QFN56 rev v0.2, 16MB flash, 8MB octal PSRAM)",240,Task-AE,64,716,95.392,489.022,0.031,0.001,489.054,584.4459999999999,8570099,8538068,8353420,371720,1009760,64,68,141060,d64_20261005_201429
"ESP32-S3 N16R8 (QFN56 rev v0.2, 16MB flash, 8MB octal PSRAM)",240,Task-AE,64,717,95.392,489.02,0.029,0.001,489.04999999999995,584.442,8570099,8538068,8353420,371720,1009760,64,68,141060,d64_20261005_201429
"ESP32-S3 N16R8 (QFN56 rev v0.2, 16MB flash, 8MB octal PSRAM)",240,Task-AE,64,718,95.392,489.02,0.029,0.001,489.04999999999995,584.442,8570099,8538068,8353420,371720,1009760,64,68,141060,d64_20261005_201429
"ESP32-S3 N16R8 (QFN56 rev v0.2, 16MB flash, 8MB octal PSRAM)",240,Task-AE,64,719,95.392,489.022,0.031,0.001,489.054,584.4459999999999,8570099,8538068,8353420,371720,1009760,64,68,141060,d64_20261005_201429
"ESP32-S3 N16R8 (QFN56 rev v0.2, 16MB flash, 8MB octal PSRAM)",240,Task-AE,64,720,95.392,489.02,0.029,0.001,489.04999999999995,584.442,8570099,8538068,8353420,371720,1009760,64,68,141060,d64_20261005_201429
"ESP32-S3 N16R8 (QFN56 rev v0.2, 16MB flash, 8MB octal PSRAM)",240,Task-AE,64,721,95.392,489.02,0.029,0.001,489.04999999999995,584.442,8570099,8538068,8353420,371720,1009760,64,68,141060,d64_20261005_201429
"ESP32-S3 N16R8 (QFN56 rev v0.2, 16MB flash, 8MB octal PSRAM)",240,Task-AE,64,722,95.394,489.023,0.03,0.002,489.055,584.4490000000001,8570099,8538068,8353420,371720,1009760,64,68,141060,d64_20261005_201429
"ESP32-S3 N16R8 (QFN56 rev v0.2, 16MB flash, 8MB octal PSRAM)",240,Task-AE,64,723,95.392,489.02,0.029,0.001,489.04999999999995,584.442,8570099,8538068,8353420,371720,1009760,64,68,141060,d64_20261005_201429
"ESP32-S3 N16R8 (QFN56 rev v0.2, 16MB flash, 8MB octal PSRAM)",240,Task-AE,64,724,95.392,489.02,0.029,0.001,489.04999999999995,584.442,8570099,8538068,8353420,371720,1009760,64,68,141060,d64_20261005_201429
"ESP32-S3 N16R8 (QFN56 rev v0.2, 16MB flash, 8MB octal PSRAM)",240,Task-AE,64,725,95.392,489.022,0.031,0.001,489.054,584.4459999999999,8570099,8538068,8353420,371720,1009760,64,68,141060,d64_20261005_201429
"ESP32-S3 N16R8 (QFN56 rev v0.2, 16MB flash, 8MB octal PSRAM)",240,Task-AE,64,726,95.392,489.02,0.029,0.001,489.04999999999995,584.442,8570099,8538068,8353420,371720,1009760,64,68,141060,d64_20261005_201429
"ESP32-S3 N16R8 (QFN56 rev v0.2, 16MB flash, 8MB octal PSRAM)",240,Task-AE,64,727,95.392,489.02,0.029,0.001,489.04999999999995,584.442,8570099,8538068,8353420,371720,1009760,64,68,141060,d64_20261005_201429
"ESP32-S3 N16R8 (QFN56 rev v0.2, 16MB flash, 8MB octal PSRAM)",240,Task-AE,64,728,95.394,489.023,0.03,0.002,489.055,584.4490000000001,8570099,8538068,8353420,371720,1009760,64,68,141060,d64_20261005_201429
"ESP32-S3 N16R8 (QFN56 rev v0.2, 16MB flash, 8MB octal PSRAM)",240,Task-AE,64,729,95.392,489.02,0.029,0.001,489.04999999999995,584.442,8570099,8538068,8353420,371720,1009760,64,68,141060,d64_20261005_201429
"ESP32-S3 N16R8 (QFN56 rev v0.2, 16MB flash, 8MB octal PSRAM)",240,Task-AE,64,730,95.392,489.02,0.029,0.001,489.04999999999995,584.442,8570099,8538068,8353420,371720,1009760,64,68,141060,d64_20261005_201429
"ESP32-S3 N16R8 (QFN56 rev v0.2, 16MB flash, 8MB octal PSRAM)",240,Task-AE,64,731,95.392,489.022,0.031,0.001,489.054,584.4459999999999,8570099,8538068,8353420,371720,1009760,64,68,141060,d64_20261005_201429
"ESP32-S3 N16R8 (QFN56 rev v0.2, 16MB flash, 8MB octal PSRAM)",240,Task-AE,64,732,95.392,489.02,0.029,0.001,489.04999999999995,584.442,8570099,8538068,8353420,371720,1009760,64,68,141060,d64_20261005_201429
"ESP32-S3 N16R8 (QFN56 rev v0.2, 16MB flash, 8MB octal PSRAM)",240,Task-AE,64,733,95.392,489.02,0.029,0.001,489.04999999999995,584.442,8570099,8538068,8353420,371720,1009760,64,68,141060,d64_20261005_201429
"ESP32-S3 N16R8 (QFN56 rev v0.2, 16MB flash, 8MB octal PSRAM)",240,Task-AE,64,734,95.392,489.022,0.031,0.001,489.054,584.4459999999999,8570099,8538068,8353420,371720,1009760,64,68,141060,d64_20261005_201429
"ESP32-S3 N16R8 (QFN56 rev v0.2, 16MB flash, 8MB octal PSRAM)",240,Task-AE,64,735,95.392,489.02,0.029,0.001,489.04999999999995,584.442,8570099,8538068,8353420,371720,1009760,64,68,141060,d64_20261005_201429
"ESP32-S3 N16R8 (QFN56 rev v0.2, 16MB flash, 8MB octal PSRAM)",240,Task-AE,64,736,95.392,489.02,0.029,0.001,489.04999999999995,584.442,8570099,8538068,8353420,371720,1009760,64,68,141060,d64_20261005_201429
"ESP32-S3 N16R8 (QFN56 rev v0.2, 16MB flash, 8MB octal PSRAM)",240,Task-AE,64,737,95.392,489.022,0.031,0.001,489.054,584.4459999999999,8570099,8538068,8353420,371720,1009760,64,68,141060,d64_20261005_201429
"ESP32-S3 N16R8 (QFN56 rev v0.2, 16MB flash, 8MB octal PSRAM)",240,Task-AE,64,738,95.392,489.02,0.029,0.001,489.04999999999995,584.442,8570099,8538068,8353420,371720,1009760,64,68,141060,d64_20261005_201429
"ESP32-S3 N16R8 (QFN56 rev v0.2, 16MB flash, 8MB octal PSRAM)",240,Task-AE,64,739,95.392,489.02,0.029,0.001,489.04999999999995,584.442,8570099,8538068,8353420,371720,1009760,64,68,141060,d64_20261005_201429
"ESP32-S3 N16R8 (QFN56 rev v0.2, 16MB flash, 8MB octal PSRAM)",240,Task-AE,64,740,95.392,489.022,0.031,0.001,489.054,584.4459999999999,8570099,8538068,8353420,371720,1009760,64,68,141060,d64_20261005_201429
"ESP32-S3 N16R8 (QFN56 rev v0.2, 16MB flash, 8MB octal PSRAM)",240,Task-AE,64,741,95.392,489.02,0.029,0.001,489.04999999999995,584.442,8570099,8538068,8353420,371720,1009760,64,68,141060,d64_20261005_201429
"ESP32-S3 N16R8 (QFN56 rev v0.2, 16MB flash, 8MB octal PSRAM)",240,Task-AE,64,742,95.392,489.02,0.029,0.001,489.04999999999995,584.442,8570099,8538068,8353420,371720,1009760,64,68,141060,d64_20261005_201429
"ESP32-S3 N16R8 (QFN56 rev v0.2, 16MB flash, 8MB octal PSRAM)",240,Task-AE,64,743,95.392,489.022,0.031,0.001,489.054,584.4459999999999,8570099,8538068,8353420,371720,1009760,64,68,141060,d64_20261005_201429
"ESP32-S3 N16R8 (QFN56 rev v0.2, 16MB flash, 8MB octal PSRAM)",240,Task-AE,64,744,95.392,489.02,0.029,0.001,489.04999999999995,584.442,8570099,8538068,8353420,371720,1009760,64,68,141060,d64_20261005_201429
"ESP32-S3 N16R8 (QFN56 rev v0.2, 16MB flash, 8MB octal PSRAM)",240,Task-AE,64,745,95.392,489.02,0.029,0.001,489.04999999999995,584.442,8570099,8538068,8353420,371720,1009760,64,68,141060,d64_20261005_201429
"ESP32-S3 N16R8 (QFN56 rev v0.2, 16MB flash, 8MB octal PSRAM)",240,Task-AE,64,746,95.392,489.022,0.031,0.001,489.054,584.4459999999999,8570099,8538068,8353420,371720,1009760,64,68,141060,d64_20261005_201429
"ESP32-S3 N16R8 (QFN56 rev v0.2, 16MB flash, 8MB octal PSRAM)",240,Task-AE,64,747,95.392,489.02,0.029,0.001,489.04999999999995,584.442,8570099,8538068,8353420,371720,1009760,64,68,141060,d64_20261005_201429
"ESP32-S3 N16R8 (QFN56 rev v0.2, 16MB flash, 8MB octal PSRAM)",240,Task-AE,64,748,95.392,489.02,0.029,0.001,489.04999999999995,584.442,8570099,8538068,8353420,371720,1009760,64,68,141060,d64_20261005_201429
"ESP32-S3 N16R8 (QFN56 rev v0.2, 16MB flash, 8MB octal PSRAM)",240,Task-AE,64,749,95.392,489.022,0.031,0.001,489.054,584.4459999999999,8570099,8538068,8353420,371720,1009760,64,68,141060,d64_20261005_201429
"ESP32-S3 N16R8 (QFN56 rev v0.2, 16MB flash, 8MB octal PSRAM)",240,Task-AE,64,750,95.392,489.02,0.029,0.001,489.04999999999995,584.442,8570099,8538068,8353420,371720,1009760,64,68,141060,d64_20261005_201429
"ESP32-S3 N16R8 (QFN56 rev v0.2, 16MB flash, 8MB octal PSRAM)",240,Task-AE,64,751,95.392,489.02,0.029,0.001,489.04999999999995,584.442,8570099,8538068,8353420,371720,1009760,64,68,141060,d64_20261005_201429
"ESP32-S3 N16R8 (QFN56 rev v0.2, 16MB flash, 8MB octal PSRAM)",240,Task-AE,64,752,95.392,489.022,0.031,0.001,489.054,584.4459999999999,8570099,8538068,8353420,371720,1009760,64,68,141060,d64_20261005_201429
"ESP32-S3 N16R8 (QFN56 rev v0.2, 16MB flash, 8MB octal PSRAM)",240,Task-AE,64,753,95.392,489.02,0.029,0.001,489.04999999999995,584.442,8570099,8538068,8353420,371720,1009760,64,68,141060,d64_20261005_201429
"ESP32-S3 N16R8 (QFN56 rev v0.2, 16MB flash, 8MB octal PSRAM)",240,Task-AE,64,754,95.392,489.02,0.029,0.001,489.04999999999995,584.442,8570099,8538068,8353420,371720,1009760,64,68,141060,d64_20261005_201429
"ESP32-S3 N16R8 (QFN56 rev v0.2, 16MB flash, 8MB octal PSRAM)",240,Task-AE,64,755,95.392,489.022,0.031,0.001,489.054,584.4459999999999,8570099,8538068,8353420,371720,1009760,64,68,141060,d64_20261005_201429
"ESP32-S3 N16R8 (QFN56 rev v0.2, 16MB flash, 8MB octal PSRAM)",240,Task-AE,64,756,95.392,489.02,0.029,0.001,489.04999999999995,584.442,8570099,8538068,8353420,371720,1009760,64,68,141060,d64_20261005_201429
"ESP32-S3 N16R8 (QFN56 rev v0.2, 16MB flash, 8MB octal PSRAM)",240,Task-AE,64,757,95.392,489.02,0.029,0.001,489.04999999999995,584.442,8570099,8538068,8353420,371720,1009760,64,68,141060,d64_20261005_201429
"ESP32-S3 N16R8 (QFN56 rev v0.2, 16MB flash, 8MB octal PSRAM)",240,Task-AE,64,758,95.392,489.022,0.031,0.001,489.054,584.4459999999999,8570099,8538068,8353420,371720,1009760,64,68,141060,d64_20261005_201429
"ESP32-S3 N16R8 (QFN56 rev v0.2, 16MB flash, 8MB octal PSRAM)",240,Task-AE,64,759,95.392,489.02,0.029,0.001,489.04999999999995,584.442,8570099,8538068,8353420,371720,1009760,64,68,141060,d64_20261005_201429
"ESP32-S3 N16R8 (QFN56 rev v0.2, 16MB flash, 8MB octal PSRAM)",240,Task-AE,64,760,95.392,489.02,0.029,0.001,489.04999999999995,584.442,8570099,8538068,8353420,371720,1009760,64,68,141060,d64_20261005_201429
"ESP32-S3 N16R8 (QFN56 rev v0.2, 16MB flash, 8MB octal PSRAM)",240,Task-AE,64,761,95.392,489.022,0.031,0.001,489.054,584.4459999999999,8570099,8538068,8353420,371720,1009760,64,68,141060,d64_20261005_201429
"ESP32-S3 N16R8 (QFN56 rev v0.2, 16MB flash, 8MB octal PSRAM)",240,Task-AE,64,762,95.392,489.02,0.029,0.001,489.04999999999995,584.442,8570099,8538068,8353420,371720,1009760,64,68,141060,d64_20261005_201429
"ESP32-S3 N16R8 (QFN56 rev v0.2, 16MB flash, 8MB octal PSRAM)",240,Task-AE,64,763,95.392,489.02,0.029,0.001,489.04999999999995,584.442,8570099,8538068,8353420,371720,1009760,64,68,141060,d64_20261005_201429
"ESP32-S3 N16R8 (QFN56 rev v0.2, 16MB flash, 8MB octal PSRAM)",240,Task-AE,64,764,95.392,489.022,0.031,0.001,489.054,584.4459999999999,8570099,8538068,8353420,371720,1009760,64,68,141060,d64_20261005_201429
"ESP32-S3 N16R8 (QFN56 rev v0.2, 16MB flash, 8MB octal PSRAM)",240,Task-AE,64,765,95.392,489.02,0.029,0.001,489.04999999999995,584.442,8570099,8538068,8353420,371720,1009760,64,68,141060,d64_20261005_201429
"ESP32-S3 N16R8 (QFN56 rev v0.2, 16MB flash, 8MB octal PSRAM)",240,Task-AE,64,766,95.392,489.02,0.029,0.001,489.04999999999995,584.442,8570099,8538068,8353420,371720,1009760,64,68,141060,d64_20261005_201429
"ESP32-S3 N16R8 (QFN56 rev v0.2, 16MB flash, 8MB octal PSRAM)",240,Task-AE,64,767,95.392,489.022,0.031,0.001,489.054,584.4459999999999,8570099,8538068,8353420,371720,1009760,64,68,141060,d64_20261005_201429
"ESP32-S3 N16R8 (QFN56 rev v0.2, 16MB flash, 8MB octal PSRAM)",240,Task-AE,64,768,95.392,489.02,0.029,0.001,489.04999999999995,584.442,8570099,8538068,8353420,371720,1009760,64,68,141060,d64_20261005_201429
"ESP32-S3 N16R8 (QFN56 rev v0.2, 16MB flash, 8MB octal PSRAM)",240,Task-AE,64,769,95.392,489.02,0.029,0.001,489.04999999999995,584.442,8570099,8538068,8353420,371720,1009760,64,68,141060,d64_20261005_201429
"ESP32-S3 N16R8 (QFN56 rev v0.2, 16MB flash, 8MB octal PSRAM)",240,Task-AE,64,770,95.392,489.022,0.031,0.001,489.054,584.4459999999999,8570099,8538068,8353420,371720,1009760,64,68,141060,d64_20261005_201429
"ESP32-S3 N16R8 (QFN56 rev v0.2, 16MB flash, 8MB octal PSRAM)",240,Task-AE,64,771,95.392,489.02,0.029,0.001,489.04999999999995,584.442,8570099,8538068,8353420,371720,1009760,64,68,141060,d64_20261005_201429
"ESP32-S3 N16R8 (QFN56 rev v0.2, 16MB flash, 8MB octal PSRAM)",240,Task-AE,64,772,95.392,489.02,0.029,0.001,489.04999999999995,584.442,8570099,8538068,8353420,371720,1009760,64,68,141060,d64_20261005_201429
"ESP32-S3 N16R8 (QFN56 rev v0.2, 16MB flash, 8MB octal PSRAM)",240,Task-AE,64,773,95.392,489.022,0.031,0.001,489.054,584.4459999999999,8570099,8538068,8353420,371720,1009760,64,68,141060,d64_20261005_201429
"ESP32-S3 N16R8 (QFN56 rev v0.2, 16MB flash, 8MB octal PSRAM)",240,Task-AE,64,774,95.392,489.02,0.029,0.001,489.04999999999995,584.442,8570099,8538068,8353420,371720,1009760,64,68,141060,d64_20261005_201429
"ESP32-S3 N16R8 (QFN56 rev v0.2, 16MB flash, 8MB octal PSRAM)",240,Task-AE,64,775,95.392,489.02,0.029,0.001,489.04999999999995,584.442,8570099,8538068,8353420,371720,1009760,64,68,141060,d64_20261005_201429
"ESP32-S3 N16R8 (QFN56 rev v0.2, 16MB flash, 8MB octal PSRAM)",240,Task-AE,64,776,95.392,489.022,0.031,0.001,489.054,584.4459999999999,8570099,8538068,8353420,371720,1009760,64,68,141060,d64_20261005_201429
"ESP32-S3 N16R8 (QFN56 rev v0.2, 16MB flash, 8MB octal PSRAM)",240,Task-AE,64,777,95.392,489.02,0.029,0.001,489.04999999999995,584.442,8570099,8538068,8353420,371720,1009760,64,68,141060,d64_20261005_201429
"ESP32-S3 N16R8 (QFN56 rev v0.2, 16MB flash, 8MB octal PSRAM)",240,Task-AE,64,778,95.392,489.02,0.029,0.001,489.04999999999995,584.442,8570099,8538068,8353420,371720,1009760,64,68,141060,d64_20261005_201429
"ESP32-S3 N16R8 (QFN56 rev v0.2, 16MB flash, 8MB octal PSRAM)",240,Task-AE,64,779,95.392,489.022,0.031,0.001,489.054,584.4459999999999,8570099,8538068,8353420,371720,1009760,64,68,141060,d64_20261005_201429
"ESP32-S3 N16R8 (QFN56 rev v0.2, 16MB flash, 8MB octal PSRAM)",240,Task-AE,64,780,95.392,489.02,0.029,0.001,489.04999999999995,584.442,8570099,8538068,8353420,371720,1009760,64,68,141060,d64_20261005_201429
"ESP32-S3 N16R8 (QFN56 rev v0.2, 16MB flash, 8MB octal PSRAM)",240,Task-AE,64,781,95.392,489.02,0.029,0.001,489.04999999999995,584.442,8570099,8538068,8353420,371720,1009760,64,68,141060,d64_20261005_201429
"ESP32-S3 N16R8 (QFN56 rev v0.2, 16MB flash, 8MB octal PSRAM)",240,Task-AE,64,782,95.392,489.022,0.031,0.001,489.054,584.4459999999999,8570099,8538068,8353420,371720,1009760,64,68,141060,d64_20261005_201429
"ESP32-S3 N16R8 (QFN56 rev v0.2, 16MB flash, 8MB octal PSRAM)",240,Task-AE,64,783,95.392,489.02,0.029,0.001,489.04999999999995,584.442,8570099,8538068,8353420,371720,1009760,64,68,141060,d64_20261005_201429
"ESP32-S3 N16R8 (QFN56 rev v0.2, 16MB flash, 8MB octal PSRAM)",240,Task-AE,64,784,95.392,489.02,0.029,0.001,489.04999999999995,584.442,8570099,8538068,8353420,371720,1009760,64,68,141060,d64_20261005_201429
"ESP32-S3 N16R8 (QFN56 rev v0.2, 16MB flash, 8MB octal PSRAM)",240,Task-AE,64,785,95.392,489.022,0.031,0.001,489.054,584.4459999999999,8570099,8538068,8353420,371720,1009760,64,68,141060,d64_20261005_201429
"ESP32-S3 N16R8 (QFN56 rev v0.2, 16MB flash, 8MB octal PSRAM)",240,Task-AE,64,786,95.392,489.02,0.029,0.001,489.04999999999995,584.442,8570099,8538068,8353420,371720,1009760,64,68,141060,d64_20261005_201429
"ESP32-S3 N16R8 (QFN56 rev v0.2, 16MB flash, 8MB octal PSRAM)",240,Task-AE,64,787,95.392,489.02,0.029,0.001,489.04999999999995,584.442,8570099,8538068,8353420,371720,1009760,64,68,141060,d64_20261005_201429
"ESP32-S3 N16R8 (QFN56 rev v0.2, 16MB flash, 8MB octal PSRAM)",240,Task-AE,64,788,95.392,489.022,0.031,0.001,489.054,584.4459999999999,8570099,8538068,8353420,371720,1009760,64,68,141060,d64_20261005_201429
"ESP32-S3 N16R8 (QFN56 rev v0.2, 16MB flash, 8MB octal PSRAM)",240,Task-AE,64,789,95.392,489.02,0.029,0.001,489.04999999999995,584.442,8570099,8538068,8353420,371720,1009760,64,68,141060,d64_20261005_201429
"ESP32-S3 N16R8 (QFN56 rev v0.2, 16MB flash, 8MB octal PSRAM)",240,Task-AE,64,790,95.392,489.02,0.029,0.001,489.04999999999995,584.442,8570099,8538068,8353420,371720,1009760,64,68,141060,d64_20261005_201429
"ESP32-S3 N16R8 (QFN56 rev v0.2, 16MB flash, 8MB octal PSRAM)",240,Task-AE,64,791,95.392,489.022,0.031,0.001,489.054,584.4459999999999,8570099,8538068,8353420,371720,1009760,64,68,141060,d64_20261005_201429
"ESP32-S3 N16R8 (QFN56 rev v0.2, 16MB flash, 8MB octal PSRAM)",240,Task-AE,64,792,95.392,489.02,0.029,0.001,489.04999999999995,584.442,8570099,8538068,8353420,371720,1009760,64,68,141060,d64_20261005_201429
"ESP32-S3 N16R8 (QFN56 rev v0.2, 16MB flash, 8MB octal PSRAM)",240,Task-AE,64,793,95.392,489.02,0.029,0.001,489.04999999999995,584.442,8570099,8538068,8353420,371720,1009760,64,68,141060,d64_20261005_201429
"ESP32-S3 N16R8 (QFN56 rev v0.2, 16MB flash, 8MB octal PSRAM)",240,Task-AE,64,794,95.392,489.022,0.031,0.001,489.054,584.4459999999999,8570099,8538068,8353420,371720,1009760,64,68,141060,d64_20261005_201429
"ESP32-S3 N16R8 (QFN56 rev v0.2, 16MB flash, 8MB octal PSRAM)",240,Task-AE,64,795,95.392,489.02,0.029,0.001,489.04999999999995,584.442,8570099,8538068,8353420,371720,1009760,64,68,141060,d64_20261005_201429
"ESP32-S3 N16R8 (QFN56 rev v0.2, 16MB flash, 8MB octal PSRAM)",240,Task-AE,64,796,95.392,489.02,0.029,0.001,489.04999999999995,584.442,8570099,8538068,8353420,371720,1009760,64,68,141060,d64_20261005_201429
"ESP32-S3 N16R8 (QFN56 rev v0.2, 16MB flash, 8MB octal PSRAM)",240,Task-AE,64,797,95.394,489.023,0.03,0.002,489.055,584.4490000000001,8570099,8538068,8353420,371720,1009760,64,68,141060,d64_20261005_201429
"ESP32-S3 N16R8 (QFN56 rev v0.2, 16MB flash, 8MB octal PSRAM)",240,Task-AE,64,798,95.392,489.02,0.029,0.001,489.04999999999995,584.442,8570099,8538068,8353420,371720,1009760,64,68,141060,d64_20261005_201429
"ESP32-S3 N16R8 (QFN56 rev v0.2, 16MB flash, 8MB octal PSRAM)",240,Task-AE,64,799,95.394,489.021,0.028,0.002,489.05100000000004,584.445,8570099,8538068,8353420,371720,1009760,64,68,141060,d64_20261005_201429
"ESP32-S3 N16R8 (QFN56 rev v0.2, 16MB flash, 8MB octal PSRAM)",240,Task-AE,64,800,95.392,489.022,0.031,0.001,489.054,584.4459999999999,8570099,8538068,8353420,371720,1009760,64,68,141060,d64_20261005_201429
"ESP32-S3 N16R8 (QFN56 rev v0.2, 16MB flash, 8MB octal PSRAM)",240,Task-AE,64,801,95.392,489.02,0.029,0.001,489.04999999999995,584.442,8570099,8538068,8353420,371720,1009760,64,68,141060,d64_20261005_201429
"ESP32-S3 N16R8 (QFN56 rev v0.2, 16MB flash, 8MB octal PSRAM)",240,Task-AE,64,802,95.392,489.02,0.029,0.001,489.04999999999995,584.442,8570099,8538068,8353420,371720,1009760,64,68,141060,d64_20261005_201429
"ESP32-S3 N16R8 (QFN56 rev v0.2, 16MB flash, 8MB octal PSRAM)",240,Task-AE,64,803,95.392,489.022,0.031,0.001,489.054,584.4459999999999,8570099,8538068,8353420,371720,1009760,64,68,141060,d64_20261005_201429
"ESP32-S3 N16R8 (QFN56 rev v0.2, 16MB flash, 8MB octal PSRAM)",240,Task-AE,64,804,95.392,489.02,0.029,0.001,489.04999999999995,584.442,8570099,8538068,8353420,371720,1009760,64,68,141060,d64_20261005_201429
"ESP32-S3 N16R8 (QFN56 rev v0.2, 16MB flash, 8MB octal PSRAM)",240,Task-AE,64,805,95.392,489.02,0.029,0.001,489.04999999999995,584.442,8570099,8538068,8353420,371720,1009760,64,68,141060,d64_20261005_201429
"ESP32-S3 N16R8 (QFN56 rev v0.2, 16MB flash, 8MB octal PSRAM)",240,Task-AE,64,806,95.392,489.022,0.031,0.001,489.054,584.4459999999999,8570099,8538068,8353420,371720,1009760,64,68,141060,d64_20261005_201429
"ESP32-S3 N16R8 (QFN56 rev v0.2, 16MB flash, 8MB octal PSRAM)",240,Task-AE,64,807,95.392,489.02,0.029,0.001,489.04999999999995,584.442,8570099,8538068,8353420,371720,1009760,64,68,141060,d64_20261005_201429
"ESP32-S3 N16R8 (QFN56 rev v0.2, 16MB flash, 8MB octal PSRAM)",240,Task-AE,64,808,95.392,489.02,0.029,0.001,489.04999999999995,584.442,8570099,8538068,8353420,371720,1009760,64,68,141060,d64_20261005_201429
"ESP32-S3 N16R8 (QFN56 rev v0.2, 16MB flash, 8MB octal PSRAM)",240,Task-AE,64,809,95.392,489.022,0.031,0.001,489.054,584.4459999999999,8570099,8538068,8353420,371720,1009760,64,68,141060,d64_20261005_201429
"ESP32-S3 N16R8 (QFN56 rev v0.2, 16MB flash, 8MB octal PSRAM)",240,Task-AE,64,810,95.392,489.02,0.029,0.001,489.04999999999995,584.442,8570099,8538068,8353420,371720,1009760,64,68,141060,d64_20261005_201429
"ESP32-S3 N16R8 (QFN56 rev v0.2, 16MB flash, 8MB octal PSRAM)",240,Task-AE,64,811,95.392,489.02,0.029,0.001,489.04999999999995,584.442,8570099,8538068,8353420,371720,1009760,64,68,141060,d64_20261005_201429
"ESP32-S3 N16R8 (QFN56 rev v0.2, 16MB flash, 8MB octal PSRAM)",240,Task-AE,64,812,95.392,489.022,0.031,0.001,489.054,584.4459999999999,8570099,8538068,8353420,371720,1009760,64,68,141060,d64_20261005_201429
"ESP32-S3 N16R8 (QFN56 rev v0.2, 16MB flash, 8MB octal PSRAM)",240,Task-AE,64,813,95.392,489.02,0.029,0.001,489.04999999999995,584.442,8570099,8538068,8353420,371720,1009760,64,68,141060,d64_20261005_201429
"ESP32-S3 N16R8 (QFN56 rev v0.2, 16MB flash, 8MB octal PSRAM)",240,Task-AE,64,814,95.392,489.02,0.029,0.001,489.04999999999995,584.442,8570099,8538068,8353420,371720,1009760,64,68,141060,d64_20261005_201429
"ESP32-S3 N16R8 (QFN56 rev v0.2, 16MB flash, 8MB octal PSRAM)",240,Task-AE,64,815,95.392,489.022,0.031,0.001,489.054,584.4459999999999,8570099,8538068,8353420,371720,1009760,64,68,141060,d64_20261005_201429
"ESP32-S3 N16R8 (QFN56 rev v0.2, 16MB flash, 8MB octal PSRAM)",240,Task-AE,64,816,95.392,489.02,0.029,0.001,489.04999999999995,584.442,8570099,8538068,8353420,371720,1009760,64,68,141060,d64_20261005_201429
"ESP32-S3 N16R8 (QFN56 rev v0.2, 16MB flash, 8MB octal PSRAM)",240,Task-AE,64,817,95.392,489.02,0.029,0.001,489.04999999999995,584.442,8570099,8538068,8353420,371720,1009760,64,68,141060,d64_20261005_201429
"ESP32-S3 N16R8 (QFN56 rev v0.2, 16MB flash, 8MB octal PSRAM)",240,Task-AE,64,818,95.392,489.022,0.031,0.001,489.054,584.4459999999999,8570099,8538068,8353420,371720,1009760,64,68,141060,d64_20261005_201429
"ESP32-S3 N16R8 (QFN56 rev v0.2, 16MB flash, 8MB octal PSRAM)",240,Task-AE,64,819,95.392,489.02,0.029,0.001,489.04999999999995,584.442,8570099,8538068,8353420,371720,1009760,64,68,141060,d64_20261005_201429
"ESP32-S3 N16R8 (QFN56 rev v0.2, 16MB flash, 8MB octal PSRAM)",240,Task-AE,64,820,95.392,489.02,0.029,0.001,489.04999999999995,584.442,8570099,8538068,8353420,371720,1009760,64,68,141060,d64_20261005_201429
"ESP32-S3 N16R8 (QFN56 rev v0.2, 16MB flash, 8MB octal PSRAM)",240,Task-AE,64,821,95.392,489.022,0.031,0.001,489.054,584.4459999999999,8570099,8538068,8353420,371720,1009760,64,68,141060,d64_20261005_201429
"ESP32-S3 N16R8 (QFN56 rev v0.2, 16MB flash, 8MB octal PSRAM)",240,Task-AE,64,822,95.392,489.02,0.029,0.001,489.04999999999995,584.442,8570099,8538068,8353420,371720,1009760,64,68,141060,d64_20261005_201429
"ESP32-S3 N16R8 (QFN56 rev v0.2, 16MB flash, 8MB octal PSRAM)",240,Task-AE,64,823,95.392,489.02,0.029,0.001,489.04999999999995,584.442,8570099,8538068,8353420,371720,1009760,64,68,141060,d64_20261005_201429
"ESP32-S3 N16R8 (QFN56 rev v0.2, 16MB flash, 8MB octal PSRAM)",240,Task-AE,64,824,95.392,489.022,0.031,0.001,489.054,584.4459999999999,8570099,8538068,8353420,371720,1009760,64,68,141060,d64_20261005_201429
"ESP32-S3 N16R8 (QFN56 rev v0.2, 16MB flash, 8MB octal PSRAM)",240,Task-AE,64,825,95.392,489.02,0.029,0.001,489.04999999999995,584.442,8570099,8538068,8353420,371720,1009760,64,68,141060,d64_20261005_201429
"ESP32-S3 N16R8 (QFN56 rev v0.2, 16MB flash, 8MB octal PSRAM)",240,Task-AE,64,826,95.392,489.02,0.029,0.001,489.04999999999995,584.442,8570099,8538068,8353420,371720,1009760,64,68,141060,d64_20261005_201429
"ESP32-S3 N16R8 (QFN56 rev v0.2, 16MB flash, 8MB octal PSRAM)",240,Task-AE,64,827,95.392,489.022,0.031,0.001,489.054,584.4459999999999,8570099,8538068,8353420,371720,1009760,64,68,141060,d64_20261005_201429
"ESP32-S3 N16R8 (QFN56 rev v0.2, 16MB flash, 8MB octal PSRAM)",240,Task-AE,64,828,95.392,489.02,0.029,0.001,489.04999999999995,584.442,8570099,8538068,8353420,371720,1009760,64,68,141060,d64_20261005_201429
"ESP32-S3 N16R8 (QFN56 rev v0.2, 16MB flash, 8MB octal PSRAM)",240,Task-AE,64,829,95.394,489.021,0.028,0.002,489.05100000000004,584.445,8570099,8538068,8353420,371720,1009760,64,68,141060,d64_20261005_201429
"ESP32-S3 N16R8 (QFN56 rev v0.2, 16MB flash, 8MB octal PSRAM)",240,Task-AE,64,830,95.392,489.022,0.031,0.001,489.054,584.4459999999999,8570099,8538068,8353420,371720,1009760,64,68,141060,d64_20261005_201429
"ESP32-S3 N16R8 (QFN56 rev v0.2, 16MB flash, 8MB octal PSRAM)",240,Task-AE,64,831,95.392,489.02,0.029,0.001,489.04999999999995,584.442,8570099,8538068,8353420,371720,1009760,64,68,141060,d64_20261005_201429
"ESP32-S3 N16R8 (QFN56 rev v0.2, 16MB flash, 8MB octal PSRAM)",240,Task-AE,64,832,95.392,489.02,0.029,0.001,489.04999999999995,584.442,8570099,8538068,8353420,371720,1009760,64,68,141060,d64_20261005_201429
"ESP32-S3 N16R8 (QFN56 rev v0.2, 16MB flash, 8MB octal PSRAM)",240,Task-AE,64,833,95.392,489.022,0.031,0.001,489.054,584.4459999999999,8570099,8538068,8353420,371720,1009760,64,68,141060,d64_20261005_201429
"ESP32-S3 N16R8 (QFN56 rev v0.2, 16MB flash, 8MB octal PSRAM)",240,Task-AE,64,834,95.392,489.02,0.029,0.001,489.04999999999995,584.442,8570099,8538068,8353420,371720,1009760,64,68,141060,d64_20261005_201429
"ESP32-S3 N16R8 (QFN56 rev v0.2, 16MB flash, 8MB octal PSRAM)",240,Task-AE,64,835,95.392,489.02,0.029,0.001,489.04999999999995,584.442,8570099,8538068,8353420,371720,1009760,64,68,141060,d64_20261005_201429
"ESP32-S3 N16R8 (QFN56 rev v0.2, 16MB flash, 8MB octal PSRAM)",240,Task-AE,64,836,95.392,489.022,0.031,0.001,489.054,584.4459999999999,8570099,8538068,8353420,371720,1009760,64,68,141060,d64_20261005_201429
"ESP32-S3 N16R8 (QFN56 rev v0.2, 16MB flash, 8MB octal PSRAM)",240,Task-AE,64,837,95.392,489.02,0.029,0.001,489.04999999999995,584.442,8570099,8538068,8353420,371720,1009760,64,68,141060,d64_20261005_201429
"ESP32-S3 N16R8 (QFN56 rev v0.2, 16MB flash, 8MB octal PSRAM)",240,Task-AE,64,838,95.392,489.02,0.029,0.001,489.04999999999995,584.442,8570099,8538068,8353420,371720,1009760,64,68,141060,d64_20261005_201429
"ESP32-S3 N16R8 (QFN56 rev v0.2, 16MB flash, 8MB octal PSRAM)",240,Task-AE,64,839,95.392,489.022,0.031,0.001,489.054,584.4459999999999,8570099,8538068,8353420,371720,1009760,64,68,141060,d64_20261005_201429
"ESP32-S3 N16R8 (QFN56 rev v0.2, 16MB flash, 8MB octal PSRAM)",240,Task-AE,64,840,95.392,489.02,0.029,0.001,489.04999999999995,584.442,8570099,8538068,8353420,371720,1009760,64,68,141060,d64_20261005_201429
"ESP32-S3 N16R8 (QFN56 rev v0.2, 16MB flash, 8MB octal PSRAM)",240,Task-AE,64,841,95.392,489.02,0.029,0.001,489.04999999999995,584.442,8570099,8538068,8353420,371720,1009760,64,68,141060,d64_20261005_201429
"ESP32-S3 N16R8 (QFN56 rev v0.2, 16MB flash, 8MB octal PSRAM)",240,Task-AE,64,842,95.392,489.022,0.031,0.001,489.054,584.4459999999999,8570099,8538068,8353420,371720,1009760,64,68,141060,d64_20261005_201429
"ESP32-S3 N16R8 (QFN56 rev v0.2, 16MB flash, 8MB octal PSRAM)",240,Task-AE,64,843,95.392,489.02,0.029,0.001,489.04999999999995,584.442,8570099,8538068,8353420,371720,1009760,64,68,141060,d64_20261005_201429
"ESP32-S3 N16R8 (QFN56 rev v0.2, 16MB flash, 8MB octal PSRAM)",240,Task-AE,64,844,95.392,489.02,0.029,0.001,489.04999999999995,584.442,8570099,8538068,8353420,371720,1009760,64,68,141060,d64_20261005_201429
"ESP32-S3 N16R8 (QFN56 rev v0.2, 16MB flash, 8MB octal PSRAM)",240,Task-AE,64,845,95.392,489.022,0.031,0.001,489.054,584.4459999999999,8570099,8538068,8353420,371720,1009760,64,68,141060,d64_20261005_201429
"ESP32-S3 N16R8 (QFN56 rev v0.2, 16MB flash, 8MB octal PSRAM)",240,Task-AE,64,846,95.392,489.02,0.029,0.001,489.04999999999995,584.442,8570099,8538068,8353420,371720,1009760,64,68,141060,d64_20261005_201429
"ESP32-S3 N16R8 (QFN56 rev v0.2, 16MB flash, 8MB octal PSRAM)",240,Task-AE,64,847,95.392,489.02,0.029,0.001,489.04999999999995,584.442,8570099,8538068,8353420,371720,1009760,64,68,141060,d64_20261005_201429
"ESP32-S3 N16R8 (QFN56 rev v0.2, 16MB flash, 8MB octal PSRAM)",240,Task-AE,64,848,95.392,489.022,0.031,0.001,489.054,584.4459999999999,8570099,8538068,8353420,371720,1009760,64,68,141060,d64_20261005_201429
"ESP32-S3 N16R8 (QFN56 rev v0.2, 16MB flash, 8MB octal PSRAM)",240,Task-AE,64,849,95.392,489.02,0.029,0.001,489.04999999999995,584.442,8570099,8538068,8353420,371720,1009760,64,68,141060,d64_20261005_201429
"ESP32-S3 N16R8 (QFN56 rev v0.2, 16MB flash, 8MB octal PSRAM)",240,Task-AE,64,850,95.392,489.02,0.029,0.001,489.04999999999995,584.442,8570099,8538068,8353420,371720,1009760,64,68,141060,d64_20261005_201429
"ESP32-S3 N16R8 (QFN56 rev v0.2, 16MB flash, 8MB octal PSRAM)",240,Task-AE,64,851,95.392,489.022,0.031,0.001,489.054,584.4459999999999,8570099,8538068,8353420,371720,1009760,64,68,141060,d64_20261005_201429
"ESP32-S3 N16R8 (QFN56 rev v0.2, 16MB flash, 8MB octal PSRAM)",240,Task-AE,64,852,95.392,489.02,0.029,0.001,489.04999999999995,584.442,8570099,8538068,8353420,371720,1009760,64,68,141060,d64_20261005_201429
"ESP32-S3 N16R8 (QFN56 rev v0.2, 16MB flash, 8MB octal PSRAM)",240,Task-AE,64,853,95.392,489.02,0.029,0.001,489.04999999999995,584.442,8570099,8538068,8353420,371720,1009760,64,68,141060,d64_20261005_201429
"ESP32-S3 N16R8 (QFN56 rev v0.2, 16MB flash, 8MB octal PSRAM)",240,Task-AE,64,854,95.392,489.022,0.031,0.001,489.054,584.4459999999999,8570099,8538068,8353420,371720,1009760,64,68,141060,d64_20261005_201429
"ESP32-S3 N16R8 (QFN56 rev v0.2, 16MB flash, 8MB octal PSRAM)",240,Task-AE,64,855,95.392,489.02,0.029,0.001,489.04999999999995,584.442,8570099,8538068,8353420,371720,1009760,64,68,141060,d64_20261005_201429
"ESP32-S3 N16R8 (QFN56 rev v0.2, 16MB flash, 8MB octal PSRAM)",240,Task-AE,64,856,95.392,489.02,0.029,0.001,489.04999999999995,584.442,8570099,8538068,8353420,371720,1009760,64,68,141060,d64_20261005_201429
"ESP32-S3 N16R8 (QFN56 rev v0.2, 16MB flash, 8MB octal PSRAM)",240,Task-AE,64,857,95.392,489.022,0.031,0.001,489.054,584.4459999999999,8570099,8538068,8353420,371720,1009760,64,68,141060,d64_20261005_201429
"ESP32-S3 N16R8 (QFN56 rev v0.2, 16MB flash, 8MB octal PSRAM)",240,Task-AE,64,858,95.392,489.02,0.029,0.001,489.04999999999995,584.442,8570099,8538068,8353420,371720,1009760,64,68,141060,d64_20261005_201429
"ESP32-S3 N16R8 (QFN56 rev v0.2, 16MB flash, 8MB octal PSRAM)",240,Task-AE,64,859,95.392,489.02,0.029,0.001,489.04999999999995,584.442,8570099,8538068,8353420,371720,1009760,64,68,141060,d64_20261005_201429
"ESP32-S3 N16R8 (QFN56 rev v0.2, 16MB flash, 8MB octal PSRAM)",240,Task-AE,64,860,95.392,489.022,0.031,0.001,489.054,584.4459999999999,8570099,8538068,8353420,371720,1009760,64,68,141060,d64_20261005_201429
"ESP32-S3 N16R8 (QFN56 rev v0.2, 16MB flash, 8MB octal PSRAM)",240,Task-AE,64,861,95.392,489.02,0.029,0.001,489.04999999999995,584.442,8570099,8538068,8353420,371720,1009760,64,68,141060,d64_20261005_201429
"ESP32-S3 N16R8 (QFN56 rev v0.2, 16MB flash, 8MB octal PSRAM)",240,Task-AE,64,862,95.392,489.02,0.029,0.001,489.04999999999995,584.442,8570099,8538068,8353420,371720,1009760,64,68,141060,d64_20261005_201429
"ESP32-S3 N16R8 (QFN56 rev v0.2, 16MB flash, 8MB octal PSRAM)",240,Task-AE,64,863,95.392,489.022,0.031,0.001,489.054,584.4459999999999,8570099,8538068,8353420,371720,1009760,64,68,141060,d64_20261005_201429
"ESP32-S3 N16R8 (QFN56 rev v0.2, 16MB flash, 8MB octal PSRAM)",240,Task-AE,64,864,95.392,489.02,0.029,0.001,489.04999999999995,584.442,8570099,8538068,8353420,371720,1009760,64,68,141060,d64_20261005_201429
"ESP32-S3 N16R8 (QFN56 rev v0.2, 16MB flash, 8MB octal PSRAM)",240,Task-AE,64,865,95.392,489.02,0.029,0.001,489.04999999999995,584.442,8570099,8538068,8353420,371720,1009760,64,68,141060,d64_20261005_201429
"ESP32-S3 N16R8 (QFN56 rev v0.2, 16MB flash, 8MB octal PSRAM)",240,Task-AE,64,866,95.392,489.022,0.031,0.001,489.054,584.4459999999999,8570099,8538068,8353420,371720,1009760,64,68,141060,d64_20261005_201429
"ESP32-S3 N16R8 (QFN56 rev v0.2, 16MB flash, 8MB octal PSRAM)",240,Task-AE,64,867,95.392,489.02,0.029,0.001,489.04999999999995,584.442,8570099,8538068,8353420,371720,1009760,64,68,141060,d64_20261005_201429
"ESP32-S3 N16R8 (QFN56 rev v0.2, 16MB flash, 8MB octal PSRAM)",240,Task-AE,64,868,95.392,489.02,0.029,0.001,489.04999999999995,584.442,8570099,8538068,8353420,371720,1009760,64,68,141060,d64_20261005_201429
"ESP32-S3 N16R8 (QFN56 rev v0.2, 16MB flash, 8MB octal PSRAM)",240,Task-AE,64,869,95.392,489.022,0.031,0.001,489.054,584.4459999999999,8570099,8538068,8353420,371720,1009760,64,68,141060,d64_20261005_201429
"ESP32-S3 N16R8 (QFN56 rev v0.2, 16MB flash, 8MB octal PSRAM)",240,Task-AE,64,870,95.392,489.02,0.029,0.001,489.04999999999995,584.442,8570099,8538068,8353420,371720,1009760,64,68,141060,d64_20261005_201429
"ESP32-S3 N16R8 (QFN56 rev v0.2, 16MB flash, 8MB octal PSRAM)",240,Task-AE,64,871,95.392,489.02,0.029,0.001,489.04999999999995,584.442,8570099,8538068,8353420,371720,1009760,64,68,141060,d64_20261005_201429
"ESP32-S3 N16R8 (QFN56 rev v0.2, 16MB flash, 8MB octal PSRAM)",240,Task-AE,64,872,95.392,489.022,0.031,0.001,489.054,584.4459999999999,8570099,8538068,8353420,371720,1009760,64,68,141060,d64_20261005_201429
"ESP32-S3 N16R8 (QFN56 rev v0.2, 16MB flash, 8MB octal PSRAM)",240,Task-AE,64,873,95.392,489.02,0.029,0.001,489.04999999999995,584.442,8570099,8538068,8353420,371720,1009760,64,68,141060,d64_20261005_201429
"ESP32-S3 N16R8 (QFN56 rev v0.2, 16MB flash, 8MB octal PSRAM)",240,Task-AE,64,874,95.392,489.02,0.029,0.001,489.04999999999995,584.442,8570099,8538068,8353420,371720,1009760,64,68,141060,d64_20261005_201429
"ESP32-S3 N16R8 (QFN56 rev v0.2, 16MB flash, 8MB octal PSRAM)",240,Task-AE,64,875,95.392,489.022,0.031,0.001,489.054,584.4459999999999,8570099,8538068,8353420,371720,1009760,64,68,141060,d64_20261005_201429
"ESP32-S3 N16R8 (QFN56 rev v0.2, 16MB flash, 8MB octal PSRAM)",240,Task-AE,64,876,95.392,489.02,0.029,0.001,489.04999999999995,584.442,8570099,8538068,8353420,371720,1009760,64,68,141060,d64_20261005_201429
"ESP32-S3 N16R8 (QFN56 rev v0.2, 16MB flash, 8MB octal PSRAM)",240,Task-AE,64,877,95.392,489.02,0.029,0.001,489.04999999999995,584.442,8570099,8538068,8353420,371720,1009760,64,68,141060,d64_20261005_201429
"ESP32-S3 N16R8 (QFN56 rev v0.2, 16MB flash, 8MB octal PSRAM)",240,Task-AE,64,878,95.392,489.022,0.031,0.001,489.054,584.4459999999999,8570099,8538068,8353420,371720,1009760,64,68,141060,d64_20261005_201429
"ESP32-S3 N16R8 (QFN56 rev v0.2, 16MB flash, 8MB octal PSRAM)",240,Task-AE,64,879,95.392,489.02,0.029,0.001,489.04999999999995,584.442,8570099,8538068,8353420,371720,1009760,64,68,141060,d64_20261005_201429
"ESP32-S3 N16R8 (QFN56 rev v0.2, 16MB flash, 8MB octal PSRAM)",240,Task-AE,64,880,95.392,489.02,0.029,0.001,489.04999999999995,584.442,8570099,8538068,8353420,371720,1009760,64,68,141060,d64_20261005_201429
"ESP32-S3 N16R8 (QFN56 rev v0.2, 16MB flash, 8MB octal PSRAM)",240,Task-AE,64,881,95.392,489.022,0.031,0.001,489.054,584.4459999999999,8570099,8538068,8353420,371720,1009760,64,68,141060,d64_20261005_201429
"ESP32-S3 N16R8 (QFN56 rev v0.2, 16MB flash, 8MB octal PSRAM)",240,Task-AE,64,882,95.392,489.02,0.029,0.001,489.04999999999995,584.442,8570099,8538068,8353420,371720,1009760,64,68,141060,d64_20261005_201429
"ESP32-S3 N16R8 (QFN56 rev v0.2, 16MB flash, 8MB octal PSRAM)",240,Task-AE,64,883,95.392,489.02,0.029,0.001,489.04999999999995,584.442,8570099,8538068,8353420,371720,1009760,64,68,141060,d64_20261005_201429
"ESP32-S3 N16R8 (QFN56 rev v0.2, 16MB flash, 8MB octal PSRAM)",240,Task-AE,64,884,95.394,489.023,0.03,0.002,489.055,584.4490000000001,8570099,8538068,8353420,371720,1009760,64,68,141060,d64_20261005_201429
"ESP32-S3 N16R8 (QFN56 rev v0.2, 16MB flash, 8MB octal PSRAM)",240,Task-AE,64,885,95.392,489.02,0.029,0.001,489.04999999999995,584.442,8570099,8538068,8353420,371720,1009760,64,68,141060,d64_20261005_201429
"ESP32-S3 N16R8 (QFN56 rev v0.2, 16MB flash, 8MB octal PSRAM)",240,Task-AE,64,886,95.392,489.02,0.029,0.001,489.04999999999995,584.442,8570099,8538068,8353420,371720,1009760,64,68,141060,d64_20261005_201429
"ESP32-S3 N16R8 (QFN56 rev v0.2, 16MB flash, 8MB octal PSRAM)",240,Task-AE,64,887,95.392,489.022,0.031,0.001,489.054,584.4459999999999,8570099,8538068,8353420,371720,1009760,64,68,141060,d64_20261005_201429
"ESP32-S3 N16R8 (QFN56 rev v0.2, 16MB flash, 8MB octal PSRAM)",240,Task-AE,64,888,95.392,489.02,0.029,0.001,489.04999999999995,584.442,8570099,8538068,8353420,371720,1009760,64,68,141060,d64_20261005_201429
"ESP32-S3 N16R8 (QFN56 rev v0.2, 16MB flash, 8MB octal PSRAM)",240,Task-AE,64,889,95.392,489.02,0.029,0.001,489.04999999999995,584.442,8570099,8538068,8353420,371720,1009760,64,68,141060,d64_20261005_201429
"ESP32-S3 N16R8 (QFN56 rev v0.2, 16MB flash, 8MB octal PSRAM)",240,Task-AE,64,890,95.392,489.022,0.031,0.001,489.054,584.4459999999999,8570099,8538068,8353420,371720,1009760,64,68,141060,d64_20261005_201429
"ESP32-S3 N16R8 (QFN56 rev v0.2, 16MB flash, 8MB octal PSRAM)",240,Task-AE,64,891,95.392,489.02,0.029,0.001,489.04999999999995,584.442,8570099,8538068,8353420,371720,1009760,64,68,141060,d64_20261005_201429
"ESP32-S3 N16R8 (QFN56 rev v0.2, 16MB flash, 8MB octal PSRAM)",240,Task-AE,64,892,95.392,489.02,0.029,0.001,489.04999999999995,584.442,8570099,8538068,8353420,371720,1009760,64,68,141060,d64_20261005_201429
"ESP32-S3 N16R8 (QFN56 rev v0.2, 16MB flash, 8MB octal PSRAM)",240,Task-AE,64,893,95.392,489.022,0.031,0.001,489.054,584.4459999999999,8570099,8538068,8353420,371720,1009760,64,68,141060,d64_20261005_201429
"ESP32-S3 N16R8 (QFN56 rev v0.2, 16MB flash, 8MB octal PSRAM)",240,Task-AE,64,894,95.392,489.02,0.029,0.001,489.04999999999995,584.442,8570099,8538068,8353420,371720,1009760,64,68,141060,d64_20261005_201429
"ESP32-S3 N16R8 (QFN56 rev v0.2, 16MB flash, 8MB octal PSRAM)",240,Task-AE,64,895,95.392,489.02,0.029,0.001,489.04999999999995,584.442,8570099,8538068,8353420,371720,1009760,64,68,141060,d64_20261005_201429
"ESP32-S3 N16R8 (QFN56 rev v0.2, 16MB flash, 8MB octal PSRAM)",240,Task-AE,64,896,95.392,489.022,0.031,0.001,489.054,584.4459999999999,8570099,8538068,8353420,371720,1009760,64,68,141060,d64_20261005_201429
"ESP32-S3 N16R8 (QFN56 rev v0.2, 16MB flash, 8MB octal PSRAM)",240,Task-AE,64,897,95.392,489.02,0.029,0.001,489.04999999999995,584.442,8570099,8538068,8353420,371720,1009760,64,68,141060,d64_20261005_201429
"ESP32-S3 N16R8 (QFN56 rev v0.2, 16MB flash, 8MB octal PSRAM)",240,Task-AE,64,898,95.392,489.02,0.029,0.001,489.04999999999995,584.442,8570099,8538068,8353420,371720,1009760,64,68,141060,d64_20261005_201429
"ESP32-S3 N16R8 (QFN56 rev v0.2, 16MB flash, 8MB octal PSRAM)",240,Task-AE,64,899,95.392,489.022,0.031,0.001,489.054,584.4459999999999,8570099,8538068,8353420,371720,1009760,64,68,141060,d64_20261005_201429
"ESP32-S3 N16R8 (QFN56 rev v0.2, 16MB flash, 8MB octal PSRAM)",240,Task-AE,64,900,95.392,489.02,0.029,0.001,489.04999999999995,584.442,8570099,8538068,8353420,371720,1009760,64,68,141060,d64_20261005_201429
"ESP32-S3 N16R8 (QFN56 rev v0.2, 16MB flash, 8MB octal PSRAM)",240,Task-AE,64,901,95.392,489.02,0.029,0.001,489.04999999999995,584.442,8570099,8538068,8353420,371720,1009760,64,68,141060,d64_20261005_201429
"ESP32-S3 N16R8 (QFN56 rev v0.2, 16MB flash, 8MB octal PSRAM)",240,Task-AE,64,902,95.392,489.022,0.031,0.001,489.054,584.4459999999999,8570099,8538068,8353420,371720,1009760,64,68,141060,d64_20261005_201429
"ESP32-S3 N16R8 (QFN56 rev v0.2, 16MB flash, 8MB octal PSRAM)",240,Task-AE,64,903,95.392,489.02,0.029,0.001,489.04999999999995,584.442,8570099,8538068,8353420,371720,1009760,64,68,141060,d64_20261005_201429
"ESP32-S3 N16R8 (QFN56 rev v0.2, 16MB flash, 8MB octal PSRAM)",240,Task-AE,64,904,95.392,489.02,0.029,0.001,489.04999999999995,584.442,8570099,8538068,8353420,371720,1009760,64,68,141060,d64_20261005_201429
"ESP32-S3 N16R8 (QFN56 rev v0.2, 16MB flash, 8MB octal PSRAM)",240,Task-AE,64,905,95.392,489.022,0.031,0.001,489.054,584.4459999999999,8570099,8538068,8353420,371720,1009760,64,68,141060,d64_20261005_201429
"ESP32-S3 N16R8 (QFN56 rev v0.2, 16MB flash, 8MB octal PSRAM)",240,Task-AE,64,906,95.392,489.02,0.029,0.001,489.04999999999995,584.442,8570099,8538068,8353420,371720,1009760,64,68,141060,d64_20261005_201429
"ESP32-S3 N16R8 (QFN56 rev v0.2, 16MB flash, 8MB octal PSRAM)",240,Task-AE,64,907,95.392,489.02,0.029,0.001,489.04999999999995,584.442,8570099,8538068,8353420,371720,1009760,64,68,141060,d64_20261005_201429
"ESP32-S3 N16R8 (QFN56 rev v0.2, 16MB flash, 8MB octal PSRAM)",240,Task-AE,64,908,95.392,489.022,0.031,0.001,489.054,584.4459999999999,8570099,8538068,8353420,371720,1009760,64,68,141060,d64_20261005_201429
"ESP32-S3 N16R8 (QFN56 rev v0.2, 16MB flash, 8MB octal PSRAM)",240,Task-AE,64,909,95.394,489.021,0.028,0.002,489.05100000000004,584.445,8570099,8538068,8353420,371720,1009760,64,68,141060,d64_20261005_201429
"ESP32-S3 N16R8 (QFN56 rev v0.2, 16MB flash, 8MB octal PSRAM)",240,Task-AE,64,910,95.392,489.02,0.029,0.001,489.04999999999995,584.442,8570099,8538068,8353420,371720,1009760,64,68,141060,d64_20261005_201429
"ESP32-S3 N16R8 (QFN56 rev v0.2, 16MB flash, 8MB octal PSRAM)",240,Task-AE,64,911,95.392,489.022,0.031,0.001,489.054,584.4459999999999,8570099,8538068,8353420,371720,1009760,64,68,141060,d64_20261005_201429
"ESP32-S3 N16R8 (QFN56 rev v0.2, 16MB flash, 8MB octal PSRAM)",240,Task-AE,64,912,95.392,489.02,0.029,0.001,489.04999999999995,584.442,8570099,8538068,8353420,371720,1009760,64,68,141060,d64_20261005_201429
"ESP32-S3 N16R8 (QFN56 rev v0.2, 16MB flash, 8MB octal PSRAM)",240,Task-AE,64,913,95.392,489.02,0.029,0.001,489.04999999999995,584.442,8570099,8538068,8353420,371720,1009760,64,68,141060,d64_20261005_201429
"ESP32-S3 N16R8 (QFN56 rev v0.2, 16MB flash, 8MB octal PSRAM)",240,Task-AE,64,914,95.392,489.022,0.031,0.001,489.054,584.4459999999999,8570099,8538068,8353420,371720,1009760,64,68,141060,d64_20261005_201429
"ESP32-S3 N16R8 (QFN56 rev v0.2, 16MB flash, 8MB octal PSRAM)",240,Task-AE,64,915,95.392,489.02,0.029,0.001,489.04999999999995,584.442,8570099,8538068,8353420,371720,1009760,64,68,141060,d64_20261005_201429
"ESP32-S3 N16R8 (QFN56 rev v0.2, 16MB flash, 8MB octal PSRAM)",240,Task-AE,64,916,95.392,489.02,0.029,0.001,489.04999999999995,584.442,8570099,8538068,8353420,371720,1009760,64,68,141060,d64_20261005_201429
"ESP32-S3 N16R8 (QFN56 rev v0.2, 16MB flash, 8MB octal PSRAM)",240,Task-AE,64,917,95.392,489.022,0.031,0.001,489.054,584.4459999999999,8570099,8538068,8353420,371720,1009760,64,68,141060,d64_20261005_201429
"ESP32-S3 N16R8 (QFN56 rev v0.2, 16MB flash, 8MB octal PSRAM)",240,Task-AE,64,918,95.392,489.02,0.029,0.001,489.04999999999995,584.442,8570099,8538068,8353420,371720,1009760,64,68,141060,d64_20261005_201429
"ESP32-S3 N16R8 (QFN56 rev v0.2, 16MB flash, 8MB octal PSRAM)",240,Task-AE,64,919,95.392,489.02,0.029,0.001,489.04999999999995,584.442,8570099,8538068,8353420,371720,1009760,64,68,141060,d64_20261005_201429
"ESP32-S3 N16R8 (QFN56 rev v0.2, 16MB flash, 8MB octal PSRAM)",240,Task-AE,64,920,95.392,489.022,0.031,0.001,489.054,584.4459999999999,8570099,8538068,8353420,371720,1009760,64,68,141060,d64_20261005_201429
"ESP32-S3 N16R8 (QFN56 rev v0.2, 16MB flash, 8MB octal PSRAM)",240,Task-AE,64,921,95.392,489.02,0.029,0.001,489.04999999999995,584.442,8570099,8538068,8353420,371720,1009760,64,68,141060,d64_20261005_201429
"ESP32-S3 N16R8 (QFN56 rev v0.2, 16MB flash, 8MB octal PSRAM)",240,Task-AE,64,922,95.392,489.02,0.029,0.001,489.04999999999995,584.442,8570099,8538068,8353420,371720,1009760,64,68,141060,d64_20261005_201429
"ESP32-S3 N16R8 (QFN56 rev v0.2, 16MB flash, 8MB octal PSRAM)",240,Task-AE,64,923,95.392,489.022,0.031,0.001,489.054,584.4459999999999,8570099,8538068,8353420,371720,1009760,64,68,141060,d64_20261005_201429
"ESP32-S3 N16R8 (QFN56 rev v0.2, 16MB flash, 8MB octal PSRAM)",240,Task-AE,64,924,95.392,489.02,0.029,0.001,489.04999999999995,584.442,8570099,8538068,8353420,371720,1009760,64,68,141060,d64_20261005_201429
"ESP32-S3 N16R8 (QFN56 rev v0.2, 16MB flash, 8MB octal PSRAM)",240,Task-AE,64,925,95.392,489.02,0.029,0.001,489.04999999999995,584.442,8570099,8538068,8353420,371720,1009760,64,68,141060,d64_20261005_201429
"ESP32-S3 N16R8 (QFN56 rev v0.2, 16MB flash, 8MB octal PSRAM)",240,Task-AE,64,926,95.392,489.022,0.031,0.001,489.054,584.4459999999999,8570099,8538068,8353420,371720,1009760,64,68,141060,d64_20261005_201429
"ESP32-S3 N16R8 (QFN56 rev v0.2, 16MB flash, 8MB octal PSRAM)",240,Task-AE,64,927,95.392,489.02,0.029,0.001,489.04999999999995,584.442,8570099,8538068,8353420,371720,1009760,64,68,141060,d64_20261005_201429
"ESP32-S3 N16R8 (QFN56 rev v0.2, 16MB flash, 8MB octal PSRAM)",240,Task-AE,64,928,95.392,489.02,0.029,0.001,489.04999999999995,584.442,8570099,8538068,8353420,371720,1009760,64,68,141060,d64_20261005_201429
"ESP32-S3 N16R8 (QFN56 rev v0.2, 16MB flash, 8MB octal PSRAM)",240,Task-AE,64,929,95.392,489.022,0.031,0.001,489.054,584.4459999999999,8570099,8538068,8353420,371720,1009760,64,68,141060,d64_20261005_201429
"ESP32-S3 N16R8 (QFN56 rev v0.2, 16MB flash, 8MB octal PSRAM)",240,Task-AE,64,930,95.392,489.02,0.029,0.001,489.04999999999995,584.442,8570099,8538068,8353420,371720,1009760,64,68,141060,d64_20261005_201429
"ESP32-S3 N16R8 (QFN56 rev v0.2, 16MB flash, 8MB octal PSRAM)",240,Task-AE,64,931,95.392,489.02,0.029,0.001,489.04999999999995,584.442,8570099,8538068,8353420,371720,1009760,64,68,141060,d64_20261005_201429
"ESP32-S3 N16R8 (QFN56 rev v0.2, 16MB flash, 8MB octal PSRAM)",240,Task-AE,64,932,95.392,489.022,0.031,0.001,489.054,584.4459999999999,8570099,8538068,8353420,371720,1009760,64,68,141060,d64_20261005_201429
"ESP32-S3 N16R8 (QFN56 rev v0.2, 16MB flash, 8MB octal PSRAM)",240,Task-AE,64,933,95.392,489.02,0.029,0.001,489.04999999999995,584.442,8570099,8538068,8353420,371720,1009760,64,68,141060,d64_20261005_201429
"ESP32-S3 N16R8 (QFN56 rev v0.2, 16MB flash, 8MB octal PSRAM)",240,Task-AE,64,934,95.392,489.02,0.029,0.001,489.04999999999995,584.442,8570099,8538068,8353420,371720,1009760,64,68,141060,d64_20261005_201429
"ESP32-S3 N16R8 (QFN56 rev v0.2, 16MB flash, 8MB octal PSRAM)",240,Task-AE,64,935,95.392,489.022,0.031,0.001,489.054,584.4459999999999,8570099,8538068,8353420,371720,1009760,64,68,141060,d64_20261005_201429
"ESP32-S3 N16R8 (QFN56 rev v0.2, 16MB flash, 8MB octal PSRAM)",240,Task-AE,64,936,95.392,489.02,0.029,0.001,489.04999999999995,584.442,8570099,8538068,8353420,371720,1009760,64,68,141060,d64_20261005_201429
"ESP32-S3 N16R8 (QFN56 rev v0.2, 16MB flash, 8MB octal PSRAM)",240,Task-AE,64,937,95.392,489.02,0.029,0.001,489.04999999999995,584.442,8570099,8538068,8353420,371720,1009760,64,68,141060,d64_20261005_201429
"ESP32-S3 N16R8 (QFN56 rev v0.2, 16MB flash, 8MB octal PSRAM)",240,Task-AE,64,938,95.392,489.022,0.031,0.001,489.054,584.4459999999999,8570099,8538068,8353420,371720,1009760,64,68,141060,d64_20261005_201429
"ESP32-S3 N16R8 (QFN56 rev v0.2, 16MB flash, 8MB octal PSRAM)",240,Task-AE,64,939,95.392,489.02,0.029,0.001,489.04999999999995,584.442,8570099,8538068,8353420,371720,1009760,64,68,141060,d64_20261005_201429
"ESP32-S3 N16R8 (QFN56 rev v0.2, 16MB flash, 8MB octal PSRAM)",240,Task-AE,64,940,95.392,489.02,0.029,0.001,489.04999999999995,584.442,8570099,8538068,8353420,371720,1009760,64,68,141060,d64_20261005_201429
"ESP32-S3 N16R8 (QFN56 rev v0.2, 16MB flash, 8MB octal PSRAM)",240,Task-AE,64,941,95.392,489.022,0.031,0.001,489.054,584.4459999999999,8570099,8538068,8353420,371720,1009760,64,68,141060,d64_20261005_201429
"ESP32-S3 N16R8 (QFN56 rev v0.2, 16MB flash, 8MB octal PSRAM)",240,Task-AE,64,942,95.392,489.02,0.029,0.001,489.04999999999995,584.442,8570099,8538068,8353420,371720,1009760,64,68,141060,d64_20261005_201429
"ESP32-S3 N16R8 (QFN56 rev v0.2, 16MB flash, 8MB octal PSRAM)",240,Task-AE,64,943,95.392,489.02,0.029,0.001,489.04999999999995,584.442,8570099,8538068,8353420,371720,1009760,64,68,141060,d64_20261005_201429
"ESP32-S3 N16R8 (QFN56 rev v0.2, 16MB flash, 8MB octal PSRAM)",240,Task-AE,64,944,95.392,489.022,0.031,0.001,489.054,584.4459999999999,8570099,8538068,8353420,371720,1009760,64,68,141060,d64_20261005_201429
"ESP32-S3 N16R8 (QFN56 rev v0.2, 16MB flash, 8MB octal PSRAM)",240,Task-AE,64,945,95.392,489.02,0.029,0.001,489.04999999999995,584.442,8570099,8538068,8353420,371720,1009760,64,68,141060,d64_20261005_201429
"ESP32-S3 N16R8 (QFN56 rev v0.2, 16MB flash, 8MB octal PSRAM)",240,Task-AE,64,946,95.392,489.02,0.029,0.001,489.04999999999995,584.442,8570099,8538068,8353420,371720,1009760,64,68,141060,d64_20261005_201429
"ESP32-S3 N16R8 (QFN56 rev v0.2, 16MB flash, 8MB octal PSRAM)",240,Task-AE,64,947,95.392,489.022,0.031,0.001,489.054,584.4459999999999,8570099,8538068,8353420,371720,1009760,64,68,141060,d64_20261005_201429
"ESP32-S3 N16R8 (QFN56 rev v0.2, 16MB flash, 8MB octal PSRAM)",240,Task-AE,64,948,95.392,489.02,0.029,0.001,489.04999999999995,584.442,8570099,8538068,8353420,371720,1009760,64,68,141060,d64_20261005_201429
"ESP32-S3 N16R8 (QFN56 rev v0.2, 16MB flash, 8MB octal PSRAM)",240,Task-AE,64,949,95.392,489.02,0.029,0.001,489.04999999999995,584.442,8570099,8538068,8353420,371720,1009760,64,68,141060,d64_20261005_201429
"ESP32-S3 N16R8 (QFN56 rev v0.2, 16MB flash, 8MB octal PSRAM)",240,Task-AE,64,950,95.392,489.022,0.031,0.001,489.054,584.4459999999999,8570099,8538068,8353420,371720,1009760,64,68,141060,d64_20261005_201429
"ESP32-S3 N16R8 (QFN56 rev v0.2, 16MB flash, 8MB octal PSRAM)",240,Task-AE,64,951,95.392,489.02,0.029,0.001,489.04999999999995,584.442,8570099,8538068,8353420,371720,1009760,64,68,141060,d64_20261005_201429
"ESP32-S3 N16R8 (QFN56 rev v0.2, 16MB flash, 8MB octal PSRAM)",240,Task-AE,64,952,95.392,489.02,0.029,0.001,489.04999999999995,584.442,8570099,8538068,8353420,371720,1009760,64,68,141060,d64_20261005_201429
"ESP32-S3 N16R8 (QFN56 rev v0.2, 16MB flash, 8MB octal PSRAM)",240,Task-AE,64,953,95.392,489.022,0.031,0.001,489.054,584.4459999999999,8570099,8538068,8353420,371720,1009760,64,68,141060,d64_20261005_201429
"ESP32-S3 N16R8 (QFN56 rev v0.2, 16MB flash, 8MB octal PSRAM)",240,Task-AE,64,954,95.394,489.021,0.028,0.002,489.05100000000004,584.445,8570099,8538068,8353420,371720,1009760,64,68,141060,d64_20261005_201429
"ESP32-S3 N16R8 (QFN56 rev v0.2, 16MB flash, 8MB octal PSRAM)",240,Task-AE,64,955,95.392,489.02,0.029,0.001,489.04999999999995,584.442,8570099,8538068,8353420,371720,1009760,64,68,141060,d64_20261005_201429
"ESP32-S3 N16R8 (QFN56 rev v0.2, 16MB flash, 8MB octal PSRAM)",240,Task-AE,64,956,95.392,489.022,0.031,0.001,489.054,584.4459999999999,8570099,8538068,8353420,371720,1009760,64,68,141060,d64_20261005_201429
"ESP32-S3 N16R8 (QFN56 rev v0.2, 16MB flash, 8MB octal PSRAM)",240,Task-AE,64,957,95.392,489.02,0.029,0.001,489.04999999999995,584.442,8570099,8538068,8353420,371720,1009760,64,68,141060,d64_20261005_201429
"ESP32-S3 N16R8 (QFN56 rev v0.2, 16MB flash, 8MB octal PSRAM)",240,Task-AE,64,958,95.392,489.02,0.029,0.001,489.04999999999995,584.442,8570099,8538068,8353420,371720,1009760,64,68,141060,d64_20261005_201429
"ESP32-S3 N16R8 (QFN56 rev v0.2, 16MB flash, 8MB octal PSRAM)",240,Task-AE,64,959,95.392,489.022,0.031,0.001,489.054,584.4459999999999,8570099,8538068,8353420,371720,1009760,64,68,141060,d64_20261005_201429
"ESP32-S3 N16R8 (QFN56 rev v0.2, 16MB flash, 8MB octal PSRAM)",240,Task-AE,64,960,95.392,489.02,0.029,0.001,489.04999999999995,584.442,8570099,8538068,8353420,371720,1009760,64,68,141060,d64_20261005_201429
"ESP32-S3 N16R8 (QFN56 rev v0.2, 16MB flash, 8MB octal PSRAM)",240,Task-AE,64,961,95.392,489.02,0.029,0.001,489.04999999999995,584.442,8570099,8538068,8353420,371720,1009760,64,68,141060,d64_20261005_201429
"ESP32-S3 N16R8 (QFN56 rev v0.2, 16MB flash, 8MB octal PSRAM)",240,Task-AE,64,962,95.392,489.022,0.031,0.001,489.054,584.4459999999999,8570099,8538068,8353420,371720,1009760,64,68,141060,d64_20261005_201429
"ESP32-S3 N16R8 (QFN56 rev v0.2, 16MB flash, 8MB octal PSRAM)",240,Task-AE,64,963,95.392,489.02,0.029,0.001,489.04999999999995,584.442,8570099,8538068,8353420,371720,1009760,64,68,141060,d64_20261005_201429
"ESP32-S3 N16R8 (QFN56 rev v0.2, 16MB flash, 8MB octal PSRAM)",240,Task-AE,64,964,95.392,489.02,0.029,0.001,489.04999999999995,584.442,8570099,8538068,8353420,371720,1009760,64,68,141060,d64_20261005_201429
"ESP32-S3 N16R8 (QFN56 rev v0.2, 16MB flash, 8MB octal PSRAM)",240,Task-AE,64,965,95.392,489.022,0.031,0.001,489.054,584.4459999999999,8570099,8538068,8353420,371720,1009760,64,68,141060,d64_20261005_201429
"ESP32-S3 N16R8 (QFN56 rev v0.2, 16MB flash, 8MB octal PSRAM)",240,Task-AE,64,966,95.392,489.02,0.029,0.001,489.04999999999995,584.442,8570099,8538068,8353420,371720,1009760,64,68,141060,d64_20261005_201429
"ESP32-S3 N16R8 (QFN56 rev v0.2, 16MB flash, 8MB octal PSRAM)",240,Task-AE,64,967,95.392,489.02,0.029,0.001,489.04999999999995,584.442,8570099,8538068,8353420,371720,1009760,64,68,141060,d64_20261005_201429
"ESP32-S3 N16R8 (QFN56 rev v0.2, 16MB flash, 8MB octal PSRAM)",240,Task-AE,64,968,95.392,489.022,0.031,0.001,489.054,584.4459999999999,8570099,8538068,8353420,371720,1009760,64,68,141060,d64_20261005_201429
"ESP32-S3 N16R8 (QFN56 rev v0.2, 16MB flash, 8MB octal PSRAM)",240,Task-AE,64,969,95.392,489.02,0.029,0.001,489.04999999999995,584.442,8570099,8538068,8353420,371720,1009760,64,68,141060,d64_20261005_201429
"ESP32-S3 N16R8 (QFN56 rev v0.2, 16MB flash, 8MB octal PSRAM)",240,Task-AE,64,970,95.392,489.02,0.029,0.001,489.04999999999995,584.442,8570099,8538068,8353420,371720,1009760,64,68,141060,d64_20261005_201429
"ESP32-S3 N16R8 (QFN56 rev v0.2, 16MB flash, 8MB octal PSRAM)",240,Task-AE,64,971,95.392,489.022,0.031,0.001,489.054,584.4459999999999,8570099,8538068,8353420,371720,1009760,64,68,141060,d64_20261005_201429
"ESP32-S3 N16R8 (QFN56 rev v0.2, 16MB flash, 8MB octal PSRAM)",240,Task-AE,64,972,95.392,489.02,0.029,0.001,489.04999999999995,584.442,8570099,8538068,8353420,371720,1009760,64,68,141060,d64_20261005_201429
"ESP32-S3 N16R8 (QFN56 rev v0.2, 16MB flash, 8MB octal PSRAM)",240,Task-AE,64,973,95.392,489.02,0.029,0.001,489.04999999999995,584.442,8570099,8538068,8353420,371720,1009760,64,68,141060,d64_20261005_201429
"ESP32-S3 N16R8 (QFN56 rev v0.2, 16MB flash, 8MB octal PSRAM)",240,Task-AE,64,974,95.392,489.022,0.031,0.001,489.054,584.4459999999999,8570099,8538068,8353420,371720,1009760,64,68,141060,d64_20261005_201429
"ESP32-S3 N16R8 (QFN56 rev v0.2, 16MB flash, 8MB octal PSRAM)",240,Task-AE,64,975,95.394,489.021,0.028,0.002,489.05100000000004,584.445,8570099,8538068,8353420,371720,1009760,64,68,141060,d64_20261005_201429
"ESP32-S3 N16R8 (QFN56 rev v0.2, 16MB flash, 8MB octal PSRAM)",240,Task-AE,64,976,95.392,489.02,0.029,0.001,489.04999999999995,584.442,8570099,8538068,8353420,371720,1009760,64,68,141060,d64_20261005_201429
"ESP32-S3 N16R8 (QFN56 rev v0.2, 16MB flash, 8MB octal PSRAM)",240,Task-AE,64,977,95.392,489.022,0.031,0.001,489.054,584.4459999999999,8570099,8538068,8353420,371720,1009760,64,68,141060,d64_20261005_201429
"ESP32-S3 N16R8 (QFN56 rev v0.2, 16MB flash, 8MB octal PSRAM)",240,Task-AE,64,978,95.392,489.02,0.029,0.001,489.04999999999995,584.442,8570099,8538068,8353420,371720,1009760,64,68,141060,d64_20261005_201429
"ESP32-S3 N16R8 (QFN56 rev v0.2, 16MB flash, 8MB octal PSRAM)",240,Task-AE,64,979,95.392,489.02,0.029,0.001,489.04999999999995,584.442,8570099,8538068,8353420,371720,1009760,64,68,141060,d64_20261005_201429
"ESP32-S3 N16R8 (QFN56 rev v0.2, 16MB flash, 8MB octal PSRAM)",240,Task-AE,64,980,95.392,489.022,0.031,0.001,489.054,584.4459999999999,8570099,8538068,8353420,371720,1009760,64,68,141060,d64_20261005_201429
"ESP32-S3 N16R8 (QFN56 rev v0.2, 16MB flash, 8MB octal PSRAM)",240,Task-AE,64,981,95.392,489.02,0.029,0.001,489.04999999999995,584.442,8570099,8538068,8353420,371720,1009760,64,68,141060,d64_20261005_201429
"ESP32-S3 N16R8 (QFN56 rev v0.2, 16MB flash, 8MB octal PSRAM)",240,Task-AE,64,982,95.392,489.02,0.029,0.001,489.04999999999995,584.442,8570099,8538068,8353420,371720,1009760,64,68,141060,d64_20261005_201429
"ESP32-S3 N16R8 (QFN56 rev v0.2, 16MB flash, 8MB octal PSRAM)",240,Task-AE,64,983,95.392,489.022,0.031,0.001,489.054,584.4459999999999,8570099,8538068,8353420,371720,1009760,64,68,141060,d64_20261005_201429
"ESP32-S3 N16R8 (QFN56 rev v0.2, 16MB flash, 8MB octal PSRAM)",240,Task-AE,64,984,95.392,489.02,0.029,0.001,489.04999999999995,584.442,8570099,8538068,8353420,371720,1009760,64,68,141060,d64_20261005_201429
"ESP32-S3 N16R8 (QFN56 rev v0.2, 16MB flash, 8MB octal PSRAM)",240,Task-AE,64,985,95.392,489.02,0.029,0.001,489.04999999999995,584.442,8570099,8538068,8353420,371720,1009760,64,68,141060,d64_20261005_201429
"ESP32-S3 N16R8 (QFN56 rev v0.2, 16MB flash, 8MB octal PSRAM)",240,Task-AE,64,986,95.392,489.022,0.031,0.001,489.054,584.4459999999999,8570099,8538068,8353420,371720,1009760,64,68,141060,d64_20261005_201429
"ESP32-S3 N16R8 (QFN56 rev v0.2, 16MB flash, 8MB octal PSRAM)",240,Task-AE,64,987,95.392,489.02,0.029,0.001,489.04999999999995,584.442,8570099,8538068,8353420,371720,1009760,64,68,141060,d64_20261005_201429
"ESP32-S3 N16R8 (QFN56 rev v0.2, 16MB flash, 8MB octal PSRAM)",240,Task-AE,64,988,95.392,489.02,0.029,0.001,489.04999999999995,584.442,8570099,8538068,8353420,371720,1009760,64,68,141060,d64_20261005_201429
"ESP32-S3 N16R8 (QFN56 rev v0.2, 16MB flash, 8MB octal PSRAM)",240,Task-AE,64,989,95.392,489.022,0.031,0.001,489.054,584.4459999999999,8570099,8538068,8353420,371720,1009760,64,68,141060,d64_20261005_201429
"ESP32-S3 N16R8 (QFN56 rev v0.2, 16MB flash, 8MB octal PSRAM)",240,Task-AE,64,990,95.392,489.02,0.029,0.001,489.04999999999995,584.442,8570099,8538068,8353420,371720,1009760,64,68,141060,d64_20261005_201429
"ESP32-S3 N16R8 (QFN56 rev v0.2, 16MB flash, 8MB octal PSRAM)",240,Task-AE,64,991,95.392,489.02,0.029,0.001,489.04999999999995,584.442,8570099,8538068,8353420,371720,1009760,64,68,141060,d64_20261005_201429
"ESP32-S3 N16R8 (QFN56 rev v0.2, 16MB flash, 8MB octal PSRAM)",240,Task-AE,64,992,95.392,489.022,0.031,0.001,489.054,584.4459999999999,8570099,8538068,8353420,371720,1009760,64,68,141060,d64_20261005_201429
"ESP32-S3 N16R8 (QFN56 rev v0.2, 16MB flash, 8MB octal PSRAM)",240,Task-AE,64,993,95.392,489.02,0.029,0.001,489.04999999999995,584.442,8570099,8538068,8353420,371720,1009760,64,68,141060,d64_20261005_201429
"ESP32-S3 N16R8 (QFN56 rev v0.2, 16MB flash, 8MB octal PSRAM)",240,Task-AE,64,994,95.394,489.021,0.028,0.002,489.05100000000004,584.445,8570099,8538068,8353420,371720,1009760,64,68,141060,d64_20261005_201429
"ESP32-S3 N16R8 (QFN56 rev v0.2, 16MB flash, 8MB octal PSRAM)",240,Task-AE,64,995,95.394,489.023,0.03,0.002,489.055,584.4490000000001,8570099,8538068,8353420,371720,1009760,64,68,141060,d64_20261005_201429
"ESP32-S3 N16R8 (QFN56 rev v0.2, 16MB flash, 8MB octal PSRAM)",240,Task-AE,64,996,95.394,489.021,0.028,0.002,489.05100000000004,584.445,8570099,8538068,8353420,371720,1009760,64,68,141060,d64_20261005_201429
"ESP32-S3 N16R8 (QFN56 rev v0.2, 16MB flash, 8MB octal PSRAM)",240,Task-AE,64,997,95.392,489.02,0.029,0.001,489.04999999999995,584.442,8570099,8538068,8353420,371720,1009760,64,68,141060,d64_20261005_201429
"ESP32-S3 N16R8 (QFN56 rev v0.2, 16MB flash, 8MB octal PSRAM)",240,Task-AE,64,998,95.394,489.023,0.03,0.002,489.055,584.4490000000001,8570099,8538068,8353420,371720,1009760,64,68,141060,d64_20261005_201429
"ESP32-S3 N16R8 (QFN56 rev v0.2, 16MB flash, 8MB octal PSRAM)",240,Task-AE,64,999,95.392,489.02,0.029,0.001,489.04999999999995,584.442,8570099,8538068,8353420,371720,1009760,64,68,141060,d64_20261005_201429
