board,cpu_mhz,method,d,run,preprocess_ms,encoder_ms,quantization_ms,packetization_ms,total_node_ms,end_to_end_node_ms,free_heap_bytes,min_free_heap_bytes,psram_free_bytes,model_size_bytes,firmware_size_bytes,payload_bytes,packet_bytes,activation_buffers_bytes,run_id
ESP32-S3 (QEMU emulator),240,Task-AE,128,0,30.666,119.987,0.126,0.044,120.157,150.823,32689363,32657332,32469128,372752,1025056,128,132,141060,d128_20261005_102805_qemu
ESP32-S3 (QEMU emulator),240,Task-AE,128,1,32.203,118.141,0.086,0.008,118.235,150.438,32689363,32657332,32469128,372752,1025056,128,132,141060,d128_20261005_102805_qemu
ESP32-S3 (QEMU emulator),240,Task-AE,128,2,32.426,257.741,2.113,0.013,259.86699999999996,292.29299999999995,32689363,32657332,32469128,372752,1025056,128,132,141060,d128_20261005_102805_qemu
ESP32-S3 (QEMU emulator),240,Task-AE,128,3,81.027,133.263,0.087,0.009,133.35899999999998,214.38599999999997,32689363,32657332,32469128,372752,1025056,128,132,141060,d128_20261005_102805_qemu
ESP32-S3 (QEMU emulator),240,Task-AE,128,4,41.216,149.395,0.093,0.01,149.498,190.714,32689363,32657332,32469128,372752,1025056,128,132,141060,d128_20261005_102805_qemu
ESP32-S3 (QEMU emulator),240,Task-AE,128,5,42.803,165.319,0.092,0.009,165.42,208.22299999999998,32689363,32657332,32469128,372752,1025056,128,132,141060,d128_20261005_102805_qemu
ESP32-S3 (QEMU emulator),240,Task-AE,128,6,48.209,180.722,0.141,0.012,180.875,229.084,32689363,32657332,32469128,372752,1025056,128,132,141060,d128_20261005_102805_qemu
ESP32-S3 (QEMU emulator),240,Task-AE,128,7,69.024,157.508,0.088,0.008,157.604,226.62800000000001,32689363,32657332,32469128,372752,1025056,128,132,141060,d128_20261005_102805_qemu
ESP32-S3 (QEMU emulator),240,Task-AE,128,8,35.981,232.959,0.526,0.011,233.496,269.47700000000003,32689363,32657332,32469128,372752,1025056,128,132,141060,d128_20261005_102805_qemu
ESP32-S3 (QEMU emulator),240,Task-AE,128,9,43.684,128.798,0.088,0.008,128.894,172.578,32689363,32657332,32469128,372752,1025056,128,132,141060,d128_20261005_102805_qemu
ESP32-S3 (QEMU emulator),240,Task-AE,128,10,44.019,164.258,0.11,0.008,164.37600000000003,208.39500000000004,32689363,32657332,32469128,372752,1025056,128,132,141060,d128_20261005_102805_qemu
ESP32-S3 (QEMU emulator),240,Task-AE,128,11,46.337,176.856,0.223,0.036,177.115,223.452,32689363,32657332,32469128,372752,1025056,128,132,141060,d128_20261005_102805_qemu
ESP32-S3 (QEMU emulator),240,Task-AE,128,12,46.851,157.523,0.185,0.012,157.72,204.571,32689363,32657332,32469128,372752,1025056,128,132,141060,d128_20261005_102805_qemu
ESP32-S3 (QEMU emulator),240,Task-AE,128,13,51.549,165.1,0.099,0.009,165.20799999999997,216.75699999999998,32689363,32657332,32469128,372752,1025056,128,132,141060,d128_20261005_102805_qemu
ESP32-S3 (QEMU emulator),240,Task-AE,128,14,34.168,153.484,0.086,0.028,153.598,187.76600000000002,32689363,32657332,32469128,372752,1025056,128,132,141060,d128_20261005_102805_qemu
ESP32-S3 (QEMU emulator),240,Task-AE,128,15,45.959,152.311,0.112,0.009,152.432,198.391,32689363,32657332,32469128,372752,1025056,128,132,141060,d128_20261005_102805_qemu
ESP32-S3 (QEMU emulator),240,Task-AE,128,16,31.164,135.582,0.089,0.009,135.67999999999998,166.844,32689363,32657332,32469128,372752,1025056,128,132,141060,d128_20261005_102805_qemu
ESP32-S3 (QEMU emulator),240,Task-AE,128,17,67.322,125.542,0.087,0.008,125.637,192.959,32689363,32657332,32469128,372752,1025056,128,132,141060,d128_20261005_102805_qemu
ESP32-S3 (QEMU emulator),240,Task-AE,128,18,34.009,117.276,0.09,0.009,117.375,151.38400000000001,32689363,32657332,32469128,372752,1025056,128,132,141060,d128_20261005_102805_qemu
ESP32-S3 (QEMU emulator),240,Task-AE,128,19,37.388,143.418,0.086,0.008,143.51200000000003,180.90000000000003,32689363,32657332,32469128,372752,1025056,128,132,141060,d128_20261005_102805_qemu
ESP32-S3 (QEMU emulator),240,Task-AE,128,20,34.432,126.086,0.087,0.008,126.181,160.613,32689363,32657332,32469128,372752,1025056,128,132,141060,d128_20261005_102805_qemu
ESP32-S3 (QEMU emulator),240,Task-AE,128,21,32.135,122.122,0.088,0.008,122.21799999999999,154.35299999999998,32689363,32657332,32469128,372752,1025056,128,132,141060,d128_20261005_102805_qemu
ESP32-S3 (QEMU emulator),240,Task-AE,128,22,30.85,134.611,0.083,0.008,134.702,165.552,32689363,32657332,32469128,372752,1025056,128,132,141060,d128_20261005_102805_qemu
ESP32-S3 (QEMU emulator),240,Task-AE,128,23,38.779,139.198,0.086,0.008,139.29200000000003,178.07100000000003,32689363,32657332,32469128,372752,1025056,128,132,141060,d128_20261005_102805_qemu
ESP32-S3 (QEMU emulator),240,Task-AE,128,24,30.819,116.685,0.113,0.008,116.806,147.625,32689363,32657332,32469128,372752,1025056,128,132,141060,d128_20261005_102805_qemu
ESP32-S3 (QEMU emulator),240,Task-AE,128,25,34.732,136.502,0.086,0.008,136.59600000000003,171.32800000000003,32689363,32657332,32469128,372752,1025056,128,132,141060,d128_20261005_102805_qemu
ESP32-S3 (QEMU emulator),240,Task-AE,128,26,44.533,180.945,0.115,0.01,181.07,225.603,32689363,32657332,32469128,372752,1025056,128,132,141060,d128_20261005_102805_qemu
ESP32-S3 (QEMU emulator),240,Task-AE,128,27,48.311,131.868,0.085,0.008,131.961,180.27200000000002,32689363,32657332,32469128,372752,1025056,128,132,141060,d128_20261005_102805_qemu
ESP32-S3 (QEMU emulator),240,Task-AE,128,28,40.409,151.739,0.148,0.01,151.897,192.30599999999998,32689363,32657332,32469128,372752,1025056,128,132,141060,d128_20261005_102805_qemu
ESP32-S3 (QEMU emulator),240,Task-AE,128,29,51.292,164.378,0.114,0.01,164.50199999999998,215.79399999999998,32689363,32657332,32469128,372752,1025056,128,132,141060,d128_20261005_102805_qemu
ESP32-S3 (QEMU emulator),240,Task-AE,128,30,34.184,172.434,0.164,0.013,172.611,206.795,32689363,32657332,32469128,372752,1025056,128,132,141060,d128_20261005_102805_qemu
ESP32-S3 (QEMU emulator),240,Task-AE,128,31,79.165,147.93,0.09,0.009,148.029,227.19400000000002,32689363,32657332,32469128,372752,1025056,128,132,141060,d128_20261005_102805_qemu
ESP32-S3 (QEMU emulator),240,Task-AE,128,32,48.549,147.377,0.09,0.009,147.476,196.025,32689363,32657332,32469128,372752,1025056,128,132,141060,d128_20261005_102805_qemu
ESP32-S3 (QEMU emulator),240,Task-AE,128,33,42.241,168.05,0.123,0.009,168.182,210.423,32689363,32657332,32469128,372752,1025056,128,132,141060,d128_20261005_102805_qemu
ESP32-S3 (QEMU emulator),240,Task-AE,128,34,37.762,128.426,0.084,0.008,128.518,166.28,32689363,32657332,32469128,372752,1025056,128,132,141060,d128_20261005_102805_qemu
ESP32-S3 (QEMU emulator),240,Task-AE,128,35,30.787,241.375,0.092,0.008,241.47500000000002,272.262,32689363,32657332,32469128,372752,1025056,128,132,141060,d128_20261005_102805_qemu
ESP32-S3 (QEMU emulator),240,Task-AE,128,36,81.675,140.67,0.112,0.009,140.79099999999997,222.46599999999995,32689363,32657332,32469128,372752,1025056,128,132,141060,d128_20261005_102805_qemu
ESP32-S3 (QEMU emulator),240,Task-AE,128,37,36.246,133.202,0.09,0.008,133.3,169.54600000000002,32689363,32657332,32469128,372752,1025056,128,132,141060,d128_20261005_102805_qemu
ESP32-S3 (QEMU emulator),240,Task-AE,128,38,40.635,229.443,0.111,0.008,229.562,270.197,32689363,32657332,32469128,372752,1025056,128,132,141060,d128_20261005_102805_qemu
ESP32-S3 (QEMU emulator),240,Task-AE,128,39,47.503,161.621,0.086,0.009,161.716,209.219,32689363,32657332,32469128,372752,1025056,128,132,141060,d128_20261005_102805_qemu
ESP32-S3 (QEMU emulator),240,Task-AE,128,40,55.433,226.102,0.086,0.009,226.197,281.63,32689363,32657332,32469128,372752,1025056,128,132,141060,d128_20261005_102805_qemu
ESP32-S3 (QEMU emulator),240,Task-AE,128,41,38.891,179.968,0.109,0.01,180.087,218.97799999999998,32689363,32657332,32469128,372752,1025056,128,132,141060,d128_20261005_102805_qemu
ESP32-S3 (QEMU emulator),240,Task-AE,128,42,52.032,135.314,0.089,0.009,135.41199999999998,187.44399999999996,32689363,32657332,32469128,372752,1025056,128,132,141060,d128_20261005_102805_qemu
ESP32-S3 (QEMU emulator),240,Task-AE,128,43,32.479,147.834,0.086,0.009,147.929,180.40800000000002,32689363,32657332,32469128,372752,1025056,128,132,141060,d128_20261005_102805_qemu
ESP32-S3 (QEMU emulator),240,Task-AE,128,44,35.58,132.688,0.115,0.009,132.81199999999998,168.392,32689363,32657332,32469128,372752,1025056,128,132,141060,d128_20261005_102805_qemu
ESP32-S3 (QEMU emulator),240,Task-AE,128,45,46.05,142.695,0.085,0.008,142.788,188.83800000000002,32689363,32657332,32469128,372752,1025056,128,132,141060,d128_20261005_102805_qemu
ESP32-S3 (QEMU emulator),240,Task-AE,128,46,32.319,136.913,0.086,0.008,137.00700000000003,169.32600000000002,32689363,32657332,32469128,372752,1025056,128,132,141060,d128_20261005_102805_qemu
ESP32-S3 (QEMU emulator),240,Task-AE,128,47,43.465,160.213,0.086,0.009,160.308,203.773,32689363,32657332,32469128,372752,1025056,128,132,141060,d128_20261005_102805_qemu
ESP32-S3 (QEMU emulator),240,Task-AE,128,48,41.819,137.429,0.085,0.008,137.52200000000002,179.341,32689363,32657332,32469128,372752,1025056,128,132,141060,d128_20261005_102805_qemu
ESP32-S3 (QEMU emulator),240,Task-AE,128,49,36.357,160.168,0.09,0.009,160.267,196.624,32689363,32657332,32469128,372752,1025056,128,132,141060,d128_20261005_102805_qemu
ESP32-S3 (QEMU emulator),240,Task-AE,128,50,36.142,120.113,0.084,0.008,120.205,156.347,32689363,32657332,32469128,372752,1025056,128,132,141060,d128_20261005_102805_qemu
ESP32-S3 (QEMU emulator),240,Task-AE,128,51,39.79,133.113,0.123,0.01,133.24599999999998,173.03599999999997,32689363,32657332,32469128,372752,1025056,128,132,141060,d128_20261005_102805_qemu
ESP32-S3 (QEMU emulator),240,Task-AE,128,52,45.428,129.917,0.09,0.01,130.017,175.445,32689363,32657332,32469128,372752,1025056,128,132,141060,d128_20261005_102805_qemu
ESP32-S3 (QEMU emulator),240,Task-AE,128,53,37.489,151.351,0.09,0.008,151.449,188.93800000000002,32689363,32657332,32469128,372752,1025056,128,132,141060,d128_20261005_102805_qemu
ESP32-S3 (QEMU emulator),240,Task-AE,128,54,45.098,174.834,0.099,0.009,174.94199999999998,220.03999999999996,32689363,32657332,32469128,372752,1025056,128,132,141060,d128_20261005_102805_qemu
ESP32-S3 (QEMU emulator),240,Task-AE,128,55,51.7,159.384,0.087,0.009,159.47999999999996,211.17999999999995,32689363,32657332,32469128,372752,1025056,128,132,141060,d128_20261005_102805_qemu
ESP32-S3 (QEMU emulator),240,Task-AE,128,56,49.319,177.731,0.397,0.01,178.13799999999998,227.457,32689363,32657332,32469128,372752,1025056,128,132,141060,d128_20261005_102805_qemu
ESP32-S3 (QEMU emulator),240,Task-AE,128,57,36.869,118.749,0.296,0.01,119.055,155.924,32689363,32657332,32469128,372752,1025056,128,132,141060,d128_20261005_102805_qemu
ESP32-S3 (QEMU emulator),240,Task-AE,128,58,30.525,118.744,0.085,0.008,118.83699999999999,149.362,32689363,32657332,32469128,372752,1025056,128,132,141060,d128_20261005_102805_qemu
ESP32-S3 (QEMU emulator),240,Task-AE,128,59,36.903,128.667,0.087,0.008,128.762,165.665,32689363,32657332,32469128,372752,1025056,128,132,141060,d128_20261005_102805_qemu
ESP32-S3 (QEMU emulator),240,Task-AE,128,60,38.287,118.849,0.086,0.009,118.944,157.231,32689363,32657332,32469128,372752,1025056,128,132,141060,d128_20261005_102805_qemu
ESP32-S3 (QEMU emulator),240,Task-AE,128,61,30.305,152.053,0.085,0.008,152.14600000000002,182.45100000000002,32689363,32657332,32469128,372752,1025056,128,132,141060,d128_20261005_102805_qemu
ESP32-S3 (QEMU emulator),240,Task-AE,128,62,30.596,137.299,0.118,0.009,137.426,168.022,32689363,32657332,32469128,372752,1025056,128,132,141060,d128_20261005_102805_qemu
ESP32-S3 (QEMU emulator),240,Task-AE,128,63,46.885,172.556,0.16,0.024,172.74,219.625,32689363,32657332,32469128,372752,1025056,128,132,141060,d128_20261005_102805_qemu
ESP32-S3 (QEMU emulator),240,Task-AE,128,64,65.58,186.796,0.09,0.009,186.89499999999998,252.47499999999997,32689363,32657332,32469128,372752,1025056,128,132,141060,d128_20261005_102805_qemu
ESP32-S3 (QEMU emulator),240,Task-AE,128,65,57.634,170.348,0.117,0.009,170.474,228.108,32689363,32657332,32469128,372752,1025056,128,132,141060,d128_20261005_102805_qemu
ESP32-S3 (QEMU emulator),240,Task-AE,128,66,37.636,151.194,0.085,0.008,151.287,188.923,32689363,32657332,32469128,372752,1025056,128,132,141060,d128_20261005_102805_qemu
ESP32-S3 (QEMU emulator),240,Task-AE,128,67,33.874,138.894,0.093,0.009,138.99599999999998,172.86999999999998,32689363,32657332,32469128,372752,1025056,128,132,141060,d128_20261005_102805_qemu
ESP32-S3 (QEMU emulator),240,Task-AE,128,68,50.526,182.417,0.087,0.109,182.613,233.139,32689363,32657332,32469128,372752,1025056,128,132,141060,d128_20261005_102805_qemu
ESP32-S3 (QEMU emulator),240,Task-AE,128,69,50.319,126.966,0.088,0.009,127.06299999999999,177.382,32689363,32657332,32469128,372752,1025056,128,132,141060,d128_20261005_102805_qemu
ESP32-S3 (QEMU emulator),240,Task-AE,128,70,36.709,162.863,0.092,0.01,162.965,199.674,32689363,32657332,32469128,372752,1025056,128,132,141060,d128_20261005_102805_qemu
ESP32-S3 (QEMU emulator),240,Task-AE,128,71,44.519,120.556,0.12,0.01,120.686,165.205,32689363,32657332,32469128,372752,1025056,128,132,141060,d128_20261005_102805_qemu
ESP32-S3 (QEMU emulator),240,Task-AE,128,72,41.409,154.1,0.116,0.009,154.225,195.634,32689363,32657332,32469128,372752,1025056,128,132,141060,d128_20261005_102805_qemu
ESP32-S3 (QEMU emulator),240,Task-AE,128,73,35.264,160.413,0.088,0.008,160.50900000000001,195.77300000000002,32689363,32657332,32469128,372752,1025056,128,132,141060,d128_20261005_102805_qemu
ESP32-S3 (QEMU emulator),240,Task-AE,128,74,41.584,151.834,0.134,0.01,151.97799999999998,193.56199999999998,32689363,32657332,32469128,372752,1025056,128,132,141060,d128_20261005_102805_qemu
ESP32-S3 (QEMU emulator),240,Task-AE,128,75,33.536,145.295,0.085,0.009,145.38899999999998,178.92499999999998,32689363,32657332,32469128,372752,1025056,128,132,141060,d128_20261005_102805_qemu
ESP32-S3 (QEMU emulator),240,Task-AE,128,76,49.746,136.073,0.088,0.008,136.169,185.91500000000002,32689363,32657332,32469128,372752,1025056,128,132,141060,d128_20261005_102805_qemu
ESP32-S3 (QEMU emulator),240,Task-AE,128,77,35.748,140.176,0.087,0.008,140.271,176.01899999999998,32689363,32657332,32469128,372752,1025056,128,132,141060,d128_20261005_102805_qemu
ESP32-S3 (QEMU emulator),240,Task-AE,128,78,44.871,140.731,0.085,0.008,140.824,185.69500000000002,32689363,32657332,32469128,372752,1025056,128,132,141060,d128_20261005_102805_qemu
ESP32-S3 (QEMU emulator),240,Task-AE,128,79,33.468,129.813,0.119,0.01,129.94199999999998,163.40999999999997,32689363,32657332,32469128,372752,1025056,128,132,141060,d128_20261005_102805_qemu
ESP32-S3 (QEMU emulator),240,Task-AE,128,80,39.231,127.489,0.088,0.008,127.585,166.816,32689363,32657332,32469128,372752,1025056,128,132,141060,d128_20261005_102805_qemu
ESP32-S3 (QEMU emulator),240,Task-AE,128,81,49.645,114.685,0.087,0.009,114.781,164.42600000000002,32689363,32657332,32469128,372752,1025056,128,132,141060,d128_20261005_102805_qemu
ESP32-S3 (QEMU emulator),240,Task-AE,128,82,30.605,143.793,0.112,0.009,143.914,174.51899999999998,32689363,32657332,32469128,372752,1025056,128,132,141060,d128_20261005_102805_qemu
ESP32-S3 (QEMU emulator),240,Task-AE,128,83,42.701,148.704,2.413,0.012,151.12900000000002,193.83,32689363,32657332,32469128,372752,1025056,128,132,141060,d128_20261005_102805_qemu
ESP32-S3 (QEMU emulator),240,Task-AE,128,84,34.352,154.106,0.088,0.009,154.20299999999997,188.55499999999998,32689363,32657332,32469128,372752,1025056,128,132,141060,d128_20261005_102805_qemu
ESP32-S3 (QEMU emulator),240,Task-AE,128,85,73.002,157.313,0.086,0.009,157.408,230.40999999999997,32689363,32657332,32469128,372752,1025056,128,132,141060,d128_20261005_102805_qemu
ESP32-S3 (QEMU emulator),240,Task-AE,128,86,33.814,120.821,0.116,0.01,120.947,154.761,32689363,32657332,32469128,372752,1025056,128,132,141060,d128_20261005_102805_qemu
ESP32-S3 (QEMU emulator),240,Task-AE,128,87,33.757,127.132,0.085,0.009,127.226,160.983,32689363,32657332,32469128,372752,1025056,128,132,141060,d128_20261005_102805_qemu
ESP32-S3 (QEMU emulator),240,Task-AE,128,88,36.377,149.094,0.086,0.009,149.189,185.566,32689363,32657332,32469128,372752,1025056,128,132,141060,d128_20261005_102805_qemu
ESP32-S3 (QEMU emulator),240,Task-AE,128,89,31.338,121.132,0.117,0.011,121.26,152.598,32689363,32657332,32469128,372752,1025056,128,132,141060,d128_20261005_102805_qemu
ESP32-S3 (QEMU emulator),240,Task-AE,128,90,37.422,138.812,0.088,0.008,138.90800000000002,176.33,32689363,32657332,32469128,372752,1025056,128,132,141060,d128_20261005_102805_qemu
ESP32-S3 (QEMU emulator),240,Task-AE,128,91,28.923,125.304,0.088,0.008,125.39999999999999,154.32299999999998,32689363,32657332,32469128,372752,1025056,128,132,141060,d128_20261005_102805_qemu
ESP32-S3 (QEMU emulator),240,Task-AE,128,92,34.991,161.654,0.332,0.009,161.99499999999998,196.986,32689363,32657332,32469128,372752,1025056,128,132,141060,d128_20261005_102805_qemu
ESP32-S3 (QEMU emulator),240,Task-AE,128,93,41.192,121.574,0.084,0.007,121.665,162.857,32689363,32657332,32469128,372752,1025056,128,132,141060,d128_20261005_102805_qemu
ESP32-S3 (QEMU emulator),240,Task-AE,128,94,42.581,158.681,0.116,0.009,158.806,201.387,32689363,32657332,32469128,372752,1025056,128,132,141060,d128_20261005_102805_qemu
ESP32-S3 (QEMU emulator),240,Task-AE,128,95,34.147,125.534,0.12,0.009,125.66300000000001,159.81,32689363,32657332,32469128,372752,1025056,128,132,141060,d128_20261005_102805_qemu
ESP32-S3 (QEMU emulator),240,Task-AE,128,96,34.69,129.879,0.095,0.009,129.98299999999998,164.67299999999997,32689363,32657332,32469128,372752,1025056,128,132,141060,d128_20261005_102805_qemu
ESP32-S3 (QEMU emulator),240,Task-AE,128,97,28.499,114.354,0.084,0.008,114.446,142.945,32689363,32657332,32469128,372752,1025056,128,132,141060,d128_20261005_102805_qemu
ESP32-S3 (QEMU emulator),240,Task-AE,128,98,52.005,131.467,0.09,0.009,131.566,183.571,32689363,32657332,32469128,372752,1025056,128,132,141060,d128_20261005_102805_qemu
ESP32-S3 (QEMU emulator),240,Task-AE,128,99,36.172,131.578,0.085,0.008,131.67100000000002,167.84300000000002,32689363,32657332,32469128,372752,1025056,128,132,141060,d128_20261005_102805_qemu
ESP32-S3 (QEMU emulator),240,Task-AE,128,100,41.115,115.089,0.084,0.008,115.181,156.296,32689363,32657332,32469128,372752,1025056,128,132,141060,d128_20261005_102805_qemu
ESP32-S3 (QEMU emulator),240,Task-AE,128,101,31.071,124.362,0.087,0.008,124.457,155.528,32689363,32657332,32469128,372752,1025056,128,132,141060,d128_20261005_102805_qemu
ESP32-S3 (QEMU emulator),240,Task-AE,128,102,48.158,136.636,0.114,0.009,136.759,184.91699999999997,32689363,32657332,32469128,372752,1025056,128,132,141060,d128_20261005_102805_qemu
ESP32-S3 (QEMU emulator),240,Task-AE,128,103,32.823,116.452,0.085,0.008,116.54499999999999,149.368,32689363,32657332,32469128,372752,1025056,128,132,141060,d128_20261005_102805_qemu
ESP32-S3 (QEMU emulator),240,Task-AE,128,104,32.0,131.12,0.084,0.008,131.21200000000002,163.21200000000002,32689363,32657332,32469128,372752,1025056,128,132,141060,d128_20261005_102805_qemu
ESP32-S3 (QEMU emulator),240,Task-AE,128,105,34.198,114.228,0.09,0.009,114.327,148.525,32689363,32657332,32469128,372752,1025056,128,132,141060,d128_20261005_102805_qemu
ESP32-S3 (QEMU emulator),240,Task-AE,128,106,39.137,115.799,0.087,0.008,115.894,155.031,32689363,32657332,32469128,372752,1025056,128,132,141060,d128_20261005_102805_qemu
ESP32-S3 (QEMU emulator),240,Task-AE,128,107,41.515,120.109,0.089,0.009,120.207,161.72199999999998,32689363,32657332,32469128,372752,1025056,128,132,141060,d128_20261005_102805_qemu
ESP32-S3 (QEMU emulator),240,Task-AE,128,108,38.89,129.314,0.088,0.009,129.41099999999997,168.301,32689363,32657332,32469128,372752,1025056,128,132,141060,d128_20261005_102805_qemu
ESP32-S3 (QEMU emulator),240,Task-AE,128,109,39.046,124.011,0.086,0.009,124.106,163.152,32689363,32657332,32469128,372752,1025056,128,132,141060,d128_20261005_102805_qemu
ESP32-S3 (QEMU emulator),240,Task-AE,128,110,36.663,122.729,0.086,0.008,122.823,159.486,32689363,32657332,32469128,372752,1025056,128,132,141060,d128_20261005_102805_qemu
ESP32-S3 (QEMU emulator),240,Task-AE,128,111,32.697,120.641,0.115,0.009,120.765,153.462,32689363,32657332,32469128,372752,1025056,128,132,141060,d128_20261005_102805_qemu
ESP32-S3 (QEMU emulator),240,Task-AE,128,112,36.206,124.476,0.085,0.008,124.56899999999999,160.77499999999998,32689363,32657332,32469128,372752,1025056,128,132,141060,d128_20261005_102805_qemu
ESP32-S3 (QEMU emulator),240,Task-AE,128,113,36.144,125.753,0.084,0.009,125.846,161.99,32689363,32657332,32469128,372752,1025056,128,132,141060,d128_20261005_102805_qemu
ESP32-S3 (QEMU emulator),240,Task-AE,128,114,32.626,116.535,0.085,0.009,116.62899999999999,149.255,32689363,32657332,32469128,372752,1025056,128,132,141060,d128_20261005_102805_qemu
ESP32-S3 (QEMU emulator),240,Task-AE,128,115,39.725,112.248,0.085,0.008,112.341,152.066,32689363,32657332,32469128,372752,1025056,128,132,141060,d128_20261005_102805_qemu
ESP32-S3 (QEMU emulator),240,Task-AE,128,116,30.897,117.666,0.087,0.008,117.761,148.658,32689363,32657332,32469128,372752,1025056,128,132,141060,d128_20261005_102805_qemu
ESP32-S3 (QEMU emulator),240,Task-AE,128,117,34.639,132.853,0.086,0.009,132.948,167.58700000000002,32689363,32657332,32469128,372752,1025056,128,132,141060,d128_20261005_102805_qemu
ESP32-S3 (QEMU emulator),240,Task-AE,128,118,32.288,118.404,0.086,0.008,118.49799999999999,150.786,32689363,32657332,32469128,372752,1025056,128,132,141060,d128_20261005_102805_qemu
ESP32-S3 (QEMU emulator),240,Task-AE,128,119,45.749,123.787,0.089,0.009,123.885,169.63400000000001,32689363,32657332,32469128,372752,1025056,128,132,141060,d128_20261005_102805_qemu
ESP32-S3 (QEMU emulator),240,Task-AE,128,120,35.664,117.944,0.085,0.009,118.038,153.702,32689363,32657332,32469128,372752,1025056,128,132,141060,d128_20261005_102805_qemu
ESP32-S3 (QEMU emulator),240,Task-AE,128,121,31.221,128.02,0.085,0.009,128.114,159.335,32689363,32657332,32469128,372752,1025056,128,132,141060,d128_20261005_102805_qemu
ESP32-S3 (QEMU emulator),240,Task-AE,128,122,30.374,133.376,0.084,0.009,133.469,163.843,32689363,32657332,32469128,372752,1025056,128,132,141060,d128_20261005_102805_qemu
ESP32-S3 (QEMU emulator),240,Task-AE,128,123,34.227,129.164,0.088,0.008,129.26,163.487,32689363,32657332,32469128,372752,1025056,128,132,141060,d128_20261005_102805_qemu
ESP32-S3 (QEMU emulator),240,Task-AE,128,124,30.168,113.719,0.116,0.011,113.84599999999999,144.01399999999998,32689363,32657332,32469128,372752,1025056,128,132,141060,d128_20261005_102805_qemu
ESP32-S3 (QEMU emulator),240,Task-AE,128,125,30.474,111.727,0.091,0.008,111.826,142.29999999999998,32689363,32657332,32469128,372752,1025056,128,132,141060,d128_20261005_102805_qemu
ESP32-S3 (QEMU emulator),240,Task-AE,128,126,46.867,126.972,0.085,0.008,127.06499999999998,173.932,32689363,32657332,32469128,372752,1025056,128,132,141060,d128_20261005_102805_qemu
ESP32-S3 (QEMU emulator),240,Task-AE,128,127,32.759,127.093,0.087,0.008,127.188,159.947,32689363,32657332,32469128,372752,1025056,128,132,141060,d128_20261005_102805_qemu
ESP32-S3 (QEMU emulator),240,Task-AE,128,128,33.621,115.756,0.088,0.009,115.853,149.474,32689363,32657332,32469128,372752,1025056,128,132,141060,d128_20261005_102805_qemu
ESP32-S3 (QEMU emulator),240,Task-AE,128,129,32.358,123.481,0.088,0.008,123.57699999999998,155.93499999999997,32689363,32657332,32469128,372752,1025056,128,132,141060,d128_20261005_102805_qemu
ESP32-S3 (QEMU emulator),240,Task-AE,128,130,29.687,111.865,2.254,0.01,114.129,143.816,32689363,32657332,32469128,372752,1025056,128,132,141060,d128_20261005_102805_qemu
ESP32-S3 (QEMU emulator),240,Task-AE,128,131,30.112,118.864,0.084,0.008,118.956,149.068,32689363,32657332,32469128,372752,1025056,128,132,141060,d128_20261005_102805_qemu
ESP32-S3 (QEMU emulator),240,Task-AE,128,132,30.251,118.296,0.132,0.009,118.43700000000001,148.68800000000002,32689363,32657332,32469128,372752,1025056,128,132,141060,d128_20261005_102805_qemu
ESP32-S3 (QEMU emulator),240,Task-AE,128,133,32.413,125.475,0.084,0.009,125.568,157.981,32689363,32657332,32469128,372752,1025056,128,132,141060,d128_20261005_102805_qemu
ESP32-S3 (QEMU emulator),240,Task-AE,128,134,44.116,117.517,0.086,0.008,117.61099999999999,161.72699999999998,32689363,32657332,32469128,372752,1025056,128,132,141060,d128_20261005_102805_qemu
ESP32-S3 (QEMU emulator),240,Task-AE,128,135,38.459,120.477,0.085,0.009,120.571,159.03,32689363,32657332,32469128,372752,1025056,128,132,141060,d128_20261005_102805_qemu
ESP32-S3 (QEMU emulator),240,Task-AE,128,136,34.084,122.989,0.087,0.008,123.084,157.168,32689363,32657332,32469128,372752,1025056,128,132,141060,d128_20261005_102805_qemu
ESP32-S3 (QEMU emulator),240,Task-AE,128,137,50.879,122.024,0.086,0.008,122.118,172.99699999999999,32689363,32657332,32469128,372752,1025056,128,132,141060,d128_20261005_102805_qemu
ESP32-S3 (QEMU emulator),240,Task-AE,128,138,29.268,118.504,0.087,0.008,118.599,147.86700000000002,32689363,32657332,32469128,372752,1025056,128,132,141060,d128_20261005_102805_qemu
ESP32-S3 (QEMU emulator),240,Task-AE,128,139,29.182,122.979,0.083,0.009,123.071,152.253,32689363,32657332,32469128,372752,1025056,128,132,141060,d128_20261005_102805_qemu
ESP32-S3 (QEMU emulator),240,Task-AE,128,140,33.704,119.266,0.086,0.01,119.36200000000001,153.066,32689363,32657332,32469128,372752,1025056,128,132,141060,d128_20261005_102805_qemu
ESP32-S3 (QEMU emulator),240,Task-AE,128,141,39.911,119.851,0.52,0.01,120.381,160.292,32689363,32657332,32469128,372752,1025056,128,132,141060,d128_20261005_102805_qemu
ESP32-S3 (QEMU emulator),240,Task-AE,128,142,40.276,120.397,0.085,0.008,120.49,160.766,32689363,32657332,32469128,372752,1025056,128,132,141060,d128_20261005_102805_qemu
ESP32-S3 (QEMU emulator),240,Task-AE,128,143,35.947,117.351,0.089,0.008,117.448,153.39499999999998,32689363,32657332,32469128,372752,1025056,128,132,141060,d128_20261005_102805_qemu
ESP32-S3 (QEMU emulator),240,Task-AE,128,144,30.416,121.838,0.084,0.008,121.92999999999999,152.346,32689363,32657332,32469128,372752,1025056,128,132,141060,d128_20261005_102805_qemu
ESP32-S3 (QEMU emulator),240,Task-AE,128,145,36.278,113.681,0.117,0.01,113.808,150.086,32689363,32657332,32469128,372752,1025056,128,132,141060,d128_20261005_102805_qemu
ESP32-S3 (QEMU emulator),240,Task-AE,128,146,32.785,110.332,0.085,0.007,110.42399999999999,143.209,32689363,32657332,32469128,372752,1025056,128,132,141060,d128_20261005_102805_qemu
ESP32-S3 (QEMU emulator),240,Task-AE,128,147,31.7,119.927,0.088,0.008,120.023,151.72299999999998,32689363,32657332,32469128,372752,1025056,128,132,141060,d128_20261005_102805_qemu
ESP32-S3 (QEMU emulator),240,Task-AE,128,148,37.701,118.042,0.084,0.008,118.134,155.835,32689363,32657332,32469128,372752,1025056,128,132,141060,d128_20261005_102805_qemu
ESP32-S3 (QEMU emulator),240,Task-AE,128,149,37.291,119.719,0.119,0.01,119.848,157.139,32689363,32657332,32469128,372752,1025056,128,132,141060,d128_20261005_102805_qemu
ESP32-S3 (QEMU emulator),240,Task-AE,128,150,41.659,115.99,0.085,0.008,116.08299999999998,157.742,32689363,32657332,32469128,372752,1025056,128,132,141060,d128_20261005_102805_qemu
ESP32-S3 (QEMU emulator),240,Task-AE,128,151,32.493,118.187,0.088,0.008,118.28299999999999,150.77599999999998,32689363,32657332,32469128,372752,1025056,128,132,141060,d128_20261005_102805_qemu
ESP32-S3 (QEMU emulator),240,Task-AE,128,152,33.504,117.74,0.126,0.01,117.876,151.38,32689363,32657332,32469128,372752,1025056,128,132,141060,d128_20261005_102805_qemu
ESP32-S3 (QEMU emulator),240,Task-AE,128,153,36.637,117.746,0.087,0.009,117.842,154.47899999999998,32689363,32657332,32469128,372752,1025056,128,132,141060,d128_20261005_102805_qemu
ESP32-S3 (QEMU emulator),240,Task-AE,128,154,31.637,113.684,0.113,0.009,113.806,145.44299999999998,32689363,32657332,32469128,372752,1025056,128,132,141060,d128_20261005_102805_qemu
ESP32-S3 (QEMU emulator),240,Task-AE,128,155,30.973,126.066,0.088,0.008,126.16199999999999,157.135,32689363,32657332,32469128,372752,1025056,128,132,141060,d128_20261005_102805_qemu
ESP32-S3 (QEMU emulator),240,Task-AE,128,156,32.355,111.767,0.088,0.009,111.86399999999999,144.219,32689363,32657332,32469128,372752,1025056,128,132,141060,d128_20261005_102805_qemu
ESP32-S3 (QEMU emulator),240,Task-AE,128,157,30.509,112.303,0.085,0.036,112.42399999999999,142.933,32689363,32657332,32469128,372752,1025056,128,132,141060,d128_20261005_102805_qemu
ESP32-S3 (QEMU emulator),240,Task-AE,128,158,33.524,124.995,0.086,0.008,125.089,158.613,32689363,32657332,32469128,372752,1025056,128,132,141060,d128_20261005_102805_qemu
ESP32-S3 (QEMU emulator),240,Task-AE,128,159,30.059,125.553,0.086,0.008,125.64699999999999,155.706,32689363,32657332,32469128,372752,1025056,128,132,141060,d128_20261005_102805_qemu
ESP32-S3 (QEMU emulator),240,Task-AE,128,160,30.644,122.464,0.119,0.009,122.592,153.236,32689363,32657332,32469128,372752,1025056,128,132,141060,d128_20261005_102805_qemu
ESP32-S3 (QEMU emulator),240,Task-AE,128,161,33.863,124.078,0.084,0.008,124.17,158.03300000000002,32689363,32657332,32469128,372752,1025056,128,132,141060,d128_20261005_102805_qemu
ESP32-S3 (QEMU emulator),240,Task-AE,128,162,30.706,113.821,0.085,0.008,113.91399999999999,144.61999999999998,32689363,32657332,32469128,372752,1025056,128,132,141060,d128_20261005_102805_qemu
ESP32-S3 (QEMU emulator),240,Task-AE,128,163,30.759,108.394,0.088,0.009,108.491,139.25,32689363,32657332,32469128,372752,1025056,128,132,141060,d128_20261005_102805_qemu
ESP32-S3 (QEMU emulator),240,Task-AE,128,164,29.858,110.807,0.085,0.009,110.901,140.759,32689363,32657332,32469128,372752,1025056,128,132,141060,d128_20261005_102805_qemu
ESP32-S3 (QEMU emulator),240,Task-AE,128,165,36.599,113.261,0.086,0.009,113.356,149.95499999999998,32689363,32657332,32469128,372752,1025056,128,132,141060,d128_20261005_102805_qemu
ESP32-S3 (QEMU emulator),240,Task-AE,128,166,31.952,115.396,0.087,0.008,115.491,147.443,32689363,32657332,32469128,372752,1025056,128,132,141060,d128_20261005_102805_qemu
ESP32-S3 (QEMU emulator),240,Task-AE,128,167,31.02,111.41,0.087,0.008,111.505,142.525,32689363,32657332,32469128,372752,1025056,128,132,141060,d128_20261005_102805_qemu
ESP32-S3 (QEMU emulator),240,Task-AE,128,168,33.063,114.239,0.087,0.009,114.33500000000001,147.39800000000002,32689363,32657332,32469128,372752,1025056,128,132,141060,d128_20261005_102805_qemu
ESP32-S3 (QEMU emulator),240,Task-AE,128,169,33.226,112.097,0.086,0.008,112.19099999999999,145.41699999999997,32689363,32657332,32469128,372752,1025056,128,132,141060,d128_20261005_102805_qemu
ESP32-S3 (QEMU emulator),240,Task-AE,128,170,34.957,111.539,0.191,0.01,111.74000000000001,146.697,32689363,32657332,32469128,372752,1025056,128,132,141060,d128_20261005_102805_qemu
ESP32-S3 (QEMU emulator),240,Task-AE,128,171,32.863,115.158,0.085,0.009,115.252,148.115,32689363,32657332,32469128,372752,1025056,128,132,141060,d128_20261005_102805_qemu
ESP32-S3 (QEMU emulator),240,Task-AE,128,172,31.392,112.117,0.085,0.008,112.21,143.602,32689363,32657332,32469128,372752,1025056,128,132,141060,d128_20261005_102805_qemu
ESP32-S3 (QEMU emulator),240,Task-AE,128,173,30.95,118.228,0.086,0.01,118.324,149.274,32689363,32657332,32469128,372752,1025056,128,132,141060,d128_20261005_102805_qemu
ESP32-S3 (QEMU emulator),240,Task-AE,128,174,31.884,133.79,0.111,0.009,133.90999999999997,165.79399999999998,32689363,32657332,32469128,372752,1025056,128,132,141060,d128_20261005_102805_qemu
ESP32-S3 (QEMU emulator),240,Task-AE,128,175,32.116,108.733,0.083,0.008,108.824,140.94,32689363,32657332,32469128,372752,1025056,128,132,141060,d128_20261005_102805_qemu
ESP32-S3 (QEMU emulator),240,Task-AE,128,176,36.725,110.106,0.085,0.008,110.19899999999998,146.92399999999998,32689363,32657332,32469128,372752,1025056,128,132,141060,d128_20261005_102805_qemu
ESP32-S3 (QEMU emulator),240,Task-AE,128,177,29.674,115.486,0.085,0.008,115.579,145.253,32689363,32657332,32469128,372752,1025056,128,132,141060,d128_20261005_102805_qemu
ESP32-S3 (QEMU emulator),240,Task-AE,128,178,30.051,123.1,0.134,0.012,123.246,153.297,32689363,32657332,32469128,372752,1025056,128,132,141060,d128_20261005_102805_qemu
ESP32-S3 (QEMU emulator),240,Task-AE,128,179,32.231,123.703,0.085,0.008,123.79599999999999,156.027,32689363,32657332,32469128,372752,1025056,128,132,141060,d128_20261005_102805_qemu
ESP32-S3 (QEMU emulator),240,Task-AE,128,180,29.339,113.706,0.127,0.01,113.843,143.18200000000002,32689363,32657332,32469128,372752,1025056,128,132,141060,d128_20261005_102805_qemu
ESP32-S3 (QEMU emulator),240,Task-AE,128,181,30.603,118.232,0.09,0.008,118.33,148.933,32689363,32657332,32469128,372752,1025056,128,132,141060,d128_20261005_102805_qemu
ESP32-S3 (QEMU emulator),240,Task-AE,128,182,38.14,121.063,0.085,0.009,121.157,159.297,32689363,32657332,32469128,372752,1025056,128,132,141060,d128_20261005_102805_qemu
ESP32-S3 (QEMU emulator),240,Task-AE,128,183,35.121,117.045,0.117,0.009,117.171,152.292,32689363,32657332,32469128,372752,1025056,128,132,141060,d128_20261005_102805_qemu
ESP32-S3 (QEMU emulator),240,Task-AE,128,184,33.002,118.299,0.087,0.008,118.394,151.39600000000002,32689363,32657332,32469128,372752,1025056,128,132,141060,d128_20261005_102805_qemu
ESP32-S3 (QEMU emulator),240,Task-AE,128,185,34.856,127.545,0.124,0.01,127.679,162.535,32689363,32657332,32469128,372752,1025056,128,132,141060,d128_20261005_102805_qemu
ESP32-S3 (QEMU emulator),240,Task-AE,128,186,33.142,135.018,0.116,0.01,135.144,168.286,32689363,32657332,32469128,372752,1025056,128,132,141060,d128_20261005_102805_qemu
ESP32-S3 (QEMU emulator),240,Task-AE,128,187,31.569,106.677,0.083,0.008,106.768,138.337,32689363,32657332,32469128,372752,1025056,128,132,141060,d128_20261005_102805_qemu
ESP32-S3 (QEMU emulator),240,Task-AE,128,188,42.945,118.349,0.084,0.014,118.447,161.392,32689363,32657332,32469128,372752,1025056,128,132,141060,d128_20261005_102805_qemu
ESP32-S3 (QEMU emulator),240,Task-AE,128,189,33.811,110.676,0.088,0.009,110.773,144.584,32689363,32657332,32469128,372752,1025056,128,132,141060,d128_20261005_102805_qemu
ESP32-S3 (QEMU emulator),240,Task-AE,128,190,33.467,114.594,0.087,0.008,114.689,148.156,32689363,32657332,32469128,372752,1025056,128,132,141060,d128_20261005_102805_qemu
ESP32-S3 (QEMU emulator),240,Task-AE,128,191,34.324,120.884,0.121,0.008,121.01299999999999,155.337,32689363,32657332,32469128,372752,1025056,128,132,141060,d128_20261005_102805_qemu
ESP32-S3 (QEMU emulator),240,Task-AE,128,192,29.277,113.898,0.089,0.008,113.99499999999999,143.272,32689363,32657332,32469128,372752,1025056,128,132,141060,d128_20261005_102805_qemu
ESP32-S3 (QEMU emulator),240,Task-AE,128,193,33.107,115.831,0.111,0.01,115.95200000000001,149.05900000000003,32689363,32657332,32469128,372752,1025056,128,132,141060,d128_20261005_102805_qemu
ESP32-S3 (QEMU emulator),240,Task-AE,128,194,29.789,112.761,0.092,0.01,112.863,142.652,32689363,32657332,32469128,372752,1025056,128,132,141060,d128_20261005_102805_qemu
ESP32-S3 (QEMU emulator),240,Task-AE,128,195,32.004,112.68,0.084,0.008,112.772,144.776,32689363,32657332,32469128,372752,1025056,128,132,141060,d128_20261005_102805_qemu
ESP32-S3 (QEMU emulator),240,Task-AE,128,196,28.549,111.068,0.086,0.008,111.16199999999999,139.71099999999998,32689363,32657332,32469128,372752,1025056,128,132,141060,d128_20261005_102805_qemu
ESP32-S3 (QEMU emulator),240,Task-AE,128,197,31.905,110.312,0.112,0.008,110.43199999999999,142.337,32689363,32657332,32469128,372752,1025056,128,132,141060,d128_20261005_102805_qemu
ESP32-S3 (QEMU emulator),240,Task-AE,128,198,30.534,117.926,0.088,0.009,118.023,148.557,32689363,32657332,32469128,372752,1025056,128,132,141060,d128_20261005_102805_qemu
ESP32-S3 (QEMU emulator),240,Task-AE,128,199,33.068,121.512,0.085,0.008,121.60499999999999,154.673,32689363,32657332,32469128,372752,1025056,128,132,141060,d128_20261005_102805_qemu
ESP32-S3 (QEMU emulator),240,Task-AE,128,200,29.557,108.716,0.092,0.009,108.817,138.374,32689363,32657332,32469128,372752,1025056,128,132,141060,d128_20261005_102805_qemu
ESP32-S3 (QEMU emulator),240,Task-AE,128,201,30.396,111.819,0.082,0.008,111.90899999999999,142.305,32689363,32657332,32469128,372752,1025056,128,132,141060,d128_20261005_102805_qemu
ESP32-S3 (QEMU emulator),240,Task-AE,128,202,30.837,114.67,0.087,0.008,114.765,145.602,32689363,32657332,32469128,372752,1025056,128,132,141060,d128_20261005_102805_qemu
ESP32-S3 (QEMU emulator),240,Task-AE,128,203,29.513,114.373,0.114,0.009,114.49600000000001,144.00900000000001,32689363,32657332,32469128,372752,1025056,128,132,141060,d128_20261005_102805_qemu
ESP32-S3 (QEMU emulator),240,Task-AE,128,204,29.54,108.584,0.087,0.009,108.68,138.22,32689363,32657332,32469128,372752,1025056,128,132,141060,d128_20261005_102805_qemu
ESP32-S3 (QEMU emulator),240,Task-AE,128,205,33.574,110.563,0.083,0.009,110.655,144.22899999999998,32689363,32657332,32469128,372752,1025056,128,132,141060,d128_20261005_102805_qemu
ESP32-S3 (QEMU emulator),240,Task-AE,128,206,30.524,110.361,0.088,0.008,110.457,140.981,32689363,32657332,32469128,372752,1025056,128,132,141060,d128_20261005_102805_qemu
ESP32-S3 (QEMU emulator),240,Task-AE,128,207,33.729,111.232,0.089,0.009,111.33,145.059,32689363,32657332,32469128,372752,1025056,128,132,141060,d128_20261005_102805_qemu
ESP32-S3 (QEMU emulator),240,Task-AE,128,208,32.224,113.008,0.087,0.009,113.104,145.328,32689363,32657332,32469128,372752,1025056,128,132,141060,d128_20261005_102805_qemu
ESP32-S3 (QEMU emulator),240,Task-AE,128,209,32.363,117.628,0.112,0.009,117.749,150.112,32689363,32657332,32469128,372752,1025056,128,132,141060,d128_20261005_102805_qemu
ESP32-S3 (QEMU emulator),240,Task-AE,128,210,32.085,118.328,0.084,0.008,118.42,150.505,32689363,32657332,32469128,372752,1025056,128,132,141060,d128_20261005_102805_qemu
ESP32-S3 (QEMU emulator),240,Task-AE,128,211,29.941,113.142,0.092,0.01,113.244,143.185,32689363,32657332,32469128,372752,1025056,128,132,141060,d128_20261005_102805_qemu
ESP32-S3 (QEMU emulator),240,Task-AE,128,212,34.045,116.294,0.145,0.01,116.449,150.494,32689363,32657332,32469128,372752,1025056,128,132,141060,d128_20261005_102805_qemu
ESP32-S3 (QEMU emulator),240,Task-AE,128,213,33.036,134.629,0.089,0.008,134.726,167.762,32689363,32657332,32469128,372752,1025056,128,132,141060,d128_20261005_102805_qemu
ESP32-S3 (QEMU emulator),240,Task-AE,128,214,29.946,118.711,0.091,0.009,118.81099999999999,148.757,32689363,32657332,32469128,372752,1025056,128,132,141060,d128_20261005_102805_qemu
ESP32-S3 (QEMU emulator),240,Task-AE,128,215,31.33,138.54,0.087,0.008,138.635,169.96499999999997,32689363,32657332,32469128,372752,1025056,128,132,141060,d128_20261005_102805_qemu
ESP32-S3 (QEMU emulator),240,Task-AE,128,216,39.258,112.349,0.083,0.009,112.441,151.699,32689363,32657332,32469128,372752,1025056,128,132,141060,d128_20261005_102805_qemu
ESP32-S3 (QEMU emulator),240,Task-AE,128,217,29.184,114.382,0.085,0.009,114.476,143.66,32689363,32657332,32469128,372752,1025056,128,132,141060,d128_20261005_102805_qemu
ESP32-S3 (QEMU emulator),240,Task-AE,128,218,33.886,110.79,0.252,0.012,111.054,144.94,32689363,32657332,32469128,372752,1025056,128,132,141060,d128_20261005_102805_qemu
ESP32-S3 (QEMU emulator),240,Task-AE,128,219,29.656,117.928,0.118,0.009,118.05499999999999,147.71099999999998,32689363,32657332,32469128,372752,1025056,128,132,141060,d128_20261005_102805_qemu
ESP32-S3 (QEMU emulator),240,Task-AE,128,220,44.095,117.081,0.084,0.008,117.173,161.268,32689363,32657332,32469128,372752,1025056,128,132,141060,d128_20261005_102805_qemu
ESP32-S3 (QEMU emulator),240,Task-AE,128,221,29.582,115.158,0.085,0.008,115.25099999999999,144.833,32689363,32657332,32469128,372752,1025056,128,132,141060,d128_20261005_102805_qemu
ESP32-S3 (QEMU emulator),240,Task-AE,128,222,29.972,129.975,0.089,0.009,130.07299999999998,160.045,32689363,32657332,32469128,372752,1025056,128,132,141060,d128_20261005_102805_qemu
ESP32-S3 (QEMU emulator),240,Task-AE,128,223,28.894,113.414,0.084,0.008,113.506,142.4,32689363,32657332,32469128,372752,1025056,128,132,141060,d128_20261005_102805_qemu
ESP32-S3 (QEMU emulator),240,Task-AE,128,224,33.165,115.821,0.114,0.008,115.943,149.108,32689363,32657332,32469128,372752,1025056,128,132,141060,d128_20261005_102805_qemu
ESP32-S3 (QEMU emulator),240,Task-AE,128,225,32.251,116.408,0.09,0.009,116.507,148.758,32689363,32657332,32469128,372752,1025056,128,132,141060,d128_20261005_102805_qemu
ESP32-S3 (QEMU emulator),240,Task-AE,128,226,32.919,113.547,0.091,0.009,113.64699999999999,146.56599999999997,32689363,32657332,32469128,372752,1025056,128,132,141060,d128_20261005_102805_qemu
ESP32-S3 (QEMU emulator),240,Task-AE,128,227,31.19,120.926,0.115,0.009,121.05,152.24,32689363,32657332,32469128,372752,1025056,128,132,141060,d128_20261005_102805_qemu
ESP32-S3 (QEMU emulator),240,Task-AE,128,228,29.539,125.309,0.12,0.009,125.438,154.977,32689363,32657332,32469128,372752,1025056,128,132,141060,d128_20261005_102805_qemu
ESP32-S3 (QEMU emulator),240,Task-AE,128,229,29.189,108.946,0.088,0.009,109.04299999999999,138.232,32689363,32657332,32469128,372752,1025056,128,132,141060,d128_20261005_102805_qemu
ESP32-S3 (QEMU emulator),240,Task-AE,128,230,29.553,108.179,0.093,0.008,108.28,137.833,32689363,32657332,32469128,372752,1025056,128,132,141060,d128_20261005_102805_qemu
ESP32-S3 (QEMU emulator),240,Task-AE,128,231,32.033,111.78,0.084,0.008,111.872,143.905,32689363,32657332,32469128,372752,1025056,128,132,141060,d128_20261005_102805_qemu
ESP32-S3 (QEMU emulator),240,Task-AE,128,232,31.628,122.811,0.111,0.008,122.93,154.558,32689363,32657332,32469128,372752,1025056,128,132,141060,d128_20261005_102805_qemu
ESP32-S3 (QEMU emulator),240,Task-AE,128,233,32.217,111.324,0.086,0.009,111.419,143.636,32689363,32657332,32469128,372752,1025056,128,132,141060,d128_20261005_102805_qemu
ESP32-S3 (QEMU emulator),240,Task-AE,128,234,30.339,110.997,0.088,0.009,111.094,141.433,32689363,32657332,32469128,372752,1025056,128,132,141060,d128_20261005_102805_qemu
ESP32-S3 (QEMU emulator),240,Task-AE,128,235,30.031,127.037,0.086,0.009,127.132,157.163,32689363,32657332,32469128,372752,1025056,128,132,141060,d128_20261005_102805_qemu
ESP32-S3 (QEMU emulator),240,Task-AE,128,236,34.888,113.261,0.093,0.008,113.362,148.25,32689363,32657332,32469128,372752,1025056,128,132,141060,d128_20261005_102805_qemu
ESP32-S3 (QEMU emulator),240,Task-AE,128,237,33.041,116.913,0.117,0.009,117.039,150.07999999999998,32689363,32657332,32469128,372752,1025056,128,132,141060,d128_20261005_102805_qemu
ESP32-S3 (QEMU emulator),240,Task-AE,128,238,30.853,111.197,0.085,0.008,111.28999999999999,142.143,32689363,32657332,32469128,372752,1025056,128,132,141060,d128_20261005_102805_qemu
ESP32-S3 (QEMU emulator),240,Task-AE,128,239,31.416,121.612,0.084,0.009,121.705,153.121,32689363,32657332,32469128,372752,1025056,128,132,141060,d128_20261005_102805_qemu
ESP32-S3 (QEMU emulator),240,Task-AE,128,240,31.134,122.109,0.087,0.009,122.205,153.339,32689363,32657332,32469128,372752,1025056,128,132,141060,d128_20261005_102805_qemu
ESP32-S3 (QEMU emulator),240,Task-AE,128,241,30.742,118.027,0.086,0.009,118.122,148.864,32689363,32657332,32469128,372752,1025056,128,132,141060,d128_20261005_102805_qemu
ESP32-S3 (QEMU emulator),240,Task-AE,128,242,29.475,114.965,0.118,0.01,115.093,144.568,32689363,32657332,32469128,372752,1025056,128,132,141060,d128_20261005_102805_qemu
ESP32-S3 (QEMU emulator),240,Task-AE,128,243,36.651,109.183,0.085,0.008,109.276,145.927,32689363,32657332,32469128,372752,1025056,128,132,141060,d128_20261005_102805_qemu
ESP32-S3 (QEMU emulator),240,Task-AE,128,244,37.887,115.124,0.083,0.008,115.21499999999999,153.10199999999998,32689363,32657332,32469128,372752,1025056,128,132,141060,d128_20261005_102805_qemu
ESP32-S3 (QEMU emulator),240,Task-AE,128,245,34.676,121.145,0.088,0.009,121.24199999999999,155.918,32689363,32657332,32469128,372752,1025056,128,132,141060,d128_20261005_102805_qemu
ESP32-S3 (QEMU emulator),240,Task-AE,128,246,31.638,118.65,0.089,0.008,118.747,150.385,32689363,32657332,32469128,372752,1025056,128,132,141060,d128_20261005_102805_qemu
ESP32-S3 (QEMU emulator),240,Task-AE,128,247,36.963,116.825,0.085,0.009,116.919,153.882,32689363,32657332,32469128,372752,1025056,128,132,141060,d128_20261005_102805_qemu
ESP32-S3 (QEMU emulator),240,Task-AE,128,248,47.174,115.993,0.084,0.01,116.087,163.261,32689363,32657332,32469128,372752,1025056,128,132,141060,d128_20261005_102805_qemu
ESP32-S3 (QEMU emulator),240,Task-AE,128,249,31.202,117.56,0.091,0.008,117.65899999999999,148.861,32689363,32657332,32469128,372752,1025056,128,132,141060,d128_20261005_102805_qemu
ESP32-S3 (QEMU emulator),240,Task-AE,128,250,35.16,111.763,0.087,0.008,111.858,147.018,32689363,32657332,32469128,372752,1025056,128,132,141060,d128_20261005_102805_qemu
ESP32-S3 (QEMU emulator),240,Task-AE,128,251,34.668,119.626,0.083,0.009,119.718,154.386,32689363,32657332,32469128,372752,1025056,128,132,141060,d128_20261005_102805_qemu
ESP32-S3 (QEMU emulator),240,Task-AE,128,252,35.029,115.317,0.086,0.008,115.41099999999999,150.44,32689363,32657332,32469128,372752,1025056,128,132,141060,d128_20261005_102805_qemu
ESP32-S3 (QEMU emulator),240,Task-AE,128,253,30.552,119.32,0.084,0.008,119.41199999999999,149.964,32689363,32657332,32469128,372752,1025056,128,132,141060,d128_20261005_102805_qemu
ESP32-S3 (QEMU emulator),240,Task-AE,128,254,30.46,112.427,0.089,0.008,112.524,142.984,32689363,32657332,32469128,372752,1025056,128,132,141060,d128_20261005_102805_qemu
ESP32-S3 (QEMU emulator),240,Task-AE,128,255,31.382,128.509,0.089,0.008,128.606,159.988,32689363,32657332,32469128,372752,1025056,128,132,141060,d128_20261005_102805_qemu
ESP32-S3 (QEMU emulator),240,Task-AE,128,256,31.417,123.354,0.086,0.008,123.448,154.865,32689363,32657332,32469128,372752,1025056,128,132,141060,d128_20261005_102805_qemu
ESP32-S3 (QEMU emulator),240,Task-AE,128,257,29.757,115.812,0.085,0.009,115.90599999999999,145.66299999999998,32689363,32657332,32469128,372752,1025056,128,132,141060,d128_20261005_102805_qemu
ESP32-S3 (QEMU emulator),240,Task-AE,128,258,30.272,115.306,0.12,0.01,115.436,145.708,32689363,32657332,32469128,372752,1025056,128,132,141060,d128_20261005_102805_qemu
ESP32-S3 (QEMU emulator),240,Task-AE,128,259,30.255,114.111,0.085,0.01,114.206,144.461,32689363,32657332,32469128,372752,1025056,128,132,141060,d128_20261005_102805_qemu
ESP32-S3 (QEMU emulator),240,Task-AE,128,260,29.892,108.711,0.083,0.008,108.80199999999999,138.694,32689363,32657332,32469128,372752,1025056,128,132,141060,d128_20261005_102805_qemu
ESP32-S3 (QEMU emulator),240,Task-AE,128,261,29.372,108.923,0.088,0.009,109.02,138.392,32689363,32657332,32469128,372752,1025056,128,132,141060,d128_20261005_102805_qemu
ESP32-S3 (QEMU emulator),240,Task-AE,128,262,30.093,114.361,0.089,0.009,114.459,144.552,32689363,32657332,32469128,372752,1025056,128,132,141060,d128_20261005_102805_qemu
ESP32-S3 (QEMU emulator),240,Task-AE,128,263,28.531,109.683,0.09,0.008,109.781,138.312,32689363,32657332,32469128,372752,1025056,128,132,141060,d128_20261005_102805_qemu
ESP32-S3 (QEMU emulator),240,Task-AE,128,264,29.057,127.873,0.084,0.008,127.965,157.022,32689363,32657332,32469128,372752,1025056,128,132,141060,d128_20261005_102805_qemu
ESP32-S3 (QEMU emulator),240,Task-AE,128,265,30.671,113.975,0.085,0.009,114.06899999999999,144.73999999999998,32689363,32657332,32469128,372752,1025056,128,132,141060,d128_20261005_102805_qemu
ESP32-S3 (QEMU emulator),240,Task-AE,128,266,38.55,112.427,0.087,0.008,112.522,151.072,32689363,32657332,32469128,372752,1025056,128,132,141060,d128_20261005_102805_qemu
ESP32-S3 (QEMU emulator),240,Task-AE,128,267,34.883,112.715,0.089,0.009,112.813,147.696,32689363,32657332,32469128,372752,1025056,128,132,141060,d128_20261005_102805_qemu
ESP32-S3 (QEMU emulator),240,Task-AE,128,268,32.386,112.723,0.099,0.009,112.831,145.217,32689363,32657332,32469128,372752,1025056,128,132,141060,d128_20261005_102805_qemu
ESP32-S3 (QEMU emulator),240,Task-AE,128,269,32.608,110.13,0.088,0.008,110.22599999999998,142.83399999999997,32689363,32657332,32469128,372752,1025056,128,132,141060,d128_20261005_102805_qemu
ESP32-S3 (QEMU emulator),240,Task-AE,128,270,31.278,112.266,0.085,0.008,112.359,143.637,32689363,32657332,32469128,372752,1025056,128,132,141060,d128_20261005_102805_qemu
ESP32-S3 (QEMU emulator),240,Task-AE,128,271,29.474,114.664,0.091,0.009,114.764,144.238,32689363,32657332,32469128,372752,1025056,128,132,141060,d128_20261005_102805_qemu
ESP32-S3 (QEMU emulator),240,Task-AE,128,272,28.96,115.338,0.083,0.008,115.42899999999999,144.38899999999998,32689363,32657332,32469128,372752,1025056,128,132,141060,d128_20261005_102805_qemu
ESP32-S3 (QEMU emulator),240,Task-AE,128,273,31.626,111.182,0.086,0.009,111.277,142.903,32689363,32657332,32469128,372752,1025056,128,132,141060,d128_20261005_102805_qemu
ESP32-S3 (QEMU emulator),240,Task-AE,128,274,30.071,111.301,0.33,0.009,111.64,141.711,32689363,32657332,32469128,372752,1025056,128,132,141060,d128_20261005_102805_qemu
ESP32-S3 (QEMU emulator),240,Task-AE,128,275,31.449,124.226,0.086,0.008,124.32,155.769,32689363,32657332,32469128,372752,1025056,128,132,141060,d128_20261005_102805_qemu
ESP32-S3 (QEMU emulator),240,Task-AE,128,276,29.223,122.435,0.085,0.009,122.529,151.752,32689363,32657332,32469128,372752,1025056,128,132,141060,d128_20261005_102805_qemu
ESP32-S3 (QEMU emulator),240,Task-AE,128,277,30.508,110.415,0.088,0.008,110.511,141.019,32689363,32657332,32469128,372752,1025056,128,132,141060,d128_20261005_102805_qemu
ESP32-S3 (QEMU emulator),240,Task-AE,128,278,31.39,113.093,0.091,0.01,113.194,144.584,32689363,32657332,32469128,372752,1025056,128,132,141060,d128_20261005_102805_qemu
ESP32-S3 (QEMU emulator),240,Task-AE,128,279,37.668,125.752,0.084,0.008,125.844,163.512,32689363,32657332,32469128,372752,1025056,128,132,141060,d128_20261005_102805_qemu
ESP32-S3 (QEMU emulator),240,Task-AE,128,280,30.972,121.716,0.115,0.009,121.83999999999999,152.81199999999998,32689363,32657332,32469128,372752,1025056,128,132,141060,d128_20261005_102805_qemu
ESP32-S3 (QEMU emulator),240,Task-AE,128,281,43.361,118.937,0.084,0.008,119.029,162.39,32689363,32657332,32469128,372752,1025056,128,132,141060,d128_20261005_102805_qemu
ESP32-S3 (QEMU emulator),240,Task-AE,128,282,29.684,119.07,0.083,0.008,119.16099999999999,148.845,32689363,32657332,32469128,372752,1025056,128,132,141060,d128_20261005_102805_qemu
ESP32-S3 (QEMU emulator),240,Task-AE,128,283,30.194,110.251,0.086,0.009,110.346,140.54,32689363,32657332,32469128,372752,1025056,128,132,141060,d128_20261005_102805_qemu
ESP32-S3 (QEMU emulator),240,Task-AE,128,284,31.818,124.91,0.085,0.01,125.005,156.823,32689363,32657332,32469128,372752,1025056,128,132,141060,d128_20261005_102805_qemu
ESP32-S3 (QEMU emulator),240,Task-AE,128,285,32.656,123.765,0.093,0.011,123.869,156.525,32689363,32657332,32469128,372752,1025056,128,132,141060,d128_20261005_102805_qemu
ESP32-S3 (QEMU emulator),240,Task-AE,128,286,34.309,112.614,0.117,0.01,112.74100000000001,147.05,32689363,32657332,32469128,372752,1025056,128,132,141060,d128_20261005_102805_qemu
ESP32-S3 (QEMU emulator),240,Task-AE,128,287,32.289,113.503,0.085,0.01,113.598,145.887,32689363,32657332,32469128,372752,1025056,128,132,141060,d128_20261005_102805_qemu
ESP32-S3 (QEMU emulator),240,Task-AE,128,288,31.56,111.461,0.084,0.009,111.554,143.114,32689363,32657332,32469128,372752,1025056,128,132,141060,d128_20261005_102805_qemu
ESP32-S3 (QEMU emulator),240,Task-AE,128,289,33.0,109.348,0.084,0.008,109.44,142.44,32689363,32657332,32469128,372752,1025056,128,132,141060,d128_20261005_102805_qemu
ESP32-S3 (QEMU emulator),240,Task-AE,128,290,30.654,113.514,0.083,0.008,113.60499999999999,144.259,32689363,32657332,32469128,372752,1025056,128,132,141060,d128_20261005_102805_qemu
ESP32-S3 (QEMU emulator),240,Task-AE,128,291,29.433,116.784,0.086,0.008,116.878,146.311,32689363,32657332,32469128,372752,1025056,128,132,141060,d128_20261005_102805_qemu
ESP32-S3 (QEMU emulator),240,Task-AE,128,292,28.868,123.344,0.086,0.009,123.439,152.307,32689363,32657332,32469128,372752,1025056,128,132,141060,d128_20261005_102805_qemu
ESP32-S3 (QEMU emulator),240,Task-AE,128,293,32.785,116.472,0.089,0.008,116.56899999999999,149.35399999999998,32689363,32657332,32469128,372752,1025056,128,132,141060,d128_20261005_102805_qemu
ESP32-S3 (QEMU emulator),240,Task-AE,128,294,34.774,112.251,0.085,0.009,112.345,147.119,32689363,32657332,32469128,372752,1025056,128,132,141060,d128_20261005_102805_qemu
ESP32-S3 (QEMU emulator),240,Task-AE,128,295,34.777,109.77,0.092,0.012,109.874,144.651,32689363,32657332,32469128,372752,1025056,128,132,141060,d128_20261005_102805_qemu
ESP32-S3 (QEMU emulator),240,Task-AE,128,296,32.201,110.943,0.13,0.011,111.08399999999999,143.285,32689363,32657332,32469128,372752,1025056,128,132,141060,d128_20261005_102805_qemu
ESP32-S3 (QEMU emulator),240,Task-AE,128,297,29.422,108.94,0.083,0.008,109.03099999999999,138.453,32689363,32657332,32469128,372752,1025056,128,132,141060,d128_20261005_102805_qemu
ESP32-S3 (QEMU emulator),240,Task-AE,128,298,31.632,117.12,0.169,0.01,117.299,148.931,32689363,32657332,32469128,372752,1025056,128,132,141060,d128_20261005_102805_qemu
ESP32-S3 (QEMU emulator),240,Task-AE,128,299,34.23,127.544,0.086,0.008,127.63799999999999,161.868,32689363,32657332,32469128,372752,1025056,128,132,141060,d128_20261005_102805_qemu
ESP32-S3 (QEMU emulator),240,Task-AE,128,300,28.707,112.521,0.093,0.009,112.623,141.33,32689363,32657332,32469128,372752,1025056,128,132,141060,d128_20261005_102805_qemu
ESP32-S3 (QEMU emulator),240,Task-AE,128,301,30.858,116.085,0.086,0.009,116.17999999999999,147.03799999999998,32689363,32657332,32469128,372752,1025056,128,132,141060,d128_20261005_102805_qemu
ESP32-S3 (QEMU emulator),240,Task-AE,128,302,29.447,113.885,0.088,0.009,113.982,143.429,32689363,32657332,32469128,372752,1025056,128,132,141060,d128_20261005_102805_qemu
ESP32-S3 (QEMU emulator),240,Task-AE,128,303,31.531,109.807,0.085,0.008,109.89999999999999,141.43099999999998,32689363,32657332,32469128,372752,1025056,128,132,141060,d128_20261005_102805_qemu
ESP32-S3 (QEMU emulator),240,Task-AE,128,304,32.298,110.787,0.113,0.009,110.909,143.207,32689363,32657332,32469128,372752,1025056,128,132,141060,d128_20261005_102805_qemu
ESP32-S3 (QEMU emulator),240,Task-AE,128,305,31.996,108.211,0.09,0.008,108.309,140.305,32689363,32657332,32469128,372752,1025056,128,132,141060,d128_20261005_102805_qemu
ESP32-S3 (QEMU emulator),240,Task-AE,128,306,32.648,113.99,0.089,0.009,114.088,146.736,32689363,32657332,32469128,372752,1025056,128,132,141060,d128_20261005_102805_qemu
ESP32-S3 (QEMU emulator),240,Task-AE,128,307,31.782,116.736,0.086,0.009,116.831,148.613,32689363,32657332,32469128,372752,1025056,128,132,141060,d128_20261005_102805_qemu
ESP32-S3 (QEMU emulator),240,Task-AE,128,308,32.059,110.443,0.087,0.009,110.539,142.598,32689363,32657332,32469128,372752,1025056,128,132,141060,d128_20261005_102805_qemu
ESP32-S3 (QEMU emulator),240,Task-AE,128,309,28.773,114.766,0.087,0.008,114.861,143.63400000000001,32689363,32657332,32469128,372752,1025056,128,132,141060,d128_20261005_102805_qemu
ESP32-S3 (QEMU emulator),240,Task-AE,128,310,28.634,105.356,0.119,0.012,105.487,134.12099999999998,32689363,32657332,32469128,372752,1025056,128,132,141060,d128_20261005_102805_qemu
ESP32-S3 (QEMU emulator),240,Task-AE,128,311,32.419,117.849,0.083,0.008,117.94,150.35899999999998,32689363,32657332,32469128,372752,1025056,128,132,141060,d128_20261005_102805_qemu
ESP32-S3 (QEMU emulator),240,Task-AE,128,312,33.767,122.166,0.088,0.009,122.26299999999999,156.03,32689363,32657332,32469128,372752,1025056,128,132,141060,d128_20261005_102805_qemu
ESP32-S3 (QEMU emulator),240,Task-AE,128,313,36.549,118.319,0.088,0.01,118.417,154.966,32689363,32657332,32469128,372752,1025056,128,132,141060,d128_20261005_102805_qemu
ESP32-S3 (QEMU emulator),240,Task-AE,128,314,29.549,125.018,0.111,0.008,125.137,154.686,32689363,32657332,32469128,372752,1025056,128,132,141060,d128_20261005_102805_qemu
ESP32-S3 (QEMU emulator),240,Task-AE,128,315,34.891,118.05,0.085,0.009,118.14399999999999,153.035,32689363,32657332,32469128,372752,1025056,128,132,141060,d128_20261005_102805_qemu
ESP32-S3 (QEMU emulator),240,Task-AE,128,316,36.619,122.59,0.088,0.009,122.687,159.30599999999998,32689363,32657332,32469128,372752,1025056,128,132,141060,d128_20261005_102805_qemu
ESP32-S3 (QEMU emulator),240,Task-AE,128,317,30.985,118.25,0.086,0.009,118.345,149.32999999999998,32689363,32657332,32469128,372752,1025056,128,132,141060,d128_20261005_102805_qemu
ESP32-S3 (QEMU emulator),240,Task-AE,128,318,32.622,111.762,0.089,0.009,111.86,144.482,32689363,32657332,32469128,372752,1025056,128,132,141060,d128_20261005_102805_qemu
ESP32-S3 (QEMU emulator),240,Task-AE,128,319,32.229,116.124,0.091,0.009,116.22399999999999,148.45299999999997,32689363,32657332,32469128,372752,1025056,128,132,141060,d128_20261005_102805_qemu
ESP32-S3 (QEMU emulator),240,Task-AE,128,320,31.925,116.434,0.087,0.008,116.529,148.454,32689363,32657332,32469128,372752,1025056,128,132,141060,d128_20261005_102805_qemu
ESP32-S3 (QEMU emulator),240,Task-AE,128,321,29.864,127.598,0.105,0.01,127.71300000000001,157.577,32689363,32657332,32469128,372752,1025056,128,132,141060,d128_20261005_102805_qemu
ESP32-S3 (QEMU emulator),240,Task-AE,128,322,29.736,119.3,0.085,0.008,119.39299999999999,149.129,32689363,32657332,32469128,372752,1025056,128,132,141060,d128_20261005_102805_qemu
ESP32-S3 (QEMU emulator),240,Task-AE,128,323,37.237,111.859,0.175,0.012,112.04599999999999,149.283,32689363,32657332,32469128,372752,1025056,128,132,141060,d128_20261005_102805_qemu
ESP32-S3 (QEMU emulator),240,Task-AE,128,324,29.012,116.553,0.086,0.009,116.648,145.66,32689363,32657332,32469128,372752,1025056,128,132,141060,d128_20261005_102805_qemu
ESP32-S3 (QEMU emulator),240,Task-AE,128,325,35.696,117.77,0.084,0.011,117.865,153.56099999999998,32689363,32657332,32469128,372752,1025056,128,132,141060,d128_20261005_102805_qemu
ESP32-S3 (QEMU emulator),240,Task-AE,128,326,30.084,111.678,0.107,0.01,111.795,141.879,32689363,32657332,32469128,372752,1025056,128,132,141060,d128_20261005_102805_qemu
ESP32-S3 (QEMU emulator),240,Task-AE,128,327,32.293,113.599,0.082,0.008,113.689,145.982,32689363,32657332,32469128,372752,1025056,128,132,141060,d128_20261005_102805_qemu
ESP32-S3 (QEMU emulator),240,Task-AE,128,328,31.803,169.768,0.087,0.008,169.863,201.666,32689363,32657332,32469128,372752,1025056,128,132,141060,d128_20261005_102805_qemu
ESP32-S3 (QEMU emulator),240,Task-AE,128,329,41.522,153.671,0.086,0.008,153.76500000000001,195.287,32689363,32657332,32469128,372752,1025056,128,132,141060,d128_20261005_102805_qemu
ESP32-S3 (QEMU emulator),240,Task-AE,128,330,40.209,132.732,0.113,0.009,132.85399999999998,173.063,32689363,32657332,32469128,372752,1025056,128,132,141060,d128_20261005_102805_qemu
ESP32-S3 (QEMU emulator),240,Task-AE,128,331,30.051,114.789,0.085,0.008,114.88199999999999,144.933,32689363,32657332,32469128,372752,1025056,128,132,141060,d128_20261005_102805_qemu
ESP32-S3 (QEMU emulator),240,Task-AE,128,332,37.108,114.159,0.315,0.01,114.48400000000001,151.592,32689363,32657332,32469128,372752,1025056,128,132,141060,d128_20261005_102805_qemu
ESP32-S3 (QEMU emulator),240,Task-AE,128,333,35.172,127.387,0.084,0.008,127.479,162.651,32689363,32657332,32469128,372752,1025056,128,132,141060,d128_20261005_102805_qemu
ESP32-S3 (QEMU emulator),240,Task-AE,128,334,34.929,136.849,0.09,0.008,136.947,171.876,32689363,32657332,32469128,372752,1025056,128,132,141060,d128_20261005_102805_qemu
ESP32-S3 (QEMU emulator),240,Task-AE,128,335,31.083,109.731,0.087,0.008,109.826,140.909,32689363,32657332,32469128,372752,1025056,128,132,141060,d128_20261005_102805_qemu
ESP32-S3 (QEMU emulator),240,Task-AE,128,336,30.406,138.587,0.084,0.008,138.679,169.085,32689363,32657332,32469128,372752,1025056,128,132,141060,d128_20261005_102805_qemu
ESP32-S3 (QEMU emulator),240,Task-AE,128,337,36.008,121.875,0.112,0.009,121.996,158.004,32689363,32657332,32469128,372752,1025056,128,132,141060,d128_20261005_102805_qemu
ESP32-S3 (QEMU emulator),240,Task-AE,128,338,34.414,111.477,0.11,0.009,111.596,146.01,32689363,32657332,32469128,372752,1025056,128,132,141060,d128_20261005_102805_qemu
ESP32-S3 (QEMU emulator),240,Task-AE,128,339,35.875,122.118,0.085,0.008,122.21099999999998,158.08599999999998,32689363,32657332,32469128,372752,1025056,128,132,141060,d128_20261005_102805_qemu
ESP32-S3 (QEMU emulator),240,Task-AE,128,340,28.449,107.258,0.115,0.011,107.38399999999999,135.833,32689363,32657332,32469128,372752,1025056,128,132,141060,d128_20261005_102805_qemu
ESP32-S3 (QEMU emulator),240,Task-AE,128,341,35.981,113.158,0.089,0.008,113.255,149.236,32689363,32657332,32469128,372752,1025056,128,132,141060,d128_20261005_102805_qemu
ESP32-S3 (QEMU emulator),240,Task-AE,128,342,30.096,117.477,0.088,0.008,117.573,147.66899999999998,32689363,32657332,32469128,372752,1025056,128,132,141060,d128_20261005_102805_qemu
ESP32-S3 (QEMU emulator),240,Task-AE,128,343,31.285,114.417,0.086,0.008,114.511,145.796,32689363,32657332,32469128,372752,1025056,128,132,141060,d128_20261005_102805_qemu
ESP32-S3 (QEMU emulator),240,Task-AE,128,344,29.926,355.793,0.556,0.012,356.361,386.287,32689363,32657332,32469128,372752,1025056,128,132,141060,d128_20261005_102805_qemu
ESP32-S3 (QEMU emulator),240,Task-AE,128,345,44.227,127.104,0.12,0.01,127.23400000000001,171.461,32689363,32657332,32469128,372752,1025056,128,132,141060,d128_20261005_102805_qemu
ESP32-S3 (QEMU emulator),240,Task-AE,128,346,35.994,120.617,0.096,0.01,120.72300000000001,156.717,32689363,32657332,32469128,372752,1025056,128,132,141060,d128_20261005_102805_qemu
ESP32-S3 (QEMU emulator),240,Task-AE,128,347,31.642,109.68,0.113,0.008,109.801,141.443,32689363,32657332,32469128,372752,1025056,128,132,141060,d128_20261005_102805_qemu
ESP32-S3 (QEMU emulator),240,Task-AE,128,348,31.511,113.961,0.085,0.009,114.05499999999999,145.566,32689363,32657332,32469128,372752,1025056,128,132,141060,d128_20261005_102805_qemu
ESP32-S3 (QEMU emulator),240,Task-AE,128,349,32.837,110.687,0.118,0.008,110.81299999999999,143.64999999999998,32689363,32657332,32469128,372752,1025056,128,132,141060,d128_20261005_102805_qemu
ESP32-S3 (QEMU emulator),240,Task-AE,128,350,34.562,121.069,0.114,0.009,121.19200000000001,155.75400000000002,32689363,32657332,32469128,372752,1025056,128,132,141060,d128_20261005_102805_qemu
ESP32-S3 (QEMU emulator),240,Task-AE,128,351,35.05,116.626,0.087,0.009,116.72200000000001,151.772,32689363,32657332,32469128,372752,1025056,128,132,141060,d128_20261005_102805_qemu
ESP32-S3 (QEMU emulator),240,Task-AE,128,352,32.509,111.699,0.088,0.009,111.79599999999999,144.305,32689363,32657332,32469128,372752,1025056,128,132,141060,d128_20261005_102805_qemu
ESP32-S3 (QEMU emulator),240,Task-AE,128,353,30.051,113.071,0.085,0.009,113.16499999999999,143.21599999999998,32689363,32657332,32469128,372752,1025056,128,132,141060,d128_20261005_102805_qemu
ESP32-S3 (QEMU emulator),240,Task-AE,128,354,32.576,109.882,0.091,0.009,109.982,142.558,32689363,32657332,32469128,372752,1025056,128,132,141060,d128_20261005_102805_qemu
ESP32-S3 (QEMU emulator),240,Task-AE,128,355,29.203,112.007,0.087,0.008,112.102,141.305,32689363,32657332,32469128,372752,1025056,128,132,141060,d128_20261005_102805_qemu
ESP32-S3 (QEMU emulator),240,Task-AE,128,356,30.928,113.719,0.117,0.009,113.845,144.773,32689363,32657332,32469128,372752,1025056,128,132,141060,d128_20261005_102805_qemu
ESP32-S3 (QEMU emulator),240,Task-AE,128,357,31.952,110.126,0.083,0.008,110.217,142.169,32689363,32657332,32469128,372752,1025056,128,132,141060,d128_20261005_102805_qemu
ESP32-S3 (QEMU emulator),240,Task-AE,128,358,29.663,112.147,0.087,0.01,112.24400000000001,141.907,32689363,32657332,32469128,372752,1025056,128,132,141060,d128_20261005_102805_qemu
ESP32-S3 (QEMU emulator),240,Task-AE,128,359,31.782,112.009,0.086,0.008,112.103,143.885,32689363,32657332,32469128,372752,1025056,128,132,141060,d128_20261005_102805_qemu
ESP32-S3 (QEMU emulator),240,Task-AE,128,360,30.271,121.56,0.085,0.008,121.65299999999999,151.92399999999998,32689363,32657332,32469128,372752,1025056,128,132,141060,d128_20261005_102805_qemu
ESP32-S3 (QEMU emulator),240,Task-AE,128,361,30.412,110.468,0.086,0.009,110.563,140.975,32689363,32657332,32469128,372752,1025056,128,132,141060,d128_20261005_102805_qemu
ESP32-S3 (QEMU emulator),240,Task-AE,128,362,37.183,110.244,0.087,0.009,110.34,147.523,32689363,32657332,32469128,372752,1025056,128,132,141060,d128_20261005_102805_qemu
ESP32-S3 (QEMU emulator),240,Task-AE,128,363,32.957,111.689,0.089,0.009,111.78699999999999,144.744,32689363,32657332,32469128,372752,1025056,128,132,141060,d128_20261005_102805_qemu
ESP32-S3 (QEMU emulator),240,Task-AE,128,364,32.634,115.371,0.085,0.009,115.46499999999999,148.099,32689363,32657332,32469128,372752,1025056,128,132,141060,d128_20261005_102805_qemu
ESP32-S3 (QEMU emulator),240,Task-AE,128,365,29.664,110.026,0.087,0.008,110.121,139.785,32689363,32657332,32469128,372752,1025056,128,132,141060,d128_20261005_102805_qemu
ESP32-S3 (QEMU emulator),240,Task-AE,128,366,32.03,121.737,0.09,0.009,121.836,153.86599999999999,32689363,32657332,32469128,372752,1025056,128,132,141060,d128_20261005_102805_qemu
ESP32-S3 (QEMU emulator),240,Task-AE,128,367,31.419,106.944,0.087,0.009,107.04,138.459,32689363,32657332,32469128,372752,1025056,128,132,141060,d128_20261005_102805_qemu
ESP32-S3 (QEMU emulator),240,Task-AE,128,368,31.743,110.587,0.118,0.009,110.714,142.457,32689363,32657332,32469128,372752,1025056,128,132,141060,d128_20261005_102805_qemu
ESP32-S3 (QEMU emulator),240,Task-AE,128,369,38.697,115.985,0.088,0.009,116.082,154.779,32689363,32657332,32469128,372752,1025056,128,132,141060,d128_20261005_102805_qemu
ESP32-S3 (QEMU emulator),240,Task-AE,128,370,32.876,144.65,0.089,0.008,144.747,177.62300000000002,32689363,32657332,32469128,372752,1025056,128,132,141060,d128_20261005_102805_qemu
ESP32-S3 (QEMU emulator),240,Task-AE,128,371,32.256,111.712,0.089,0.009,111.81,144.066,32689363,32657332,32469128,372752,1025056,128,132,141060,d128_20261005_102805_qemu
ESP32-S3 (QEMU emulator),240,Task-AE,128,372,31.561,111.47,0.086,0.008,111.564,143.125,32689363,32657332,32469128,372752,1025056,128,132,141060,d128_20261005_102805_qemu
ESP32-S3 (QEMU emulator),240,Task-AE,128,373,29.729,118.154,0.122,0.01,118.286,148.015,32689363,32657332,32469128,372752,1025056,128,132,141060,d128_20261005_102805_qemu
ESP32-S3 (QEMU emulator),240,Task-AE,128,374,29.713,120.528,0.087,0.01,120.62500000000001,150.33800000000002,32689363,32657332,32469128,372752,1025056,128,132,141060,d128_20261005_102805_qemu
ESP32-S3 (QEMU emulator),240,Task-AE,128,375,34.24,120.804,0.116,0.011,120.931,155.171,32689363,32657332,32469128,372752,1025056,128,132,141060,d128_20261005_102805_qemu
ESP32-S3 (QEMU emulator),240,Task-AE,128,376,33.073,120.434,0.306,0.008,120.74799999999999,153.821,32689363,32657332,32469128,372752,1025056,128,132,141060,d128_20261005_102805_qemu
ESP32-S3 (QEMU emulator),240,Task-AE,128,377,36.661,140.63,0.135,0.009,140.77399999999997,177.43499999999997,32689363,32657332,32469128,372752,1025056,128,132,141060,d128_20261005_102805_qemu
ESP32-S3 (QEMU emulator),240,Task-AE,128,378,36.639,118.763,0.084,0.009,118.85600000000001,155.495,32689363,32657332,32469128,372752,1025056,128,132,141060,d128_20261005_102805_qemu
ESP32-S3 (QEMU emulator),240,Task-AE,128,379,40.341,120.58,0.084,0.008,120.672,161.013,32689363,32657332,32469128,372752,1025056,128,132,141060,d128_20261005_102805_qemu
ESP32-S3 (QEMU emulator),240,Task-AE,128,380,33.698,114.934,0.112,0.009,115.05499999999999,148.753,32689363,32657332,32469128,372752,1025056,128,132,141060,d128_20261005_102805_qemu
ESP32-S3 (QEMU emulator),240,Task-AE,128,381,30.212,135.934,0.084,0.008,136.026,166.238,32689363,32657332,32469128,372752,1025056,128,132,141060,d128_20261005_102805_qemu
ESP32-S3 (QEMU emulator),240,Task-AE,128,382,31.278,116.363,0.09,0.008,116.461,147.739,32689363,32657332,32469128,372752,1025056,128,132,141060,d128_20261005_102805_qemu
ESP32-S3 (QEMU emulator),240,Task-AE,128,383,32.602,120.282,0.084,0.009,120.375,152.977,32689363,32657332,32469128,372752,1025056,128,132,141060,d128_20261005_102805_qemu
ESP32-S3 (QEMU emulator),240,Task-AE,128,384,30.419,112.139,0.086,0.008,112.23299999999999,142.652,32689363,32657332,32469128,372752,1025056,128,132,141060,d128_20261005_102805_qemu
ESP32-S3 (QEMU emulator),240,Task-AE,128,385,33.131,119.351,0.085,0.008,119.44399999999999,152.575,32689363,32657332,32469128,372752,1025056,128,132,141060,d128_20261005_102805_qemu
ESP32-S3 (QEMU emulator),240,Task-AE,128,386,47.316,117.841,0.084,0.008,117.93299999999999,165.249,32689363,32657332,32469128,372752,1025056,128,132,141060,d128_20261005_102805_qemu
ESP32-S3 (QEMU emulator),240,Task-AE,128,387,31.776,114.183,0.089,0.008,114.28,146.056,32689363,32657332,32469128,372752,1025056,128,132,141060,d128_20261005_102805_qemu
ESP32-S3 (QEMU emulator),240,Task-AE,128,388,36.037,118.796,0.119,0.009,118.924,154.961,32689363,32657332,32469128,372752,1025056,128,132,141060,d128_20261005_102805_qemu
ESP32-S3 (QEMU emulator),240,Task-AE,128,389,37.772,117.618,0.089,0.008,117.71499999999999,155.487,32689363,32657332,32469128,372752,1025056,128,132,141060,d128_20261005_102805_qemu
ESP32-S3 (QEMU emulator),240,Task-AE,128,390,28.703,114.817,0.091,0.009,114.91699999999999,143.61999999999998,32689363,32657332,32469128,372752,1025056,128,132,141060,d128_20261005_102805_qemu
ESP32-S3 (QEMU emulator),240,Task-AE,128,391,31.556,111.235,0.087,0.009,111.331,142.887,32689363,32657332,32469128,372752,1025056,128,132,141060,d128_20261005_102805_qemu
ESP32-S3 (QEMU emulator),240,Task-AE,128,392,31.83,113.054,0.087,0.008,113.149,144.97899999999998,32689363,32657332,32469128,372752,1025056,128,132,141060,d128_20261005_102805_qemu
ESP32-S3 (QEMU emulator),240,Task-AE,128,393,32.418,111.709,0.086,0.008,111.803,144.221,32689363,32657332,32469128,372752,1025056,128,132,141060,d128_20261005_102805_qemu
ESP32-S3 (QEMU emulator),240,Task-AE,128,394,34.525,122.96,0.084,0.011,123.05499999999999,157.57999999999998,32689363,32657332,32469128,372752,1025056,128,132,141060,d128_20261005_102805_qemu
ESP32-S3 (QEMU emulator),240,Task-AE,128,395,39.024,117.073,0.093,0.009,117.175,156.199,32689363,32657332,32469128,372752,1025056,128,132,141060,d128_20261005_102805_qemu
ESP32-S3 (QEMU emulator),240,Task-AE,128,396,32.475,113.856,0.085,0.008,113.94899999999998,146.42399999999998,32689363,32657332,32469128,372752,1025056,128,132,141060,d128_20261005_102805_qemu
ESP32-S3 (QEMU emulator),240,Task-AE,128,397,32.872,114.452,0.086,0.008,114.54599999999999,147.418,32689363,32657332,32469128,372752,1025056,128,132,141060,d128_20261005_102805_qemu
ESP32-S3 (QEMU emulator),240,Task-AE,128,398,32.205,113.271,0.086,0.008,113.365,145.57,32689363,32657332,32469128,372752,1025056,128,132,141060,d128_20261005_102805_qemu
ESP32-S3 (QEMU emulator),240,Task-AE,128,399,31.404,128.46,0.084,0.009,128.553,159.957,32689363,32657332,32469128,372752,1025056,128,132,141060,d128_20261005_102805_qemu
ESP32-S3 (QEMU emulator),240,Task-AE,128,400,30.992,111.158,0.188,0.017,111.363,142.355,32689363,32657332,32469128,372752,1025056,128,132,141060,d128_20261005_102805_qemu
ESP32-S3 (QEMU emulator),240,Task-AE,128,401,30.886,110.123,0.087,0.009,110.21900000000001,141.10500000000002,32689363,32657332,32469128,372752,1025056,128,132,141060,d128_20261005_102805_qemu
ESP32-S3 (QEMU emulator),240,Task-AE,128,402,31.335,112.023,0.093,0.009,112.125,143.46,32689363,32657332,32469128,372752,1025056,128,132,141060,d128_20261005_102805_qemu
ESP32-S3 (QEMU emulator),240,Task-AE,128,403,29.606,112.416,0.086,0.009,112.511,142.117,32689363,32657332,32469128,372752,1025056,128,132,141060,d128_20261005_102805_qemu
ESP32-S3 (QEMU emulator),240,Task-AE,128,404,30.705,112.61,0.089,0.01,112.709,143.414,32689363,32657332,32469128,372752,1025056,128,132,141060,d128_20261005_102805_qemu
ESP32-S3 (QEMU emulator),240,Task-AE,128,405,33.075,115.589,0.084,0.008,115.681,148.756,32689363,32657332,32469128,372752,1025056,128,132,141060,d128_20261005_102805_qemu
ESP32-S3 (QEMU emulator),240,Task-AE,128,406,31.793,115.085,0.085,0.008,115.17799999999998,146.97099999999998,32689363,32657332,32469128,372752,1025056,128,132,141060,d128_20261005_102805_qemu
ESP32-S3 (QEMU emulator),240,Task-AE,128,407,34.561,108.813,0.471,0.011,109.295,143.856,32689363,32657332,32469128,372752,1025056,128,132,141060,d128_20261005_102805_qemu
ESP32-S3 (QEMU emulator),240,Task-AE,128,408,31.043,118.23,0.083,0.008,118.321,149.364,32689363,32657332,32469128,372752,1025056,128,132,141060,d128_20261005_102805_qemu
ESP32-S3 (QEMU emulator),240,Task-AE,128,409,33.873,127.3,0.084,0.008,127.392,161.265,32689363,32657332,32469128,372752,1025056,128,132,141060,d128_20261005_102805_qemu
ESP32-S3 (QEMU emulator),240,Task-AE,128,410,31.609,114.161,0.091,0.009,114.261,145.87,32689363,32657332,32469128,372752,1025056,128,132,141060,d128_20261005_102805_qemu
ESP32-S3 (QEMU emulator),240,Task-AE,128,411,37.024,118.499,0.094,0.009,118.60199999999999,155.62599999999998,32689363,32657332,32469128,372752,1025056,128,132,141060,d128_20261005_102805_qemu
ESP32-S3 (QEMU emulator),240,Task-AE,128,412,34.595,113.847,0.156,0.01,114.013,148.608,32689363,32657332,32469128,372752,1025056,128,132,141060,d128_20261005_102805_qemu
ESP32-S3 (QEMU emulator),240,Task-AE,128,413,36.135,116.34,0.119,0.009,116.468,152.603,32689363,32657332,32469128,372752,1025056,128,132,141060,d128_20261005_102805_qemu
ESP32-S3 (QEMU emulator),240,Task-AE,128,414,30.966,115.708,0.091,0.008,115.80699999999999,146.773,32689363,32657332,32469128,372752,1025056,128,132,141060,d128_20261005_102805_qemu
ESP32-S3 (QEMU emulator),240,Task-AE,128,415,34.453,108.475,0.087,0.009,108.571,143.024,32689363,32657332,32469128,372752,1025056,128,132,141060,d128_20261005_102805_qemu
ESP32-S3 (QEMU emulator),240,Task-AE,128,416,28.446,115.263,0.087,0.009,115.35900000000001,143.805,32689363,32657332,32469128,372752,1025056,128,132,141060,d128_20261005_102805_qemu
ESP32-S3 (QEMU emulator),240,Task-AE,128,417,31.037,116.598,0.084,0.008,116.69,147.727,32689363,32657332,32469128,372752,1025056,128,132,141060,d128_20261005_102805_qemu
ESP32-S3 (QEMU emulator),240,Task-AE,128,418,28.806,110.014,0.089,0.01,110.113,138.919,32689363,32657332,32469128,372752,1025056,128,132,141060,d128_20261005_102805_qemu
ESP32-S3 (QEMU emulator),240,Task-AE,128,419,32.201,112.207,0.115,0.009,112.33099999999999,144.53199999999998,32689363,32657332,32469128,372752,1025056,128,132,141060,d128_20261005_102805_qemu
ESP32-S3 (QEMU emulator),240,Task-AE,128,420,30.909,115.025,0.084,0.007,115.11600000000001,146.025,32689363,32657332,32469128,372752,1025056,128,132,141060,d128_20261005_102805_qemu
ESP32-S3 (QEMU emulator),240,Task-AE,128,421,29.657,116.439,0.084,0.01,116.533,146.19,32689363,32657332,32469128,372752,1025056,128,132,141060,d128_20261005_102805_qemu
ESP32-S3 (QEMU emulator),240,Task-AE,128,422,31.165,110.095,0.088,0.008,110.19099999999999,141.356,32689363,32657332,32469128,372752,1025056,128,132,141060,d128_20261005_102805_qemu
ESP32-S3 (QEMU emulator),240,Task-AE,128,423,31.182,114.391,0.113,0.011,114.515,145.697,32689363,32657332,32469128,372752,1025056,128,132,141060,d128_20261005_102805_qemu
ESP32-S3 (QEMU emulator),240,Task-AE,128,424,28.715,107.785,0.089,0.009,107.883,136.59799999999998,32689363,32657332,32469128,372752,1025056,128,132,141060,d128_20261005_102805_qemu
ESP32-S3 (QEMU emulator),240,Task-AE,128,425,34.451,114.19,0.085,0.008,114.28299999999999,148.73399999999998,32689363,32657332,32469128,372752,1025056,128,132,141060,d128_20261005_102805_qemu
ESP32-S3 (QEMU emulator),240,Task-AE,128,426,34.54,115.738,0.085,0.008,115.83099999999999,150.37099999999998,32689363,32657332,32469128,372752,1025056,128,132,141060,d128_20261005_102805_qemu
ESP32-S3 (QEMU emulator),240,Task-AE,128,427,29.865,110.639,0.089,0.008,110.73599999999999,140.601,32689363,32657332,32469128,372752,1025056,128,132,141060,d128_20261005_102805_qemu
ESP32-S3 (QEMU emulator),240,Task-AE,128,428,30.648,115.993,0.086,0.009,116.088,146.736,32689363,32657332,32469128,372752,1025056,128,132,141060,d128_20261005_102805_qemu
ESP32-S3 (QEMU emulator),240,Task-AE,128,429,31.605,115.477,0.086,0.008,115.571,147.176,32689363,32657332,32469128,372752,1025056,128,132,141060,d128_20261005_102805_qemu
ESP32-S3 (QEMU emulator),240,Task-AE,128,430,29.393,114.292,0.086,0.008,114.386,143.779,32689363,32657332,32469128,372752,1025056,128,132,141060,d128_20261005_102805_qemu
ESP32-S3 (QEMU emulator),240,Task-AE,128,431,32.108,122.784,0.123,0.01,122.91700000000002,155.025,32689363,32657332,32469128,372752,1025056,128,132,141060,d128_20261005_102805_qemu
ESP32-S3 (QEMU emulator),240,Task-AE,128,432,31.397,119.003,0.087,0.009,119.099,150.496,32689363,32657332,32469128,372752,1025056,128,132,141060,d128_20261005_102805_qemu
ESP32-S3 (QEMU emulator),240,Task-AE,128,433,33.349,126.322,0.09,0.008,126.42,159.769,32689363,32657332,32469128,372752,1025056,128,132,141060,d128_20261005_102805_qemu
ESP32-S3 (QEMU emulator),240,Task-AE,128,434,42.02,139.541,0.09,0.009,139.64,181.66,32689363,32657332,32469128,372752,1025056,128,132,141060,d128_20261005_102805_qemu
ESP32-S3 (QEMU emulator),240,Task-AE,128,435,31.753,123.927,0.084,0.009,124.02000000000001,155.77300000000002,32689363,32657332,32469128,372752,1025056,128,132,141060,d128_20261005_102805_qemu
ESP32-S3 (QEMU emulator),240,Task-AE,128,436,29.34,106.168,0.115,0.009,106.292,135.632,32689363,32657332,32469128,372752,1025056,128,132,141060,d128_20261005_102805_qemu
ESP32-S3 (QEMU emulator),240,Task-AE,128,437,31.56,107.534,0.117,0.009,107.66000000000001,139.22,32689363,32657332,32469128,372752,1025056,128,132,141060,d128_20261005_102805_qemu
ESP32-S3 (QEMU emulator),240,Task-AE,128,438,34.154,119.241,0.087,0.009,119.337,153.491,32689363,32657332,32469128,372752,1025056,128,132,141060,d128_20261005_102805_qemu
ESP32-S3 (QEMU emulator),240,Task-AE,128,439,33.822,114.862,0.084,0.008,114.954,148.776,32689363,32657332,32469128,372752,1025056,128,132,141060,d128_20261005_102805_qemu
ESP32-S3 (QEMU emulator),240,Task-AE,128,440,32.957,108.004,0.086,0.008,108.098,141.055,32689363,32657332,32469128,372752,1025056,128,132,141060,d128_20261005_102805_qemu
ESP32-S3 (QEMU emulator),240,Task-AE,128,441,29.231,115.302,0.085,0.008,115.395,144.626,32689363,32657332,32469128,372752,1025056,128,132,141060,d128_20261005_102805_qemu
ESP32-S3 (QEMU emulator),240,Task-AE,128,442,30.659,128.046,0.087,0.008,128.141,158.79999999999998,32689363,32657332,32469128,372752,1025056,128,132,141060,d128_20261005_102805_qemu
ESP32-S3 (QEMU emulator),240,Task-AE,128,443,36.997,137.738,0.085,0.007,137.83,174.827,32689363,32657332,32469128,372752,1025056,128,132,141060,d128_20261005_102805_qemu
ESP32-S3 (QEMU emulator),240,Task-AE,128,444,31.89,116.118,0.088,0.008,116.21399999999998,148.10399999999998,32689363,32657332,32469128,372752,1025056,128,132,141060,d128_20261005_102805_qemu
ESP32-S3 (QEMU emulator),240,Task-AE,128,445,30.129,121.499,0.098,0.009,121.606,151.73499999999999,32689363,32657332,32469128,372752,1025056,128,132,141060,d128_20261005_102805_qemu
ESP32-S3 (QEMU emulator),240,Task-AE,128,446,31.183,111.169,0.087,0.008,111.264,142.447,32689363,32657332,32469128,372752,1025056,128,132,141060,d128_20261005_102805_qemu
ESP32-S3 (QEMU emulator),240,Task-AE,128,447,29.107,119.039,0.125,0.01,119.174,148.281,32689363,32657332,32469128,372752,1025056,128,132,141060,d128_20261005_102805_qemu
ESP32-S3 (QEMU emulator),240,Task-AE,128,448,31.844,121.736,0.087,0.009,121.83200000000001,153.67600000000002,32689363,32657332,32469128,372752,1025056,128,132,141060,d128_20261005_102805_qemu
ESP32-S3 (QEMU emulator),240,Task-AE,128,449,34.898,114.014,0.085,0.009,114.10799999999999,149.006,32689363,32657332,32469128,372752,1025056,128,132,141060,d128_20261005_102805_qemu
ESP32-S3 (QEMU emulator),240,Task-AE,128,450,33.104,128.723,0.112,0.009,128.844,161.94799999999998,32689363,32657332,32469128,372752,1025056,128,132,141060,d128_20261005_102805_qemu
ESP32-S3 (QEMU emulator),240,Task-AE,128,451,32.057,118.905,0.088,0.008,119.00099999999999,151.058,32689363,32657332,32469128,372752,1025056,128,132,141060,d128_20261005_102805_qemu
ESP32-S3 (QEMU emulator),240,Task-AE,128,452,29.506,115.889,0.117,0.01,116.016,145.522,32689363,32657332,32469128,372752,1025056,128,132,141060,d128_20261005_102805_qemu
ESP32-S3 (QEMU emulator),240,Task-AE,128,453,31.655,115.962,0.089,0.009,116.06,147.715,32689363,32657332,32469128,372752,1025056,128,132,141060,d128_20261005_102805_qemu
ESP32-S3 (QEMU emulator),240,Task-AE,128,454,30.982,113.603,0.936,0.009,114.548,145.53,32689363,32657332,32469128,372752,1025056,128,132,141060,d128_20261005_102805_qemu
ESP32-S3 (QEMU emulator),240,Task-AE,128,455,32.78,109.735,0.086,0.009,109.83,142.61,32689363,32657332,32469128,372752,1025056,128,132,141060,d128_20261005_102805_qemu
ESP32-S3 (QEMU emulator),240,Task-AE,128,456,33.974,115.834,0.112,0.011,115.957,149.93099999999998,32689363,32657332,32469128,372752,1025056,128,132,141060,d128_20261005_102805_qemu
ESP32-S3 (QEMU emulator),240,Task-AE,128,457,31.91,109.463,0.089,0.009,109.56099999999999,141.471,32689363,32657332,32469128,372752,1025056,128,132,141060,d128_20261005_102805_qemu
ESP32-S3 (QEMU emulator),240,Task-AE,128,458,30.234,110.671,0.112,0.009,110.792,141.026,32689363,32657332,32469128,372752,1025056,128,132,141060,d128_20261005_102805_qemu
ESP32-S3 (QEMU emulator),240,Task-AE,128,459,29.556,134.021,0.09,0.008,134.119,163.675,32689363,32657332,32469128,372752,1025056,128,132,141060,d128_20261005_102805_qemu
ESP32-S3 (QEMU emulator),240,Task-AE,128,460,52.574,175.758,0.113,0.009,175.88,228.454,32689363,32657332,32469128,372752,1025056,128,132,141060,d128_20261005_102805_qemu
ESP32-S3 (QEMU emulator),240,Task-AE,128,461,43.873,170.91,0.106,0.009,171.02499999999998,214.89799999999997,32689363,32657332,32469128,372752,1025056,128,132,141060,d128_20261005_102805_qemu
ESP32-S3 (QEMU emulator),240,Task-AE,128,462,42.672,142.474,0.09,0.008,142.572,185.244,32689363,32657332,32469128,372752,1025056,128,132,141060,d128_20261005_102805_qemu
ESP32-S3 (QEMU emulator),240,Task-AE,128,463,32.448,113.742,0.087,0.009,113.83800000000001,146.286,32689363,32657332,32469128,372752,1025056,128,132,141060,d128_20261005_102805_qemu
ESP32-S3 (QEMU emulator),240,Task-AE,128,464,32.464,110.759,0.086,0.009,110.854,143.31799999999998,32689363,32657332,32469128,372752,1025056,128,132,141060,d128_20261005_102805_qemu
ESP32-S3 (QEMU emulator),240,Task-AE,128,465,29.88,124.917,0.086,0.008,125.011,154.891,32689363,32657332,32469128,372752,1025056,128,132,141060,d128_20261005_102805_qemu
ESP32-S3 (QEMU emulator),240,Task-AE,128,466,31.032,113.407,0.115,0.009,113.53099999999999,144.563,32689363,32657332,32469128,372752,1025056,128,132,141060,d128_20261005_102805_qemu
ESP32-S3 (QEMU emulator),240,Task-AE,128,467,34.512,111.471,0.124,0.011,111.606,146.118,32689363,32657332,32469128,372752,1025056,128,132,141060,d128_20261005_102805_qemu
ESP32-S3 (QEMU emulator),240,Task-AE,128,468,31.849,130.733,0.11,0.008,130.85100000000003,162.70000000000002,32689363,32657332,32469128,372752,1025056,128,132,141060,d128_20261005_102805_qemu
ESP32-S3 (QEMU emulator),240,Task-AE,128,469,36.443,116.622,0.087,0.008,116.717,153.16,32689363,32657332,32469128,372752,1025056,128,132,141060,d128_20261005_102805_qemu
ESP32-S3 (QEMU emulator),240,Task-AE,128,470,31.742,116.806,0.085,0.008,116.89899999999999,148.641,32689363,32657332,32469128,372752,1025056,128,132,141060,d128_20261005_102805_qemu
ESP32-S3 (QEMU emulator),240,Task-AE,128,471,31.559,125.931,0.087,0.01,126.028,157.58700000000002,32689363,32657332,32469128,372752,1025056,128,132,141060,d128_20261005_102805_qemu
ESP32-S3 (QEMU emulator),240,Task-AE,128,472,35.899,112.883,0.121,0.011,113.01499999999999,148.914,32689363,32657332,32469128,372752,1025056,128,132,141060,d128_20261005_102805_qemu
ESP32-S3 (QEMU emulator),240,Task-AE,128,473,33.399,117.238,0.085,0.008,117.33099999999999,150.73,32689363,32657332,32469128,372752,1025056,128,132,141060,d128_20261005_102805_qemu
ESP32-S3 (QEMU emulator),240,Task-AE,128,474,29.111,111.811,0.086,0.009,111.906,141.017,32689363,32657332,32469128,372752,1025056,128,132,141060,d128_20261005_102805_qemu
ESP32-S3 (QEMU emulator),240,Task-AE,128,475,33.012,120.084,0.088,0.009,120.181,153.19299999999998,32689363,32657332,32469128,372752,1025056,128,132,141060,d128_20261005_102805_qemu
ESP32-S3 (QEMU emulator),240,Task-AE,128,476,32.655,112.078,0.088,0.009,112.175,144.82999999999998,32689363,32657332,32469128,372752,1025056,128,132,141060,d128_20261005_102805_qemu
ESP32-S3 (QEMU emulator),240,Task-AE,128,477,34.624,115.112,0.087,0.01,115.209,149.833,32689363,32657332,32469128,372752,1025056,128,132,141060,d128_20261005_102805_qemu
ESP32-S3 (QEMU emulator),240,Task-AE,128,478,34.549,118.953,0.084,0.008,119.045,153.594,32689363,32657332,32469128,372752,1025056,128,132,141060,d128_20261005_102805_qemu
ESP32-S3 (QEMU emulator),240,Task-AE,128,479,29.552,110.735,0.083,0.009,110.827,140.379,32689363,32657332,32469128,372752,1025056,128,132,141060,d128_20261005_102805_qemu
ESP32-S3 (QEMU emulator),240,Task-AE,128,480,37.675,132.848,0.086,0.008,132.94200000000004,170.61700000000002,32689363,32657332,32469128,372752,1025056,128,132,141060,d128_20261005_102805_qemu
ESP32-S3 (QEMU emulator),240,Task-AE,128,481,32.481,126.542,0.089,0.008,126.639,159.12,32689363,32657332,32469128,372752,1025056,128,132,141060,d128_20261005_102805_qemu
ESP32-S3 (QEMU emulator),240,Task-AE,128,482,31.755,117.552,0.089,0.009,117.65,149.405,32689363,32657332,32469128,372752,1025056,128,132,141060,d128_20261005_102805_qemu
ESP32-S3 (QEMU emulator),240,Task-AE,128,483,31.81,126.127,0.087,0.008,126.222,158.03199999999998,32689363,32657332,32469128,372752,1025056,128,132,141060,d128_20261005_102805_qemu
ESP32-S3 (QEMU emulator),240,Task-AE,128,484,31.723,109.639,0.083,0.008,109.72999999999999,141.45299999999997,32689363,32657332,32469128,372752,1025056,128,132,141060,d128_20261005_102805_qemu
ESP32-S3 (QEMU emulator),240,Task-AE,128,485,34.428,113.553,0.084,0.009,113.646,148.074,32689363,32657332,32469128,372752,1025056,128,132,141060,d128_20261005_102805_qemu
ESP32-S3 (QEMU emulator),240,Task-AE,128,486,34.198,118.073,0.086,0.009,118.16799999999999,152.36599999999999,32689363,32657332,32469128,372752,1025056,128,132,141060,d128_20261005_102805_qemu
ESP32-S3 (QEMU emulator),240,Task-AE,128,487,31.576,122.153,0.086,0.009,122.248,153.824,32689363,32657332,32469128,372752,1025056,128,132,141060,d128_20261005_102805_qemu
ESP32-S3 (QEMU emulator),240,Task-AE,128,488,28.753,110.565,0.084,0.008,110.657,139.41,32689363,32657332,32469128,372752,1025056,128,132,141060,d128_20261005_102805_qemu
ESP32-S3 (QEMU emulator),240,Task-AE,128,489,36.877,118.444,0.112,0.009,118.565,155.442,32689363,32657332,32469128,372752,1025056,128,132,141060,d128_20261005_102805_qemu
ESP32-S3 (QEMU emulator),240,Task-AE,128,490,35.908,110.909,0.085,0.009,111.003,146.911,32689363,32657332,32469128,372752,1025056,128,132,141060,d128_20261005_102805_qemu
ESP32-S3 (QEMU emulator),240,Task-AE,128,491,31.152,111.011,0.117,0.009,111.137,142.289,32689363,32657332,32469128,372752,1025056,128,132,141060,d128_20261005_102805_qemu
ESP32-S3 (QEMU emulator),240,Task-AE,128,492,33.904,111.936,0.091,0.01,112.037,145.941,32689363,32657332,32469128,372752,1025056,128,132,141060,d128_20261005_102805_qemu
ESP32-S3 (QEMU emulator),240,Task-AE,128,493,30.221,123.755,0.089,0.01,123.854,154.075,32689363,32657332,32469128,372752,1025056,128,132,141060,d128_20261005_102805_qemu
ESP32-S3 (QEMU emulator),240,Task-AE,128,494,31.08,149.434,0.086,0.008,149.52800000000002,180.608,32689363,32657332,32469128,372752,1025056,128,132,141060,d128_20261005_102805_qemu
ESP32-S3 (QEMU emulator),240,Task-AE,128,495,31.473,112.233,0.119,0.024,112.376,143.849,32689363,32657332,32469128,372752,1025056,128,132,141060,d128_20261005_102805_qemu
ESP32-S3 (QEMU emulator),240,Task-AE,128,496,32.784,120.447,0.083,0.009,120.539,153.323,32689363,32657332,32469128,372752,1025056,128,132,141060,d128_20261005_102805_qemu
ESP32-S3 (QEMU emulator),240,Task-AE,128,497,31.279,111.066,0.092,0.01,111.168,142.447,32689363,32657332,32469128,372752,1025056,128,132,141060,d128_20261005_102805_qemu
ESP32-S3 (QEMU emulator),240,Task-AE,128,498,34.03,114.026,0.086,0.008,114.11999999999999,148.14999999999998,32689363,32657332,32469128,372752,1025056,128,132,141060,d128_20261005_102805_qemu
ESP32-S3 (QEMU emulator),240,Task-AE,128,499,32.931,112.973,0.091,0.01,113.074,146.005,32689363,32657332,32469128,372752,1025056,128,132,141060,d128_20261005_102805_qemu
ESP32-S3 (QEMU emulator),240,Task-AE,128,500,39.404,113.422,0.114,0.008,113.544,152.948,32689363,32657332,32469128,372752,1025056,128,132,141060,d128_20261005_102805_qemu
ESP32-S3 (QEMU emulator),240,Task-AE,128,501,32.244,116.987,0.087,0.009,117.083,149.327,32689363,32657332,32469128,372752,1025056,128,132,141060,d128_20261005_102805_qemu
ESP32-S3 (QEMU emulator),240,Task-AE,128,502,30.723,112.254,0.084,0.008,112.346,143.06900000000002,32689363,32657332,32469128,372752,1025056,128,132,141060,d128_20261005_102805_qemu
ESP32-S3 (QEMU emulator),240,Task-AE,128,503,30.773,110.985,0.12,0.009,111.114,141.887,32689363,32657332,32469128,372752,1025056,128,132,141060,d128_20261005_102805_qemu
ESP32-S3 (QEMU emulator),240,Task-AE,128,504,29.443,111.179,0.087,0.008,111.274,140.717,32689363,32657332,32469128,372752,1025056,128,132,141060,d128_20261005_102805_qemu
ESP32-S3 (QEMU emulator),240,Task-AE,128,505,29.305,111.561,0.092,0.008,111.661,140.966,32689363,32657332,32469128,372752,1025056,128,132,141060,d128_20261005_102805_qemu
ESP32-S3 (QEMU emulator),240,Task-AE,128,506,31.339,115.194,0.087,0.008,115.289,146.628,32689363,32657332,32469128,372752,1025056,128,132,141060,d128_20261005_102805_qemu
ESP32-S3 (QEMU emulator),240,Task-AE,128,507,32.662,112.002,0.087,0.009,112.098,144.76,32689363,32657332,32469128,372752,1025056,128,132,141060,d128_20261005_102805_qemu
ESP32-S3 (QEMU emulator),240,Task-AE,128,508,31.298,112.725,0.117,0.01,112.852,144.15,32689363,32657332,32469128,372752,1025056,128,132,141060,d128_20261005_102805_qemu
ESP32-S3 (QEMU emulator),240,Task-AE,128,509,39.38,121.889,0.116,0.009,122.014,161.394,32689363,32657332,32469128,372752,1025056,128,132,141060,d128_20261005_102805_qemu
ESP32-S3 (QEMU emulator),240,Task-AE,128,510,30.392,110.359,0.087,0.009,110.455,140.847,32689363,32657332,32469128,372752,1025056,128,132,141060,d128_20261005_102805_qemu
ESP32-S3 (QEMU emulator),240,Task-AE,128,511,31.825,110.541,0.085,0.009,110.63499999999999,142.45999999999998,32689363,32657332,32469128,372752,1025056,128,132,141060,d128_20261005_102805_qemu
ESP32-S3 (QEMU emulator),240,Task-AE,128,512,31.492,109.677,0.086,0.008,109.771,141.263,32689363,32657332,32469128,372752,1025056,128,132,141060,d128_20261005_102805_qemu
ESP32-S3 (QEMU emulator),240,Task-AE,128,513,35.353,122.187,0.087,0.009,122.283,157.636,32689363,32657332,32469128,372752,1025056,128,132,141060,d128_20261005_102805_qemu
ESP32-S3 (QEMU emulator),240,Task-AE,128,514,32.737,121.443,0.117,0.01,121.57000000000001,154.30700000000002,32689363,32657332,32469128,372752,1025056,128,132,141060,d128_20261005_102805_qemu
ESP32-S3 (QEMU emulator),240,Task-AE,128,515,31.429,118.119,0.119,0.009,118.247,149.676,32689363,32657332,32469128,372752,1025056,128,132,141060,d128_20261005_102805_qemu
ESP32-S3 (QEMU emulator),240,Task-AE,128,516,30.406,136.08,0.083,0.009,136.172,166.578,32689363,32657332,32469128,372752,1025056,128,132,141060,d128_20261005_102805_qemu
ESP32-S3 (QEMU emulator),240,Task-AE,128,517,36.807,114.464,0.087,0.008,114.559,151.36599999999999,32689363,32657332,32469128,372752,1025056,128,132,141060,d128_20261005_102805_qemu
ESP32-S3 (QEMU emulator),240,Task-AE,128,518,37.926,120.311,0.087,0.008,120.406,158.332,32689363,32657332,32469128,372752,1025056,128,132,141060,d128_20261005_102805_qemu
ESP32-S3 (QEMU emulator),240,Task-AE,128,519,35.919,120.235,0.089,0.009,120.333,156.252,32689363,32657332,32469128,372752,1025056,128,132,141060,d128_20261005_102805_qemu
ESP32-S3 (QEMU emulator),240,Task-AE,128,520,30.717,115.126,0.091,0.01,115.227,145.94400000000002,32689363,32657332,32469128,372752,1025056,128,132,141060,d128_20261005_102805_qemu
ESP32-S3 (QEMU emulator),240,Task-AE,128,521,30.706,117.662,0.131,0.009,117.802,148.508,32689363,32657332,32469128,372752,1025056,128,132,141060,d128_20261005_102805_qemu
ESP32-S3 (QEMU emulator),240,Task-AE,128,522,29.494,114.227,0.111,0.009,114.34700000000001,143.841,32689363,32657332,32469128,372752,1025056,128,132,141060,d128_20261005_102805_qemu
ESP32-S3 (QEMU emulator),240,Task-AE,128,523,32.948,106.396,0.09,0.008,106.494,139.442,32689363,32657332,32469128,372752,1025056,128,132,141060,d128_20261005_102805_qemu
ESP32-S3 (QEMU emulator),240,Task-AE,128,524,30.915,106.288,0.084,0.008,106.38,137.295,32689363,32657332,32469128,372752,1025056,128,132,141060,d128_20261005_102805_qemu
ESP32-S3 (QEMU emulator),240,Task-AE,128,525,31.067,113.538,0.088,0.008,113.63399999999999,144.701,32689363,32657332,32469128,372752,1025056,128,132,141060,d128_20261005_102805_qemu
ESP32-S3 (QEMU emulator),240,Task-AE,128,526,30.273,121.018,0.087,0.008,121.113,151.386,32689363,32657332,32469128,372752,1025056,128,132,141060,d128_20261005_102805_qemu
ESP32-S3 (QEMU emulator),240,Task-AE,128,527,31.647,114.279,0.087,0.009,114.375,146.022,32689363,32657332,32469128,372752,1025056,128,132,141060,d128_20261005_102805_qemu
ESP32-S3 (QEMU emulator),240,Task-AE,128,528,29.354,114.796,0.084,0.008,114.888,144.24200000000002,32689363,32657332,32469128,372752,1025056,128,132,141060,d128_20261005_102805_qemu
ESP32-S3 (QEMU emulator),240,Task-AE,128,529,30.026,113.014,0.091,0.008,113.11299999999999,143.13899999999998,32689363,32657332,32469128,372752,1025056,128,132,141060,d128_20261005_102805_qemu
ESP32-S3 (QEMU emulator),240,Task-AE,128,530,38.692,120.254,0.085,0.009,120.348,159.04,32689363,32657332,32469128,372752,1025056,128,132,141060,d128_20261005_102805_qemu
ESP32-S3 (QEMU emulator),240,Task-AE,128,531,31.38,114.871,0.088,0.009,114.96799999999999,146.34799999999998,32689363,32657332,32469128,372752,1025056,128,132,141060,d128_20261005_102805_qemu
ESP32-S3 (QEMU emulator),240,Task-AE,128,532,35.931,113.993,0.118,0.011,114.12199999999999,150.053,32689363,32657332,32469128,372752,1025056,128,132,141060,d128_20261005_102805_qemu
ESP32-S3 (QEMU emulator),240,Task-AE,128,533,31.298,111.613,0.085,0.008,111.70599999999999,143.004,32689363,32657332,32469128,372752,1025056,128,132,141060,d128_20261005_102805_qemu
ESP32-S3 (QEMU emulator),240,Task-AE,128,534,29.689,112.36,0.117,0.009,112.486,142.175,32689363,32657332,32469128,372752,1025056,128,132,141060,d128_20261005_102805_qemu
ESP32-S3 (QEMU emulator),240,Task-AE,128,535,30.357,112.811,0.09,0.009,112.91000000000001,143.267,32689363,32657332,32469128,372752,1025056,128,132,141060,d128_20261005_102805_qemu
ESP32-S3 (QEMU emulator),240,Task-AE,128,536,30.033,121.541,0.118,0.009,121.66799999999999,151.701,32689363,32657332,32469128,372752,1025056,128,132,141060,d128_20261005_102805_qemu
ESP32-S3 (QEMU emulator),240,Task-AE,128,537,41.112,113.462,0.088,0.009,113.559,154.671,32689363,32657332,32469128,372752,1025056,128,132,141060,d128_20261005_102805_qemu
ESP32-S3 (QEMU emulator),240,Task-AE,128,538,29.427,110.262,0.086,0.008,110.356,139.783,32689363,32657332,32469128,372752,1025056,128,132,141060,d128_20261005_102805_qemu
ESP32-S3 (QEMU emulator),240,Task-AE,128,539,29.878,111.301,0.086,0.007,111.394,141.272,32689363,32657332,32469128,372752,1025056,128,132,141060,d128_20261005_102805_qemu
ESP32-S3 (QEMU emulator),240,Task-AE,128,540,30.557,115.859,0.085,0.008,115.95199999999998,146.509,32689363,32657332,32469128,372752,1025056,128,132,141060,d128_20261005_102805_qemu
ESP32-S3 (QEMU emulator),240,Task-AE,128,541,30.396,111.276,0.087,0.009,111.372,141.768,32689363,32657332,32469128,372752,1025056,128,132,141060,d128_20261005_102805_qemu
ESP32-S3 (QEMU emulator),240,Task-AE,128,542,31.664,113.321,0.084,0.008,113.413,145.077,32689363,32657332,32469128,372752,1025056,128,132,141060,d128_20261005_102805_qemu
ESP32-S3 (QEMU emulator),240,Task-AE,128,543,30.719,132.271,0.086,0.008,132.365,163.084,32689363,32657332,32469128,372752,1025056,128,132,141060,d128_20261005_102805_qemu
ESP32-S3 (QEMU emulator),240,Task-AE,128,544,137.526,118.097,0.139,0.012,118.24799999999999,255.774,32689363,32657332,32469128,372752,1025056,128,132,141060,d128_20261005_102805_qemu
ESP32-S3 (QEMU emulator),240,Task-AE,128,545,34.307,127.435,0.115,0.01,127.56,161.86700000000002,32689363,32657332,32469128,372752,1025056,128,132,141060,d128_20261005_102805_qemu
ESP32-S3 (QEMU emulator),240,Task-AE,128,546,30.72,115.251,0.086,0.009,115.346,146.066,32689363,32657332,32469128,372752,1025056,128,132,141060,d128_20261005_102805_qemu
ESP32-S3 (QEMU emulator),240,Task-AE,128,547,32.319,113.529,0.086,0.008,113.62299999999999,145.942,32689363,32657332,32469128,372752,1025056,128,132,141060,d128_20261005_102805_qemu
ESP32-S3 (QEMU emulator),240,Task-AE,128,548,29.354,107.125,0.084,0.008,107.217,136.571,32689363,32657332,32469128,372752,1025056,128,132,141060,d128_20261005_102805_qemu
ESP32-S3 (QEMU emulator),240,Task-AE,128,549,33.925,108.705,0.087,0.009,108.801,142.726,32689363,32657332,32469128,372752,1025056,128,132,141060,d128_20261005_102805_qemu
ESP32-S3 (QEMU emulator),240,Task-AE,128,550,30.3,112.011,0.091,0.01,112.112,142.412,32689363,32657332,32469128,372752,1025056,128,132,141060,d128_20261005_102805_qemu
ESP32-S3 (QEMU emulator),240,Task-AE,128,551,29.171,110.449,0.088,0.009,110.54599999999999,139.71699999999998,32689363,32657332,32469128,372752,1025056,128,132,141060,d128_20261005_102805_qemu
ESP32-S3 (QEMU emulator),240,Task-AE,128,552,31.626,120.936,0.084,0.009,121.02900000000001,152.655,32689363,32657332,32469128,372752,1025056,128,132,141060,d128_20261005_102805_qemu
ESP32-S3 (QEMU emulator),240,Task-AE,128,553,31.896,114.342,0.083,0.008,114.43299999999999,146.329,32689363,32657332,32469128,372752,1025056,128,132,141060,d128_20261005_102805_qemu
ESP32-S3 (QEMU emulator),240,Task-AE,128,554,34.801,113.429,0.087,0.01,113.52600000000001,148.327,32689363,32657332,32469128,372752,1025056,128,132,141060,d128_20261005_102805_qemu
ESP32-S3 (QEMU emulator),240,Task-AE,128,555,35.48,124.519,0.098,0.01,124.62700000000001,160.107,32689363,32657332,32469128,372752,1025056,128,132,141060,d128_20261005_102805_qemu
ESP32-S3 (QEMU emulator),240,Task-AE,128,556,31.409,113.054,0.087,0.009,113.15,144.559,32689363,32657332,32469128,372752,1025056,128,132,141060,d128_20261005_102805_qemu
ESP32-S3 (QEMU emulator),240,Task-AE,128,557,32.136,114.863,0.084,0.009,114.956,147.092,32689363,32657332,32469128,372752,1025056,128,132,141060,d128_20261005_102805_qemu
ESP32-S3 (QEMU emulator),240,Task-AE,128,558,30.207,116.626,0.12,0.011,116.757,146.964,32689363,32657332,32469128,372752,1025056,128,132,141060,d128_20261005_102805_qemu
ESP32-S3 (QEMU emulator),240,Task-AE,128,559,31.695,114.304,0.083,0.008,114.395,146.09,32689363,32657332,32469128,372752,1025056,128,132,141060,d128_20261005_102805_qemu
ESP32-S3 (QEMU emulator),240,Task-AE,128,560,29.09,112.702,0.084,0.008,112.794,141.884,32689363,32657332,32469128,372752,1025056,128,132,141060,d128_20261005_102805_qemu
ESP32-S3 (QEMU emulator),240,Task-AE,128,561,34.487,113.217,0.094,0.008,113.31899999999999,147.80599999999998,32689363,32657332,32469128,372752,1025056,128,132,141060,d128_20261005_102805_qemu
ESP32-S3 (QEMU emulator),240,Task-AE,128,562,30.326,112.713,0.087,0.01,112.81,143.136,32689363,32657332,32469128,372752,1025056,128,132,141060,d128_20261005_102805_qemu
ESP32-S3 (QEMU emulator),240,Task-AE,128,563,33.5,110.477,0.113,0.008,110.598,144.098,32689363,32657332,32469128,372752,1025056,128,132,141060,d128_20261005_102805_qemu
ESP32-S3 (QEMU emulator),240,Task-AE,128,564,31.393,113.722,0.134,0.012,113.868,145.261,32689363,32657332,32469128,372752,1025056,128,132,141060,d128_20261005_102805_qemu
ESP32-S3 (QEMU emulator),240,Task-AE,128,565,31.107,111.211,0.086,0.008,111.30499999999999,142.41199999999998,32689363,32657332,32469128,372752,1025056,128,132,141060,d128_20261005_102805_qemu
ESP32-S3 (QEMU emulator),240,Task-AE,128,566,36.222,111.779,0.088,0.008,111.87499999999999,148.09699999999998,32689363,32657332,32469128,372752,1025056,128,132,141060,d128_20261005_102805_qemu
ESP32-S3 (QEMU emulator),240,Task-AE,128,567,30.734,111.827,0.09,0.009,111.926,142.66,32689363,32657332,32469128,372752,1025056,128,132,141060,d128_20261005_102805_qemu
ESP32-S3 (QEMU emulator),240,Task-AE,128,568,33.715,127.144,0.091,0.008,127.243,160.958,32689363,32657332,32469128,372752,1025056,128,132,141060,d128_20261005_102805_qemu
ESP32-S3 (QEMU emulator),240,Task-AE,128,569,30.595,118.708,0.118,0.01,118.836,149.43099999999998,32689363,32657332,32469128,372752,1025056,128,132,141060,d128_20261005_102805_qemu
ESP32-S3 (QEMU emulator),240,Task-AE,128,570,31.268,116.002,0.118,0.009,116.12899999999999,147.397,32689363,32657332,32469128,372752,1025056,128,132,141060,d128_20261005_102805_qemu
ESP32-S3 (QEMU emulator),240,Task-AE,128,571,35.624,116.171,0.082,0.008,116.261,151.885,32689363,32657332,32469128,372752,1025056,128,132,141060,d128_20261005_102805_qemu
ESP32-S3 (QEMU emulator),240,Task-AE,128,572,36.215,118.186,0.084,0.008,118.278,154.493,32689363,32657332,32469128,372752,1025056,128,132,141060,d128_20261005_102805_qemu
ESP32-S3 (QEMU emulator),240,Task-AE,128,573,29.627,114.528,0.084,0.009,114.62100000000001,144.24800000000002,32689363,32657332,32469128,372752,1025056,128,132,141060,d128_20261005_102805_qemu
ESP32-S3 (QEMU emulator),240,Task-AE,128,574,29.483,111.928,0.085,0.008,112.02099999999999,141.504,32689363,32657332,32469128,372752,1025056,128,132,141060,d128_20261005_102805_qemu
ESP32-S3 (QEMU emulator),240,Task-AE,128,575,31.995,111.688,0.126,0.01,111.82400000000001,143.81900000000002,32689363,32657332,32469128,372752,1025056,128,132,141060,d128_20261005_102805_qemu
ESP32-S3 (QEMU emulator),240,Task-AE,128,576,29.403,119.216,0.12,0.009,119.345,148.748,32689363,32657332,32469128,372752,1025056,128,132,141060,d128_20261005_102805_qemu
ESP32-S3 (QEMU emulator),240,Task-AE,128,577,33.469,111.624,0.085,0.008,111.71699999999998,145.18599999999998,32689363,32657332,32469128,372752,1025056,128,132,141060,d128_20261005_102805_qemu
ESP32-S3 (QEMU emulator),240,Task-AE,128,578,29.087,112.019,0.12,0.01,112.14900000000002,141.23600000000002,32689363,32657332,32469128,372752,1025056,128,132,141060,d128_20261005_102805_qemu
ESP32-S3 (QEMU emulator),240,Task-AE,128,579,34.565,112.979,0.133,0.011,113.12299999999999,147.688,32689363,32657332,32469128,372752,1025056,128,132,141060,d128_20261005_102805_qemu
ESP32-S3 (QEMU emulator),240,Task-AE,128,580,35.499,113.492,0.084,0.008,113.584,149.083,32689363,32657332,32469128,372752,1025056,128,132,141060,d128_20261005_102805_qemu
ESP32-S3 (QEMU emulator),240,Task-AE,128,581,34.373,121.215,0.134,0.01,121.35900000000001,155.732,32689363,32657332,32469128,372752,1025056,128,132,141060,d128_20261005_102805_qemu
ESP32-S3 (QEMU emulator),240,Task-AE,128,582,35.249,128.53,0.086,0.009,128.625,163.874,32689363,32657332,32469128,372752,1025056,128,132,141060,d128_20261005_102805_qemu
ESP32-S3 (QEMU emulator),240,Task-AE,128,583,30.734,136.51,0.113,0.008,136.631,167.365,32689363,32657332,32469128,372752,1025056,128,132,141060,d128_20261005_102805_qemu
ESP32-S3 (QEMU emulator),240,Task-AE,128,584,31.254,109.046,0.083,0.008,109.137,140.391,32689363,32657332,32469128,372752,1025056,128,132,141060,d128_20261005_102805_qemu
ESP32-S3 (QEMU emulator),240,Task-AE,128,585,31.817,111.007,0.092,0.01,111.10900000000001,142.92600000000002,32689363,32657332,32469128,372752,1025056,128,132,141060,d128_20261005_102805_qemu
ESP32-S3 (QEMU emulator),240,Task-AE,128,586,39.364,116.767,0.148,0.01,116.925,156.289,32689363,32657332,32469128,372752,1025056,128,132,141060,d128_20261005_102805_qemu
ESP32-S3 (QEMU emulator),240,Task-AE,128,587,37.342,120.157,0.118,0.013,120.288,157.63,32689363,32657332,32469128,372752,1025056,128,132,141060,d128_20261005_102805_qemu
ESP32-S3 (QEMU emulator),240,Task-AE,128,588,32.726,116.959,0.13,0.01,117.099,149.825,32689363,32657332,32469128,372752,1025056,128,132,141060,d128_20261005_102805_qemu
ESP32-S3 (QEMU emulator),240,Task-AE,128,589,29.78,116.077,0.095,0.009,116.181,145.961,32689363,32657332,32469128,372752,1025056,128,132,141060,d128_20261005_102805_qemu
ESP32-S3 (QEMU emulator),240,Task-AE,128,590,32.215,111.053,0.088,0.008,111.14899999999999,143.36399999999998,32689363,32657332,32469128,372752,1025056,128,132,141060,d128_20261005_102805_qemu
ESP32-S3 (QEMU emulator),240,Task-AE,128,591,30.584,114.556,0.087,0.009,114.652,145.236,32689363,32657332,32469128,372752,1025056,128,132,141060,d128_20261005_102805_qemu
ESP32-S3 (QEMU emulator),240,Task-AE,128,592,35.813,114.04,0.087,0.01,114.13700000000001,149.95000000000002,32689363,32657332,32469128,372752,1025056,128,132,141060,d128_20261005_102805_qemu
ESP32-S3 (QEMU emulator),240,Task-AE,128,593,32.335,111.185,0.085,0.008,111.27799999999999,143.613,32689363,32657332,32469128,372752,1025056,128,132,141060,d128_20261005_102805_qemu
ESP32-S3 (QEMU emulator),240,Task-AE,128,594,30.704,119.125,0.089,0.009,119.223,149.927,32689363,32657332,32469128,372752,1025056,128,132,141060,d128_20261005_102805_qemu
ESP32-S3 (QEMU emulator),240,Task-AE,128,595,31.804,111.732,0.085,0.009,111.826,143.63,32689363,32657332,32469128,372752,1025056,128,132,141060,d128_20261005_102805_qemu
ESP32-S3 (QEMU emulator),240,Task-AE,128,596,31.643,111.485,0.144,0.008,111.637,143.28,32689363,32657332,32469128,372752,1025056,128,132,141060,d128_20261005_102805_qemu
ESP32-S3 (QEMU emulator),240,Task-AE,128,597,33.046,114.391,0.083,0.008,114.482,147.528,32689363,32657332,32469128,372752,1025056,128,132,141060,d128_20261005_102805_qemu
ESP32-S3 (QEMU emulator),240,Task-AE,128,598,29.585,111.462,0.085,0.008,111.55499999999999,141.14,32689363,32657332,32469128,372752,1025056,128,132,141060,d128_20261005_102805_qemu
ESP32-S3 (QEMU emulator),240,Task-AE,128,599,34.907,113.168,0.09,0.01,113.26800000000001,148.175,32689363,32657332,32469128,372752,1025056,128,132,141060,d128_20261005_102805_qemu
ESP32-S3 (QEMU emulator),240,Task-AE,128,600,30.568,111.472,0.087,0.008,111.567,142.135,32689363,32657332,32469128,372752,1025056,128,132,141060,d128_20261005_102805_qemu
ESP32-S3 (QEMU emulator),240,Task-AE,128,601,32.195,127.283,0.089,0.008,127.38,159.575,32689363,32657332,32469128,372752,1025056,128,132,141060,d128_20261005_102805_qemu
ESP32-S3 (QEMU emulator),240,Task-AE,128,602,30.337,115.437,0.087,0.008,115.532,145.869,32689363,32657332,32469128,372752,1025056,128,132,141060,d128_20261005_102805_qemu
ESP32-S3 (QEMU emulator),240,Task-AE,128,603,31.629,113.094,0.084,0.008,113.18599999999999,144.815,32689363,32657332,32469128,372752,1025056,128,132,141060,d128_20261005_102805_qemu
ESP32-S3 (QEMU emulator),240,Task-AE,128,604,31.712,106.692,0.085,0.015,106.79199999999999,138.504,32689363,32657332,32469128,372752,1025056,128,132,141060,d128_20261005_102805_qemu
ESP32-S3 (QEMU emulator),240,Task-AE,128,605,30.281,111.432,0.089,0.008,111.529,141.81,32689363,32657332,32469128,372752,1025056,128,132,141060,d128_20261005_102805_qemu
ESP32-S3 (QEMU emulator),240,Task-AE,128,606,36.978,132.442,0.086,0.007,132.53500000000003,169.51300000000003,32689363,32657332,32469128,372752,1025056,128,132,141060,d128_20261005_102805_qemu
ESP32-S3 (QEMU emulator),240,Task-AE,128,607,29.869,118.852,0.138,0.013,119.00300000000001,148.872,32689363,32657332,32469128,372752,1025056,128,132,141060,d128_20261005_102805_qemu
ESP32-S3 (QEMU emulator),240,Task-AE,128,608,29.488,116.599,0.086,0.008,116.693,146.18099999999998,32689363,32657332,32469128,372752,1025056,128,132,141060,d128_20261005_102805_qemu
ESP32-S3 (QEMU emulator),240,Task-AE,128,609,33.837,113.956,0.088,0.009,114.053,147.89,32689363,32657332,32469128,372752,1025056,128,132,141060,d128_20261005_102805_qemu
ESP32-S3 (QEMU emulator),240,Task-AE,128,610,30.909,123.222,0.083,0.008,123.31299999999999,154.22199999999998,32689363,32657332,32469128,372752,1025056,128,132,141060,d128_20261005_102805_qemu
ESP32-S3 (QEMU emulator),240,Task-AE,128,611,29.665,113.599,0.084,0.008,113.691,143.356,32689363,32657332,32469128,372752,1025056,128,132,141060,d128_20261005_102805_qemu
ESP32-S3 (QEMU emulator),240,Task-AE,128,612,30.235,119.444,0.089,0.008,119.541,149.776,32689363,32657332,32469128,372752,1025056,128,132,141060,d128_20261005_102805_qemu
ESP32-S3 (QEMU emulator),240,Task-AE,128,613,31.325,112.837,0.155,0.01,113.00200000000001,144.327,32689363,32657332,32469128,372752,1025056,128,132,141060,d128_20261005_102805_qemu
ESP32-S3 (QEMU emulator),240,Task-AE,128,614,32.378,112.7,0.09,0.01,112.80000000000001,145.178,32689363,32657332,32469128,372752,1025056,128,132,141060,d128_20261005_102805_qemu
ESP32-S3 (QEMU emulator),240,Task-AE,128,615,32.774,111.11,0.087,0.008,111.205,143.97899999999998,32689363,32657332,32469128,372752,1025056,128,132,141060,d128_20261005_102805_qemu
ESP32-S3 (QEMU emulator),240,Task-AE,128,616,31.315,114.872,0.089,0.008,114.969,146.284,32689363,32657332,32469128,372752,1025056,128,132,141060,d128_20261005_102805_qemu
ESP32-S3 (QEMU emulator),240,Task-AE,128,617,39.919,134.33,0.091,0.01,134.431,174.35000000000002,32689363,32657332,32469128,372752,1025056,128,132,141060,d128_20261005_102805_qemu
ESP32-S3 (QEMU emulator),240,Task-AE,128,618,46.251,143.416,0.125,0.011,143.552,189.803,32689363,32657332,32469128,372752,1025056,128,132,141060,d128_20261005_102805_qemu
ESP32-S3 (QEMU emulator),240,Task-AE,128,619,39.847,130.041,0.086,0.008,130.13500000000002,169.98200000000003,32689363,32657332,32469128,372752,1025056,128,132,141060,d128_20261005_102805_qemu
ESP32-S3 (QEMU emulator),240,Task-AE,128,620,32.029,118.144,0.083,0.008,118.235,150.264,32689363,32657332,32469128,372752,1025056,128,132,141060,d128_20261005_102805_qemu
ESP32-S3 (QEMU emulator),240,Task-AE,128,621,32.669,121.956,0.089,0.009,122.054,154.723,32689363,32657332,32469128,372752,1025056,128,132,141060,d128_20261005_102805_qemu
ESP32-S3 (QEMU emulator),240,Task-AE,128,622,34.986,112.781,0.085,0.008,112.874,147.85999999999999,32689363,32657332,32469128,372752,1025056,128,132,141060,d128_20261005_102805_qemu
ESP32-S3 (QEMU emulator),240,Task-AE,128,623,34.665,110.892,0.086,0.008,110.98599999999999,145.65099999999998,32689363,32657332,32469128,372752,1025056,128,132,141060,d128_20261005_102805_qemu
ESP32-S3 (QEMU emulator),240,Task-AE,128,624,29.916,113.106,0.087,0.009,113.202,143.118,32689363,32657332,32469128,372752,1025056,128,132,141060,d128_20261005_102805_qemu
ESP32-S3 (QEMU emulator),240,Task-AE,128,625,36.374,135.182,0.085,0.009,135.27599999999998,171.64999999999998,32689363,32657332,32469128,372752,1025056,128,132,141060,d128_20261005_102805_qemu
ESP32-S3 (QEMU emulator),240,Task-AE,128,626,40.667,114.426,0.083,0.008,114.517,155.184,32689363,32657332,32469128,372752,1025056,128,132,141060,d128_20261005_102805_qemu
ESP32-S3 (QEMU emulator),240,Task-AE,128,627,35.452,120.537,0.084,0.008,120.629,156.08100000000002,32689363,32657332,32469128,372752,1025056,128,132,141060,d128_20261005_102805_qemu
ESP32-S3 (QEMU emulator),240,Task-AE,128,628,43.727,123.836,0.086,0.007,123.929,167.656,32689363,32657332,32469128,372752,1025056,128,132,141060,d128_20261005_102805_qemu
ESP32-S3 (QEMU emulator),240,Task-AE,128,629,29.889,118.163,0.086,0.01,118.259,148.148,32689363,32657332,32469128,372752,1025056,128,132,141060,d128_20261005_102805_qemu
ESP32-S3 (QEMU emulator),240,Task-AE,128,630,32.188,119.758,0.085,0.009,119.85199999999999,152.04,32689363,32657332,32469128,372752,1025056,128,132,141060,d128_20261005_102805_qemu
ESP32-S3 (QEMU emulator),240,Task-AE,128,631,29.726,116.042,0.115,0.012,116.169,145.89499999999998,32689363,32657332,32469128,372752,1025056,128,132,141060,d128_20261005_102805_qemu
ESP32-S3 (QEMU emulator),240,Task-AE,128,632,37.257,119.422,0.087,0.008,119.517,156.774,32689363,32657332,32469128,372752,1025056,128,132,141060,d128_20261005_102805_qemu
ESP32-S3 (QEMU emulator),240,Task-AE,128,633,38.448,113.199,0.086,0.008,113.29299999999999,151.74099999999999,32689363,32657332,32469128,372752,1025056,128,132,141060,d128_20261005_102805_qemu
ESP32-S3 (QEMU emulator),240,Task-AE,128,634,37.405,121.3,0.086,0.009,121.395,158.8,32689363,32657332,32469128,372752,1025056,128,132,141060,d128_20261005_102805_qemu
ESP32-S3 (QEMU emulator),240,Task-AE,128,635,42.464,121.539,0.086,0.009,121.634,164.098,32689363,32657332,32469128,372752,1025056,128,132,141060,d128_20261005_102805_qemu
ESP32-S3 (QEMU emulator),240,Task-AE,128,636,43.87,112.978,0.086,0.008,113.07199999999999,156.94199999999998,32689363,32657332,32469128,372752,1025056,128,132,141060,d128_20261005_102805_qemu
ESP32-S3 (QEMU emulator),240,Task-AE,128,637,29.491,112.804,0.084,0.008,112.896,142.387,32689363,32657332,32469128,372752,1025056,128,132,141060,d128_20261005_102805_qemu
ESP32-S3 (QEMU emulator),240,Task-AE,128,638,32.517,109.889,0.085,0.008,109.98199999999999,142.499,32689363,32657332,32469128,372752,1025056,128,132,141060,d128_20261005_102805_qemu
ESP32-S3 (QEMU emulator),240,Task-AE,128,639,29.69,115.046,0.088,0.009,115.143,144.833,32689363,32657332,32469128,372752,1025056,128,132,141060,d128_20261005_102805_qemu
ESP32-S3 (QEMU emulator),240,Task-AE,128,640,31.278,112.615,0.132,0.008,112.755,144.033,32689363,32657332,32469128,372752,1025056,128,132,141060,d128_20261005_102805_qemu
ESP32-S3 (QEMU emulator),240,Task-AE,128,641,29.52,115.684,0.09,0.008,115.782,145.302,32689363,32657332,32469128,372752,1025056,128,132,141060,d128_20261005_102805_qemu
ESP32-S3 (QEMU emulator),240,Task-AE,128,642,30.685,108.841,0.088,0.008,108.93699999999998,139.62199999999999,32689363,32657332,32469128,372752,1025056,128,132,141060,d128_20261005_102805_qemu
ESP32-S3 (QEMU emulator),240,Task-AE,128,643,31.533,110.564,0.086,0.009,110.65899999999999,142.192,32689363,32657332,32469128,372752,1025056,128,132,141060,d128_20261005_102805_qemu
ESP32-S3 (QEMU emulator),240,Task-AE,128,644,34.9,110.89,0.128,0.009,111.027,145.927,32689363,32657332,32469128,372752,1025056,128,132,141060,d128_20261005_102805_qemu
ESP32-S3 (QEMU emulator),240,Task-AE,128,645,31.782,110.108,0.084,0.008,110.2,141.982,32689363,32657332,32469128,372752,1025056,128,132,141060,d128_20261005_102805_qemu
ESP32-S3 (QEMU emulator),240,Task-AE,128,646,33.358,112.189,0.117,0.01,112.316,145.674,32689363,32657332,32469128,372752,1025056,128,132,141060,d128_20261005_102805_qemu
ESP32-S3 (QEMU emulator),240,Task-AE,128,647,33.109,114.134,0.122,0.008,114.264,147.373,32689363,32657332,32469128,372752,1025056,128,132,141060,d128_20261005_102805_qemu
ESP32-S3 (QEMU emulator),240,Task-AE,128,648,32.559,115.216,0.087,0.008,115.31099999999999,147.87,32689363,32657332,32469128,372752,1025056,128,132,141060,d128_20261005_102805_qemu
ESP32-S3 (QEMU emulator),240,Task-AE,128,649,29.752,120.015,0.113,0.01,120.138,149.89000000000001,32689363,32657332,32469128,372752,1025056,128,132,141060,d128_20261005_102805_qemu
ESP32-S3 (QEMU emulator),240,Task-AE,128,650,31.22,116.482,0.087,0.008,116.577,147.797,32689363,32657332,32469128,372752,1025056,128,132,141060,d128_20261005_102805_qemu
ESP32-S3 (QEMU emulator),240,Task-AE,128,651,31.806,113.946,0.086,0.008,114.03999999999999,145.846,32689363,32657332,32469128,372752,1025056,128,132,141060,d128_20261005_102805_qemu
ESP32-S3 (QEMU emulator),240,Task-AE,128,652,34.595,122.695,0.086,0.009,122.78999999999999,157.385,32689363,32657332,32469128,372752,1025056,128,132,141060,d128_20261005_102805_qemu
ESP32-S3 (QEMU emulator),240,Task-AE,128,653,34.663,132.861,0.088,0.01,132.95899999999997,167.62199999999996,32689363,32657332,32469128,372752,1025056,128,132,141060,d128_20261005_102805_qemu
ESP32-S3 (QEMU emulator),240,Task-AE,128,654,33.765,119.746,0.297,0.009,120.05199999999999,153.817,32689363,32657332,32469128,372752,1025056,128,132,141060,d128_20261005_102805_qemu
ESP32-S3 (QEMU emulator),240,Task-AE,128,655,29.105,114.938,0.09,0.008,115.036,144.141,32689363,32657332,32469128,372752,1025056,128,132,141060,d128_20261005_102805_qemu
ESP32-S3 (QEMU emulator),240,Task-AE,128,656,30.69,112.504,0.085,0.008,112.597,143.287,32689363,32657332,32469128,372752,1025056,128,132,141060,d128_20261005_102805_qemu
ESP32-S3 (QEMU emulator),240,Task-AE,128,657,31.144,113.156,0.124,0.01,113.29,144.434,32689363,32657332,32469128,372752,1025056,128,132,141060,d128_20261005_102805_qemu
ESP32-S3 (QEMU emulator),240,Task-AE,128,658,34.692,109.715,0.095,0.009,109.819,144.511,32689363,32657332,32469128,372752,1025056,128,132,141060,d128_20261005_102805_qemu
ESP32-S3 (QEMU emulator),240,Task-AE,128,659,29.726,111.571,0.083,0.008,111.66199999999999,141.38799999999998,32689363,32657332,32469128,372752,1025056,128,132,141060,d128_20261005_102805_qemu
ESP32-S3 (QEMU emulator),240,Task-AE,128,660,32.546,112.785,0.084,0.008,112.877,145.423,32689363,32657332,32469128,372752,1025056,128,132,141060,d128_20261005_102805_qemu
ESP32-S3 (QEMU emulator),240,Task-AE,128,661,33.702,115.707,0.085,0.008,115.79999999999998,149.50199999999998,32689363,32657332,32469128,372752,1025056,128,132,141060,d128_20261005_102805_qemu
ESP32-S3 (QEMU emulator),240,Task-AE,128,662,35.92,108.15,0.087,0.009,108.24600000000001,144.166,32689363,32657332,32469128,372752,1025056,128,132,141060,d128_20261005_102805_qemu
ESP32-S3 (QEMU emulator),240,Task-AE,128,663,32.439,111.337,0.114,0.01,111.46100000000001,143.9,32689363,32657332,32469128,372752,1025056,128,132,141060,d128_20261005_102805_qemu
ESP32-S3 (QEMU emulator),240,Task-AE,128,664,31.327,116.357,0.087,0.008,116.452,147.779,32689363,32657332,32469128,372752,1025056,128,132,141060,d128_20261005_102805_qemu
ESP32-S3 (QEMU emulator),240,Task-AE,128,665,29.322,109.197,0.083,0.008,109.288,138.60999999999999,32689363,32657332,32469128,372752,1025056,128,132,141060,d128_20261005_102805_qemu
ESP32-S3 (QEMU emulator),240,Task-AE,128,666,31.935,119.075,0.085,0.008,119.16799999999999,151.10299999999998,32689363,32657332,32469128,372752,1025056,128,132,141060,d128_20261005_102805_qemu
ESP32-S3 (QEMU emulator),240,Task-AE,128,667,31.637,112.469,0.089,0.008,112.56599999999999,144.20299999999997,32689363,32657332,32469128,372752,1025056,128,132,141060,d128_20261005_102805_qemu
ESP32-S3 (QEMU emulator),240,Task-AE,128,668,37.957,114.791,0.087,0.01,114.888,152.845,32689363,32657332,32469128,372752,1025056,128,132,141060,d128_20261005_102805_qemu
ESP32-S3 (QEMU emulator),240,Task-AE,128,669,35.096,113.045,0.087,0.009,113.141,148.237,32689363,32657332,32469128,372752,1025056,128,132,141060,d128_20261005_102805_qemu
ESP32-S3 (QEMU emulator),240,Task-AE,128,670,30.997,118.221,0.087,0.01,118.31800000000001,149.315,32689363,32657332,32469128,372752,1025056,128,132,141060,d128_20261005_102805_qemu
ESP32-S3 (QEMU emulator),240,Task-AE,128,671,29.471,110.343,0.084,0.009,110.436,139.907,32689363,32657332,32469128,372752,1025056,128,132,141060,d128_20261005_102805_qemu
ESP32-S3 (QEMU emulator),240,Task-AE,128,672,29.816,114.089,0.085,0.008,114.18199999999999,143.998,32689363,32657332,32469128,372752,1025056,128,132,141060,d128_20261005_102805_qemu
ESP32-S3 (QEMU emulator),240,Task-AE,128,673,32.166,113.563,0.107,0.01,113.68,145.846,32689363,32657332,32469128,372752,1025056,128,132,141060,d128_20261005_102805_qemu
ESP32-S3 (QEMU emulator),240,Task-AE,128,674,32.746,112.809,0.122,0.01,112.941,145.687,32689363,32657332,32469128,372752,1025056,128,132,141060,d128_20261005_102805_qemu
ESP32-S3 (QEMU emulator),240,Task-AE,128,675,30.521,116.93,0.087,0.009,117.02600000000001,147.54700000000003,32689363,32657332,32469128,372752,1025056,128,132,141060,d128_20261005_102805_qemu
ESP32-S3 (QEMU emulator),240,Task-AE,128,676,31.086,113.854,0.084,0.008,113.946,145.03199999999998,32689363,32657332,32469128,372752,1025056,128,132,141060,d128_20261005_102805_qemu
ESP32-S3 (QEMU emulator),240,Task-AE,128,677,33.214,118.467,0.113,0.009,118.589,151.803,32689363,32657332,32469128,372752,1025056,128,132,141060,d128_20261005_102805_qemu
ESP32-S3 (QEMU emulator),240,Task-AE,128,678,30.04,115.039,0.087,0.009,115.135,145.175,32689363,32657332,32469128,372752,1025056,128,132,141060,d128_20261005_102805_qemu
ESP32-S3 (QEMU emulator),240,Task-AE,128,679,29.706,111.79,0.117,0.01,111.91700000000002,141.62300000000002,32689363,32657332,32469128,372752,1025056,128,132,141060,d128_20261005_102805_qemu
ESP32-S3 (QEMU emulator),240,Task-AE,128,680,33.311,113.245,0.085,0.008,113.338,146.649,32689363,32657332,32469128,372752,1025056,128,132,141060,d128_20261005_102805_qemu
ESP32-S3 (QEMU emulator),240,Task-AE,128,681,30.001,110.374,0.12,0.009,110.503,140.504,32689363,32657332,32469128,372752,1025056,128,132,141060,d128_20261005_102805_qemu
ESP32-S3 (QEMU emulator),240,Task-AE,128,682,32.108,112.911,0.083,0.008,113.002,145.10999999999999,32689363,32657332,32469128,372752,1025056,128,132,141060,d128_20261005_102805_qemu
ESP32-S3 (QEMU emulator),240,Task-AE,128,683,31.917,110.207,0.085,0.008,110.29999999999998,142.21699999999998,32689363,32657332,32469128,372752,1025056,128,132,141060,d128_20261005_102805_qemu
ESP32-S3 (QEMU emulator),240,Task-AE,128,684,37.351,117.453,0.087,0.009,117.549,154.9,32689363,32657332,32469128,372752,1025056,128,132,141060,d128_20261005_102805_qemu
ESP32-S3 (QEMU emulator),240,Task-AE,128,685,29.468,121.976,0.084,0.008,122.068,151.536,32689363,32657332,32469128,372752,1025056,128,132,141060,d128_20261005_102805_qemu
ESP32-S3 (QEMU emulator),240,Task-AE,128,686,35.341,116.086,0.087,0.008,116.181,151.522,32689363,32657332,32469128,372752,1025056,128,132,141060,d128_20261005_102805_qemu
ESP32-S3 (QEMU emulator),240,Task-AE,128,687,32.446,117.29,0.089,0.009,117.388,149.834,32689363,32657332,32469128,372752,1025056,128,132,141060,d128_20261005_102805_qemu
ESP32-S3 (QEMU emulator),240,Task-AE,128,688,33.618,116.941,0.127,0.008,117.076,150.694,32689363,32657332,32469128,372752,1025056,128,132,141060,d128_20261005_102805_qemu
ESP32-S3 (QEMU emulator),240,Task-AE,128,689,32.51,122.521,0.127,0.009,122.657,155.167,32689363,32657332,32469128,372752,1025056,128,132,141060,d128_20261005_102805_qemu
ESP32-S3 (QEMU emulator),240,Task-AE,128,690,33.503,115.338,0.117,0.009,115.464,148.96699999999998,32689363,32657332,32469128,372752,1025056,128,132,141060,d128_20261005_102805_qemu
ESP32-S3 (QEMU emulator),240,Task-AE,128,691,33.919,123.173,0.093,0.008,123.274,157.19299999999998,32689363,32657332,32469128,372752,1025056,128,132,141060,d128_20261005_102805_qemu
ESP32-S3 (QEMU emulator),240,Task-AE,128,692,32.956,135.753,0.088,0.008,135.849,168.805,32689363,32657332,32469128,372752,1025056,128,132,141060,d128_20261005_102805_qemu
ESP32-S3 (QEMU emulator),240,Task-AE,128,693,42.172,119.101,0.219,0.009,119.329,161.50099999999998,32689363,32657332,32469128,372752,1025056,128,132,141060,d128_20261005_102805_qemu
ESP32-S3 (QEMU emulator),240,Task-AE,128,694,30.813,115.512,0.088,0.008,115.60799999999999,146.421,32689363,32657332,32469128,372752,1025056,128,132,141060,d128_20261005_102805_qemu
ESP32-S3 (QEMU emulator),240,Task-AE,128,695,29.43,115.56,0.089,0.009,115.658,145.088,32689363,32657332,32469128,372752,1025056,128,132,141060,d128_20261005_102805_qemu
ESP32-S3 (QEMU emulator),240,Task-AE,128,696,35.638,110.384,0.084,0.008,110.476,146.114,32689363,32657332,32469128,372752,1025056,128,132,141060,d128_20261005_102805_qemu
ESP32-S3 (QEMU emulator),240,Task-AE,128,697,33.457,116.148,0.086,0.009,116.243,149.7,32689363,32657332,32469128,372752,1025056,128,132,141060,d128_20261005_102805_qemu
ESP32-S3 (QEMU emulator),240,Task-AE,128,698,30.683,119.191,0.086,0.009,119.286,149.969,32689363,32657332,32469128,372752,1025056,128,132,141060,d128_20261005_102805_qemu
ESP32-S3 (QEMU emulator),240,Task-AE,128,699,31.285,115.735,0.085,0.008,115.82799999999999,147.113,32689363,32657332,32469128,372752,1025056,128,132,141060,d128_20261005_102805_qemu
ESP32-S3 (QEMU emulator),240,Task-AE,128,700,30.249,111.506,0.084,0.008,111.598,141.847,32689363,32657332,32469128,372752,1025056,128,132,141060,d128_20261005_102805_qemu
ESP32-S3 (QEMU emulator),240,Task-AE,128,701,37.76,119.852,0.089,0.01,119.95100000000001,157.711,32689363,32657332,32469128,372752,1025056,128,132,141060,d128_20261005_102805_qemu
ESP32-S3 (QEMU emulator),240,Task-AE,128,702,32.601,115.148,0.087,0.008,115.243,147.844,32689363,32657332,32469128,372752,1025056,128,132,141060,d128_20261005_102805_qemu
ESP32-S3 (QEMU emulator),240,Task-AE,128,703,29.793,116.281,0.086,0.008,116.375,146.168,32689363,32657332,32469128,372752,1025056,128,132,141060,d128_20261005_102805_qemu
ESP32-S3 (QEMU emulator),240,Task-AE,128,704,30.114,126.202,0.165,0.01,126.37700000000001,156.491,32689363,32657332,32469128,372752,1025056,128,132,141060,d128_20261005_102805_qemu
ESP32-S3 (QEMU emulator),240,Task-AE,128,705,30.341,122.685,0.113,0.011,122.809,153.15,32689363,32657332,32469128,372752,1025056,128,132,141060,d128_20261005_102805_qemu
ESP32-S3 (QEMU emulator),240,Task-AE,128,706,33.703,110.251,0.085,0.009,110.345,144.048,32689363,32657332,32469128,372752,1025056,128,132,141060,d128_20261005_102805_qemu
ESP32-S3 (QEMU emulator),240,Task-AE,128,707,33.361,110.965,0.144,0.009,111.11800000000001,144.479,32689363,32657332,32469128,372752,1025056,128,132,141060,d128_20261005_102805_qemu
ESP32-S3 (QEMU emulator),240,Task-AE,128,708,29.701,108.338,0.087,0.008,108.43299999999999,138.134,32689363,32657332,32469128,372752,1025056,128,132,141060,d128_20261005_102805_qemu
ESP32-S3 (QEMU emulator),240,Task-AE,128,709,32.811,109.495,0.088,0.008,109.591,142.402,32689363,32657332,32469128,372752,1025056,128,132,141060,d128_20261005_102805_qemu
ESP32-S3 (QEMU emulator),240,Task-AE,128,710,31.931,113.533,0.085,0.008,113.62599999999999,145.557,32689363,32657332,32469128,372752,1025056,128,132,141060,d128_20261005_102805_qemu
ESP32-S3 (QEMU emulator),240,Task-AE,128,711,30.565,120.914,0.091,0.009,121.014,151.579,32689363,32657332,32469128,372752,1025056,128,132,141060,d128_20261005_102805_qemu
ESP32-S3 (QEMU emulator),240,Task-AE,128,712,33.098,114.923,0.11,0.01,115.043,148.14100000000002,32689363,32657332,32469128,372752,1025056,128,132,141060,d128_20261005_102805_qemu
ESP32-S3 (QEMU emulator),240,Task-AE,128,713,34.231,114.294,0.484,0.013,114.791,149.022,32689363,32657332,32469128,372752,1025056,128,132,141060,d128_20261005_102805_qemu
ESP32-S3 (QEMU emulator),240,Task-AE,128,714,32.248,116.868,0.114,0.009,116.991,149.239,32689363,32657332,32469128,372752,1025056,128,132,141060,d128_20261005_102805_qemu
ESP32-S3 (QEMU emulator),240,Task-AE,128,715,31.713,118.642,0.118,0.009,118.76899999999999,150.482,32689363,32657332,32469128,372752,1025056,128,132,141060,d128_20261005_102805_qemu
ESP32-S3 (QEMU emulator),240,Task-AE,128,716,29.774,114.444,0.096,0.01,114.55000000000001,144.324,32689363,32657332,32469128,372752,1025056,128,132,141060,d128_20261005_102805_qemu
ESP32-S3 (QEMU emulator),240,Task-AE,128,717,36.458,125.92,0.087,0.009,126.016,162.474,32689363,32657332,32469128,372752,1025056,128,132,141060,d128_20261005_102805_qemu
ESP32-S3 (QEMU emulator),240,Task-AE,128,718,34.074,113.996,0.082,0.008,114.08599999999998,148.15999999999997,32689363,32657332,32469128,372752,1025056,128,132,141060,d128_20261005_102805_qemu
ESP32-S3 (QEMU emulator),240,Task-AE,128,719,40.748,118.993,0.087,0.009,119.089,159.837,32689363,32657332,32469128,372752,1025056,128,132,141060,d128_20261005_102805_qemu
ESP32-S3 (QEMU emulator),240,Task-AE,128,720,34.879,112.491,0.085,0.009,112.585,147.464,32689363,32657332,32469128,372752,1025056,128,132,141060,d128_20261005_102805_qemu
ESP32-S3 (QEMU emulator),240,Task-AE,128,721,29.994,119.284,0.085,0.008,119.377,149.37099999999998,32689363,32657332,32469128,372752,1025056,128,132,141060,d128_20261005_102805_qemu
ESP32-S3 (QEMU emulator),240,Task-AE,128,722,29.486,116.788,0.084,0.009,116.881,146.367,32689363,32657332,32469128,372752,1025056,128,132,141060,d128_20261005_102805_qemu
ESP32-S3 (QEMU emulator),240,Task-AE,128,723,39.905,168.704,0.115,0.009,168.828,208.733,32689363,32657332,32469128,372752,1025056,128,132,141060,d128_20261005_102805_qemu
ESP32-S3 (QEMU emulator),240,Task-AE,128,724,46.441,122.395,0.133,0.011,122.53899999999999,168.98,32689363,32657332,32469128,372752,1025056,128,132,141060,d128_20261005_102805_qemu
ESP32-S3 (QEMU emulator),240,Task-AE,128,725,32.575,126.521,0.09,0.009,126.62,159.195,32689363,32657332,32469128,372752,1025056,128,132,141060,d128_20261005_102805_qemu
ESP32-S3 (QEMU emulator),240,Task-AE,128,726,39.483,120.88,0.088,0.009,120.97699999999999,160.45999999999998,32689363,32657332,32469128,372752,1025056,128,132,141060,d128_20261005_102805_qemu
ESP32-S3 (QEMU emulator),240,Task-AE,128,727,31.194,122.518,0.11,0.009,122.637,153.831,32689363,32657332,32469128,372752,1025056,128,132,141060,d128_20261005_102805_qemu
ESP32-S3 (QEMU emulator),240,Task-AE,128,728,34.425,119.688,0.087,0.008,119.783,154.208,32689363,32657332,32469128,372752,1025056,128,132,141060,d128_20261005_102805_qemu
ESP32-S3 (QEMU emulator),240,Task-AE,128,729,36.856,126.481,0.087,0.013,126.581,163.437,32689363,32657332,32469128,372752,1025056,128,132,141060,d128_20261005_102805_qemu
ESP32-S3 (QEMU emulator),240,Task-AE,128,730,36.492,129.383,0.11,0.01,129.50300000000001,165.995,32689363,32657332,32469128,372752,1025056,128,132,141060,d128_20261005_102805_qemu
ESP32-S3 (QEMU emulator),240,Task-AE,128,731,34.545,118.975,0.083,0.008,119.06599999999999,153.611,32689363,32657332,32469128,372752,1025056,128,132,141060,d128_20261005_102805_qemu
ESP32-S3 (QEMU emulator),240,Task-AE,128,732,29.41,114.972,0.816,0.011,115.79899999999999,145.209,32689363,32657332,32469128,372752,1025056,128,132,141060,d128_20261005_102805_qemu
ESP32-S3 (QEMU emulator),240,Task-AE,128,733,42.971,116.835,0.086,0.009,116.92999999999999,159.90099999999998,32689363,32657332,32469128,372752,1025056,128,132,141060,d128_20261005_102805_qemu
ESP32-S3 (QEMU emulator),240,Task-AE,128,734,29.281,115.829,0.088,0.008,115.92499999999998,145.206,32689363,32657332,32469128,372752,1025056,128,132,141060,d128_20261005_102805_qemu
ESP32-S3 (QEMU emulator),240,Task-AE,128,735,31.357,114.191,0.11,0.01,114.311,145.668,32689363,32657332,32469128,372752,1025056,128,132,141060,d128_20261005_102805_qemu
ESP32-S3 (QEMU emulator),240,Task-AE,128,736,32.554,109.227,0.087,0.007,109.32100000000001,141.875,32689363,32657332,32469128,372752,1025056,128,132,141060,d128_20261005_102805_qemu
ESP32-S3 (QEMU emulator),240,Task-AE,128,737,42.238,109.379,0.088,0.008,109.475,151.713,32689363,32657332,32469128,372752,1025056,128,132,141060,d128_20261005_102805_qemu
ESP32-S3 (QEMU emulator),240,Task-AE,128,738,31.288,128.004,0.084,0.009,128.09699999999998,159.385,32689363,32657332,32469128,372752,1025056,128,132,141060,d128_20261005_102805_qemu
ESP32-S3 (QEMU emulator),240,Task-AE,128,739,30.755,111.714,0.091,0.009,111.814,142.569,32689363,32657332,32469128,372752,1025056,128,132,141060,d128_20261005_102805_qemu
ESP32-S3 (QEMU emulator),240,Task-AE,128,740,31.882,115.008,0.086,0.008,115.10199999999999,146.98399999999998,32689363,32657332,32469128,372752,1025056,128,132,141060,d128_20261005_102805_qemu
ESP32-S3 (QEMU emulator),240,Task-AE,128,741,32.775,110.128,0.084,0.008,110.22,142.995,32689363,32657332,32469128,372752,1025056,128,132,141060,d128_20261005_102805_qemu
ESP32-S3 (QEMU emulator),240,Task-AE,128,742,35.791,110.823,0.086,0.008,110.91699999999999,146.70799999999997,32689363,32657332,32469128,372752,1025056,128,132,141060,d128_20261005_102805_qemu
ESP32-S3 (QEMU emulator),240,Task-AE,128,743,31.914,116.54,0.118,0.009,116.667,148.58100000000002,32689363,32657332,32469128,372752,1025056,128,132,141060,d128_20261005_102805_qemu
ESP32-S3 (QEMU emulator),240,Task-AE,128,744,32.26,111.754,0.085,0.008,111.847,144.107,32689363,32657332,32469128,372752,1025056,128,132,141060,d128_20261005_102805_qemu
ESP32-S3 (QEMU emulator),240,Task-AE,128,745,33.817,121.689,0.083,0.009,121.78099999999999,155.59799999999998,32689363,32657332,32469128,372752,1025056,128,132,141060,d128_20261005_102805_qemu
ESP32-S3 (QEMU emulator),240,Task-AE,128,746,32.097,112.375,0.086,0.008,112.469,144.566,32689363,32657332,32469128,372752,1025056,128,132,141060,d128_20261005_102805_qemu
ESP32-S3 (QEMU emulator),240,Task-AE,128,747,29.004,113.135,0.087,0.008,113.23,142.234,32689363,32657332,32469128,372752,1025056,128,132,141060,d128_20261005_102805_qemu
ESP32-S3 (QEMU emulator),240,Task-AE,128,748,30.39,132.244,0.087,0.009,132.33999999999997,162.72999999999996,32689363,32657332,32469128,372752,1025056,128,132,141060,d128_20261005_102805_qemu
ESP32-S3 (QEMU emulator),240,Task-AE,128,749,33.603,118.237,0.119,0.01,118.366,151.969,32689363,32657332,32469128,372752,1025056,128,132,141060,d128_20261005_102805_qemu
ESP32-S3 (QEMU emulator),240,Task-AE,128,750,31.908,111.975,0.083,0.008,112.06599999999999,143.974,32689363,32657332,32469128,372752,1025056,128,132,141060,d128_20261005_102805_qemu
ESP32-S3 (QEMU emulator),240,Task-AE,128,751,32.588,128.27,0.084,0.009,128.363,160.951,32689363,32657332,32469128,372752,1025056,128,132,141060,d128_20261005_102805_qemu
ESP32-S3 (QEMU emulator),240,Task-AE,128,752,30.801,115.243,0.087,0.008,115.338,146.13899999999998,32689363,32657332,32469128,372752,1025056,128,132,141060,d128_20261005_102805_qemu
ESP32-S3 (QEMU emulator),240,Task-AE,128,753,30.492,112.99,0.082,0.008,113.07999999999998,143.57199999999997,32689363,32657332,32469128,372752,1025056,128,132,141060,d128_20261005_102805_qemu
ESP32-S3 (QEMU emulator),240,Task-AE,128,754,31.122,109.951,0.086,0.008,110.04499999999999,141.16699999999997,32689363,32657332,32469128,372752,1025056,128,132,141060,d128_20261005_102805_qemu
ESP32-S3 (QEMU emulator),240,Task-AE,128,755,29.376,110.955,0.086,0.009,111.05,140.426,32689363,32657332,32469128,372752,1025056,128,132,141060,d128_20261005_102805_qemu
ESP32-S3 (QEMU emulator),240,Task-AE,128,756,30.388,106.755,0.084,0.008,106.847,137.23499999999999,32689363,32657332,32469128,372752,1025056,128,132,141060,d128_20261005_102805_qemu
ESP32-S3 (QEMU emulator),240,Task-AE,128,757,32.831,119.761,0.084,0.008,119.853,152.684,32689363,32657332,32469128,372752,1025056,128,132,141060,d128_20261005_102805_qemu
ESP32-S3 (QEMU emulator),240,Task-AE,128,758,30.261,114.241,0.086,0.01,114.337,144.598,32689363,32657332,32469128,372752,1025056,128,132,141060,d128_20261005_102805_qemu
ESP32-S3 (QEMU emulator),240,Task-AE,128,759,35.42,113.241,0.082,0.008,113.33099999999999,148.75099999999998,32689363,32657332,32469128,372752,1025056,128,132,141060,d128_20261005_102805_qemu
ESP32-S3 (QEMU emulator),240,Task-AE,128,760,35.067,116.591,0.228,0.012,116.83099999999999,151.898,32689363,32657332,32469128,372752,1025056,128,132,141060,d128_20261005_102805_qemu
ESP32-S3 (QEMU emulator),240,Task-AE,128,761,34.428,113.981,0.086,0.009,114.076,148.504,32689363,32657332,32469128,372752,1025056,128,132,141060,d128_20261005_102805_qemu
ESP32-S3 (QEMU emulator),240,Task-AE,128,762,30.542,117.226,0.087,0.009,117.322,147.864,32689363,32657332,32469128,372752,1025056,128,132,141060,d128_20261005_102805_qemu
ESP32-S3 (QEMU emulator),240,Task-AE,128,763,35.207,119.028,0.121,0.01,119.159,154.366,32689363,32657332,32469128,372752,1025056,128,132,141060,d128_20261005_102805_qemu
ESP32-S3 (QEMU emulator),240,Task-AE,128,764,35.157,127.744,0.085,0.008,127.83699999999999,162.99399999999997,32689363,32657332,32469128,372752,1025056,128,132,141060,d128_20261005_102805_qemu
ESP32-S3 (QEMU emulator),240,Task-AE,128,765,31.302,147.977,0.087,0.009,148.07299999999998,179.37499999999997,32689363,32657332,32469128,372752,1025056,128,132,141060,d128_20261005_102805_qemu
ESP32-S3 (QEMU emulator),240,Task-AE,128,766,30.626,122.809,0.087,0.009,122.905,153.531,32689363,32657332,32469128,372752,1025056,128,132,141060,d128_20261005_102805_qemu
ESP32-S3 (QEMU emulator),240,Task-AE,128,767,28.808,110.951,0.086,0.009,111.04599999999999,139.85399999999998,32689363,32657332,32469128,372752,1025056,128,132,141060,d128_20261005_102805_qemu
ESP32-S3 (QEMU emulator),240,Task-AE,128,768,32.144,112.026,0.084,0.008,112.118,144.262,32689363,32657332,32469128,372752,1025056,128,132,141060,d128_20261005_102805_qemu
ESP32-S3 (QEMU emulator),240,Task-AE,128,769,28.716,112.11,0.089,0.009,112.208,140.924,32689363,32657332,32469128,372752,1025056,128,132,141060,d128_20261005_102805_qemu
ESP32-S3 (QEMU emulator),240,Task-AE,128,770,29.797,117.465,0.115,0.009,117.589,147.386,32689363,32657332,32469128,372752,1025056,128,132,141060,d128_20261005_102805_qemu
ESP32-S3 (QEMU emulator),240,Task-AE,128,771,32.755,115.413,0.088,0.008,115.50899999999999,148.26399999999998,32689363,32657332,32469128,372752,1025056,128,132,141060,d128_20261005_102805_qemu
ESP32-S3 (QEMU emulator),240,Task-AE,128,772,36.738,111.124,0.082,0.009,111.21499999999999,147.95299999999997,32689363,32657332,32469128,372752,1025056,128,132,141060,d128_20261005_102805_qemu
ESP32-S3 (QEMU emulator),240,Task-AE,128,773,29.439,112.411,0.083,0.008,112.502,141.941,32689363,32657332,32469128,372752,1025056,128,132,141060,d128_20261005_102805_qemu
ESP32-S3 (QEMU emulator),240,Task-AE,128,774,30.884,111.239,0.085,0.009,111.333,142.21699999999998,32689363,32657332,32469128,372752,1025056,128,132,141060,d128_20261005_102805_qemu
ESP32-S3 (QEMU emulator),240,Task-AE,128,775,30.563,122.087,0.085,0.008,122.17999999999999,152.743,32689363,32657332,32469128,372752,1025056,128,132,141060,d128_20261005_102805_qemu
ESP32-S3 (QEMU emulator),240,Task-AE,128,776,29.222,117.286,0.114,0.008,117.408,146.63,32689363,32657332,32469128,372752,1025056,128,132,141060,d128_20261005_102805_qemu
ESP32-S3 (QEMU emulator),240,Task-AE,128,777,35.068,120.956,0.085,0.008,121.04899999999999,156.117,32689363,32657332,32469128,372752,1025056,128,132,141060,d128_20261005_102805_qemu
ESP32-S3 (QEMU emulator),240,Task-AE,128,778,33.803,122.582,0.09,0.008,122.67999999999999,156.483,32689363,32657332,32469128,372752,1025056,128,132,141060,d128_20261005_102805_qemu
ESP32-S3 (QEMU emulator),240,Task-AE,128,779,29.86,120.083,0.089,0.01,120.182,150.042,32689363,32657332,32469128,372752,1025056,128,132,141060,d128_20261005_102805_qemu
ESP32-S3 (QEMU emulator),240,Task-AE,128,780,29.934,107.307,0.084,0.008,107.399,137.333,32689363,32657332,32469128,372752,1025056,128,132,141060,d128_20261005_102805_qemu
ESP32-S3 (QEMU emulator),240,Task-AE,128,781,30.916,110.414,0.087,0.008,110.509,141.425,32689363,32657332,32469128,372752,1025056,128,132,141060,d128_20261005_102805_qemu
ESP32-S3 (QEMU emulator),240,Task-AE,128,782,29.841,126.359,0.134,0.01,126.503,156.344,32689363,32657332,32469128,372752,1025056,128,132,141060,d128_20261005_102805_qemu
ESP32-S3 (QEMU emulator),240,Task-AE,128,783,30.801,123.345,0.086,0.009,123.44,154.24099999999999,32689363,32657332,32469128,372752,1025056,128,132,141060,d128_20261005_102805_qemu
ESP32-S3 (QEMU emulator),240,Task-AE,128,784,29.413,120.338,0.114,0.009,120.461,149.874,32689363,32657332,32469128,372752,1025056,128,132,141060,d128_20261005_102805_qemu
ESP32-S3 (QEMU emulator),240,Task-AE,128,785,30.819,110.271,0.084,0.008,110.363,141.182,32689363,32657332,32469128,372752,1025056,128,132,141060,d128_20261005_102805_qemu
ESP32-S3 (QEMU emulator),240,Task-AE,128,786,30.94,110.988,0.083,0.007,111.078,142.018,32689363,32657332,32469128,372752,1025056,128,132,141060,d128_20261005_102805_qemu
ESP32-S3 (QEMU emulator),240,Task-AE,128,787,35.657,112.362,0.114,0.008,112.484,148.141,32689363,32657332,32469128,372752,1025056,128,132,141060,d128_20261005_102805_qemu
ESP32-S3 (QEMU emulator),240,Task-AE,128,788,32.486,114.221,0.085,0.023,114.329,146.815,32689363,32657332,32469128,372752,1025056,128,132,141060,d128_20261005_102805_qemu
ESP32-S3 (QEMU emulator),240,Task-AE,128,789,29.714,114.587,0.089,0.01,114.686,144.4,32689363,32657332,32469128,372752,1025056,128,132,141060,d128_20261005_102805_qemu
ESP32-S3 (QEMU emulator),240,Task-AE,128,790,29.312,120.113,0.084,0.008,120.205,149.517,32689363,32657332,32469128,372752,1025056,128,132,141060,d128_20261005_102805_qemu
ESP32-S3 (QEMU emulator),240,Task-AE,128,791,35.43,117.145,0.085,0.009,117.23899999999999,152.66899999999998,32689363,32657332,32469128,372752,1025056,128,132,141060,d128_20261005_102805_qemu
ESP32-S3 (QEMU emulator),240,Task-AE,128,792,29.361,108.594,0.085,0.008,108.68699999999998,138.04799999999997,32689363,32657332,32469128,372752,1025056,128,132,141060,d128_20261005_102805_qemu
ESP32-S3 (QEMU emulator),240,Task-AE,128,793,29.599,114.388,0.088,0.009,114.485,144.084,32689363,32657332,32469128,372752,1025056,128,132,141060,d128_20261005_102805_qemu
ESP32-S3 (QEMU emulator),240,Task-AE,128,794,32.595,110.835,0.088,0.009,110.93199999999999,143.527,32689363,32657332,32469128,372752,1025056,128,132,141060,d128_20261005_102805_qemu
ESP32-S3 (QEMU emulator),240,Task-AE,128,795,34.013,109.359,0.085,0.008,109.45199999999998,143.46499999999997,32689363,32657332,32469128,372752,1025056,128,132,141060,d128_20261005_102805_qemu
ESP32-S3 (QEMU emulator),240,Task-AE,128,796,29.952,108.922,0.114,0.01,109.046,138.99800000000002,32689363,32657332,32469128,372752,1025056,128,132,141060,d128_20261005_102805_qemu
ESP32-S3 (QEMU emulator),240,Task-AE,128,797,31.975,116.371,0.122,0.009,116.502,148.477,32689363,32657332,32469128,372752,1025056,128,132,141060,d128_20261005_102805_qemu
ESP32-S3 (QEMU emulator),240,Task-AE,128,798,31.657,113.29,0.084,0.008,113.382,145.03900000000002,32689363,32657332,32469128,372752,1025056,128,132,141060,d128_20261005_102805_qemu
ESP32-S3 (QEMU emulator),240,Task-AE,128,799,30.025,119.047,0.121,0.009,119.17699999999999,149.202,32689363,32657332,32469128,372752,1025056,128,132,141060,d128_20261005_102805_qemu
ESP32-S3 (QEMU emulator),240,Task-AE,128,800,29.716,114.488,0.113,0.009,114.61,144.326,32689363,32657332,32469128,372752,1025056,128,132,141060,d128_20261005_102805_qemu
ESP32-S3 (QEMU emulator),240,Task-AE,128,801,29.85,119.536,0.115,0.009,119.66,149.51,32689363,32657332,32469128,372752,1025056,128,132,141060,d128_20261005_102805_qemu
ESP32-S3 (QEMU emulator),240,Task-AE,128,802,35.317,114.458,0.083,0.008,114.54899999999999,149.86599999999999,32689363,32657332,32469128,372752,1025056,128,132,141060,d128_20261005_102805_qemu
ESP32-S3 (QEMU emulator),240,Task-AE,128,803,31.75,108.747,0.084,0.009,108.84,140.59,32689363,32657332,32469128,372752,1025056,128,132,141060,d128_20261005_102805_qemu
ESP32-S3 (QEMU emulator),240,Task-AE,128,804,34.176,111.714,0.114,0.009,111.837,146.013,32689363,32657332,32469128,372752,1025056,128,132,141060,d128_20261005_102805_qemu
ESP32-S3 (QEMU emulator),240,Task-AE,128,805,31.706,111.31,0.087,0.009,111.406,143.112,32689363,32657332,32469128,372752,1025056,128,132,141060,d128_20261005_102805_qemu
ESP32-S3 (QEMU emulator),240,Task-AE,128,806,33.701,110.095,0.087,0.008,110.19,143.891,32689363,32657332,32469128,372752,1025056,128,132,141060,d128_20261005_102805_qemu
ESP32-S3 (QEMU emulator),240,Task-AE,128,807,30.665,112.86,0.089,0.008,112.957,143.62199999999999,32689363,32657332,32469128,372752,1025056,128,132,141060,d128_20261005_102805_qemu
ESP32-S3 (QEMU emulator),240,Task-AE,128,808,31.803,113.231,0.087,0.008,113.326,145.129,32689363,32657332,32469128,372752,1025056,128,132,141060,d128_20261005_102805_qemu
ESP32-S3 (QEMU emulator),240,Task-AE,128,809,28.594,106.227,0.089,0.009,106.325,134.919,32689363,32657332,32469128,372752,1025056,128,132,141060,d128_20261005_102805_qemu
ESP32-S3 (QEMU emulator),240,Task-AE,128,810,30.87,106.9,0.103,0.011,107.014,137.884,32689363,32657332,32469128,372752,1025056,128,132,141060,d128_20261005_102805_qemu
ESP32-S3 (QEMU emulator),240,Task-AE,128,811,32.768,116.973,0.086,0.008,117.067,149.83499999999998,32689363,32657332,32469128,372752,1025056,128,132,141060,d128_20261005_102805_qemu
ESP32-S3 (QEMU emulator),240,Task-AE,128,812,34.117,109.572,0.085,0.009,109.666,143.783,32689363,32657332,32469128,372752,1025056,128,132,141060,d128_20261005_102805_qemu
ESP32-S3 (QEMU emulator),240,Task-AE,128,813,28.537,115.577,0.085,0.009,115.67099999999999,144.208,32689363,32657332,32469128,372752,1025056,128,132,141060,d128_20261005_102805_qemu
ESP32-S3 (QEMU emulator),240,Task-AE,128,814,32.515,113.362,0.084,0.008,113.454,145.969,32689363,32657332,32469128,372752,1025056,128,132,141060,d128_20261005_102805_qemu
ESP32-S3 (QEMU emulator),240,Task-AE,128,815,31.497,115.577,0.087,0.009,115.673,147.17000000000002,32689363,32657332,32469128,372752,1025056,128,132,141060,d128_20261005_102805_qemu
ESP32-S3 (QEMU emulator),240,Task-AE,128,816,31.34,112.045,0.086,0.009,112.14,143.48,32689363,32657332,32469128,372752,1025056,128,132,141060,d128_20261005_102805_qemu
ESP32-S3 (QEMU emulator),240,Task-AE,128,817,28.813,116.941,0.083,0.009,117.033,145.846,32689363,32657332,32469128,372752,1025056,128,132,141060,d128_20261005_102805_qemu
ESP32-S3 (QEMU emulator),240,Task-AE,128,818,31.714,108.607,0.133,0.009,108.749,140.463,32689363,32657332,32469128,372752,1025056,128,132,141060,d128_20261005_102805_qemu
ESP32-S3 (QEMU emulator),240,Task-AE,128,819,35.025,114.069,0.084,0.008,114.161,149.186,32689363,32657332,32469128,372752,1025056,128,132,141060,d128_20261005_102805_qemu
ESP32-S3 (QEMU emulator),240,Task-AE,128,820,31.46,118.291,0.088,0.009,118.38799999999999,149.84799999999998,32689363,32657332,32469128,372752,1025056,128,132,141060,d128_20261005_102805_qemu
ESP32-S3 (QEMU emulator),240,Task-AE,128,821,31.334,109.231,0.084,0.008,109.323,140.65699999999998,32689363,32657332,32469128,372752,1025056,128,132,141060,d128_20261005_102805_qemu
ESP32-S3 (QEMU emulator),240,Task-AE,128,822,29.706,113.323,0.12,0.01,113.453,143.159,32689363,32657332,32469128,372752,1025056,128,132,141060,d128_20261005_102805_qemu
ESP32-S3 (QEMU emulator),240,Task-AE,128,823,29.739,111.36,0.089,0.009,111.458,141.197,32689363,32657332,32469128,372752,1025056,128,132,141060,d128_20261005_102805_qemu
ESP32-S3 (QEMU emulator),240,Task-AE,128,824,29.217,121.79,0.087,0.009,121.88600000000001,151.103,32689363,32657332,32469128,372752,1025056,128,132,141060,d128_20261005_102805_qemu
ESP32-S3 (QEMU emulator),240,Task-AE,128,825,34.277,116.362,0.086,0.008,116.45599999999999,150.733,32689363,32657332,32469128,372752,1025056,128,132,141060,d128_20261005_102805_qemu
ESP32-S3 (QEMU emulator),240,Task-AE,128,826,30.285,113.538,0.087,0.008,113.633,143.918,32689363,32657332,32469128,372752,1025056,128,132,141060,d128_20261005_102805_qemu
ESP32-S3 (QEMU emulator),240,Task-AE,128,827,34.585,120.122,0.083,0.007,120.212,154.797,32689363,32657332,32469128,372752,1025056,128,132,141060,d128_20261005_102805_qemu
ESP32-S3 (QEMU emulator),240,Task-AE,128,828,32.833,118.086,0.093,0.008,118.187,151.01999999999998,32689363,32657332,32469128,372752,1025056,128,132,141060,d128_20261005_102805_qemu
ESP32-S3 (QEMU emulator),240,Task-AE,128,829,32.895,109.979,0.083,0.007,110.069,142.964,32689363,32657332,32469128,372752,1025056,128,132,141060,d128_20261005_102805_qemu
ESP32-S3 (QEMU emulator),240,Task-AE,128,830,29.382,110.48,0.086,0.009,110.575,139.957,32689363,32657332,32469128,372752,1025056,128,132,141060,d128_20261005_102805_qemu
ESP32-S3 (QEMU emulator),240,Task-AE,128,831,30.401,111.343,0.128,0.01,111.48100000000001,141.882,32689363,32657332,32469128,372752,1025056,128,132,141060,d128_20261005_102805_qemu
ESP32-S3 (QEMU emulator),240,Task-AE,128,832,30.519,120.944,0.084,0.008,121.036,151.555,32689363,32657332,32469128,372752,1025056,128,132,141060,d128_20261005_102805_qemu
ESP32-S3 (QEMU emulator),240,Task-AE,128,833,33.85,121.224,0.131,0.01,121.36500000000001,155.215,32689363,32657332,32469128,372752,1025056,128,132,141060,d128_20261005_102805_qemu
ESP32-S3 (QEMU emulator),240,Task-AE,128,834,31.767,114.633,0.115,0.009,114.75699999999999,146.524,32689363,32657332,32469128,372752,1025056,128,132,141060,d128_20261005_102805_qemu
ESP32-S3 (QEMU emulator),240,Task-AE,128,835,34.047,111.444,0.148,0.012,111.604,145.651,32689363,32657332,32469128,372752,1025056,128,132,141060,d128_20261005_102805_qemu
ESP32-S3 (QEMU emulator),240,Task-AE,128,836,30.536,117.788,0.083,0.008,117.87899999999999,148.415,32689363,32657332,32469128,372752,1025056,128,132,141060,d128_20261005_102805_qemu
ESP32-S3 (QEMU emulator),240,Task-AE,128,837,31.2,113.935,0.124,0.011,114.07,145.26999999999998,32689363,32657332,32469128,372752,1025056,128,132,141060,d128_20261005_102805_qemu
ESP32-S3 (QEMU emulator),240,Task-AE,128,838,33.312,110.768,0.085,0.008,110.86099999999999,144.173,32689363,32657332,32469128,372752,1025056,128,132,141060,d128_20261005_102805_qemu
ESP32-S3 (QEMU emulator),240,Task-AE,128,839,31.755,113.159,0.13,0.009,113.298,145.053,32689363,32657332,32469128,372752,1025056,128,132,141060,d128_20261005_102805_qemu
ESP32-S3 (QEMU emulator),240,Task-AE,128,840,35.96,107.9,0.086,0.009,107.995,143.955,32689363,32657332,32469128,372752,1025056,128,132,141060,d128_20261005_102805_qemu
ESP32-S3 (QEMU emulator),240,Task-AE,128,841,32.159,111.704,0.143,0.009,111.856,144.015,32689363,32657332,32469128,372752,1025056,128,132,141060,d128_20261005_102805_qemu
ESP32-S3 (QEMU emulator),240,Task-AE,128,842,31.723,112.707,0.115,0.01,112.832,144.555,32689363,32657332,32469128,372752,1025056,128,132,141060,d128_20261005_102805_qemu
ESP32-S3 (QEMU emulator),240,Task-AE,128,843,35.511,110.761,0.087,0.008,110.856,146.367,32689363,32657332,32469128,372752,1025056,128,132,141060,d128_20261005_102805_qemu
ESP32-S3 (QEMU emulator),240,Task-AE,128,844,29.603,109.1,0.086,0.008,109.19399999999999,138.797,32689363,32657332,32469128,372752,1025056,128,132,141060,d128_20261005_102805_qemu
ESP32-S3 (QEMU emulator),240,Task-AE,128,845,34.407,109.497,0.086,0.008,109.591,143.998,32689363,32657332,32469128,372752,1025056,128,132,141060,d128_20261005_102805_qemu
ESP32-S3 (QEMU emulator),240,Task-AE,128,846,33.118,111.08,0.085,0.008,111.17299999999999,144.291,32689363,32657332,32469128,372752,1025056,128,132,141060,d128_20261005_102805_qemu
ESP32-S3 (QEMU emulator),240,Task-AE,128,847,34.604,107.024,0.087,0.009,107.12,141.724,32689363,32657332,32469128,372752,1025056,128,132,141060,d128_20261005_102805_qemu
ESP32-S3 (QEMU emulator),240,Task-AE,128,848,32.525,109.982,0.084,0.008,110.074,142.599,32689363,32657332,32469128,372752,1025056,128,132,141060,d128_20261005_102805_qemu
ESP32-S3 (QEMU emulator),240,Task-AE,128,849,29.08,114.639,0.093,0.008,114.74,143.82,32689363,32657332,32469128,372752,1025056,128,132,141060,d128_20261005_102805_qemu
ESP32-S3 (QEMU emulator),240,Task-AE,128,850,36.759,110.335,0.084,0.007,110.426,147.185,32689363,32657332,32469128,372752,1025056,128,132,141060,d128_20261005_102805_qemu
ESP32-S3 (QEMU emulator),240,Task-AE,128,851,34.465,109.264,0.093,0.012,109.369,143.834,32689363,32657332,32469128,372752,1025056,128,132,141060,d128_20261005_102805_qemu
ESP32-S3 (QEMU emulator),240,Task-AE,128,852,32.754,112.45,0.089,0.009,112.548,145.302,32689363,32657332,32469128,372752,1025056,128,132,141060,d128_20261005_102805_qemu
ESP32-S3 (QEMU emulator),240,Task-AE,128,853,30.805,111.457,0.181,0.01,111.648,142.453,32689363,32657332,32469128,372752,1025056,128,132,141060,d128_20261005_102805_qemu
ESP32-S3 (QEMU emulator),240,Task-AE,128,854,31.157,111.569,0.085,0.008,111.66199999999999,142.819,32689363,32657332,32469128,372752,1025056,128,132,141060,d128_20261005_102805_qemu
ESP32-S3 (QEMU emulator),240,Task-AE,128,855,28.78,107.219,0.084,0.008,107.31099999999999,136.091,32689363,32657332,32469128,372752,1025056,128,132,141060,d128_20261005_102805_qemu
ESP32-S3 (QEMU emulator),240,Task-AE,128,856,29.035,110.352,0.086,0.008,110.446,139.481,32689363,32657332,32469128,372752,1025056,128,132,141060,d128_20261005_102805_qemu
ESP32-S3 (QEMU emulator),240,Task-AE,128,857,37.086,109.797,0.113,0.01,109.92,147.006,32689363,32657332,32469128,372752,1025056,128,132,141060,d128_20261005_102805_qemu
ESP32-S3 (QEMU emulator),240,Task-AE,128,858,31.022,110.459,0.084,0.009,110.552,141.574,32689363,32657332,32469128,372752,1025056,128,132,141060,d128_20261005_102805_qemu
ESP32-S3 (QEMU emulator),240,Task-AE,128,859,35.977,112.746,0.086,0.009,112.841,148.81799999999998,32689363,32657332,32469128,372752,1025056,128,132,141060,d128_20261005_102805_qemu
ESP32-S3 (QEMU emulator),240,Task-AE,128,860,35.04,108.975,0.083,0.008,109.06599999999999,144.106,32689363,32657332,32469128,372752,1025056,128,132,141060,d128_20261005_102805_qemu
ESP32-S3 (QEMU emulator),240,Task-AE,128,861,28.588,111.204,0.085,0.009,111.29799999999999,139.886,32689363,32657332,32469128,372752,1025056,128,132,141060,d128_20261005_102805_qemu
ESP32-S3 (QEMU emulator),240,Task-AE,128,862,30.514,113.883,0.089,0.008,113.97999999999999,144.494,32689363,32657332,32469128,372752,1025056,128,132,141060,d128_20261005_102805_qemu
ESP32-S3 (QEMU emulator),240,Task-AE,128,863,31.755,109.152,0.086,0.013,109.251,141.006,32689363,32657332,32469128,372752,1025056,128,132,141060,d128_20261005_102805_qemu
ESP32-S3 (QEMU emulator),240,Task-AE,128,864,29.382,117.32,0.117,0.009,117.446,146.828,32689363,32657332,32469128,372752,1025056,128,132,141060,d128_20261005_102805_qemu
ESP32-S3 (QEMU emulator),240,Task-AE,128,865,29.532,117.837,0.118,0.009,117.964,147.496,32689363,32657332,32469128,372752,1025056,128,132,141060,d128_20261005_102805_qemu
ESP32-S3 (QEMU emulator),240,Task-AE,128,866,30.713,111.233,0.141,0.011,111.385,142.098,32689363,32657332,32469128,372752,1025056,128,132,141060,d128_20261005_102805_qemu
ESP32-S3 (QEMU emulator),240,Task-AE,128,867,28.802,119.313,0.086,0.008,119.407,148.209,32689363,32657332,32469128,372752,1025056,128,132,141060,d128_20261005_102805_qemu
ESP32-S3 (QEMU emulator),240,Task-AE,128,868,31.566,112.755,0.091,0.009,112.85499999999999,144.421,32689363,32657332,32469128,372752,1025056,128,132,141060,d128_20261005_102805_qemu
ESP32-S3 (QEMU emulator),240,Task-AE,128,869,34.084,115.427,0.113,0.009,115.549,149.633,32689363,32657332,32469128,372752,1025056,128,132,141060,d128_20261005_102805_qemu
ESP32-S3 (QEMU emulator),240,Task-AE,128,870,29.83,110.539,0.085,0.008,110.63199999999999,140.462,32689363,32657332,32469128,372752,1025056,128,132,141060,d128_20261005_102805_qemu
ESP32-S3 (QEMU emulator),240,Task-AE,128,871,31.387,108.261,0.086,0.007,108.354,139.74099999999999,32689363,32657332,32469128,372752,1025056,128,132,141060,d128_20261005_102805_qemu
ESP32-S3 (QEMU emulator),240,Task-AE,128,872,30.675,113.803,0.137,0.01,113.95,144.625,32689363,32657332,32469128,372752,1025056,128,132,141060,d128_20261005_102805_qemu
ESP32-S3 (QEMU emulator),240,Task-AE,128,873,33.655,114.576,0.084,0.009,114.669,148.324,32689363,32657332,32469128,372752,1025056,128,132,141060,d128_20261005_102805_qemu
ESP32-S3 (QEMU emulator),240,Task-AE,128,874,36.238,115.475,0.09,0.009,115.574,151.812,32689363,32657332,32469128,372752,1025056,128,132,141060,d128_20261005_102805_qemu
ESP32-S3 (QEMU emulator),240,Task-AE,128,875,31.889,115.685,0.085,0.008,115.77799999999999,147.667,32689363,32657332,32469128,372752,1025056,128,132,141060,d128_20261005_102805_qemu
ESP32-S3 (QEMU emulator),240,Task-AE,128,876,34.221,110.186,0.086,0.009,110.281,144.502,32689363,32657332,32469128,372752,1025056,128,132,141060,d128_20261005_102805_qemu
ESP32-S3 (QEMU emulator),240,Task-AE,128,877,31.906,119.434,0.087,0.008,119.529,151.435,32689363,32657332,32469128,372752,1025056,128,132,141060,d128_20261005_102805_qemu
ESP32-S3 (QEMU emulator),240,Task-AE,128,878,30.663,117.566,0.085,0.008,117.65899999999999,148.322,32689363,32657332,32469128,372752,1025056,128,132,141060,d128_20261005_102805_qemu
ESP32-S3 (QEMU emulator),240,Task-AE,128,879,29.919,109.515,0.084,0.009,109.608,139.52700000000002,32689363,32657332,32469128,372752,1025056,128,132,141060,d128_20261005_102805_qemu
ESP32-S3 (QEMU emulator),240,Task-AE,128,880,30.811,106.621,0.086,0.008,106.71499999999999,137.52599999999998,32689363,32657332,32469128,372752,1025056,128,132,141060,d128_20261005_102805_qemu
ESP32-S3 (QEMU emulator),240,Task-AE,128,881,29.797,112.502,0.087,0.009,112.598,142.395,32689363,32657332,32469128,372752,1025056,128,132,141060,d128_20261005_102805_qemu
ESP32-S3 (QEMU emulator),240,Task-AE,128,882,33.209,116.009,0.086,0.008,116.103,149.312,32689363,32657332,32469128,372752,1025056,128,132,141060,d128_20261005_102805_qemu
ESP32-S3 (QEMU emulator),240,Task-AE,128,883,30.674,119.561,0.084,0.009,119.65400000000001,150.328,32689363,32657332,32469128,372752,1025056,128,132,141060,d128_20261005_102805_qemu
ESP32-S3 (QEMU emulator),240,Task-AE,128,884,32.48,116.213,0.11,0.008,116.33099999999999,148.81099999999998,32689363,32657332,32469128,372752,1025056,128,132,141060,d128_20261005_102805_qemu
ESP32-S3 (QEMU emulator),240,Task-AE,128,885,32.843,121.879,0.114,0.01,122.00300000000001,154.846,32689363,32657332,32469128,372752,1025056,128,132,141060,d128_20261005_102805_qemu
ESP32-S3 (QEMU emulator),240,Task-AE,128,886,32.178,113.758,0.084,0.008,113.85,146.028,32689363,32657332,32469128,372752,1025056,128,132,141060,d128_20261005_102805_qemu
ESP32-S3 (QEMU emulator),240,Task-AE,128,887,31.972,116.704,0.087,0.009,116.8,148.772,32689363,32657332,32469128,372752,1025056,128,132,141060,d128_20261005_102805_qemu
ESP32-S3 (QEMU emulator),240,Task-AE,128,888,30.811,108.961,0.092,0.01,109.063,139.874,32689363,32657332,32469128,372752,1025056,128,132,141060,d128_20261005_102805_qemu
ESP32-S3 (QEMU emulator),240,Task-AE,128,889,34.531,112.972,0.09,0.009,113.071,147.602,32689363,32657332,32469128,372752,1025056,128,132,141060,d128_20261005_102805_qemu
ESP32-S3 (QEMU emulator),240,Task-AE,128,890,34.068,112.257,0.089,0.009,112.355,146.423,32689363,32657332,32469128,372752,1025056,128,132,141060,d128_20261005_102805_qemu
ESP32-S3 (QEMU emulator),240,Task-AE,128,891,29.639,109.637,0.084,0.008,109.729,139.368,32689363,32657332,32469128,372752,1025056,128,132,141060,d128_20261005_102805_qemu
ESP32-S3 (QEMU emulator),240,Task-AE,128,892,29.675,113.687,0.092,0.009,113.788,143.463,32689363,32657332,32469128,372752,1025056,128,132,141060,d128_20261005_102805_qemu
ESP32-S3 (QEMU emulator),240,Task-AE,128,893,36.669,124.8,0.088,0.009,124.89699999999999,161.56599999999997,32689363,32657332,32469128,372752,1025056,128,132,141060,d128_20261005_102805_qemu
ESP32-S3 (QEMU emulator),240,Task-AE,128,894,31.549,113.872,0.086,0.007,113.965,145.514,32689363,32657332,32469128,372752,1025056,128,132,141060,d128_20261005_102805_qemu
ESP32-S3 (QEMU emulator),240,Task-AE,128,895,30.848,109.832,0.084,0.008,109.92399999999999,140.772,32689363,32657332,32469128,372752,1025056,128,132,141060,d128_20261005_102805_qemu
ESP32-S3 (QEMU emulator),240,Task-AE,128,896,29.763,114.122,0.084,0.008,114.214,143.977,32689363,32657332,32469128,372752,1025056,128,132,141060,d128_20261005_102805_qemu
ESP32-S3 (QEMU emulator),240,Task-AE,128,897,29.347,110.968,0.137,0.008,111.113,140.46,32689363,32657332,32469128,372752,1025056,128,132,141060,d128_20261005_102805_qemu
ESP32-S3 (QEMU emulator),240,Task-AE,128,898,33.944,112.004,0.086,0.008,112.098,146.042,32689363,32657332,32469128,372752,1025056,128,132,141060,d128_20261005_102805_qemu
ESP32-S3 (QEMU emulator),240,Task-AE,128,899,30.014,120.96,0.086,0.009,121.05499999999999,151.069,32689363,32657332,32469128,372752,1025056,128,132,141060,d128_20261005_102805_qemu
ESP32-S3 (QEMU emulator),240,Task-AE,128,900,35.013,122.177,0.087,0.008,122.272,157.285,32689363,32657332,32469128,372752,1025056,128,132,141060,d128_20261005_102805_qemu
ESP32-S3 (QEMU emulator),240,Task-AE,128,901,34.514,112.255,0.091,0.01,112.356,146.87,32689363,32657332,32469128,372752,1025056,128,132,141060,d128_20261005_102805_qemu
ESP32-S3 (QEMU emulator),240,Task-AE,128,902,36.161,110.897,0.088,0.009,110.994,147.155,32689363,32657332,32469128,372752,1025056,128,132,141060,d128_20261005_102805_qemu
ESP32-S3 (QEMU emulator),240,Task-AE,128,903,34.485,112.882,0.087,0.008,112.977,147.462,32689363,32657332,32469128,372752,1025056,128,132,141060,d128_20261005_102805_qemu
ESP32-S3 (QEMU emulator),240,Task-AE,128,904,37.839,115.484,0.088,0.008,115.57999999999998,153.41899999999998,32689363,32657332,32469128,372752,1025056,128,132,141060,d128_20261005_102805_qemu
ESP32-S3 (QEMU emulator),240,Task-AE,128,905,33.062,111.707,0.089,0.009,111.80499999999999,144.867,32689363,32657332,32469128,372752,1025056,128,132,141060,d128_20261005_102805_qemu
ESP32-S3 (QEMU emulator),240,Task-AE,128,906,35.899,115.595,0.086,0.009,115.69,151.589,32689363,32657332,32469128,372752,1025056,128,132,141060,d128_20261005_102805_qemu
ESP32-S3 (QEMU emulator),240,Task-AE,128,907,36.601,113.37,0.112,0.009,113.491,150.09199999999998,32689363,32657332,32469128,372752,1025056,128,132,141060,d128_20261005_102805_qemu
ESP32-S3 (QEMU emulator),240,Task-AE,128,908,34.534,112.971,0.113,0.008,113.092,147.626,32689363,32657332,32469128,372752,1025056,128,132,141060,d128_20261005_102805_qemu
ESP32-S3 (QEMU emulator),240,Task-AE,128,909,33.138,114.995,0.084,0.008,115.087,148.225,32689363,32657332,32469128,372752,1025056,128,132,141060,d128_20261005_102805_qemu
ESP32-S3 (QEMU emulator),240,Task-AE,128,910,29.037,107.899,0.085,0.008,107.99199999999999,137.029,32689363,32657332,32469128,372752,1025056,128,132,141060,d128_20261005_102805_qemu
ESP32-S3 (QEMU emulator),240,Task-AE,128,911,35.418,114.003,0.086,0.008,114.097,149.515,32689363,32657332,32469128,372752,1025056,128,132,141060,d128_20261005_102805_qemu
ESP32-S3 (QEMU emulator),240,Task-AE,128,912,30.59,117.847,0.087,0.009,117.943,148.533,32689363,32657332,32469128,372752,1025056,128,132,141060,d128_20261005_102805_qemu
ESP32-S3 (QEMU emulator),240,Task-AE,128,913,34.593,111.363,0.113,0.009,111.485,146.078,32689363,32657332,32469128,372752,1025056,128,132,141060,d128_20261005_102805_qemu
ESP32-S3 (QEMU emulator),240,Task-AE,128,914,34.985,116.397,0.088,0.008,116.493,151.478,32689363,32657332,32469128,372752,1025056,128,132,141060,d128_20261005_102805_qemu
ESP32-S3 (QEMU emulator),240,Task-AE,128,915,28.603,115.259,0.087,0.008,115.354,143.957,32689363,32657332,32469128,372752,1025056,128,132,141060,d128_20261005_102805_qemu
ESP32-S3 (QEMU emulator),240,Task-AE,128,916,32.276,110.043,0.087,0.009,110.13900000000001,142.41500000000002,32689363,32657332,32469128,372752,1025056,128,132,141060,d128_20261005_102805_qemu
ESP32-S3 (QEMU emulator),240,Task-AE,128,917,30.593,121.321,0.085,0.008,121.41399999999999,152.00699999999998,32689363,32657332,32469128,372752,1025056,128,132,141060,d128_20261005_102805_qemu
ESP32-S3 (QEMU emulator),240,Task-AE,128,918,33.199,116.521,0.083,0.008,116.612,149.81099999999998,32689363,32657332,32469128,372752,1025056,128,132,141060,d128_20261005_102805_qemu
ESP32-S3 (QEMU emulator),240,Task-AE,128,919,29.801,115.884,0.088,0.009,115.981,145.78199999999998,32689363,32657332,32469128,372752,1025056,128,132,141060,d128_20261005_102805_qemu
ESP32-S3 (QEMU emulator),240,Task-AE,128,920,32.811,111.429,0.087,0.009,111.525,144.336,32689363,32657332,32469128,372752,1025056,128,132,141060,d128_20261005_102805_qemu
ESP32-S3 (QEMU emulator),240,Task-AE,128,921,31.056,118.941,0.111,0.009,119.061,150.11700000000002,32689363,32657332,32469128,372752,1025056,128,132,141060,d128_20261005_102805_qemu
ESP32-S3 (QEMU emulator),240,Task-AE,128,922,31.802,119.687,0.087,0.009,119.783,151.585,32689363,32657332,32469128,372752,1025056,128,132,141060,d128_20261005_102805_qemu
ESP32-S3 (QEMU emulator),240,Task-AE,128,923,35.844,111.439,0.123,0.011,111.573,147.417,32689363,32657332,32469128,372752,1025056,128,132,141060,d128_20261005_102805_qemu
ESP32-S3 (QEMU emulator),240,Task-AE,128,924,34.043,116.862,0.244,0.01,117.116,151.159,32689363,32657332,32469128,372752,1025056,128,132,141060,d128_20261005_102805_qemu
ESP32-S3 (QEMU emulator),240,Task-AE,128,925,29.367,112.201,0.088,0.008,112.29699999999998,141.664,32689363,32657332,32469128,372752,1025056,128,132,141060,d128_20261005_102805_qemu
ESP32-S3 (QEMU emulator),240,Task-AE,128,926,33.996,110.849,0.089,0.009,110.947,144.943,32689363,32657332,32469128,372752,1025056,128,132,141060,d128_20261005_102805_qemu
ESP32-S3 (QEMU emulator),240,Task-AE,128,927,33.952,113.243,0.088,0.009,113.33999999999999,147.29199999999997,32689363,32657332,32469128,372752,1025056,128,132,141060,d128_20261005_102805_qemu
ESP32-S3 (QEMU emulator),240,Task-AE,128,928,36.233,108.086,0.083,0.008,108.17699999999999,144.41,32689363,32657332,32469128,372752,1025056,128,132,141060,d128_20261005_102805_qemu
ESP32-S3 (QEMU emulator),240,Task-AE,128,929,33.308,111.402,0.087,0.009,111.498,144.806,32689363,32657332,32469128,372752,1025056,128,132,141060,d128_20261005_102805_qemu
ESP32-S3 (QEMU emulator),240,Task-AE,128,930,32.55,109.285,0.116,0.009,109.41,141.95999999999998,32689363,32657332,32469128,372752,1025056,128,132,141060,d128_20261005_102805_qemu
ESP32-S3 (QEMU emulator),240,Task-AE,128,931,35.019,115.131,0.088,0.009,115.228,150.24699999999999,32689363,32657332,32469128,372752,1025056,128,132,141060,d128_20261005_102805_qemu
ESP32-S3 (QEMU emulator),240,Task-AE,128,932,33.054,107.136,0.085,0.009,107.22999999999999,140.284,32689363,32657332,32469128,372752,1025056,128,132,141060,d128_20261005_102805_qemu
ESP32-S3 (QEMU emulator),240,Task-AE,128,933,31.771,115.314,0.117,0.009,115.44,147.211,32689363,32657332,32469128,372752,1025056,128,132,141060,d128_20261005_102805_qemu
ESP32-S3 (QEMU emulator),240,Task-AE,128,934,31.568,112.504,0.085,0.008,112.597,144.165,32689363,32657332,32469128,372752,1025056,128,132,141060,d128_20261005_102805_qemu
ESP32-S3 (QEMU emulator),240,Task-AE,128,935,31.025,115.319,0.092,0.009,115.42,146.445,32689363,32657332,32469128,372752,1025056,128,132,141060,d128_20261005_102805_qemu
ESP32-S3 (QEMU emulator),240,Task-AE,128,936,34.939,111.028,0.086,0.009,111.123,146.062,32689363,32657332,32469128,372752,1025056,128,132,141060,d128_20261005_102805_qemu
ESP32-S3 (QEMU emulator),240,Task-AE,128,937,29.599,113.279,0.086,0.008,113.37299999999999,142.97199999999998,32689363,32657332,32469128,372752,1025056,128,132,141060,d128_20261005_102805_qemu
ESP32-S3 (QEMU emulator),240,Task-AE,128,938,33.304,116.775,0.083,0.008,116.866,150.17000000000002,32689363,32657332,32469128,372752,1025056,128,132,141060,d128_20261005_102805_qemu
ESP32-S3 (QEMU emulator),240,Task-AE,128,939,28.997,107.174,0.088,0.008,107.27,136.267,32689363,32657332,32469128,372752,1025056,128,132,141060,d128_20261005_102805_qemu
ESP32-S3 (QEMU emulator),240,Task-AE,128,940,32.578,113.767,0.115,0.009,113.89099999999999,146.469,32689363,32657332,32469128,372752,1025056,128,132,141060,d128_20261005_102805_qemu
ESP32-S3 (QEMU emulator),240,Task-AE,128,941,33.04,116.687,0.087,0.008,116.782,149.822,32689363,32657332,32469128,372752,1025056,128,132,141060,d128_20261005_102805_qemu
ESP32-S3 (QEMU emulator),240,Task-AE,128,942,35.075,117.308,0.102,0.009,117.41900000000001,152.49400000000003,32689363,32657332,32469128,372752,1025056,128,132,141060,d128_20261005_102805_qemu
ESP32-S3 (QEMU emulator),240,Task-AE,128,943,29.872,116.305,0.084,0.008,116.397,146.269,32689363,32657332,32469128,372752,1025056,128,132,141060,d128_20261005_102805_qemu
ESP32-S3 (QEMU emulator),240,Task-AE,128,944,30.377,108.825,0.085,0.008,108.91799999999999,139.295,32689363,32657332,32469128,372752,1025056,128,132,141060,d128_20261005_102805_qemu
ESP32-S3 (QEMU emulator),240,Task-AE,128,945,28.764,105.899,0.085,0.008,105.99199999999999,134.756,32689363,32657332,32469128,372752,1025056,128,132,141060,d128_20261005_102805_qemu
ESP32-S3 (QEMU emulator),240,Task-AE,128,946,30.147,119.455,0.085,0.008,119.54799999999999,149.695,32689363,32657332,32469128,372752,1025056,128,132,141060,d128_20261005_102805_qemu
ESP32-S3 (QEMU emulator),240,Task-AE,128,947,31.688,108.484,0.122,0.01,108.616,140.304,32689363,32657332,32469128,372752,1025056,128,132,141060,d128_20261005_102805_qemu
ESP32-S3 (QEMU emulator),240,Task-AE,128,948,37.716,110.585,0.12,0.009,110.714,148.43,32689363,32657332,32469128,372752,1025056,128,132,141060,d128_20261005_102805_qemu
ESP32-S3 (QEMU emulator),240,Task-AE,128,949,34.548,104.308,0.086,0.009,104.403,138.95100000000002,32689363,32657332,32469128,372752,1025056,128,132,141060,d128_20261005_102805_qemu
ESP32-S3 (QEMU emulator),240,Task-AE,128,950,28.949,106.03,0.086,0.008,106.124,135.073,32689363,32657332,32469128,372752,1025056,128,132,141060,d128_20261005_102805_qemu
ESP32-S3 (QEMU emulator),240,Task-AE,128,951,28.968,107.605,0.085,0.008,107.698,136.666,32689363,32657332,32469128,372752,1025056,128,132,141060,d128_20261005_102805_qemu
ESP32-S3 (QEMU emulator),240,Task-AE,128,952,29.51,113.662,0.087,0.009,113.75800000000001,143.268,32689363,32657332,32469128,372752,1025056,128,132,141060,d128_20261005_102805_qemu
ESP32-S3 (QEMU emulator),240,Task-AE,128,953,31.307,115.745,0.113,0.009,115.867,147.174,32689363,32657332,32469128,372752,1025056,128,132,141060,d128_20261005_102805_qemu
ESP32-S3 (QEMU emulator),240,Task-AE,128,954,34.579,111.329,0.084,0.008,111.42099999999999,146.0,32689363,32657332,32469128,372752,1025056,128,132,141060,d128_20261005_102805_qemu
ESP32-S3 (QEMU emulator),240,Task-AE,128,955,28.86,107.599,0.084,0.008,107.691,136.551,32689363,32657332,32469128,372752,1025056,128,132,141060,d128_20261005_102805_qemu
ESP32-S3 (QEMU emulator),240,Task-AE,128,956,31.133,106.549,0.087,0.009,106.64500000000001,137.77800000000002,32689363,32657332,32469128,372752,1025056,128,132,141060,d128_20261005_102805_qemu
ESP32-S3 (QEMU emulator),240,Task-AE,128,957,30.032,109.967,0.085,0.009,110.06099999999999,140.093,32689363,32657332,32469128,372752,1025056,128,132,141060,d128_20261005_102805_qemu
ESP32-S3 (QEMU emulator),240,Task-AE,128,958,28.476,106.957,0.089,0.009,107.05499999999999,135.531,32689363,32657332,32469128,372752,1025056,128,132,141060,d128_20261005_102805_qemu
ESP32-S3 (QEMU emulator),240,Task-AE,128,959,31.782,108.818,0.116,0.009,108.943,140.725,32689363,32657332,32469128,372752,1025056,128,132,141060,d128_20261005_102805_qemu
ESP32-S3 (QEMU emulator),240,Task-AE,128,960,29.063,110.26,0.113,0.01,110.38300000000001,139.446,32689363,32657332,32469128,372752,1025056,128,132,141060,d128_20261005_102805_qemu
ESP32-S3 (QEMU emulator),240,Task-AE,128,961,34.617,115.746,0.084,0.008,115.838,150.45499999999998,32689363,32657332,32469128,372752,1025056,128,132,141060,d128_20261005_102805_qemu
ESP32-S3 (QEMU emulator),240,Task-AE,128,962,34.579,119.88,0.123,0.011,120.014,154.593,32689363,32657332,32469128,372752,1025056,128,132,141060,d128_20261005_102805_qemu
ESP32-S3 (QEMU emulator),240,Task-AE,128,963,33.481,112.334,0.084,0.009,112.427,145.90800000000002,32689363,32657332,32469128,372752,1025056,128,132,141060,d128_20261005_102805_qemu
ESP32-S3 (QEMU emulator),240,Task-AE,128,964,31.981,109.153,0.086,0.011,109.25,141.231,32689363,32657332,32469128,372752,1025056,128,132,141060,d128_20261005_102805_qemu
ESP32-S3 (QEMU emulator),240,Task-AE,128,965,29.063,108.09,0.085,0.008,108.18299999999999,137.24599999999998,32689363,32657332,32469128,372752,1025056,128,132,141060,d128_20261005_102805_qemu
ESP32-S3 (QEMU emulator),240,Task-AE,128,966,34.471,109.713,0.087,0.008,109.80799999999999,144.279,32689363,32657332,32469128,372752,1025056,128,132,141060,d128_20261005_102805_qemu
ESP32-S3 (QEMU emulator),240,Task-AE,128,967,29.29,114.745,0.087,0.008,114.84,144.13,32689363,32657332,32469128,372752,1025056,128,132,141060,d128_20261005_102805_qemu
ESP32-S3 (QEMU emulator),240,Task-AE,128,968,30.499,118.146,0.087,0.009,118.242,148.741,32689363,32657332,32469128,372752,1025056,128,132,141060,d128_20261005_102805_qemu
ESP32-S3 (QEMU emulator),240,Task-AE,128,969,31.714,119.071,0.115,0.67,119.856,151.57,32689363,32657332,32469128,372752,1025056,128,132,141060,d128_20261005_102805_qemu
ESP32-S3 (QEMU emulator),240,Task-AE,128,970,32.693,119.586,0.088,0.009,119.68299999999999,152.37599999999998,32689363,32657332,32469128,372752,1025056,128,132,141060,d128_20261005_102805_qemu
ESP32-S3 (QEMU emulator),240,Task-AE,128,971,31.589,112.1,0.084,0.008,112.192,143.781,32689363,32657332,32469128,372752,1025056,128,132,141060,d128_20261005_102805_qemu
ESP32-S3 (QEMU emulator),240,Task-AE,128,972,29.894,115.513,0.092,0.01,115.61500000000001,145.50900000000001,32689363,32657332,32469128,372752,1025056,128,132,141060,d128_20261005_102805_qemu
ESP32-S3 (QEMU emulator),240,Task-AE,128,973,38.048,108.957,0.278,0.011,109.246,147.29399999999998,32689363,32657332,32469128,372752,1025056,128,132,141060,d128_20261005_102805_qemu
ESP32-S3 (QEMU emulator),240,Task-AE,128,974,34.84,141.083,0.116,0.01,141.209,176.049,32689363,32657332,32469128,372752,1025056,128,132,141060,d128_20261005_102805_qemu
ESP32-S3 (QEMU emulator),240,Task-AE,128,975,32.698,120.766,0.09,0.008,120.864,153.562,32689363,32657332,32469128,372752,1025056,128,132,141060,d128_20261005_102805_qemu
ESP32-S3 (QEMU emulator),240,Task-AE,128,976,30.865,114.13,0.144,0.01,114.284,145.149,32689363,32657332,32469128,372752,1025056,128,132,141060,d128_20261005_102805_qemu
ESP32-S3 (QEMU emulator),240,Task-AE,128,977,28.872,108.698,0.082,0.008,108.78799999999998,137.65999999999997,32689363,32657332,32469128,372752,1025056,128,132,141060,d128_20261005_102805_qemu
ESP32-S3 (QEMU emulator),240,Task-AE,128,978,28.479,109.28,0.084,0.008,109.372,137.851,32689363,32657332,32469128,372752,1025056,128,132,141060,d128_20261005_102805_qemu
ESP32-S3 (QEMU emulator),240,Task-AE,128,979,35.849,113.24,0.086,0.009,113.335,149.184,32689363,32657332,32469128,372752,1025056,128,132,141060,d128_20261005_102805_qemu
ESP32-S3 (QEMU emulator),240,Task-AE,128,980,35.201,122.673,0.123,0.01,122.80600000000001,158.007,32689363,32657332,32469128,372752,1025056,128,132,141060,d128_20261005_102805_qemu
ESP32-S3 (QEMU emulator),240,Task-AE,128,981,33.408,113.091,0.085,0.008,113.18399999999998,146.59199999999998,32689363,32657332,32469128,372752,1025056,128,132,141060,d128_20261005_102805_qemu
ESP32-S3 (QEMU emulator),240,Task-AE,128,982,29.226,114.346,0.086,0.009,114.441,143.667,32689363,32657332,32469128,372752,1025056,128,132,141060,d128_20261005_102805_qemu
ESP32-S3 (QEMU emulator),240,Task-AE,128,983,33.685,111.24,0.085,0.008,111.33299999999998,145.01799999999997,32689363,32657332,32469128,372752,1025056,128,132,141060,d128_20261005_102805_qemu
ESP32-S3 (QEMU emulator),240,Task-AE,128,984,33.297,114.094,0.084,0.009,114.187,147.48399999999998,32689363,32657332,32469128,372752,1025056,128,132,141060,d128_20261005_102805_qemu
ESP32-S3 (QEMU emulator),240,Task-AE,128,985,30.658,129.886,0.088,0.009,129.98299999999998,160.64099999999996,32689363,32657332,32469128,372752,1025056,128,132,141060,d128_20261005_102805_qemu
ESP32-S3 (QEMU emulator),240,Task-AE,128,986,29.859,113.625,0.083,0.008,113.716,143.575,32689363,32657332,32469128,372752,1025056,128,132,141060,d128_20261005_102805_qemu
ESP32-S3 (QEMU emulator),240,Task-AE,128,987,28.685,110.787,0.088,0.008,110.883,139.56799999999998,32689363,32657332,32469128,372752,1025056,128,132,141060,d128_20261005_102805_qemu
ESP32-S3 (QEMU emulator),240,Task-AE,128,988,31.026,128.844,0.086,0.008,128.93800000000002,159.96400000000003,32689363,32657332,32469128,372752,1025056,128,132,141060,d128_20261005_102805_qemu
ESP32-S3 (QEMU emulator),240,Task-AE,128,989,40.635,114.299,0.083,0.008,114.39,155.025,32689363,32657332,32469128,372752,1025056,128,132,141060,d128_20261005_102805_qemu
ESP32-S3 (QEMU emulator),240,Task-AE,128,990,32.067,116.42,0.085,0.008,116.51299999999999,148.57999999999998,32689363,32657332,32469128,372752,1025056,128,132,141060,d128_20261005_102805_qemu
ESP32-S3 (QEMU emulator),240,Task-AE,128,991,31.218,116.767,0.088,0.008,116.86299999999999,148.081,32689363,32657332,32469128,372752,1025056,128,132,141060,d128_20261005_102805_qemu
ESP32-S3 (QEMU emulator),240,Task-AE,128,992,36.884,135.477,0.116,0.011,135.604,172.488,32689363,32657332,32469128,372752,1025056,128,132,141060,d128_20261005_102805_qemu
ESP32-S3 (QEMU emulator),240,Task-AE,128,993,37.15,137.898,0.087,0.009,137.99399999999997,175.14399999999998,32689363,32657332,32469128,372752,1025056,128,132,141060,d128_20261005_102805_qemu
ESP32-S3 (QEMU emulator),240,Task-AE,128,994,30.908,115.987,0.117,0.009,116.113,147.02100000000002,32689363,32657332,32469128,372752,1025056,128,132,141060,d128_20261005_102805_qemu
ESP32-S3 (QEMU emulator),240,Task-AE,128,995,34.141,111.439,0.085,0.008,111.53199999999998,145.67299999999997,32689363,32657332,32469128,372752,1025056,128,132,141060,d128_20261005_102805_qemu
ESP32-S3 (QEMU emulator),240,Task-AE,128,996,30.367,110.611,0.086,0.008,110.705,141.072,32689363,32657332,32469128,372752,1025056,128,132,141060,d128_20261005_102805_qemu
ESP32-S3 (QEMU emulator),240,Task-AE,128,997,30.003,106.977,0.087,0.009,107.07300000000001,137.07600000000002,32689363,32657332,32469128,372752,1025056,128,132,141060,d128_20261005_102805_qemu
ESP32-S3 (QEMU emulator),240,Task-AE,128,998,29.468,115.088,0.086,0.009,115.18299999999999,144.65099999999998,32689363,32657332,32469128,372752,1025056,128,132,141060,d128_20261005_102805_qemu
ESP32-S3 (QEMU emulator),240,Task-AE,128,999,32.697,115.326,0.085,0.008,115.41899999999998,148.11599999999999,32689363,32657332,32469128,372752,1025056,128,132,141060,d128_20261005_102805_qemu
